parent,name,lat,lng,registration
オリジナルメーカー海づり公園,メバル,35.543184,140.059703,CHIBA_UCHIBOU
オリジナルメーカー海づり公園,メバル,35.54286,140.058941,CHIBA_UCHIBOU
オリジナルメーカー海づり公園,メバル,35.542755,140.059842,CHIBA_UCHIBOU
オリジナルメーカー海づり公園,メバル,35.543048,140.059802,CHIBA_UCHIBOU
オリジナルメーカー海づり公園,クロダイ,35.542983,140.059952,CHIBA_UCHIBOU
オリジナルメーカー海づり公園,アイナメ,35.542869,140.059652,CHIBA_UCHIBOU
オリジナルメーカー海づり公園,アイナメ,35.54328,140.059362,CHIBA_UCHIBOU
オリジナルメーカー海づり公園,イワシ,35.542751,140.059266,CHIBA_UCHIBOU
オリジナルメーカー海づり公園,イワシ,35.544562,140.060779,CHIBA_UCHIBOU
オリジナルメーカー海づり公園,イワシ,35.544711,140.060752,CHIBA_UCHIBOU
オリジナルメーカー海づり公園,イワシ,35.544623,140.060505,CHIBA_UCHIBOU
オリジナルメーカー海づり公園,イワシ,35.544401,140.060349,CHIBA_UCHIBOU
オリジナルメーカー海づり公園,イワシ,35.54394006,140.0599101,CHIBA_UCHIBOU
オリジナルメーカー海づり公園,イワシ,35.5442,140.060441,CHIBA_UCHIBOU
オリジナルメーカー海づり公園,イワシ,35.543477,140.059872,CHIBA_UCHIBOU
オリジナルメーカー海づり公園,イワシ,35.543767,140.060085,CHIBA_UCHIBOU
オリジナルメーカー海づり公園,カレイ,35.543959,140.060388,CHIBA_UCHIBOU
オリジナルメーカー海づり公園,カレイ,35.544181,140.060024,CHIBA_UCHIBOU
オリジナルメーカー海づり公園,カレイ,35.54373,140.059629,CHIBA_UCHIBOU
オリジナルメーカー海づり公園,カレイ,35.54302,140.059136,CHIBA_UCHIBOU
オリジナルメーカー海づり公園,カレイ,35.542934,140.059379,CHIBA_UCHIBOU
オリジナルメーカー海づり公園,フッコ,35.542601,140.059182,CHIBA_UCHIBOU
オリジナルメーカー海づり公園,フッコ,35.544873,140.060585,CHIBA_UCHIBOU
オリジナルメーカー海づり公園,フッコ,35.544644,140.061033,CHIBA_UCHIBOU
オリジナルメーカー海づり公園,シロギス,35.544755,140.060206,CHIBA_UCHIBOU
オリジナルメーカー海づり公園,シロギス,35.544063,140.059599,CHIBA_UCHIBOU
オリジナルメーカー海づり公園,シロギス,35.543254,140.058939,CHIBA_UCHIBOU
オリジナルメーカー海づり公園,イシモチ,35.543038,140.058734,CHIBA_UCHIBOU
オリジナルメーカー海づり公園,アイナメ,35.54339687,140.0602894,CHIBA_UCHIBOU
オリジナルメーカー海づり公園,アイナメ,35.543792,140.06057,CHIBA_UCHIBOU
ディズニー裏,ハゼ,35.62494879,139.8739059,CHIBA_UCHIBOU
ディズニー裏,クロダイ,35.62528191,139.8727072,CHIBA_UCHIBOU
ディズニー裏,メバル,35.62473326,139.8749528,CHIBA_UCHIBOU
ディズニー裏,スズキ,35.62379486,139.8740538,CHIBA_UCHIBOU
ディズニー裏,カレイ,35.62380746,139.8753132,CHIBA_UCHIBOU
ディズニー裏,サヨリ,35.6243748,139.874327,CHIBA_UCHIBOU
ディズニー裏,シロギス,35.62468321,139.8731435,CHIBA_UCHIBOU
ディズニー裏,アナゴ,35.62415281,139.8762539,CHIBA_UCHIBOU
ディズニー裏,スズキ,35.62414024,139.8727035,CHIBA_UCHIBOU
ディズニー裏,アイナメ,35.62181608,139.8875387,CHIBA_UCHIBOU
ディズニー裏,ハゼ,35.6215382,139.8870266,CHIBA_UCHIBOU
ディズニー裏,クロダイ,35.6221134,139.886604,CHIBA_UCHIBOU
ディズニー裏,メバル,35.62221655,139.8854335,CHIBA_UCHIBOU
ディズニー裏,セイゴ,35.6224537,139.8842865,CHIBA_UCHIBOU
ディズニー裏,フッコ,35.62173834,139.885971,CHIBA_UCHIBOU
ディズニー裏,アナゴ,35.62190418,139.8845011,CHIBA_UCHIBOU
ディズニー裏,アイナメ,35.62284618,139.8832458,CHIBA_UCHIBOU
ディズニー裏,シロギス,35.62127927,139.8850238,CHIBA_UCHIBOU
ディズニー裏,サヨリ,35.62110152,139.8869795,CHIBA_UCHIBOU
ディズニー裏,スズキ,35.62207854,139.8833102,CHIBA_UCHIBOU
茜浜,フッコ,35.65840305,140.0086954,CHIBA_UCHIBOU
茜浜,ハゼ,35.65872585,140.008792,CHIBA_UCHIBOU
茜浜,スズキ,35.658516,140.008121,CHIBA_UCHIBOU
茜浜,ハゼ,35.658229,140.007767,CHIBA_UCHIBOU
茜浜,セイゴ,35.65795421,140.0073275,CHIBA_UCHIBOU
茜浜,カレイ,35.65820452,140.0083147,CHIBA_UCHIBOU
茜浜,サヨリ,35.65785313,140.0080568,CHIBA_UCHIBOU
茜浜,スズキ,35.65829855,140.009248,CHIBA_UCHIBOU
茜浜,ハゼ,35.65805443,140.0088134,CHIBA_UCHIBOU
茜浜,カレイ,35.657928,140.009355,CHIBA_UCHIBOU
茜浜,セイゴ,35.65820491,140.0097562,CHIBA_UCHIBOU
伊戸港,シロギス,34.95520771,139.772248,CHIBA_MINAMI
伊戸港,ウミタナゴ,34.95511975,139.7719207,CHIBA_MINAMI
伊戸港,メジナ,34.95520329,139.7717491,CHIBA_MINAMI
伊戸港,クロダイ,34.95491746,139.7717223,CHIBA_MINAMI
伊戸港,アジ,34.95502741,139.7718725,CHIBA_MINAMI
伊戸港,メジナ,34.95480315,139.7716257,CHIBA_MINAMI
伊戸港,スズキ,34.95466682,139.7715399,CHIBA_MINAMI
伊戸港,メジナ,34.95453051,139.7714487,CHIBA_MINAMI
伊戸港,アジ,34.95472834,139.7721729,CHIBA_MINAMI
伊戸港,クロダイ,34.95453921,139.7720924,CHIBA_MINAMI
伊戸港,スズキ,34.95417848,139.7719476,CHIBA_MINAMI
夷隅川河口,スズキ,35.295023,140.410391,CHIBA_SOTOBOU
夷隅川河口,アイナメ,35.29543833,140.4106271,CHIBA_SOTOBOU
夷隅川河口,イシモチ,35.29583507,140.4109002,CHIBA_SOTOBOU
夷隅川河口,イシモチ,35.29616902,140.410536,CHIBA_SOTOBOU
夷隅川河口,シロギス,35.29680043,140.4107029,CHIBA_SOTOBOU
夷隅川河口,イシモチ,35.29749381,140.4109912,CHIBA_SOTOBOU
夷隅川河口,クロダイ,35.29510431,140.4097319,CHIBA_SOTOBOU
夷隅川河口,アイナメ,35.29395251,140.4094587,CHIBA_SOTOBOU
夷隅川河口,イシモチ,35.29346948,140.4092918,CHIBA_SOTOBOU
夷隅川河口,シロギス,35.2928999,140.4090642,CHIBA_SOTOBOU
夷隅川河口,スズキ,35.29448509,140.4098532,CHIBA_SOTOBOU
夷隅川河口,クロダイ,35.29621876,140.4072132,CHIBA_SOTOBOU
夷隅川河口,ハゼ,35.29608242,140.4065456,CHIBA_SOTOBOU
夷隅川河口,キビレ,35.29657794,140.4067731,CHIBA_SOTOBOU
夷隅川河口,フッコ,35.298685,140.396471,CHIBA_SOTOBOU
夷隅川河口,フッコ,35.2984109,140.3971535,CHIBA_SOTOBOU
夷隅川河口,スズキ,35.297941,140.396865,CHIBA_SOTOBOU
夷隅川河口,セイゴ,35.296862,140.398807,CHIBA_SOTOBOU
夷隅川河口,スズキ,35.298138,140.396122,CHIBA_SOTOBOU
夷隅川河口,スズキ,35.296677,140.399369,CHIBA_SOTOBOU
夷隅川河口,キビレ,35.2973,140.406824,CHIBA_SOTOBOU
夷隅川河口,キビレ,35.299184,140.408766,CHIBA_SOTOBOU
夷隅川河口,クロダイ,35.298359,140.4081,CHIBA_SOTOBOU
夷隅川河口,キビレ,35.29405,140.405665,CHIBA_SOTOBOU
夷隅川河口,キビレ,35.292527,140.404831,CHIBA_SOTOBOU
一宮海岸,アイナメ,35.37486681,140.3940431,CHIBA_SOTOBOU
一宮海岸,アイナメ,35.37370389,140.3940431,CHIBA_SOTOBOU
一宮海岸,クロダイ,35.37428534,140.3940735,CHIBA_SOTOBOU
一宮海岸,メジナ,35.37532443,140.3937093,CHIBA_SOTOBOU
一宮海岸,イシモチ,35.37635124,140.3929658,CHIBA_SOTOBOU
一宮海岸,ヒラメ,35.376068,140.39374,CHIBA_SOTOBOU
一宮海岸,スズキ,35.375631,140.394813,CHIBA_SOTOBOU
一宮海岸,ヒラメ,35.3727634,140.3931176,CHIBA_SOTOBOU
一宮海岸,メジナ,35.37327,140.393203,CHIBA_SOTOBOU
一宮海岸,イシモチ,35.37273888,140.3938914,CHIBA_SOTOBOU
一宮海岸,シロギス,35.3721325,140.3929355,CHIBA_SOTOBOU
一宮海岸,シロギス,35.37324603,140.394559,CHIBA_SOTOBOU
一宮海岸,イシモチ,35.37403768,140.3948928,CHIBA_SOTOBOU
一宮海岸,シロギス,35.37499045,140.3949383,CHIBA_SOTOBOU
一宮川河口,ハゼ,35.39087419,140.3898402,CHIBA_SOTOBOU
一宮川河口,ハゼ,35.3900948,140.3898554,CHIBA_SOTOBOU
一宮川河口,ハゼ,35.39050304,140.3894154,CHIBA_SOTOBOU
一宮川河口,イシモチ,35.39422622,140.3933452,CHIBA_SOTOBOU
一宮川河口,シロギス,35.39489394,140.3934514,CHIBA_SOTOBOU
一宮川河口,イシモチ,35.39541324,140.3935424,CHIBA_SOTOBOU
一宮川河口,ヒラメ,35.394454,140.39381,CHIBA_SOTOBOU
一宮川河口,スズキ,35.39397899,140.3938459,CHIBA_SOTOBOU
一宮川河口,スズキ,35.39290267,140.3930114,CHIBA_SOTOBOU
一宮川河口,スズキ,35.39358319,140.3931783,CHIBA_SOTOBOU
一宮川河口,ヒラメ,35.3922348,140.3929051,CHIBA_SOTOBOU
一宮川河口,イシモチ,35.392593,140.392951,CHIBA_SOTOBOU
一宮川河口,イシモチ,35.3917766,140.3925713,CHIBA_SOTOBOU
浦安市墓地公園,メバル,35.64080922,139.9400765,CHIBA_UCHIBOU
浦安市墓地公園,ハゼ,35.64009367,139.9397224,CHIBA_UCHIBOU
浦安市墓地公園,シロギス,35.63913543,139.939701,CHIBA_UCHIBOU
浦安市墓地公園,メバル,35.6394669,139.9382955,CHIBA_UCHIBOU
浦安市墓地公園,ハゼ,35.63855767,139.936824,CHIBA_UCHIBOU
浦安市墓地公園,シロギス,35.6375752,139.9367934,CHIBA_UCHIBOU
浦安市墓地公園,カレイ,35.640591,139.941283,CHIBA_UCHIBOU
浦安市墓地公園,スズキ,35.63894291,139.9411494,CHIBA_UCHIBOU
浦安市墓地公園,サヨリ,35.638185,139.939502,CHIBA_UCHIBOU
浦安市墓地公園,カレイ,35.63834132,139.9382633,CHIBA_UCHIBOU
浦安市墓地公園,スズキ,35.63744467,139.9381131,CHIBA_UCHIBOU
浦安市墓地公園,サヨリ,35.63972134,139.940967,CHIBA_UCHIBOU
浦安電波塔,メバル,35.61755565,139.8958269,CHIBA_UCHIBOU
浦安電波塔,クロダイ,35.61685123,139.8965249,CHIBA_UCHIBOU
浦安電波塔,アイナメ,35.61629614,139.8972228,CHIBA_UCHIBOU
浦安電波塔,メバル,35.61584209,139.8987114,CHIBA_UCHIBOU
浦安電波塔,クロダイ,35.61755428,139.8998781,CHIBA_UCHIBOU
浦安電波塔,スズキ,35.61697549,139.9010342,CHIBA_UCHIBOU
浦安電波塔,メバル,35.61815982,139.9004698,CHIBA_UCHIBOU
浦安電波塔,アナゴ,35.61786583,139.9014205,CHIBA_UCHIBOU
浦安電波塔,シロギス,35.61588931,139.9009553,CHIBA_UCHIBOU
浦安電波塔,サヨリ,35.61641815,139.899897,CHIBA_UCHIBOU
浦安電波塔,カレイ,35.61513664,139.8999236,CHIBA_UCHIBOU
浦安電波塔,スズキ,35.61511183,139.8974656,CHIBA_UCHIBOU
浦安電波塔,アナゴ,35.61456939,139.8984366,CHIBA_UCHIBOU
浦安電波塔,アイナメ,35.6211803,139.9067527,CHIBA_UCHIBOU
浦安電波塔,クロダイ,35.62188716,139.9062485,CHIBA_UCHIBOU
浦安電波塔,カレイ,35.62036929,139.9066347,CHIBA_UCHIBOU
浦安電波塔,スズキ,35.62138965,139.9078041,CHIBA_UCHIBOU
浦安電波塔,シロギス,35.62352385,139.9107115,CHIBA_UCHIBOU
浦安電波塔,クロダイ,35.62397948,139.9100465,CHIBA_UCHIBOU
浦安電波塔,カレイ,35.62263511,139.9107722,CHIBA_UCHIBOU
浦安電波塔,シロギス,35.62220238,139.9100894,CHIBA_UCHIBOU
浦安電波塔,スズキ,35.62310734,139.9100143,CHIBA_UCHIBOU
浦安電波塔,メバル,35.62129,139.905763,CHIBA_UCHIBOU
浦安電波塔,メバル,35.62100187,139.9052606,CHIBA_UCHIBOU
浦安電波塔,メバル,35.62080513,139.9063236,CHIBA_UCHIBOU
浦安電波塔,メバル,35.62114558,139.9059775,CHIBA_UCHIBOU
浦安電波塔,メバル,35.620706,139.904722,CHIBA_UCHIBOU
浦安電波塔,メバル,35.62031742,139.9040771,CHIBA_UCHIBOU
浦安電波塔,メバル,35.619951,139.903448,CHIBA_UCHIBOU
浦安電波塔,メバル,35.61955,139.902762,CHIBA_UCHIBOU
浦安電波塔,メバル,35.619122,139.902075,CHIBA_UCHIBOU
浦安電波塔,メバル,35.61863361,139.9012488,CHIBA_UCHIBOU
浦安電波塔,メバル,35.617196,139.898786,CHIBA_UCHIBOU
浦安電波塔,メバル,35.616691,139.897921,CHIBA_UCHIBOU
横六間川周辺,マブナ,35.814159,139.896818,CHIBA_UCHIBOU
横六間川周辺,マブナ,35.813976,139.897805,CHIBA_UCHIBOU
横六間川周辺,クチボソ,35.813854,139.898459,CHIBA_UCHIBOU
横六間川周辺,モロコ,35.814081,139.897301,CHIBA_UCHIBOU
沖ノ島護岸,メゴチ,34.99135453,139.8285656,CHIBA_MINAMI
沖ノ島護岸,クロダイ,34.99147171,139.8299825,CHIBA_MINAMI
沖ノ島護岸,クロダイ,34.99144167,139.8318126,CHIBA_MINAMI
沖ノ島護岸,クロダイ,34.99126089,139.83576,CHIBA_MINAMI
沖ノ島護岸,スズキ,34.99251108,139.829127,CHIBA_MINAMI
沖ノ島護岸,アオリイカ,34.99210462,139.8321497,CHIBA_MINAMI
沖ノ島護岸,ヒラメ,34.99303646,139.8324287,CHIBA_MINAMI
沖ノ島護岸,マゴチ,34.99263531,139.8308719,CHIBA_MINAMI
沖ノ島護岸,コウイカ,34.9922277,139.8301756,CHIBA_MINAMI
沖ノ島護岸,サヨリ,34.991877,139.828266,CHIBA_MINAMI
沖ノ島護岸,コウイカ,34.99189373,139.8292959,CHIBA_MINAMI
沖ノ島護岸,スズキ,34.99320622,139.8354617,CHIBA_MINAMI
沖ノ島護岸,アオリイカ,34.99198135,139.8350465,CHIBA_MINAMI
沖ノ島護岸,メゴチ,34.99210468,139.8335874,CHIBA_MINAMI
沖ノ島護岸,シロギス,34.99247363,139.8363796,CHIBA_MINAMI
沖ノ島護岸,カワハギ,34.9915585,139.8339093,CHIBA_MINAMI
沖ノ島護岸,シロギス,34.99263165,139.8339951,CHIBA_MINAMI
沖ノ島護岸,メバル,34.9917524,139.8370017,CHIBA_MINAMI
沖ノ島護岸,メバル,34.991189,139.836849,CHIBA_MINAMI
沖ノ島護岸,メバル,34.99149845,139.8363286,CHIBA_MINAMI
沖ノ島護岸,メバル,34.991727,139.839719,CHIBA_MINAMI
沖ノ島護岸,メバル,34.99192652,139.8389742,CHIBA_MINAMI
沖ノ島護岸,メバル,34.991648,139.838303,CHIBA_MINAMI
沖ノ島護岸,メバル,34.991753,139.831313,CHIBA_MINAMI
沖ノ島護岸,メバル,34.991788,139.830369,CHIBA_MINAMI
沖ノ島護岸,メバル,34.99126,139.829253,CHIBA_MINAMI
沖ノ島護岸,メバル,34.991252,139.832552,CHIBA_MINAMI
沖ノ島護岸,メバル,34.99125516,139.8334816,CHIBA_MINAMI
沖ノ島護岸,メバル,34.991252,139.834494,CHIBA_MINAMI
荻生港・新田浦港,シロギス,35.20046759,139.8276969,CHIBA_MINAMI
荻生港・新田浦港,シロギス,35.19965504,139.825861,CHIBA_MINAMI
荻生港・新田浦港,カレイ,35.20068337,139.8282042,CHIBA_MINAMI
荻生港・新田浦港,クロダイ,35.20016154,139.8274371,CHIBA_MINAMI
荻生港・新田浦港,メバル,35.20013245,139.826999,CHIBA_MINAMI
荻生港・新田浦港,シロギス,35.20047343,139.8266652,CHIBA_MINAMI
荻生港・新田浦港,クロダイ,35.19989702,139.8264224,CHIBA_MINAMI
荻生港・新田浦港,メバル,35.19995272,139.82687,CHIBA_MINAMI
荻生港・新田浦港,イワシ,35.19959612,139.8270079,CHIBA_MINAMI
荻生港・新田浦港,アジ,35.19977298,139.8268776,CHIBA_MINAMI
荻生港・新田浦港,メバル,35.19968002,139.8264072,CHIBA_MINAMI
荻生港・新田浦港,アイナメ,35.19925225,139.8259521,CHIBA_MINAMI
荻生港・新田浦港,メバル,35.19927695,139.8263541,CHIBA_MINAMI
荻生港・新田浦港,カレイ,35.19946929,139.8261417,CHIBA_MINAMI
荻生港・新田浦港,クロダイ,35.197588,139.823422,CHIBA_MINAMI
荻生港・新田浦港,カサゴ,35.19797875,139.823859,CHIBA_MINAMI
荻生港・新田浦港,ウミタナゴ,35.19737,139.823744,CHIBA_MINAMI
荻生港・新田浦港,メバル,35.19736046,139.823285,CHIBA_MINAMI
荻生港・新田浦港,アイナメ,35.197124,139.823325,CHIBA_MINAMI
荻生港・新田浦港,シロギス,35.19822436,139.8235318,CHIBA_MINAMI
荻生港・新田浦港,メバル,35.199475,139.826506,CHIBA_MINAMI
荻生港・新田浦港,メバル,35.19909082,139.8261872,CHIBA_MINAMI
乙浜漁港,アジ,34.91198557,139.9278778,CHIBA_MINAMI
乙浜漁港,イワシ,34.9119591,139.9273413,CHIBA_MINAMI
乙浜漁港,シロギス,34.91146395,139.9268251,CHIBA_MINAMI
乙浜漁港,クロダイ,34.911783,139.926204,CHIBA_MINAMI
乙浜漁港,アジ,34.91148399,139.9256033,CHIBA_MINAMI
乙浜漁港,カマス,34.91161995,139.9274434,CHIBA_MINAMI
乙浜漁港,イナダ,34.91143129,139.9287254,CHIBA_MINAMI
乙浜漁港,アオリイカ,34.91201202,139.9288112,CHIBA_MINAMI
乙浜漁港,ブダイ,34.90948674,139.9274701,CHIBA_MINAMI
乙浜漁港,イシダイ,34.90895912,139.9260968,CHIBA_MINAMI
乙浜漁港,メジナ,34.90924939,139.9258071,CHIBA_MINAMI
乙浜漁港,クロダイ,34.90923012,139.9263865,CHIBA_MINAMI
乙浜漁港,アジ,34.90976,139.929074,CHIBA_MINAMI
乙浜漁港,アオリイカ,34.90947815,139.9288219,CHIBA_MINAMI
乙浜漁港,シロギス,34.91080656,139.9288863,CHIBA_MINAMI
乙浜漁港,スズキ,34.910349,139.928972,CHIBA_MINAMI
乙浜漁港,メジナ,34.90875647,139.9283499,CHIBA_MINAMI
乙浜漁港,クロダイ,34.90846624,139.9284357,CHIBA_MINAMI
乙浜漁港,スズキ,34.90759386,139.9281451,CHIBA_MINAMI
乙浜漁港,アジ,34.90806723,139.9286458,CHIBA_MINAMI
乙浜漁港,イシダイ,34.90851516,139.9302086,CHIBA_MINAMI
乙浜漁港,クロダイ,34.90867723,139.9294549,CHIBA_MINAMI
乙浜漁港,メジナ,34.90900303,139.9298733,CHIBA_MINAMI
乙浜漁港,アジ,34.90940773,139.9302489,CHIBA_MINAMI
乙浜漁港,イシダイ,34.90992147,139.93077,CHIBA_MINAMI
乙浜漁港,アジ,34.91072316,139.9282882,CHIBA_MINAMI
乙浜漁港,アジ,34.91100474,139.9275532,CHIBA_MINAMI
乙浜漁港,アジ,34.911906,139.926773,CHIBA_MINAMI
乙浜漁港,アオリイカ,34.91112788,139.9271724,CHIBA_MINAMI
乙浜漁港,アオリイカ,34.91105298,139.9284571,CHIBA_MINAMI
乙浜漁港,アオリイカ,34.91182716,139.9281031,CHIBA_MINAMI
乙浜漁港,アジ,34.90923183,139.9277812,CHIBA_MINAMI
乙浜漁港,アジ,34.90917,139.928457,CHIBA_MINAMI
乙浜漁港,アジ,34.909021,139.928071,CHIBA_MINAMI
乙浜漁港,アジ,34.91086837,139.927918,CHIBA_MINAMI
乙浜漁港,アジ,34.91149283,139.9245304,CHIBA_MINAMI
乙浜漁港,アジ,34.911529,139.925035,CHIBA_MINAMI
乙浜漁港,アジ,34.911141,139.925625,CHIBA_MINAMI
乙浜漁港,アジ,34.911053,139.925131,CHIBA_MINAMI
下原漁港,クロダイ,34.97811555,139.8054805,CHIBA_MINAMI
下原漁港,クロダイ,34.97905173,139.806709,CHIBA_MINAMI
下原漁港,メジナ,34.97854451,139.8058708,CHIBA_MINAMI
下原漁港,アジ,34.97891102,139.8078087,CHIBA_MINAMI
下原漁港,アオリイカ,34.97869129,139.8077551,CHIBA_MINAMI
下原漁港,アオリイカ,34.97851353,139.8053549,CHIBA_MINAMI
下原漁港,アオリイカ,34.97884282,139.8061818,CHIBA_MINAMI
下原漁港,アジ,34.979157,139.807114,CHIBA_MINAMI
下原漁港,マゴチ,34.97883651,139.8053089,CHIBA_MINAMI
下原漁港,シロギス,34.97913094,139.8058507,CHIBA_MINAMI
下原漁港,アオリイカ,34.97938585,139.8064944,CHIBA_MINAMI
下原漁港,クロダイ,34.97905158,139.8074868,CHIBA_MINAMI
下原漁港,シロギス,34.979535,139.806996,CHIBA_MINAMI
下原漁港,ソウダカツオ,34.97921884,139.8081306,CHIBA_MINAMI
下原漁港,イナダ,34.97956601,139.8077068,CHIBA_MINAMI
下原漁港,アジ,34.97855083,139.8071757,CHIBA_MINAMI
下原漁港,アナゴ,34.97830006,139.8068002,CHIBA_MINAMI
下原漁港,スズキ,34.978463,139.807629,CHIBA_MINAMI
下原漁港,シロギス,34.97848946,139.8081949,CHIBA_MINAMI
下原漁港,シロギス,34.97797071,139.8082539,CHIBA_MINAMI
下洲港,アジ,35.30215,139.820777,CHIBA_MINAMI
下洲港,アジ,35.30182206,139.8193063,CHIBA_MINAMI
下洲港,アジ,35.29891716,139.8272911,CHIBA_MINAMI
下洲港,メバル,35.30177896,139.819735,CHIBA_MINAMI
下洲港,メバル,35.2996554,139.8259824,CHIBA_MINAMI
下洲港,クロダイ,35.300067,139.824296,CHIBA_MINAMI
下洲港,クロダイ,35.30156827,139.8187943,CHIBA_MINAMI
下洲港,クロダイ,35.30071412,139.8244234,CHIBA_MINAMI
下洲港,カレイ,35.3007512,139.8253338,CHIBA_MINAMI
下洲港,ハゼ,35.30149417,139.8246358,CHIBA_MINAMI
下洲港,ハゼ,35.30284404,139.8202812,CHIBA_MINAMI
下洲港,ハゼ,35.3020761,139.8222688,CHIBA_MINAMI
下洲港,アイナメ,35.300329,139.823653,CHIBA_MINAMI
下洲港,アイナメ,35.2998662,139.8251479,CHIBA_MINAMI
下洲港,アイナメ,35.29930258,139.8266121,CHIBA_MINAMI
下洲港,サヨリ,35.298753,139.826485,CHIBA_MINAMI
下洲港,サヨリ,35.2994326,139.8245182,CHIBA_MINAMI
下洲港,イシモチ,35.299068,139.825519,CHIBA_MINAMI
下洲港,シロギス,35.299681,139.823695,CHIBA_MINAMI
下洲港,シロギス,35.299365,139.828116,CHIBA_MINAMI
下洲港,スズキ,35.298875,139.824618,CHIBA_MINAMI
下洲港,シロギス,35.30375898,139.8149783,CHIBA_MINAMI
下洲港,ヒラメ,35.30274368,139.8139465,CHIBA_MINAMI
下洲港,マゴチ,35.30385876,139.8132486,CHIBA_MINAMI
下洲港,マゴチ,35.300416,139.824961,CHIBA_MINAMI
下洲港,アナゴ,35.301239,139.825197,CHIBA_MINAMI
下洲港,アナゴ,35.301804,139.8230161,CHIBA_MINAMI
下洲港,イシモチ,35.301555,139.82376,CHIBA_MINAMI
下洲港,シロギス,35.298505,139.825584,CHIBA_MINAMI
下洲港,フッコ,35.30333882,139.8114431,CHIBA_MINAMI
下洲港,フッコ,35.304864,139.810349,CHIBA_MINAMI
下洲港,シロギス,35.304626,139.812186,CHIBA_MINAMI
下洲港,メバル,35.302307,139.819205,CHIBA_MINAMI
下洲港,メバル,35.302062,139.819506,CHIBA_MINAMI
花園海岸,ヒラメ,35.039968,140.022733,CHIBA_MINAMI
花園海岸,ヒラメ,35.04266185,140.0254866,CHIBA_MINAMI
花園海岸,ヒラメ,35.04532074,140.0294012,CHIBA_MINAMI
花園海岸,ヒラメ,35.048279,140.03541,CHIBA_MINAMI
花園海岸,スズキ,35.043978,140.027732,CHIBA_MINAMI
花園海岸,スズキ,35.041367,140.024394,CHIBA_MINAMI
花園海岸,スズキ,35.039104,140.023029,CHIBA_MINAMI
花園海岸,シロギス,35.040273,140.024182,CHIBA_MINAMI
花園海岸,シロギス,35.042959,140.026852,CHIBA_MINAMI
花園海岸,シロギス,35.044303,140.029249,CHIBA_MINAMI
花園海岸,シロギス,35.046566,140.032891,CHIBA_MINAMI
花園海岸,イシモチ,35.045496,140.031283,CHIBA_MINAMI
花園海岸,イシモチ,35.041742,140.026033,CHIBA_MINAMI
花見川河口,ハゼ,35.63269125079,140.04464507103,CHIBA_UCHIBOU
花見川河口,スズキ,35.633109756067,140.04550337791,CHIBA_UCHIBOU
花見川河口,セイゴ,35.633790126154,140.04606127739,CHIBA_UCHIBOU
花見川河口,ハゼ,35.634471366184,140.04681229591,CHIBA_UCHIBOU
花見川河口,クロダイ,35.631244,140.0442749,CHIBA_UCHIBOU
花見川河口,クロダイ,35.63129585,140.041641,CHIBA_UCHIBOU
花見川河口,ハゼ,35.63209,140.042891,CHIBA_UCHIBOU
花見川河口,セイゴ,35.63193296,140.0435883,CHIBA_UCHIBOU
花見川河口,スズキ,35.63135718,140.0433308,CHIBA_UCHIBOU
花見川河口,カレイ,35.63164512,140.0425476,CHIBA_UCHIBOU
花見川河口,シロギス,35.63044994,140.0422686,CHIBA_UCHIBOU
花見川河口,イシモチ,35.63070331,140.0411636,CHIBA_UCHIBOU
花見川河口,イシモチ,35.630669,140.044286,CHIBA_UCHIBOU
花見川河口,カレイ,35.63045024,140.0433308,CHIBA_UCHIBOU
花見川河口,シロギス,35.62979592,140.0429499,CHIBA_UCHIBOU
外川漁港,アイナメ,35.69485873,140.8552355,CHIBA_CHOUSHI
外川漁港,アイナメ,35.69573012,140.8536154,CHIBA_CHOUSHI
外川漁港,アイナメ,35.69566921,140.8495277,CHIBA_CHOUSHI
外川漁港,ハゼ,35.69749893,140.8491415,CHIBA_CHOUSHI
外川漁港,ハゼ,35.69722883,140.8519632,CHIBA_CHOUSHI
外川漁港,クロダイ,35.69479,140.851411,CHIBA_CHOUSHI
外川漁港,クロダイ,35.69651021,140.852513,CHIBA_CHOUSHI
外川漁港,クロダイ,35.69562547,140.8478647,CHIBA_CHOUSHI
外川漁港,クロダイ,35.69517251,140.8504826,CHIBA_CHOUSHI
外川漁港,クロダイ,35.69665366,140.8493561,CHIBA_CHOUSHI
外川漁港,クロダイ,35.69718548,140.845086,CHIBA_CHOUSHI
外川漁港,メジナ,35.69742049,140.8449358,CHIBA_CHOUSHI
外川漁港,スズキ,35.69503315,140.8524996,CHIBA_CHOUSHI
外川漁港,スズキ,35.69518985,140.8495599,CHIBA_CHOUSHI
外川漁港,ヒラメ,35.69555572,140.8488196,CHIBA_CHOUSHI
外川漁港,ヒラメ,35.69540773,140.8531219,CHIBA_CHOUSHI
外川漁港,スズキ,35.69685427,140.8522958,CHIBA_CHOUSHI
外川漁港,カサゴ,35.69541671,140.8544523,CHIBA_CHOUSHI
外川漁港,キビレ,35.696026,140.851802,CHIBA_CHOUSHI
外川漁港,キビレ,35.697281,140.849667,CHIBA_CHOUSHI
外川漁港,メッキ,35.69689934,140.8499839,CHIBA_CHOUSHI
外川漁港,イナダ,35.69647957,140.8509225,CHIBA_CHOUSHI
外川漁港,ヒラメ,35.696035,140.85103,CHIBA_CHOUSHI
外川漁港,アジ,35.696218,140.850488,CHIBA_CHOUSHI
外川漁港,アジ,35.696541,140.853058,CHIBA_CHOUSHI
外川漁港,アジ,35.696681,140.853369,CHIBA_CHOUSHI
外川漁港,アジ,35.69675,140.852714,CHIBA_CHOUSHI
外川漁港,アジ,35.696369,140.849984,CHIBA_CHOUSHI
外川漁港,アジ,35.696666,140.848004,CHIBA_CHOUSHI
外川漁港,アジ,35.695286,140.851137,CHIBA_CHOUSHI
外川漁港,アジ,35.695495,140.851609,CHIBA_CHOUSHI
鴨川フィッシャリーナ・鴨川漁港,アジ,35.092936,140.107843,CHIBA_MINAMI
鴨川フィッシャリーナ・鴨川漁港,イワシ,35.0925587,140.1080149,CHIBA_MINAMI
鴨川フィッシャリーナ・鴨川漁港,アジ,35.0920849,140.1079506,CHIBA_MINAMI
鴨川フィッシャリーナ・鴨川漁港,イワシ,35.09294619,140.1069099,CHIBA_MINAMI
鴨川フィッシャリーナ・鴨川漁港,クロダイ,35.09131212,140.106706,CHIBA_MINAMI
鴨川フィッシャリーナ・鴨川漁港,カマス,35.093261,140.108251,CHIBA_MINAMI
鴨川フィッシャリーナ・鴨川漁港,クロダイ,35.09369979,140.1080257,CHIBA_MINAMI
鴨川フィッシャリーナ・鴨川漁港,シロギス,35.09364707,140.108723,CHIBA_MINAMI
鴨川フィッシャリーナ・鴨川漁港,クロダイ,35.0945074,140.1090986,CHIBA_MINAMI
鴨川フィッシャリーナ・鴨川漁港,メジナ,35.09419138,140.1089054,CHIBA_MINAMI
鴨川フィッシャリーナ・鴨川漁港,スズキ,35.09493789,140.1088303,CHIBA_MINAMI
鴨川フィッシャリーナ・鴨川漁港,シロギス,35.09473581,140.1094526,CHIBA_MINAMI
鴨川フィッシャリーナ・鴨川漁港,サヨリ,35.09035085,140.1081893,CHIBA_MINAMI
鴨川フィッシャリーナ・鴨川漁港,クロダイ,35.09021012,140.1071754,CHIBA_MINAMI
鴨川フィッシャリーナ・鴨川漁港,メジナ,35.09038149,140.1068348,CHIBA_MINAMI
鴨川フィッシャリーナ・鴨川漁港,クロダイ,35.09030701,140.1062474,CHIBA_MINAMI
鴨川フィッシャリーナ・鴨川漁港,メジナ,35.09048712,140.1058343,CHIBA_MINAMI
鴨川フィッシャリーナ・鴨川漁港,シロギス,35.09707376,140.1080612,CHIBA_MINAMI
鴨川フィッシャリーナ・鴨川漁港,イシモチ,35.096631,140.107908,CHIBA_MINAMI
鴨川フィッシャリーナ・鴨川漁港,スズキ,35.096149,140.107875,CHIBA_MINAMI
鴨川フィッシャリーナ・鴨川漁港,スズキ,35.09718541,140.1072646,CHIBA_MINAMI
鴨川フィッシャリーナ・鴨川漁港,クロダイ,35.09767227,140.1083449,CHIBA_MINAMI
鴨川フィッシャリーナ・鴨川漁港,イシモチ,35.09743999,140.1078715,CHIBA_MINAMI
鴨川フィッシャリーナ・鴨川漁港,カワハギ,35.09928944,140.1091384,CHIBA_MINAMI
鴨川フィッシャリーナ・鴨川漁港,カサゴ,35.0990661,140.1090701,CHIBA_MINAMI
鴨川フィッシャリーナ・鴨川漁港,イナダ,35.09995842,140.1083368,CHIBA_MINAMI
鴨川フィッシャリーナ・鴨川漁港,ワカシ,35.09984445,140.1090127,CHIBA_MINAMI
鴨川フィッシャリーナ・鴨川漁港,アジ,35.0987064,140.1085543,CHIBA_MINAMI
鴨川フィッシャリーナ・鴨川漁港,マゴチ,35.09964957,140.1081067,CHIBA_MINAMI
鴨川フィッシャリーナ・鴨川漁港,クロダイ,35.0993206,140.1078563,CHIBA_MINAMI
鴨川フィッシャリーナ・鴨川漁港,メゴチ,35.09957514,140.1074922,CHIBA_MINAMI
鴨川フィッシャリーナ・鴨川漁港,シロギス,35.09986078,140.1071432,CHIBA_MINAMI
鴨川フィッシャリーナ・鴨川漁港,イシモチ,35.09933297,140.107037,CHIBA_MINAMI
鴨川フィッシャリーナ・鴨川漁港,アジ,35.09817861,140.1074391,CHIBA_MINAMI
鴨川フィッシャリーナ・鴨川漁港,クロダイ,35.09850142,140.1077729,CHIBA_MINAMI
鴨川フィッシャリーナ・鴨川漁港,シロギス,35.09843313,140.1083343,CHIBA_MINAMI
鴨川フィッシャリーナ・鴨川漁港,イシダイ,35.0908726,140.1112475,CHIBA_MINAMI
鴨川フィッシャリーナ・鴨川漁港,イシダイ,35.09333698,140.1103371,CHIBA_MINAMI
鴨川フィッシャリーナ・鴨川漁港,ソウダガツオ,35.09319059,140.1110727,CHIBA_MINAMI
鴨川フィッシャリーナ・鴨川漁港,ソウダガツオ,35.09229357,140.1104736,CHIBA_MINAMI
鴨川フィッシャリーナ・鴨川漁港,アジ,35.09289634,140.1104357,CHIBA_MINAMI
鴨川フィッシャリーナ・鴨川漁港,クロダイ,35.09262316,140.1101474,CHIBA_MINAMI
鴨川フィッシャリーナ・鴨川漁港,イナダ,35.09269018,140.1110083,CHIBA_MINAMI
鴨川フィッシャリーナ・鴨川漁港,イナダ,35.09205197,140.1099426,CHIBA_MINAMI
鴨川フィッシャリーナ・鴨川漁港,クロダイ,35.09068869,140.1108661,CHIBA_MINAMI
鴨川フィッシャリーナ・鴨川漁港,メジナ,35.09102255,140.1107213,CHIBA_MINAMI
鴨川フィッシャリーナ・鴨川漁港,メジナ,35.09034663,140.1105496,CHIBA_MINAMI
鴨川フィッシャリーナ・鴨川漁港,クロダイ,35.09011523,140.1100564,CHIBA_MINAMI
鴨川フィッシャリーナ・鴨川漁港,メジナ,35.0902984,140.1095197,CHIBA_MINAMI
鴨川フィッシャリーナ・鴨川漁港,クロダイ,35.09038614,140.1091227,CHIBA_MINAMI
鴨川フィッシャリーナ・鴨川漁港,イシダイ,35.094846,140.110675,CHIBA_MINAMI
鴨川フィッシャリーナ・鴨川漁港,アナゴ,35.092461,140.107215,CHIBA_MINAMI
鴨川フィッシャリーナ・鴨川漁港,アナゴ,35.09204903,140.1063144,CHIBA_MINAMI
鴨川フィッシャリーナ・鴨川漁港,ソイ,35.090734,140.10849,CHIBA_MINAMI
鴨川フィッシャリーナ・鴨川漁港,アイナメ,35.09045189,140.1086131,CHIBA_MINAMI
鴨川フィッシャリーナ・鴨川漁港,カサゴ,35.090645,140.108136,CHIBA_MINAMI
鴨川フィッシャリーナ・鴨川漁港,イシモチ,35.094421,140.10985,CHIBA_MINAMI
鴨川フィッシャリーナ・鴨川漁港,カンパチ,35.092013,140.10713,CHIBA_MINAMI
鴨川フィッシャリーナ・鴨川漁港,シマダイ,35.09752,140.108471,CHIBA_MINAMI
鴨川フィッシャリーナ・鴨川漁港,クロダイ,35.09952,140.109184,CHIBA_MINAMI
鴨川フィッシャリーナ・鴨川漁港,シロギス,35.099544,140.108698,CHIBA_MINAMI
鴨川フィッシャリーナ・鴨川漁港,アジ,35.099315,140.108805,CHIBA_MINAMI
館山港・築港堤防,スズキ,34.99080387,139.8524433,CHIBA_MINAMI
館山港・築港堤防,スズキ,34.99053123,139.8514134,CHIBA_MINAMI
館山港・築港堤防,アジ,34.991788,139.851478,CHIBA_MINAMI
館山港・築港堤防,クロダイ,34.99158638,139.8520893,CHIBA_MINAMI
館山港・築港堤防,アジ,34.9905841,139.8531514,CHIBA_MINAMI
館山港・築港堤防,アオリイカ,34.99113799,139.8524433,CHIBA_MINAMI
館山港・築港堤防,ヒラメ,34.99153349,139.850834,CHIBA_MINAMI
館山港・築港堤防,マゴチ,34.99106735,139.8509091,CHIBA_MINAMI
館山港・築港堤防,クロダイ,34.992052,139.851164,CHIBA_MINAMI
館山港・築港堤防,スズキ,34.99142785,139.8515207,CHIBA_MINAMI
館山港・築港堤防,クロダイ,34.99098857,139.8530227,CHIBA_MINAMI
館山港・築港堤防,シロギス,34.99049614,139.8524219,CHIBA_MINAMI
館山港・築港堤防,メゴチ,34.99104991,139.8518318,CHIBA_MINAMI
館山港・築港堤防,アジ,34.98828489,139.8510404,CHIBA_MINAMI
館山港・築港堤防,シロギス,34.98860173,139.8514349,CHIBA_MINAMI
館山港・築港堤防,アジ,34.98783707,139.8475962,CHIBA_MINAMI
館山港・築港堤防,クロダイ,34.98801732,139.848112,CHIBA_MINAMI
館山港・築港堤防,メジナ,34.98753256,139.8479906,CHIBA_MINAMI
館山港・築港堤防,アオリイカ,34.98733978,139.8485976,CHIBA_MINAMI
館山港・築港堤防,スズキ,34.98698535,139.8480969,CHIBA_MINAMI
館山港・築港堤防,アオリイカ,34.9876259,139.8471865,CHIBA_MINAMI
館山港・築港堤防,シロギス,34.98725268,139.8475431,CHIBA_MINAMI
館山港・築港堤防,タチウオ,34.98815,139.847036,CHIBA_MINAMI
館山港・築港堤防,マゴチ,34.98837,139.847691,CHIBA_MINAMI
館山港・築港堤防,アジ,34.98798624,139.8488176,CHIBA_MINAMI
館山港・築港堤防,クロダイ,34.98809187,139.8495686,CHIBA_MINAMI
館山港・築港堤防,アジ,34.98837784,139.850168,CHIBA_MINAMI
館山港・築港堤防,アオリイカ,34.988352,139.848485,CHIBA_MINAMI
館山港・築港堤防,マゴチ,34.98851,139.849397,CHIBA_MINAMI
館山港・築港堤防,メゴチ,34.98867615,139.8507369,CHIBA_MINAMI
館山港・築港堤防,シロギス,34.98889985,139.8499631,CHIBA_MINAMI
館山港・築港堤防,シロギス,34.988774,139.848796,CHIBA_MINAMI
館山港・築港堤防,スズキ,34.98665629,139.8496217,CHIBA_MINAMI
館山港・築港堤防,クロダイ,34.98620869,139.8495535,CHIBA_MINAMI
館山港・築港堤防,アオリイカ,34.9864574,139.8492652,CHIBA_MINAMI
館山港・築港堤防,クロダイ,34.986172,139.848981,CHIBA_MINAMI
館山港・築港堤防,ハゼ,34.98619009,139.8482638,CHIBA_MINAMI
館山港・築港堤防,シロギス,34.98645135,139.8486127,CHIBA_MINAMI
館山港・築港堤防,シロギス,34.988764,139.847353,CHIBA_MINAMI
丸山堤防,マゴチ,35.0281599,139.8389679,CHIBA_MINAMI
丸山堤防,アジ,35.02791382,139.8386353,CHIBA_MINAMI
丸山堤防,ソウダガツオ,35.02744808,139.8390001,CHIBA_MINAMI
丸山堤防,アオリイカ,35.02766772,139.8383886,CHIBA_MINAMI
丸山堤防,カンパチ,35.02721073,139.8384851,CHIBA_MINAMI
丸山堤防,イナダ,35.02803681,139.8370904,CHIBA_MINAMI
丸山堤防,ウミタナゴ,35.02830909,139.8371977,CHIBA_MINAMI
丸山堤防,クロダイ,35.02810713,139.8380131,CHIBA_MINAMI
丸山堤防,スズキ,35.02733389,139.8376161,CHIBA_MINAMI
丸山堤防,スズキ,35.02862544,139.8370153,CHIBA_MINAMI
丸山堤防,シロギス,35.02771731,139.8371534,CHIBA_MINAMI
丸山堤防,シロギス,35.02870434,139.8389143,CHIBA_MINAMI
丸山堤防,シロギス,35.02811529,139.839858,CHIBA_MINAMI
丸山堤防,メゴチ,35.02840597,139.839389,CHIBA_MINAMI
丸山堤防,メゴチ,35.02766801,139.840078,CHIBA_MINAMI
丸山堤防,シロギス,35.02841448,139.8384315,CHIBA_MINAMI
岩井袋港,ウミタナゴ,35.10051851,139.8272418,CHIBA_MINAMI
岩井袋港,クロダイ,35.10103398,139.8268776,CHIBA_MINAMI
岩井袋港,クロダイ,35.10133792,139.8275756,CHIBA_MINAMI
岩井袋港,スズキ,35.10078548,139.8267562,CHIBA_MINAMI
岩井袋港,アイナメ,35.1012945,139.8268017,CHIBA_MINAMI
岩井袋港,アジ,35.10063044,139.8263617,CHIBA_MINAMI
岩井袋港,アオリイカ,35.10087861,139.8261569,CHIBA_MINAMI
岩井袋港,クロダイ,35.10039464,139.82665,CHIBA_MINAMI
岩井袋港,ウミタナゴ,35.099959,139.826673,CHIBA_MINAMI
岩船港,スズキ,35.21055885,140.3930683,CHIBA_SOTOBOU
岩船港,クロダイ,35.21028003,140.3931669,CHIBA_SOTOBOU
岩船港,メジナ,35.21017726,140.3933188,CHIBA_SOTOBOU
岩船港,ヒラメ,35.21032976,140.3937207,CHIBA_SOTOBOU
岩船港,クロダイ,35.21002825,140.3938714,CHIBA_SOTOBOU
岩船港,メジナ,35.21001503,140.3942952,CHIBA_SOTOBOU
岩船港,アジ,35.20838899,140.3926322,CHIBA_SOTOBOU
岩船港,クロダイ,35.209082,140.393067,CHIBA_SOTOBOU
岩船港,クロダイ,35.20959203,140.3936828,CHIBA_SOTOBOU
岩船港,アジ,35.20972828,140.3933338,CHIBA_SOTOBOU
岩船港,アジ,35.20883575,140.3927496,CHIBA_SOTOBOU
岩船港,スズキ,35.21028647,140.3941,CHIBA_SOTOBOU
岩船港,メジナ,35.20952997,140.393311,CHIBA_SOTOBOU
岩船港,イシモチ,35.209327,140.393201,CHIBA_SOTOBOU
岩船港,イシモチ,35.20857336,140.3936568,CHIBA_SOTOBOU
岩船港,イシモチ,35.2086037,140.3927931,CHIBA_SOTOBOU
岩船港,メジナ,35.20895447,140.3930667,CHIBA_SOTOBOU
岩船港,クロダイ,35.20793311,140.393512,CHIBA_SOTOBOU
岩船港,カサゴ,35.20997136,140.394043,CHIBA_SOTOBOU
岩船港,サヨリ,35.21011594,140.3935763,CHIBA_SOTOBOU
岩船港,サヨリ,35.20833209,140.3933296,CHIBA_SOTOBOU
岩船港,サヨリ,35.20760019,140.3937051,CHIBA_SOTOBOU
岩船港,アイナメ,35.20735454,140.3934744,CHIBA_SOTOBOU
岩船港,スズキ,35.20807787,140.3937802,CHIBA_SOTOBOU
岩船港,スズキ,35.20882959,140.3940317,CHIBA_SOTOBOU
岩船港,クロダイ,35.20729339,140.3930828,CHIBA_SOTOBOU
岩船港,メバル,35.20903769,140.3923747,CHIBA_SOTOBOU
岩船港,メバル,35.208955,140.392584,CHIBA_SOTOBOU
岩船港,メバル,35.208613,140.392375,CHIBA_SOTOBOU
岩船港,メバル,35.208429,140.392455,CHIBA_SOTOBOU
岩船港,メバル,35.208284,140.392568,CHIBA_SOTOBOU
岩船港,メバル,35.20813,140.39267,CHIBA_SOTOBOU
岩船港,メバル,35.209419,140.392871,CHIBA_SOTOBOU
岩船港,メバル,35.209226,140.392856,CHIBA_SOTOBOU
岩船港,メバル,35.210002,140.393303,CHIBA_SOTOBOU
岩船港,アジ,35.208849,140.392943,CHIBA_SOTOBOU
岩船港,アジ,35.208542,140.392514,CHIBA_SOTOBOU
岩船港,アジ,35.20824,140.392718,CHIBA_SOTOBOU
岩船港,メバル,35.20888869,140.3923854,CHIBA_SOTOBOU
岩船港,メバル,35.208665,140.393399,CHIBA_SOTOBOU
岩船港,メバル,35.208753,140.393609,CHIBA_SOTOBOU
岩船港,アジ,35.209871,140.393791,CHIBA_SOTOBOU
岩船港,アジ,35.210099,140.394075,CHIBA_SOTOBOU
岩船港,アジ,35.209765,140.393839,CHIBA_SOTOBOU
岩和田港,スズキ,35.17866184,140.3654233,CHIBA_SOTOBOU
岩和田港,スズキ,35.17809638,140.3670654,CHIBA_SOTOBOU
岩和田港,スズキ,35.1793503,140.3657645,CHIBA_SOTOBOU
岩和田港,スズキ,35.1788167,140.364475,CHIBA_SOTOBOU
岩和田港,スズキ,35.178789,140.366438,CHIBA_SOTOBOU
岩和田港,イシモチ,35.17908739,140.3665611,CHIBA_SOTOBOU
岩和田港,イシモチ,35.17960453,140.3652066,CHIBA_SOTOBOU
岩和田港,アジ,35.17980629,140.3648311,CHIBA_SOTOBOU
岩和田港,アジ,35.17825425,140.3655472,CHIBA_SOTOBOU
岩和田港,シロギス,35.17963102,140.3659469,CHIBA_SOTOBOU
岩和田港,シロギス,35.17935056,140.3666469,CHIBA_SOTOBOU
岩和田港,メゴチ,35.17909166,140.3670654,CHIBA_SOTOBOU
岩和田港,メゴチ,35.18000806,140.3651422,CHIBA_SOTOBOU
岩和田港,メゴチ,35.17963537,140.3639862,CHIBA_SOTOBOU
岩和田港,シロギス,35.18031924,140.36419,CHIBA_SOTOBOU
岩和田港,イシモチ,35.17997335,140.3640935,CHIBA_SOTOBOU
岩和田港,クロダイ,35.17934162,140.364131,CHIBA_SOTOBOU
岩和田港,サヨリ,35.17812283,140.3665933,CHIBA_SOTOBOU
岩和田港,メジナ,35.17832436,140.3672639,CHIBA_SOTOBOU
岩和田港,メジナ,35.17804818,140.3660783,CHIBA_SOTOBOU
岩和田港,クロダイ,35.17854801,140.3658691,CHIBA_SOTOBOU
岩和田港,サヨリ,35.17884617,140.364925,CHIBA_SOTOBOU
岩和田港,シロギス,35.17905219,140.3643027,CHIBA_SOTOBOU
岩和田港,アジ,35.178841,140.365772,CHIBA_SOTOBOU
岩和田港,アジ,35.178984,140.366235,CHIBA_SOTOBOU
岩和田港,アジ,35.17913306,140.3648164,CHIBA_SOTOBOU
亀山湖,レンタルボートもとよし,35.19343352,140.0629699,CHIBA_MINAMI
亀山湖,レンタルボートすずき,35.1965543,140.0701252,CHIBA_MINAMI
亀山湖,レンタルボート笹川,35.19964928,140.0712472,CHIBA_MINAMI
亀山湖,小櫃川漁協亀山水産センター,35.2256897,140.0815742,CHIBA_MINAMI
亀山湖,ボートハウス松下,35.22220328,140.082947,CHIBA_MINAMI
亀山湖,トキタボート,35.22742354,140.0864702,CHIBA_MINAMI
亀山湖,のむらボートハウス,35.2278835,140.0944,CHIBA_MINAMI
旧江戸川河口,ハゼ,35.64125422,139.8740512,CHIBA_UCHIBOU
旧江戸川河口,セイゴ,35.64173396,139.8754138,CHIBA_UCHIBOU
旧江戸川河口,ボラ,35.64142859,139.8763043,CHIBA_UCHIBOU
旧江戸川河口,スズキ,35.64115838,139.875403,CHIBA_UCHIBOU
旧江戸川河口,カレイ,35.64074892,139.877184,CHIBA_UCHIBOU
旧江戸川河口,ハゼ,35.64015505,139.8772913,CHIBA_UCHIBOU
旧江戸川河口,セイゴ,35.64062625,139.8781282,CHIBA_UCHIBOU
旧江戸川河口,カレイ,35.64186509,139.8792118,CHIBA_UCHIBOU
旧江戸川河口,ハゼ,35.64113175,139.8790294,CHIBA_UCHIBOU
旧江戸川河口,セイゴ,35.642351832826,139.88128781319,CHIBA_UCHIBOU
旧江戸川河口,カレイ,35.64188162,139.8768944,CHIBA_UCHIBOU
旧江戸川河口,スズキ,35.64135927,139.8782355,CHIBA_UCHIBOU
旧江戸川河口,スズキ,35.64237046,139.8803169,CHIBA_UCHIBOU
旧江戸川河口,フッコ,35.64348633,139.8796195,CHIBA_UCHIBOU
旧江戸川河口,フッコ,35.64372157,139.8804241,CHIBA_UCHIBOU
旧江戸川河口,セイゴ,35.64434055,139.8806816,CHIBA_UCHIBOU
旧江戸川河口,ハゼ,35.64408,139.879941,CHIBA_UCHIBOU
旧江戸川河口,ハゼ,35.640183,139.872119,CHIBA_UCHIBOU
旧江戸川河口,ハゼ,35.648423,139.883711,CHIBA_UCHIBOU
旧江戸川河口,スズキ,35.64638,139.883841,CHIBA_UCHIBOU
旧江戸川河口,クロダイ,35.647462,139.883412,CHIBA_UCHIBOU
旧江戸川河口,クロダイ,35.647794,139.885021,CHIBA_UCHIBOU
旧江戸川河口,クロダイ,35.638795,139.871053,CHIBA_UCHIBOU
旧江戸川河口,スズキ,35.63965,139.872619,CHIBA_UCHIBOU
旧江戸川河口,マゴチ,35.642406,139.878498,CHIBA_UCHIBOU
旧江戸川河口,タチウオ,35.63785318,139.8705375,CHIBA_UCHIBOU
興津東港・興津西港,シマアジ,35.13031213,140.2505799,CHIBA_SOTOBOU
興津東港・興津西港,アジ,35.130491,140.250955,CHIBA_SOTOBOU
興津東港・興津西港,イナダ,35.13059127,140.2514068,CHIBA_SOTOBOU
興津東港・興津西港,シロギス,35.13436024,140.2501827,CHIBA_SOTOBOU
興津東港・興津西港,メゴチ,35.13445678,140.250805,CHIBA_SOTOBOU
興津東港・興津西港,アイナメ,35.134181,140.250829,CHIBA_SOTOBOU
興津東港・興津西港,スズキ,35.13367525,140.2510411,CHIBA_SOTOBOU
興津東港・興津西港,アジ,35.13378119,140.2514488,CHIBA_SOTOBOU
興津東港・興津西港,クロダイ,35.13345767,140.2515813,CHIBA_SOTOBOU
興津東港・興津西港,メジナ,35.13302651,140.2520496,CHIBA_SOTOBOU
興津東港・興津西港,ウミタナゴ,35.13292598,140.2511725,CHIBA_SOTOBOU
興津東港・興津西港,アジ,35.13329638,140.2510047,CHIBA_SOTOBOU
興津東港・興津西港,アオリイカ,35.13219292,140.2513629,CHIBA_SOTOBOU
興津東港・興津西港,スズキ,35.13223745,140.2504617,CHIBA_SOTOBOU
興津東港・興津西港,ムツ,35.13273699,140.2505261,CHIBA_SOTOBOU
興津東港・興津西港,サヨリ,35.1322658,140.2522982,CHIBA_SOTOBOU
興津東港・興津西港,イシダイ,35.13271039,140.2526289,CHIBA_SOTOBOU
興津東港・興津西港,スズキ,35.13183143,140.2520403,CHIBA_SOTOBOU
興津東港・興津西港,アイナメ,35.133263,140.249206,CHIBA_SOTOBOU
興津東港・興津西港,メジナ,35.13298742,140.2492735,CHIBA_SOTOBOU
興津東港・興津西港,ウミタナゴ,35.13261437,140.2487102,CHIBA_SOTOBOU
興津東港・興津西港,シロギス,35.13224521,140.2492708,CHIBA_SOTOBOU
興津東港・興津西港,クロダイ,35.13249152,140.2483159,CHIBA_SOTOBOU
興津東港・興津西港,アジ,35.13049181,140.2495329,CHIBA_SOTOBOU
興津東港・興津西港,イワシ,35.13058478,140.2499881,CHIBA_SOTOBOU
興津東港・興津西港,メゴチ,35.130228,140.248992,CHIBA_SOTOBOU
興津東港・興津西港,クロダイ,35.13013101,140.2500325,CHIBA_SOTOBOU
興津東港・興津西港,スズキ,35.129851,140.250247,CHIBA_SOTOBOU
興津東港・興津西港,クロダイ,35.12981522,140.2511162,CHIBA_SOTOBOU
興津東港・興津西港,アジ,35.129684,140.248552,CHIBA_SOTOBOU
興津東港・興津西港,イワシ,35.13030587,140.2480384,CHIBA_SOTOBOU
興津東港・興津西港,ウミタナゴ,35.12956951,140.2497214,CHIBA_SOTOBOU
興津東港・興津西港,メジナ,35.12962333,140.2510654,CHIBA_SOTOBOU
興津東港・興津西港,サヨリ,35.130166,140.251105,CHIBA_SOTOBOU
興津東港・興津西港,ヒラメ,35.13083942,140.2509213,CHIBA_SOTOBOU
興津東港・興津西港,スズキ,35.12921982,140.2507771,CHIBA_SOTOBOU
興津東港・興津西港,クロダイ,35.13270205,140.2514729,CHIBA_SOTOBOU
興津東港・興津西港,アジ,35.13278566,140.2520791,CHIBA_SOTOBOU
興津東港・興津西港,メジナ,35.129833,140.250719,CHIBA_SOTOBOU
興津東港・興津西港,ショゴ,35.13036,140.250151,CHIBA_SOTOBOU
興津東港・興津西港,ショゴ,35.130035,140.251481,CHIBA_SOTOBOU
興津東港・興津西港,ショゴ,35.12914834,140.2498394,CHIBA_SOTOBOU
興津東港・興津西港,ショゴ,35.128814,140.249614,CHIBA_SOTOBOU
興津東港・興津西港,ショゴ,35.130193,140.247619,CHIBA_SOTOBOU
興津東港・興津西港,カイズ,35.121348,140.234776,CHIBA_SOTOBOU
興津東港・興津西港,カイズ,35.121585,140.235216,CHIBA_SOTOBOU
興津東港・興津西港,カイズ,35.1213826,140.2355084,CHIBA_SOTOBOU
興津東港・興津西港,アジ,35.133712,140.252138,CHIBA_SOTOBOU
興津東港・興津西港,アジ,35.133071,140.251264,CHIBA_SOTOBOU
興津東港・興津西港,アジ,35.13276805,140.2512315,CHIBA_SOTOBOU
興津東港・興津西港,アジ,35.13282495,140.2516875,CHIBA_SOTOBOU
興津東港・興津西港,アジ,35.13488278,140.2520201,CHIBA_SOTOBOU
興津東港・興津西港,アジ,35.13278561,140.2493218,CHIBA_SOTOBOU
興津東港・興津西港,アジ,35.13257499,140.2492896,CHIBA_SOTOBOU
興津東港・興津西港,サヨリ,35.132342,140.248828,CHIBA_SOTOBOU
興津東港・興津西港,イシモチ,35.13267,140.249639,CHIBA_SOTOBOU
金谷漁港・フェリー乗り場,クロダイ,35.17080437,139.8173627,CHIBA_MINAMI
金谷漁港・フェリー乗り場,アイナメ,35.17163314,139.8160324,CHIBA_MINAMI
金谷漁港・フェリー乗り場,アジ,35.17039515,139.814891,CHIBA_MINAMI
金谷漁港・フェリー乗り場,アジ,35.17106545,139.8150959,CHIBA_MINAMI
金谷漁港・フェリー乗り場,クロダイ,35.17052815,139.8153028,CHIBA_MINAMI
金谷漁港・フェリー乗り場,スズキ,35.170213,139.815877,CHIBA_MINAMI
金谷漁港・フェリー乗り場,クロダイ,35.1706246,139.816145,CHIBA_MINAMI
金谷漁港・フェリー乗り場,アイナメ,35.17082633,139.8159304,CHIBA_MINAMI
金谷漁港・フェリー乗り場,クロダイ,35.17068716,139.8150504,CHIBA_MINAMI
金谷漁港・フェリー乗り場,ウミタナゴ,35.17082182,139.8154959,CHIBA_MINAMI
金谷漁港・フェリー乗り場,クロダイ,35.16898173,139.8162566,CHIBA_MINAMI
金谷漁港・フェリー乗り場,メバル,35.1687089,139.816378,CHIBA_MINAMI
金谷漁港・フェリー乗り場,スズキ,35.16877703,139.8159076,CHIBA_MINAMI
金谷漁港・フェリー乗り場,クロダイ,35.16617799,139.8204365,CHIBA_MINAMI
金谷漁港・フェリー乗り場,クロダイ,35.16689266,139.8202166,CHIBA_MINAMI
金谷漁港・フェリー乗り場,メバル,35.16534038,139.8204258,CHIBA_MINAMI
金谷漁港・フェリー乗り場,アジ,35.16562121,139.820635,CHIBA_MINAMI
金谷漁港・フェリー乗り場,アジ,35.16497201,139.8204955,CHIBA_MINAMI
金谷漁港・フェリー乗り場,アジ,35.16477036,139.8194334,CHIBA_MINAMI
金谷漁港・フェリー乗り場,シロギス,35.16506238,139.8197995,CHIBA_MINAMI
金谷漁港・フェリー乗り場,クロダイ,35.16437561,139.8197392,CHIBA_MINAMI
金谷漁港・フェリー乗り場,アジ,35.164266,139.820278,CHIBA_MINAMI
金谷漁港・フェリー乗り場,メバル,35.16468399,139.8203153,CHIBA_MINAMI
金谷漁港・フェリー乗り場,メバル,35.16464757,139.8188755,CHIBA_MINAMI
金谷漁港・フェリー乗り場,クロダイ,35.16433616,139.8190418,CHIBA_MINAMI
金谷漁港・フェリー乗り場,メジナ,35.16449847,139.8192349,CHIBA_MINAMI
金谷漁港・フェリー乗り場,ウミタナゴ,35.16400688,139.8193958,CHIBA_MINAMI
金谷漁港・フェリー乗り場,カレイ,35.164967,139.818926,CHIBA_MINAMI
金谷漁港・フェリー乗り場,シロギス,35.16482061,139.8181684,CHIBA_MINAMI
金谷漁港・フェリー乗り場,アジ,35.16467,139.820976,CHIBA_MINAMI
金谷漁港・フェリー乗り場,ハゼ,35.16378352,139.8211715,CHIBA_MINAMI
金谷漁港・フェリー乗り場,メバル,35.1643181,139.8207781,CHIBA_MINAMI
金谷漁港・フェリー乗り場,ムラソイ,35.16864698,139.8168746,CHIBA_MINAMI
金谷漁港・フェリー乗り場,カサゴ,35.16837945,139.817234,CHIBA_MINAMI
金谷漁港・フェリー乗り場,ムラソイ,35.168112,139.817567,CHIBA_MINAMI
金谷漁港・フェリー乗り場,カサゴ,35.167892,139.817899,CHIBA_MINAMI
金谷漁港・フェリー乗り場,カサゴ,35.16931,139.816742,CHIBA_MINAMI
金谷漁港・フェリー乗り場,ムラソイ,35.167624,139.818305,CHIBA_MINAMI
金谷漁港・フェリー乗り場,カサゴ,35.167772,139.81876,CHIBA_MINAMI
金谷漁港・フェリー乗り場,メバル,35.169602,139.818138,CHIBA_MINAMI
金谷漁港・フェリー乗り場,メバル,35.169881,139.818328,CHIBA_MINAMI
金谷漁港・フェリー乗り場,メバル,35.169739,139.818237,CHIBA_MINAMI
金谷漁港・フェリー乗り場,メバル,35.17087021,139.8172286,CHIBA_MINAMI
金谷漁港・フェリー乗り場,メバル,35.170853,139.817502,CHIBA_MINAMI
金谷漁港・フェリー乗り場,メバル,35.17034832,139.8166493,CHIBA_MINAMI
金谷漁港・フェリー乗り場,メバル,35.170273,139.816483,CHIBA_MINAMI
金谷漁港・フェリー乗り場,メバル,35.17050178,139.8162255,CHIBA_MINAMI
金谷漁港・フェリー乗り場,メバル,35.170383,139.816354,CHIBA_MINAMI
金谷漁港・フェリー乗り場,メバル,35.170682,139.815925,CHIBA_MINAMI
金谷漁港・フェリー乗り場,メバル,35.170743,139.815721,CHIBA_MINAMI
金谷漁港・フェリー乗り場,メバル,35.198807,139.82708,CHIBA_MINAMI
金谷漁港・フェリー乗り場,メバル,35.19864,139.826716,CHIBA_MINAMI
金谷漁港・フェリー乗り場,メバル,35.198938,139.82751,CHIBA_MINAMI
金谷漁港・フェリー乗り場,メバル,35.199114,139.827896,CHIBA_MINAMI
金谷漁港・フェリー乗り場,メバル,35.20012,139.826384,CHIBA_MINAMI
栗山川河口,ハゼ,35.60998068,140.5306184,CHIBA_CHOUSHI
栗山川河口,メゴチ,35.61036458,140.5316269,CHIBA_CHOUSHI
栗山川河口,スズキ,35.61080071,140.531112,CHIBA_CHOUSHI
栗山川河口,スズキ,35.60773088,140.536074,CHIBA_CHOUSHI
栗山川河口,スズキ,35.60689699,140.535678,CHIBA_CHOUSHI
栗山川河口,ヒラメ,35.60759106,140.5364925,CHIBA_CHOUSHI
栗山川河口,ヒラメ,35.60800713,140.5362242,CHIBA_CHOUSHI
栗山川河口,ヒラメ,35.60729807,140.536118,CHIBA_CHOUSHI
栗山川河口,スズキ,35.60820993,140.5351835,CHIBA_CHOUSHI
栗山川河口,シロギス,35.60826602,140.5363153,CHIBA_CHOUSHI
栗山川河口,シロギス,35.60846372,140.5365277,CHIBA_CHOUSHI
栗山川河口,シロギス,35.60713136,140.5352152,CHIBA_CHOUSHI
栗山川河口,イシモチ,35.60732884,140.5356401,CHIBA_CHOUSHI
検見川浜突堤,スズキ,35.622271,140.057525,CHIBA_UCHIBOU
検見川浜突堤,ハゼ,35.62178486,140.0571145,CHIBA_UCHIBOU
検見川浜突堤,ヒイカ,35.6211562,140.0562344,CHIBA_UCHIBOU
検見川浜突堤,シロギス,35.62046528,140.0571752,CHIBA_UCHIBOU
検見川浜突堤,シロギス,35.6218,140.055401,CHIBA_UCHIBOU
検見川浜突堤,アイナメ,35.62100166,140.0540569,CHIBA_UCHIBOU
検見川浜突堤,イワシ,35.62049144,140.0531691,CHIBA_UCHIBOU
検見川浜突堤,ハゼ,35.62020356,140.0522143,CHIBA_UCHIBOU
検見川浜突堤,サヨリ,35.61984838,140.0514853,CHIBA_UCHIBOU
検見川浜突堤,アナゴ,35.62003348,140.0501501,CHIBA_UCHIBOU
検見川浜突堤,イシモチ,35.62094736,140.0497139,CHIBA_UCHIBOU
検見川浜突堤,スズキ,35.62230388,140.0494218,CHIBA_UCHIBOU
検見川浜突堤,カレイ,35.62025583,140.0542164,CHIBA_UCHIBOU
検見川浜突堤,シロギス,35.61994748,140.0530026,CHIBA_UCHIBOU
検見川浜突堤,イシモチ,35.62032409,140.0511022,CHIBA_UCHIBOU
検見川浜突堤,スズキ,35.62094717,140.0551268,CHIBA_UCHIBOU
検見川浜突堤,ハゼ,35.62063866,140.0502374,CHIBA_UCHIBOU
検見川浜突堤,アイナメ,35.62140281,140.0499642,CHIBA_UCHIBOU
検見川浜突堤,カレイ,35.62161268,140.0517584,CHIBA_UCHIBOU
検見川浜突堤,イワシ,35.62101988,140.0520771,CHIBA_UCHIBOU
検見川浜突堤,サヨリ,35.62123635,140.050996,CHIBA_UCHIBOU
検見川浜突堤,スズキ,35.621731,140.050617,CHIBA_UCHIBOU
検見川浜突堤,アナゴ,35.619645,140.053958,CHIBA_UCHIBOU
検見川浜突堤,シロギス,35.620361,140.055181,CHIBA_UCHIBOU
検見川浜突堤,シロギス,35.620344,140.04928,CHIBA_UCHIBOU
検見川浜突堤,イシモチ,35.619609,140.050696,CHIBA_UCHIBOU
検見川浜突堤,カレイ,35.621372,140.048829,CHIBA_UCHIBOU
見物堤防,ウミタナゴ,34.97445405,139.7928473,CHIBA_MINAMI
見物堤防,シロギス,34.97442764,139.7931424,CHIBA_MINAMI
見物堤防,アジ,34.97467827,139.7933784,CHIBA_MINAMI
見物堤防,メジナ,34.97488485,139.7932336,CHIBA_MINAMI
見物堤防,スズキ,34.97495523,139.7937861,CHIBA_MINAMI
見物堤防,サヨリ,34.974683,139.793684,CHIBA_MINAMI
見物堤防,アオリイカ,34.97444079,139.7935554,CHIBA_MINAMI
見物堤防,メゴチ,34.97500347,139.7929761,CHIBA_MINAMI
見物堤防,クロダイ,34.97484088,139.7926703,CHIBA_MINAMI
見物堤防,アオリイカ,34.97502551,139.7926381,CHIBA_MINAMI
見物堤防,シロギス,34.97519261,139.7930512,CHIBA_MINAMI
見物堤防,サヨリ,34.97512227,139.7935072,CHIBA_MINAMI
見物堤防,クロダイ,34.97462099,139.7922894,CHIBA_MINAMI
見物堤防,メジナ,34.97478372,139.7923484,CHIBA_MINAMI
見物堤防,アオリイカ,34.97473115,139.7919568,CHIBA_MINAMI
見物堤防,シロギス,34.97514432,139.7922787,CHIBA_MINAMI
見物堤防,メゴチ,34.97494635,139.792048,CHIBA_MINAMI
元名港,クロダイ,35.14657727,139.8298672,CHIBA_MINAMI
元名港,カワハギ,35.1469548,139.8299155,CHIBA_MINAMI
元名港,メバル,35.14673112,139.8297974,CHIBA_MINAMI
元名港,クロダイ,35.1468715,139.8297331,CHIBA_MINAMI
元名港,ウミタナゴ,35.14688432,139.8300603,CHIBA_MINAMI
元名港,シロギス,35.14738487,139.8303553,CHIBA_MINAMI
元名港,イシモチ,35.14700743,139.8302856,CHIBA_MINAMI
元名港,メゴチ,35.14720489,139.8303446,CHIBA_MINAMI
元名港,シロギス,35.14682322,139.8302105,CHIBA_MINAMI
原港・名倉港,マゴチ,34.90718407,139.9103815,CHIBA_MINAMI
原港・名倉港,クロダイ,34.90728362,139.9107532,CHIBA_MINAMI
原港・名倉港,クロダイ,34.90676824,139.9108002,CHIBA_MINAMI
原港・名倉港,アジ,34.90703224,139.9108055,CHIBA_MINAMI
原港・名倉港,アジ,34.906285,139.90867,CHIBA_MINAMI
原港・名倉港,シロギス,34.90681698,139.9091752,CHIBA_MINAMI
原港・名倉港,メジナ,34.9063504,139.9089333,CHIBA_MINAMI
原港・名倉港,クロダイ,34.90605175,139.908978,CHIBA_MINAMI
原港・名倉港,サヨリ,34.90630643,139.9093089,CHIBA_MINAMI
原港・名倉港,シロギス,34.90663048,139.9092511,CHIBA_MINAMI
原港・名倉港,イシダイ,34.9064687,139.9091373,CHIBA_MINAMI
原港・名倉港,アジ,34.90470165,139.9088338,CHIBA_MINAMI
原港・名倉港,アジ,34.9051372,139.9094939,CHIBA_MINAMI
原港・名倉港,アジ,34.905417,139.909501,CHIBA_MINAMI
原港・名倉港,メバル,34.906214,139.909061,CHIBA_MINAMI
原港・名倉港,メバル,34.90528,139.909547,CHIBA_MINAMI
原港・名倉港,メバル,34.90482,139.908675,CHIBA_MINAMI
原港・名倉港,メバル,34.904813,139.909024,CHIBA_MINAMI
戸面原ダム,戸面原ダムボートセンター,35.17510737,139.9612552,CHIBA_MINAMI
御宿漁港,スズキ,35.179723,140.350162,CHIBA_SOTOBOU
御宿漁港,カサゴ,35.179561,140.349921,CHIBA_SOTOBOU
御宿漁港,クロダイ,35.17931541,140.3497973,CHIBA_SOTOBOU
御宿漁港,アイナメ,35.17908749,140.3496042,CHIBA_SOTOBOU
御宿漁港,シロギス,35.179346,140.350055,CHIBA_SOTOBOU
御宿漁港,スズキ,35.17913129,140.3498992,CHIBA_SOTOBOU
御宿漁港,イシモチ,35.17995149,140.3498617,CHIBA_SOTOBOU
御宿漁港,メジナ,35.17864444,140.3495452,CHIBA_SOTOBOU
御宿漁港,ウミタナゴ,35.178881,140.349733,CHIBA_SOTOBOU
御宿漁港,クロダイ,35.17886395,140.3494433,CHIBA_SOTOBOU
御宿漁港,クロダイ,35.178513,140.3492501,CHIBA_SOTOBOU
御宿漁港,スズキ,35.178355,140.349492,CHIBA_SOTOBOU
御宿漁港,アジ,35.178781,140.348977,CHIBA_SOTOBOU
御宿漁港,クロダイ,35.17888563,140.3487459,CHIBA_SOTOBOU
御宿漁港,アジ,35.17903906,140.3489068,CHIBA_SOTOBOU
御宿漁港,アジ,35.178298,140.34896,CHIBA_SOTOBOU
御宿漁港,アジ,35.17799958,140.3486171,CHIBA_SOTOBOU
御宿漁港,アジ,35.177886,140.34807,CHIBA_SOTOBOU
御宿漁港,アオリイカ,35.17821044,140.348644,CHIBA_SOTOBOU
御宿漁港,シロギス,35.17855692,140.3486922,CHIBA_SOTOBOU
御宿漁港,メジナ,35.17813583,140.3493413,CHIBA_SOTOBOU
御宿漁港,アイナメ,35.17796924,140.3490999,CHIBA_SOTOBOU
御宿漁港,メバル,35.17780261,140.3489175,CHIBA_SOTOBOU
御宿漁港,クロダイ,35.17769278,140.3491858,CHIBA_SOTOBOU
御宿漁港,スズキ,35.177816,140.349465,CHIBA_SOTOBOU
御宿漁港,イナダ,35.178491,140.34977,CHIBA_SOTOBOU
江見港,アジ,35.058666,140.061291,CHIBA_MINAMI
江見港,スズキ,35.05853443,140.0618139,CHIBA_MINAMI
江見港,クロダイ,35.05839413,140.0612935,CHIBA_MINAMI
江見港,アジ,35.0580605,140.061653,CHIBA_MINAMI
江見港,イシモチ,35.05794159,140.060226,CHIBA_MINAMI
江見港,シロギス,35.0577309,140.0605264,CHIBA_MINAMI
江見港,メジナ,35.05761249,140.0613365,CHIBA_MINAMI
江見港,クロダイ,35.05748536,140.0611755,CHIBA_MINAMI
江見港,アジ,35.05801225,140.0609931,CHIBA_MINAMI
江見港,シロギス,35.05741083,140.0606498,CHIBA_MINAMI
江見港,サヨリ,35.05717146,140.0607901,CHIBA_MINAMI
江見港,スズキ,35.057051,140.061216,CHIBA_MINAMI
江見港,スズキ,35.05698886,140.061712,CHIBA_MINAMI
江見港,クロダイ,35.05719094,140.0620982,CHIBA_MINAMI
江見港,スズキ,35.056928,140.062224,CHIBA_MINAMI
江見港,アジ,35.05736666,140.0609663,CHIBA_MINAMI
江見港,アジ,35.057573,140.06102,CHIBA_MINAMI
江見港,アジ,35.057696,140.061192,CHIBA_MINAMI
江見港,アジ,35.057876,140.061412,CHIBA_MINAMI
江見港,アジ,35.057907,140.061599,CHIBA_MINAMI
江見港,アジ,35.057924,140.061197,CHIBA_MINAMI
江戸川河口周辺,アイナメ,35.67150351,139.9531442,CHIBA_UCHIBOU
江戸川河口周辺,スズキ,35.67063244,139.9526721,CHIBA_UCHIBOU
江戸川河口周辺,ハゼ,35.67183789,139.9523648,CHIBA_UCHIBOU
江戸川河口周辺,アナゴ,35.67193002,139.9514705,CHIBA_UCHIBOU
江戸川河口周辺,カレイ,35.67124243,139.9521142,CHIBA_UCHIBOU
江戸川河口周辺,メバル,35.67237506,139.9520386,CHIBA_UCHIBOU
江戸川河口周辺,ボラ,35.67089266,139.9536699,CHIBA_UCHIBOU
江戸川河口周辺,カレイ,35.68257931,139.9439249,CHIBA_UCHIBOU
江戸川河口周辺,スズキ,35.68132212,139.9451842,CHIBA_UCHIBOU
江戸川河口周辺,ハゼ,35.68154402,139.9463222,CHIBA_UCHIBOU
江戸川河口周辺,セイゴ,35.68220974,139.9448959,CHIBA_UCHIBOU
江戸川河口周辺,ハゼ,35.68322036,139.9441525,CHIBA_UCHIBOU
行徳海岸,ハゼ,35.66670421,139.9390847,CHIBA_UCHIBOU
行徳海岸,サヨリ,35.66667441,139.9407041,CHIBA_UCHIBOU
行徳海岸,スズキ,35.66514094,139.938215,CHIBA_UCHIBOU
行徳海岸,カレイ,35.66484408,139.9407899,CHIBA_UCHIBOU
行徳海岸,アナゴ,35.66556006,139.9366057,CHIBA_UCHIBOU
行徳海岸,セイゴ,35.66581633,139.9396613,CHIBA_UCHIBOU
香谷堤防・塩見堤防,アジ,34.97930677,139.8135111,CHIBA_MINAMI
香谷堤防・塩見堤防,メゴチ,34.97894603,139.8133931,CHIBA_MINAMI
香谷堤防・塩見堤防,クロダイ,34.97937708,139.8129746,CHIBA_MINAMI
香谷堤防・塩見堤防,マゴチ,34.97970687,139.8132965,CHIBA_MINAMI
香谷堤防・塩見堤防,サヨリ,34.97950012,139.8136237,CHIBA_MINAMI
香谷堤防・塩見堤防,スズキ,34.9792409,139.8138651,CHIBA_MINAMI
香谷堤防・塩見堤防,クロダイ,34.97909554,139.8132536,CHIBA_MINAMI
香谷堤防・塩見堤防,メジナ,34.97926711,139.8132429,CHIBA_MINAMI
香谷堤防・塩見堤防,クロダイ,34.97957933,139.8127922,CHIBA_MINAMI
香谷堤防・塩見堤防,アジ,34.97950899,139.8132375,CHIBA_MINAMI
香谷堤防・塩見堤防,アジ,34.98042749,139.8172179,CHIBA_MINAMI
香谷堤防・塩見堤防,アジ,34.98021645,139.8175451,CHIBA_MINAMI
香谷堤防・塩見堤防,クロダイ,34.98048468,139.8175988,CHIBA_MINAMI
香谷堤防・塩見堤防,サヨリ,34.980388,139.81784,CHIBA_MINAMI
香谷堤防・塩見堤防,ヒラメ,34.9808453,139.8176685,CHIBA_MINAMI
香谷堤防・塩見堤防,アオリイカ,34.98070889,139.8173788,CHIBA_MINAMI
香谷堤防・塩見堤防,クロダイ,34.98022962,139.8170194,CHIBA_MINAMI
香谷堤防・塩見堤防,アジ,34.980045,139.81666,CHIBA_MINAMI
香谷堤防・塩見堤防,シロギス,34.98014626,139.8161772,CHIBA_MINAMI
香谷堤防・塩見堤防,メゴチ,34.98036163,139.8166171,CHIBA_MINAMI
香谷堤防・塩見堤防,マゴチ,34.98071778,139.8165366,CHIBA_MINAMI
香谷堤防・塩見堤防,サヨリ,34.98084516,139.817057,CHIBA_MINAMI
香谷堤防・塩見堤防,シロギス,34.98109553,139.8174056,CHIBA_MINAMI
香谷堤防・塩見堤防,カワハギ,34.979927,139.816333,CHIBA_MINAMI
香谷堤防・塩見堤防,マゴチ,34.980625,139.817846,CHIBA_MINAMI
香谷堤防・塩見堤防,シロギス,34.980212,139.817915,CHIBA_MINAMI
香谷堤防・塩見堤防,シロギス,34.9804781,139.8182974,CHIBA_MINAMI
香谷堤防・塩見堤防,シロギス,34.9786006,139.8181305,CHIBA_MINAMI
香谷堤防・塩見堤防,シロギス,34.9787375,139.8185325,CHIBA_MINAMI
香谷堤防・塩見堤防,シロギス,34.978775,139.81788,CHIBA_MINAMI
香谷堤防・塩見堤防,シロギス,34.978639,139.818866,CHIBA_MINAMI
香谷堤防・塩見堤防,シロギス,34.978856,139.819109,CHIBA_MINAMI
香谷堤防・塩見堤防,シロギス,34.98093157,139.8181456,CHIBA_MINAMI
高崎港・小浦港,アジ,35.0830383,139.8396076,CHIBA_MINAMI
高崎港・小浦港,メゴチ,35.08313,139.840234,CHIBA_MINAMI
高崎港・小浦港,シロギス,35.083393,139.840963,CHIBA_MINAMI
高崎港・小浦港,シロギス,35.08400068,139.8411022,CHIBA_MINAMI
高崎港・小浦港,ハゼ,35.08350403,139.8397214,CHIBA_MINAMI
高崎港・小浦港,メバル,35.08321839,139.8392131,CHIBA_MINAMI
高崎港・小浦港,クロダイ,35.08303856,139.8388414,CHIBA_MINAMI
高崎港・小浦港,クロダイ,35.08210086,139.8389097,CHIBA_MINAMI
高崎港・小浦港,アジ,35.082463,139.838775,CHIBA_MINAMI
高崎港・小浦港,シロギス,35.08338006,139.8384848,CHIBA_MINAMI
高崎港・小浦港,シロギス,35.08274011,139.8383255,CHIBA_MINAMI
高崎港・小浦港,アジ,35.08074176,139.8368329,CHIBA_MINAMI
高崎港・小浦港,アジ,35.0800658,139.8373586,CHIBA_MINAMI
高崎港・小浦港,ハゼ,35.07949496,139.8375732,CHIBA_MINAMI
高崎港・小浦港,ハゼ,35.08054871,139.8374552,CHIBA_MINAMI
高崎港・小浦港,クロダイ,35.0805837,139.8363608,CHIBA_MINAMI
高崎港・小浦港,メバル,35.08027224,139.836503,CHIBA_MINAMI
高崎港・小浦港,クロダイ,35.07994286,139.8367363,CHIBA_MINAMI
高崎港・小浦港,アジ,35.07922735,139.8364493,CHIBA_MINAMI
高崎港・小浦港,マゴチ,35.07988597,139.8359558,CHIBA_MINAMI
高崎港・小浦港,シロギス,35.07953449,139.8359933,CHIBA_MINAMI
高州海浜公園,ハゼ,35.63323174,139.9239913,CHIBA_UCHIBOU
高州海浜公園,セイゴ,35.63355513,139.9244204,CHIBA_UCHIBOU
高州海浜公園,ハゼ,35.6348324,139.923605,CHIBA_UCHIBOU
高州海浜公園,ハゼ,35.633842,139.924745,CHIBA_UCHIBOU
高州海浜公園,セイゴ,35.63343732,139.9253109,CHIBA_UCHIBOU
高州海浜公園,メバル,35.6330537,139.9261853,CHIBA_UCHIBOU
高州海浜公園,カレイ,35.63230503876,139.92615745953,CHIBA_UCHIBOU
高州海浜公園,フッコ,35.63226453,139.9254343,CHIBA_UCHIBOU
高州海浜公園,クロダイ,35.63272703,139.9256864,CHIBA_UCHIBOU
高州海浜公園,シロギス,35.631849006759,139.92578951754,CHIBA_UCHIBOU
高州海浜公園,スズキ,35.63257049,139.9267682,CHIBA_UCHIBOU
高州海浜公園,サヨリ,35.63194227,139.9247369,CHIBA_UCHIBOU
高州海浜公園,アナゴ,35.6315098,139.9246364,CHIBA_UCHIBOU
高州海浜公園,シロギス,35.63056343,139.9225509,CHIBA_UCHIBOU
高州海浜公園,シロギス,35.628922,139.919397,CHIBA_UCHIBOU
高州海浜公園,イシモチ,35.62962155,139.9209416,CHIBA_UCHIBOU
高州海浜公園,アナゴ,35.62963909,139.9219072,CHIBA_UCHIBOU
高州海浜公園,カレイ,35.629987,139.92268,CHIBA_UCHIBOU
高州海浜公園,カレイ,35.62901,139.920663,CHIBA_UCHIBOU
高州海浜公園,イシモチ,35.628557,139.920105,CHIBA_UCHIBOU
高州海浜公園,シロギス,35.629099,139.921585,CHIBA_UCHIBOU
高州海浜公園,イシモチ,35.629534,139.922851,CHIBA_UCHIBOU
高州海浜公園,アナゴ,35.63011,139.923559,CHIBA_UCHIBOU
高州海浜公園,イシモチ,35.630721,139.923645,CHIBA_UCHIBOU
高須船溜・金田港,ハゼ,35.43899433,139.9195844,CHIBA_UCHIBOU
高須船溜・金田港,メバル,35.43939645,139.9194664,CHIBA_UCHIBOU
高須船溜・金田港,クロダイ,35.43982487,139.9193269,CHIBA_UCHIBOU
高須船溜・金田港,セイゴ,35.44027073,139.9190909,CHIBA_UCHIBOU
高須船溜・金田港,ハゼ,35.44026171,139.9199599,CHIBA_UCHIBOU
高須船溜・金田港,クロダイ,35.44037525,139.9206036,CHIBA_UCHIBOU
高須船溜・金田港,メバル,35.44051516,139.9212795,CHIBA_UCHIBOU
高須船溜・金田港,スズキ,35.44090857,139.9197346,CHIBA_UCHIBOU
高須船溜・金田港,カレイ,35.44110968,139.9203354,CHIBA_UCHIBOU
高須船溜・金田港,フッコ,35.4407947,139.9208397,CHIBA_UCHIBOU
高須船溜・金田港,スズキ,35.44069907,139.918887,CHIBA_UCHIBOU
高須船溜・金田港,ハゼ,35.43722069,139.9121226,CHIBA_UCHIBOU
高須船溜・金田港,セイゴ,35.43667815,139.9111623,CHIBA_UCHIBOU
高須船溜・金田港,ボラ,35.43683713,139.9118646,CHIBA_UCHIBOU
高須船溜・金田港,スズキ,35.43728126,139.9113768,CHIBA_UCHIBOU
高須船溜・金田港,ハゼ,35.43640503,139.9129267,CHIBA_UCHIBOU
高須船溜・金田港,カレイ,35.43553962,139.9113791,CHIBA_UCHIBOU
高須船溜・金田港,ボラ,35.43597218,139.9121074,CHIBA_UCHIBOU
高滝湖,高滝湖観光企業組合,35.35102233,140.1615493,CHIBA_SOTOBOU
国府台,テナガエビ,35.742207,139.900903,CHIBA_UCHIBOU
国府台,テナガエビ,35.743978,139.900554,CHIBA_UCHIBOU
国府台,テナガエビ,35.743608,139.900672,CHIBA_UCHIBOU
国府台,テナガエビ,35.743216,139.900779,CHIBA_UCHIBOU
国府台,テナガエビ,35.742816,139.900914,CHIBA_UCHIBOU
国府台,テナガエビ,35.742576,139.900951,CHIBA_UCHIBOU
今井橋周辺,ウナギ,35.679881,139.886298,CHIBA_UCHIBOU
今井橋周辺,ウナギ,35.679597,139.886632,CHIBA_UCHIBOU
今井橋周辺,ウナギ,35.67977,139.887148,CHIBA_UCHIBOU
今井橋周辺,ウナギ,35.6805211,139.8899853,CHIBA_UCHIBOU
今井橋周辺,ウナギ,35.68034276,139.8895188,CHIBA_UCHIBOU
今井橋周辺,ウナギ,35.678524,139.887315,CHIBA_UCHIBOU
今井橋周辺,ウナギ,35.679449,139.887103,CHIBA_UCHIBOU
今井橋周辺,ハゼ,35.679906,139.887558,CHIBA_UCHIBOU
今井橋周辺,ハゼ,35.68082952,139.890156,CHIBA_UCHIBOU
今井橋周辺,フッコ,35.6806632,139.8895946,CHIBA_UCHIBOU
今井橋周辺,フッコ,35.679634,139.885919,CHIBA_UCHIBOU
今井橋周辺,ハゼ,35.67935,139.886222,CHIBA_UCHIBOU
今井橋周辺,ハゼ,35.679173,139.885671,CHIBA_UCHIBOU
今井橋周辺,ハゼ,35.678755,139.885681,CHIBA_UCHIBOU
今井橋周辺,ハゼ,35.678397,139.885703,CHIBA_UCHIBOU
今井橋周辺,ハゼ,35.678798,139.88743,CHIBA_UCHIBOU
今井橋周辺,ハゼ,35.678275,139.887108,CHIBA_UCHIBOU
今井橋周辺,ハゼ,35.68007133,139.8890939,CHIBA_UCHIBOU
今井橋周辺,ウナギ,35.68195353,139.8860782,CHIBA_UCHIBOU
今井橋周辺,スズキ,35.68159607,139.8863786,CHIBA_UCHIBOU
今井橋周辺,スズキ,35.680734,139.886304,CHIBA_UCHIBOU
今井橋周辺,クロダイ,35.681091,139.886518,CHIBA_UCHIBOU
今井橋周辺,スズキ,35.68036747,139.8890408,CHIBA_UCHIBOU
今井橋周辺,スズキ,35.68084188,139.8911802,CHIBA_UCHIBOU
今井橋周辺,クロダイ,35.680485,139.89046,CHIBA_UCHIBOU
今井橋周辺,ウナギ,35.681033,139.891552,CHIBA_UCHIBOU
今井橋周辺,クロダイ,35.680873,139.892068,CHIBA_UCHIBOU
今井橋周辺,テナガエビ,35.68327,139.895284,CHIBA_UCHIBOU
今井橋周辺,テナガエビ,35.683092,139.895899,CHIBA_UCHIBOU
今井橋周辺,ハゼ,35.683215,139.896316,CHIBA_UCHIBOU
今井橋周辺,ハゼ,35.683018,139.896506,CHIBA_UCHIBOU
根本港,アジ,34.903649,139.841383,CHIBA_MINAMI
根本港,ウミタナゴ,34.9035612,139.8414704,CHIBA_MINAMI
根本港,メジナ,34.90326637,139.8407033,CHIBA_MINAMI
根本港,シロギス,34.903311,139.841195,CHIBA_MINAMI
根本港,スズキ,34.90303753,139.840419,CHIBA_MINAMI
根本港,メジナ,34.90299816,139.8407891,CHIBA_MINAMI
根本港,クロダイ,34.90284838,139.8409554,CHIBA_MINAMI
根本港,サヨリ,34.90291002,139.8405638,CHIBA_MINAMI
根本港,アジ,34.90324005,139.8409501,CHIBA_MINAMI
根本港,アジ,34.90312569,139.8406604,CHIBA_MINAMI
根本港,ヒラメ,34.902783,139.840671,CHIBA_MINAMI
根木名川周辺,マブナ,35.837906,140.317917,CHIBA_UCHIBOU
根木名川周辺,クチボソ,35.837561,140.318289,CHIBA_UCHIBOU
根木名川周辺,クチボソ,35.838232,140.317659,CHIBA_UCHIBOU
根木名川周辺,マブナ,35.839463,140.316551,CHIBA_UCHIBOU
根木名川周辺,モロコ,35.838927,140.317022,CHIBA_UCHIBOU
根木名川周辺,モロコ,35.836915,140.318585,CHIBA_UCHIBOU
根木名川周辺,クチボソ,35.835656,140.318509,CHIBA_UCHIBOU
根木名川周辺,マブナ,35.834652,140.318099,CHIBA_UCHIBOU
坂田漁港,アオリイカ,34.97717046,139.7752681,CHIBA_MINAMI
坂田漁港,アジ,34.9774518,139.7755149,CHIBA_MINAMI
坂田漁港,アジ,34.97771561,139.7750804,CHIBA_MINAMI
坂田漁港,メジナ,34.97757045,139.775252,CHIBA_MINAMI
坂田漁港,ウミタナゴ,34.977026,139.775027,CHIBA_MINAMI
坂田漁港,マゴチ,34.97709578,139.7756383,CHIBA_MINAMI
坂田漁港,クロダイ,34.977346,139.7753,CHIBA_MINAMI
坂田漁港,メゴチ,34.97703857,139.775354,CHIBA_MINAMI
坂田漁港,スズキ,34.97783888,139.7756061,CHIBA_MINAMI
坂田漁港,クロダイ,34.97770676,139.7754076,CHIBA_MINAMI
坂田漁港,シロギス,34.97798382,139.7753754,CHIBA_MINAMI
坂田漁港,シロギス,34.97693313,139.7755578,CHIBA_MINAMI
坂田漁港,アオリイカ,34.97771549,139.7747639,CHIBA_MINAMI
坂田漁港,クロダイ,34.97787385,139.774662,CHIBA_MINAMI
坂田漁港,メジナ,34.97791352,139.7750214,CHIBA_MINAMI
三島海岸,スズキ,35.0095395,139.9836516,CHIBA_MINAMI
三島海岸,ヒラメ,35.00806255,139.9830079,CHIBA_MINAMI
三島海岸,ヒラメ,35.0146359,139.990046,CHIBA_MINAMI
三島海岸,ヒラメ,35.01136776,139.985497,CHIBA_MINAMI
三島海岸,スズキ,35.01340546,139.987514,CHIBA_MINAMI
三島海岸,スズキ,35.01761417,139.9918787,CHIBA_MINAMI
三島海岸,マゴチ,35.006977,139.981364,CHIBA_MINAMI
三島海岸,ヒラメ,35.004971,139.979961,CHIBA_MINAMI
三島海岸,ヒラメ,35.00293132,139.9786735,CHIBA_MINAMI
三島海岸,イシモチ,35.016228,139.990304,CHIBA_MINAMI
三島海岸,イシモチ,35.009784,139.985626,CHIBA_MINAMI
三島海岸,イシモチ,35.00082,139.979103,CHIBA_MINAMI
三島海岸,クロダイ,35.002089,139.980261,CHIBA_MINAMI
三島海岸,クロダイ,35.01070015,139.9878144,CHIBA_MINAMI
三島海岸,シロギス,35.012531,139.988802,CHIBA_MINAMI
三島海岸,シロギス,35.015732,139.991934,CHIBA_MINAMI
三島海岸,シロギス,35.008487,139.984982,CHIBA_MINAMI
三島海岸,シロギス,35.0055,139.981935,CHIBA_MINAMI
三島湖・豊英湖,豊英湖つり舟センター,35.18976146,140.0148277,CHIBA_MINAMI
三島湖・豊英湖,房総ロッヂ釣りセンター,35.21158238,140.0332627,CHIBA_MINAMI
三島湖・豊英湖,三島湖 ともゑ釣舟店,35.21264688,140.0321513,CHIBA_MINAMI
三島湖・豊英湖,石井釣舟店,35.20913454,140.0331572,CHIBA_MINAMI
三島湖・豊英湖,渡辺釣舟店,35.21124644,140.0317309,CHIBA_MINAMI
姉ヶ崎港,メバル,35.46725805,140.0214976,CHIBA_UCHIBOU
姉ヶ崎港,シロギス,35.46775648,140.0215727,CHIBA_UCHIBOU
姉ヶ崎港,ハゼ,35.46772126,140.0223988,CHIBA_UCHIBOU
姉ヶ崎港,スズキ,35.4678005,140.0209075,CHIBA_UCHIBOU
姉ヶ崎港,スズキ,35.46876138,140.0217873,CHIBA_UCHIBOU
姉ヶ崎港,ハゼ,35.46801,140.023128,CHIBA_UCHIBOU
姉ヶ崎港,メバル,35.46862128,140.0213259,CHIBA_UCHIBOU
七浦漁港,クロダイ,34.93202508,139.9537262,CHIBA_MINAMI
七浦漁港,アジ,34.931778,139.954182,CHIBA_MINAMI
七浦漁港,クロダイ,34.9319107,139.9541715,CHIBA_MINAMI
七浦漁港,アジ,34.93213059,139.9542198,CHIBA_MINAMI
七浦漁港,アオリイカ,34.93254407,139.9546918,CHIBA_MINAMI
七浦漁港,クロダイ,34.93245606,139.95437,CHIBA_MINAMI
七浦漁港,ウミタナゴ,34.93306321,139.9546006,CHIBA_MINAMI
七浦漁港,アジ,34.93231532,139.9544504,CHIBA_MINAMI
七浦漁港,スズキ,34.93265403,139.9549815,CHIBA_MINAMI
七浦漁港,シロギス,34.93280373,139.9552765,CHIBA_MINAMI
七浦漁港,サヨリ,34.93296204,139.95496,CHIBA_MINAMI
七浦漁港,メジナ,34.93313339,139.9552926,CHIBA_MINAMI
七浦漁港,クロダイ,34.933194,139.954831,CHIBA_MINAMI
七浦漁港,クロダイ,34.932025,139.954413,CHIBA_MINAMI
七浦漁港,クロダイ,34.93217,139.954413,CHIBA_MINAMI
実入の磯,アオリイカ,35.120763,140.177587,CHIBA_SOTOBOU
実入の磯,アオリイカ,35.120291,140.177162,CHIBA_SOTOBOU
守谷漁港,アジ,35.13610657,140.2573845,CHIBA_SOTOBOU
守谷漁港,シロギス,35.13715913,140.2579504,CHIBA_SOTOBOU
守谷漁港,クロダイ,35.13615643,140.2568463,CHIBA_SOTOBOU
守谷漁港,シロギス,35.13615631,140.2579235,CHIBA_SOTOBOU
守谷漁港,メジナ,35.13586529,140.2578297,CHIBA_SOTOBOU
守谷漁港,クロダイ,35.1357097,140.2579539,CHIBA_SOTOBOU
守谷漁港,スズキ,35.13548617,140.2582953,CHIBA_SOTOBOU
守谷漁港,アオリイカ,35.136128,140.257095,CHIBA_SOTOBOU
守谷漁港,アオリイカ,35.136256,140.257379,CHIBA_SOTOBOU
守谷漁港,アオリイカ,35.135984,140.257647,CHIBA_SOTOBOU
守谷漁港,アジ,35.13686906,140.2580577,CHIBA_SOTOBOU
守谷漁港,アジ,35.13769511,140.2604878,CHIBA_SOTOBOU
守谷漁港,シロギス,35.13595785,140.2625892,CHIBA_SOTOBOU
守谷漁港,アジ,35.135843,140.263033,CHIBA_SOTOBOU
守谷漁港,アジ,35.136023,140.26306,CHIBA_SOTOBOU
守谷漁港,アジ,35.135795,140.26276,CHIBA_SOTOBOU
守谷漁港,シロギス,35.13759,140.260905,CHIBA_SOTOBOU
守谷漁港,アジ,35.13749,140.260548,CHIBA_SOTOBOU
手賀沼,WEST VILLE,35.85869743,140.0237342,CHIBA_UCHIBOU
手賀沼,ボートセンター 小池,35.86522555,140.0133825,CHIBA_UCHIBOU
洲崎西港,ウミタナゴ,34.96952197,139.7546527,CHIBA_MINAMI
洲崎西港,メジナ,34.969623,139.754535,CHIBA_MINAMI
洲崎西港,アジ,34.969702,139.754406,CHIBA_MINAMI
洲崎西港,クロダイ,34.969821,139.754256,CHIBA_MINAMI
洲崎西港,メジナ,34.96975491,139.754025,CHIBA_MINAMI
洲崎西港,クロダイ,34.96961868,139.7539714,CHIBA_MINAMI
洲崎西港,サヨリ,34.96989137,139.7538856,CHIBA_MINAMI
洲崎西港,スズキ,34.96989129,139.7536013,CHIBA_MINAMI
洲崎西港,イナダ,34.97003647,139.7537568,CHIBA_MINAMI
洲崎北港,クロダイ,34.9759442,139.7610417,CHIBA_MINAMI
洲崎北港,アジ,34.9761113,139.7608915,CHIBA_MINAMI
洲崎北港,アジ,34.97582527,139.7602639,CHIBA_MINAMI
洲崎北港,アジ,34.976283,139.760292,CHIBA_MINAMI
洲崎北港,クロダイ,34.97619912,139.7603551,CHIBA_MINAMI
洲崎北港,カワハギ,34.97611998,139.7606394,CHIBA_MINAMI
洲崎北港,ウミタナゴ,34.975958,139.760493,CHIBA_MINAMI
洲崎北港,スズキ,34.97598812,139.7602639,CHIBA_MINAMI
洲崎北港,メジナ,34.97611122,139.7603819,CHIBA_MINAMI
洲崎北港,スズキ,34.97649371,139.76028,CHIBA_MINAMI
洲崎北港,メジナ,34.97639254,139.7605053,CHIBA_MINAMI
洲崎北港,アオリイカ,34.976138,139.760145,CHIBA_MINAMI
洲崎北港,シロギス,34.97637063,139.7601351,CHIBA_MINAMI
洲崎北港,シロギス,34.9759045,139.7600493,CHIBA_MINAMI
勝浦漁港,アジ,35.144652,140.312029,CHIBA_SOTOBOU
勝浦漁港,アジ,35.147511,140.311493,CHIBA_SOTOBOU
勝浦漁港,アジ,35.146021,140.310634,CHIBA_SOTOBOU
勝浦漁港,アジ,35.1470683,140.3094961,CHIBA_SOTOBOU
勝浦漁港,カンパチ,35.14712538,140.3110635,CHIBA_SOTOBOU
勝浦漁港,アオリイカ,35.14654633,140.3113639,CHIBA_SOTOBOU
勝浦漁港,ムツ,35.145652,140.311965,CHIBA_SOTOBOU
勝浦漁港,シロギス,35.1451074,140.3111708,CHIBA_SOTOBOU
勝浦漁港,クロダイ,35.14394813,140.3115976,CHIBA_SOTOBOU
勝浦漁港,キビレ,35.14373088,140.3122007,CHIBA_SOTOBOU
勝浦漁港,ヒラメ,35.14563356,140.3111494,CHIBA_SOTOBOU
勝浦漁港,ヒラメ,35.14541835,140.3094278,CHIBA_SOTOBOU
勝浦漁港,カンパチ,35.14614426,140.3092837,CHIBA_SOTOBOU
勝浦漁港,アオリイカ,35.14650988,140.3089499,CHIBA_SOTOBOU
勝浦漁港,スズキ,35.14733559,140.3090864,CHIBA_SOTOBOU
勝浦漁港,アジ,35.14578427,140.3095644,CHIBA_SOTOBOU
勝浦漁港,シロギス,35.14691372,140.3089726,CHIBA_SOTOBOU
勝浦漁港,キビレ,35.14648526,140.3095037,CHIBA_SOTOBOU
勝浦漁港,クロダイ,35.14752163,140.3095189,CHIBA_SOTOBOU
勝浦漁港,アジ,35.14403,140.312322,CHIBA_SOTOBOU
勝浦漁港,アジ,35.14379305,140.3126407,CHIBA_SOTOBOU
勝浦漁港,アジ,35.14335269,140.3127128,CHIBA_SOTOBOU
勝浦漁港,アジ,35.143321,140.312216,CHIBA_SOTOBOU
勝浦漁港,メジナ,35.143098,140.312489,CHIBA_SOTOBOU
勝浦漁港,メジナ,35.143558,140.312959,CHIBA_SOTOBOU
勝浦漁港,メジナ,35.145144,140.312287,CHIBA_SOTOBOU
勝浦漁港,メジナ,35.146128,140.312201,CHIBA_SOTOBOU
勝浦漁港,メジナ,35.147881,140.310334,CHIBA_SOTOBOU
勝浦漁港,メジナ,35.147934,140.310978,CHIBA_SOTOBOU
勝浦漁港,アジ,35.148214,140.30947,CHIBA_SOTOBOU
勝浦漁港,アジ,35.148359,140.309121,CHIBA_SOTOBOU
勝浦漁港,アジ,35.148558,140.309439,CHIBA_SOTOBOU
勝浦漁港,メジナ,35.147021,140.312115,CHIBA_SOTOBOU
勝山港,クロダイ,35.11359371,139.8237947,CHIBA_MINAMI
勝山港,クロダイ,35.11439708,139.8239824,CHIBA_MINAMI
勝山港,スズキ,35.11406801,139.8237303,CHIBA_MINAMI
勝山港,メバル,35.11119778,139.8266914,CHIBA_MINAMI
勝山港,メバル,35.11147007,139.8266861,CHIBA_MINAMI
勝場港・長入港,アジ,35.13388683,140.2789173,CHIBA_SOTOBOU
勝場港・長入港,アジ,35.13306049,140.2790138,CHIBA_SOTOBOU
勝場港・長入港,アジ,35.13382968,140.2803442,CHIBA_SOTOBOU
勝場港・長入港,ウミタナゴ,35.1336804,140.2803871,CHIBA_SOTOBOU
勝場港・長入港,クロダイ,35.13322171,140.2803111,CHIBA_SOTOBOU
勝場港・長入港,メジナ,35.13340165,140.2805084,CHIBA_SOTOBOU
勝場港・長入港,クロダイ,35.13304184,140.280698,CHIBA_SOTOBOU
勝場港・長入港,イシガキダイ,35.13294746,140.2803066,CHIBA_SOTOBOU
勝場港・長入港,サヨリ,35.13282456,140.2799545,CHIBA_SOTOBOU
勝場港・長入港,イシダイ,35.13304801,140.279947,CHIBA_SOTOBOU
勝場港・長入港,クロダイ,35.13309697,140.2795395,CHIBA_SOTOBOU
勝場港・長入港,サヨリ,35.13294778,140.2791372,CHIBA_SOTOBOU
勝場港・長入港,アオリイカ,35.13359726,140.2790192,CHIBA_SOTOBOU
勝場港・長入港,アジ,35.1332857,140.2789387,CHIBA_SOTOBOU
勝場港・長入港,ウミタナゴ,35.13295213,140.2795127,CHIBA_SOTOBOU
勝場港・長入港,アジ,35.133085,140.279264,CHIBA_SOTOBOU
勝場港・長入港,アジ,35.13348755,140.2788153,CHIBA_SOTOBOU
勝場港・長入港,アジ,35.13369815,140.2788207,CHIBA_SOTOBOU
勝場港・長入港,アジ,35.13353144,140.2803388,CHIBA_SOTOBOU
勝場港・長入港,アジ,35.133961,140.280328,CHIBA_SOTOBOU
小正月港,アジ,35.06910342,140.0829229,CHIBA_MINAMI
小正月港,クロダイ,35.0688225,140.0829765,CHIBA_MINAMI
小正月港,ウミタナゴ,35.06867314,140.0826171,CHIBA_MINAMI
小正月港,サヨリ,35.06849305,140.0826171,CHIBA_MINAMI
小正月港,メジナ,35.068586,140.082934,CHIBA_MINAMI
小正月港,イシダイ,35.06834361,140.0828746,CHIBA_MINAMI
小正月港,アジ,35.068467,140.083003,CHIBA_MINAMI
小正月港,アジ,35.0687,140.082896,CHIBA_MINAMI
小湊港,アジ,35.118733,140.195766,CHIBA_SOTOBOU
小湊港,アジ,35.120514,140.19538,CHIBA_SOTOBOU
小湊港,クロダイ,35.12011737,140.1954189,CHIBA_SOTOBOU
小湊港,ウミタナゴ,35.11901284,140.196041,CHIBA_SOTOBOU
小湊港,メゴチ,35.119005,140.196592,CHIBA_SOTOBOU
小湊港,アオリイカ,35.11933,140.195691,CHIBA_SOTOBOU
小湊港,アジ,35.119093,140.19524,CHIBA_SOTOBOU
小湊港,クロダイ,35.12093633,140.1948727,CHIBA_SOTOBOU
小湊港,メジナ,35.12061,140.194758,CHIBA_SOTOBOU
小湊港,シロギス,35.120154,140.194489,CHIBA_SOTOBOU
小湊港,カワハギ,35.12162515,140.194152,CHIBA_SOTOBOU
小湊港,クロダイ,35.12114733,140.1940685,CHIBA_SOTOBOU
小湊港,アオリイカ,35.12177411,140.1947665,CHIBA_SOTOBOU
小湊港,イナダ,35.12061355,140.1938561,CHIBA_SOTOBOU
小湊港,アジ,35.12207179,140.195472,CHIBA_SOTOBOU
小湊港,イワシ,35.1224503,140.1955555,CHIBA_SOTOBOU
小湊港,アジ,35.1220099,140.1964962,CHIBA_SOTOBOU
小湊港,イワシ,35.12183605,140.1959045,CHIBA_SOTOBOU
小湊港,シロギス,35.122303,140.196109,CHIBA_SOTOBOU
小湊港,クロダイ,35.12217735,140.1949106,CHIBA_SOTOBOU
小湊港,ウミタナゴ,35.12264261,140.194941,CHIBA_SOTOBOU
小湊港,アオリイカ,35.12243174,140.1945617,CHIBA_SOTOBOU
小湊港,イナダ,35.12210292,140.1940761,CHIBA_SOTOBOU
小櫃橋周辺,フッコ,35.425445,139.93218,CHIBA_UCHIBOU
小櫃橋周辺,セイゴ,35.425829,139.932202,CHIBA_UCHIBOU
小櫃橋周辺,クロダイ,35.426688,139.941877,CHIBA_UCHIBOU
小櫃橋周辺,クロダイ,35.427158,139.940238,CHIBA_UCHIBOU
小櫃橋周辺,クロダイ,35.427245,139.938296,CHIBA_UCHIBOU
小櫃橋周辺,クロダイ,35.426379,139.933683,CHIBA_UCHIBOU
小櫃橋周辺,クロダイ,35.426639,139.934639,CHIBA_UCHIBOU
小櫃橋周辺,ウナギ,35.4269346,139.9362929,CHIBA_UCHIBOU
小櫃橋周辺,ウナギ,35.425958,139.932849,CHIBA_UCHIBOU
小櫃橋周辺,テナガエビ,35.426292,139.942377,CHIBA_UCHIBOU
小櫃橋周辺,テナガエビ,35.42592,139.942832,CHIBA_UCHIBOU
小櫃橋周辺,ハゼ,35.425279,139.931043,CHIBA_UCHIBOU
小櫃川河口,ハゼ,35.41108278,139.9019567,CHIBA_UCHIBOU
小櫃川河口,セイゴ,35.410371,139.9009,CHIBA_UCHIBOU
小櫃川河口,ボラ,35.41155266,139.9029581,CHIBA_UCHIBOU
小櫃川河口,フッコ,35.4122079,139.9041416,CHIBA_UCHIBOU
小櫃川河口,スズキ,35.4097407,139.9000847,CHIBA_UCHIBOU
小櫃川河口,ハゼ,35.409131,139.899012,CHIBA_UCHIBOU
小櫃川河口,ウナギ,35.419868,139.910513,CHIBA_UCHIBOU
小櫃川河口,スズキ,35.4145447,139.90663,CHIBA_UCHIBOU
小櫃川河口,ハゼ,35.41554491,139.9066937,CHIBA_UCHIBOU
小櫃川河口,ハゼ,35.419587,139.909075,CHIBA_UCHIBOU
小櫃川河口,クロダイ,35.41925409,139.9086678,CHIBA_UCHIBOU
小櫃川河口,スズキ,35.41883521,139.9081528,CHIBA_UCHIBOU
小櫃川河口,クロダイ,35.41822248,139.9079168,CHIBA_UCHIBOU
小櫃川河口,クロダイ,35.417416,139.907595,CHIBA_UCHIBOU
小櫃川河口,マゴチ,35.41887,139.909011,CHIBA_UCHIBOU
小櫃川河口,マゴチ,35.416927,139.907616,CHIBA_UCHIBOU
小櫃川河口,マゴチ,35.41782,139.908088,CHIBA_UCHIBOU
小櫃川河口,フッコ,35.416402,139.907146,CHIBA_UCHIBOU
小櫃川河口,セイゴ,35.419615,139.909816,CHIBA_UCHIBOU
松部港・吉尾港,アオリイカ,35.14457504,140.2921156,CHIBA_SOTOBOU
松部港・吉尾港,アジ,35.14176526,140.2913064,CHIBA_SOTOBOU
松部港・吉尾港,アジ,35.14286192,140.2908236,CHIBA_SOTOBOU
松部港・吉尾港,ムツ,35.14210726,140.2908558,CHIBA_SOTOBOU
松部港・吉尾港,クロダイ,35.14304611,140.2904481,CHIBA_SOTOBOU
松部港・吉尾港,メッキ,35.14338824,140.2907377,CHIBA_SOTOBOU
松部港・吉尾港,アオリイカ,35.143783,140.290748,CHIBA_SOTOBOU
松部港・吉尾港,シロギス,35.1425726,140.2921325,CHIBA_SOTOBOU
松部港・吉尾港,アジ,35.14282683,140.2917033,CHIBA_SOTOBOU
松部港・吉尾港,ウミタナゴ,35.14349373,140.2918643,CHIBA_SOTOBOU
松部港・吉尾港,アイナメ,35.14417791,140.2916908,CHIBA_SOTOBOU
松部港・吉尾港,メジナ,35.14397327,140.2916908,CHIBA_SOTOBOU
松部港・吉尾港,クロダイ,35.14373711,140.2916983,CHIBA_SOTOBOU
松部港・吉尾港,スズキ,35.14305492,140.2920789,CHIBA_SOTOBOU
松部港・吉尾港,クロダイ,35.1443949,140.2915239,CHIBA_SOTOBOU
松部港・吉尾港,アジ,35.13667139,140.2879127,CHIBA_SOTOBOU
松部港・吉尾港,クロダイ,35.13673839,140.2873984,CHIBA_SOTOBOU
松部港・吉尾港,メジナ,35.13649764,140.2879279,CHIBA_SOTOBOU
松部港・吉尾港,アオリイカ,35.13687431,140.2876559,CHIBA_SOTOBOU
松部港・吉尾港,マダイ,35.13622,140.28841,CHIBA_SOTOBOU
松部港・吉尾港,マダイ,35.135474,140.288485,CHIBA_SOTOBOU
松部港・吉尾港,アジ,35.136428,140.288163,CHIBA_SOTOBOU
松部港・吉尾港,アジ,35.137002,140.287345,CHIBA_SOTOBOU
松部港・吉尾港,アジ,35.136949,140.287114,CHIBA_SOTOBOU
新官港・豊浜港,アジ,35.15501212,140.3308555,CHIBA_SOTOBOU
新官港・豊浜港,ウミタナゴ,35.15531925,140.3308877,CHIBA_SOTOBOU
新官港・豊浜港,クロダイ,35.15488934,140.3310111,CHIBA_SOTOBOU
新官港・豊浜港,アジ,35.15542009,140.3314564,CHIBA_SOTOBOU
新官港・豊浜港,アナゴ,35.155179,140.331227,CHIBA_SOTOBOU
新官港・豊浜港,クロダイ,35.15489807,140.3316012,CHIBA_SOTOBOU
新官港・豊浜港,メジナ,35.15496386,140.3319338,CHIBA_SOTOBOU
新官港・豊浜港,サヨリ,35.15521932,140.3325437,CHIBA_SOTOBOU
新官港・豊浜港,アイナメ,35.15534329,140.3322858,CHIBA_SOTOBOU
新官港・豊浜港,クロダイ,35.15562243,140.3324754,CHIBA_SOTOBOU
新官港・豊浜港,アジ,35.15507029,140.3322023,CHIBA_SOTOBOU
新官港・豊浜港,スズキ,35.15553565,140.3327637,CHIBA_SOTOBOU
新官港・豊浜港,メジナ,35.15584983,140.3325614,CHIBA_SOTOBOU
新官港・豊浜港,アジ,35.15642894,140.3328775,CHIBA_SOTOBOU
新官港・豊浜港,アジ,35.1567017,140.3326271,CHIBA_SOTOBOU
新官港・豊浜港,アジ,35.15738406,140.3328851,CHIBA_SOTOBOU
新官港・豊浜港,メジナ,35.15717,140.332728,CHIBA_SOTOBOU
新官港・豊浜港,クロダイ,35.15693739,140.3326651,CHIBA_SOTOBOU
新官港・豊浜港,アイナメ,35.15611868,140.3328472,CHIBA_SOTOBOU
新官港・豊浜港,サヨリ,35.15596376,140.3329382,CHIBA_SOTOBOU
新官港・豊浜港,イシダイ,35.153021,140.3307858,CHIBA_SOTOBOU
新官港・豊浜港,メジナ,35.15295502,140.3303942,CHIBA_SOTOBOU
新官港・豊浜港,クロダイ,35.15318328,140.3306034,CHIBA_SOTOBOU
新官港・豊浜港,アジ,35.155135,140.330652,CHIBA_SOTOBOU
新官港・豊浜港,アジ,35.154771,140.33085,CHIBA_SOTOBOU
新官港・豊浜港,アジ,35.155394,140.331301,CHIBA_SOTOBOU
新官港・豊浜港,アジ,35.155534,140.33151,CHIBA_SOTOBOU
新官港・豊浜港,アジ,35.15572705,140.332658,CHIBA_SOTOBOU
新官港・豊浜港,アジ,35.155991,140.33269,CHIBA_SOTOBOU
新官港・豊浜港,アジ,35.155477,140.332535,CHIBA_SOTOBOU
新川河口,イシモチ,35.66648205,140.6171298,CHIBA_CHOUSHI
新川河口,スズキ,35.66590275,140.6170387,CHIBA_CHOUSHI
新川河口,イシモチ,35.66459592,140.6159463,CHIBA_CHOUSHI
新川河口,スズキ,35.6642758,140.6168111,CHIBA_CHOUSHI
新川河口,イシモチ,35.664915,140.614883,CHIBA_CHOUSHI
新川河口,イシモチ,35.66448447,140.6138372,CHIBA_CHOUSHI
新川河口,スズキ,35.66431238,140.6126082,CHIBA_CHOUSHI
新川河口,スズキ,35.66407813,140.614778,CHIBA_CHOUSHI
新川河口,イシモチ,35.66516301,140.616978,CHIBA_CHOUSHI
新堀川河口,シロギス,35.6442043,140.5856309,CHIBA_CHOUSHI
新堀川河口,イシモチ,35.64383383,140.5857523,CHIBA_CHOUSHI
新堀川河口,カレイ,35.64276089,140.5856916,CHIBA_CHOUSHI
新堀川河口,スズキ,35.64344062,140.5856461,CHIBA_CHOUSHI
新堀川河口,スズキ,35.64287278,140.5845688,CHIBA_CHOUSHI
新堀川河口,カレイ,35.64226811,140.5842502,CHIBA_CHOUSHI
新堀川河口,イシモチ,35.64319376,140.5835977,CHIBA_CHOUSHI
新堀川河口,イシモチ,35.64235513,140.5822777,CHIBA_CHOUSHI
新堀川河口,シロギス,35.64262661,140.5834156,CHIBA_CHOUSHI
新堀川河口,シロギス,35.64180015,140.5819742,CHIBA_CHOUSHI
新堀川河口,スズキ,35.64298386,140.5826267,CHIBA_CHOUSHI
新堀川河口,カレイ,35.64199665,140.5831122,CHIBA_CHOUSHI
真亀川河口,スズキ,35.4980069,140.4314746,CHIBA_CHOUSHI
真亀川河口,スズキ,35.49668462,140.431687,CHIBA_CHOUSHI
真亀川河口,スズキ,35.49820441,140.432127,CHIBA_CHOUSHI
真亀川河口,シロギス,35.49627718,140.4304428,CHIBA_CHOUSHI
真亀川河口,イシモチ,35.49888393,140.4326125,CHIBA_CHOUSHI
真亀川河口,イシモチ,35.49757453,140.4316263,CHIBA_CHOUSHI
真亀川河口,イシモチ,35.49666041,140.4308525,CHIBA_CHOUSHI
真亀川河口,イシモチ,35.49583275,140.4307614,CHIBA_CHOUSHI
真亀川河口,シロギス,35.49716707,140.431247,CHIBA_CHOUSHI
真亀川河口,シロギス,35.49856276,140.4323849,CHIBA_CHOUSHI
真亀川河口,スズキ,35.49779678,140.4322636,CHIBA_CHOUSHI
西印旛沼,MONOPOOL MTM,35.74139449,140.1810502,CHIBA_UCHIBOU
西印旛沼,ふな一貸船店,35.74778552,140.1798284,CHIBA_UCHIBOU
西浜突堤,メバル,35.03242646,139.8273783,CHIBA_MINAMI
西浜突堤,クロダイ,35.03218411,139.8270749,CHIBA_MINAMI
西浜突堤,シロギス,35.03192936,139.8273404,CHIBA_MINAMI
西浜突堤,スズキ,35.03214046,139.8276894,CHIBA_MINAMI
西浜突堤,シロギス,35.03272397,139.8278287,CHIBA_MINAMI
西浜突堤,クロダイ,35.03272833,139.8285851,CHIBA_MINAMI
西浜突堤,シロギス,35.03244264,139.8282149,CHIBA_MINAMI
西浜突堤,シロギス,35.03257462,139.8289981,CHIBA_MINAMI
西浜突堤,クロダイ,35.032535,139.829417,CHIBA_MINAMI
西浜突堤,メバル,35.03217909,139.8297009,CHIBA_MINAMI
西浜突堤,スズキ,35.03195485,139.8293146,CHIBA_MINAMI
西浜突堤,ウミタナゴ,35.03237254,139.8295829,CHIBA_MINAMI
西浜突堤,シロギス,35.03245616,139.8298994,CHIBA_MINAMI
西浜突堤,サヨリ,35.03226718,139.8292503,CHIBA_MINAMI
千葉港・アクアリンク裏,セイゴ,35.60046844,140.0788344,CHIBA_UCHIBOU
千葉港・アクアリンク裏,ハゼ,35.60170171,140.0773171,CHIBA_UCHIBOU
千葉港・アクアリンク裏,サヨリ,35.60325582,140.0756785,CHIBA_UCHIBOU
千葉港・アクアリンク裏,クロダイ,35.60478508,140.0740398,CHIBA_UCHIBOU
千葉港・アクアリンク裏,フッコ,35.60638878,140.0723708,CHIBA_UCHIBOU
千葉港・アクアリンク裏,クロダイ,35.60801715,140.0707928,CHIBA_UCHIBOU
千葉港・アクアリンク裏,シロギス,35.60106158,140.0764675,CHIBA_UCHIBOU
千葉港・アクアリンク裏,カレイ,35.60342999,140.0734632,CHIBA_UCHIBOU
千葉港・アクアリンク裏,スズキ,35.60584809,140.0707321,CHIBA_UCHIBOU
千葉港・アクアリンク裏,メバル,35.59459142,140.0881827,CHIBA_UCHIBOU
千葉港・アクアリンク裏,イワシ,35.59568195,140.0884844,CHIBA_UCHIBOU
千葉港・アクアリンク裏,ハゼ,35.59721171,140.0895768,CHIBA_UCHIBOU
千葉港・アクアリンク裏,メバル,35.59634712,140.0894554,CHIBA_UCHIBOU
千葉港・アクアリンク裏,カレイ,35.59806468,140.0887084,CHIBA_UCHIBOU
千葉港・アクアリンク裏,スズキ,35.59518833,140.0870581,CHIBA_UCHIBOU
千葉港・アクアリンク裏,シロギス,35.59637244,140.0879681,CHIBA_UCHIBOU
千葉港・アクアリンク裏,イシモチ,35.59866,140.08991,CHIBA_UCHIBOU
千葉港・アクアリンク裏,イシモチ,35.597333,140.08785,CHIBA_UCHIBOU
千葉港・アクアリンク裏,カレイ,35.5959,140.086434,CHIBA_UCHIBOU
千葉港・アクアリンク裏,シロギス,35.594609,140.085919,CHIBA_UCHIBOU
千葉港・アクアリンク裏,メバル,35.597829,140.090669,CHIBA_UCHIBOU
川下港,アジ,34.90353047,139.8713395,CHIBA_MINAMI
川下港,クロダイ,34.90335883,139.8712161,CHIBA_MINAMI
川下港,ウミタナゴ,34.90317841,139.8711625,CHIBA_MINAMI
川下港,メジナ,34.90300684,139.8712,CHIBA_MINAMI
川下港,カワハギ,34.90287484,139.8710766,CHIBA_MINAMI
川下港,イシダイ,34.90246183,139.8716527,CHIBA_MINAMI
川下港,サヨリ,34.902636,139.8714555,CHIBA_MINAMI
川下港,クロダイ,34.90269836,139.8719638,CHIBA_MINAMI
川下港,イシダイ,34.90230628,139.8719258,CHIBA_MINAMI
川下港,イシダイ,34.90199511,139.8720017,CHIBA_MINAMI
川下港,イシダイ,34.9018521,139.8715996,CHIBA_MINAMI
川下港,イシダイ,34.90183345,139.871152,CHIBA_MINAMI
川下港,スズキ,34.90199526,139.87141,CHIBA_MINAMI
川下港,メジナ,34.90211351,139.871152,CHIBA_MINAMI
川下港,メジナ,34.902167,139.87164,CHIBA_MINAMI
川下港,クロダイ,34.90268569,139.8710176,CHIBA_MINAMI
川下港,シロギス,34.90252287,139.8707548,CHIBA_MINAMI
川下港,アジ,34.90251788,139.8720169,CHIBA_MINAMI
川下港,アジ,34.902785,139.871311,CHIBA_MINAMI
川下港,メバル,34.90259879,139.8717438,CHIBA_MINAMI
川下港,メバル,34.902873,139.872032,CHIBA_MINAMI
川津港,アジ,35.14775073,140.327256,CHIBA_SOTOBOU
川津港,アジ,35.14775073,140.327256,CHIBA_SOTOBOU
川津港,アジ,35.14564788,140.3272484,CHIBA_SOTOBOU
川津港,イワシ,35.14506495,140.3268994,CHIBA_SOTOBOU
川津港,アオリイカ,35.146047,140.327345,CHIBA_SOTOBOU
川津港,シロギス,35.14680211,140.3268918,CHIBA_SOTOBOU
川津港,クロダイ,35.14762065,140.3277491,CHIBA_SOTOBOU
川津港,アオリイカ,35.147371,140.327945,CHIBA_SOTOBOU
川津港,スズキ,35.14706259,140.3281739,CHIBA_SOTOBOU
川津港,スズキ,35.14590861,140.3282346,CHIBA_SOTOBOU
川津港,アジ,35.14713693,140.3277567,CHIBA_SOTOBOU
川津港,メジナ,35.146529,140.328128,CHIBA_SOTOBOU
川津港,アジ,35.14589019,140.3277946,CHIBA_SOTOBOU
川津港,クロダイ,35.14627485,140.3281436,CHIBA_SOTOBOU
川津港,サヨリ,35.14567946,140.3284925,CHIBA_SOTOBOU
川津港,メジナ,35.14493703,140.3276744,CHIBA_SOTOBOU
川津港,アジ,35.14513005,140.3276852,CHIBA_SOTOBOU
川津港,クロダイ,35.144705,140.327559,CHIBA_SOTOBOU
川津港,クロダイ,35.14261602,140.3274518,CHIBA_SOTOBOU
川津港,クロダイ,35.14197569,140.3272265,CHIBA_SOTOBOU
川津港,メジナ,35.14225652,140.3273982,CHIBA_SOTOBOU
川津港,サヨリ,35.14247593,140.3278273,CHIBA_SOTOBOU
川名漁港,クロダイ,34.96163537,139.7581986,CHIBA_MINAMI
川名漁港,アジ,34.96162,139.757985,CHIBA_MINAMI
川名漁港,スズキ,34.96178049,139.7582254,CHIBA_MINAMI
川名漁港,メジナ,34.96151,139.757881,CHIBA_MINAMI
川名漁港,イワシ,34.9614243,139.7577962,CHIBA_MINAMI
川名漁港,クロダイ,34.96134955,139.7579464,CHIBA_MINAMI
川名漁港,ブダイ,34.96126596,139.7576943,CHIBA_MINAMI
川名漁港,スズキ,34.96113832,139.7576299,CHIBA_MINAMI
船橋港親水公園,セイゴ,35.68722521,139.9861139,CHIBA_UCHIBOU
船橋港親水公園,ハゼ,35.68903842,139.9863285,CHIBA_UCHIBOU
船橋港親水公園,ヒイカ,35.68864573,139.9867469,CHIBA_UCHIBOU
船橋港親水公園,スズキ,35.68789649,139.9864358,CHIBA_UCHIBOU
船橋港親水公園,フッコ,35.689419117521,139.98684892138,CHIBA_UCHIBOU
船方港,クロダイ,35.02284063,139.8442581,CHIBA_MINAMI
船方港,メバル,35.02316359,139.8438257,CHIBA_MINAMI
船方港,メジナ,35.02325661,139.844205,CHIBA_MINAMI
船方港,アジ,35.02349935,139.8436285,CHIBA_MINAMI
船方港,シロギス,35.02250156,139.8440212,CHIBA_MINAMI
船方港,アジ,35.02417559,139.846175,CHIBA_MINAMI
船方港,アジ,35.02517672,139.8464885,CHIBA_MINAMI
船方港,アジ,35.02532035,139.8471258,CHIBA_MINAMI
船方港,クロダイ,35.02461926,139.846175,CHIBA_MINAMI
船方港,アナゴ,35.02476461,139.8470119,CHIBA_MINAMI
船方港,アナゴ,35.02368801,139.8457351,CHIBA_MINAMI
船方港,メバル,35.02331025,139.8465076,CHIBA_MINAMI
船方港,アジ,35.02305525,139.846293,CHIBA_MINAMI
船方港,アジ,35.02258535,139.8457351,CHIBA_MINAMI
船方港,クロダイ,35.02272584,139.8456869,CHIBA_MINAMI
船方港,メバル,35.0226469,139.8460516,CHIBA_MINAMI
船方港,アジ,35.02293687,139.8466793,CHIBA_MINAMI
船方港,アジ,35.02314768,139.8482457,CHIBA_MINAMI
船方港,メバル,35.02330588,139.848471,CHIBA_MINAMI
船方港,メバル,35.02306423,139.8470601,CHIBA_MINAMI
船方港,クロダイ,35.02265438,139.8472927,CHIBA_MINAMI
船方港,アジ,35.02243165,139.8465854,CHIBA_MINAMI
船方港,メジナ,35.02237487,139.8473458,CHIBA_MINAMI
船方港,クロダイ,35.02227549,139.8482638,CHIBA_MINAMI
船方港,イシモチ,35.02240508,139.8500401,CHIBA_MINAMI
船方港,メジナ,35.02293402,139.8502211,CHIBA_MINAMI
船方港,スズキ,35.02167872,139.8500048,CHIBA_MINAMI
船方港,スズキ,35.0211942,139.8477744,CHIBA_MINAMI
船方港,アイナメ,35.02265107,139.8492891,CHIBA_MINAMI
船方港,イシモチ,35.02163188,139.8485273,CHIBA_MINAMI
船方港,シロギス,35.02185161,139.8476368,CHIBA_MINAMI
船方港,シロギス,35.02207119,139.849171,CHIBA_MINAMI
船方港,イシモチ,35.02172,139.852282,CHIBA_MINAMI
船方港,シロギス,35.02135,139.852315,CHIBA_MINAMI
船方港,イシモチ,35.019302,139.854128,CHIBA_MINAMI
船方港,イシモチ,35.019805,139.853795,CHIBA_MINAMI
船方港,シロギス,35.019972,139.853248,CHIBA_MINAMI
船方港,マゴチ,35.019409,139.853409,CHIBA_MINAMI
船方港,アジ,35.02360889,139.8466739,CHIBA_MINAMI
船方港,メバル,35.02398235,139.8476771,CHIBA_MINAMI
船方港,アジ,35.022871,139.84596,CHIBA_MINAMI
船方港,メバル,35.024537,139.84861,CHIBA_MINAMI
船方港,メバル,35.025065,139.848909,CHIBA_MINAMI
船方港,メバル,35.02551207,139.8473458,CHIBA_MINAMI
船方港,メバル,35.0252264,139.8487796,CHIBA_MINAMI
船方港,メバル,35.025668,139.847353,CHIBA_MINAMI
船方港,メバル,35.025341,139.846736,CHIBA_MINAMI
船方港,メバル,35.02518911,139.8460713,CHIBA_MINAMI
船方港,メバル,35.023748,139.843773,CHIBA_MINAMI
船方港,メバル,35.023064,139.844197,CHIBA_MINAMI
船方港,メバル,35.0234,139.843993,CHIBA_MINAMI
相浜港・布良港,アジ,34.91922755,139.824981,CHIBA_MINAMI
相浜港・布良港,スズキ,34.91946432,139.824541,CHIBA_MINAMI
相浜港・布良港,クロダイ,34.92012788,139.8247442,CHIBA_MINAMI
相浜港・布良港,アジ,34.91990791,139.824948,CHIBA_MINAMI
相浜港・布良港,ブダイ,34.92073342,139.8221664,CHIBA_MINAMI
相浜港・布良港,クロダイ,34.92096361,139.8224168,CHIBA_MINAMI
相浜港・布良港,メジナ,34.92041608,139.8221057,CHIBA_MINAMI
相浜港・布良港,イシダイ,34.92061523,139.8216809,CHIBA_MINAMI
相浜港・布良港,スズキ,34.92096975,139.8218933,CHIBA_MINAMI
相浜港・布良港,ブダイ,34.921157,139.822282,CHIBA_MINAMI
相浜港・布良港,イシダイ,34.9214613,139.822523,CHIBA_MINAMI
相浜港・布良港,クロダイ,34.92404256,139.8246548,CHIBA_MINAMI
相浜港・布良港,メジナ,34.923721,139.824892,CHIBA_MINAMI
相浜港・布良港,メジナ,34.924302,139.824269,CHIBA_MINAMI
相浜港・布良港,クロダイ,34.92414841,139.8238582,CHIBA_MINAMI
相浜港・布良港,イシダイ,34.9241981,139.8232892,CHIBA_MINAMI
相浜港・布良港,クロダイ,34.92503173,139.8243286,CHIBA_MINAMI
相浜港・布良港,クロダイ,34.9251997,139.823092,CHIBA_MINAMI
相浜港・布良港,メジナ,34.9248825,139.8231527,CHIBA_MINAMI
相浜港・布良港,メジナ,34.92489466,139.8239568,CHIBA_MINAMI
相浜港・布良港,アジ,34.92491335,139.8251143,CHIBA_MINAMI
相浜港・布良港,アジ,34.92477258,139.8253825,CHIBA_MINAMI
相浜港・布良港,シロギス,34.925261,139.825761,CHIBA_MINAMI
相浜港・布良港,ショゴ,34.91914714,139.82467,CHIBA_MINAMI
相浜港・布良港,ショゴ,34.91936489,139.8249507,CHIBA_MINAMI
相浜港・布良港,シロギス,34.9247945,139.8250231,CHIBA_MINAMI
相浜港・布良港,シロギス,34.92489134,139.8254684,CHIBA_MINAMI
相浜港・布良港,シマアジ,34.924742,139.824567,CHIBA_MINAMI
相浜港・布良港,アジ,34.91945822,139.8252617,CHIBA_MINAMI
相浜港・布良港,アジ,34.918985,139.824655,CHIBA_MINAMI
相浜港・布良港,アジ,34.918711,139.824549,CHIBA_MINAMI
相浜港・布良港,アジ,34.918879,139.824533,CHIBA_MINAMI
相浜港・布良港,アジ,34.919334,139.824215,CHIBA_MINAMI
相浜港・布良港,アジ,34.919234,139.824329,CHIBA_MINAMI
相浜港・布良港,アジ,34.920883,139.823426,CHIBA_MINAMI
相浜港・布良港,アジ,34.920684,139.823638,CHIBA_MINAMI
相浜港・布良港,アジ,34.920497,139.823828,CHIBA_MINAMI
袖ヶ浦海浜公園周辺,ハゼ,35.45735573,139.953939,CHIBA_UCHIBOU
袖ヶ浦海浜公園周辺,メバル,35.45688596,139.953241,CHIBA_UCHIBOU
袖ヶ浦海浜公園周辺,イイダコ,35.45707164,139.9522548,CHIBA_UCHIBOU
袖ヶ浦海浜公園周辺,アイナメ,35.45652755,139.951481,CHIBA_UCHIBOU
袖ヶ浦海浜公園周辺,カサゴ,35.45631673,139.9507463,CHIBA_UCHIBOU
袖ヶ浦海浜公園周辺,ソイ,35.45565268,139.9506176,CHIBA_UCHIBOU
袖ヶ浦海浜公園周辺,アナゴ,35.45525405,139.9496602,CHIBA_UCHIBOU
袖ヶ浦海浜公園周辺,クロダイ,35.45725688,139.9548038,CHIBA_UCHIBOU
袖ヶ浦海浜公園周辺,サヨリ,35.45692301,139.950783,CHIBA_UCHIBOU
袖ヶ浦海浜公園周辺,スズキ,35.45749189,139.9514051,CHIBA_UCHIBOU
袖ヶ浦海浜公園周辺,イイダコ,35.45605806,139.9498423,CHIBA_UCHIBOU
袖ヶ浦海浜公園周辺,イイダコ,35.457701,139.956086,CHIBA_UCHIBOU
袖ヶ浦海浜公園周辺,イイダコ,35.458023,139.957451,CHIBA_UCHIBOU
袖ヶ浦海浜公園周辺,シロギス,35.458716,139.957755,CHIBA_UCHIBOU
袖ヶ浦海浜公園周辺,スズキ,35.45844302,139.9566322,CHIBA_UCHIBOU
袖ヶ浦海浜公園周辺,スズキ,35.457924,139.954993,CHIBA_UCHIBOU
袖ヶ浦海浜公園周辺,シロギス,35.458146,139.95384,CHIBA_UCHIBOU
袖ヶ浦海浜公園周辺,シロギス,35.458517,139.955449,CHIBA_UCHIBOU
袖ヶ浦海浜公園周辺,マゴチ,35.456736,139.949713,CHIBA_UCHIBOU
袖ヶ浦海浜公園周辺,マゴチ,35.457602,139.953051,CHIBA_UCHIBOU
袖ヶ浦海浜公園周辺,シロギス,35.45817,139.952141,CHIBA_UCHIBOU
袖ヶ浦海浜公園周辺,シロギス,35.457577,139.950169,CHIBA_UCHIBOU
袖ヶ浦海浜公園周辺,マゴチ,35.458665,139.960243,CHIBA_UCHIBOU
袖ヶ浦海浜公園周辺,マゴチ,35.459086,139.962428,CHIBA_UCHIBOU
袖ヶ浦海浜公園周辺,スズキ,35.458888,139.961305,CHIBA_UCHIBOU
袖ヶ浦海浜公園周辺,イイダコ,35.459507,139.961518,CHIBA_UCHIBOU
袖ヶ浦海浜公園周辺,イイダコ,35.46012727,139.9621618,CHIBA_UCHIBOU
袖ヶ浦海浜公園周辺,イイダコ,35.459631,139.959485,CHIBA_UCHIBOU
袖ヶ浦海浜公園周辺,シロギス,35.459234,139.960274,CHIBA_UCHIBOU
袖ヶ浦海浜公園周辺,シロギス,35.45998737,139.9607241,CHIBA_UCHIBOU
袖ヶ浦海浜公園周辺,シロギス,35.459621,139.962741,CHIBA_UCHIBOU
袖ヶ浦海浜公園周辺,クロダイ,35.441915,139.953879,CHIBA_UCHIBOU
袖ヶ浦海浜公園周辺,クロダイ,35.441075,139.952656,CHIBA_UCHIBOU
袖ヶ浦海浜公園周辺,スズキ,35.440375,139.961067,CHIBA_UCHIBOU
袖ヶ浦海浜公園周辺,ハゼ,35.440113,139.96375,CHIBA_UCHIBOU
袖ヶ浦海浜公園周辺,ハゼ,35.44027,139.964608,CHIBA_UCHIBOU
袖ヶ浦海浜公園周辺,ハゼ,35.441793,139.955274,CHIBA_UCHIBOU
袖ヶ浦海浜公園周辺,ハゼ,35.441425,139.956497,CHIBA_UCHIBOU
袖ヶ浦海浜公園周辺,ハゼ,35.441058,139.958514,CHIBA_UCHIBOU
袖ヶ浦海浜公園周辺,ハゼ,35.442177,139.950103,CHIBA_UCHIBOU
袖ヶ浦海浜公園周辺,ハゼ,35.44202,139.951819,CHIBA_UCHIBOU
太海港,アジ,35.07763386,140.1024655,CHIBA_MINAMI
太海港,アジ,35.078235,140.102825,CHIBA_MINAMI
太海港,クロダイ,35.07751528,140.102503,CHIBA_MINAMI
太海港,メジナ,35.077423,140.102331,CHIBA_MINAMI
太海港,アジ,35.077406,140.102648,CHIBA_MINAMI
太海港,アジ,35.07710271,140.1026693,CHIBA_MINAMI
太海港,クロダイ,35.077204,140.102841,CHIBA_MINAMI
太海港,メジナ,35.07697542,140.1028141,CHIBA_MINAMI
太海港,ウミタナゴ,35.07788416,140.1025459,CHIBA_MINAMI
太海港,スズキ,35.078029,140.102659,CHIBA_MINAMI
太海港,アジ,35.07918,140.102844,CHIBA_MINAMI
太海港,アジ,35.079004,140.103037,CHIBA_MINAMI
太海港,アジ,35.079197,140.103208,CHIBA_MINAMI
太海港,アジ,35.07776119,140.1024011,CHIBA_MINAMI
太海港,アジ,35.077722,140.102573,CHIBA_MINAMI
太海港,アジ,35.076545,140.102406,CHIBA_MINAMI
太海港,アジ,35.07639143,140.1022294,CHIBA_MINAMI
太海港,アジ,35.076044,140.10216,CHIBA_MINAMI
太海港,アジ,35.07593,140.102063,CHIBA_MINAMI
太海港,アジ,35.076009,140.102347,CHIBA_MINAMI
太海港,アジ,35.076462,140.102342,CHIBA_MINAMI
太東港,クロダイ,35.33088606,140.4017244,CHIBA_SOTOBOU
太東港,クロダイ,35.330339,140.402446,CHIBA_SOTOBOU
太東港,クロダイ,35.329674,140.402575,CHIBA_SOTOBOU
太東港,クロダイ,35.33145,140.40309,CHIBA_SOTOBOU
太東港,クロダイ,35.33124044,140.4040664,CHIBA_SOTOBOU
太東港,クロダイ,35.33052287,140.4043347,CHIBA_SOTOBOU
太東港,クロダイ,35.32899953,140.4043132,CHIBA_SOTOBOU
太東港,クロダイ,35.32875417,140.4050964,CHIBA_SOTOBOU
太東港,アジ,35.329053,140.400558,CHIBA_SOTOBOU
太東港,アジ,35.3292446,140.4021031,CHIBA_SOTOBOU
太東港,アジ,35.32990114,140.4028648,CHIBA_SOTOBOU
太東港,スズキ,35.32965598,140.4019421,CHIBA_SOTOBOU
太東港,スズキ,35.33109141,140.4025751,CHIBA_SOTOBOU
太東港,スズキ,35.33136314,140.4045492,CHIBA_SOTOBOU
太東港,スズキ,35.33012883,140.4041094,CHIBA_SOTOBOU
太東港,サヨリ,35.329315,140.400762,CHIBA_SOTOBOU
太東港,サヨリ,35.32941088,140.4017276,CHIBA_SOTOBOU
太東港,シロギス,35.33091099,140.4005788,CHIBA_SOTOBOU
太東港,シロギス,35.330689,140.402178,CHIBA_SOTOBOU
太東港,イシモチ,35.33074152,140.4028755,CHIBA_SOTOBOU
太東港,イシモチ,35.33053943,140.4010644,CHIBA_SOTOBOU
太東港,イシモチ,35.33045903,140.399456,CHIBA_SOTOBOU
太東港,イシモチ,35.33168696,140.4039484,CHIBA_SOTOBOU
太東港,イシモチ,35.329507,140.404324,CHIBA_SOTOBOU
太東港,アイナメ,35.33144156,140.4035407,CHIBA_SOTOBOU
太東港,メゴチ,35.330829,140.399914,CHIBA_SOTOBOU
太夫崎漁港,アジ,35.06255671,140.0779527,CHIBA_MINAMI
太夫崎漁港,シロギス,35.06246875,140.0786287,CHIBA_MINAMI
太夫崎漁港,アジ,35.06251282,140.0772876,CHIBA_MINAMI
太夫崎漁港,シロギス,35.06206476,140.077191,CHIBA_MINAMI
太夫崎漁港,ウミタナゴ,35.061582,140.079004,CHIBA_MINAMI
太夫崎漁港,メジナ,35.061582,140.078371,CHIBA_MINAMI
太夫崎漁港,カサゴ,35.061424,140.077867,CHIBA_MINAMI
太夫崎漁港,クロダイ,35.061108,140.077749,CHIBA_MINAMI
太夫崎漁港,イシダイ,35.060731,140.07835,CHIBA_MINAMI
太夫崎漁港,アジ,35.06124777,140.0784141,CHIBA_MINAMI
太夫崎漁港,クロダイ,35.06018921,140.0774044,CHIBA_MINAMI
太夫崎漁港,メジナ,35.06036981,140.0772446,CHIBA_MINAMI
太夫崎漁港,ウミタナゴ,35.06065498,140.0768809,CHIBA_MINAMI
太夫崎漁港,アジ,35.06126573,140.0770301,CHIBA_MINAMI
太夫崎漁港,カレイ,35.061565,140.076419,CHIBA_MINAMI
太夫崎漁港,クロダイ,35.06104622,140.0770408,CHIBA_MINAMI
太夫崎漁港,アジ,35.06085264,140.076912,CHIBA_MINAMI
太夫崎漁港,アジ,35.060466,140.076944,CHIBA_MINAMI
大賀堤防,クロダイ,34.98230546,139.8228796,CHIBA_MINAMI
大賀堤防,アオリイカ,34.98208129,139.8225078,CHIBA_MINAMI
大賀堤防,スズキ,34.98243616,139.8221968,CHIBA_MINAMI
大賀堤防,クロダイ,34.98172102,139.822394,CHIBA_MINAMI
大賀堤防,アオリイカ,34.98136038,139.822614,CHIBA_MINAMI
大賀堤防,マゴチ,34.98191967,139.8217112,CHIBA_MINAMI
大賀堤防,シロギス,34.98142854,139.821863,CHIBA_MINAMI
大賀堤防,サヨリ,34.98221218,139.8218857,CHIBA_MINAMI
大貫港,クロダイ,35.27805809,139.8461348,CHIBA_MINAMI
大貫港,クロダイ,35.27952124,139.847551,CHIBA_MINAMI
大貫港,カレイ,35.27888104,139.8467678,CHIBA_MINAMI
大貫港,カレイ,35.27737494,139.8466176,CHIBA_MINAMI
大貫港,カレイ,35.27673552,139.8470682,CHIBA_MINAMI
大貫港,アナゴ,35.27757911,139.8499897,CHIBA_MINAMI
大貫港,アナゴ,35.27794022,139.8494527,CHIBA_MINAMI
大貫港,シャコ,35.27749247,139.8494738,CHIBA_MINAMI
大貫港,ハゼ,35.27833888,139.849796,CHIBA_MINAMI
大貫港,カレイ,35.278286,139.848366,CHIBA_MINAMI
大貫港,イシモチ,35.27898689,139.8480123,CHIBA_MINAMI
大貫港,シロギス,35.27931953,139.8485166,CHIBA_MINAMI
大貫港,カレイ,35.27992387,139.8485595,CHIBA_MINAMI
大貫港,サヨリ,35.27867998,139.8487526,CHIBA_MINAMI
大貫港,イシモチ,35.27918946,139.8492159,CHIBA_MINAMI
大貫港,シロギス,35.27973454,139.8495497,CHIBA_MINAMI
大貫港,カレイ,35.279906,139.850426,CHIBA_MINAMI
大貫港,スズキ,35.28004646,139.8509949,CHIBA_MINAMI
大貫港,シロギス,35.28111477,139.8513329,CHIBA_MINAMI
大貫港,イシモチ,35.28057677,139.8512794,CHIBA_MINAMI
大貫港,キビレ,35.27814908,139.8501869,CHIBA_MINAMI
大貫港,アナゴ,35.278703,139.850424,CHIBA_MINAMI
大貫港,スズキ,35.277888,139.848873,CHIBA_MINAMI
大貫港,シロギス,35.278453,139.845824,CHIBA_MINAMI
大貫港,シロギス,35.27772532,139.8456734,CHIBA_MINAMI
大貫港,イシモチ,35.277611,139.846264,CHIBA_MINAMI
大貫港,イシモチ,35.27816333,139.8453623,CHIBA_MINAMI
大貫港,シロギス,35.279881,139.846993,CHIBA_MINAMI
大貫港,イシモチ,35.2801779,139.8476905,CHIBA_MINAMI
大貫港,ハゼ,35.27718259,139.8500355,CHIBA_MINAMI
大貫港,メバル,35.279239,139.851947,CHIBA_MINAMI
大貫港,メバル,35.278434,139.851644,CHIBA_MINAMI
大貫港,メバル,35.277628,139.851143,CHIBA_MINAMI
大貫港,メバル,35.276859,139.850369,CHIBA_MINAMI
大貫港,アイナメ,35.278732,139.849368,CHIBA_MINAMI
大貫港,アイナメ,35.279228,139.849944,CHIBA_MINAMI
大貫港,マゴチ,35.279855,139.851413,CHIBA_MINAMI
大貫港,サバ,35.279678,139.848098,CHIBA_MINAMI
大原港,ハゼ,35.253235,140.402876,CHIBA_SOTOBOU
大原港,ハゼ,35.252815,140.40368,CHIBA_SOTOBOU
大原港,ハゼ,35.25698986,140.4042962,CHIBA_SOTOBOU
大原港,アイナメ,35.25739924,140.4034693,CHIBA_SOTOBOU
大原港,アイナメ,35.25624685,140.4066859,CHIBA_SOTOBOU
大原港,アイナメ,35.25602382,140.407437,CHIBA_SOTOBOU
大原港,アイナメ,35.25477444,140.4072422,CHIBA_SOTOBOU
大原港,クロダイ,35.25116381,140.406974,CHIBA_SOTOBOU
大原港,クロダイ,35.25518612,140.4072851,CHIBA_SOTOBOU
大原港,クロダイ,35.25431912,140.4071349,CHIBA_SOTOBOU
大原港,クロダイ,35.25641415,140.4070349,CHIBA_SOTOBOU
大原港,クロダイ,35.25575765,140.4064052,CHIBA_SOTOBOU
大原港,クロダイ,35.25375034,140.40595,CHIBA_SOTOBOU
大原港,クロダイ,35.25318651,140.4060866,CHIBA_SOTOBOU
大原港,クロダイ,35.25570802,140.4026651,CHIBA_SOTOBOU
大原港,クロダイ,35.25499558,140.4031658,CHIBA_SOTOBOU
大原港,クロダイ,35.25372309,140.4049784,CHIBA_SOTOBOU
大原港,クロダイ,35.25714515,140.4038258,CHIBA_SOTOBOU
大原港,イシダイ,35.25756652,140.4037955,CHIBA_SOTOBOU
大原港,スズキ,35.2573747,140.4040458,CHIBA_SOTOBOU
大原港,スズキ,35.25774616,140.4033934,CHIBA_SOTOBOU
大原港,スズキ,35.25492356,140.4077035,CHIBA_SOTOBOU
大原港,スズキ,35.25360068,140.4075104,CHIBA_SOTOBOU
大原港,スズキ,35.25091968,140.4074031,CHIBA_SOTOBOU
大原港,キビレ,35.25537342,140.4028548,CHIBA_SOTOBOU
大原港,キビレ,35.254609,140.403455,CHIBA_SOTOBOU
大原港,アジ,35.254311,140.403766,CHIBA_SOTOBOU
大原港,サヨリ,35.25402124,140.4053539,CHIBA_SOTOBOU
大原港,サヨリ,35.256001,140.406448,CHIBA_SOTOBOU
大原港,サヨリ,35.25521823,140.4054986,CHIBA_SOTOBOU
大原港,キビレ,35.25448753,140.4061852,CHIBA_SOTOBOU
大原港,キビレ,35.25349651,140.40573,CHIBA_SOTOBOU
大原港,サヨリ,35.25260409,140.4054872,CHIBA_SOTOBOU
大原港,サヨリ,35.2552999,140.4077893,CHIBA_SOTOBOU
大原港,サヨリ,35.25135811,140.4072636,CHIBA_SOTOBOU
大原港,サヨリ,35.25404786,140.4074675,CHIBA_SOTOBOU
大原港,カサゴ,35.25392477,140.4070383,CHIBA_SOTOBOU
大原港,メバル,35.25448547,140.4075211,CHIBA_SOTOBOU
大原港,メジナ,35.25628138,140.4075426,CHIBA_SOTOBOU
大原港,メジナ,35.25552795,140.407328,CHIBA_SOTOBOU
大原港,メジナ,35.25097967,140.4068774,CHIBA_SOTOBOU
大原港,ハゼ,35.25433908,140.4016864,CHIBA_SOTOBOU
大原港,サヨリ,35.2552926,140.4045883,CHIBA_SOTOBOU
大原港,サヨリ,35.256904,140.405263,CHIBA_SOTOBOU
大原港,サヨリ,35.256641,140.405928,CHIBA_SOTOBOU
大原港,サヨリ,35.254344,140.404555,CHIBA_SOTOBOU
大原港,イシモチ,35.24854,140.405563,CHIBA_SOTOBOU
大原港,イシモチ,35.24769733,140.4052369,CHIBA_SOTOBOU
大原港,イシモチ,35.248293,140.405366,CHIBA_SOTOBOU
大原港,イシモチ,35.248466,140.405882,CHIBA_SOTOBOU
大原港,イシモチ,35.248516,140.406307,CHIBA_SOTOBOU
大原港,アイナメ,35.247543,140.404941,CHIBA_SOTOBOU
大原港,アイナメ,35.249235,140.406481,CHIBA_SOTOBOU
大原港,アジ,35.255554,140.405605,CHIBA_SOTOBOU
大原港,アジ,35.255393,140.405059,CHIBA_SOTOBOU
大原港,アジ,35.255603,140.404467,CHIBA_SOTOBOU
大原港,メバル,35.254661,140.401751,CHIBA_SOTOBOU
大原港,メバル,35.254426,140.401235,CHIBA_SOTOBOU
大原港,メバル,35.25404768,140.4015726,CHIBA_SOTOBOU
大原港,メバル,35.253726,140.402582,CHIBA_SOTOBOU
大原港,メバル,35.253193,140.403644,CHIBA_SOTOBOU
大原港,メバル,35.252908,140.404251,CHIBA_SOTOBOU
大原港,メバル,35.252802,140.402786,CHIBA_SOTOBOU
大原港,メバル,35.253261,140.402384,CHIBA_SOTOBOU
大川港・白間漁港,クロダイ,34.92774977,139.948435,CHIBA_MINAMI
大川港・白間漁港,メジナ,34.92736757,139.9486461,CHIBA_MINAMI
大川港・白間漁港,ウミタナゴ,34.92721362,139.9487534,CHIBA_MINAMI
大川港・白間漁港,イシダイ,34.92686036,139.9490875,CHIBA_MINAMI
大川港・白間漁港,クロダイ,34.92704195,139.9489251,CHIBA_MINAMI
大川港・白間漁港,クロダイ,34.922908,139.942831,CHIBA_MINAMI
大川港・白間漁港,メジナ,34.92273589,139.9427372,CHIBA_MINAMI
大川港・白間漁港,イシダイ,34.923106,139.94296,CHIBA_MINAMI
大川港・白間漁港,スズキ,34.92272717,139.9433059,CHIBA_MINAMI
大川港・白間漁港,メジナ,34.923423,139.942456,CHIBA_MINAMI
大川港・白間漁港,クロダイ,34.923572,139.942354,CHIBA_MINAMI
大川港・白間漁港,アジ,34.92389732,139.9418923,CHIBA_MINAMI
大川港・白間漁港,シロギス,34.92375019,139.9421914,CHIBA_MINAMI
大沢港,アオリイカ,35.11636297,140.2217057,CHIBA_SOTOBOU
大沢港,イワシ,35.11625758,140.2214697,CHIBA_SOTOBOU
大沢港,アジ,35.11628391,140.2212015,CHIBA_SOTOBOU
大沢港,アジ,35.11633657,140.2204397,CHIBA_SOTOBOU
大沢港,クロダイ,35.116403,140.221106,CHIBA_SOTOBOU
大沢港,シロギス,35.11632769,140.2208421,CHIBA_SOTOBOU
大沢港,メジナ,35.116262,140.219694,CHIBA_SOTOBOU
大沢港,クロダイ,35.11614777,140.2198389,CHIBA_SOTOBOU
大沢港,イワシ,35.1160425,140.2203271,CHIBA_SOTOBOU
大沢港,シロギス,35.11620931,140.2201608,CHIBA_SOTOBOU
大沢港,スズキ,35.11479949,140.2211521,CHIBA_SOTOBOU
大沢港,カサゴ,35.11509028,140.2208714,CHIBA_SOTOBOU
大沢港,クロダイ,35.11553122,140.2206286,CHIBA_SOTOBOU
大沢港,メジナ,35.1157176,140.2207348,CHIBA_SOTOBOU
大沢港,クロダイ,35.11425919,140.2259012,CHIBA_SOTOBOU
大沢港,クロダイ,35.113787,140.225533,CHIBA_SOTOBOU
大沢港,メジナ,35.114532,140.226053,CHIBA_SOTOBOU
大沢港,メジナ,35.114011,140.225749,CHIBA_SOTOBOU
竹岡漁港,アジ,35.21005013,139.8436537,CHIBA_MINAMI
竹岡漁港,アジ,35.21040495,139.8435277,CHIBA_MINAMI
竹岡漁港,メバル,35.21000083,139.8440229,CHIBA_MINAMI
竹岡漁港,アイナメ,35.21044009,139.8441178,CHIBA_MINAMI
竹岡漁港,クロダイ,35.21029861,139.8445919,CHIBA_MINAMI
竹岡漁港,メバル,35.20930938,139.8430315,CHIBA_MINAMI
竹岡漁港,クロダイ,35.21018706,139.8430898,CHIBA_MINAMI
竹岡漁港,クロダイ,35.20963378,139.8432621,CHIBA_MINAMI
竹岡漁港,ハゼ,35.20893493,139.8427864,CHIBA_MINAMI
竹岡漁港,カレイ,35.21075111,139.8434767,CHIBA_MINAMI
竹岡漁港,シロギス,35.21057752,139.843014,CHIBA_MINAMI
竹岡漁港,アイナメ,35.210668,139.8445576,CHIBA_MINAMI
竹岡漁港,ハゼ,35.20861267,139.8427105,CHIBA_MINAMI
竹岡漁港,シロギス,35.20899369,139.8422804,CHIBA_MINAMI
竹岡漁港,カレイ,35.209283,139.842348,CHIBA_MINAMI
竹岡漁港,マゴチ,35.20978291,139.8424575,CHIBA_MINAMI
竹岡漁港,シロギス,35.209498,139.842103,CHIBA_MINAMI
竹岡漁港,マゴチ,35.20798497,139.8388445,CHIBA_MINAMI
竹岡漁港,カレイ,35.20766939,139.8384583,CHIBA_MINAMI
竹岡漁港,シロギス,35.208248,139.8382008,CHIBA_MINAMI
竹岡漁港,シロギス,35.20882645,139.8378789,CHIBA_MINAMI
竹岡漁港,カレイ,35.20870413,139.8388445,CHIBA_MINAMI
竹岡漁港,マゴチ,35.20910673,139.8384798,CHIBA_MINAMI
竹岡漁港,マゴチ,35.208301,139.839064,CHIBA_MINAMI
竹岡漁港,イイダコ,35.21097415,139.8431505,CHIBA_MINAMI
竹岡漁港,イイダコ,35.2107634,139.8425588,CHIBA_MINAMI
竹岡漁港,メバル,35.21013124,139.8443416,CHIBA_MINAMI
竹岡漁港,メバル,35.21045365,139.8448726,CHIBA_MINAMI
竹岡漁港,メバル,35.2106334,139.8451609,CHIBA_MINAMI
竹岡漁港,メバル,35.208835,139.843989,CHIBA_MINAMI
竹岡漁港,メバル,35.209107,139.844461,CHIBA_MINAMI
竹岡漁港,メバル,35.209397,139.844804,CHIBA_MINAMI
中谷里海岸,シロギス,35.68614079,140.6563516,CHIBA_CHOUSHI
中谷里海岸,シロギス,35.68534002,140.6552136,CHIBA_CHOUSHI
中谷里海岸,イシモチ,35.68575898,140.6558964,CHIBA_CHOUSHI
中谷里海岸,イシモチ,35.6854632,140.6544247,CHIBA_CHOUSHI
中谷里海岸,スズキ,35.68477279,140.6545916,CHIBA_CHOUSHI
中谷里海岸,スズキ,35.6847354,140.6534991,CHIBA_CHOUSHI
中谷里海岸,イシモチ,35.68617777,140.6531957,CHIBA_CHOUSHI
中谷里海岸,イシモチ,35.68573423,140.6534232,CHIBA_CHOUSHI
中谷里海岸,イシモチ,35.68489586,140.6514204,CHIBA_CHOUSHI
中谷里海岸,シロギス,35.68602958,140.6540605,CHIBA_CHOUSHI
中谷里海岸,シロギス,35.68585734,140.6523915,CHIBA_CHOUSHI
中谷里海岸,シロギス,35.68520401,140.6521032,CHIBA_CHOUSHI
中谷里海岸,スズキ,35.68543847,140.652786,CHIBA_CHOUSHI
銚子マリーナ・犬若堤防,アイナメ,35.69765082,140.844552,CHIBA_CHOUSHI
銚子マリーナ・犬若堤防,アイナメ,35.69749894,140.8394641,CHIBA_CHOUSHI
銚子マリーナ・犬若堤防,アイナメ,35.69661023,140.840655,CHIBA_CHOUSHI
銚子マリーナ・犬若堤防,アイナメ,35.69673224,140.8389276,CHIBA_CHOUSHI
銚子マリーナ・犬若堤防,シロギス,35.69873651,140.8407408,CHIBA_CHOUSHI
銚子マリーナ・犬若堤防,シロギス,35.69799575,140.8388311,CHIBA_CHOUSHI
銚子マリーナ・犬若堤防,シロギス,35.69654062,140.8375114,CHIBA_CHOUSHI
銚子マリーナ・犬若堤防,シロギス,35.69644537,140.8365351,CHIBA_CHOUSHI
銚子マリーナ・犬若堤防,シロギス,35.69511126,140.8380479,CHIBA_CHOUSHI
銚子マリーナ・犬若堤防,シロギス,35.69586066,140.8406872,CHIBA_CHOUSHI
銚子マリーナ・犬若堤防,アイナメ,35.69784707,140.8430046,CHIBA_CHOUSHI
銚子マリーナ・犬若堤防,カサゴ,35.69734209,140.8411163,CHIBA_CHOUSHI
銚子マリーナ・犬若堤防,カサゴ,35.69693268,140.8393568,CHIBA_CHOUSHI
銚子マリーナ・犬若堤防,メジナ,35.69725518,140.8391529,CHIBA_CHOUSHI
銚子マリーナ・犬若堤防,クロダイ,35.69661899,140.8382517,CHIBA_CHOUSHI
銚子マリーナ・犬若堤防,クロダイ,35.69754275,140.8387345,CHIBA_CHOUSHI
銚子マリーナ・犬若堤防,クロダイ,35.69604392,140.8369964,CHIBA_CHOUSHI
銚子マリーナ・犬若堤防,クロダイ,35.69559077,140.8374041,CHIBA_CHOUSHI
銚子マリーナ・犬若堤防,クロダイ,35.69606131,140.8390886,CHIBA_CHOUSHI
銚子マリーナ・犬若堤防,クロダイ,35.69745985,140.8437858,CHIBA_CHOUSHI
銚子マリーナ・犬若堤防,メゴチ,35.69708075,140.8385736,CHIBA_CHOUSHI
銚子マリーナ・犬若堤防,メゴチ,35.69725037,140.8442638,CHIBA_CHOUSHI
銚子マリーナ・犬若堤防,メゴチ,35.69827434,140.8423394,CHIBA_CHOUSHI
銚子マリーナ・犬若堤防,メゴチ,35.69804799,140.8413523,CHIBA_CHOUSHI
銚子マリーナ・犬若堤防,メゴチ,35.69579108,140.8382839,CHIBA_CHOUSHI
銚子マリーナ・犬若堤防,クロダイ,35.69767502,140.8403985,CHIBA_CHOUSHI
銚子マリーナ・犬若堤防,イシモチ,35.69897157,140.8422643,CHIBA_CHOUSHI
銚子マリーナ・犬若堤防,イシモチ,35.69680016,140.8443586,CHIBA_CHOUSHI
銚子マリーナ・犬若堤防,イシモチ,35.69540759,140.8390349,CHIBA_CHOUSHI
銚子マリーナ・犬若堤防,イシモチ,35.69523514,140.836757,CHIBA_CHOUSHI
銚子マリーナ・犬若堤防,イシモチ,35.69743833,140.8379084,CHIBA_CHOUSHI
銚子マリーナ・犬若堤防,イシモチ,35.69848376,140.8396786,CHIBA_CHOUSHI
銚子マリーナ・犬若堤防,スズキ,35.69687188,140.8372325,CHIBA_CHOUSHI
銚子マリーナ・犬若堤防,ヒラメ,35.69851892,140.8415991,CHIBA_CHOUSHI
銚子マリーナ・犬若堤防,ウミタナゴ,35.69805716,140.840004,CHIBA_CHOUSHI
銚子マリーナ・犬若堤防,ウミタナゴ,35.69622679,140.8398825,CHIBA_CHOUSHI
銚子マリーナ・犬若堤防,イシモチ,35.70175948,140.842157,CHIBA_CHOUSHI
銚子マリーナ・犬若堤防,イシモチ,35.70177839,140.8359376,CHIBA_CHOUSHI
銚子マリーナ・犬若堤防,イシモチ,35.7072184,140.8374891,CHIBA_CHOUSHI
銚子マリーナ・犬若堤防,シロギス,35.70673076,140.8357404,CHIBA_CHOUSHI
銚子マリーナ・犬若堤防,イシモチ,35.705521,140.836047,CHIBA_CHOUSHI
銚子マリーナ・犬若堤防,シロギス,35.70362709,140.83483,CHIBA_CHOUSHI
銚子マリーナ・犬若堤防,シロギス,35.69978202,140.838335,CHIBA_CHOUSHI
銚子マリーナ・犬若堤防,メバル,35.70092297,140.8407515,CHIBA_CHOUSHI
銚子マリーナ・犬若堤防,アイナメ,35.70125453,140.8413523,CHIBA_CHOUSHI
銚子マリーナ・犬若堤防,アイナメ,35.7003655,140.83911,CHIBA_CHOUSHI
銚子マリーナ・犬若堤防,アイナメ,35.70078021,140.8376674,CHIBA_CHOUSHI
銚子マリーナ・犬若堤防,アイナメ,35.70372006,140.8358055,CHIBA_CHOUSHI
銚子マリーナ・犬若堤防,カサゴ,35.70295327,140.8362776,CHIBA_CHOUSHI
銚子マリーナ・犬若堤防,カサゴ,35.70142883,140.8371788,CHIBA_CHOUSHI
銚子マリーナ・犬若堤防,カサゴ,35.70060073,140.8398718,CHIBA_CHOUSHI
銚子マリーナ・犬若堤防,スズキ,35.70095313,140.8364384,CHIBA_CHOUSHI
銚子マリーナ・犬若堤防,スズキ,35.70269045,140.8354521,CHIBA_CHOUSHI
銚子マリーナ・犬若堤防,スズキ,35.70453848,140.8349059,CHIBA_CHOUSHI
銚子マリーナ・犬若堤防,クロダイ,35.70525278,140.8348149,CHIBA_CHOUSHI
銚子マリーナ・犬若堤防,クロダイ,35.70631225,140.8367722,CHIBA_CHOUSHI
銚子マリーナ・犬若堤防,スズキ,35.70608491,140.8361008,CHIBA_CHOUSHI
銚子マリーナ・犬若堤防,クロダイ,35.70218651,140.8367282,CHIBA_CHOUSHI
銚子マリーナ・犬若堤防,クロダイ,35.70047873,140.8383054,CHIBA_CHOUSHI
銚子マリーナ・犬若堤防,ヒラメ,35.70026294,140.8372273,CHIBA_CHOUSHI
銚子マリーナ・犬若堤防,ヒラメ,35.70620213,140.8351411,CHIBA_CHOUSHI
銚子マリーナ・犬若堤防,アジ,35.700818,140.841433,CHIBA_CHOUSHI
銚子マリーナ・犬若堤防,アジ,35.701324,140.842313,CHIBA_CHOUSHI
銚子マリーナ・犬若堤防,アジ,35.70554965,140.8367266,CHIBA_CHOUSHI
銚子マリーナ・犬若堤防,アジ,35.706006,140.837167,CHIBA_CHOUSHI
銚子マリーナ・犬若堤防,アジ,35.706684,140.836818,CHIBA_CHOUSHI
銚子漁港,アジ,35.744205,140.860825,CHIBA_CHOUSHI
銚子漁港,アジ,35.74339545,140.8601194,CHIBA_CHOUSHI
銚子漁港,イワシ,35.744605,140.860857,CHIBA_CHOUSHI
銚子漁港,ハゼ,35.7437405,140.8597401,CHIBA_CHOUSHI
銚子漁港,アジ,35.74495335,140.8626381,CHIBA_CHOUSHI
銚子漁港,クロダイ,35.74462708,140.8628202,CHIBA_CHOUSHI
銚子漁港,アジ,35.74508883,140.8611132,CHIBA_CHOUSHI
銚子漁港,クロダイ,35.74490411,140.8615532,CHIBA_CHOUSHI
銚子漁港,カサゴ,35.74481783,140.8619477,CHIBA_CHOUSHI
銚子漁港,アイナメ,35.74471322,140.8623726,CHIBA_CHOUSHI
銚子漁港,イシモチ,35.74531896,140.8614796,CHIBA_CHOUSHI
銚子漁港,ヒラメ,35.74544093,140.8620161,CHIBA_CHOUSHI
銚子漁港,スズキ,35.74517493,140.8623726,CHIBA_CHOUSHI
銚子漁港,アジ,35.74276652,140.8629036,CHIBA_CHOUSHI
銚子漁港,ハゼ,35.74285365,140.862494,CHIBA_CHOUSHI
銚子漁港,スズキ,35.74314309,140.8627822,CHIBA_CHOUSHI
銚子漁港,カレイ,35.74346265,140.8631729,CHIBA_CHOUSHI
銚子漁港,アジ,35.74268746,140.8634119,CHIBA_CHOUSHI
銚子漁港,ヒラメ,35.74260671,140.863905,CHIBA_CHOUSHI
銚子漁港,アジ,35.73539069,140.8699362,CHIBA_CHOUSHI
銚子漁港,イワシ,35.73471221,140.8703095,CHIBA_CHOUSHI
銚子漁港,ヒラメ,35.7350825,140.8701411,CHIBA_CHOUSHI
銚子漁港,アジ,35.74504,140.861959,CHIBA_CHOUSHI
銚子漁港,アジ,35.744005,140.862718,CHIBA_CHOUSHI
銚子漁港,アジ,35.74345,140.862551,CHIBA_CHOUSHI
銚子漁港,メバル,35.7443,140.862809,CHIBA_CHOUSHI
銚子漁港,メバル,35.743734,140.862657,CHIBA_CHOUSHI
銚子漁港,メバル,35.742367,140.864296,CHIBA_CHOUSHI
銚子漁港,メバル,35.741985,140.864933,CHIBA_CHOUSHI
銚子漁港,メバル,35.741554,140.865494,CHIBA_CHOUSHI
銚子漁港,メバル,35.74071236,140.8662218,CHIBA_CHOUSHI
銚子漁港,メバル,35.739164,140.86733,CHIBA_CHOUSHI
銚子漁港,アジ,35.739953,140.866602,CHIBA_CHOUSHI
銚子漁港,アジ,35.739719,140.867634,CHIBA_CHOUSHI
銚子漁港,アジ,35.739596,140.868074,CHIBA_CHOUSHI
銚子漁港,アジ,35.73946,140.867437,CHIBA_CHOUSHI
長浦駅前水路,ハゼ,35.450672,139.992551,CHIBA_UCHIBOU
長浦駅前水路,ハゼ,35.450917,139.993635,CHIBA_UCHIBOU
長浦駅前水路,ハゼ,35.450812,139.99312,CHIBA_UCHIBOU
長浦駅前水路,ハゼ,35.451717,139.997119,CHIBA_UCHIBOU
長浦駅前水路,ハゼ,35.451818,139.997452,CHIBA_UCHIBOU
長浦駅前水路,ハゼ,35.45191,139.997768,CHIBA_UCHIBOU
長浦駅前水路,ハゼ,35.451984,139.998079,CHIBA_UCHIBOU
長浦駅前水路,ハゼ,35.452067,139.998417,CHIBA_UCHIBOU
長浦駅前水路,ハゼ,35.452216,139.998723,CHIBA_UCHIBOU
長浦駅前水路,ハゼ,35.449112,139.993396,CHIBA_UCHIBOU
長浦港,カサゴ,35.47022043,139.9889463,CHIBA_UCHIBOU
長浦港,アイナメ,35.46996683,139.9885601,CHIBA_UCHIBOU
長浦港,メバル,35.46959955,139.9887532,CHIBA_UCHIBOU
長浦港,アナゴ,35.46963522,139.9879164,CHIBA_UCHIBOU
長浦港,スズキ,35.47061414,139.9874336,CHIBA_UCHIBOU
長浦港,カレイ,35.4703863,139.9882168,CHIBA_UCHIBOU
長浦港,シロギス,35.47093701,139.9881631,CHIBA_UCHIBOU
長浦港,ハゼ,35.47067421,139.988839,CHIBA_UCHIBOU
長浦港,メゴチ,35.47049995,139.9895149,CHIBA_UCHIBOU
長浦港,イシモチ,35.470998,139.989375,CHIBA_UCHIBOU
天津漁港,クロダイ,35.12282191,140.1621661,CHIBA_SOTOBOU
天津漁港,イシダイ,35.12190014,140.1648778,CHIBA_SOTOBOU
天津漁港,アオリイカ,35.12193524,140.1598138,CHIBA_SOTOBOU
天津漁港,クロダイ,35.1221028,140.1650353,CHIBA_SOTOBOU
天津漁港,イワシ,35.121795,140.164137,CHIBA_SOTOBOU
天津漁港,メジナ,35.12201606,140.1645801,CHIBA_SOTOBOU
天津漁港,ウミタナゴ,35.12199121,140.1639504,CHIBA_SOTOBOU
天津漁港,クロダイ,35.121866,140.163419,CHIBA_SOTOBOU
天津漁港,メジナ,35.12192294,140.1629642,CHIBA_SOTOBOU
天津漁港,イシダイ,35.121725,140.162775,CHIBA_SOTOBOU
天津漁港,ウミタナゴ,35.12124157,140.1617557,CHIBA_SOTOBOU
天津漁港,サヨリ,35.1210401,140.1623458,CHIBA_SOTOBOU
天津漁港,ボラ,35.1209784,140.1614338,CHIBA_SOTOBOU
天津漁港,クロダイ,35.1214,140.1623029,CHIBA_SOTOBOU
天津漁港,イワシ,35.122629,140.160122,CHIBA_SOTOBOU
天津漁港,アジ,35.122668,140.16075,CHIBA_SOTOBOU
天津漁港,アナゴ,35.122295,140.160669,CHIBA_SOTOBOU
天津漁港,クロダイ,35.12207554,140.1613158,CHIBA_SOTOBOU
天津漁港,アジ,35.1223126,140.1599211,CHIBA_SOTOBOU
天津漁港,イワシ,35.1217421,140.1592129,CHIBA_SOTOBOU
天津漁港,シロギス,35.12148765,140.1596743,CHIBA_SOTOBOU
東浪見海岸,ヒラメ,35.35146824,140.3940279,CHIBA_SOTOBOU
東浪見海岸,スズキ,35.35169029,140.3945893,CHIBA_SOTOBOU
東浪見海岸,イシモチ,35.35099822,140.3940735,CHIBA_SOTOBOU
東浪見海岸,シロギス,35.35051576,140.394119,CHIBA_SOTOBOU
東浪見海岸,ヒラメ,35.35301563,140.3941948,CHIBA_SOTOBOU
東浪見海岸,イシモチ,35.35344337,140.3938311,CHIBA_SOTOBOU
東浪見海岸,イシモチ,35.35437067,140.3937775,CHIBA_SOTOBOU
東浪見海岸,イシモチ,35.35386325,140.3935736,CHIBA_SOTOBOU
東浪見海岸,イシモチ,35.35266872,140.3943921,CHIBA_SOTOBOU
南白亀川,ハゼ,35.45701595,140.3849852,CHIBA_CHOUSHI
南白亀川,ハゼ,35.45710353,140.3858221,CHIBA_CHOUSHI
南白亀川,ハゼ,35.454106,140.372786,CHIBA_CHOUSHI
南白亀川,ハゼ,35.45475,140.372376,CHIBA_CHOUSHI
南白亀川河口,イシモチ,35.45002413,140.4080522,CHIBA_CHOUSHI
南白亀川河口,イシモチ,35.45158012,140.4094899,CHIBA_CHOUSHI
南白亀川河口,イシモチ,35.44859095,140.4085028,CHIBA_CHOUSHI
南白亀川河口,シロギス,35.44796141,140.4076874,CHIBA_CHOUSHI
南白亀川河口,シロギス,35.450864,140.409383,CHIBA_CHOUSHI
南白亀川河口,スズキ,35.45009449,140.4092538,CHIBA_CHOUSHI
南白亀川河口,スズキ,35.44930783,140.4082668,CHIBA_CHOUSHI
南白亀川河口,イシモチ,35.44719247,140.4074085,CHIBA_CHOUSHI
南白亀川河口,シロギス,35.44644066,140.4071295,CHIBA_CHOUSHI
南白亀川河口,ハゼ,35.45087968,140.4041634,CHIBA_CHOUSHI
南白亀川河口,ハゼ,35.451462,140.404421,CHIBA_CHOUSHI
南白亀川河口,ハゼ,35.450213,140.401007,CHIBA_CHOUSHI
南白亀川河口,ハゼ,35.449792,140.400476,CHIBA_CHOUSHI
南白亀川河口,ハゼ,35.449644,140.401098,CHIBA_CHOUSHI
南白亀川河口,ハゼ,35.450559,140.399839,CHIBA_CHOUSHI
南白亀川河口,ハゼ,35.451351,140.398292,CHIBA_CHOUSHI
南白亀川河口,ハゼ,35.45098,140.398959,CHIBA_CHOUSHI
二号排水路,マブナ,35.886342,140.047939,CHIBA_UCHIBOU
二号排水路,マブナ,35.885924,140.048401,CHIBA_UCHIBOU
二号排水路,ヘラブナ,35.885702,140.048993,CHIBA_UCHIBOU
二号排水路,ヘラブナ,35.886643,140.047355,CHIBA_UCHIBOU
猫実川・入船海岸,ハゼ,35.65540595,139.9185141,CHIBA_UCHIBOU
猫実川・入船海岸,セイゴ,35.6549992,139.9192045,CHIBA_UCHIBOU
猫実川・入船海岸,フッコ,35.6545987,139.9198949,CHIBA_UCHIBOU
猫実川・入船海岸,ハゼ,35.65418578,139.9204866,CHIBA_UCHIBOU
猫実川・入船海岸,シロギス,35.65621378,139.9193183,CHIBA_UCHIBOU
猫実川・入船海岸,カレイ,35.65570218,139.9198797,CHIBA_UCHIBOU
猫実川・入船海岸,シロギス,35.65514715,139.9205094,CHIBA_UCHIBOU
猫実川・入船海岸,スズキ,35.65465423,139.9211466,CHIBA_UCHIBOU
猫実川・入船海岸,カレイ,35.65403134,139.9214653,CHIBA_UCHIBOU
波崎新港,アジ,35.7498287,140.8453676,CHIBA_CHOUSHI
波崎新港,アジ,35.74808011,140.8416957,CHIBA_CHOUSHI
波崎新港,アジ,35.75246726,140.8379138,CHIBA_CHOUSHI
波崎新港,スズキ,35.7526066,140.84566,CHIBA_CHOUSHI
波崎新港,ヒラメ,35.7535821,140.8452737,CHIBA_CHOUSHI
波崎新港,ヒラメ,35.756891,140.839652,CHIBA_CHOUSHI
波崎新港,クロダイ,35.756475,140.842431,CHIBA_CHOUSHI
波崎新港,クロダイ,35.75332033,140.8439004,CHIBA_CHOUSHI
波崎新港,クロダイ,35.75208455,140.8447373,CHIBA_CHOUSHI
波崎新港,カレイ,35.75098756,140.8461964,CHIBA_CHOUSHI
波崎新港,カレイ,35.7487203,140.8431523,CHIBA_CHOUSHI
波崎新港,カレイ,35.75393005,140.8399308,CHIBA_CHOUSHI
波崎新港,クロダイ,35.758421,140.840671,CHIBA_CHOUSHI
波崎新港,イナダ,35.75928554,140.8413316,CHIBA_CHOUSHI
波崎新港,イナダ,35.75852215,140.838775,CHIBA_CHOUSHI
波崎新港,カレイ,35.75581039,140.8416045,CHIBA_CHOUSHI
波崎新港,アジ,35.75072568,140.8393085,CHIBA_CHOUSHI
波崎新港,メバル,35.751668,140.839942,CHIBA_CHOUSHI
波崎新港,メバル,35.75321596,140.8409178,CHIBA_CHOUSHI
波崎新港,ハゼ,35.75132,140.843203,CHIBA_CHOUSHI
波崎新港,イシモチ,35.754905,140.843418,CHIBA_CHOUSHI
波崎新港,イシモチ,35.75596752,140.8384717,CHIBA_CHOUSHI
波崎新港,イシモチ,35.75521907,140.8372271,CHIBA_CHOUSHI
波崎新港,カンパチ,35.75963045,140.8397536,CHIBA_CHOUSHI
波崎新港,ソウダカツオ,35.76012308,140.8417868,CHIBA_CHOUSHI
波崎新港,アジ,35.748547,140.840998,CHIBA_CHOUSHI
波崎新港,アジ,35.74951,140.84291,CHIBA_CHOUSHI
波崎新港,アジ,35.75057,140.843092,CHIBA_CHOUSHI
波崎新港,アジ,35.750841,140.843972,CHIBA_CHOUSHI
波崎新港,アジ,35.748744,140.846733,CHIBA_CHOUSHI
波崎新港,アジ,35.750076,140.841878,CHIBA_CHOUSHI
波崎新港,メバル,35.749459,140.840998,CHIBA_CHOUSHI
波崎新港,メバル,35.747561,140.842363,CHIBA_CHOUSHI
波崎新港,メバル,35.747859,140.843638,CHIBA_CHOUSHI
波崎新港,メバル,35.7485,140.844397,CHIBA_CHOUSHI
波崎新港,メバル,35.750299,140.844639,CHIBA_CHOUSHI
波崎新港,メバル,35.749362,140.845944,CHIBA_CHOUSHI
波崎新港,ハゼ,35.744144,140.843879,CHIBA_CHOUSHI
波崎新港,ハゼ,35.743534,140.843064,CHIBA_CHOUSHI
波崎新港,ハゼ,35.745991,140.845917,CHIBA_CHOUSHI
波崎新港,ヒラメ,35.746619,140.846647,CHIBA_CHOUSHI
波崎新港,セイゴ,35.747348,140.846969,CHIBA_CHOUSHI
波崎新港,ヒラメ,35.749317,140.846883,CHIBA_CHOUSHI
波崎新港,ヒラメ,35.750988,140.842484,CHIBA_CHOUSHI
波崎新港,イワシ,35.74989,140.846175,CHIBA_CHOUSHI
波崎新港,イワシ,35.748165,140.842677,CHIBA_CHOUSHI
白旗川,ハゼ,35.526637,140.098461,CHIBA_UCHIBOU
白旗川,ハゼ,35.52621568,140.0984302,CHIBA_UCHIBOU
白旗川,ハゼ,35.52582058,140.0983695,CHIBA_UCHIBOU
白旗川,ハゼ,35.525006,140.098491,CHIBA_UCHIBOU
白旗川,ハゼ,35.525364,140.098369,CHIBA_UCHIBOU
白子漁港,クロダイ,34.985768,139.971402,CHIBA_MINAMI
白子漁港,アジ,34.985553,139.971429,CHIBA_MINAMI
白子漁港,ウミタナゴ,34.98524485,139.9712893,CHIBA_MINAMI
白子漁港,ヒラメ,34.98563584,139.9725929,CHIBA_MINAMI
白子漁港,クロダイ,34.98538958,139.9711499,CHIBA_MINAMI
白子漁港,クロダイ,34.9857633,139.9723783,CHIBA_MINAMI
白子漁港,メジナ,34.98562265,139.9721208,CHIBA_MINAMI
白子漁港,スズキ,34.98535008,139.9715307,CHIBA_MINAMI
白子漁港,サヨリ,34.98546017,139.9718526,CHIBA_MINAMI
八間堀,モロコ,35.985691,139.878117,CHIBA_UCHIBOU
八間堀,クチボソ,35.985561,139.878268,CHIBA_UCHIBOU
八間堀,マブナ,35.986332,139.877412,CHIBA_UCHIBOU
八間堀,マブナ,35.985012,139.878936,CHIBA_UCHIBOU
八間堀,ヘラブナ,35.984556,139.879467,CHIBA_UCHIBOU
五十嵐橋周辺,ハゼ,35.54212,140.119213,CHIBA_UCHIBOU
五十嵐橋周辺,ハゼ,35.542312,140.118781,CHIBA_UCHIBOU
五十嵐橋周辺,ハゼ,35.541997,140.119721,CHIBA_UCHIBOU
五十嵐橋周辺,ハゼ,35.54225,140.120162,CHIBA_UCHIBOU
五十嵐橋周辺,ハゼ,35.542386,140.120374,CHIBA_UCHIBOU
五十嵐橋周辺,ハゼ,35.542726,140.120852,CHIBA_UCHIBOU
五十嵐橋周辺,ハゼ,35.543207,140.121891,CHIBA_UCHIBOU
五十嵐橋周辺,ハゼ,35.542985,140.121413,CHIBA_UCHIBOU
畔戸港・見立港,ハゼ,35.42899924,139.9048548,CHIBA_UCHIBOU
畔戸港・見立港,ハゼ,35.42809669,139.904172,CHIBA_UCHIBOU
畔戸港・見立港,ボラ,35.427718,139.902467,CHIBA_UCHIBOU
畔戸港・見立港,セイゴ,35.42815878,139.9020781,CHIBA_UCHIBOU
畔戸港・見立港,フッコ,35.42780015,139.9016078,CHIBA_UCHIBOU
畔戸港・見立港,スズキ,35.42865356,139.9016988,CHIBA_UCHIBOU
畔戸港・見立港,ハゼ,35.42362593,139.8976976,CHIBA_UCHIBOU
畔戸港・見立港,ボラ,35.42380964,139.8983628,CHIBA_UCHIBOU
畔戸港・見立港,セイゴ,35.42393202,139.8990387,CHIBA_UCHIBOU
畔戸港・見立港,スズキ,35.42417681,139.8998755,CHIBA_UCHIBOU
畔戸港・見立港,ボラ,35.42466643,139.8996395,CHIBA_UCHIBOU
畔戸港・見立港,ハゼ,35.42464881,139.8990601,CHIBA_UCHIBOU
飯岡漁港,アジ,35.689144,140.729215,CHIBA_CHOUSHI
飯岡漁港,ハゼ,35.69226209,140.732004,CHIBA_CHOUSHI
飯岡漁港,ハゼ,35.6912424,140.7321972,CHIBA_CHOUSHI
飯岡漁港,アイナメ,35.69168669,140.72994,CHIBA_CHOUSHI
飯岡漁港,スズキ,35.68488225,140.7274872,CHIBA_CHOUSHI
飯岡漁港,スズキ,35.68359121,140.7285386,CHIBA_CHOUSHI
飯岡漁港,スズキ,35.68696664,140.7307593,CHIBA_CHOUSHI
飯岡漁港,スズキ,35.68754555,140.7321704,CHIBA_CHOUSHI
飯岡漁港,スズキ,35.68942122,140.7355392,CHIBA_CHOUSHI
飯岡漁港,クロダイ,35.69071134,140.7284313,CHIBA_CHOUSHI
飯岡漁港,クロダイ,35.687367,140.728458,CHIBA_CHOUSHI
飯岡漁港,クロダイ,35.68420153,140.7277447,CHIBA_CHOUSHI
飯岡漁港,クロダイ,35.68621523,140.7300462,CHIBA_CHOUSHI
飯岡漁港,クロダイ,35.68809977,140.7334601,CHIBA_CHOUSHI
飯岡漁港,クロダイ,35.69008503,140.7369802,CHIBA_CHOUSHI
飯岡漁港,シロギス,35.68999642,140.7273209,CHIBA_CHOUSHI
飯岡漁港,シロギス,35.68699936,140.727734,CHIBA_CHOUSHI
飯岡漁港,ヒラメ,35.68685545,140.7318366,CHIBA_CHOUSHI
飯岡漁港,ヒラメ,35.68408833,140.7295042,CHIBA_CHOUSHI
飯岡漁港,ヒラメ,35.685396,140.72709,CHIBA_CHOUSHI
飯岡漁港,イシモチ,35.68361766,140.7274443,CHIBA_CHOUSHI
飯岡漁港,イシモチ,35.68611939,140.7273477,CHIBA_CHOUSHI
飯岡漁港,イシモチ,35.68936961,140.7278917,CHIBA_CHOUSHI
飯岡漁港,イシモチ,35.6905154,140.7271785,CHIBA_CHOUSHI
飯岡漁港,イシモチ,35.68953028,140.7367526,CHIBA_CHOUSHI
飯岡漁港,イシモチ,35.68867847,140.7346664,CHIBA_CHOUSHI
飯岡漁港,イシモチ,35.68582016,140.7306531,CHIBA_CHOUSHI
飯岡漁港,シタビラメ,35.68658059,140.728367,CHIBA_CHOUSHI
飯岡漁港,シリヤケイカ,35.68578772,140.7280129,CHIBA_CHOUSHI
飯岡漁港,シリヤケイカ,35.68500746,140.7297579,CHIBA_CHOUSHI
飯岡漁港,イシモチ,35.69075434,140.7300836,CHIBA_CHOUSHI
飯岡漁港,アジ,35.69025725,140.7282444,CHIBA_CHOUSHI
飯岡漁港,アジ,35.69046705,140.7282065,CHIBA_CHOUSHI
飯岡漁港,アジ,35.690152,140.728464,CHIBA_CHOUSHI
飯岡漁港,アジ,35.69198208,140.7324739,CHIBA_CHOUSHI
飯岡漁港,アジ,35.691626,140.732474,CHIBA_CHOUSHI
飯岡漁港,アジ,35.69191471,140.7340177,CHIBA_CHOUSHI
飯岡漁港,アジ,35.69161892,140.7339722,CHIBA_CHOUSHI
飯岡漁港,アジ,35.69161892,140.7339722,CHIBA_CHOUSHI
飯岡漁港,アジ,35.68975233,140.7280505,CHIBA_CHOUSHI
飯岡漁港,ハゼ,35.69254914,140.7364947,CHIBA_CHOUSHI
飯岡漁港,スズキ,35.692944,140.736601,CHIBA_CHOUSHI
飯岡漁港,メッキ,35.6923642,140.7360092,CHIBA_CHOUSHI
飯岡漁港,メッキ,35.690726,140.72906,CHIBA_CHOUSHI
飯岡漁港,キビレ,35.692082,140.735433,CHIBA_CHOUSHI
飯岡漁港,アナゴ,35.692464,140.735266,CHIBA_CHOUSHI
飯岡漁港,アナゴ,35.691477,140.730486,CHIBA_CHOUSHI
飯岡漁港,アナゴ,35.691305,140.733293,CHIBA_CHOUSHI
飯岡漁港,キビレ,35.691736,140.731882,CHIBA_CHOUSHI
飯岡漁港,スズキ,35.692451,140.734219,CHIBA_CHOUSHI
飯岡漁港,クロダイ,35.690997,140.727345,CHIBA_CHOUSHI
飯岡漁港,メジナ,35.691539,140.727315,CHIBA_CHOUSHI
飯岡漁港,カサゴ,35.692033,140.727179,CHIBA_CHOUSHI
尾垂浜,イシモチ,35.62500429,140.5569997,CHIBA_CHOUSHI
尾垂浜,シロギス,35.62426406,140.5559072,CHIBA_CHOUSHI
尾垂浜,カレイ,35.62451209,140.5566949,CHIBA_CHOUSHI
尾垂浜,イシモチ,35.62324011,140.5547238,CHIBA_CHOUSHI
尾垂浜,イシモチ,35.62201881,140.5530547,CHIBA_CHOUSHI
尾垂浜,シロギス,35.62257393,140.5539348,CHIBA_CHOUSHI
尾垂浜,シロギス,35.62142682,140.5522809,CHIBA_CHOUSHI
尾垂浜,カレイ,35.62347533,140.5561652,CHIBA_CHOUSHI
尾垂浜,スズキ,35.62368428,140.5554824,CHIBA_CHOUSHI
尾垂浜,カレイ,35.62274749,140.5551638,CHIBA_CHOUSHI
尾垂浜,スズキ,35.62208164,140.5541775,CHIBA_CHOUSHI
浜荻港,アジ,35.11739931,140.1446505,CHIBA_SOTOBOU
浜荻港,イワシ,35.11727125,140.145075,CHIBA_SOTOBOU
浜荻港,サヨリ,35.11769121,140.1446733,CHIBA_SOTOBOU
浜荻港,ボラ,35.117486,140.145021,CHIBA_SOTOBOU
浜荻港,アジ,35.11814451,140.1443937,CHIBA_SOTOBOU
浜荻港,イワシ,35.11794698,140.1446137,CHIBA_SOTOBOU
浜荻港,ボラ,35.11823241,140.1439807,CHIBA_SOTOBOU
浜荻港,クロダイ,35.11816647,140.1434764,CHIBA_SOTOBOU
浜荻港,ボラ,35.11875878,140.1429561,CHIBA_SOTOBOU
浜荻港,アジ,35.118464,140.143428,CHIBA_SOTOBOU
浜荻港,クロダイ,35.11846908,140.1431492,CHIBA_SOTOBOU
浜荻港,メジナ,35.11828034,140.1430205,CHIBA_SOTOBOU
浜荻港,サヨリ,35.1183943,140.1429293,CHIBA_SOTOBOU
浜荻港,アジ,35.118806,140.143358,CHIBA_SOTOBOU
浜荻港,アジ,35.118587,140.142618,CHIBA_SOTOBOU
浜荻港,ボラ,35.118443,140.142763,CHIBA_SOTOBOU
浜荻港,クロダイ,35.11820583,140.1427361,CHIBA_SOTOBOU
浜荻港,サヨリ,35.11801716,140.1426879,CHIBA_SOTOBOU
浜荻港,メジナ,35.11823221,140.1424357,CHIBA_SOTOBOU
浜荻港,クロダイ,35.118377,140.142253,CHIBA_SOTOBOU
浜荻港,スズキ,35.118066,140.142248,CHIBA_SOTOBOU
浜行川港,アオリイカ,35.12100453,140.237296,CHIBA_SOTOBOU
浜行川港,メジナ,35.12138918,140.2371595,CHIBA_SOTOBOU
浜行川港,クロダイ,35.12124044,140.2367043,CHIBA_SOTOBOU
浜行川港,イシガキダイ,35.12083834,140.2367502,CHIBA_SOTOBOU
浜行川港,イシダイ,35.1207875,140.2361581,CHIBA_SOTOBOU
浜行川港,メジナ,35.12114597,140.2364525,CHIBA_SOTOBOU
浜行川港,アジ,35.12097982,140.2357636,CHIBA_SOTOBOU
浜行川港,メバル,35.12115465,140.2358356,CHIBA_SOTOBOU
浜行川港,カサゴ,35.1210791,140.2352098,CHIBA_SOTOBOU
浜行川港,クロダイ,35.12128582,140.235216,CHIBA_SOTOBOU
浜行川港,アジ,35.12093947,140.2362165,CHIBA_SOTOBOU
浜行川港,アジ,35.121042,140.236864,CHIBA_SOTOBOU
浜行川港,アジ,35.121241,140.23546,CHIBA_SOTOBOU
浜行川港,アジ,35.12103569,140.2354374,CHIBA_SOTOBOU
浜行川港,アジ,35.12088,140.235559,CHIBA_SOTOBOU
浜行川港,アジ,35.121558,140.235498,CHIBA_SOTOBOU
浜行川港,アジ,35.121493,140.235685,CHIBA_SOTOBOU
富浦旧港,アジ,35.0496874,139.831126,CHIBA_MINAMI
富浦旧港,アジ,35.0493089,139.8316646,CHIBA_MINAMI
富浦旧港,シロギス,35.04944464,139.8312566,CHIBA_MINAMI
富浦旧港,メバル,35.04963171,139.8314902,CHIBA_MINAMI
富浦旧港,イシモチ,35.050103,139.831683,CHIBA_MINAMI
富浦旧港,クロダイ,35.05050107,139.8315205,CHIBA_MINAMI
富浦旧港,シロギス,35.05024655,139.8312322,CHIBA_MINAMI
富浦旧港,クロダイ,35.05010377,139.8308301,CHIBA_MINAMI
富浦旧港,メジナ,35.04994221,139.8306329,CHIBA_MINAMI
富浦旧港,メジナ,35.04945809,139.8305115,CHIBA_MINAMI
富浦旧港,メバル,35.04981196,139.8303977,CHIBA_MINAMI
富浦旧港,メゴチ,35.05042043,139.830686,CHIBA_MINAMI
富浦旧港,シロギス,35.05030084,139.8301086,CHIBA_MINAMI
富浦旧港,ウミタナゴ,35.04968787,139.8306784,CHIBA_MINAMI
富浦旧港,クロダイ,35.0483028,139.8302668,CHIBA_MINAMI
富浦旧港,メジナ,35.04802165,139.8305458,CHIBA_MINAMI
富浦旧港,シロギス,35.047601,139.830063,CHIBA_MINAMI
富浦旧港,ウミタナゴ,35.049831,139.831786,CHIBA_MINAMI
富浦旧港,クロダイ,35.049874,139.831475,CHIBA_MINAMI
富浦旧港,ウミタナゴ,35.049967,139.831005,CHIBA_MINAMI
富浦新港,マゴチ,35.03983038,139.8241351,CHIBA_MINAMI
富浦新港,シロギス,35.03907912,139.8240782,CHIBA_MINAMI
富浦新港,イシモチ,35.03952028,139.8238506,CHIBA_MINAMI
富浦新港,シロギス,35.04002319,139.8235472,CHIBA_MINAMI
富浦新港,イシモチ,35.04028402,139.8228113,CHIBA_MINAMI
富浦新港,アジ,35.04066905,139.8222651,CHIBA_MINAMI
富浦新港,クロダイ,35.04111748,139.8222658,CHIBA_MINAMI
富浦新港,メバル,35.04127164,139.8214761,CHIBA_MINAMI
富浦新港,クロダイ,35.04066281,139.8208616,CHIBA_MINAMI
富浦新港,メバル,35.04020342,139.8202698,CHIBA_MINAMI
富浦新港,アジ,35.03971283,139.8197388,CHIBA_MINAMI
富浦新港,アオリイカ,35.04021599,139.8195567,CHIBA_MINAMI
富浦新港,アオリイカ,35.04070652,139.8201029,CHIBA_MINAMI
富浦新港,シロギス,35.04113489,139.8207857,CHIBA_MINAMI
富津北港・富津みなと公園,メバル,35.32517383,139.8227942,CHIBA_MINAMI
富津北港・富津みなと公園,イワシ,35.325736,139.8232854,CHIBA_MINAMI
富津北港・富津みなと公園,アジ,35.32633046,139.8236192,CHIBA_MINAMI
富津北港・富津みなと公園,クロダイ,35.32663976,139.8243779,CHIBA_MINAMI
富津北港・富津みなと公園,ハゼ,35.32746709,139.8260772,CHIBA_MINAMI
富津北港・富津みなと公園,シリヤケイカ,35.32670164,139.8232096,CHIBA_MINAMI
富津北港・富津みなと公園,カレイ,35.327841,139.8227392,CHIBA_MINAMI
富津北港・富津みなと公園,サヨリ,35.32738163,139.8239303,CHIBA_MINAMI
富津北港・富津みなと公園,ハゼ,35.326452,139.819683,CHIBA_MINAMI
富津北港・富津みなと公園,ハゼ,35.325665,139.818052,CHIBA_MINAMI
富津北港・富津みなと公園,ハゼ,35.32465,139.815928,CHIBA_MINAMI
富津北港・富津みなと公園,ハゼ,35.32292557,139.8165259,CHIBA_MINAMI
富津北港・富津みなと公園,スズキ,35.326575,139.818395,CHIBA_MINAMI
富津北港・富津みなと公園,スズキ,35.325735,139.816464,CHIBA_MINAMI
富津北港・富津みなと公園,ハゼ,35.31626013,139.8146617,CHIBA_MINAMI
富津北港・富津みなと公園,メバル,35.31720864,139.8147744,CHIBA_MINAMI
富津北港・富津みなと公園,アオリイカ,35.317331,139.816271,CHIBA_MINAMI
富津北港・富津みなと公園,ハゼ,35.31673485,139.817065,CHIBA_MINAMI
富津北港・富津みなと公園,アイナメ,35.318154,139.815971,CHIBA_MINAMI
富津北港・富津みなと公園,カレイ,35.31969414,139.8148763,CHIBA_MINAMI
富津北港・富津みなと公園,イシモチ,35.31934401,139.813503,CHIBA_MINAMI
富津北港・富津みなと公園,シロギス,35.31880159,139.812237,CHIBA_MINAMI
富津北港・富津みなと公園,スズキ,35.32020278,139.8139751,CHIBA_MINAMI
富津北港・富津みなと公園,メバル,35.31895871,139.8146617,CHIBA_MINAMI
富津北港・富津みなと公園,クロダイ,35.31836329,139.8133314,CHIBA_MINAMI
富津北港・富津みなと公園,アナゴ,35.31713697,139.8119795,CHIBA_MINAMI
富津北港・富津みなと公園,アオリイカ,35.317962,139.812151,CHIBA_MINAMI
富津北港・富津みなと公園,アオリイカ,35.31920388,139.8170435,CHIBA_MINAMI
富津北港・富津みなと公園,ハゼ,35.3181716,139.8203419,CHIBA_MINAMI
富津北港・富津みなと公園,ハゼ,35.31879138,139.8252579,CHIBA_MINAMI
富津北港・富津みなと公園,アイナメ,35.32781761,139.8251116,CHIBA_MINAMI
富津北港・富津みなと公園,ハゼ,35.32839518,139.8279011,CHIBA_MINAMI
富津北港・富津みなと公園,ハゼ,35.32937542,139.8297679,CHIBA_MINAMI
富津北港・富津みなと公園,カレイ,35.32839529,139.8262274,CHIBA_MINAMI
富津北港・富津みなと公園,カレイ,35.32909543,139.8279011,CHIBA_MINAMI
富津北港・富津みなと公園,シロギス,35.32849625,139.8245068,CHIBA_MINAMI
富津北港・富津みなと公園,シロギス,35.329338,139.8264186,CHIBA_MINAMI
富津北港・富津みなと公園,スズキ,35.32377351,139.8155415,CHIBA_MINAMI
富津北港・富津みなと公園,スズキ,35.322031,139.81686,CHIBA_MINAMI
富津北港・富津みなと公園,メバル,35.326085,139.824167,CHIBA_MINAMI
富津北港・富津みなと公園,メバル,35.326943,139.825047,CHIBA_MINAMI
富津北港・富津みなと公園,メバル,35.327906,139.826978,CHIBA_MINAMI
富津北港・富津みなと公園,メバル,35.32892,139.828888,CHIBA_MINAMI
富津北港・富津みなと公園,シロギス,35.33017997,139.8282394,CHIBA_MINAMI
富津北港・富津みなと公園,メバル,35.317032,139.818031,CHIBA_MINAMI
富津北港・富津みなと公園,メバル,35.316577,139.817773,CHIBA_MINAMI
富津北港・富津みなと公園,メバル,35.316805,139.818717,CHIBA_MINAMI
富津北港・富津みなと公園,メバル,35.3172,139.819238,CHIBA_MINAMI
富津北港・富津みなと公園,メバル,35.317612,139.815311,CHIBA_MINAMI
富津北港・富津みなと公園,メバル,35.317384,139.815558,CHIBA_MINAMI
富津北港・富津みなと公園,メバル,35.31687571,139.8143774,CHIBA_MINAMI
富津北港・富津みなと公園,メバル,35.316543,139.814013,CHIBA_MINAMI
富津北港・富津みなと公園,メバル,35.31642,139.815525,CHIBA_MINAMI
富津岬,キビレ,35.31347861,139.7843421,CHIBA_MINAMI
富津岬,ハゼ,35.31395042,139.785156,CHIBA_MINAMI
富津岬,シロギス,35.314301,139.786102,CHIBA_MINAMI
富津岬,イシモチ,35.31451179,139.7882688,CHIBA_MINAMI
富津岬,ハゼ,35.31460656,139.7900872,CHIBA_MINAMI
富津岬,スズキ,35.31523857,139.7857022,CHIBA_MINAMI
富津岬,スズキ,35.31525083,139.7871588,CHIBA_MINAMI
富津岬,シロギス,35.31472198,139.7919166,CHIBA_MINAMI
部原港,アジ,35.159642,140.332513,CHIBA_SOTOBOU
部原港,アジ,35.159552,140.332556,CHIBA_SOTOBOU
部原港,アジ,35.159666,140.333436,CHIBA_SOTOBOU
部原港,アジ,35.159547,140.333527,CHIBA_SOTOBOU
部原港,アジ,35.159433,140.333398,CHIBA_SOTOBOU
部原港,アジ,35.159565,140.333339,CHIBA_SOTOBOU
部原港,メバル,35.159802,140.333329,CHIBA_SOTOBOU
部原港,メバル,35.15970061,140.3332105,CHIBA_SOTOBOU
平舘港・千倉港,メッキ,34.96086131,139.9629503,CHIBA_MINAMI
平舘港・千倉港,スズキ,34.95907638,139.9634868,CHIBA_MINAMI
平舘港・千倉港,ハゼ,34.958681,139.963401,CHIBA_MINAMI
平舘港・千倉港,シロギス,34.95802098,139.963122,CHIBA_MINAMI
平舘港・千倉港,クロダイ,34.95834574,139.9632551,CHIBA_MINAMI
平舘港・千倉港,アジ,34.957723,139.963787,CHIBA_MINAMI
平舘港・千倉港,ウミタナゴ,34.95748456,139.9632508,CHIBA_MINAMI
平舘港・千倉港,アジ,34.960448,139.964195,CHIBA_MINAMI
平舘港・千倉港,サヨリ,34.96085283,139.9650854,CHIBA_MINAMI
平舘港・千倉港,クロダイ,34.96065025,139.9646777,CHIBA_MINAMI
平舘港・千倉港,メジナ,34.95895341,139.9642807,CHIBA_MINAMI
平舘港・千倉港,ウミタナゴ,34.95855719,139.9644083,CHIBA_MINAMI
平舘港・千倉港,クロダイ,34.95815949,139.9645448,CHIBA_MINAMI
平舘港・千倉港,スズキ,34.95820595,139.9658579,CHIBA_MINAMI
平舘港・千倉港,サヨリ,34.95793519,139.9651669,CHIBA_MINAMI
平舘港・千倉港,シロギス,34.957222,139.964023,CHIBA_MINAMI
平舘港・千倉港,ハゼ,34.95385326,139.9647957,CHIBA_MINAMI
平舘港・千倉港,ハゼ,34.953282,139.965257,CHIBA_MINAMI
平舘港・千倉港,アジ,34.954838,139.964688,CHIBA_MINAMI
平舘港・千倉港,クロダイ,34.95474134,139.9638301,CHIBA_MINAMI
平舘港・千倉港,クロダイ,34.95511941,139.9642807,CHIBA_MINAMI
平舘港・千倉港,シロギス,34.955374,139.963744,CHIBA_MINAMI
平舘港・千倉港,メジナ,34.95651797,139.9651068,CHIBA_MINAMI
平舘港・千倉港,クロダイ,34.95602515,139.9651498,CHIBA_MINAMI
平舘港・千倉港,サヨリ,34.95632447,139.9656433,CHIBA_MINAMI
平舘港・千倉港,メジナ,34.95447749,139.967199,CHIBA_MINAMI
平舘港・千倉港,メジナ,34.955506,139.967467,CHIBA_MINAMI
平舘港・千倉港,イシダイ,34.955005,139.967821,CHIBA_MINAMI
平舘港・千倉港,イシダイ,34.953977,139.967875,CHIBA_MINAMI
平舘港・千倉港,メジナ,34.953343,139.967467,CHIBA_MINAMI
平舘港・千倉港,イシダイ,34.952666,139.967092,CHIBA_MINAMI
片貝漁港,イワシ,35.53626658,140.4595292,CHIBA_CHOUSHI
片貝漁港,イワシ,35.537376,140.460597,CHIBA_CHOUSHI
片貝漁港,イワシ,35.53646012,140.4662079,CHIBA_CHOUSHI
片貝漁港,イワシ,35.53477515,140.4653603,CHIBA_CHOUSHI
片貝漁港,クロダイ,35.53392837,140.4661971,CHIBA_CHOUSHI
片貝漁港,クロダイ,35.53423365,140.4640192,CHIBA_CHOUSHI
片貝漁港,クロダイ,35.53749,140.467034,CHIBA_CHOUSHI
片貝漁港,イシモチ,35.533457,140.46668,CHIBA_CHOUSHI
片貝漁港,イシモチ,35.533544,140.46462,CHIBA_CHOUSHI
片貝漁港,アジ,35.533937,140.465178,CHIBA_CHOUSHI
片貝漁港,アジ,35.535421,140.465961,CHIBA_CHOUSHI
片貝漁港,アジ,35.537901,140.4602,CHIBA_CHOUSHI
片貝漁港,スズキ,35.53785954,140.4613499,CHIBA_CHOUSHI
片貝漁港,ハゼ,35.53710613,140.4594837,CHIBA_CHOUSHI
片貝漁港,イシモチ,35.538094,140.466202,CHIBA_CHOUSHI
片貝漁港,イシモチ,35.53617202,140.4660684,CHIBA_CHOUSHI
片貝漁港,ヒラメ,35.534942,140.466508,CHIBA_CHOUSHI
片貝漁港,ヒラメ,35.533223,140.465382,CHIBA_CHOUSHI
片貝漁港,ヒラメ,35.52952429,140.4616989,CHIBA_CHOUSHI
片貝漁港,アジ,35.530559,140.46021,CHIBA_CHOUSHI
片貝漁港,シロギス,35.533047,140.466272,CHIBA_CHOUSHI
片貝漁港,シロギス,35.52999389,140.4616079,CHIBA_CHOUSHI
片貝漁港,イシモチ,35.530349,140.460843,CHIBA_CHOUSHI
片貝漁港,イシモチ,35.5296985,140.4626396,CHIBA_CHOUSHI
片貝漁港,イシモチ,35.53027937,140.4588009,CHIBA_CHOUSHI
片貝漁港,シロギス,35.53089644,140.4595899,CHIBA_CHOUSHI
片貝漁港,シロギス,35.535151,140.464974,CHIBA_CHOUSHI
片貝漁港,スズキ,35.539944,140.459143,CHIBA_CHOUSHI
片貝漁港,アナゴ,35.537673,140.462556,CHIBA_CHOUSHI
片貝漁港,アナゴ,35.53718025,140.4632845,CHIBA_CHOUSHI
片貝漁港,アナゴ,35.536635,140.463922,CHIBA_CHOUSHI
保田港,アジ,35.13115,139.836798,CHIBA_MINAMI
保田港,メバル,35.131786,139.83653,CHIBA_MINAMI
保田港,メバル,35.13082084,139.8367096,CHIBA_MINAMI
保田港,アオリイカ,35.13064705,139.8365503,CHIBA_MINAMI
保田港,シロギス,35.13028895,139.837026,CHIBA_MINAMI
保田港,クロダイ,35.13046468,139.836114,CHIBA_MINAMI
保田港,アジ,35.1310088,139.8356527,CHIBA_MINAMI
保田港,メバル,35.13072795,139.8358458,CHIBA_MINAMI
保田港,アジ,35.130163,139.836363,CHIBA_MINAMI
保田港,アジ,35.13059629,139.8345798,CHIBA_MINAMI
保田港,メバル,35.13013124,139.8345584,CHIBA_MINAMI
保田港,アジ,35.12971889,139.8349983,CHIBA_MINAMI
保田港,クロダイ,35.12927994,139.8353201,CHIBA_MINAMI
保田港,アオリイカ,35.13031551,139.8339897,CHIBA_MINAMI
保田港,アオリイカ,35.12952531,139.8345369,CHIBA_MINAMI
保田港,クロダイ,35.131478,139.836669,CHIBA_MINAMI
保田港,イシモチ,35.138355,139.83569,CHIBA_MINAMI
保田港,シロギス,35.139338,139.834918,CHIBA_MINAMI
保田港,イシモチ,35.140283,139.834317,CHIBA_MINAMI
保田港,シロギス,35.141266,139.83363,CHIBA_MINAMI
保田港,マゴチ,35.142214,139.832665,CHIBA_MINAMI
保田港,ワカシ,35.1386,139.834532,CHIBA_MINAMI
保田港,ヒラメ,35.14148,139.832643,CHIBA_MINAMI
北印旛沼,高橋ボート,35.77993289,140.2614323,CHIBA_UCHIBOU
北条海岸,ハゼ,34.994109,139.856145,CHIBA_MINAMI
北条海岸,スズキ,34.994214,139.855608,CHIBA_MINAMI
北条海岸,クロダイ,34.994355,139.855029,CHIBA_MINAMI
北条海岸,アジ,34.994759,139.854771,CHIBA_MINAMI
北条海岸,アジ,34.994882,139.855319,CHIBA_MINAMI
北条海岸,シロギス,34.99431065,139.8543316,CHIBA_MINAMI
北条海岸,イシモチ,34.99531309,139.8549646,CHIBA_MINAMI
北条海岸,スズキ,34.9946624,139.8538166,CHIBA_MINAMI
北条海岸,メゴチ,34.995269,139.854149,CHIBA_MINAMI
北条海岸,スズキ,34.99579654,139.8547822,CHIBA_MINAMI
北条海岸,イシモチ,34.99627181,139.8565847,CHIBA_MINAMI
北条海岸,シロギス,34.99504088,139.8561662,CHIBA_MINAMI
北条海岸,メゴチ,34.9957259,139.8560053,CHIBA_MINAMI
北条海岸,クロダイ,35.009046,139.857912,CHIBA_MINAMI
北条海岸,クロダイ,35.008839,139.857902,CHIBA_MINAMI
北条海岸,クロダイ,35.00599992,139.8580143,CHIBA_MINAMI
北条海岸,クロダイ,35.005894,139.85773,CHIBA_MINAMI
北条海岸,クロダイ,35.00469923,139.8579258,CHIBA_MINAMI
北条海岸,クロダイ,35.00433,139.857872,CHIBA_MINAMI
北条海岸,シロギス,34.998575,139.857169,CHIBA_MINAMI
北条海岸,シロギス,35.001742,139.85732,CHIBA_MINAMI
北条海岸,シロギス,35.000088,139.857513,CHIBA_MINAMI
北条海岸,シロギス,34.99816632,139.8558009,CHIBA_MINAMI
北条海岸,シロギス,35.002458,139.856011,CHIBA_MINAMI
北条海岸,イシモチ,35.003636,139.856097,CHIBA_MINAMI
北条海岸,イシモチ,34.997035,139.855801,CHIBA_MINAMI
北条桟橋,クロダイ,35.005753,139.858009,CHIBA_MINAMI
湊川河口,ハゼ,35.216343,139.868379,CHIBA_MINAMI
湊川河口,ハゼ,35.215227,139.869896,CHIBA_MINAMI
湊川河口,ハゼ,35.214346,139.871247,CHIBA_MINAMI
湊川河口,ハゼ,35.21463881,139.8706824,CHIBA_MINAMI
湊川河口,ハゼ,35.214663,139.875947,CHIBA_MINAMI
湊川河口,ハゼ,35.2133727,139.8742625,CHIBA_MINAMI
湊川河口,ハゼ,35.213874,139.875135,CHIBA_MINAMI
湊川河口,ハゼ,35.21452,139.875757,CHIBA_MINAMI
湊川河口,クロダイ,35.21424893,139.8754808,CHIBA_MINAMI
湊川河口,ウナギ,35.21409558,139.8750946,CHIBA_MINAMI
湊川河口,スズキ,35.213813,139.874778,CHIBA_MINAMI
湊川河口,クロダイ,35.21355302,139.8746797,CHIBA_MINAMI
湊川河口,クロダイ,35.214069,139.87109,CHIBA_MINAMI
湊川河口,クロダイ,35.214727,139.869513,CHIBA_MINAMI
湊川河口,クロダイ,35.214376,139.870253,CHIBA_MINAMI
湊川河口,クロダイ,35.214955,139.870232,CHIBA_MINAMI
湊川河口,クロダイ,35.216875,139.867646,CHIBA_MINAMI
湊川河口,クロダイ,35.216366,139.866788,CHIBA_MINAMI
湊川河口,クロダイ,35.21739115,139.8668951,CHIBA_MINAMI
湊川河口,クロダイ,35.217935,139.866155,CHIBA_MINAMI
湊川河口,ヒラメ,35.21760142,139.8663801,CHIBA_MINAMI
湊川河口,ヒラメ,35.217067,139.867067,CHIBA_MINAMI
湊川河口,ウナギ,35.215419,139.86947,CHIBA_MINAMI
湊川河口,ウナギ,35.215112,139.868944,CHIBA_MINAMI
湊川河口,ハゼ,35.215883,139.868966,CHIBA_MINAMI
湊川河口,ハゼ,35.215576,139.86785,CHIBA_MINAMI
湊川河口,スズキ,35.216629,139.867228,CHIBA_MINAMI
湊川河口,スズキ,35.217216,139.866284,CHIBA_MINAMI
木戸川河口,カレイ,35.57538025,140.497461,CHIBA_CHOUSHI
木戸川河口,カレイ,35.57336031,140.4957013,CHIBA_CHOUSHI
木戸川河口,スズキ,35.57445887,140.4965055,CHIBA_CHOUSHI
木戸川河口,スズキ,35.5728421,140.4952461,CHIBA_CHOUSHI
木戸川河口,イシモチ,35.57489091,140.4970669,CHIBA_CHOUSHI
木戸川河口,イシモチ,35.57394064,140.4961413,CHIBA_CHOUSHI
木戸川河口,イシモチ,35.57236071,140.4947454,CHIBA_CHOUSHI
木戸川河口,カレイ,35.571839,140.494248,CHIBA_CHOUSHI
木更津沖堤防,アイナメ,35.379027,139.891545,CHIBA_UCHIBOU
木更津沖堤防,アイナメ,35.377958,139.888154,CHIBA_UCHIBOU
木更津沖堤防,シロギス,35.380022,139.893401,CHIBA_UCHIBOU
木更津沖堤防,アナゴ,35.380863,139.895504,CHIBA_UCHIBOU
木更津沖堤防,アナゴ,35.380092,139.891512,CHIBA_UCHIBOU
木更津沖堤防,ハゼ,35.380933,139.893744,CHIBA_UCHIBOU
木更津沖堤防,カレイ,35.381318,139.891984,CHIBA_UCHIBOU
木更津沖堤防,カレイ,35.378444,139.889796,CHIBA_UCHIBOU
木更津沖堤防,ハゼ,35.379145,139.888594,CHIBA_UCHIBOU
木更津沖堤防,カレイ,35.37800397,139.8856937,CHIBA_UCHIBOU
木更津沖堤防,アナゴ,35.377931,139.883348,CHIBA_UCHIBOU
木更津沖堤防,アナゴ,35.378961,139.886867,CHIBA_UCHIBOU
木更津沖堤防,シロギス,35.378886,139.884566,CHIBA_UCHIBOU
木更津沖堤防,シロギス,35.380027,139.887724,CHIBA_UCHIBOU
木更津沖堤防,シロギス,35.377929,139.881137,CHIBA_UCHIBOU
木更津沖堤防,カレイ,35.377967,139.878701,CHIBA_UCHIBOU
木更津沖堤防,アナゴ,35.377967,139.875949,CHIBA_UCHIBOU
木更津沖堤防,シロギス,35.378004,139.873107,CHIBA_UCHIBOU
木更津沖堤防,カレイ,35.37793032,139.8707159,CHIBA_UCHIBOU
木更津沖堤防,アイナメ,35.378853,139.871754,CHIBA_UCHIBOU
木更津沖堤防,アイナメ,35.37896,139.874641,CHIBA_UCHIBOU
木更津沖堤防,アイナメ,35.378924,139.877303,CHIBA_UCHIBOU
木更津沖堤防,ハゼ,35.378813,139.879784,CHIBA_UCHIBOU
木更津沖堤防,アナゴ,35.379734,139.878656,CHIBA_UCHIBOU
木更津沖堤防,シロギス,35.379845,139.875949,CHIBA_UCHIBOU
木更津沖堤防,アナゴ,35.379808,139.873107,CHIBA_UCHIBOU
木更津沖堤防,シロギス,35.379808,139.870265,CHIBA_UCHIBOU
木更津沖堤防,カレイ,35.379624,139.881363,CHIBA_UCHIBOU
木更津沖堤防,シロギス,35.378623,139.897521,CHIBA_UCHIBOU
木更津沖堤防,ハゼ,35.377573,139.895289,CHIBA_UCHIBOU
木更津沖堤防,アナゴ,35.376769,139.893229,CHIBA_UCHIBOU
木更津沖堤防,シロギス,35.376593,139.895074,CHIBA_UCHIBOU
木更津沖堤防,カレイ,35.377643,139.897048,CHIBA_UCHIBOU
木更津沖堤防,シロギス,35.375929,139.891813,CHIBA_UCHIBOU
木更津沖堤防,シロギス,35.375791,139.882972,CHIBA_UCHIBOU
木更津沖堤防,アナゴ,35.375721,139.886148,CHIBA_UCHIBOU
木更津沖堤防,カレイ,35.375754,139.889152,CHIBA_UCHIBOU
木更津沖堤防,ハゼ,35.375404,139.890397,CHIBA_UCHIBOU
木更津沖堤防,アイナメ,35.375088,139.887693,CHIBA_UCHIBOU
木更津沖堤防,ハゼ,35.375192,139.884646,CHIBA_UCHIBOU
木更津沖堤防,シロギス,35.374597,139.886105,CHIBA_UCHIBOU
木更津沖堤防,アナゴ,35.374632,139.889324,CHIBA_UCHIBOU
木更津沖堤防,カレイ,35.374565,139.883316,CHIBA_UCHIBOU
木更津沖堤防,カレイ,35.375721,139.880741,CHIBA_UCHIBOU
木更津沖堤防,アナゴ,35.375684,139.877994,CHIBA_UCHIBOU
木更津沖堤防,シロギス,35.375645,139.875162,CHIBA_UCHIBOU
木更津沖堤防,カレイ,35.37568244,139.8726296,CHIBA_UCHIBOU
木更津沖堤防,シロギス,35.375682,139.870055,CHIBA_UCHIBOU
木更津沖堤防,ハゼ,35.37501768,139.8713851,CHIBA_UCHIBOU
木更津沖堤防,アイナメ,35.37484,139.879324,CHIBA_UCHIBOU
木更津沖堤防,ハゼ,35.374984,139.881685,CHIBA_UCHIBOU
木更津沖堤防,ハゼ,35.374774,139.876578,CHIBA_UCHIBOU
木更津沖堤防,カレイ,35.374141,139.870741,CHIBA_UCHIBOU
木更津沖堤防,アナゴ,35.374145,139.880569,CHIBA_UCHIBOU
木更津沖堤防,アナゴ,35.374075,139.877822,CHIBA_UCHIBOU
木更津沖堤防,カレイ,35.374071,139.875119,CHIBA_UCHIBOU
木更津沖堤防,シロギス,35.374632,139.873188,CHIBA_UCHIBOU
木更津沖堤防,カレイ,35.37561215,139.8938727,CHIBA_UCHIBOU
木更津沖堤防,アナゴ,35.37482873,139.8919047,CHIBA_UCHIBOU
木更津港周辺,スズキ,35.38154741,139.9104535,CHIBA_UCHIBOU
木更津港周辺,ハゼ,35.38076762,139.9103322,CHIBA_UCHIBOU
木更津港周辺,ハゼ,35.38002534,139.9084052,CHIBA_UCHIBOU
木更津港周辺,ハゼ,35.37932015,139.9067817,CHIBA_UCHIBOU
木更津港周辺,シロギス,35.37933249,139.9057348,CHIBA_UCHIBOU
木更津港周辺,カレイ,35.3804463,139.9081169,CHIBA_UCHIBOU
木更津港周辺,クロダイ,35.38061929,139.9093156,CHIBA_UCHIBOU
木更津港周辺,メバル,35.37990119,139.90751,CHIBA_UCHIBOU
木更津港周辺,アナゴ,35.37987694,139.9064934,CHIBA_UCHIBOU
木更津港周辺,ハゼ,35.37975969,139.9135172,CHIBA_UCHIBOU
木更津港周辺,スズキ,35.37939431,139.9132302,CHIBA_UCHIBOU
木更津港周辺,セイゴ,35.38061672,139.912895,CHIBA_UCHIBOU
木更津港周辺,メバル,35.38144813,139.9128964,CHIBA_UCHIBOU
木更津港周辺,カレイ,35.38190321,139.912557,CHIBA_UCHIBOU
木更津港周辺,スズキ,35.38210351,139.9114398,CHIBA_UCHIBOU
木更津港周辺,ハゼ,35.38287435,139.9123746,CHIBA_UCHIBOU
木更津港周辺,カレイ,35.383295,139.912096,CHIBA_UCHIBOU
木更津港周辺,スズキ,35.383119,139.911538,CHIBA_UCHIBOU
木更津港周辺,イシモチ,35.382736,139.911913,CHIBA_UCHIBOU
木更津港周辺,シロギス,35.382342,139.912224,CHIBA_UCHIBOU
木更津港周辺,シロギス,35.382621,139.91127,CHIBA_UCHIBOU
木更津港周辺,スズキ,35.380233,139.913818,CHIBA_UCHIBOU
木更津港周辺,ハゼ,35.38095,139.913625,CHIBA_UCHIBOU
木更津港周辺,クロダイ,35.3799141,139.912866,CHIBA_UCHIBOU
木更津港周辺,クロダイ,35.379667,139.916993,CHIBA_UCHIBOU
木更津港周辺,スズキ,35.379766,139.916083,CHIBA_UCHIBOU
木更津港周辺,クロダイ,35.37953,139.914702,CHIBA_UCHIBOU
木更津港周辺,ハゼ,35.379803,139.915142,CHIBA_UCHIBOU
木更津港周辺,ハゼ,35.379642,139.918146,CHIBA_UCHIBOU
木更津港周辺,ハゼ,35.379679,139.918783,CHIBA_UCHIBOU
木更津港周辺,ハゼ,35.379642,139.919937,CHIBA_UCHIBOU
木更津港周辺,ハゼ,35.388995,139.917964,CHIBA_UCHIBOU
木更津港周辺,ハゼ,35.392038,139.917706,CHIBA_UCHIBOU
木更津港周辺,クロダイ,35.391617,139.917828,CHIBA_UCHIBOU
木更津港周辺,クロダイ,35.388747,139.91763,CHIBA_UCHIBOU
木更津港周辺,スズキ,35.388549,139.918116,CHIBA_UCHIBOU
木更津港周辺,メバル,35.38574334,139.9173206,CHIBA_UCHIBOU
木更津港周辺,カレイ,35.38559269,139.9159916,CHIBA_UCHIBOU
木更津港周辺,セイゴ,35.38571688,139.9168807,CHIBA_UCHIBOU
木更津港周辺,イワシ,35.38612797,139.9157649,CHIBA_UCHIBOU
木更津港周辺,ハゼ,35.38638201,139.9155933,CHIBA_UCHIBOU
木更津港周辺,スズキ,35.38632095,139.9142522,CHIBA_UCHIBOU
木更津港周辺,アナゴ,35.38534469,139.9166896,CHIBA_UCHIBOU
木更津港周辺,アジ,35.38591814,139.9163443,CHIBA_UCHIBOU
木更津港周辺,セイゴ,35.38675537,139.9180438,CHIBA_UCHIBOU
木更津港周辺,ハゼ,35.38628491,139.9182372,CHIBA_UCHIBOU
木更津港周辺,メバル,35.385604,139.913539,CHIBA_UCHIBOU
木更津港周辺,ハゼ,35.385009,139.913388,CHIBA_UCHIBOU
木更津港周辺,フッコ,35.38452,139.912916,CHIBA_UCHIBOU
木更津港周辺,アナゴ,35.384589,139.91414,CHIBA_UCHIBOU
木更津港周辺,カレイ,35.385236,139.91444,CHIBA_UCHIBOU
木更津港周辺,スズキ,35.38448351,139.9152499,CHIBA_UCHIBOU
木更津港周辺,ハゼ,35.383417,139.913238,CHIBA_UCHIBOU
木更津港周辺,シロギス,35.383697,139.913753,CHIBA_UCHIBOU
木更津港周辺,シロギス,35.385798,139.914848,CHIBA_UCHIBOU
木更津港周辺,イシモチ,35.385273,139.915556,CHIBA_UCHIBOU
木更津港周辺,ハゼ,35.382298,139.915754,CHIBA_UCHIBOU
木更津港周辺,ハゼ,35.382044,139.91628,CHIBA_UCHIBOU
木更津港周辺,ハゼ,35.381886,139.915861,CHIBA_UCHIBOU
木更津港周辺,アナゴ,35.382201,139.916967,CHIBA_UCHIBOU
木更津港周辺,アナゴ,35.38249,139.916366,CHIBA_UCHIBOU
木更津港周辺,アナゴ,35.38249,139.917063,CHIBA_UCHIBOU
木更津港周辺,メバル,35.38153474,139.9163406,CHIBA_UCHIBOU
木更津港周辺,メバル,35.38141103,139.9155668,CHIBA_UCHIBOU
木更津港周辺,メバル,35.38171997,139.9152937,CHIBA_UCHIBOU
木更津港周辺,メバル,35.382413,139.915021,CHIBA_UCHIBOU
木更津港周辺,メバル,35.382661,139.914687,CHIBA_UCHIBOU
木更津港周辺,メバル,35.381634,139.917023,CHIBA_UCHIBOU
木更津港周辺,メバル,35.383491,139.917615,CHIBA_UCHIBOU
木更津港周辺,メバル,35.384184,139.917615,CHIBA_UCHIBOU
木更津港周辺,メバル,35.384778,139.917661,CHIBA_UCHIBOU
木更津港周辺,メバル,35.385953,139.916752,CHIBA_UCHIBOU
木更津港周辺,メバル,35.38619,139.916162,CHIBA_UCHIBOU
木更津港周辺,イワシ,35.385505,139.917479,CHIBA_UCHIBOU
木更津港周辺,コノシロ,35.386533,139.918268,CHIBA_UCHIBOU
木更津港周辺,フッコ,35.37963,139.91408,CHIBA_UCHIBOU
野島東港・野島西港,アジ,34.90365796,139.8902115,CHIBA_MINAMI
野島東港・野島西港,シマアジ,34.90379441,139.8906353,CHIBA_MINAMI
野島東港・野島西港,カンパチ,34.90388238,139.8904261,CHIBA_MINAMI
野島東港・野島西港,クロダイ,34.90379441,139.890233,CHIBA_MINAMI
野島東港・野島西港,メジナ,34.90372836,139.8903671,CHIBA_MINAMI
野島東港・野島西港,スズキ,34.90396607,139.8902813,CHIBA_MINAMI
野島東港・野島西港,クロダイ,34.90320043,139.8868963,CHIBA_MINAMI
野島東港・野島西港,ウミタナゴ,34.90309042,139.887127,CHIBA_MINAMI
野島東港・野島西港,シロギス,34.90286597,139.8863599,CHIBA_MINAMI
野島東港・野島西港,クロダイ,34.90287045,139.8867247,CHIBA_MINAMI
野島東港・野島西港,メジナ,34.90300699,139.8864833,CHIBA_MINAMI
野島東港・野島西港,クロダイ,34.90258445,139.8864242,CHIBA_MINAMI
野島東港・野島西港,アジ,34.902726,139.886242,CHIBA_MINAMI
野島東港・野島西港,アジ,34.90242148,139.8841578,CHIBA_MINAMI
野島東港・野島西港,アジ,34.90240396,139.8835248,CHIBA_MINAMI
野島東港・野島西港,イサキ,34.902104,139.883278,CHIBA_MINAMI
野島東港・野島西港,イサキ,34.902192,139.883847,CHIBA_MINAMI
養老川河口,ハゼ,35.538932,140.067766,CHIBA_UCHIBOU
養老川河口,スズキ,35.539944,140.069139,CHIBA_UCHIBOU
養老川河口,カレイ,35.538862,140.070469,CHIBA_UCHIBOU
養老川河口,アナゴ,35.540851,140.068152,CHIBA_UCHIBOU
養老川河口,カレイ,35.541724,140.067379,CHIBA_UCHIBOU
養老川河口,ハゼ,35.542596,140.066392,CHIBA_UCHIBOU
養老川河口,ハゼ,35.537885,140.071628,CHIBA_UCHIBOU
養老川河口,スズキ,35.535789,140.073988,CHIBA_UCHIBOU
利根川河口,ハゼ,35.73678497,140.8340782,CHIBA_CHOUSHI
利根川河口,ハゼ,35.7366806,140.8312458,CHIBA_CHOUSHI
利根川河口,クロダイ,35.736402,140.831965,CHIBA_CHOUSHI
利根川河口,クロダイ,35.73660183,140.8347756,CHIBA_CHOUSHI
利根川河口,スズキ,35.73708125,140.8333486,CHIBA_CHOUSHI
利根川河口,スズキ,35.7373859,140.838874,CHIBA_CHOUSHI
利根川河口,スズキ,35.737299,140.840558,CHIBA_CHOUSHI
利根川河口,アイナメ,35.736637,140.837415,CHIBA_CHOUSHI
利根川河口,カレイ,35.736594,140.830312,CHIBA_CHOUSHI
利根川河口,カレイ,35.73697647,140.8353227,CHIBA_CHOUSHI
利根川河口,カレイ,35.73719409,140.8395499,CHIBA_CHOUSHI
利根川河口,カレイ,35.7370287,140.8381015,CHIBA_CHOUSHI
利根川河口,カレイ,35.735898,140.840161,CHIBA_CHOUSHI
利根川河口,スズキ,35.735001,140.83984,CHIBA_CHOUSHI
利根川河口,スズキ,35.736506,140.840977,CHIBA_CHOUSHI
利根川河口,ハゼ,35.735383,140.840505,CHIBA_CHOUSHI
利根川河口,クロダイ,35.73702865,140.8412129,CHIBA_CHOUSHI
利根川河口,イシモチ,35.73702886,140.8361596,CHIBA_CHOUSHI
利根川河口,イシモチ,35.73707239,140.8371466,CHIBA_CHOUSHI
利根川河口,イシモチ,35.73676748,140.8325225,CHIBA_CHOUSHI
利根川河口,ヒラメ,35.737421,140.840076,CHIBA_CHOUSHI
利根川河口,ハゼ,35.734807,140.838279,CHIBA_CHOUSHI
利根川河口,ハゼ,35.736847,140.841948,CHIBA_CHOUSHI
利根川河口,ハゼ,35.737125,140.842613,CHIBA_CHOUSHI
利根川河口,ハゼ,35.737331,140.84316,CHIBA_CHOUSHI
利根川木下,テナガエビ,35.842661,140.148774,CHIBA_UCHIBOU
利根川木下,テナガエビ,35.842478,140.149136,CHIBA_UCHIBOU
利根川木下,テナガエビ,35.84256006,140.1492915,CHIBA_UCHIBOU
利根川木下,テナガエビ,35.8425,140.14957,CHIBA_UCHIBOU
利根川木下,テナガエビ,35.842569,140.148911,CHIBA_UCHIBOU
利根川木下,テナガエビ,35.842747,140.148616,CHIBA_UCHIBOU
利根川木下,テナガエビ,35.84273,140.14839,CHIBA_UCHIBOU
龍島港・大六港,メゴチ,35.12195305,139.8313209,CHIBA_MINAMI
龍島港・大六港,アジ,35.12189821,139.8316267,CHIBA_MINAMI
龍島港・大六港,クロダイ,35.12178191,139.831337,CHIBA_MINAMI
龍島港・大六港,ウミタナゴ,35.12165473,139.8312995,CHIBA_MINAMI
龍島港・大六港,クロダイ,35.12137825,139.831219,CHIBA_MINAMI
龍島港・大六港,シロギス,35.12104011,139.8308596,CHIBA_MINAMI
龍島港・大六港,カサゴ,35.12219433,139.8308542,CHIBA_MINAMI
龍島港・大六港,アオリイカ,35.12202299,139.8304707,CHIBA_MINAMI
龍島港・大六港,メゴチ,35.12155699,139.8307391,CHIBA_MINAMI
龍島港・大六港,カレイ,35.1217333,139.830063,CHIBA_MINAMI
龍島港・大六港,シロギス,35.12132105,139.8303285,CHIBA_MINAMI
龍島港・大六港,メバル,35.12179503,139.8307738,CHIBA_MINAMI
龍島港・大六港,アジ,35.1191926,139.8298136,CHIBA_MINAMI
龍島港・大六港,クロダイ,35.11940982,139.8300943,CHIBA_MINAMI
龍島港・大六港,メジナ,35.11975109,139.8300487,CHIBA_MINAMI
龍島港・大六港,メゴチ,35.1197574,139.8306101,CHIBA_MINAMI
龍島港・大六港,シロギス,35.119962,139.83076,CHIBA_MINAMI
龍島港・大六港,クロダイ,35.11988123,139.8296315,CHIBA_MINAMI
龍島港・大六港,ウミタナゴ,35.12050829,139.829457,CHIBA_MINAMI
龍島港・大六港,アジ,35.11980722,139.8290928,CHIBA_MINAMI
龍島港・大六港,アジ,35.11891984,139.8287135,CHIBA_MINAMI
龍島港・大六港,メジナ,35.11948433,139.8294342,CHIBA_MINAMI
龍島港・大六港,シロギス,35.11952159,139.8287135,CHIBA_MINAMI
龍島港・大六港,クロダイ,35.12018578,139.829237,CHIBA_MINAMI
龍島港・大六港,ウミタナゴ,35.11894292,139.8280808,CHIBA_MINAMI
龍島港・大六港,クロダイ,35.11936018,139.8268245,CHIBA_MINAMI
龍島港・大六港,メジナ,35.11923603,139.8274238,CHIBA_MINAMI
龍島港・大六港,シロギス,35.11979482,139.8277273,CHIBA_MINAMI
龍島港・大六港,メゴチ,35.11937883,139.8281218,CHIBA_MINAMI
龍島港・大六港,アオリイカ,35.11972044,139.8269535,CHIBA_MINAMI
龍島港・大六港,ソウダカツオ,35.12027841,139.8272759,CHIBA_MINAMI
龍島港・大六港,イナダ,35.12011736,139.8265779,CHIBA_MINAMI
龍島港・大六港,メジナ,35.11901757,139.8267129,CHIBA_MINAMI
龍島港・大六港,メゴチ,35.11858768,139.8270562,CHIBA_MINAMI
龍島港・大六港,シロギス,35.11821224,139.8273783,CHIBA_MINAMI
龍島港・大六港,シロギス,35.11786412,139.8276894,CHIBA_MINAMI
龍島港・大六港,メバル,35.119088,139.829025,CHIBA_MINAMI
龍島港・大六港,スズキ,35.119336,139.829123,CHIBA_MINAMI
龍島港・大六港,コウイカ,35.1195836,139.8301018,CHIBA_MINAMI
龍島港・大六港,コウイカ,35.11901889,139.829677,CHIBA_MINAMI
龍島港・大六港,コウイカ,35.119584,139.827318,CHIBA_MINAMI
和田港・小浦港,クロダイ,35.03505375,140.0181771,CHIBA_MINAMI
和田港・小浦港,メジナ,35.03492982,140.017775,CHIBA_MINAMI
和田港・小浦港,クロダイ,35.03473087,140.0174564,CHIBA_MINAMI
和田港・小浦港,メジナ,35.03435186,140.016106,CHIBA_MINAMI
和田港・小浦港,イシダイ,35.034591,140.018139,CHIBA_MINAMI
和田港・小浦港,イシダイ,35.033168,140.015007,CHIBA_MINAMI
和田港・小浦港,ウミタナゴ,35.03420924,140.0155522,CHIBA_MINAMI
和田港・小浦港,クロダイ,35.03402912,140.0150136,CHIBA_MINAMI
和田港・小浦港,メジナ,35.03369368,140.0140577,CHIBA_MINAMI
和田港・小浦港,アジ,35.03404164,140.0129387,CHIBA_MINAMI
和田港・小浦港,サヨリ,35.03301792,140.0134081,CHIBA_MINAMI
和田港・小浦港,イシダイ,35.0325443,140.0132535,CHIBA_MINAMI
和田港・小浦港,スズキ,35.03219642,140.0132687,CHIBA_MINAMI
和田港・小浦港,クロダイ,35.03338709,140.0124961,CHIBA_MINAMI
和田港・小浦港,クロダイ,35.03365963,140.0133625,CHIBA_MINAMI
和田港・小浦港,シロギス,35.0345509,140.0130411,CHIBA_MINAMI
和田港・小浦港,アジ,35.035117,140.013312,CHIBA_MINAMI
和田港・小浦港,クロダイ,35.03606659,140.0134887,CHIBA_MINAMI
和田港・小浦港,ウミタナゴ,35.03486148,140.0132307,CHIBA_MINAMI
和田港・小浦港,カンパチ,35.03190444,140.0127831,CHIBA_MINAMI
和田港・小浦港,サヨリ,35.03228956,140.0125328,CHIBA_MINAMI
和田港・小浦港,イワシ,35.03351005,140.0129896,CHIBA_MINAMI
和田港・小浦港,シロギス,35.03270165,140.0116807,CHIBA_MINAMI
和田港・小浦港,クロダイ,35.03266647,140.0125068,CHIBA_MINAMI
和田港・小浦港,イナダ,35.03232703,140.0118879,CHIBA_MINAMI
和田港・小浦港,サヨリ,35.03375616,140.0128636,CHIBA_MINAMI
和田港・小浦港,サヨリ,35.033281,140.013848,CHIBA_MINAMI
和田港・小浦港,サヨリ,35.033097,140.01138,CHIBA_MINAMI
和田港・小浦港,サヨリ,35.033458,140.011123,CHIBA_MINAMI
和田港・小浦港,サヨリ,35.033933,140.011949,CHIBA_MINAMI
和田港・小浦港,サヨリ,35.034065,140.012378,CHIBA_MINAMI
和田港・小浦港,アジ,35.03336944,140.0133759,CHIBA_MINAMI
和田港・小浦港,アジ,35.034244,140.013191,CHIBA_MINAMI
和田港・小浦港,アジ,35.034411,140.013497,CHIBA_MINAMI
和田港・小浦港,アジ,35.035887,140.013375,CHIBA_MINAMI
和田港・小浦港,アジ,35.035738,140.013246,CHIBA_MINAMI
和田港・小浦港,アジ,35.035576,140.013284,CHIBA_MINAMI
吞堀港・牛込港,ハゼ,35.44354838,139.9393469,CHIBA_UCHIBOU
吞堀港・牛込港,ハゼ,35.44334737,139.9375552,CHIBA_UCHIBOU
吞堀港・牛込港,フッコ,35.44497336,139.9395508,CHIBA_UCHIBOU
吞堀港・牛込港,セイゴ,35.44432583,139.9398404,CHIBA_UCHIBOU
吞堀港・牛込港,スズキ,35.44554153,139.9393576,CHIBA_UCHIBOU
吞堀港・牛込港,ハゼ,35.44423,139.93865,CHIBA_UCHIBOU
吞堀港・牛込港,ボラ,35.444082,139.937555,CHIBA_UCHIBOU
吞堀港・牛込港,ハゼ,35.44079502,139.9282748,CHIBA_UCHIBOU
吞堀港・牛込港,ハゼ,35.44045414,139.927631,CHIBA_UCHIBOU
吞堀港・牛込港,ボラ,35.441092,139.927459,CHIBA_UCHIBOU
吞堀港・牛込港,スズキ,35.44156431,139.9270195,CHIBA_UCHIBOU
吞堀港・牛込港,セイゴ,35.44142386,139.9278227,CHIBA_UCHIBOU
吞堀港・牛込港,フッコ,35.44177008,139.9281489,CHIBA_UCHIBOU
五十嵐橋周辺,ハゼ,35.549451,140.122188,CHIBA_UCHIBOU
五十嵐橋周辺,ウナギ,35.549783,140.121844,CHIBA_UCHIBOU
五十嵐橋周辺,クロダイ,35.550159,140.121587,CHIBA_UCHIBOU
五十嵐橋周辺,セイゴ,35.550456,140.121179,CHIBA_UCHIBOU
五十嵐橋周辺,ハゼ,35.550795,140.120879,CHIBA_UCHIBOU
五十嵐橋周辺,ウナギ,35.550820634883,140.12047111988,CHIBA_UCHIBOU
五十嵐橋周辺,クロダイ,35.551047771916,140.12024581432,CHIBA_UCHIBOU
五十嵐橋周辺,セイゴ,35.551091232879,140.11960208416,CHIBA_UCHIBOU
五十嵐橋周辺,ハゼ,35.551161,140.119044,CHIBA_UCHIBOU
五十嵐橋周辺,クロダイ,35.551126,140.118465,CHIBA_UCHIBOU
五十嵐橋周辺,クロダイ,35.54755,140.124141,CHIBA_UCHIBOU
五十嵐橋周辺,クロダイ,35.546068,140.128723,CHIBA_UCHIBOU
花見川河口,クロダイ,35.640907,140.052919,CHIBA_UCHIBOU
花見川河口,クロダイ,35.638630365251,140.05061288849,CHIBA_UCHIBOU
花見川河口,クロダイ,35.644427,140.056197,CHIBA_UCHIBOU
花見川河口,ウナギ,35.639692,140.052009,CHIBA_UCHIBOU
花見川河口,クロダイ,35.636309226421,140.04842799587,CHIBA_UCHIBOU
花見川河口,ハゼ,35.63742,140.049794,CHIBA_UCHIBOU
花見川河口,ハゼ,35.642625325494,140.05477025363,CHIBA_UCHIBOU
花見川河口,セイゴ,35.643368,140.055286,CHIBA_UCHIBOU
花見川河口,セイゴ,35.641986,140.05383,CHIBA_UCHIBOU
幕張メッセ周辺,クロダイ,35.656929114937,140.03998875618,CHIBA_UCHIBOU
幕張メッセ周辺,クロダイ,35.655499,140.038508,CHIBA_UCHIBOU
幕張メッセ周辺,ウナギ,35.656145,140.03913,CHIBA_UCHIBOU
幕張メッセ周辺,クロダイ,35.653684,140.036598,CHIBA_UCHIBOU
幕張メッセ周辺,スズキ,35.654906649066,140.0378215313,CHIBA_UCHIBOU
幕張メッセ周辺,ウナギ,35.654294,140.037199,CHIBA_UCHIBOU
幕張メッセ周辺,ハゼ,35.653162,140.036062,CHIBA_UCHIBOU
幕張メッセ周辺,スズキ,35.652743,140.035568,CHIBA_UCHIBOU
幕張メッセ周辺,クロダイ,35.652047622905,140.03490865231,CHIBA_UCHIBOU
幕張メッセ周辺,スズキ,35.650565,140.033358,CHIBA_UCHIBOU
幕張メッセ周辺,ハゼ,35.651297932368,140.03409326077,CHIBA_UCHIBOU
幕張メッセ周辺,ハゼ,35.648349,140.031019,CHIBA_UCHIBOU
幕張メッセ周辺,クロダイ,35.64979023468,140.03252303965,CHIBA_UCHIBOU
幕張メッセ周辺,スズキ,35.649014,140.031664,CHIBA_UCHIBOU
船橋港親水公園,ハゼ,35.689271,139.987562,CHIBA_UCHIBOU
船橋港親水公園,クロダイ,35.686585,139.986136,CHIBA_UCHIBOU
船橋港親水公園,ヒイカ,35.685278321813,139.98593854945,CHIBA_UCHIBOU
船橋港親水公園,スズキ,35.685438,139.985362,CHIBA_UCHIBOU
船橋港親水公園,サッパ,35.687474,139.986606,CHIBA_UCHIBOU
船橋港親水公園,ハゼ,35.688149,139.98694,CHIBA_UCHIBOU
江戸川河口周辺,ハゼ,35.672300469715,139.95838462577,CHIBA_UCHIBOU
江戸川河口周辺,ハゼ,35.671648,139.958916,CHIBA_UCHIBOU
江戸川河口周辺,ハゼ,35.671228,139.958825,CHIBA_UCHIBOU
江戸川河口周辺,キビレ,35.671414,139.95928,CHIBA_UCHIBOU
江戸川河口周辺,キビレ,35.670808749408,139.95912809618,CHIBA_UCHIBOU
江戸川河口周辺,クロダイ,35.671609673827,139.95815703279,CHIBA_UCHIBOU
江戸川河口周辺,ハゼ,35.670931991398,139.958020477,CHIBA_UCHIBOU
江戸川河口周辺,スズキ,35.672053864003,139.95748942671,CHIBA_UCHIBOU
江戸川河口周辺,スズキ,35.670549899975,139.9571404508,CHIBA_UCHIBOU
江戸川河口周辺,クロダイ,35.669946,139.957778,CHIBA_UCHIBOU
江戸川河口周辺,カレイ,35.67013,139.958627,CHIBA_UCHIBOU
江戸川河口周辺,サヨリ,35.669612,139.9584,CHIBA_UCHIBOU
江戸川河口周辺,サヨリ,35.67108,139.959644,CHIBA_UCHIBOU
江戸川河口周辺,キビレ,35.670253983953,139.95941638062,CHIBA_UCHIBOU
江戸川河口周辺,スズキ,35.669655666954,139.96003746986,CHIBA_UCHIBOU
江戸川河口周辺,マゴチ,35.66911968225,139.95899154039,CHIBA_UCHIBOU
江戸川河口周辺,アナゴ,35.668749072011,139.95804190636,CHIBA_UCHIBOU
江戸川河口周辺,マゴチ,35.669219809759,139.95711922646,CHIBA_UCHIBOU
江戸川放水路,クロダイ,35.685328,139.942999,CHIBA_UCHIBOU
江戸川放水路,クロダイ,35.683638,139.940253,CHIBA_UCHIBOU
江戸川放水路,クロダイ,35.69223960308,139.93786287421,CHIBA_UCHIBOU
江戸川放水路,ハゼ,35.687927878032,139.94116342347,CHIBA_UCHIBOU
江戸川放水路,ハゼ,35.686622,139.942089,CHIBA_UCHIBOU
江戸川放水路,キビレ,35.688754196266,139.94057168172,CHIBA_UCHIBOU
江戸川放水路,キビレ,35.685968,139.942681,CHIBA_UCHIBOU
江戸川放水路,キビレ,35.690331224047,139.9359098188,CHIBA_UCHIBOU
江戸川放水路,ハゼ,35.689530158667,139.93641052336,CHIBA_UCHIBOU
江戸川放水路,ハゼ,35.688396,139.937294,CHIBA_UCHIBOU
江戸川放水路,ハゼ,35.691256,139.938918,CHIBA_UCHIBOU
江戸川放水路,ハゼ,35.685047,139.93969,CHIBA_UCHIBOU
江戸川放水路,クロダイ,35.687426635738,139.93837058544,CHIBA_UCHIBOU
江戸川放水路,キビレ,35.686145,139.938902,CHIBA_UCHIBOU
江戸川放水路,クロダイ,35.691427,139.935061,CHIBA_UCHIBOU
江戸川放水路,クロダイ,35.694597581059,139.93342995644,CHIBA_UCHIBOU
江戸川放水路,クロダイ,35.695489,139.9324,CHIBA_UCHIBOU
江戸川放水路,ハゼ,35.696064,139.932014,CHIBA_UCHIBOU
江戸川放水路,ハゼ,35.692993,139.937357,CHIBA_UCHIBOU
江戸川放水路,ハゼ,35.697056,139.934717,CHIBA_UCHIBOU
江戸川放水路,ハゼ,35.69221,139.934567,CHIBA_UCHIBOU
江戸川放水路,ハゼ,35.692942,139.934009,CHIBA_UCHIBOU
江戸川放水路,ハゼ,35.693762,139.933451,CHIBA_UCHIBOU
高州海浜公園,タチウオ,35.631355143042,139.92627884245,CHIBA_UCHIBOU
高州海浜公園,タチウオ,35.628435300054,139.92137610912,CHIBA_UCHIBOU
高州海浜公園,マゴチ,35.627989,139.920377,CHIBA_UCHIBOU
高州海浜公園,マゴチ,35.63201,139.92678,CHIBA_UCHIBOU
高州海浜公園,タチウオ,35.630936,139.924534,CHIBA_UCHIBOU
高州海浜公園,セイゴ,35.634118,139.9286,CHIBA_UCHIBOU
高州海浜公園,マゴチ,35.633488784468,139.92879753812,CHIBA_UCHIBOU
高州海浜公園,サヨリ,35.633329,139.927569,CHIBA_UCHIBOU
高州海浜公園,イナダ,35.632861,139.928403,CHIBA_UCHIBOU
高州海浜公園,タチウオ,35.632466,139.927629,CHIBA_UCHIBOU
高州海浜公園,イナダ,35.630381,139.924445,CHIBA_UCHIBOU
境川しおかぜ歩道橋,ハゼ,35.658878,139.897162,CHIBA_UCHIBOU
境川しおかぜ歩道橋,ハゼ,35.658261,139.897511,CHIBA_UCHIBOU
境川しおかぜ歩道橋,ハゼ,35.657731,139.897875,CHIBA_UCHIBOU
境川しおかぜ歩道橋,ハゼ,35.657138,139.898255,CHIBA_UCHIBOU
境川しおかぜ歩道橋,ハゼ,35.65609,139.898968,CHIBA_UCHIBOU
境川しおかぜ歩道橋,ハゼ,35.655744,139.899165,CHIBA_UCHIBOU
境川しおかぜ歩道橋,ハゼ,35.654734,139.899848,CHIBA_UCHIBOU
境川しおかぜ歩道橋,ハゼ,35.655289,139.899499,CHIBA_UCHIBOU
境川しおかぜ歩道橋,ハゼ,35.654512,139.899999,CHIBA_UCHIBOU
境川しおかぜ歩道橋,ハゼ,35.653883,139.900348,CHIBA_UCHIBOU
旧江戸川河口,クロダイ,35.642678,139.877248,CHIBA_UCHIBOU
旧江戸川河口,クロダイ,35.645516,139.88447,CHIBA_UCHIBOU
旧江戸川河口,スズキ,35.644776131335,139.88392710686,CHIBA_UCHIBOU
旧江戸川河口,ウナギ,35.645541,139.882983,CHIBA_UCHIBOU
旧江戸川河口,テナガエビ,35.646992,139.884713,CHIBA_UCHIBOU
旧江戸川河口,コイ,35.649015,139.884804,CHIBA_UCHIBOU
旧江戸川河口,クロダイ,35.643205,139.882811,CHIBA_UCHIBOU
旧江戸川河口,ウナギ,35.642945,139.881502,CHIBA_UCHIBOU
旧江戸川河口,テナガエビ,35.644079,139.884764,CHIBA_UCHIBOU
旧江戸川河口,テナガエビ,35.654734,139.887897,CHIBA_UCHIBOU
旧江戸川河口,テナガエビ,35.656584,139.888541,CHIBA_UCHIBOU
旧江戸川河口,クロダイ,35.655937,139.888433,CHIBA_UCHIBOU
旧江戸川河口,クロダイ,35.652605,139.887038,CHIBA_UCHIBOU
旧江戸川河口,クロダイ,35.650424,139.886116,CHIBA_UCHIBOU
旧江戸川河口,マゴチ,35.651823,139.885944,CHIBA_UCHIBOU
旧江戸川河口,スズキ,35.654022,139.88676,CHIBA_UCHIBOU
旧江戸川河口,スズキ,35.650007,139.8847,CHIBA_UCHIBOU
旧江戸川河口,ウナギ,35.655501,139.887339,CHIBA_UCHIBOU
旧江戸川河口,ハゼ,35.657297,139.888283,CHIBA_UCHIBOU
旧江戸川河口,スズキ,35.656947,139.887339,CHIBA_UCHIBOU
常夜灯公園,ハゼ,35.695155203037,139.91727232933,CHIBA_UCHIBOU
常夜灯公園,セイゴ,35.69384739927,139.91589903831,CHIBA_UCHIBOU
常夜灯公園,ハゼ,35.692925,139.916014,CHIBA_UCHIBOU
常夜灯公園,ハゼ,35.690694,139.914266,CHIBA_UCHIBOU
常夜灯公園,セイゴ,35.692123115556,139.91427361965,CHIBA_UCHIBOU
常夜灯公園,クロダイ,35.691503963988,139.9138122797,CHIBA_UCHIBOU
常夜灯公園,ウナギ,35.692314,139.915105,CHIBA_UCHIBOU
常夜灯公園,フッコ,35.690035129897,139.9130784495,CHIBA_UCHIBOU
常夜灯公園,コイ,35.689194563093,139.91218686104,CHIBA_UCHIBOU
常夜灯公園,ウナギ,35.688112,139.911071,CHIBA_UCHIBOU
常夜灯公園,ウナギ,35.690867,139.913437,CHIBA_UCHIBOU
横六間川周辺,モロコ,35.814524023418,139.89684998989,CHIBA_UCHIBOU
横六間川周辺,モロコ,35.815761797916,139.89708245608,CHIBA_UCHIBOU
横六間川周辺,モロコ,35.816924485973,139.89714314754,CHIBA_UCHIBOU
横六間川周辺,マブナ,35.817775,139.897196,CHIBA_UCHIBOU
横六間川周辺,マブナ,35.817453621129,139.89718107971,CHIBA_UCHIBOU
横六間川周辺,クチボソ,35.816370710147,139.89709004251,CHIBA_UCHIBOU
横六間川周辺,クチボソ,35.814907,139.896947,CHIBA_UCHIBOU
手賀沼,マブナ,35.874498859464,139.98376965523,CHIBA_UCHIBOU
手賀沼,ヘラブナ,35.873998708445,139.9843036732,CHIBA_UCHIBOU
手賀沼,コイ,35.873494216321,139.98470575414,CHIBA_UCHIBOU
手賀沼,ヘラブナ,35.872921,139.985013,CHIBA_UCHIBOU
手賀沼,マブナ,35.872385,139.985191,CHIBA_UCHIBOU
手賀沼,コイ,35.871857,139.985391,CHIBA_UCHIBOU
手賀沼,ヘラブナ,35.871319,139.985555,CHIBA_UCHIBOU
手賀沼,マブナ,35.870777,139.985781,CHIBA_UCHIBOU
手賀沼,コイ,35.870229,139.985974,CHIBA_UCHIBOU
手賀沼,クチボソ,35.858624,140.003721,CHIBA_UCHIBOU
手賀沼,マブナ,35.858377,140.00143,CHIBA_UCHIBOU
手賀沼,ヘラブナ,35.857553,140.000322,CHIBA_UCHIBOU
手賀沼,ヘラブナ,35.851451,139.995839,CHIBA_UCHIBOU
手賀沼,マブナ,35.852361,139.996294,CHIBA_UCHIBOU
手賀沼,マブナ,35.854034,139.997053,CHIBA_UCHIBOU
手賀沼,マブナ,35.848981195331,139.99311531482,CHIBA_UCHIBOU
手賀沼,マブナ,35.847787,139.99175,CHIBA_UCHIBOU
手賀沼,マブナ,35.848341,139.992357,CHIBA_UCHIBOU
手賀沼,コイ,35.85593,139.998358,CHIBA_UCHIBOU
我孫子市民体育館周辺,マブナ,35.873193104286,140.10614275932,CHIBA_UCHIBOU
我孫子市民体育館周辺,マブナ,35.87476,140.101916,CHIBA_UCHIBOU
我孫子市民体育館周辺,マブナ,35.876376,140.097581,CHIBA_UCHIBOU
我孫子市民体育館周辺,マブナ,35.877941,140.09329,CHIBA_UCHIBOU
我孫子市民体育館周辺,コイ,35.877176,140.095435,CHIBA_UCHIBOU
我孫子市民体育館周辺,コイ,35.875576,140.099727,CHIBA_UCHIBOU
我孫子市民体育館周辺,コイ,35.873992,140.104018,CHIBA_UCHIBOU