parent,name,lat,lng,registration
磯崎港,アイナメ,36.385179,140.622924,IBARAKI_HITACHI
磯崎港,クジメ,36.385023,140.623117,IBARAKI_HITACHI
磯崎港,アイナメ,36.386341,140.621902,IBARAKI_HITACHI
磯崎港,アイナメ,36.385969,140.621983,IBARAKI_HITACHI
磯崎港,アイナメ,36.385723,140.621816,IBARAKI_HITACHI
磯崎港,カレイ,36.38617948,140.6216854,IBARAKI_HITACHI
磯崎港,カレイ,36.385805,140.622154,IBARAKI_HITACHI
磯崎港,カレイ,36.38666814,140.622133,IBARAKI_HITACHI
磯崎港,イシモチ,36.385952,140.621478,IBARAKI_HITACHI
磯崎港,イシモチ,36.386751,140.621559,IBARAKI_HITACHI
磯崎港,カレイ,36.386599,140.621135,IBARAKI_HITACHI
磯崎港,カレイ,36.386444,140.621457,IBARAKI_HITACHI
磯崎港,カレイ,36.386487,140.620711,IBARAKI_HITACHI
磯崎港,シロギス,36.384885,140.619705,IBARAKI_HITACHI
磯崎港,シロギス,36.384989,140.619137,IBARAKI_HITACHI
磯崎港,シロギス,36.3853,140.619931,IBARAKI_HITACHI
磯崎港,シロギス,36.385741,140.620145,IBARAKI_HITACHI
磯崎港,メバル,36.385452,140.622361,IBARAKI_HITACHI
磯崎港,メバル,36.385318,140.622057,IBARAKI_HITACHI
磯崎港,メバル,36.385153,140.621761,IBARAKI_HITACHI
磯崎港,メバル,36.385006,140.62145,IBARAKI_HITACHI
磯崎港,メバル,36.384945,140.622884,IBARAKI_HITACHI
磯崎港,メバル,36.385086,140.623354,IBARAKI_HITACHI
磯崎港,メバル,36.385319,140.622672,IBARAKI_HITACHI
磯崎港,メバル,36.385545,140.621048,IBARAKI_HITACHI
磯崎港,メバル,36.385221,140.620851,IBARAKI_HITACHI
磯崎港,メバル,36.385508,140.620426,IBARAKI_HITACHI
磯崎港,メバル,36.385838,140.62054,IBARAKI_HITACHI
磯崎港,アジ,36.386303,140.621041,IBARAKI_HITACHI
磯崎港,アジ,36.386192,140.620699,IBARAKI_HITACHI
磯崎港,アジ,36.386046,140.62123,IBARAKI_HITACHI
磯崎港,アジ,36.386706,140.622527,IBARAKI_HITACHI
磯崎港,アジ,36.38648,140.622216,IBARAKI_HITACHI
磯崎港,アジ,36.386168,140.622216,IBARAKI_HITACHI
稲荷川周辺,マブナ,35.977352,140.122882,IBARAKI_TSUKUBA
稲荷川周辺,マブナ,35.977321,140.123751,IBARAKI_TSUKUBA
稲荷川周辺,クチボソ,35.977313,140.124025,IBARAKI_TSUKUBA
稲荷川周辺,モロコ,35.977346,140.123145,IBARAKI_TSUKUBA
稲荷川周辺,クチボソ,35.977337,140.12344,IBARAKI_TSUKUBA
稲荷川周辺,クチボソ,35.973335,140.122582,IBARAKI_TSUKUBA
稲荷川周辺,マブナ,35.973578,140.12262,IBARAKI_TSUKUBA
稲荷川周辺,マブナ,35.974421,140.122759,IBARAKI_TSUKUBA
稲荷川周辺,マブナ,35.972866,140.122523,IBARAKI_TSUKUBA
稲荷川周辺,モロコ,35.973105,140.122555,IBARAKI_TSUKUBA
霞ヶ浦中部,マブナ,36.0632368,140.2973601,IBARAKI_KASUMIGAURA
霞ヶ浦中部,マブナ,36.063007,140.297097,IBARAKI_KASUMIGAURA
霞ヶ浦中部,マブナ,36.063715,140.29809,IBARAKI_KASUMIGAURA
霞ヶ浦中部,マブナ,36.063888,140.298401,IBARAKI_KASUMIGAURA
霞ヶ浦中部,マブナ,36.062673,140.296695,IBARAKI_KASUMIGAURA
霞ヶ浦中部,マブナ,36.063524,140.323549,IBARAKI_KASUMIGAURA
霞ヶ浦中部,クチボソ,36.063385,140.323614,IBARAKI_KASUMIGAURA
霞ヶ浦中部,クチボソ,36.063325,140.323753,IBARAKI_KASUMIGAURA
霞ヶ浦中部,コイ,36.06405,140.299729,IBARAKI_KASUMIGAURA
霞ヶ浦中部,コイ,36.063436,140.298758,IBARAKI_KASUMIGAURA
霞ヶ浦中部,コイ,36.062234,140.297058,IBARAKI_KASUMIGAURA
霞ヶ浦中部,バス,36.064468,140.300199,IBARAKI_KASUMIGAURA
霞ヶ浦中部,バス,36.06378,140.299198,IBARAKI_KASUMIGAURA
霞ヶ浦中部,バス,36.062884,140.297847,IBARAKI_KASUMIGAURA
霞ヶ浦中部,バス,36.064013,140.300472,IBARAKI_KASUMIGAURA
霞ヶ浦中部,バス,36.063461,140.299531,IBARAKI_KASUMIGAURA
霞ヶ浦中部,バス,36.06286,140.298606,IBARAKI_KASUMIGAURA
霞ヶ浦中部,バス,36.061607,140.296967,IBARAKI_KASUMIGAURA
霞ヶ浦中部,バス,36.06227,140.297802,IBARAKI_KASUMIGAURA
霞ヶ浦中部,バス,36.060932,140.296087,IBARAKI_KASUMIGAURA
霞ヶ浦中部,バス,36.060454,140.294737,IBARAKI_KASUMIGAURA
霞ヶ浦中部,バス,36.060736,140.295404,IBARAKI_KASUMIGAURA
霞ヶ浦中部,バス,36.060429,140.293826,IBARAKI_KASUMIGAURA
霞ヶ浦中部,バス,36.06023379,140.2926732,IBARAKI_KASUMIGAURA
霞ヶ浦中部,バス,36.06139929,140.2902,IBARAKI_KASUMIGAURA
霞ヶ浦中部,ヘラブナ,36.06144818,140.2960416,IBARAKI_KASUMIGAURA
霞ヶ浦中部,テナガエビ,36.06184,140.296315,IBARAKI_KASUMIGAURA
霞ヶ浦中部,タナゴ,36.061239,140.295435,IBARAKI_KASUMIGAURA
霞ヶ浦中部,ヘラブナ,36.06031974,140.2932649,IBARAKI_KASUMIGAURA
霞ヶ浦中部,タナゴ,36.06065106,140.292127,IBARAKI_KASUMIGAURA
霞ヶ浦中部,テナガエビ,36.06048,140.292719,IBARAKI_KASUMIGAURA
霞ヶ浦中部,テナガエビ,36.060835,140.29149,IBARAKI_KASUMIGAURA
霞ヶ浦中部,テナガエビ,36.061105,140.290837,IBARAKI_KASUMIGAURA
霞ヶ浦中部,コイ,36.060491,140.291596,IBARAKI_KASUMIGAURA
霞ヶ浦中部,コイ,36.060798,140.290761,IBARAKI_KASUMIGAURA
霞ヶ浦中部,タナゴ,36.068745,140.305415,IBARAKI_KASUMIGAURA
霞ヶ浦中部,タナゴ,36.067357,140.302518,IBARAKI_KASUMIGAURA
霞ヶ浦中部,テナガエビ,36.067062,140.30225,IBARAKI_KASUMIGAURA
霞ヶ浦中部,テナガエビ,36.068458,140.30475,IBARAKI_KASUMIGAURA
霞ヶ浦中部,テナガエビ,36.068657,140.307518,IBARAKI_KASUMIGAURA
霞ヶ浦中部,マブナ,36.068727,140.306906,IBARAKI_KASUMIGAURA
霞ヶ浦中部,マブナ,36.068579,140.305426,IBARAKI_KASUMIGAURA
霞ヶ浦中部,マブナ,36.068258,140.304235,IBARAKI_KASUMIGAURA
霞ヶ浦中部,マブナ,36.066948,140.302078,IBARAKI_KASUMIGAURA
霞ヶ浦中部,コイ,36.067209,140.302486,IBARAKI_KASUMIGAURA
霞ヶ浦中部,コイ,36.066757,140.302261,IBARAKI_KASUMIGAURA
霞ヶ浦中部,コイ,36.067973,140.304149,IBARAKI_KASUMIGAURA
霞ヶ浦中部,コイ,36.068467,140.306756,IBARAKI_KASUMIGAURA
霞ヶ浦中部,コイ,36.068337,140.308011,IBARAKI_KASUMIGAURA
霞ヶ浦中部,バス,36.06858,140.308076,IBARAKI_KASUMIGAURA
霞ヶ浦中部,バス,36.068198,140.306295,IBARAKI_KASUMIGAURA
霞ヶ浦中部,バス,36.068311,140.305704,IBARAKI_KASUMIGAURA
霞ヶ浦中部,バス,36.068371,140.305189,IBARAKI_KASUMIGAURA
霞ヶ浦中部,バス,36.067746,140.303913,IBARAKI_KASUMIGAURA
霞ヶ浦中部,バス,36.067451,140.303376,IBARAKI_KASUMIGAURA
霞ヶ浦中部,バス,36.067243,140.302861,IBARAKI_KASUMIGAURA
霞ヶ浦中部,バス,36.066722,140.301949,IBARAKI_KASUMIGAURA
霞ヶ浦中部,バス,36.064897,140.318027,IBARAKI_KASUMIGAURA
霞ヶ浦中部,バス,36.065793,140.31657,IBARAKI_KASUMIGAURA
霞ヶ浦中部,バス,36.066284,140.31522,IBARAKI_KASUMIGAURA
霞ヶ浦中部,バス,36.066628,140.313976,IBARAKI_KASUMIGAURA
霞ヶ浦中部,バス,36.066984,140.312914,IBARAKI_KASUMIGAURA
霞ヶ浦中部,マブナ,36.067082,140.313581,IBARAKI_KASUMIGAURA
霞ヶ浦中部,マブナ,36.066677,140.314704,IBARAKI_KASUMIGAURA
霞ヶ浦中部,マブナ,36.065695,140.317557,IBARAKI_KASUMIGAURA
霞ヶ浦中部,コイ,36.0654,140.317997,IBARAKI_KASUMIGAURA
霞ヶ浦中部,コイ,36.065965,140.316859,IBARAKI_KASUMIGAURA
霞ヶ浦中部,コイ,36.066259,140.314552,IBARAKI_KASUMIGAURA
霞ヶ浦中部,コイ,36.066664,140.313217,IBARAKI_KASUMIGAURA
霞ヶ浦中部,マブナ,36.034664,140.258444,IBARAKI_KASUMIGAURA
霞ヶ浦中部,マブナ,36.034386,140.259055,IBARAKI_KASUMIGAURA
霞ヶ浦中部,マブナ,36.034516,140.258744,IBARAKI_KASUMIGAURA
霞ヶ浦中部,マブナ,36.027382,140.295217,IBARAKI_KASUMIGAURA
霞ヶ浦中部,マブナ,36.02715191,140.2965152,IBARAKI_KASUMIGAURA
霞ヶ浦中部,バス,36.027404,140.296108,IBARAKI_KASUMIGAURA
霞ヶ浦中部,バス,36.027252,140.296344,IBARAKI_KASUMIGAURA
霞ヶ浦中部,バス,36.027534,140.29585,IBARAKI_KASUMIGAURA
霞ヶ浦中部,バス,36.027746,140.295646,IBARAKI_KASUMIGAURA
霞ヶ浦中部,バス,36.0276553,140.2953565,IBARAKI_KASUMIGAURA
霞ヶ浦中部,バス,36.02772882,140.2948844,IBARAKI_KASUMIGAURA
霞ヶ浦中部,コイ,36.027864,140.294681,IBARAKI_KASUMIGAURA
霞ヶ浦中部,コイ,36.027495,140.295437,IBARAKI_KASUMIGAURA
霞ヶ浦中部,バス,36.034929,140.275873,IBARAKI_KASUMIGAURA
霞ヶ浦中部,バス,36.03483085,140.2763236,IBARAKI_KASUMIGAURA
霞ヶ浦中部,バス,36.03313428,140.2765596,IBARAKI_KASUMIGAURA
霞ヶ浦中部,バス,36.034771,140.278292,IBARAKI_KASUMIGAURA
霞ヶ浦中部,バス,36.034597,140.278625,IBARAKI_KASUMIGAURA
霞ヶ浦中部,バス,36.034272,140.278807,IBARAKI_KASUMIGAURA
霞ヶ浦中部,バス,36.034814,140.277284,IBARAKI_KASUMIGAURA
霞ヶ浦中部,バス,36.034706,140.277874,IBARAKI_KASUMIGAURA
霞ヶ浦中部,マブナ,36.034094,140.279242,IBARAKI_KASUMIGAURA
霞ヶ浦中部,マブナ,36.03342928,140.276742,IBARAKI_KASUMIGAURA
霞ヶ浦中部,アユ,36.032827,140.276361,IBARAKI_KASUMIGAURA
霞ヶ浦中部,バス,36.032457,140.276125,IBARAKI_KASUMIGAURA
霞ヶ浦中部,アユ,36.034167,140.276908,IBARAKI_KASUMIGAURA
霞ヶ浦中部,マブナ,36.034375,140.27679,IBARAKI_KASUMIGAURA
霞ヶ浦中部,ワカサギ,36.034597,140.277139,IBARAKI_KASUMIGAURA
霞ヶ浦中部,マブナ,36.033737,140.276898,IBARAKI_KASUMIGAURA
霞ヶ浦中部,ヒガイ,36.033989,140.276914,IBARAKI_KASUMIGAURA
霞ヶ浦中部,コイ,36.034696,140.276747,IBARAKI_KASUMIGAURA
霞ヶ浦中部,ヤマベ,36.067257,140.276412,IBARAKI_KASUMIGAURA
霞ヶ浦中部,マブナ,36.067113,140.276879,IBARAKI_KASUMIGAURA
霞ヶ浦中部,マブナ,36.066996,140.277227,IBARAKI_KASUMIGAURA
霞ヶ浦中部,マブナ,36.066844,140.277759,IBARAKI_KASUMIGAURA
霞ヶ浦中部,クチボソ,36.065774,140.281433,IBARAKI_KASUMIGAURA
霞ヶ浦中部,マブナ,36.065513,140.282361,IBARAKI_KASUMIGAURA
霞ヶ浦中部,マブナ,36.065314,140.283032,IBARAKI_KASUMIGAURA
霞ヶ浦中部,クチボソ,36.065396,140.282769,IBARAKI_KASUMIGAURA
霞ヶ浦中部,マブナ,36.067974,140.266959,IBARAKI_KASUMIGAURA
霞ヶ浦中部,マブナ,36.068176,140.265305,IBARAKI_KASUMIGAURA
霞ヶ浦中部,マブナ,36.068293,140.260313,IBARAKI_KASUMIGAURA
霞ヶ浦中部,コイ,36.068152,140.259949,IBARAKI_KASUMIGAURA
霞ヶ浦中部,コイ,36.068121,140.261254,IBARAKI_KASUMIGAURA
霞ヶ浦中部,コイ,36.068059,140.265996,IBARAKI_KASUMIGAURA
霞ヶ浦中部,コイ,36.068004,140.266413,IBARAKI_KASUMIGAURA
霞ヶ浦中部,コイ,36.067593,140.267202,IBARAKI_KASUMIGAURA
霞ヶ浦中部,バス,36.067354,140.268044,IBARAKI_KASUMIGAURA
霞ヶ浦中部,バス,36.067667,140.266815,IBARAKI_KASUMIGAURA
霞ヶ浦中部,バス,36.067876,140.264835,IBARAKI_KASUMIGAURA
霞ヶ浦中部,バス,36.068121,140.264418,IBARAKI_KASUMIGAURA
霞ヶ浦中部,バス,36.068176,140.260973,IBARAKI_KASUMIGAURA
霞ヶ浦中部,バス,36.068453,140.260693,IBARAKI_KASUMIGAURA
霞ヶ浦中部,バス,36.067906,140.260071,IBARAKI_KASUMIGAURA
霞ヶ浦中部,バス,36.067998,140.260571,IBARAKI_KASUMIGAURA
霞ヶ浦中部,テナガエビ,36.068317,140.260799,IBARAKI_KASUMIGAURA
霞ヶ浦中部,テナガエビ,36.067802,140.265935,IBARAKI_KASUMIGAURA
霞ヶ浦中部,マブナ,36.067765,140.266352,IBARAKI_KASUMIGAURA
霞ヶ浦中部,コイ,36.067888,140.265464,IBARAKI_KASUMIGAURA
霞ヶ浦中部,コイ,36.067244,140.275868,IBARAKI_KASUMIGAURA
霞ヶ浦中部,バス,36.067114,140.275621,IBARAKI_KASUMIGAURA
霞ヶ浦中部,マブナ,36.067834,140.276479,IBARAKI_KASUMIGAURA
霞ヶ浦中部,バス,36.067547,140.276157,IBARAKI_KASUMIGAURA
霞ヶ浦中部,バス,36.06641,140.273427,IBARAKI_KASUMIGAURA
霞ヶ浦中部,バス,36.066479,140.272547,IBARAKI_KASUMIGAURA
霞ヶ浦中部,バス,36.066601,140.271624,IBARAKI_KASUMIGAURA
霞ヶ浦中部,バス,36.067382,140.270079,IBARAKI_KASUMIGAURA
霞ヶ浦中部,マブナ,36.067347,140.27126,IBARAKI_KASUMIGAURA
霞ヶ浦中部,マブナ,36.067607,140.269328,IBARAKI_KASUMIGAURA
霞ヶ浦中部,コイ,36.066983,140.271045,IBARAKI_KASUMIGAURA
霞ヶ浦中部,コイ,36.067608,140.268599,IBARAKI_KASUMIGAURA
霞ヶ浦中部,バス,36.03015887,140.3448164,IBARAKI_KASUMIGAURA
霞ヶ浦中部,バス,36.03003686,140.344457,IBARAKI_KASUMIGAURA
霞ヶ浦中部,バス,36.030332,140.345149,IBARAKI_KASUMIGAURA
霞ヶ浦中部,バス,36.030063,140.345117,IBARAKI_KASUMIGAURA
霞ヶ浦中部,バス,36.02979436,140.3446019,IBARAKI_KASUMIGAURA
霞ヶ浦中部,バス,36.02954267,140.3438991,IBARAKI_KASUMIGAURA
霞ヶ浦中部,バス,36.029499,140.343567,IBARAKI_KASUMIGAURA
霞ヶ浦中部,バス,36.029465,140.34318,IBARAKI_KASUMIGAURA
霞ヶ浦中部,バス,36.029729,140.341775,IBARAKI_KASUMIGAURA
霞ヶ浦中部,バス,36.029638,140.342124,IBARAKI_KASUMIGAURA
霞ヶ浦中部,バス,36.029165,140.342456,IBARAKI_KASUMIGAURA
霞ヶ浦中部,バス,36.029109,140.341989,IBARAKI_KASUMIGAURA
霞ヶ浦中部,マブナ,36.029204,140.342842,IBARAKI_KASUMIGAURA
霞ヶ浦中部,マブナ,36.02966,140.344318,IBARAKI_KASUMIGAURA
霞ヶ浦中部,マブナ,36.029925,140.344892,IBARAKI_KASUMIGAURA
霞ヶ浦中部,コイ,36.029964,140.344715,IBARAKI_KASUMIGAURA
霞ヶ浦中部,コイ,36.029724,140.344082,IBARAKI_KASUMIGAURA
霞ヶ浦中部,コイ,36.029364,140.342923,IBARAKI_KASUMIGAURA
霞ヶ浦中部,コイ,36.02912585,140.3308153,IBARAKI_KASUMIGAURA
霞ヶ浦中部,ワカサギ,36.029485,140.330343,IBARAKI_KASUMIGAURA
霞ヶ浦中部,バス,36.029238,140.330102,IBARAKI_KASUMIGAURA
霞ヶ浦中部,バス,36.029316,140.330429,IBARAKI_KASUMIGAURA
霞ヶ浦中部,バス,36.02873534,140.3294045,IBARAKI_KASUMIGAURA
霞ヶ浦中部,バス,36.02856179,140.3289431,IBARAKI_KASUMIGAURA
霞ヶ浦中部,バス,36.029069,140.33111,IBARAKI_KASUMIGAURA
霞ヶ浦中部,バス,36.029078,140.331872,IBARAKI_KASUMIGAURA
霞ヶ浦中部,コイ,36.029199,140.331679,IBARAKI_KASUMIGAURA
霞ヶ浦中部,コイ,36.02887416,140.3298014,IBARAKI_KASUMIGAURA
霞ヶ浦中部,コイ,36.02837524,140.3284818,IBARAKI_KASUMIGAURA
霞ヶ浦中部,マブナ,36.02818,140.328364,IBARAKI_KASUMIGAURA
霞ヶ浦中部,マブナ,36.029004,140.329962,IBARAKI_KASUMIGAURA
霞ヶ浦中部,マブナ,36.029204,140.330601,IBARAKI_KASUMIGAURA
霞ヶ浦中部,マブナ,36.029052,140.331663,IBARAKI_KASUMIGAURA
霞ヶ浦中部,マブナ,36.034078,140.276299,IBARAKI_KASUMIGAURA
霞ヶ浦中部,マブナ,36.034273,140.275463,IBARAKI_KASUMIGAURA
霞ヶ浦中部,クチボソ,36.034456,140.274433,IBARAKI_KASUMIGAURA
霞ヶ浦中部,マブナ,36.03462,140.273446,IBARAKI_KASUMIGAURA
霞ヶ浦中部,モロコ,36.03470246,140.2716646,IBARAKI_KASUMIGAURA
霞ヶ浦中部,マブナ,36.034521,140.270925,IBARAKI_KASUMIGAURA
霞ヶ浦中部,マブナ,36.033926,140.267373,IBARAKI_KASUMIGAURA
霞ヶ浦中部,モロコ,36.034073,140.26843,IBARAKI_KASUMIGAURA
霞ヶ浦中部,マブナ,36.027883,140.291319,IBARAKI_KASUMIGAURA
霞ヶ浦中部,マブナ,36.027935,140.291078,IBARAKI_KASUMIGAURA
霞ヶ浦中部,マブナ,36.02856,140.289265,IBARAKI_KASUMIGAURA
霞ヶ浦中部,クチボソ,36.02822111,140.2900699,IBARAKI_KASUMIGAURA
霞ヶ浦中部,クチボソ,36.027566,140.292473,IBARAKI_KASUMIGAURA
霞ヶ浦中部,マブナ,36.027293,140.293573,IBARAKI_KASUMIGAURA
霞ヶ浦中部,クチボソ,36.064583,140.320974,IBARAKI_KASUMIGAURA
霞ヶ浦中部,クチボソ,36.065454,140.319009,IBARAKI_KASUMIGAURA
霞ヶ浦中部,クチボソ,36.066331,140.31706,IBARAKI_KASUMIGAURA
霞ヶ浦中部,クチボソ,36.067085,140.314769,IBARAKI_KASUMIGAURA
霞ヶ浦中部,クチボソ,36.06798,140.312,IBARAKI_KASUMIGAURA
霞ヶ浦中部,クチボソ,36.06855,140.309921,IBARAKI_KASUMIGAURA
霞ヶ浦中部,クチボソ,36.069114,140.306097,IBARAKI_KASUMIGAURA
霞ヶ浦中部,モロコ,36.068894,140.307797,IBARAKI_KASUMIGAURA
霞ヶ浦中部,モロコ,36.067545,140.313342,IBARAKI_KASUMIGAURA
霞ヶ浦中部,モロコ,36.065128,140.319724,IBARAKI_KASUMIGAURA
霞ヶ浦中部,モロコ,36.068306,140.310927,IBARAKI_KASUMIGAURA
霞ヶ浦大橋周辺,バス,36.0624,140.347337,IBARAKI_KASUMIGAURA
霞ヶ浦大橋周辺,バス,36.061982,140.347421,IBARAKI_KASUMIGAURA
霞ヶ浦大橋周辺,バス,36.06197,140.347861,IBARAKI_KASUMIGAURA
霞ヶ浦大橋周辺,バス,36.062823,140.345759,IBARAKI_KASUMIGAURA
霞ヶ浦大橋周辺,バス,36.062694,140.344856,IBARAKI_KASUMIGAURA
霞ヶ浦大橋周辺,バス,36.062994,140.349446,IBARAKI_KASUMIGAURA
霞ヶ浦大橋周辺,バス,36.062994,140.350584,IBARAKI_KASUMIGAURA
霞ヶ浦大橋周辺,バス,36.062988,140.348635,IBARAKI_KASUMIGAURA
霞ヶ浦大橋周辺,マブナ,36.062822,140.348035,IBARAKI_KASUMIGAURA
霞ヶ浦大橋周辺,マブナ,36.063062,140.350023,IBARAKI_KASUMIGAURA
霞ヶ浦大橋周辺,マブナ,36.062988,140.346427,IBARAKI_KASUMIGAURA
霞ヶ浦大橋周辺,バス,36.062933,140.346844,IBARAKI_KASUMIGAURA
霞ヶ浦大橋周辺,マブナ,36.06289,140.345388,IBARAKI_KASUMIGAURA
霞ヶ浦大橋周辺,コイ,36.062693,140.34519,IBARAKI_KASUMIGAURA
霞ヶ浦大橋周辺,コイ,36.062779,140.346177,IBARAKI_KASUMIGAURA
霞ヶ浦大橋周辺,コイ,36.062871,140.349059,IBARAKI_KASUMIGAURA
霞ヶ浦大橋周辺,バス,36.061614,140.346298,IBARAKI_KASUMIGAURA
霞ヶ浦大橋周辺,バス,36.061565,140.345926,IBARAKI_KASUMIGAURA
霞ヶ浦大橋周辺,バス,36.061295,140.346343,IBARAKI_KASUMIGAURA
霞ヶ浦大橋周辺,ワカサギ,36.062044,140.360424,IBARAKI_KASUMIGAURA
霞ヶ浦大橋周辺,ワカサギ,36.061949,140.360194,IBARAKI_KASUMIGAURA
霞ヶ浦大橋周辺,ワカサギ,36.062383,140.360344,IBARAKI_KASUMIGAURA
霞ヶ浦大橋周辺,バス,36.061893,140.360773,IBARAKI_KASUMIGAURA
霞ヶ浦大橋周辺,バス,36.061867,140.359941,IBARAKI_KASUMIGAURA
霞ヶ浦大橋周辺,バス,36.062188,140.359046,IBARAKI_KASUMIGAURA
霞ヶ浦大橋周辺,バス,36.06192715,140.3594908,IBARAKI_KASUMIGAURA
霞ヶ浦大橋周辺,バス,36.063321,140.360285,IBARAKI_KASUMIGAURA
霞ヶ浦大橋周辺,マブナ,36.062872,140.360322,IBARAKI_KASUMIGAURA
霞ヶ浦大橋周辺,マブナ,36.06212152,140.3593728,IBARAKI_KASUMIGAURA
霞ヶ浦大橋周辺,マブナ,36.062056,140.359764,IBARAKI_KASUMIGAURA
霞ヶ浦大橋周辺,コイ,36.061736,140.360939,IBARAKI_KASUMIGAURA
霞ヶ浦大橋周辺,コイ,36.061849,140.360451,IBARAKI_KASUMIGAURA
霞ヶ浦大橋周辺,コイ,36.061784,140.359689,IBARAKI_KASUMIGAURA
霞ヶ浦大橋周辺,コイ,36.061953,140.359131,IBARAKI_KASUMIGAURA
霞ヶ浦大橋周辺,タナゴ,36.06436409,140.3596249,IBARAKI_KASUMIGAURA
霞ヶ浦大橋周辺,タナゴ,36.064724,140.358975,IBARAKI_KASUMIGAURA
霞ヶ浦大橋周辺,タナゴ,36.065901,140.358224,IBARAKI_KASUMIGAURA
霞ヶ浦大橋周辺,バス,36.064625,140.359149,IBARAKI_KASUMIGAURA
霞ヶ浦大橋周辺,タナゴ,36.065215,140.358203,IBARAKI_KASUMIGAURA
霞ヶ浦大橋周辺,コイ,36.065427,140.358155,IBARAKI_KASUMIGAURA
霞ヶ浦大橋周辺,コイ,36.064516,140.359405,IBARAKI_KASUMIGAURA
霞ヶ浦大橋周辺,コイ,36.06488028,140.3584662,IBARAKI_KASUMIGAURA
霞ヶ浦大橋周辺,バス,36.064811,140.35874,IBARAKI_KASUMIGAURA
霞ヶ浦大橋周辺,バス,36.065002,140.358327,IBARAKI_KASUMIGAURA
霞ヶ浦大橋周辺,バス,36.065683,140.358209,IBARAKI_KASUMIGAURA
霞ヶ浦大橋周辺,バス,36.066126,140.358257,IBARAKI_KASUMIGAURA
霞ヶ浦大橋周辺,コイ,36.066325,140.358241,IBARAKI_KASUMIGAURA
霞ヶ浦大橋周辺,コイ,36.06392,140.360067,IBARAKI_KASUMIGAURA
霞ヶ浦大橋周辺,テナガエビ,36.066411,140.3725,IBARAKI_KASUMIGAURA
霞ヶ浦大橋周辺,テナガエビ,36.067851,140.373422,IBARAKI_KASUMIGAURA
霞ヶ浦大橋周辺,テナガエビ,36.068844,140.374291,IBARAKI_KASUMIGAURA
霞ヶ浦大橋周辺,バス,36.068649,140.374919,IBARAKI_KASUMIGAURA
霞ヶ浦大橋周辺,バス,36.06838,140.374769,IBARAKI_KASUMIGAURA
霞ヶ浦大橋周辺,バス,36.06815,140.3745,IBARAKI_KASUMIGAURA
霞ヶ浦大橋周辺,バス,36.067881,140.374216,IBARAKI_KASUMIGAURA
霞ヶ浦大橋周辺,バス,36.067122,140.372913,IBARAKI_KASUMIGAURA
霞ヶ浦大橋周辺,バス,36.066931,140.373449,IBARAKI_KASUMIGAURA
霞ヶ浦大橋周辺,バス,36.066727,140.373406,IBARAKI_KASUMIGAURA
霞ヶ浦大橋周辺,バス,36.066597,140.373229,IBARAKI_KASUMIGAURA
霞ヶ浦大橋周辺,バス,36.066402,140.373138,IBARAKI_KASUMIGAURA
霞ヶ浦大橋周辺,バス,36.066228,140.372907,IBARAKI_KASUMIGAURA
霞ヶ浦大橋周辺,バス,36.066081,140.372199,IBARAKI_KASUMIGAURA
霞ヶ浦大橋周辺,マブナ,36.067587,140.373186,IBARAKI_KASUMIGAURA
霞ヶ浦大橋周辺,マブナ,36.06625,140.372355,IBARAKI_KASUMIGAURA
霞ヶ浦大橋周辺,コイ,36.067326,140.3731,IBARAKI_KASUMIGAURA
霞ヶ浦大橋周辺,コイ,36.066151,140.372548,IBARAKI_KASUMIGAURA
霞ヶ浦大橋周辺,コイ,36.0850025,140.393638,IBARAKI_KASUMIGAURA
霞ヶ浦大橋周辺,バス,36.08525399,140.3937131,IBARAKI_KASUMIGAURA
霞ヶ浦大橋周辺,バス,36.084517,140.393126,IBARAKI_KASUMIGAURA
霞ヶ浦大橋周辺,バス,36.084321,140.39355,IBARAKI_KASUMIGAURA
霞ヶ浦大橋周辺,バス,36.083927,140.393254,IBARAKI_KASUMIGAURA
霞ヶ浦大橋周辺,バス,36.08354,140.392906,IBARAKI_KASUMIGAURA
霞ヶ浦大橋周辺,バス,36.083412,140.392294,IBARAKI_KASUMIGAURA
霞ヶ浦大橋周辺,バス,36.082883,140.391774,IBARAKI_KASUMIGAURA
霞ヶ浦大橋周辺,バス,36.083108,140.392005,IBARAKI_KASUMIGAURA
霞ヶ浦大橋周辺,バス,36.082831,140.391388,IBARAKI_KASUMIGAURA
霞ヶ浦大橋周辺,バス,36.082592,140.39149,IBARAKI_KASUMIGAURA
霞ヶ浦大橋周辺,バス,36.082241,140.391141,IBARAKI_KASUMIGAURA
霞ヶ浦大橋周辺,バス,36.082406,140.391307,IBARAKI_KASUMIGAURA
霞ヶ浦大橋周辺,バス,36.082076,140.390604,IBARAKI_KASUMIGAURA
霞ヶ浦大橋周辺,バス,36.081659,140.390041,IBARAKI_KASUMIGAURA
霞ヶ浦大橋周辺,マブナ,36.081915,140.39025,IBARAKI_KASUMIGAURA
霞ヶ浦大橋周辺,マブナ,36.082388,140.390792,IBARAKI_KASUMIGAURA
霞ヶ浦大橋周辺,マブナ,36.083026,140.391425,IBARAKI_KASUMIGAURA
霞ヶ浦大橋周辺,マブナ,36.084869,140.393195,IBARAKI_KASUMIGAURA
霞ヶ浦大橋周辺,ヘラブナ,36.082917,140.391275,IBARAKI_KASUMIGAURA
霞ヶ浦大橋周辺,ヘラブナ,36.082276,140.390669,IBARAKI_KASUMIGAURA
霞ヶ浦大橋周辺,ヘラブナ,36.08473367,140.3935093,IBARAKI_KASUMIGAURA
霞ヶ浦大橋周辺,コイ,36.087668,140.394043,IBARAKI_KASUMIGAURA
霞ヶ浦大橋周辺,コイ,36.088969,140.393967,IBARAKI_KASUMIGAURA
霞ヶ浦大橋周辺,コイ,36.089484,140.393174,IBARAKI_KASUMIGAURA
霞ヶ浦大橋周辺,バス,36.088692,140.394001,IBARAKI_KASUMIGAURA
霞ヶ浦大橋周辺,バス,36.087926,140.393979,IBARAKI_KASUMIGAURA
霞ヶ浦大橋周辺,テナガエビ,36.088453,140.394017,IBARAKI_KASUMIGAURA
霞ヶ浦大橋周辺,マブナ,36.088214,140.394009,IBARAKI_KASUMIGAURA
霞ヶ浦大橋周辺,テナガエビ,36.089343,140.393425,IBARAKI_KASUMIGAURA
霞ヶ浦大橋周辺,バス,36.089231,140.39369,IBARAKI_KASUMIGAURA
霞ヶ浦大橋周辺,バス,36.08974,140.392879,IBARAKI_KASUMIGAURA
霞ヶ浦大橋周辺,バス,36.089857,140.392393,IBARAKI_KASUMIGAURA
霞ヶ浦大橋周辺,バス,36.091416,140.38618,IBARAKI_KASUMIGAURA
霞ヶ浦大橋周辺,バス,36.090968,140.386582,IBARAKI_KASUMIGAURA
霞ヶ浦大橋周辺,バス,36.091465,140.386665,IBARAKI_KASUMIGAURA
霞ヶ浦大橋周辺,バス,36.091354,140.387037,IBARAKI_KASUMIGAURA
霞ヶ浦大橋周辺,バス,36.091164,140.387758,IBARAKI_KASUMIGAURA
霞ヶ浦大橋周辺,バス,36.091244,140.387363,IBARAKI_KASUMIGAURA
霞ヶ浦大橋周辺,バス,36.090956,140.38797,IBARAKI_KASUMIGAURA
霞ヶ浦大橋周辺,バス,36.090765,140.388054,IBARAKI_KASUMIGAURA
霞ヶ浦大橋周辺,マブナ,36.091091,140.386286,IBARAKI_KASUMIGAURA
霞ヶ浦大橋周辺,コイ,36.091287,140.386423,IBARAKI_KASUMIGAURA
霞ヶ浦大橋周辺,バス,36.101842,140.401174,IBARAKI_KASUMIGAURA
霞ヶ浦大橋周辺,バス,36.100553,140.401098,IBARAKI_KASUMIGAURA
霞ヶ浦大橋周辺,バス,36.099964,140.40254,IBARAKI_KASUMIGAURA
霞ヶ浦大橋周辺,バス,36.100096,140.40059,IBARAKI_KASUMIGAURA
霞ヶ浦大橋周辺,バス,36.100218,140.400011,IBARAKI_KASUMIGAURA
霞ヶ浦大橋周辺,バス,36.100556,140.399753,IBARAKI_KASUMIGAURA
霞ヶ浦大橋周辺,バス,36.101103,140.399871,IBARAKI_KASUMIGAURA
霞ヶ浦大橋周辺,バス,36.100469,140.399442,IBARAKI_KASUMIGAURA
霞ヶ浦大橋周辺,ワカサギ,36.100834,140.401052,IBARAKI_KASUMIGAURA
霞ヶ浦大橋周辺,ワカサギ,36.100382,140.40132,IBARAKI_KASUMIGAURA
霞ヶ浦大橋周辺,ワカサギ,36.100148,140.401931,IBARAKI_KASUMIGAURA
霞ヶ浦大橋周辺,ヘラブナ,36.100235,140.401577,IBARAKI_KASUMIGAURA
霞ヶ浦大橋周辺,ヘラブナ,36.099931,140.403047,IBARAKI_KASUMIGAURA
霞ヶ浦大橋周辺,ヘラブナ,36.101623,140.401245,IBARAKI_KASUMIGAURA
霞ヶ浦大橋周辺,マブナ,36.101103,140.401116,IBARAKI_KASUMIGAURA
霞ヶ浦大橋周辺,マブナ,36.099966,140.401116,IBARAKI_KASUMIGAURA
霞ヶ浦大橋周辺,コイ,36.101441,140.400934,IBARAKI_KASUMIGAURA
霞ヶ浦大橋周辺,コイ,36.100218,140.400987,IBARAKI_KASUMIGAURA
霞ヶ浦大橋周辺,バス,36.097281,140.400674,IBARAKI_KASUMIGAURA
霞ヶ浦大橋周辺,バス,36.097576,140.400947,IBARAKI_KASUMIGAURA
霞ヶ浦大橋周辺,バス,36.096901,140.400886,IBARAKI_KASUMIGAURA
霞ヶ浦大橋周辺,バス,36.095797,140.401341,IBARAKI_KASUMIGAURA
霞ヶ浦大橋周辺,バス,36.09459589,140.4021057,IBARAKI_KASUMIGAURA
霞ヶ浦大橋周辺,バス,36.09398,140.402449,IBARAKI_KASUMIGAURA
霞ヶ浦大橋周辺,バス,36.09408,140.401929,IBARAKI_KASUMIGAURA
霞ヶ浦大橋周辺,バス,36.093537,140.402422,IBARAKI_KASUMIGAURA
霞ヶ浦大橋周辺,バス,36.093819,140.402197,IBARAKI_KASUMIGAURA
霞ヶ浦大橋周辺,バス,36.093347,140.402766,IBARAKI_KASUMIGAURA
霞ヶ浦大橋周辺,バス,36.09339,140.40253,IBARAKI_KASUMIGAURA
霞ヶ浦大橋周辺,バス,36.093221,140.402696,IBARAKI_KASUMIGAURA
霞ヶ浦大橋周辺,バス,36.093169,140.403061,IBARAKI_KASUMIGAURA
霞ヶ浦大橋周辺,バス,36.093034,140.403441,IBARAKI_KASUMIGAURA
霞ヶ浦大橋周辺,マブナ,36.098046,140.401231,IBARAKI_KASUMIGAURA
霞ヶ浦大橋周辺,マブナ,36.096128,140.401284,IBARAKI_KASUMIGAURA
霞ヶ浦大橋周辺,マブナ,36.094865,140.401937,IBARAKI_KASUMIGAURA
霞ヶ浦大橋周辺,マブナ,36.094288,140.40218,IBARAKI_KASUMIGAURA
霞ヶ浦大橋周辺,ワカサギ,36.096601,140.401277,IBARAKI_KASUMIGAURA
霞ヶ浦大橋周辺,ワカサギ,36.095447,140.40152,IBARAKI_KASUMIGAURA
霞ヶ浦大橋周辺,コイ,36.095165,140.401565,IBARAKI_KASUMIGAURA
霞ヶ浦大橋周辺,コイ,36.094166,140.402407,IBARAKI_KASUMIGAURA
霞ヶ浦大橋周辺,コイ,36.096264,140.400951,IBARAKI_KASUMIGAURA
霞ヶ浦大橋周辺,コイ,36.098783,140.40111,IBARAKI_KASUMIGAURA
霞ヶ浦大橋周辺,バス,36.091003,140.409568,IBARAKI_KASUMIGAURA
霞ヶ浦大橋周辺,バス,36.091271,140.409037,IBARAKI_KASUMIGAURA
霞ヶ浦大橋周辺,バス,36.091132,140.40931,IBARAKI_KASUMIGAURA
霞ヶ浦大橋周辺,バス,36.090803,140.410034,IBARAKI_KASUMIGAURA
霞ヶ浦大橋周辺,バス,36.090586,140.410056,IBARAKI_KASUMIGAURA
霞ヶ浦大橋周辺,バス,36.090555,140.410426,IBARAKI_KASUMIGAURA
霞ヶ浦大橋周辺,バス,36.090369,140.410968,IBARAKI_KASUMIGAURA
霞ヶ浦大橋周辺,バス,36.090208,140.411145,IBARAKI_KASUMIGAURA
霞ヶ浦大橋周辺,ワカサギ,36.091037,140.409954,IBARAKI_KASUMIGAURA
霞ヶ浦大橋周辺,ワカサギ,36.090868,140.410335,IBARAKI_KASUMIGAURA
霞ヶ浦大橋周辺,マブナ,36.090651,140.410866,IBARAKI_KASUMIGAURA
霞ヶ浦大橋周辺,マブナ,36.090421,140.411499,IBARAKI_KASUMIGAURA
霞ヶ浦大橋周辺,コイ,36.090682,140.41056,IBARAKI_KASUMIGAURA
霞ヶ浦大橋周辺,コイ,36.090877,140.409777,IBARAKI_KASUMIGAURA
霞ヶ浦大橋周辺,コイ,36.08829292,140.4143742,IBARAKI_KASUMIGAURA
霞ヶ浦大橋周辺,コイ,36.087829,140.414884,IBARAKI_KASUMIGAURA
霞ヶ浦大橋周辺,マブナ,36.088132,140.414707,IBARAKI_KASUMIGAURA
霞ヶ浦大橋周辺,マブナ,36.08754729,140.4149964,IBARAKI_KASUMIGAURA
霞ヶ浦大橋周辺,バス,36.087465,140.415463,IBARAKI_KASUMIGAURA
霞ヶ浦大橋周辺,バス,36.087907,140.414675,IBARAKI_KASUMIGAURA
霞ヶ浦大橋周辺,バス,36.088528,140.414326,IBARAKI_KASUMIGAURA
霞ヶ浦大橋周辺,バス,36.08838,140.413752,IBARAKI_KASUMIGAURA
霞ヶ浦大橋周辺,バス,36.088263,140.41402,IBARAKI_KASUMIGAURA
霞ヶ浦大橋周辺,バス,36.088103,140.414192,IBARAKI_KASUMIGAURA
霞ヶ浦大橋周辺,バス,36.087834,140.414369,IBARAKI_KASUMIGAURA
霞ヶ浦大橋周辺,バス,36.087617,140.414696,IBARAKI_KASUMIGAURA
霞ヶ浦大橋周辺,バス,36.087365,140.414937,IBARAKI_KASUMIGAURA
霞ヶ浦大橋周辺,バス,36.087131,140.415238,IBARAKI_KASUMIGAURA
霞ヶ浦大橋周辺,バス,36.087135,140.415619,IBARAKI_KASUMIGAURA
霞ヶ浦大橋周辺,バス,36.086749,140.415694,IBARAKI_KASUMIGAURA
霞ヶ浦大橋周辺,バス,36.086593,140.415275,IBARAKI_KASUMIGAURA
霞ヶ浦大橋周辺,マブナ,36.082028,140.41693,IBARAKI_KASUMIGAURA
霞ヶ浦大橋周辺,マブナ,36.083772,140.416619,IBARAKI_KASUMIGAURA
霞ヶ浦大橋周辺,マブナ,36.084657,140.416383,IBARAKI_KASUMIGAURA
霞ヶ浦大橋周辺,バス,36.08411,140.416362,IBARAKI_KASUMIGAURA
霞ヶ浦大橋周辺,バス,36.084994,140.416115,IBARAKI_KASUMIGAURA
霞ヶ浦大橋周辺,バス,36.084856,140.415664,IBARAKI_KASUMIGAURA
霞ヶ浦大橋周辺,バス,36.084552,140.415836,IBARAKI_KASUMIGAURA
霞ヶ浦大橋周辺,バス,36.084205,140.416008,IBARAKI_KASUMIGAURA
霞ヶ浦大橋周辺,バス,36.083381,140.416351,IBARAKI_KASUMIGAURA
霞ヶ浦大橋周辺,バス,36.083025,140.416405,IBARAKI_KASUMIGAURA
霞ヶ浦大橋周辺,バス,36.082704,140.416394,IBARAKI_KASUMIGAURA
霞ヶ浦大橋周辺,バス,36.08266,140.416769,IBARAKI_KASUMIGAURA
霞ヶ浦大橋周辺,コイ,36.082331,140.416705,IBARAKI_KASUMIGAURA
霞ヶ浦大橋周辺,コイ,36.084397,140.416319,IBARAKI_KASUMIGAURA
霞ヶ浦大橋周辺,バス,36.069839,140.41868,IBARAKI_KASUMIGAURA
霞ヶ浦大橋周辺,バス,36.069324,140.418604,IBARAKI_KASUMIGAURA
霞ヶ浦大橋周辺,バス,36.06914,140.418809,IBARAKI_KASUMIGAURA
霞ヶ浦大橋周辺,バス,36.068821,140.418991,IBARAKI_KASUMIGAURA
霞ヶ浦大橋周辺,バス,36.068827,140.419408,IBARAKI_KASUMIGAURA
霞ヶ浦大橋周辺,バス,36.068348,140.41956,IBARAKI_KASUMIGAURA
霞ヶ浦大橋周辺,バス,36.067992,140.419757,IBARAKI_KASUMIGAURA
霞ヶ浦大橋周辺,マブナ,36.068066,140.420061,IBARAKI_KASUMIGAURA
霞ヶ浦大橋周辺,マブナ,36.068986,140.419681,IBARAKI_KASUMIGAURA
霞ヶ浦大橋周辺,コイ,36.068637,140.419704,IBARAKI_KASUMIGAURA
霞ヶ浦大橋周辺,バス,36.062443,140.424363,IBARAKI_KASUMIGAURA
霞ヶ浦大橋周辺,バス,36.062144,140.424363,IBARAKI_KASUMIGAURA
霞ヶ浦大橋周辺,バス,36.062513,140.423767,IBARAKI_KASUMIGAURA
霞ヶ浦大橋周辺,バス,36.062356,140.424003,IBARAKI_KASUMIGAURA
霞ヶ浦大橋周辺,バス,36.062508,140.423354,IBARAKI_KASUMIGAURA
霞ヶ浦大橋周辺,バス,36.062821,140.423478,IBARAKI_KASUMIGAURA
霞ヶ浦大橋周辺,バス,36.063064,140.423376,IBARAKI_KASUMIGAURA
霞ヶ浦大橋周辺,バス,36.063342,140.423156,IBARAKI_KASUMIGAURA
霞ヶ浦大橋周辺,バス,36.063402,140.422861,IBARAKI_KASUMIGAURA
霞ヶ浦大橋周辺,バス,36.063658,140.422732,IBARAKI_KASUMIGAURA
霞ヶ浦大橋周辺,マブナ,36.063389,140.423563,IBARAKI_KASUMIGAURA
霞ヶ浦大橋周辺,マブナ,36.062295,140.424609,IBARAKI_KASUMIGAURA
霞ヶ浦大橋周辺,コイ,36.062178,140.424781,IBARAKI_KASUMIGAURA
霞ヶ浦大橋周辺,コイ,36.06322,140.423633,IBARAKI_KASUMIGAURA
霞ヶ浦大橋周辺,コイ,36.05954119,140.4274879,IBARAKI_KASUMIGAURA
霞ヶ浦大橋周辺,コイ,36.06037,140.426835,IBARAKI_KASUMIGAURA
霞ヶ浦大橋周辺,バス,36.059007,140.427822,IBARAKI_KASUMIGAURA
霞ヶ浦大橋周辺,バス,36.059259,140.427708,IBARAKI_KASUMIGAURA
霞ヶ浦大橋周辺,バス,36.059062,140.427473,IBARAKI_KASUMIGAURA
霞ヶ浦大橋周辺,バス,36.059382,140.427207,IBARAKI_KASUMIGAURA
霞ヶ浦大橋周辺,バス,36.059639,140.427018,IBARAKI_KASUMIGAURA
霞ヶ浦大橋周辺,バス,36.059934,140.427184,IBARAKI_KASUMIGAURA
霞ヶ浦大橋周辺,バス,36.06018,140.427055,IBARAKI_KASUMIGAURA
霞ヶ浦大橋周辺,バス,36.060707,140.426395,IBARAKI_KASUMIGAURA
霞ヶ浦大橋周辺,バス,36.06048,140.42635,IBARAKI_KASUMIGAURA
霞ヶ浦大橋周辺,バス,36.060308,140.426547,IBARAKI_KASUMIGAURA
霞ヶ浦大橋周辺,バス,36.060099,140.426684,IBARAKI_KASUMIGAURA
霞ヶ浦大橋周辺,バス,36.059878,140.426851,IBARAKI_KASUMIGAURA
霞ヶ浦大橋周辺,マブナ,36.060627,140.426699,IBARAKI_KASUMIGAURA
霞ヶ浦大橋周辺,マブナ,36.059744,140.427404,IBARAKI_KASUMIGAURA
霞ヶ浦大橋周辺,クチボソ,36.063107,140.356235,IBARAKI_KASUMIGAURA
霞ヶ浦大橋周辺,クチボソ,36.063241,140.354947,IBARAKI_KASUMIGAURA
霞ヶ浦大橋周辺,モロコ,36.063272,140.354432,IBARAKI_KASUMIGAURA
霞ヶ浦大橋周辺,モロコ,36.063198,140.35565,IBARAKI_KASUMIGAURA
霞ヶ浦大橋北側,マブナ,36.155268,140.348983,IBARAKI_KASUMIGAURA
霞ヶ浦大橋北側,マブナ,36.150896,140.350733,IBARAKI_KASUMIGAURA
霞ヶ浦大橋北側,マブナ,36.154466,140.349314,IBARAKI_KASUMIGAURA
霞ヶ浦大橋北側,マブナ,36.1535942,140.3496777,IBARAKI_KASUMIGAURA
霞ヶ浦大橋北側,マブナ,36.152664,140.350072,IBARAKI_KASUMIGAURA
霞ヶ浦大橋北側,マブナ,36.151829,140.350376,IBARAKI_KASUMIGAURA
霞ヶ浦大橋北側,バス,36.096739,140.37675,IBARAKI_KASUMIGAURA
霞ヶ浦大橋北側,バス,36.097131,140.375648,IBARAKI_KASUMIGAURA
霞ヶ浦大橋北側,バス,36.097426,140.375418,IBARAKI_KASUMIGAURA
霞ヶ浦大橋北側,テナガエビ,36.096916,140.375893,IBARAKI_KASUMIGAURA
霞ヶ浦大橋北側,テナガエビ,36.097827,140.375056,IBARAKI_KASUMIGAURA
霞ヶ浦大橋北側,バス,36.096446,140.377008,IBARAKI_KASUMIGAURA
霞ヶ浦大橋北側,バス,36.096177,140.377319,IBARAKI_KASUMIGAURA
霞ヶ浦大橋北側,バス,36.095787,140.377459,IBARAKI_KASUMIGAURA
霞ヶ浦大橋北側,バス,36.095474,140.377759,IBARAKI_KASUMIGAURA
霞ヶ浦大橋北側,バス,36.095214,140.378113,IBARAKI_KASUMIGAURA
霞ヶ浦大橋北側,バス,36.094971,140.378467,IBARAKI_KASUMIGAURA
霞ヶ浦大橋北側,コイ,36.096678,140.376321,IBARAKI_KASUMIGAURA
霞ヶ浦大橋北側,コイ,36.097721,140.375608,IBARAKI_KASUMIGAURA
霞ヶ浦大橋北側,バス,36.098975,140.375128,IBARAKI_KASUMIGAURA
霞ヶ浦大橋北側,バス,36.099322,140.37472,IBARAKI_KASUMIGAURA
霞ヶ浦大橋北側,バス,36.09963,140.374763,IBARAKI_KASUMIGAURA
霞ヶ浦大橋北側,バス,36.100003,140.374624,IBARAKI_KASUMIGAURA
霞ヶ浦大橋北側,バス,36.099999,140.375938,IBARAKI_KASUMIGAURA
霞ヶ浦大橋北側,バス,36.10002,140.375466,IBARAKI_KASUMIGAURA
霞ヶ浦大橋北側,バス,36.100042,140.375069,IBARAKI_KASUMIGAURA
霞ヶ浦大橋北側,バス,36.099915,140.377349,IBARAKI_KASUMIGAURA
霞ヶ浦大橋北側,バス,36.100097,140.376764,IBARAKI_KASUMIGAURA
霞ヶ浦大橋北側,バス,36.100019,140.377054,IBARAKI_KASUMIGAURA
霞ヶ浦大橋北側,コイ,36.099975,140.376657,IBARAKI_KASUMIGAURA
霞ヶ浦大橋北側,コイ,36.100058,140.376228,IBARAKI_KASUMIGAURA
霞ヶ浦大橋北側,コイ,36.10046178,140.3739353,IBARAKI_KASUMIGAURA
霞ヶ浦大橋北側,テナガエビ,36.100183,140.376421,IBARAKI_KASUMIGAURA
霞ヶ浦大橋北側,マブナ,36.103018,140.370059,IBARAKI_KASUMIGAURA
霞ヶ浦大橋北側,マブナ,36.100755,140.373476,IBARAKI_KASUMIGAURA
霞ヶ浦大橋北側,マブナ,36.102228,140.371318,IBARAKI_KASUMIGAURA
霞ヶ浦大橋北側,マブナ,36.101473,140.372426,IBARAKI_KASUMIGAURA
霞ヶ浦大橋北側,マブナ,36.103304,140.369458,IBARAKI_KASUMIGAURA
霞ヶ浦大橋北側,タナゴ,36.100612,140.373717,IBARAKI_KASUMIGAURA
霞ヶ浦大橋北側,タナゴ,36.101943,140.371711,IBARAKI_KASUMIGAURA
霞ヶ浦大橋北側,タナゴ,36.103157,140.369807,IBARAKI_KASUMIGAURA
霞ヶ浦大橋北側,コイ,36.1027663,140.3704932,IBARAKI_KASUMIGAURA
霞ヶ浦大橋北側,コイ,36.101232,140.372778,IBARAKI_KASUMIGAURA
霞ヶ浦大橋北側,バス,36.100998,140.373111,IBARAKI_KASUMIGAURA
霞ヶ浦大橋北側,バス,36.101709,140.37206,IBARAKI_KASUMIGAURA
霞ヶ浦大橋北側,バス,36.102494,140.370917,IBARAKI_KASUMIGAURA
霞ヶ浦大橋北側,バス,36.103456,140.369034,IBARAKI_KASUMIGAURA
霞ヶ浦大橋北側,バス,36.101014,140.380688,IBARAKI_KASUMIGAURA
霞ヶ浦大橋北側,バス,36.100763,140.380248,IBARAKI_KASUMIGAURA
霞ヶ浦大橋北側,バス,36.101439,140.381117,IBARAKI_KASUMIGAURA
霞ヶ浦大橋北側,バス,36.101674,140.38086,IBARAKI_KASUMIGAURA
霞ヶ浦大橋北側,バス,36.102177,140.38248,IBARAKI_KASUMIGAURA
霞ヶ浦大橋北側,バス,36.102697,140.383006,IBARAKI_KASUMIGAURA
霞ヶ浦大橋北側,バス,36.103825,140.382931,IBARAKI_KASUMIGAURA
霞ヶ浦大橋北側,バス,36.10445,140.381826,IBARAKI_KASUMIGAURA
霞ヶ浦大橋北側,バス,36.105048,140.380763,IBARAKI_KASUMIGAURA
霞ヶ浦大橋北側,バス,36.105621,140.379733,IBARAKI_KASUMIGAURA
霞ヶ浦大橋北側,バス,36.106168,140.378757,IBARAKI_KASUMIGAURA
霞ヶ浦大橋北側,コイ,36.101683,140.381525,IBARAKI_KASUMIGAURA
霞ヶ浦大橋北側,コイ,36.102334,140.382941,IBARAKI_KASUMIGAURA
霞ヶ浦大橋北側,コイ,36.103435,140.383253,IBARAKI_KASUMIGAURA
霞ヶ浦大橋北側,コイ,36.10440305,140.3823562,IBARAKI_KASUMIGAURA
霞ヶ浦大橋北側,コイ,36.106064,140.379412,IBARAKI_KASUMIGAURA
霞ヶ浦大橋北側,バス,36.107092,140.376767,IBARAKI_KASUMIGAURA
霞ヶ浦大橋北側,マブナ,36.101921,140.381749,IBARAKI_KASUMIGAURA
霞ヶ浦大橋北側,マブナ,36.103154,140.383047,IBARAKI_KASUMIGAURA
霞ヶ浦大橋北側,マブナ,36.10405,140.382409,IBARAKI_KASUMIGAURA
霞ヶ浦大橋北側,マブナ,36.104722,140.381256,IBARAKI_KASUMIGAURA
霞ヶ浦大橋北側,マブナ,36.106438,140.378055,IBARAKI_KASUMIGAURA
霞ヶ浦大橋北側,コイ,36.106757,140.377398,IBARAKI_KASUMIGAURA
霞ヶ浦大橋北側,バス,36.11068435,140.3697154,IBARAKI_KASUMIGAURA
霞ヶ浦大橋北側,バス,36.11205894,140.368039,IBARAKI_KASUMIGAURA
霞ヶ浦大橋北側,バス,36.109416,140.371208,IBARAKI_KASUMIGAURA
霞ヶ浦大橋北側,テナガエビ,36.111256,140.369069,IBARAKI_KASUMIGAURA
霞ヶ浦大橋北側,テナガエビ,36.110003,140.370464,IBARAKI_KASUMIGAURA
霞ヶ浦大橋北側,テナガエビ,36.11167,140.368457,IBARAKI_KASUMIGAURA
霞ヶ浦大橋北側,テナガエビ,36.112346,140.367653,IBARAKI_KASUMIGAURA
霞ヶ浦大橋北側,マブナ,36.111452,140.368761,IBARAKI_KASUMIGAURA
霞ヶ浦大橋北側,マブナ,36.110399,140.370021,IBARAKI_KASUMIGAURA
霞ヶ浦大橋北側,マブナ,36.109796,140.370724,IBARAKI_KASUMIGAURA
霞ヶ浦大橋北側,コイ,36.10971,140.371051,IBARAKI_KASUMIGAURA
霞ヶ浦大橋北側,コイ,36.110308,140.370316,IBARAKI_KASUMIGAURA
霞ヶ浦大橋北側,コイ,36.11098,140.369356,IBARAKI_KASUMIGAURA
霞ヶ浦大橋北側,テナガエビ,36.1049768,140.3966179,IBARAKI_KASUMIGAURA
霞ヶ浦大橋北側,テナガエビ,36.10424001,140.3977123,IBARAKI_KASUMIGAURA
霞ヶ浦大橋北側,テナガエビ,36.1045477,140.3972188,IBARAKI_KASUMIGAURA
霞ヶ浦大橋北側,バス,36.149136,140.357215,IBARAKI_KASUMIGAURA
霞ヶ浦大橋北側,バス,36.148915,140.357905,IBARAKI_KASUMIGAURA
霞ヶ浦大橋北側,バス,36.148664,140.355971,IBARAKI_KASUMIGAURA
霞ヶ浦大橋北側,バス,36.148308,140.355341,IBARAKI_KASUMIGAURA
霞ヶ浦大橋北側,バス,36.148927,140.356631,IBARAKI_KASUMIGAURA
霞ヶ浦大橋北側,バス,36.15016,140.357291,IBARAKI_KASUMIGAURA
霞ヶ浦大橋北側,バス,36.151435,140.357131,IBARAKI_KASUMIGAURA
霞ヶ浦大橋北側,バス,36.152897,140.357207,IBARAKI_KASUMIGAURA
霞ヶ浦大橋北側,バス,36.154319,140.357522,IBARAKI_KASUMIGAURA
霞ヶ浦大橋北側,マブナ,36.149346,140.3572,IBARAKI_KASUMIGAURA
霞ヶ浦大橋北側,マブナ,36.149042,140.356932,IBARAKI_KASUMIGAURA
霞ヶ浦大橋北側,マブナ,36.148544,140.355795,IBARAKI_KASUMIGAURA
霞ヶ浦大橋北側,コイ,36.14838,140.355666,IBARAKI_KASUMIGAURA
霞ヶ浦大橋北側,コイ,36.148735,140.356342,IBARAKI_KASUMIGAURA
霞ヶ浦大橋北側,コイ,36.148969,140.357479,IBARAKI_KASUMIGAURA
霞ヶ浦大橋北側,バス,36.163966,140.354021,IBARAKI_KASUMIGAURA
霞ヶ浦大橋北側,バス,36.162783,140.353808,IBARAKI_KASUMIGAURA
霞ヶ浦大橋北側,バス,36.162433,140.354006,IBARAKI_KASUMIGAURA
霞ヶ浦大橋北側,バス,36.162219,140.35434,IBARAKI_KASUMIGAURA
霞ヶ浦大橋北側,バス,36.161288,140.355091,IBARAKI_KASUMIGAURA
霞ヶ浦大橋北側,バス,36.164618,140.354027,IBARAKI_KASUMIGAURA
霞ヶ浦大橋北側,マブナ,36.165008,140.35392,IBARAKI_KASUMIGAURA
霞ヶ浦大橋北側,マブナ,36.163144,140.353705,IBARAKI_KASUMIGAURA
霞ヶ浦大橋北側,マブナ,36.161766,140.354703,IBARAKI_KASUMIGAURA
霞ヶ浦大橋北側,ヘラブナ,36.161957,140.354553,IBARAKI_KASUMIGAURA
霞ヶ浦大橋北側,ヘラブナ,36.163353,140.353705,IBARAKI_KASUMIGAURA
霞ヶ浦大橋北側,コイ,36.163587,140.353834,IBARAKI_KASUMIGAURA
霞ヶ浦大橋北側,コイ,36.161627,140.354843,IBARAKI_KASUMIGAURA
霞ヶ浦大橋北側,バス,36.169148,140.35204,IBARAKI_KASUMIGAURA
霞ヶ浦大橋北側,バス,36.168195,140.352522,IBARAKI_KASUMIGAURA
霞ヶ浦大橋北側,バス,36.170482,140.351053,IBARAKI_KASUMIGAURA
霞ヶ浦大橋北側,バス,36.167459,140.352828,IBARAKI_KASUMIGAURA
霞ヶ浦大橋北側,バス,36.166987,140.353075,IBARAKI_KASUMIGAURA
霞ヶ浦大橋北側,バス,36.166623,140.353129,IBARAKI_KASUMIGAURA
霞ヶ浦大橋北側,バス,36.167255,140.352978,IBARAKI_KASUMIGAURA
霞ヶ浦大橋北側,バス,36.166372,140.353306,IBARAKI_KASUMIGAURA
霞ヶ浦大橋北側,ヘラブナ,36.16598,140.353444,IBARAKI_KASUMIGAURA
霞ヶ浦大橋北側,ヘラブナ,36.169369,140.351867,IBARAKI_KASUMIGAURA
霞ヶ浦大橋北側,コイ,36.169961,140.351457,IBARAKI_KASUMIGAURA
霞ヶ浦大橋北側,コイ,36.168711,140.352276,IBARAKI_KASUMIGAURA
霞ヶ浦大橋北側,コイ,36.167774,140.352708,IBARAKI_KASUMIGAURA
霞ヶ浦大橋北側,コイ,36.166182,140.353368,IBARAKI_KASUMIGAURA
霞ヶ浦大橋北側,バス,36.149338,140.364232,IBARAKI_KASUMIGAURA
霞ヶ浦大橋北側,バス,36.149184,140.366023,IBARAKI_KASUMIGAURA
霞ヶ浦大橋北側,バス,36.149153,140.363117,IBARAKI_KASUMIGAURA
霞ヶ浦大橋北側,バス,36.149055,140.362889,IBARAKI_KASUMIGAURA
霞ヶ浦大橋北側,バス,36.149092,140.362639,IBARAKI_KASUMIGAURA
霞ヶ浦大橋北側,バス,36.14947169,140.3616984,IBARAKI_KASUMIGAURA
霞ヶ浦大橋北側,バス,36.149442,140.362161,IBARAKI_KASUMIGAURA
霞ヶ浦大橋北側,マブナ,36.149447,140.361941,IBARAKI_KASUMIGAURA
霞ヶ浦大橋北側,マブナ,36.149257,140.362434,IBARAKI_KASUMIGAURA
霞ヶ浦大橋北側,マブナ,36.149417,140.363959,IBARAKI_KASUMIGAURA
霞ヶ浦大橋北側,ヘラブナ,36.149478,140.363716,IBARAKI_KASUMIGAURA
霞ヶ浦大橋北側,コイ,36.149233,140.362161,IBARAKI_KASUMIGAURA
霞ヶ浦大橋北側,コイ,36.149313,140.361835,IBARAKI_KASUMIGAURA
霞ヶ浦大橋北側,コイ,36.149337,140.36339,IBARAKI_KASUMIGAURA
霞ヶ浦大橋北側,コイ,36.149029,140.366153,IBARAKI_KASUMIGAURA
霞ヶ浦大橋北側,バス,36.146661,140.370059,IBARAKI_KASUMIGAURA
霞ヶ浦大橋北側,バス,36.146453,140.37037,IBARAKI_KASUMIGAURA
霞ヶ浦大橋北側,バス,36.14624,140.370053,IBARAKI_KASUMIGAURA
霞ヶ浦大橋北側,バス,36.146418,140.369855,IBARAKI_KASUMIGAURA
霞ヶ浦大橋北側,バス,36.14621,140.369603,IBARAKI_KASUMIGAURA
霞ヶ浦大橋北側,バス,36.146062,140.369823,IBARAKI_KASUMIGAURA
霞ヶ浦大橋北側,バス,36.146309,140.370284,IBARAKI_KASUMIGAURA
霞ヶ浦大橋北側,バス,36.147519,140.369882,IBARAKI_KASUMIGAURA
霞ヶ浦大橋北側,バス,36.146071,140.371893,IBARAKI_KASUMIGAURA
霞ヶ浦大橋北側,マブナ,36.146443,140.371293,IBARAKI_KASUMIGAURA
霞ヶ浦大橋北側,ヘラブナ,36.146651,140.370928,IBARAKI_KASUMIGAURA
霞ヶ浦大橋北側,ヘラブナ,36.147237,140.370198,IBARAKI_KASUMIGAURA
霞ヶ浦大橋北側,コイ,36.147298,140.36986,IBARAKI_KASUMIGAURA
霞ヶ浦大橋北側,コイ,36.146184,140.371471,IBARAKI_KASUMIGAURA
霞ヶ浦大橋北側,バス,36.139872,140.379275,IBARAKI_KASUMIGAURA
霞ヶ浦大橋北側,バス,36.140223,140.37861,IBARAKI_KASUMIGAURA
霞ヶ浦大橋北側,バス,36.140084,140.378915,IBARAKI_KASUMIGAURA
霞ヶ浦大橋北側,バス,36.139196,140.381045,IBARAKI_KASUMIGAURA
霞ヶ浦大橋北側,バス,36.140864,140.378363,IBARAKI_KASUMIGAURA
霞ヶ浦大橋北側,バス,36.141293,140.377692,IBARAKI_KASUMIGAURA
霞ヶ浦大橋北側,バス,36.141636,140.377145,IBARAKI_KASUMIGAURA
霞ヶ浦大橋北側,マブナ,36.139408,140.380745,IBARAKI_KASUMIGAURA
霞ヶ浦大橋北側,マブナ,36.141042,140.378089,IBARAKI_KASUMIGAURA
霞ヶ浦大橋北側,ヘラブナ,36.141484,140.377413,IBARAKI_KASUMIGAURA
霞ヶ浦大橋北側,ヘラブナ,36.141783,140.376914,IBARAKI_KASUMIGAURA
霞ヶ浦大橋北側,ヘラブナ,36.140669,140.378706,IBARAKI_KASUMIGAURA
霞ヶ浦大橋北側,ヘラブナ,36.139954,140.379854,IBARAKI_KASUMIGAURA
霞ヶ浦大橋北側,コイ,36.139663,140.380219,IBARAKI_KASUMIGAURA
霞ヶ浦大橋北側,コイ,36.141068,140.377762,IBARAKI_KASUMIGAURA
霞ヶ浦大橋北側,コイ,36.141458,140.37715,IBARAKI_KASUMIGAURA
霞ヶ浦大橋北側,バス,36.127056,140.390798,IBARAKI_KASUMIGAURA
霞ヶ浦大橋北側,バス,36.127382,140.390352,IBARAKI_KASUMIGAURA
霞ヶ浦大橋北側,バス,36.125565,140.392795,IBARAKI_KASUMIGAURA
霞ヶ浦大橋北側,バス,36.126714,140.391267,IBARAKI_KASUMIGAURA
霞ヶ浦大橋北側,バス,36.126245,140.391986,IBARAKI_KASUMIGAURA
霞ヶ浦大橋北側,バス,36.12831,140.389003,IBARAKI_KASUMIGAURA
霞ヶ浦大橋北側,バス,36.128483,140.388456,IBARAKI_KASUMIGAURA
霞ヶ浦大橋北側,バス,36.128587,140.388156,IBARAKI_KASUMIGAURA
霞ヶ浦大橋北側,バス,36.128683,140.387737,IBARAKI_KASUMIGAURA
霞ヶ浦大橋北側,バス,36.128821,140.387372,IBARAKI_KASUMIGAURA
霞ヶ浦大橋北側,バス,36.129003,140.387083,IBARAKI_KASUMIGAURA
霞ヶ浦大橋北側,バス,36.12942,140.386836,IBARAKI_KASUMIGAURA
霞ヶ浦大橋北側,ヘラブナ,36.129203,140.386922,IBARAKI_KASUMIGAURA
霞ヶ浦大橋北側,ヘラブナ,36.128265,140.38984,IBARAKI_KASUMIGAURA
霞ヶ浦大橋北側,ヘラブナ,36.12537,140.393509,IBARAKI_KASUMIGAURA
霞ヶ浦大橋北側,マブナ,36.127876,140.390441,IBARAKI_KASUMIGAURA
霞ヶ浦大橋北側,コイ,36.12791,140.389711,IBARAKI_KASUMIGAURA
霞ヶ浦大橋北側,バス,36.119443,140.396242,IBARAKI_KASUMIGAURA
霞ヶ浦大橋北側,バス,36.119486,140.395904,IBARAKI_KASUMIGAURA
霞ヶ浦大橋北側,バス,36.119699,140.396076,IBARAKI_KASUMIGAURA
霞ヶ浦大橋北側,バス,36.119833,140.396269,IBARAKI_KASUMIGAURA
霞ヶ浦大橋北側,バス,36.120501,140.396167,IBARAKI_KASUMIGAURA
霞ヶ浦大橋北側,バス,36.120996,140.39598,IBARAKI_KASUMIGAURA
霞ヶ浦大橋北側,バス,36.11861,140.397218,IBARAKI_KASUMIGAURA
霞ヶ浦大橋北側,バス,36.118101,140.397529,IBARAKI_KASUMIGAURA
霞ヶ浦大橋北側,バス,36.117439,140.397931,IBARAKI_KASUMIGAURA
霞ヶ浦大橋北側,マブナ,36.117886,140.39762,IBARAKI_KASUMIGAURA
霞ヶ浦大橋北側,マブナ,36.118371,140.397355,IBARAKI_KASUMIGAURA
霞ヶ浦大橋北側,マブナ,36.119125,140.396907,IBARAKI_KASUMIGAURA
霞ヶ浦大橋北側,マブナ,36.120168,140.39627,IBARAKI_KASUMIGAURA
霞ヶ浦大橋北側,マブナ,36.120757,140.396088,IBARAKI_KASUMIGAURA
霞ヶ浦大橋北側,コイ,36.120646,140.395807,IBARAKI_KASUMIGAURA
霞ヶ浦大橋北側,コイ,36.119984,140.395981,IBARAKI_KASUMIGAURA
霞ヶ浦大橋北側,コイ,36.118849,140.39693,IBARAKI_KASUMIGAURA
霞ヶ浦大橋北側,コイ,36.118131,140.397112,IBARAKI_KASUMIGAURA
霞ヶ浦大橋北側,コイ,36.117561,140.397499,IBARAKI_KASUMIGAURA
霞ヶ浦大橋北側,バス,36.10796,140.396288,IBARAKI_KASUMIGAURA
霞ヶ浦大橋北側,バス,36.107439,140.396116,IBARAKI_KASUMIGAURA
霞ヶ浦大橋北側,バス,36.107708,140.396202,IBARAKI_KASUMIGAURA
霞ヶ浦大橋北側,バス,36.108376,140.396857,IBARAKI_KASUMIGAURA
霞ヶ浦大橋北側,バス,36.109252,140.397275,IBARAKI_KASUMIGAURA
霞ヶ浦大橋北側,バス,36.106537,140.396473,IBARAKI_KASUMIGAURA
霞ヶ浦大橋北側,バス,36.10608627,140.3967199,IBARAKI_KASUMIGAURA
霞ヶ浦大橋北側,バス,36.10542746,140.39628,IBARAKI_KASUMIGAURA
霞ヶ浦大橋北側,バス,36.104764,140.396854,IBARAKI_KASUMIGAURA
霞ヶ浦大橋北側,マブナ,36.10782,140.396653,IBARAKI_KASUMIGAURA
霞ヶ浦大橋北側,マブナ,36.108739,140.396921,IBARAKI_KASUMIGAURA
霞ヶ浦大橋北側,マブナ,36.106927,140.396363,IBARAKI_KASUMIGAURA
霞ヶ浦大橋北側,マブナ,36.106355,140.396621,IBARAKI_KASUMIGAURA
霞ヶ浦大橋北側,マブナ,36.105643,140.396642,IBARAKI_KASUMIGAURA
霞ヶ浦大橋北側,マブナ,36.105218,140.396406,IBARAKI_KASUMIGAURA
霞ヶ浦大橋北側,コイ,36.105878,140.396503,IBARAKI_KASUMIGAURA
霞ヶ浦大橋北側,コイ,36.106797,140.396084,IBARAKI_KASUMIGAURA
霞ヶ浦大橋北側,コイ,36.106346,140.396234,IBARAKI_KASUMIGAURA
霞ヶ浦大橋北側,コイ,36.109079,140.396878,IBARAKI_KASUMIGAURA
霞ヶ浦大橋北側,コイ,36.108168,140.396567,IBARAKI_KASUMIGAURA
霞ヶ浦大橋北側,コイ,36.104994,140.39617,IBARAKI_KASUMIGAURA
霞ヶ浦大橋北側,コイ,36.104171,140.398144,IBARAKI_KASUMIGAURA
霞ヶ浦大橋北側,コイ,36.10365,140.398359,IBARAKI_KASUMIGAURA
霞ヶ浦大橋北側,バス,36.104379,140.397522,IBARAKI_KASUMIGAURA
霞ヶ浦大橋北側,バス,36.102904,140.399925,IBARAKI_KASUMIGAURA
霞ヶ浦大橋北側,バス,36.103503,140.399078,IBARAKI_KASUMIGAURA
霞ヶ浦大橋北側,バス,36.102333,140.400859,IBARAKI_KASUMIGAURA
霞ヶ浦大橋北側,マブナ,36.102749,140.400258,IBARAKI_KASUMIGAURA
霞ヶ浦大橋北側,マブナ,36.103244,140.399496,IBARAKI_KASUMIGAURA
霞ヶ浦大橋北側,マブナ,36.104016,140.398369,IBARAKI_KASUMIGAURA
霞ヶ浦大橋北側,コイ,36.102506,140.400462,IBARAKI_KASUMIGAURA
霞ヶ浦大橋北側,コイ,36.102593,140.399829,IBARAKI_KASUMIGAURA
霞ヶ浦大橋北側,コイ,36.103235,140.399045,IBARAKI_KASUMIGAURA
霞ヶ浦大橋北側,コイ,36.104302,140.397103,IBARAKI_KASUMIGAURA
霞ヶ浦大橋北側,テナガエビ,36.100155,140.374322,IBARAKI_KASUMIGAURA
霞ヶ浦大橋北側,タナゴ,36.100317,140.374136,IBARAKI_KASUMIGAURA
霞ヶ浦東岸,バス,36.049918,140.437752,IBARAKI_KASUMIGAURA
霞ヶ浦東岸,バス,36.049937,140.437305,IBARAKI_KASUMIGAURA
霞ヶ浦東岸,バス,36.050158,140.436637,IBARAKI_KASUMIGAURA
霞ヶ浦東岸,バス,36.050446,140.436387,IBARAKI_KASUMIGAURA
霞ヶ浦東岸,バス,36.050753,140.436083,IBARAKI_KASUMIGAURA
霞ヶ浦東岸,バス,36.051287,140.436288,IBARAKI_KASUMIGAURA
霞ヶ浦東岸,バス,36.05144,140.436007,IBARAKI_KASUMIGAURA
霞ヶ浦東岸,バス,36.051643,140.435818,IBARAKI_KASUMIGAURA
霞ヶ浦東岸,バス,36.051815,140.435992,IBARAKI_KASUMIGAURA
霞ヶ浦東岸,バス,36.051925,140.435575,IBARAKI_KASUMIGAURA
霞ヶ浦東岸,バス,36.05214,140.435347,IBARAKI_KASUMIGAURA
霞ヶ浦東岸,マブナ,36.050108,140.437555,IBARAKI_KASUMIGAURA
霞ヶ浦東岸,マブナ,36.05133,140.436599,IBARAKI_KASUMIGAURA
霞ヶ浦東岸,マブナ,36.051637,140.436182,IBARAKI_KASUMIGAURA
霞ヶ浦東岸,マブナ,36.052219,140.435719,IBARAKI_KASUMIGAURA
霞ヶ浦東岸,コイ,36.051912,140.43581,IBARAKI_KASUMIGAURA
霞ヶ浦東岸,コイ,36.05101,140.436447,IBARAKI_KASUMIGAURA
霞ヶ浦東岸,ワカサギ,36.05112,140.436705,IBARAKI_KASUMIGAURA
霞ヶ浦東岸,バス,36.045356,140.440848,IBARAKI_KASUMIGAURA
霞ヶ浦東岸,バス,36.045946,140.439903,IBARAKI_KASUMIGAURA
霞ヶ浦東岸,バス,36.045659,140.44022,IBARAKI_KASUMIGAURA
霞ヶ浦東岸,バス,36.046193,140.439678,IBARAKI_KASUMIGAURA
霞ヶ浦東岸,バス,36.047074,140.439523,IBARAKI_KASUMIGAURA
霞ヶ浦東岸,バス,36.046544,140.439882,IBARAKI_KASUMIGAURA
霞ヶ浦東岸,バス,36.046813,140.439721,IBARAKI_KASUMIGAURA
霞ヶ浦東岸,バス,36.047317,140.439356,IBARAKI_KASUMIGAURA
霞ヶ浦東岸,バス,36.047599,140.439201,IBARAKI_KASUMIGAURA
霞ヶ浦東岸,バス,36.048137,140.439008,IBARAKI_KASUMIGAURA
霞ヶ浦東岸,マブナ,36.048002,140.439405,IBARAKI_KASUMIGAURA
霞ヶ浦東岸,コイ,36.048098,140.439238,IBARAKI_KASUMIGAURA
霞ヶ浦東岸,テナガエビ,36.02831831,140.4518935,IBARAKI_KASUMIGAURA
霞ヶ浦東岸,テナガエビ,36.02566187,140.4533235,IBARAKI_KASUMIGAURA
霞ヶ浦東岸,バス,36.035682,140.447068,IBARAKI_KASUMIGAURA
霞ヶ浦東岸,バス,36.035467,140.447478,IBARAKI_KASUMIGAURA
霞ヶ浦東岸,バス,36.035553,140.447835,IBARAKI_KASUMIGAURA
霞ヶ浦東岸,バス,36.035682,140.447584,IBARAKI_KASUMIGAURA
霞ヶ浦東岸,バス,36.035909,140.446932,IBARAKI_KASUMIGAURA
霞ヶ浦東岸,バス,36.036026,140.446583,IBARAKI_KASUMIGAURA
霞ヶ浦東岸,バス,36.035257,140.447721,IBARAKI_KASUMIGAURA
霞ヶ浦東岸,バス,36.035141,140.448032,IBARAKI_KASUMIGAURA
霞ヶ浦東岸,バス,36.034711,140.448958,IBARAKI_KASUMIGAURA
霞ヶ浦東岸,バス,36.034336,140.4492,IBARAKI_KASUMIGAURA
霞ヶ浦東岸,バス,36.034238,140.448866,IBARAKI_KASUMIGAURA
霞ヶ浦東岸,バス,36.034484,140.448624,IBARAKI_KASUMIGAURA
霞ヶ浦東岸,マブナ,36.034944,140.44876,IBARAKI_KASUMIGAURA
霞ヶ浦東岸,コイ,36.034877,140.448358,IBARAKI_KASUMIGAURA
霞ヶ浦東岸,テナガエビ,36.029491,140.452341,IBARAKI_KASUMIGAURA
霞ヶ浦東岸,ワカサギ,36.029534,140.451863,IBARAKI_KASUMIGAURA
霞ヶ浦東岸,ワカサギ,36.029264,140.451567,IBARAKI_KASUMIGAURA
霞ヶ浦東岸,ワカサギ,36.02845939,140.4516734,IBARAKI_KASUMIGAURA
霞ヶ浦東岸,ワカサギ,36.02599313,140.4527166,IBARAKI_KASUMIGAURA
霞ヶ浦東岸,マブナ,36.028675,140.451711,IBARAKI_KASUMIGAURA
霞ヶ浦東岸,マブナ,36.02639842,140.4528228,IBARAKI_KASUMIGAURA
霞ヶ浦東岸,マブナ,36.024973,140.453794,IBARAKI_KASUMIGAURA
霞ヶ浦東岸,マブナ,36.02695,140.452535,IBARAKI_KASUMIGAURA
霞ヶ浦東岸,マブナ,36.029763,140.452975,IBARAKI_KASUMIGAURA
霞ヶ浦東岸,マブナ,36.03034,140.453157,IBARAKI_KASUMIGAURA
霞ヶ浦東岸,バス,36.030364,140.452322,IBARAKI_KASUMIGAURA
霞ヶ浦東岸,バス,36.029763,140.452504,IBARAKI_KASUMIGAURA
霞ヶ浦東岸,バス,36.028963,140.451503,IBARAKI_KASUMIGAURA
霞ヶ浦東岸,バス,36.027723,140.452201,IBARAKI_KASUMIGAURA
霞ヶ浦東岸,バス,36.024422,140.454188,IBARAKI_KASUMIGAURA
霞ヶ浦東岸,コイ,36.025221,140.453157,IBARAKI_KASUMIGAURA
霞ヶ浦東岸,コイ,36.027269,140.451882,IBARAKI_KASUMIGAURA
霞ヶ浦東岸,コイ,36.02909931,140.4510476,IBARAKI_KASUMIGAURA
霞ヶ浦東岸,マブナ,36.031506,140.452403,IBARAKI_KASUMIGAURA
霞ヶ浦東岸,マブナ,36.030737,140.452864,IBARAKI_KASUMIGAURA
霞ヶ浦東岸,マブナ,36.031679,140.451743,IBARAKI_KASUMIGAURA
霞ヶ浦東岸,マブナ,36.033176,140.450627,IBARAKI_KASUMIGAURA
霞ヶ浦東岸,コイ,36.033259,140.450375,IBARAKI_KASUMIGAURA
霞ヶ浦東岸,コイ,36.031293,140.452467,IBARAKI_KASUMIGAURA
霞ヶ浦東岸,コイ,36.031714,140.451458,IBARAKI_KASUMIGAURA
霞ヶ浦東岸,バス,36.030906,140.45229,IBARAKI_KASUMIGAURA
霞ヶ浦東岸,バス,36.03141,140.452048,IBARAKI_KASUMIGAURA
霞ヶ浦東岸,バス,36.03210372,140.4512599,IBARAKI_KASUMIGAURA
霞ヶ浦東岸,バス,36.032121,140.450911,IBARAKI_KASUMIGAURA
霞ヶ浦東岸,バス,36.03236,140.450691,IBARAKI_KASUMIGAURA
霞ヶ浦東岸,バス,36.032681,140.450579,IBARAKI_KASUMIGAURA
霞ヶ浦東岸,バス,36.032894,140.450396,IBARAKI_KASUMIGAURA
霞ヶ浦東岸,バス,36.032989,140.450654,IBARAKI_KASUMIGAURA
霞ヶ浦東岸,バス,36.033042,140.449972,IBARAKI_KASUMIGAURA
霞ヶ浦東岸,バス,36.033215,140.449785,IBARAKI_KASUMIGAURA
霞ヶ浦東岸,ワカサギ,36.029915,140.453373,IBARAKI_KASUMIGAURA
霞ヶ浦東岸,テナガエビ,36.01224195,140.46168,IBARAKI_KASUMIGAURA
霞ヶ浦東岸,マブナ,36.01303387,140.4647449,IBARAKI_KASUMIGAURA
霞ヶ浦東岸,マブナ,36.01277609,140.464358,IBARAKI_KASUMIGAURA
霞ヶ浦東岸,マブナ,36.01237101,140.4632276,IBARAKI_KASUMIGAURA
霞ヶ浦東岸,マブナ,36.012126,140.465541,IBARAKI_KASUMIGAURA
霞ヶ浦東岸,バス,36.011978,140.46564,IBARAKI_KASUMIGAURA
霞ヶ浦東岸,バス,36.011984,140.465284,IBARAKI_KASUMIGAURA
霞ヶ浦東岸,バス,36.011751,140.465124,IBARAKI_KASUMIGAURA
霞ヶ浦東岸,バス,36.011954,140.464859,IBARAKI_KASUMIGAURA
霞ヶ浦東岸,バス,36.012267,140.464775,IBARAKI_KASUMIGAURA
霞ヶ浦東岸,バス,36.01256711,140.4645856,IBARAKI_KASUMIGAURA
霞ヶ浦東岸,バス,36.012936,140.464517,IBARAKI_KASUMIGAURA
霞ヶ浦東岸,バス,36.012678,140.463956,IBARAKI_KASUMIGAURA
霞ヶ浦東岸,バス,36.01218692,140.4627876,IBARAKI_KASUMIGAURA
霞ヶ浦東岸,マブナ,36.012021,140.462363,IBARAKI_KASUMIGAURA
霞ヶ浦東岸,ワカサギ,36.01253708,140.4636069,IBARAKI_KASUMIGAURA
霞ヶ浦東岸,コイ,36.012549,140.464199,IBARAKI_KASUMIGAURA
霞ヶ浦東岸,コイ,36.01215,140.463144,IBARAKI_KASUMIGAURA
霞ヶ浦東岸,ワカサギ,36.0118986,140.4620365,IBARAKI_KASUMIGAURA
霞ヶ浦東岸,テナガエビ,36.01338386,140.4610275,IBARAKI_KASUMIGAURA
霞ヶ浦東岸,テナガエビ,36.015102,140.460011,IBARAKI_KASUMIGAURA
霞ヶ浦東岸,ワカサギ,36.01623683,140.4592295,IBARAKI_KASUMIGAURA
霞ヶ浦東岸,マブナ,36.01569692,140.459624,IBARAKI_KASUMIGAURA
霞ヶ浦東岸,マブナ,36.013891,140.460728,IBARAKI_KASUMIGAURA
霞ヶ浦東岸,マブナ,36.012665,140.46149,IBARAKI_KASUMIGAURA
霞ヶ浦東岸,バス,36.013022,140.461156,IBARAKI_KASUMIGAURA
霞ヶ浦東岸,バス,36.014544,140.460365,IBARAKI_KASUMIGAURA
霞ヶ浦東岸,バス,36.01687463,140.4588312,IBARAKI_KASUMIGAURA
霞ヶ浦東岸,コイ,36.016433,140.458719,IBARAKI_KASUMIGAURA
霞ヶ浦東岸,コイ,36.014124,140.46021,IBARAKI_KASUMIGAURA
霞ヶ浦東岸,コイ,36.01196635,140.4614827,IBARAKI_KASUMIGAURA
霞ヶ浦東岸,コイ,36.01178211,140.4623855,IBARAKI_KASUMIGAURA
霞ヶ浦東岸,バス,36.007331,140.467388,IBARAKI_KASUMIGAURA
霞ヶ浦東岸,バス,36.007522,140.466841,IBARAKI_KASUMIGAURA
霞ヶ浦東岸,バス,36.007869,140.466744,IBARAKI_KASUMIGAURA
霞ヶ浦東岸,バス,36.007113,140.466895,IBARAKI_KASUMIGAURA
霞ヶ浦東岸,バス,36.007305,140.466712,IBARAKI_KASUMIGAURA
霞ヶ浦東岸,バス,36.00687,140.46697,IBARAKI_KASUMIGAURA
霞ヶ浦東岸,バス,36.005889,140.467656,IBARAKI_KASUMIGAURA
霞ヶ浦東岸,バス,36.006141,140.467495,IBARAKI_KASUMIGAURA
霞ヶ浦東岸,バス,36.005732,140.467806,IBARAKI_KASUMIGAURA
霞ヶ浦東岸,バス,36.006826,140.467313,IBARAKI_KASUMIGAURA
霞ヶ浦東岸,バス,36.006522,140.467399,IBARAKI_KASUMIGAURA
霞ヶ浦東岸,コイ,36.005784,140.468075,IBARAKI_KASUMIGAURA
霞ヶ浦東岸,マブナ,36.007191,140.467603,IBARAKI_KASUMIGAURA
霞ヶ浦東岸,マブナ,36.007547,140.467377,IBARAKI_KASUMIGAURA
霞ヶ浦東岸,バス,35.983672,140.483521,IBARAKI_KASUMIGAURA
霞ヶ浦東岸,バス,35.983439,140.482884,IBARAKI_KASUMIGAURA
霞ヶ浦東岸,バス,35.983414,140.482065,IBARAKI_KASUMIGAURA
霞ヶ浦東岸,バス,35.98326,140.481921,IBARAKI_KASUMIGAURA
霞ヶ浦東岸,バス,35.98395288,140.4805845,IBARAKI_KASUMIGAURA
霞ヶ浦東岸,バス,35.984993,140.481685,IBARAKI_KASUMIGAURA
霞ヶ浦東岸,マブナ,35.9837792,140.4815179,IBARAKI_KASUMIGAURA
霞ヶ浦東岸,マブナ,35.98396589,140.4819737,IBARAKI_KASUMIGAURA
霞ヶ浦東岸,マブナ,35.98455,140.481693,IBARAKI_KASUMIGAURA
霞ヶ浦東岸,コイ,35.98354206,140.4824288,IBARAKI_KASUMIGAURA
霞ヶ浦東岸,コイ,35.983591,140.481663,IBARAKI_KASUMIGAURA
霞ヶ浦東岸,コイ,35.983579,140.480767,IBARAKI_KASUMIGAURA
霞ヶ浦東岸,ワカサギ,35.983862,140.481094,IBARAKI_KASUMIGAURA
霞ヶ浦東岸,ワカサギ,35.983861,140.482315,IBARAKI_KASUMIGAURA
霞ヶ浦東岸,バス,35.982434,140.490302,IBARAKI_KASUMIGAURA
霞ヶ浦東岸,バス,35.982191,140.490318,IBARAKI_KASUMIGAURA
霞ヶ浦東岸,バス,35.981956,140.490822,IBARAKI_KASUMIGAURA
霞ヶ浦東岸,バス,35.982078,140.490565,IBARAKI_KASUMIGAURA
霞ヶ浦東岸,バス,35.98233,140.490109,IBARAKI_KASUMIGAURA
霞ヶ浦東岸,バス,35.982447,140.489878,IBARAKI_KASUMIGAURA
霞ヶ浦東岸,バス,35.982569,140.489615,IBARAKI_KASUMIGAURA
霞ヶ浦東岸,バス,35.982669,140.489358,IBARAKI_KASUMIGAURA
霞ヶ浦東岸,バス,35.982751,140.489117,IBARAKI_KASUMIGAURA
霞ヶ浦東岸,バス,35.982842,140.488864,IBARAKI_KASUMIGAURA
霞ヶ浦東岸,マブナ,35.982534,140.490179,IBARAKI_KASUMIGAURA
霞ヶ浦東岸,マブナ,35.981874,140.491568,IBARAKI_KASUMIGAURA
霞ヶ浦東岸,コイ,35.981982,140.491198,IBARAKI_KASUMIGAURA
霞ヶ浦東岸,バス,35.975888,140.499212,IBARAKI_KASUMIGAURA
霞ヶ浦東岸,バス,35.975931,140.498504,IBARAKI_KASUMIGAURA
霞ヶ浦東岸,バス,35.976179,140.498526,IBARAKI_KASUMIGAURA
霞ヶ浦東岸,バス,35.9766,140.498515,IBARAKI_KASUMIGAURA
霞ヶ浦東岸,バス,35.977446,140.49792,IBARAKI_KASUMIGAURA
霞ヶ浦東岸,マブナ,35.976048,140.499073,IBARAKI_KASUMIGAURA
霞ヶ浦東岸,マブナ,35.976865,140.498027,IBARAKI_KASUMIGAURA
霞ヶ浦東岸,コイ,35.977082,140.497791,IBARAKI_KASUMIGAURA
霞ヶ浦東岸,コイ,35.97683,140.4983,IBARAKI_KASUMIGAURA
霞ヶ浦東岸,コイ,35.975874,140.498955,IBARAKI_KASUMIGAURA
霞ヶ浦東岸,バス,35.998937,140.469941,IBARAKI_KASUMIGAURA
霞ヶ浦東岸,バス,35.999666,140.469598,IBARAKI_KASUMIGAURA
霞ヶ浦東岸,バス,35.99944,140.469802,IBARAKI_KASUMIGAURA
霞ヶ浦東岸,バス,35.999223,140.469888,IBARAKI_KASUMIGAURA
霞ヶ浦東岸,バス,35.99984,140.46933,IBARAKI_KASUMIGAURA
霞ヶ浦東岸,バス,36.000309,140.469695,IBARAKI_KASUMIGAURA
霞ヶ浦東岸,バス,36.000049,140.469534,IBARAKI_KASUMIGAURA
霞ヶ浦東岸,バス,35.999283,140.47021,IBARAKI_KASUMIGAURA
霞ヶ浦東岸,バス,35.99970839,140.470317,IBARAKI_KASUMIGAURA
霞ヶ浦東岸,バス,36.000282,140.47022,IBARAKI_KASUMIGAURA
霞ヶ浦東岸,バス,35.99838891,140.4706818,IBARAKI_KASUMIGAURA
霞ヶ浦東岸,バス,35.998354,140.470317,IBARAKI_KASUMIGAURA
霞ヶ浦東岸,バス,35.99812,140.470392,IBARAKI_KASUMIGAURA
霞ヶ浦東岸,バス,35.997842,140.470521,IBARAKI_KASUMIGAURA
霞ヶ浦東岸,バス,35.997538,140.470886,IBARAKI_KASUMIGAURA
霞ヶ浦東岸,バス,35.997156,140.470811,IBARAKI_KASUMIGAURA
霞ヶ浦東岸,マブナ,35.998719,140.470574,IBARAKI_KASUMIGAURA
霞ヶ浦東岸,マブナ,35.999979,140.470274,IBARAKI_KASUMIGAURA
霞ヶ浦東岸,マブナ,36.000674,140.470167,IBARAKI_KASUMIGAURA
霞ヶ浦東岸,コイ,36.000474,140.47006,IBARAKI_KASUMIGAURA
霞ヶ浦東岸,コイ,35.999518,140.470102,IBARAKI_KASUMIGAURA
霞ヶ浦東岸,コイ,35.9985452,140.4704672,IBARAKI_KASUMIGAURA
霞ヶ浦東岸,バス,35.996409,140.471542,IBARAKI_KASUMIGAURA
霞ヶ浦東岸,バス,35.995696,140.471853,IBARAKI_KASUMIGAURA
霞ヶ浦東岸,バス,35.995281,140.471594,IBARAKI_KASUMIGAURA
霞ヶ浦東岸,バス,35.995098,140.471733,IBARAKI_KASUMIGAURA
霞ヶ浦東岸,バス,35.995515,140.471379,IBARAKI_KASUMIGAURA
霞ヶ浦東岸,バス,35.995915,140.471454,IBARAKI_KASUMIGAURA
霞ヶ浦東岸,バス,35.996401,140.471079,IBARAKI_KASUMIGAURA
霞ヶ浦東岸,バス,35.99608,140.471132,IBARAKI_KASUMIGAURA
霞ヶ浦東岸,バス,35.996714,140.471207,IBARAKI_KASUMIGAURA
霞ヶ浦東岸,バス,35.996897,140.470907,IBARAKI_KASUMIGAURA
霞ヶ浦東岸,バス,35.994786,140.471551,IBARAKI_KASUMIGAURA
霞ヶ浦東岸,バス,35.994517,140.471873,IBARAKI_KASUMIGAURA
霞ヶ浦東岸,バス,35.994161,140.471991,IBARAKI_KASUMIGAURA
霞ヶ浦東岸,バス,35.993831,140.471851,IBARAKI_KASUMIGAURA
霞ヶ浦東岸,マブナ,35.99595008,140.4718968,IBARAKI_KASUMIGAURA
霞ヶ浦東岸,コイ,35.99612,140.471724,IBARAKI_KASUMIGAURA
霞ヶ浦東岸,マブナ,35.996332,140.471773,IBARAKI_KASUMIGAURA
霞ヶ浦東岸,マブナ,36.056177,140.432297,IBARAKI_KASUMIGAURA
霞ヶ浦東岸,マブナ,36.055582,140.433117,IBARAKI_KASUMIGAURA
霞ヶ浦東岸,マブナ,36.054715,140.433681,IBARAKI_KASUMIGAURA
霞ヶ浦東岸,マブナ,36.054299,140.434045,IBARAKI_KASUMIGAURA
霞ヶ浦東岸,マブナ,36.053938,140.434442,IBARAKI_KASUMIGAURA
霞ヶ浦東岸,マブナ,36.053843,140.434534,IBARAKI_KASUMIGAURA
霞ヶ浦東岸,クチボソ,36.042107,140.443594,IBARAKI_KASUMIGAURA
霞ヶ浦東岸,クチボソ,36.043053,140.443197,IBARAKI_KASUMIGAURA
霞ヶ浦東岸,モロコ,36.042715,140.443342,IBARAKI_KASUMIGAURA
霞ヶ浦東岸,モロコ,36.041808,140.443718,IBARAKI_KASUMIGAURA
霞ヶ浦東岸,モロコ,36.043357,140.443074,IBARAKI_KASUMIGAURA
霞ヶ浦南部,バス,35.956914,140.457993,IBARAKI_KASUMIGAURA
霞ヶ浦南部,バス,35.957209,140.460534,IBARAKI_KASUMIGAURA
霞ヶ浦南部,バス,35.957131,140.45962,IBARAKI_KASUMIGAURA
霞ヶ浦南部,バス,35.956984,140.458869,IBARAKI_KASUMIGAURA
霞ヶ浦南部,バス,35.956488,140.457024,IBARAKI_KASUMIGAURA
霞ヶ浦南部,バス,35.955932,140.456123,IBARAKI_KASUMIGAURA
霞ヶ浦南部,バス,35.95535,140.455758,IBARAKI_KASUMIGAURA
霞ヶ浦南部,バス,35.956463,140.462056,IBARAKI_KASUMIGAURA
霞ヶ浦南部,バス,35.956888,140.461316,IBARAKI_KASUMIGAURA
霞ヶ浦南部,バス,35.955602,140.461712,IBARAKI_KASUMIGAURA
霞ヶ浦南部,バス,35.954594,140.46123,IBARAKI_KASUMIGAURA
霞ヶ浦南部,マブナ,35.955082,140.461498,IBARAKI_KASUMIGAURA
霞ヶ浦南部,マブナ,35.954048,140.460929,IBARAKI_KASUMIGAURA
霞ヶ浦南部,コイ,35.954413,140.460865,IBARAKI_KASUMIGAURA
霞ヶ浦南部,コイ,35.95542834,140.4613799,IBARAKI_KASUMIGAURA
霞ヶ浦南部,バス,35.95717438,140.4616266,IBARAKI_KASUMIGAURA
霞ヶ浦南部,バス,35.956905,140.462195,IBARAKI_KASUMIGAURA
霞ヶ浦南部,バス,35.95741,140.461058,IBARAKI_KASUMIGAURA
霞ヶ浦南部,バス,35.957539,140.462002,IBARAKI_KASUMIGAURA
霞ヶ浦南部,バス,35.956931,140.463515,IBARAKI_KASUMIGAURA
霞ヶ浦南部,バス,35.956974,140.462893,IBARAKI_KASUMIGAURA
霞ヶ浦南部,バス,35.942873,140.453946,IBARAKI_KASUMIGAURA
霞ヶ浦南部,バス,35.942738,140.454765,IBARAKI_KASUMIGAURA
霞ヶ浦南部,バス,35.94370933,140.4551442,IBARAKI_KASUMIGAURA
霞ヶ浦南部,バス,35.94471742,140.455038,IBARAKI_KASUMIGAURA
霞ヶ浦南部,バス,35.944545,140.454234,IBARAKI_KASUMIGAURA
霞ヶ浦南部,バス,35.944877,140.45346,IBARAKI_KASUMIGAURA
霞ヶ浦南部,バス,35.94501137,140.4529442,IBARAKI_KASUMIGAURA
霞ヶ浦南部,バス,35.945664,140.455159,IBARAKI_KASUMIGAURA
霞ヶ浦南部,バス,35.946439,140.455599,IBARAKI_KASUMIGAURA
霞ヶ浦南部,バス,35.94725,140.456146,IBARAKI_KASUMIGAURA
霞ヶ浦南部,バス,35.948037,140.456677,IBARAKI_KASUMIGAURA
霞ヶ浦南部,バス,35.948946,140.456616,IBARAKI_KASUMIGAURA
霞ヶ浦南部,バス,35.94463,140.453066,IBARAKI_KASUMIGAURA
霞ヶ浦南部,バス,35.945589,140.452701,IBARAKI_KASUMIGAURA
霞ヶ浦南部,バス,35.946007,140.452732,IBARAKI_KASUMIGAURA
霞ヶ浦南部,バス,35.947482,140.453005,IBARAKI_KASUMIGAURA
霞ヶ浦南部,バス,35.94708739,140.45258,IBARAKI_KASUMIGAURA
霞ヶ浦南部,バス,35.946573,140.452535,IBARAKI_KASUMIGAURA
霞ヶ浦南部,バス,35.948599,140.452656,IBARAKI_KASUMIGAURA
霞ヶ浦南部,バス,35.948046,140.452808,IBARAKI_KASUMIGAURA
霞ヶ浦南部,バス,35.949103,140.452686,IBARAKI_KASUMIGAURA
霞ヶ浦南部,バス,35.949669,140.45299,IBARAKI_KASUMIGAURA
霞ヶ浦南部,バス,35.957713,140.463353,IBARAKI_KASUMIGAURA
霞ヶ浦南部,バス,35.957824,140.4649,IBARAKI_KASUMIGAURA
霞ヶ浦南部,バス,35.958021,140.46622,IBARAKI_KASUMIGAURA
霞ヶ浦南部,バス,35.958328,140.467662,IBARAKI_KASUMIGAURA
霞ヶ浦南部,バス,35.958832,140.469179,IBARAKI_KASUMIGAURA
霞ヶ浦南部,バス,35.959324,140.469376,IBARAKI_KASUMIGAURA
霞ヶ浦南部,バス,35.959975,140.468572,IBARAKI_KASUMIGAURA
霞ヶ浦南部,バス,35.960467,140.46748,IBARAKI_KASUMIGAURA
霞ヶ浦南部,マブナ,35.957905,140.468236,IBARAKI_KASUMIGAURA
霞ヶ浦南部,コイ,35.958243,140.468472,IBARAKI_KASUMIGAURA
霞ヶ浦南部,バス,35.957748,140.467356,IBARAKI_KASUMIGAURA
霞ヶ浦南部,バス,35.957149,140.464277,IBARAKI_KASUMIGAURA
霞ヶ浦南部,バス,35.958087,140.469008,IBARAKI_KASUMIGAURA
霞ヶ浦南部,バス,35.958495,140.469705,IBARAKI_KASUMIGAURA
霞ヶ浦南部,マブナ,35.941058,140.455698,IBARAKI_KASUMIGAURA
霞ヶ浦南部,マブナ,35.938697,140.458672,IBARAKI_KASUMIGAURA
霞ヶ浦南部,マブナ,35.937494,140.462101,IBARAKI_KASUMIGAURA
霞ヶ浦南部,マブナ,35.935797,140.465924,IBARAKI_KASUMIGAURA
霞ヶ浦南部,マブナ,35.934756,140.470526,IBARAKI_KASUMIGAURA
霞ヶ浦南部,マブナ,35.935208,140.474646,IBARAKI_KASUMIGAURA
霞ヶ浦南部,マブナ,35.93879,140.476234,IBARAKI_KASUMIGAURA
霞ヶ浦南部,マブナ,35.941224,140.480139,IBARAKI_KASUMIGAURA
霞ヶ浦南部,マブナ,35.945188,140.482671,IBARAKI_KASUMIGAURA
霞ヶ浦南部,マブナ,35.948005,140.485075,IBARAKI_KASUMIGAURA
霞ヶ浦南部,マブナ,35.924011,140.469083,IBARAKI_KASUMIGAURA
霞ヶ浦南部,マブナ,35.924455,140.467528,IBARAKI_KASUMIGAURA
霞ヶ浦南部,マブナ,35.924298,140.46815,IBARAKI_KASUMIGAURA
霞ヶ浦南部,マブナ,35.92521,140.465671,IBARAKI_KASUMIGAURA
霞ヶ浦南部,マブナ,35.925427,140.465124,IBARAKI_KASUMIGAURA
霞ヶ浦南部,マブナ,35.925862,140.464051,IBARAKI_KASUMIGAURA
霞ヶ浦南部,マブナ,35.926349,140.463032,IBARAKI_KASUMIGAURA
霞ヶ浦南部,バス,35.981836,140.432116,IBARAKI_KASUMIGAURA
霞ヶ浦南部,バス,35.980893,140.434555,IBARAKI_KASUMIGAURA
霞ヶ浦南部,バス,35.981292,140.43375,IBARAKI_KASUMIGAURA
霞ヶ浦南部,バス,35.981331,140.433171,IBARAKI_KASUMIGAURA
霞ヶ浦南部,バス,35.981427,140.432672,IBARAKI_KASUMIGAURA
霞ヶ浦南部,バス,35.981514,140.432243,IBARAKI_KASUMIGAURA
霞ヶ浦南部,バス,35.98190875,140.431712,IBARAKI_KASUMIGAURA
霞ヶ浦南部,コイ,35.981301,140.434501,IBARAKI_KASUMIGAURA
霞ヶ浦南部,コイ,35.981752,140.432409,IBARAKI_KASUMIGAURA
霞ヶ浦南部,コイ,35.97340881,140.4482719,IBARAKI_KASUMIGAURA
霞ヶ浦南部,バス,35.973487,140.44795,IBARAKI_KASUMIGAURA
霞ヶ浦南部,バス,35.973795,140.447065,IBARAKI_KASUMIGAURA
霞ヶ浦南部,バス,35.974051,140.447172,IBARAKI_KASUMIGAURA
霞ヶ浦南部,バス,35.973522,140.447392,IBARAKI_KASUMIGAURA
霞ヶ浦南部,バス,35.97425971,140.4474458,IBARAKI_KASUMIGAURA
霞ヶ浦南部,バス,35.975145,140.447033,IBARAKI_KASUMIGAURA
霞ヶ浦南部,バス,35.974503,140.446223,IBARAKI_KASUMIGAURA
霞ヶ浦南部,バス,35.974338,140.44582,IBARAKI_KASUMIGAURA
霞ヶ浦南部,バス,35.973925,140.445128,IBARAKI_KASUMIGAURA
霞ヶ浦南部,バス,35.97327,140.444951,IBARAKI_KASUMIGAURA
霞ヶ浦南部,バス,35.97258,140.444957,IBARAKI_KASUMIGAURA
霞ヶ浦南部,マブナ,35.97291,140.444908,IBARAKI_KASUMIGAURA
霞ヶ浦南部,マブナ,35.973639,140.444973,IBARAKI_KASUMIGAURA
霞ヶ浦南部,マブナ,35.974312,140.4453,IBARAKI_KASUMIGAURA
霞ヶ浦南部,マブナ,35.97505851,140.4465285,IBARAKI_KASUMIGAURA
霞ヶ浦南部,マブナ,35.9746895,140.4476121,IBARAKI_KASUMIGAURA
霞ヶ浦南部,コイ,35.97500641,140.4475048,IBARAKI_KASUMIGAURA
霞ヶ浦南部,コイ,35.97482408,140.4462925,IBARAKI_KASUMIGAURA
霞ヶ浦南部,コイ,35.974043,140.445407,IBARAKI_KASUMIGAURA
霞ヶ浦南部,コイ,35.973444,140.445155,IBARAKI_KASUMIGAURA
霞ヶ浦南部,コイ,35.972775,140.44515,IBARAKI_KASUMIGAURA
霞ヶ浦南部,バス,35.969206,140.447156,IBARAKI_KASUMIGAURA
霞ヶ浦南部,バス,35.968069,140.448513,IBARAKI_KASUMIGAURA
霞ヶ浦南部,バス,35.968816,140.447478,IBARAKI_KASUMIGAURA
霞ヶ浦南部,バス,35.96842,140.447972,IBARAKI_KASUMIGAURA
霞ヶ浦南部,バス,35.967383,140.449157,IBARAKI_KASUMIGAURA
霞ヶ浦南部,マブナ,35.967652,140.448803,IBARAKI_KASUMIGAURA
霞ヶ浦南部,マブナ,35.968182,140.448208,IBARAKI_KASUMIGAURA
霞ヶ浦南部,マブナ,35.968611,140.447671,IBARAKI_KASUMIGAURA
霞ヶ浦南部,マブナ,35.968963,140.447247,IBARAKI_KASUMIGAURA
霞ヶ浦南部,コイ,35.968837,140.44773,IBARAKI_KASUMIGAURA
霞ヶ浦南部,コイ,35.968386,140.448304,IBARAKI_KASUMIGAURA
霞ヶ浦南部,コイ,35.967921,140.448792,IBARAKI_KASUMIGAURA
霞ヶ浦南部,バス,35.951621,140.452258,IBARAKI_KASUMIGAURA
霞ヶ浦南部,バス,35.95143,140.452333,IBARAKI_KASUMIGAURA
霞ヶ浦南部,バス,35.951522,140.452,IBARAKI_KASUMIGAURA
霞ヶ浦南部,マブナ,35.95173058,140.4513624,IBARAKI_KASUMIGAURA
霞ヶ浦南部,ヘラブナ,35.951835,140.450983,IBARAKI_KASUMIGAURA
霞ヶ浦南部,バス,35.951909,140.450611,IBARAKI_KASUMIGAURA
霞ヶ浦南部,マブナ,35.95210519,140.4497844,IBARAKI_KASUMIGAURA
霞ヶ浦南部,ヘラブナ,35.9522895,140.4493748,IBARAKI_KASUMIGAURA
霞ヶ浦南部,バス,35.952351,140.448829,IBARAKI_KASUMIGAURA
霞ヶ浦南部,マブナ,35.952695,140.447842,IBARAKI_KASUMIGAURA
霞ヶ浦南部,ヘラブナ,35.952892,140.447,IBARAKI_KASUMIGAURA
霞ヶ浦南部,コイ,35.952541,140.448335,IBARAKI_KASUMIGAURA
霞ヶ浦南部,コイ,35.952038,140.450232,IBARAKI_KASUMIGAURA
霞ヶ浦南部,コイ,35.951663,140.451719,IBARAKI_KASUMIGAURA
霞ヶ浦南部,バス,35.953953,140.444147,IBARAKI_KASUMIGAURA
霞ヶ浦南部,バス,35.953853,140.443406,IBARAKI_KASUMIGAURA
霞ヶ浦南部,バス,35.953636,140.442516,IBARAKI_KASUMIGAURA
霞ヶ浦南部,バス,35.953393,140.441438,IBARAKI_KASUMIGAURA
霞ヶ浦南部,バス,35.954665,140.443235,IBARAKI_KASUMIGAURA
霞ヶ浦南部,バス,35.955052,140.442478,IBARAKI_KASUMIGAURA
霞ヶ浦南部,バス,35.955825,140.441277,IBARAKI_KASUMIGAURA
霞ヶ浦南部,バス,35.957531,140.437135,IBARAKI_KASUMIGAURA
霞ヶ浦南部,マブナ,35.953888,140.444442,IBARAKI_KASUMIGAURA
霞ヶ浦南部,マブナ,35.953936,140.44375,IBARAKI_KASUMIGAURA
霞ヶ浦南部,マブナ,35.953749,140.44294,IBARAKI_KASUMIGAURA
霞ヶ浦南部,マブナ,35.953523,140.441974,IBARAKI_KASUMIGAURA
霞ヶ浦南部,マブナ,35.954453,140.443557,IBARAKI_KASUMIGAURA
霞ヶ浦南部,マブナ,35.955578,140.441754,IBARAKI_KASUMIGAURA
霞ヶ浦南部,マブナ,35.95706181,140.4382673,IBARAKI_KASUMIGAURA
霞ヶ浦南部,ヘラブナ,35.95666209,140.4393107,IBARAKI_KASUMIGAURA
霞ヶ浦南部,ヘラブナ,35.955324,140.442132,IBARAKI_KASUMIGAURA
霞ヶ浦南部,ヘラブナ,35.954273,140.443849,IBARAKI_KASUMIGAURA
霞ヶ浦南部,ヘラブナ,35.953708,140.44475,IBARAKI_KASUMIGAURA
霞ヶ浦南部,コイ,35.953482,140.445061,IBARAKI_KASUMIGAURA
霞ヶ浦南部,コイ,35.954135,140.444053,IBARAKI_KASUMIGAURA
霞ヶ浦南部,コイ,35.954821,140.442808,IBARAKI_KASUMIGAURA
霞ヶ浦南部,コイ,35.95622,140.440405,IBARAKI_KASUMIGAURA
霞ヶ浦南部,バス,35.958886,140.435867,IBARAKI_KASUMIGAURA
霞ヶ浦南部,バス,35.959312,140.435395,IBARAKI_KASUMIGAURA
霞ヶ浦南部,ヘラブナ,35.958504,140.436017,IBARAKI_KASUMIGAURA
霞ヶ浦南部,ヘラブナ,35.960736,140.434751,IBARAKI_KASUMIGAURA
霞ヶ浦南部,マブナ,35.95819966,140.4362556,IBARAKI_KASUMIGAURA
霞ヶ浦南部,マブナ,35.957548,140.43651,IBARAKI_KASUMIGAURA
霞ヶ浦南部,ヘラブナ,35.957704,140.436757,IBARAKI_KASUMIGAURA
霞ヶ浦南部,バス,35.957869,140.436339,IBARAKI_KASUMIGAURA
霞ヶ浦南部,マブナ,35.959806,140.435325,IBARAKI_KASUMIGAURA
霞ヶ浦南部,マブナ,35.959431,140.434983,IBARAKI_KASUMIGAURA
霞ヶ浦南部,マブナ,35.961275,140.434187,IBARAKI_KASUMIGAURA
霞ヶ浦南部,バス,35.960224,140.434361,IBARAKI_KASUMIGAURA
霞ヶ浦南部,バス,35.961656,140.433595,IBARAKI_KASUMIGAURA
霞ヶ浦南部,ヘラブナ,35.962158,140.433079,IBARAKI_KASUMIGAURA
霞ヶ浦南部,コイ,35.960199,140.434938,IBARAKI_KASUMIGAURA
霞ヶ浦南部,コイ,35.959867,140.434809,IBARAKI_KASUMIGAURA
霞ヶ浦南部,コイ,35.96079475,140.4339819,IBARAKI_KASUMIGAURA
霞ヶ浦南部,バス,35.964443,140.423357,IBARAKI_KASUMIGAURA
霞ヶ浦南部,バス,35.964344,140.424025,IBARAKI_KASUMIGAURA
霞ヶ浦南部,バス,35.964148,140.424556,IBARAKI_KASUMIGAURA
霞ヶ浦南部,バス,35.964504,140.422765,IBARAKI_KASUMIGAURA
霞ヶ浦南部,ヘラブナ,35.96396912,140.4248478,IBARAKI_KASUMIGAURA
霞ヶ浦南部,ヘラブナ,35.964823,140.420808,IBARAKI_KASUMIGAURA
霞ヶ浦南部,ヘラブナ,35.96386983,140.4258379,IBARAKI_KASUMIGAURA
霞ヶ浦南部,バス,35.963901,140.425446,IBARAKI_KASUMIGAURA
霞ヶ浦南部,バス,35.963779,140.426632,IBARAKI_KASUMIGAURA
霞ヶ浦南部,マブナ,35.963731,140.42623,IBARAKI_KASUMIGAURA
霞ヶ浦南部,マブナ,35.964035,140.425221,IBARAKI_KASUMIGAURA
霞ヶ浦南部,マブナ,35.96450321,140.4221433,IBARAKI_KASUMIGAURA
霞ヶ浦南部,コイ,35.9647,140.421506,IBARAKI_KASUMIGAURA
霞ヶ浦南部,コイ,35.96420884,140.4249085,IBARAKI_KASUMIGAURA
霞ヶ浦南部,コイ,35.963945,140.426221,IBARAKI_KASUMIGAURA
霞ヶ浦南部,バス,35.945343,140.451806,IBARAKI_KASUMIGAURA
霞ヶ浦南部,バス,35.944924,140.451995,IBARAKI_KASUMIGAURA
霞ヶ浦南部,バス,35.944807,140.451469,IBARAKI_KASUMIGAURA
霞ヶ浦南部,ヘラブナ,35.945241,140.451512,IBARAKI_KASUMIGAURA
霞ヶ浦南部,マブナ,35.944724,140.450541,IBARAKI_KASUMIGAURA
霞ヶ浦南部,バス,35.944755,140.450085,IBARAKI_KASUMIGAURA
霞ヶ浦南部,ヘラブナ,35.94466164,140.449481,IBARAKI_KASUMIGAURA
霞ヶ浦南部,コイ,35.944933,140.451072,IBARAKI_KASUMIGAURA
霞ヶ浦南部,コイ,35.94454494,140.4489196,IBARAKI_KASUMIGAURA
霞ヶ浦南部,マブナ,35.9444098,140.4482671,IBARAKI_KASUMIGAURA
霞ヶ浦南部,バス,35.94402485,140.4475182,IBARAKI_KASUMIGAURA
霞ヶ浦南部,ヘラブナ,35.94377289,140.4470998,IBARAKI_KASUMIGAURA
霞ヶ浦南部,マブナ,35.94357316,140.4451579,IBARAKI_KASUMIGAURA
霞ヶ浦南部,コイ,35.9435125,140.4427761,IBARAKI_KASUMIGAURA
霞ヶ浦南部,バス,35.94335586,140.4409307,IBARAKI_KASUMIGAURA
霞ヶ浦南部,バス,35.94406,140.445909,IBARAKI_KASUMIGAURA
霞ヶ浦南部,バス,35.944164,140.446392,IBARAKI_KASUMIGAURA
霞ヶ浦南部,バス,35.94426,140.446885,IBARAKI_KASUMIGAURA
霞ヶ浦南部,バス,35.94439,140.44755,IBARAKI_KASUMIGAURA
霞ヶ浦南部,マブナ,35.943634,140.446488,IBARAKI_KASUMIGAURA
霞ヶ浦南部,コイ,35.943843,140.446692,IBARAKI_KASUMIGAURA
霞ヶ浦南部,バス,35.943695,140.445587,IBARAKI_KASUMIGAURA
霞ヶ浦南部,バス,35.943738,140.444761,IBARAKI_KASUMIGAURA
霞ヶ浦南部,バス,35.943582,140.444364,IBARAKI_KASUMIGAURA
霞ヶ浦南部,ヘラブナ,35.943504,140.443591,IBARAKI_KASUMIGAURA
霞ヶ浦南部,マブナ,35.94337337,140.4419607,IBARAKI_KASUMIGAURA
外浪逆浦,マブナ,35.902083,140.596287,IBARAKI_KASUMIGAURA
外浪逆浦,マブナ,35.901752,140.596705,IBARAKI_KASUMIGAURA
外浪逆浦,クチボソ,35.901956,140.596341,IBARAKI_KASUMIGAURA
外浪逆浦,マブナ,35.91059414,140.6136999,IBARAKI_KASUMIGAURA
外浪逆浦,マブナ,35.91042065,140.613673,IBARAKI_KASUMIGAURA
外浪逆浦,マブナ,35.909708,140.613523,IBARAKI_KASUMIGAURA
外浪逆浦,マブナ,35.916719,140.580324,IBARAKI_KASUMIGAURA
外浪逆浦,マブナ,35.917411,140.577168,IBARAKI_KASUMIGAURA
外浪逆浦,マブナ,35.918696,140.574756,IBARAKI_KASUMIGAURA
外浪逆浦,マブナ,35.920687,140.571076,IBARAKI_KASUMIGAURA
外浪逆浦,マブナ,35.917017,140.574805,IBARAKI_KASUMIGAURA
外浪逆浦,マブナ,35.916913,140.575395,IBARAKI_KASUMIGAURA
外浪逆浦,マブナ,35.916843,140.576865,IBARAKI_KASUMIGAURA
外浪逆浦,マブナ,35.921316,140.567402,IBARAKI_KASUMIGAURA
外浪逆浦,マブナ,35.919499,140.568228,IBARAKI_KASUMIGAURA
外浪逆浦,マブナ,35.91448,140.581777,IBARAKI_KASUMIGAURA
外浪逆浦,マブナ,35.910227,140.582338,IBARAKI_KASUMIGAURA
外浪逆浦,マブナ,35.91066,140.578591,IBARAKI_KASUMIGAURA
外浪逆浦,マブナ,35.911249,140.577711,IBARAKI_KASUMIGAURA
外浪逆浦,マブナ,35.912147,140.572628,IBARAKI_KASUMIGAURA
外浪逆浦,マブナ,35.911887,140.575298,IBARAKI_KASUMIGAURA
外浪逆浦,クチボソ,35.916208,140.580902,IBARAKI_KASUMIGAURA
外浪逆浦,モロコ,35.912094,140.582495,IBARAKI_KASUMIGAURA
外浪逆浦,クチボソ,35.919966,140.572335,IBARAKI_KASUMIGAURA
外浪逆浦,ヘラブナ,35.916764,140.576068,IBARAKI_KASUMIGAURA
外浪逆浦,ヘラブナ,35.920982,140.567705,IBARAKI_KASUMIGAURA
外浪逆浦,バス,35.925461,140.615275,IBARAKI_KASUMIGAURA
外浪逆浦,バス,35.925946,140.61592,IBARAKI_KASUMIGAURA
外浪逆浦,バス,35.92661,140.615958,IBARAKI_KASUMIGAURA
外浪逆浦,バス,35.927342,140.615821,IBARAKI_KASUMIGAURA
外浪逆浦,バス,35.928141,140.615669,IBARAKI_KASUMIGAURA
外浪逆浦,バス,35.928977,140.61554,IBARAKI_KASUMIGAURA
外浪逆浦,バス,35.929807,140.615373,IBARAKI_KASUMIGAURA
外浪逆浦,マブナ,35.929414,140.615465,IBARAKI_KASUMIGAURA
外浪逆浦,マブナ,35.928596,140.615594,IBARAKI_KASUMIGAURA
外浪逆浦,マブナ,35.927745,140.61573,IBARAKI_KASUMIGAURA
外浪逆浦,マブナ,35.926947,140.615874,IBARAKI_KASUMIGAURA
外浪逆浦,マブナ,35.926283,140.615912,IBARAKI_KASUMIGAURA
外浪逆浦,マブナ,35.925681,140.615631,IBARAKI_KASUMIGAURA
外浪逆浦,マブナ,35.925306,140.61463,IBARAKI_KASUMIGAURA
外浪逆浦,マブナ,35.925085,140.61356,IBARAKI_KASUMIGAURA
外浪逆浦,バス,35.925196,140.614099,IBARAKI_KASUMIGAURA
外浪逆浦,コイ,35.925079,140.614478,IBARAKI_KASUMIGAURA
外浪逆浦,コイ,35.924993,140.613909,IBARAKI_KASUMIGAURA
外浪逆浦,コイ,35.925694,140.615988,IBARAKI_KASUMIGAURA
外浪逆浦,コイ,35.92613,140.616185,IBARAKI_KASUMIGAURA
外浪逆浦,コイ,35.926831,140.616178,IBARAKI_KASUMIGAURA
外浪逆浦,コイ,35.927187,140.616117,IBARAKI_KASUMIGAURA
外浪逆浦,コイ,35.927981,140.615912,IBARAKI_KASUMIGAURA
外浪逆浦,コイ,35.928798,140.615798,IBARAKI_KASUMIGAURA
外浪逆浦,バス,35.923958,140.618624,IBARAKI_KASUMIGAURA
外浪逆浦,バス,35.923923,140.618362,IBARAKI_KASUMIGAURA
外浪逆浦,バス,35.923723,140.617589,IBARAKI_KASUMIGAURA
外浪逆浦,バス,35.923589,140.6168,IBARAKI_KASUMIGAURA
外浪逆浦,バス,35.92468784,140.6186137,IBARAKI_KASUMIGAURA
外浪逆浦,バス,35.92525377,140.6186029,IBARAKI_KASUMIGAURA
外浪逆浦,バス,35.925736,140.618598,IBARAKI_KASUMIGAURA
外浪逆浦,マブナ,35.9237234,140.6179968,IBARAKI_KASUMIGAURA
外浪逆浦,マブナ,35.923689,140.617181,IBARAKI_KASUMIGAURA
外浪逆浦,マブナ,35.924132,140.618673,IBARAKI_KASUMIGAURA
外浪逆浦,マブナ,35.924389,140.618614,IBARAKI_KASUMIGAURA
外浪逆浦,マブナ,35.924919,140.618608,IBARAKI_KASUMIGAURA
外浪逆浦,マブナ,35.925471,140.618646,IBARAKI_KASUMIGAURA
外浪逆浦,コイ,35.925589,140.618431,IBARAKI_KASUMIGAURA
外浪逆浦,コイ,35.925093,140.618431,IBARAKI_KASUMIGAURA
外浪逆浦,コイ,35.924562,140.618453,IBARAKI_KASUMIGAURA
外浪逆浦,コイ,35.924218,140.618496,IBARAKI_KASUMIGAURA
外浪逆浦,コイ,35.923832,140.617798,IBARAKI_KASUMIGAURA
外浪逆浦,コイ,35.923737,140.616935,IBARAKI_KASUMIGAURA
外浪逆浦,バス,35.918537,140.611656,IBARAKI_KASUMIGAURA
外浪逆浦,バス,35.91873968,140.6117955,IBARAKI_KASUMIGAURA
外浪逆浦,バス,35.91897011,140.6118169,IBARAKI_KASUMIGAURA
外浪逆浦,バス,35.91943553,140.6116882,IBARAKI_KASUMIGAURA
外浪逆浦,バス,35.91988748,140.6116238,IBARAKI_KASUMIGAURA
外浪逆浦,マブナ,35.920127,140.611602,IBARAKI_KASUMIGAURA
外浪逆浦,マブナ,35.919657,140.611661,IBARAKI_KASUMIGAURA
外浪逆浦,バス,35.919196,140.611774,IBARAKI_KASUMIGAURA
外浪逆浦,バス,35.91828004,140.6115648,IBARAKI_KASUMIGAURA
外浪逆浦,バス,35.91798751,140.6116828,IBARAKI_KASUMIGAURA
外浪逆浦,コイ,35.91769327,140.6120744,IBARAKI_KASUMIGAURA
外浪逆浦,コイ,35.920227,140.611415,IBARAKI_KASUMIGAURA
外浪逆浦,コイ,35.91978,140.61149,IBARAKI_KASUMIGAURA
外浪逆浦,コイ,35.919284,140.611618,IBARAKI_KASUMIGAURA
外浪逆浦,バス,35.920375,140.611463,IBARAKI_KASUMIGAURA
外浪逆浦,マブナ,35.917867,140.611946,IBARAKI_KASUMIGAURA
外浪逆浦,コイ,35.925105,140.603974,IBARAKI_KASUMIGAURA
外浪逆浦,コイ,35.92486576,140.6045052,IBARAKI_KASUMIGAURA
外浪逆浦,マブナ,35.925048,140.604296,IBARAKI_KASUMIGAURA
外浪逆浦,マブナ,35.925331,140.603926,IBARAKI_KASUMIGAURA
外浪逆浦,マブナ,35.925566,140.603443,IBARAKI_KASUMIGAURA
外浪逆浦,マブナ,35.92441842,140.6055245,IBARAKI_KASUMIGAURA
外浪逆浦,マブナ,35.92384071,140.6073269,IBARAKI_KASUMIGAURA
外浪逆浦,バス,35.92381463,140.6077346,IBARAKI_KASUMIGAURA
外浪逆浦,バス,35.923871,140.606866,IBARAKI_KASUMIGAURA
外浪逆浦,バス,35.924132,140.605991,IBARAKI_KASUMIGAURA
外浪逆浦,バス,35.92478343,140.605047,IBARAKI_KASUMIGAURA
外浪逆浦,バス,35.925457,140.603701,IBARAKI_KASUMIGAURA
外浪逆浦,バス,35.925631,140.603003,IBARAKI_KASUMIGAURA
外浪逆浦,バス,35.925748,140.602681,IBARAKI_KASUMIGAURA
外浪逆浦,コイ,35.925487,140.603202,IBARAKI_KASUMIGAURA
外浪逆浦,コイ,35.924592,140.605219,IBARAKI_KASUMIGAURA
外浪逆浦,コイ,35.924222,140.605696,IBARAKI_KASUMIGAURA
外浪逆浦,コイ,35.923835,140.606587,IBARAKI_KASUMIGAURA
外浪逆浦,マブナ,35.92397954,140.6063613,IBARAKI_KASUMIGAURA
外浪逆浦,マブナ,35.931287,140.590949,IBARAKI_KASUMIGAURA
外浪逆浦,マブナ,35.93099094,140.5898336,IBARAKI_KASUMIGAURA
外浪逆浦,バス,35.931191,140.590032,IBARAKI_KASUMIGAURA
外浪逆浦,バス,35.930965,140.591314,IBARAKI_KASUMIGAURA
外浪逆浦,バス,35.930769,140.591743,IBARAKI_KASUMIGAURA
外浪逆浦,バス,35.930738,140.592183,IBARAKI_KASUMIGAURA
外浪逆浦,バス,35.930521,140.592553,IBARAKI_KASUMIGAURA
外浪逆浦,バス,35.930304,140.592864,IBARAKI_KASUMIGAURA
外浪逆浦,バス,35.93006,140.593063,IBARAKI_KASUMIGAURA
外浪逆浦,コイ,35.931286,140.590477,IBARAKI_KASUMIGAURA
外浪逆浦,バス,35.930726,140.589791,IBARAKI_KASUMIGAURA
外浪逆浦,バス,35.92939769,140.5938053,IBARAKI_KASUMIGAURA
外浪逆浦,バス,35.929582,140.593616,IBARAKI_KASUMIGAURA
外浪逆浦,バス,35.92924605,140.5940177,IBARAKI_KASUMIGAURA
外浪逆浦,バス,35.928949,140.594382,IBARAKI_KASUMIGAURA
外浪逆浦,バス,35.928758,140.594564,IBARAKI_KASUMIGAURA
外浪逆浦,マブナ,35.929126,140.5942,IBARAKI_KASUMIGAURA
外浪逆浦,マブナ,35.928431,140.594996,IBARAKI_KASUMIGAURA
外浪逆浦,バス,35.92823046,140.5952922,IBARAKI_KASUMIGAURA
外浪逆浦,バス,35.928015,140.595656,IBARAKI_KASUMIGAURA
外浪逆浦,マブナ,35.92783101,140.5960508,IBARAKI_KASUMIGAURA
外浪逆浦,マブナ,35.92764057,140.5966729,IBARAKI_KASUMIGAURA
外浪逆浦,マブナ,35.927272,140.597993,IBARAKI_KASUMIGAURA
外浪逆浦,バス,35.9275,140.597128,IBARAKI_KASUMIGAURA
外浪逆浦,バス,35.927383,140.597545,IBARAKI_KASUMIGAURA
外浪逆浦,バス,35.92691,140.599814,IBARAKI_KASUMIGAURA
外浪逆浦,コイ,35.927125,140.598463,IBARAKI_KASUMIGAURA
外浪逆浦,コイ,35.927635,140.596263,IBARAKI_KASUMIGAURA
外浪逆浦,コイ,35.928035,140.595345,IBARAKI_KASUMIGAURA
外浪逆浦,コイ,35.928539,140.594632,IBARAKI_KASUMIGAURA
外浪逆浦,コイ,35.929166,140.593881,IBARAKI_KASUMIGAURA
外浪逆浦,バス,35.92298038,140.5883583,IBARAKI_KASUMIGAURA
外浪逆浦,バス,35.922741,140.588541,IBARAKI_KASUMIGAURA
外浪逆浦,バス,35.923393,140.588535,IBARAKI_KASUMIGAURA
外浪逆浦,バス,35.922364,140.588541,IBARAKI_KASUMIGAURA
外浪逆浦,バス,35.921785,140.587956,IBARAKI_KASUMIGAURA
外浪逆浦,バス,35.922072,140.588256,IBARAKI_KASUMIGAURA
外浪逆浦,バス,35.923816,140.588374,IBARAKI_KASUMIGAURA
外浪逆浦,バス,35.925381,140.588761,IBARAKI_KASUMIGAURA
外浪逆浦,マブナ,35.9243404,140.5885354,IBARAKI_KASUMIGAURA
外浪逆浦,コイ,35.924849,140.58868,IBARAKI_KASUMIGAURA
外浪逆浦,バス,35.921369,140.587473,IBARAKI_KASUMIGAURA
外浪逆浦,バス,35.9215513,140.5862555,IBARAKI_KASUMIGAURA
外浪逆浦,バス,35.921769,140.585006,IBARAKI_KASUMIGAURA
外浪逆浦,バス,35.921977,140.58371,IBARAKI_KASUMIGAURA
外浪逆浦,バス,35.92202026,140.5819184,IBARAKI_KASUMIGAURA
外浪逆浦,マブナ,35.921716,140.584289,IBARAKI_KASUMIGAURA
外浪逆浦,マブナ,35.92129,140.586843,IBARAKI_KASUMIGAURA
外浪逆浦,バス,35.92116,140.586349,IBARAKI_KASUMIGAURA
外浪逆浦,コイ,35.921386,140.587991,IBARAKI_KASUMIGAURA
外浪逆浦,コイ,35.921439,140.585566,IBARAKI_KASUMIGAURA
外浪逆浦,バス,35.919543,140.585212,IBARAKI_KASUMIGAURA
外浪逆浦,バス,35.920639,140.580953,IBARAKI_KASUMIGAURA
外浪逆浦,マブナ,35.92024755,140.5822724,IBARAKI_KASUMIGAURA
外浪逆浦,コイ,35.919935,140.58371,IBARAKI_KASUMIGAURA
外浪逆浦,マブナ,35.91913789,140.5859647,IBARAKI_KASUMIGAURA
外浪逆浦,バス,35.918448,140.5865,IBARAKI_KASUMIGAURA
外浪逆浦,コイ,35.918901,140.5865,IBARAKI_KASUMIGAURA
外浪逆浦,マブナ,35.914751,140.590092,IBARAKI_KASUMIGAURA
外浪逆浦,マブナ,35.915169,140.588969,IBARAKI_KASUMIGAURA
外浪逆浦,マブナ,35.916104,140.588347,IBARAKI_KASUMIGAURA
外浪逆浦,マブナ,35.91337446,140.5908655,IBARAKI_KASUMIGAURA
外浪逆浦,マブナ,35.91258818,140.5908352,IBARAKI_KASUMIGAURA
外浪逆浦,バス,35.914296,140.590334,IBARAKI_KASUMIGAURA
外浪逆浦,バス,35.913841,140.590547,IBARAKI_KASUMIGAURA
外浪逆浦,バス,35.915625,140.58862,IBARAKI_KASUMIGAURA
外浪逆浦,バス,35.917482,140.587239,IBARAKI_KASUMIGAURA
外浪逆浦,バス,35.91294465,140.5910324,IBARAKI_KASUMIGAURA
外浪逆浦,バス,35.912194,140.591108,IBARAKI_KASUMIGAURA
外浪逆浦,コイ,35.91274521,140.5915483,IBARAKI_KASUMIGAURA
外浪逆浦,コイ,35.91415,140.590759,IBARAKI_KASUMIGAURA
外浪逆浦,コイ,35.91506,140.589637,IBARAKI_KASUMIGAURA
外浪逆浦,コイ,35.9168646,140.5879523,IBARAKI_KASUMIGAURA
外浪逆浦,バス,35.90613646,140.5882558,IBARAKI_KASUMIGAURA
外浪逆浦,バス,35.906001,140.589925,IBARAKI_KASUMIGAURA
外浪逆浦,バス,35.90685,140.590319,IBARAKI_KASUMIGAURA
外浪逆浦,バス,35.90546,140.589667,IBARAKI_KASUMIGAURA
外浪逆浦,バス,35.906617,140.586511,IBARAKI_KASUMIGAURA
外浪逆浦,ヘラブナ,35.906224,140.587725,IBARAKI_KASUMIGAURA
外浪逆浦,マブナ,35.906445,140.587209,IBARAKI_KASUMIGAURA
外浪逆浦,マブナ,35.90637,140.590107,IBARAKI_KASUMIGAURA
外浪逆浦,マブナ,35.90522701,140.5901827,IBARAKI_KASUMIGAURA
外浪逆浦,バス,35.904993,140.590638,IBARAKI_KASUMIGAURA
外浪逆浦,マブナ,35.904784,140.591169,IBARAKI_KASUMIGAURA
外浪逆浦,バス,35.904563,140.59167,IBARAKI_KASUMIGAURA
外浪逆浦,バス,35.904342,140.592201,IBARAKI_KASUMIGAURA
外浪逆浦,コイ,35.906555,140.590577,IBARAKI_KASUMIGAURA
外浪逆浦,コイ,35.905744,140.589561,IBARAKI_KASUMIGAURA
外浪逆浦,コイ,35.905596,140.590137,IBARAKI_KASUMIGAURA
外浪逆浦,コイ,35.905116,140.591063,IBARAKI_KASUMIGAURA
外浪逆浦,マブナ,35.898714,140.604559,IBARAKI_KASUMIGAURA
外浪逆浦,マブナ,35.90045865,140.6012324,IBARAKI_KASUMIGAURA
外浪逆浦,マブナ,35.900219,140.60181,IBARAKI_KASUMIGAURA
外浪逆浦,マブナ,35.899788,140.602772,IBARAKI_KASUMIGAURA
外浪逆浦,マブナ,35.90169973,140.5983609,IBARAKI_KASUMIGAURA
外浪逆浦,バス,35.899867,140.603132,IBARAKI_KASUMIGAURA
外浪逆浦,バス,35.89908,140.604371,IBARAKI_KASUMIGAURA
外浪逆浦,バス,35.899676,140.603491,IBARAKI_KASUMIGAURA
外浪逆浦,バス,35.900089,140.602585,IBARAKI_KASUMIGAURA
外浪逆浦,バス,35.90034873,140.602102,IBARAKI_KASUMIGAURA
外浪逆浦,バス,35.900557,140.601566,IBARAKI_KASUMIGAURA
外浪逆浦,バス,35.900779,140.600992,IBARAKI_KASUMIGAURA
外浪逆浦,バス,35.90101,140.600439,IBARAKI_KASUMIGAURA
外浪逆浦,バス,35.898511,140.605063,IBARAKI_KASUMIGAURA
外浪逆浦,バス,35.89834979,140.6052509,IBARAKI_KASUMIGAURA
外浪逆浦,バス,35.898198,140.605793,IBARAKI_KASUMIGAURA
外浪逆浦,バス,35.898315,140.605546,IBARAKI_KASUMIGAURA
外浪逆浦,バス,35.902148,140.597282,IBARAKI_KASUMIGAURA
外浪逆浦,コイ,35.90127,140.599469,IBARAKI_KASUMIGAURA
外浪逆浦,コイ,35.899352,140.603929,IBARAKI_KASUMIGAURA
外浪逆浦,コイ,35.898749,140.604931,IBARAKI_KASUMIGAURA
外浪逆浦,バス,35.895486,140.6091,IBARAKI_KASUMIGAURA
外浪逆浦,バス,35.89267405,140.611487,IBARAKI_KASUMIGAURA
外浪逆浦,バス,35.890308,140.613483,IBARAKI_KASUMIGAURA
外浪逆浦,バス,35.891527,140.612496,IBARAKI_KASUMIGAURA
外浪逆浦,マブナ,35.89357,140.6108004,IBARAKI_KASUMIGAURA
外浪逆浦,マブナ,35.891969,140.612088,IBARAKI_KASUMIGAURA
外浪逆浦,マブナ,35.890795,140.613053,IBARAKI_KASUMIGAURA
外浪逆浦,コイ,35.891256,140.612935,IBARAKI_KASUMIGAURA
外浪逆浦,コイ,35.892396,140.61197,IBARAKI_KASUMIGAURA
外浪逆浦,コイ,35.89448231,140.6100065,IBARAKI_KASUMIGAURA
外浪逆浦,バス,35.89428287,140.6141692,IBARAKI_KASUMIGAURA
外浪逆浦,バス,35.898004,140.611337,IBARAKI_KASUMIGAURA
外浪逆浦,バス,35.892952,140.615178,IBARAKI_KASUMIGAURA
外浪逆浦,バス,35.89176,140.615939,IBARAKI_KASUMIGAURA
外浪逆浦,マブナ,35.89223,140.615661,IBARAKI_KASUMIGAURA
外浪逆浦,マブナ,35.893404,140.614856,IBARAKI_KASUMIGAURA
外浪逆浦,マブナ,35.895384,140.613215,IBARAKI_KASUMIGAURA
外浪逆浦,マブナ,35.899415,140.610302,IBARAKI_KASUMIGAURA
外浪逆浦,コイ,35.896697,140.612199,IBARAKI_KASUMIGAURA
外浪逆浦,コイ,35.89377052,140.6143076,IBARAKI_KASUMIGAURA
外浪逆浦,コイ,35.892528,140.615218,IBARAKI_KASUMIGAURA
外浪逆浦,バス,35.872951,140.6222,IBARAKI_KASUMIGAURA
外浪逆浦,バス,35.874882,140.621449,IBARAKI_KASUMIGAURA
外浪逆浦,バス,35.87424581,140.6216365,IBARAKI_KASUMIGAURA
外浪逆浦,バス,35.87356,140.621814,IBARAKI_KASUMIGAURA
外浪逆浦,バス,35.874942,140.624136,IBARAKI_KASUMIGAURA
外浪逆浦,バス,35.875586,140.623686,IBARAKI_KASUMIGAURA
外浪逆浦,バス,35.879281,140.622527,IBARAKI_KASUMIGAURA
外浪逆浦,バス,35.880192,140.622345,IBARAKI_KASUMIGAURA
外浪逆浦,バス,35.88084407,140.6189758,IBARAKI_KASUMIGAURA
外浪逆浦,バス,35.872429,140.622484,IBARAKI_KASUMIGAURA
外浪逆浦,バス,35.87108071,140.6230634,IBARAKI_KASUMIGAURA
外浪逆浦,バス,35.873995,140.62508,IBARAKI_KASUMIGAURA
外浪逆浦,バス,35.87322001,140.6265289,IBARAKI_KASUMIGAURA
外浪逆浦,マブナ,35.873673,140.625789,IBARAKI_KASUMIGAURA
外浪逆浦,マブナ,35.87473244,140.6244904,IBARAKI_KASUMIGAURA
外浪逆浦,マブナ,35.87681112,140.6233209,IBARAKI_KASUMIGAURA
外浪逆浦,マブナ,35.87788884,140.620113,IBARAKI_KASUMIGAURA
外浪逆浦,ハゼ,35.879845,140.619373,IBARAKI_KASUMIGAURA
外浪逆浦,ハゼ,35.87836668,140.6226557,IBARAKI_KASUMIGAURA
外浪逆浦,ハゼ,35.873914,140.625477,IBARAKI_KASUMIGAURA
外浪逆浦,ハゼ,35.87199436,140.622527,IBARAKI_KASUMIGAURA
外浪逆浦,マブナ,35.871516,140.622774,IBARAKI_KASUMIGAURA
外浪逆浦,スズキ,35.871846,140.622945,IBARAKI_KASUMIGAURA
外浪逆浦,スズキ,35.87326344,140.6261212,IBARAKI_KASUMIGAURA
外浪逆浦,スズキ,35.874239,140.624673,IBARAKI_KASUMIGAURA
外浪逆浦,スズキ,35.87788,140.622795,IBARAKI_KASUMIGAURA
外浪逆浦,スズキ,35.878931,140.619727,IBARAKI_KASUMIGAURA
外浪逆浦,スズキ,35.873959,140.621958,IBARAKI_KASUMIGAURA
外浪逆浦,コイ,35.875473,140.621229,IBARAKI_KASUMIGAURA
外浪逆浦,コイ,35.881836,140.618761,IBARAKI_KASUMIGAURA
外浪逆浦,コイ,35.876185,140.623299,IBARAKI_KASUMIGAURA
外浪逆浦,コイ,35.87342,140.625842,IBARAKI_KASUMIGAURA
外浪逆浦,マブナ,35.90794839,140.5821624,IBARAKI_KASUMIGAURA
外浪逆浦,ヘラブナ,35.908153,140.581733,IBARAKI_KASUMIGAURA
外浪逆浦,バス,35.907866,140.58257,IBARAKI_KASUMIGAURA
外浪逆浦,マブナ,35.908853,140.581588,IBARAKI_KASUMIGAURA
外浪逆浦,マブナ,35.908,140.580945,IBARAKI_KASUMIGAURA
外浪逆浦,バス,35.907762,140.580698,IBARAKI_KASUMIGAURA
外浪逆浦,マブナ,35.907557,140.580467,IBARAKI_KASUMIGAURA
外浪逆浦,バス,35.909205,140.581438,IBARAKI_KASUMIGAURA
外浪逆浦,バス,35.90970374,140.5811647,IBARAKI_KASUMIGAURA
外浪逆浦,バス,35.909466,140.581277,IBARAKI_KASUMIGAURA
外浪逆浦,バス,35.90705326,140.5797055,IBARAKI_KASUMIGAURA
外浪逆浦,バス,35.907287,140.58007,IBARAKI_KASUMIGAURA
外浪逆浦,バス,35.90983,140.580859,IBARAKI_KASUMIGAURA
外浪逆浦,バス,35.90983,140.580532,IBARAKI_KASUMIGAURA
外浪逆浦,バス,35.90979497,140.5801669,IBARAKI_KASUMIGAURA
外浪逆浦,バス,35.909717,140.579834,IBARAKI_KASUMIGAURA
外浪逆浦,バス,35.90959098,140.5794856,IBARAKI_KASUMIGAURA
外浪逆浦,マブナ,35.9066274,140.5794373,IBARAKI_KASUMIGAURA
外浪逆浦,ヘラブナ,35.906162,140.579223,IBARAKI_KASUMIGAURA
外浪逆浦,ヘラブナ,35.909378,140.579244,IBARAKI_KASUMIGAURA
外浪逆浦,マブナ,35.908974,140.578917,IBARAKI_KASUMIGAURA
外浪逆浦,マブナ,35.90863067,140.57852,IBARAKI_KASUMIGAURA
外浪逆浦,ヘラブナ,35.908231,140.578107,IBARAKI_KASUMIGAURA
外浪逆浦,マブナ,35.907918,140.577485,IBARAKI_KASUMIGAURA
外浪逆浦,バス,35.907709,140.576852,IBARAKI_KASUMIGAURA
外浪逆浦,コイ,35.907588,140.580009,IBARAKI_KASUMIGAURA
外浪逆浦,コイ,35.908144,140.581285,IBARAKI_KASUMIGAURA
外浪逆浦,コイ,35.908501,140.581564,IBARAKI_KASUMIGAURA
外浪逆浦,コイ,35.909108,140.579333,IBARAKI_KASUMIGAURA
外浪逆浦,コイ,35.907908,140.577927,IBARAKI_KASUMIGAURA
外浪逆浦,マブナ,35.905767,140.571793,IBARAKI_KASUMIGAURA
外浪逆浦,マブナ,35.906588,140.570852,IBARAKI_KASUMIGAURA
外浪逆浦,ヘラブナ,35.90683692,140.5721877,IBARAKI_KASUMIGAURA
外浪逆浦,ヘラブナ,35.90484149,140.5741078,IBARAKI_KASUMIGAURA
外浪逆浦,ヘラブナ,35.904303,140.578635,IBARAKI_KASUMIGAURA
外浪逆浦,バス,35.90485,140.579204,IBARAKI_KASUMIGAURA
外浪逆浦,マブナ,35.90412913,140.5769831,IBARAKI_KASUMIGAURA
外浪逆浦,バス,35.904285,140.575342,IBARAKI_KASUMIGAURA
外浪逆浦,コイ,35.904416,140.577726,IBARAKI_KASUMIGAURA
外浪逆浦,マブナ,35.905546,140.579,IBARAKI_KASUMIGAURA
外浪逆浦,コイ,35.905964,140.578576,IBARAKI_KASUMIGAURA
外浪逆浦,コイ,35.905609,140.573159,IBARAKI_KASUMIGAURA
外浪逆浦,マブナ,35.907475,140.576152,IBARAKI_KASUMIGAURA
外浪逆浦,バス,35.90710137,140.5746647,IBARAKI_KASUMIGAURA
外浪逆浦,バス,35.906761,140.573426,IBARAKI_KASUMIGAURA
外浪逆浦,コイ,35.907109,140.575594,IBARAKI_KASUMIGAURA
外浪逆浦,ヘラブナ,35.908282,140.562215,IBARAKI_KASUMIGAURA
外浪逆浦,バス,35.90806,140.562018,IBARAKI_KASUMIGAURA
外浪逆浦,バス,35.908528,140.562337,IBARAKI_KASUMIGAURA
外浪逆浦,ヘラブナ,35.908399,140.562769,IBARAKI_KASUMIGAURA
外浪逆浦,ヘラブナ,35.90794322,140.5623898,IBARAKI_KASUMIGAURA
外浪逆浦,テナガエビ,35.9083,140.563156,IBARAKI_KASUMIGAURA
外浪逆浦,テナガエビ,35.90783876,140.5627843,IBARAKI_KASUMIGAURA
外浪逆浦,マブナ,35.90770338,140.563194,IBARAKI_KASUMIGAURA
外浪逆浦,マブナ,35.908189,140.56352,IBARAKI_KASUMIGAURA
外浪逆浦,バス,35.90802361,140.5637858,IBARAKI_KASUMIGAURA
外浪逆浦,バス,35.90772227,140.5635582,IBARAKI_KASUMIGAURA
外浪逆浦,ヘラブナ,35.907999,140.564173,IBARAKI_KASUMIGAURA
外浪逆浦,ヘラブナ,35.907537,140.563786,IBARAKI_KASUMIGAURA
外浪逆浦,テナガエビ,35.907408,140.564097,IBARAKI_KASUMIGAURA
外浪逆浦,テナガエビ,35.907894,140.564491,IBARAKI_KASUMIGAURA
外浪逆浦,マブナ,35.90731,140.564469,IBARAKI_KASUMIGAURA
外浪逆浦,マブナ,35.907778,140.564848,IBARAKI_KASUMIGAURA
外浪逆浦,コイ,35.907692,140.564104,IBARAKI_KASUMIGAURA
外浪逆浦,コイ,35.908134,140.562769,IBARAKI_KASUMIGAURA
外浪逆浦,クチボソ,35.89911037,140.6032553,IBARAKI_KASUMIGAURA
外浪逆浦,マブナ,35.898302,140.604575,IBARAKI_KASUMIGAURA
外浪逆浦,クチボソ,35.898141,140.604843,IBARAKI_KASUMIGAURA
外浪逆浦,マブナ,35.897238,140.606345,IBARAKI_KASUMIGAURA
外浪逆浦,モロコ,35.898915,140.603566,IBARAKI_KASUMIGAURA
外浪逆浦,テナガエビ,35.906536,140.569371,IBARAKI_KASUMIGAURA
外浪逆浦,テナガエビ,35.905771,140.569671,IBARAKI_KASUMIGAURA
外浪逆浦,テナガエビ,35.907128,140.566946,IBARAKI_KASUMIGAURA
外浪逆浦,テナガエビ,35.907093,140.565208,IBARAKI_KASUMIGAURA
外浪逆浦,タナゴ,35.906414,140.567354,IBARAKI_KASUMIGAURA
外浪逆浦,タナゴ,35.907493,140.565723,IBARAKI_KASUMIGAURA
久慈港,アイナメ,36.50013852,140.6268745,IBARAKI_HITACHI
久慈港,アイナメ,36.50001,140.626639,IBARAKI_HITACHI
久慈港,カレイ,36.49977247,140.6270111,IBARAKI_HITACHI
久慈港,カレイ,36.499479,140.62736,IBARAKI_HITACHI
久慈港,アナゴ,36.49913166,140.6276983,IBARAKI_HITACHI
久慈港,メバル,36.501121,140.628346,IBARAKI_HITACHI
久慈港,メバル,36.501011,140.628536,IBARAKI_HITACHI
久慈港,メバル,36.500999,140.628149,IBARAKI_HITACHI
久慈港,メバル,36.500798,140.627914,IBARAKI_HITACHI
久慈港,メバル,36.499242,140.629727,IBARAKI_HITACHI
久慈港,メバル,36.498827,140.629682,IBARAKI_HITACHI
久慈港,メバル,36.49962,140.629515,IBARAKI_HITACHI
久慈港,メバル,36.500066,140.629985,IBARAKI_HITACHI
久慈港,メバル,36.499419,140.629431,IBARAKI_HITACHI
久慈港,アジ,36.499084,140.628786,IBARAKI_HITACHI
久慈港,アジ,36.498998,140.628475,IBARAKI_HITACHI
久慈港,アジ,36.498754,140.62846,IBARAKI_HITACHI
久慈港,アジ,36.498651,140.628726,IBARAKI_HITACHI
久慈港,アジ,36.500908,140.629454,IBARAKI_HITACHI
久慈港,アジ,36.501134,140.629712,IBARAKI_HITACHI
久慈港,アジ,36.500676,140.629241,IBARAKI_HITACHI
久慈港,アジ,36.502188,140.629135,IBARAKI_HITACHI
久慈港,アジ,36.502408,140.629097,IBARAKI_HITACHI
久慈港,アイナメ,36.500063,140.630638,IBARAKI_HITACHI
久慈港,アイナメ,36.499027,140.62949,IBARAKI_HITACHI
久慈港,アイナメ,36.498192,140.628707,IBARAKI_HITACHI
久慈港,クロダイ,36.49858,140.629651,IBARAKI_HITACHI
久慈港,サバ,36.498624,140.629157,IBARAKI_HITACHI
久慈港,ウミタナゴ,36.499547,140.629984,IBARAKI_HITACHI
久慈港,クロダイ,36.500626,140.63082,IBARAKI_HITACHI
久慈港,クロダイ,36.50161,140.631196,IBARAKI_HITACHI
久慈港,イシモチ,36.501075,140.631217,IBARAKI_HITACHI
久慈港,カレイ,36.49814,140.629297,IBARAKI_HITACHI
九ノ﨑海岸,メバル,36.85089086,140.7986623,IBARAKI_HITACHI
九ノ﨑海岸,メバル,36.851106,140.798308,IBARAKI_HITACHI
九ノ﨑海岸,メバル,36.851416,140.79834,IBARAKI_HITACHI
九ノ﨑海岸,メバル,36.850617,140.798426,IBARAKI_HITACHI
九ノ﨑海岸,メバル,36.847149,140.797865,IBARAKI_HITACHI
九ノ﨑海岸,メバル,36.846972,140.797729,IBARAKI_HITACHI
九ノ﨑海岸,メバル,36.846942,140.79744,IBARAKI_HITACHI
九ノ﨑海岸,メバル,36.846444,140.797873,IBARAKI_HITACHI
九ノ﨑海岸,メバル,36.846413,140.798207,IBARAKI_HITACHI
九ノ﨑海岸,メバル,36.846395,140.797524,IBARAKI_HITACHI
九ノ﨑海岸,メバル,36.846261,140.797774,IBARAKI_HITACHI
九ノ﨑海岸,メバル,36.846158,140.798032,IBARAKI_HITACHI
九ノ﨑海岸,アジ,36.851064,140.799156,IBARAKI_HITACHI
九ノ﨑海岸,アジ,36.850807,140.798094,IBARAKI_HITACHI
九ノ﨑海岸,アジ,36.846644,140.798491,IBARAKI_HITACHI
九ノ﨑海岸,アジ,36.8474,140.798212,IBARAKI_HITACHI
九ノ﨑海岸,アジ,36.846154,140.798501,IBARAKI_HITACHI
古渡入周辺,マブナ,35.980277,140.345876,IBARAKI_KASUMIGAURA
古渡入周辺,マブナ,35.979903,140.345817,IBARAKI_KASUMIGAURA
古渡入周辺,マブナ,35.979495,140.345795,IBARAKI_KASUMIGAURA
古渡入周辺,マブナ,35.97960354,140.3456452,IBARAKI_KASUMIGAURA
古渡入周辺,マブナ,35.979465,140.345254,IBARAKI_KASUMIGAURA
古渡入周辺,バス,35.987821,140.355622,IBARAKI_KASUMIGAURA
古渡入周辺,バス,35.988288,140.355667,IBARAKI_KASUMIGAURA
古渡入周辺,バス,35.988171,140.354218,IBARAKI_KASUMIGAURA
古渡入周辺,バス,35.9880238,140.3537554,IBARAKI_KASUMIGAURA
古渡入周辺,バス,35.987631,140.353937,IBARAKI_KASUMIGAURA
古渡入周辺,バス,35.986072,140.354165,IBARAKI_KASUMIGAURA
古渡入周辺,バス,35.985409,140.354028,IBARAKI_KASUMIGAURA
古渡入周辺,マブナ,35.986692,140.354317,IBARAKI_KASUMIGAURA
古渡入周辺,マブナ,35.987913,140.354726,IBARAKI_KASUMIGAURA
古渡入周辺,マブナ,35.987876,140.355151,IBARAKI_KASUMIGAURA
古渡入周辺,コイ,35.988147,140.355166,IBARAKI_KASUMIGAURA
古渡入周辺,コイ,35.987195,140.354286,IBARAKI_KASUMIGAURA
古渡入周辺,コイ,35.986446,140.354021,IBARAKI_KASUMIGAURA
古渡入周辺,マブナ,35.981879,140.352079,IBARAKI_KASUMIGAURA
古渡入周辺,マブナ,35.9835,140.353126,IBARAKI_KASUMIGAURA
古渡入周辺,バス,35.982628,140.352633,IBARAKI_KASUMIGAURA
古渡入周辺,バス,35.984292,140.353649,IBARAKI_KASUMIGAURA
古渡入周辺,コイ,35.983997,140.353126,IBARAKI_KASUMIGAURA
古渡入周辺,バス,35.981719,140.347038,IBARAKI_KASUMIGAURA
古渡入周辺,バス,35.98318,140.347007,IBARAKI_KASUMIGAURA
古渡入周辺,バス,35.984666,140.346749,IBARAKI_KASUMIGAURA
古渡入周辺,バス,35.985857,140.346628,IBARAKI_KASUMIGAURA
古渡入周辺,バス,35.992799,140.348671,IBARAKI_KASUMIGAURA
古渡入周辺,バス,35.992357,140.350511,IBARAKI_KASUMIGAURA
古渡入周辺,バス,35.992187,140.349926,IBARAKI_KASUMIGAURA
古渡入周辺,バス,35.99207,140.348472,IBARAKI_KASUMIGAURA
古渡入周辺,バス,35.992122,140.348826,IBARAKI_KASUMIGAURA
古渡入周辺,バス,35.991831,140.347957,IBARAKI_KASUMIGAURA
古渡入周辺,バス,35.991966,140.348177,IBARAKI_KASUMIGAURA
古渡入周辺,マブナ,35.992309,140.349298,IBARAKI_KASUMIGAURA
古渡入周辺,マブナ,35.992621,140.350398,IBARAKI_KASUMIGAURA
古渡入周辺,マブナ,35.992548,140.349052,IBARAKI_KASUMIGAURA
古渡入周辺,コイ,35.992296,140.349636,IBARAKI_KASUMIGAURA
古渡入周辺,ワカサギ,35.99213959,140.349175,IBARAKI_KASUMIGAURA
古渡入周辺,マブナ,35.970643,140.35348,IBARAKI_KASUMIGAURA
古渡入周辺,マブナ,35.974455,140.35205,IBARAKI_KASUMIGAURA
古渡入周辺,マブナ,35.975688,140.350226,IBARAKI_KASUMIGAURA
古渡入周辺,マブナ,35.976261,140.350092,IBARAKI_KASUMIGAURA
古渡入周辺,ヘラブナ,35.975975,140.350135,IBARAKI_KASUMIGAURA
古渡入周辺,ヘラブナ,35.975206,140.350817,IBARAKI_KASUMIGAURA
古渡入周辺,ヘラブナ,35.97350866,140.3536275,IBARAKI_KASUMIGAURA
古渡入周辺,ヘラブナ,35.972132,140.354126,IBARAKI_KASUMIGAURA
古渡入周辺,ヘラブナ,35.974902,140.351332,IBARAKI_KASUMIGAURA
古渡入周辺,バス,35.975428,140.350484,IBARAKI_KASUMIGAURA
古渡入周辺,バス,35.974685,140.351723,IBARAKI_KASUMIGAURA
古渡入周辺,バス,35.973648,140.352571,IBARAKI_KASUMIGAURA
古渡入周辺,バス,35.973365,140.352925,IBARAKI_KASUMIGAURA
古渡入周辺,バス,35.973022,140.353204,IBARAKI_KASUMIGAURA
古渡入周辺,バス,35.972897,140.354153,IBARAKI_KASUMIGAURA
古渡入周辺,バス,35.971677,140.352807,IBARAKI_KASUMIGAURA
古渡入周辺,バス,35.971503,140.352308,IBARAKI_KASUMIGAURA
古渡入周辺,バス,35.973943,140.353177,IBARAKI_KASUMIGAURA
古渡入周辺,バス,35.974902,140.349921,IBARAKI_KASUMIGAURA
古渡入周辺,バス,35.974711,140.35028,IBARAKI_KASUMIGAURA
古渡入周辺,バス,35.974976,140.349615,IBARAKI_KASUMIGAURA
古渡入周辺,コイ,35.974094,140.352428,IBARAKI_KASUMIGAURA
古渡入周辺,コイ,35.97130693,140.3537629,IBARAKI_KASUMIGAURA
古渡入周辺,コイ,35.974831,140.351032,IBARAKI_KASUMIGAURA
古渡入周辺,コイ,35.975476,140.350159,IBARAKI_KASUMIGAURA
古渡入周辺,コイ,35.976102,140.349871,IBARAKI_KASUMIGAURA
古渡入周辺,バス,35.976624,140.350084,IBARAKI_KASUMIGAURA
古渡入周辺,バス,35.971199,140.350607,IBARAKI_KASUMIGAURA
古渡入周辺,バス,35.971017,140.34991,IBARAKI_KASUMIGAURA
古渡入周辺,バス,35.970995,140.349422,IBARAKI_KASUMIGAURA
古渡入周辺,バス,35.971407,140.349245,IBARAKI_KASUMIGAURA
古渡入周辺,バス,35.96978368,140.3498241,IBARAKI_KASUMIGAURA
古渡入周辺,バス,35.96988788,140.3491965,IBARAKI_KASUMIGAURA
古渡入周辺,バス,35.96976197,140.3504357,IBARAKI_KASUMIGAURA
古渡入周辺,バス,35.970001,140.348547,IBARAKI_KASUMIGAURA
古渡入周辺,ヘラブナ,35.971351,140.348655,IBARAKI_KASUMIGAURA
古渡入周辺,ヘラブナ,35.969449,140.347925,IBARAKI_KASUMIGAURA
古渡入周辺,マブナ,35.97095155,140.3476408,IBARAKI_KASUMIGAURA
古渡入周辺,バス,35.96913244,140.3468469,IBARAKI_KASUMIGAURA
古渡入周辺,バス,35.97053043,140.346643,IBARAKI_KASUMIGAURA
古渡入周辺,ヘラブナ,35.97004417,140.3456238,IBARAKI_KASUMIGAURA
古渡入周辺,マブナ,35.969567,140.344803,IBARAKI_KASUMIGAURA
古渡入周辺,バス,35.969072,140.344358,IBARAKI_KASUMIGAURA
古渡入周辺,バス,35.968373,140.344438,IBARAKI_KASUMIGAURA
古渡入周辺,バス,35.967808,140.343913,IBARAKI_KASUMIGAURA
古渡入周辺,ヘラブナ,35.96852,140.343875,IBARAKI_KASUMIGAURA
古渡入周辺,バス,35.967131,140.343414,IBARAKI_KASUMIGAURA
古渡入周辺,マブナ,35.968768,140.345892,IBARAKI_KASUMIGAURA
古渡入周辺,コイ,35.969106,140.346198,IBARAKI_KASUMIGAURA
古渡入周辺,コイ,35.969727,140.345318,IBARAKI_KASUMIGAURA
古渡入周辺,コイ,35.971034,140.348285,IBARAKI_KASUMIGAURA
古渡入周辺,テナガエビ,35.996354,140.362393,IBARAKI_KASUMIGAURA
古渡入周辺,テナガエビ,35.99613058,140.3616393,IBARAKI_KASUMIGAURA
古渡入周辺,テナガエビ,35.9946869,140.3562475,IBARAKI_KASUMIGAURA
古渡入周辺,テナガエビ,35.994892,140.35693,IBARAKI_KASUMIGAURA
古渡入周辺,テナガエビ,35.995077,140.357719,IBARAKI_KASUMIGAURA
古渡入周辺,テナガエビ,35.995335,140.358645,IBARAKI_KASUMIGAURA
古渡入周辺,マブナ,36.003895,140.376821,IBARAKI_KASUMIGAURA
古渡入周辺,マブナ,36.002187,140.376627,IBARAKI_KASUMIGAURA
古渡入周辺,マブナ,36.001389,140.37328,IBARAKI_KASUMIGAURA
古渡入周辺,マブナ,36.001623,140.374707,IBARAKI_KASUMIGAURA
古渡入周辺,マブナ,36.000371,140.369895,IBARAKI_KASUMIGAURA
古渡入周辺,マブナ,35.999689,140.368962,IBARAKI_KASUMIGAURA
古渡入周辺,マブナ,35.999303,140.36842,IBARAKI_KASUMIGAURA
古渡入周辺,バス,35.999515,140.368693,IBARAKI_KASUMIGAURA
古渡入周辺,バス,35.99912,140.368136,IBARAKI_KASUMIGAURA
古渡入周辺,バス,35.999589,140.369273,IBARAKI_KASUMIGAURA
古渡入周辺,バス,35.999763,140.369498,IBARAKI_KASUMIGAURA
古渡入周辺,バス,36.000015,140.369627,IBARAKI_KASUMIGAURA
古渡入周辺,バス,36.000579,140.370217,IBARAKI_KASUMIGAURA
古渡入周辺,バス,36.001447,140.373935,IBARAKI_KASUMIGAURA
古渡入周辺,バス,36.001885,140.375796,IBARAKI_KASUMIGAURA
古渡入周辺,バス,36.002376,140.376853,IBARAKI_KASUMIGAURA
古渡入周辺,バス,36.003496,140.376917,IBARAKI_KASUMIGAURA
古渡入周辺,バス,36.004256,140.376654,IBARAKI_KASUMIGAURA
古渡入周辺,コイ,36.004629,140.376703,IBARAKI_KASUMIGAURA
古渡入周辺,コイ,36.002744,140.376917,IBARAKI_KASUMIGAURA
古渡入周辺,コイ,36.001585,140.375479,IBARAKI_KASUMIGAURA
古渡入周辺,コイ,36.001355,140.374396,IBARAKI_KASUMIGAURA
古渡入周辺,コイ,36.000587,140.37063,IBARAKI_KASUMIGAURA
古渡入周辺,コイ,36.000174,140.369852,IBARAKI_KASUMIGAURA
古渡入周辺,コイ,35.99928,140.368763,IBARAKI_KASUMIGAURA
古渡入周辺,コイ,35.998876,140.36813,IBARAKI_KASUMIGAURA
古渡入周辺,ヘラブナ,36.003135,140.376826,IBARAKI_KASUMIGAURA
古渡入周辺,バス,35.99489779,140.3574282,IBARAKI_KASUMIGAURA
古渡入周辺,バス,35.994515,140.355974,IBARAKI_KASUMIGAURA
古渡入周辺,バス,35.994282,140.355428,IBARAKI_KASUMIGAURA
古渡入周辺,バス,35.994055,140.354867,IBARAKI_KASUMIGAURA
古渡入周辺,バス,35.994097,140.355216,IBARAKI_KASUMIGAURA
古渡入周辺,バス,35.993895,140.354647,IBARAKI_KASUMIGAURA
古渡入周辺,バス,35.99368,140.354768,IBARAKI_KASUMIGAURA
古渡入周辺,バス,35.99352,140.354495,IBARAKI_KASUMIGAURA
古渡入周辺,マブナ,35.99471545,140.3566664,IBARAKI_KASUMIGAURA
古渡入周辺,マブナ,35.994478,140.355603,IBARAKI_KASUMIGAURA
古渡入周辺,コイ,35.994331,140.355823,IBARAKI_KASUMIGAURA
古渡入周辺,コイ,35.994626,140.356923,IBARAKI_KASUMIGAURA
古渡入周辺,マブナ,35.99653,140.362771,IBARAKI_KASUMIGAURA
古渡入周辺,マブナ,35.996252,140.362025,IBARAKI_KASUMIGAURA
古渡入周辺,マブナ,35.995223,140.363039,IBARAKI_KASUMIGAURA
古渡入周辺,マブナ,35.99718935,140.3659576,IBARAKI_KASUMIGAURA
古渡入周辺,ヘラブナ,35.996617,140.365319,IBARAKI_KASUMIGAURA
古渡入周辺,ヘラブナ,35.998236,140.367004,IBARAKI_KASUMIGAURA
古渡入周辺,ヘラブナ,35.996039,140.361237,IBARAKI_KASUMIGAURA
古渡入周辺,マブナ,35.998617,140.367492,IBARAKI_KASUMIGAURA
古渡入周辺,バス,35.997723,140.366478,IBARAKI_KASUMIGAURA
古渡入周辺,バス,35.996478,140.365126,IBARAKI_KASUMIGAURA
古渡入周辺,バス,35.996113,140.36467,IBARAKI_KASUMIGAURA
古渡入周辺,バス,35.99517557,140.3639245,IBARAKI_KASUMIGAURA
古渡入周辺,バス,35.995418,140.3643,IBARAKI_KASUMIGAURA
古渡入周辺,バス,35.995835,140.364386,IBARAKI_KASUMIGAURA
古渡入周辺,バス,35.99498889,140.363431,IBARAKI_KASUMIGAURA
古渡入周辺,バス,35.99554,140.362986,IBARAKI_KASUMIGAURA
古渡入周辺,バス,35.995853,140.36297,IBARAKI_KASUMIGAURA
古渡入周辺,バス,35.996222,140.36297,IBARAKI_KASUMIGAURA
古渡入周辺,コイ,35.996204,140.362632,IBARAKI_KASUMIGAURA
古渡入周辺,コイ,35.995914,140.361537,IBARAKI_KASUMIGAURA
古渡入周辺,コイ,35.996187,140.365078,IBARAKI_KASUMIGAURA
古渡入周辺,コイ,35.996817,140.365845,IBARAKI_KASUMIGAURA
古渡入周辺,コイ,35.997867,140.366934,IBARAKI_KASUMIGAURA
古渡入周辺,バス,35.983715,140.373503,IBARAKI_KASUMIGAURA
古渡入周辺,バス,35.983702,140.373047,IBARAKI_KASUMIGAURA
古渡入周辺,バス,35.983532,140.372736,IBARAKI_KASUMIGAURA
古渡入周辺,バス,35.983688,140.372322,IBARAKI_KASUMIGAURA
古渡入周辺,バス,35.98378,140.371985,IBARAKI_KASUMIGAURA
古渡入周辺,バス,35.98348,140.37163,IBARAKI_KASUMIGAURA
古渡入周辺,バス,35.98361,140.371813,IBARAKI_KASUMIGAURA
古渡入周辺,バス,35.98328046,140.370976,IBARAKI_KASUMIGAURA
古渡入周辺,バス,35.983745,140.374152,IBARAKI_KASUMIGAURA
古渡入周辺,マブナ,35.983797,140.373787,IBARAKI_KASUMIGAURA
古渡入周辺,マブナ,35.983636,140.374409,IBARAKI_KASUMIGAURA
古渡入周辺,マブナ,35.983545,140.372478,IBARAKI_KASUMIGAURA
古渡入周辺,マブナ,35.983289,140.371266,IBARAKI_KASUMIGAURA
古渡入周辺,マブナ,35.98351486,140.3749886,IBARAKI_KASUMIGAURA
古渡入周辺,バス,35.98355,140.374699,IBARAKI_KASUMIGAURA
古渡入周辺,バス,35.983389,140.375219,IBARAKI_KASUMIGAURA
古渡入周辺,コイ,35.983589,140.375198,IBARAKI_KASUMIGAURA
古渡入周辺,コイ,35.983741,140.374613,IBARAKI_KASUMIGAURA
古渡入周辺,コイ,35.983879,140.373991,IBARAKI_KASUMIGAURA
古渡入周辺,コイ,35.983654,140.372827,IBARAKI_KASUMIGAURA
古渡入周辺,コイ,35.98342805,140.3714105,IBARAKI_KASUMIGAURA
古渡入周辺,バス,35.983927,140.394805,IBARAKI_KASUMIGAURA
古渡入周辺,バス,35.98404,140.39533,IBARAKI_KASUMIGAURA
古渡入周辺,バス,35.984131,140.39636,IBARAKI_KASUMIGAURA
古渡入周辺,バス,35.985117,140.397042,IBARAKI_KASUMIGAURA
古渡入周辺,バス,35.986779,140.397315,IBARAKI_KASUMIGAURA
古渡入周辺,バス,35.987812,140.398158,IBARAKI_KASUMIGAURA
古渡入周辺,バス,35.987339,140.397782,IBARAKI_KASUMIGAURA
古渡入周辺,バス,35.988342,140.398597,IBARAKI_KASUMIGAURA
古渡入周辺,バス,35.988858,140.398587,IBARAKI_KASUMIGAURA
古渡入周辺,バス,35.989362,140.39901,IBARAKI_KASUMIGAURA
古渡入周辺,マブナ,35.986237,140.397541,IBARAKI_KASUMIGAURA
古渡入周辺,マブナ,35.984578,140.396886,IBARAKI_KASUMIGAURA
古渡入周辺,マブナ,35.983402,140.394134,IBARAKI_KASUMIGAURA
古渡入周辺,コイ,35.983654,140.39429,IBARAKI_KASUMIGAURA
古渡入周辺,コイ,35.984969,140.396752,IBARAKI_KASUMIGAURA
古渡入周辺,コイ,35.985651,140.397015,IBARAKI_KASUMIGAURA
五霞落川,マブナ,36.081149,139.765221,IBARAKI_TSUKUBA
五霞落川,マブナ,36.080619,139.765092,IBARAKI_TSUKUBA
五霞落川,マブナ,36.082909,139.765575,IBARAKI_TSUKUBA
五霞落川,マブナ,36.083343,139.765644,IBARAKI_TSUKUBA
五霞落川,マブナ,36.083122,139.765618,IBARAKI_TSUKUBA
五霞落川,マブナ,36.0817771,139.7653654,IBARAKI_TSUKUBA
五霞落川,マブナ,36.08243609,139.7654942,IBARAKI_TSUKUBA
港公園,アイナメ,35.914038,140.673011,IBARAKI_KASUMIGAURA
港公園,クロダイ,35.915932,140.671858,IBARAKI_KASUMIGAURA
港公園,クロダイ,35.91266,140.67374,IBARAKI_KASUMIGAURA
港公園,セイゴ,35.913472,140.673603,IBARAKI_KASUMIGAURA
港公園,セイゴ,35.915268,140.672541,IBARAKI_KASUMIGAURA
港公園,カレイ,35.916386,140.672602,IBARAKI_KASUMIGAURA
港公園,カレイ,35.9133,140.674468,IBARAKI_KASUMIGAURA
港公園,アジ,35.914886,140.673315,IBARAKI_KASUMIGAURA
港公園,イワシ,35.914099,140.673922,IBARAKI_KASUMIGAURA
港公園,シロギス,35.915944,140.673285,IBARAKI_KASUMIGAURA
港公園,シロギス,35.913903,140.674696,IBARAKI_KASUMIGAURA
鵠戸川,マブナ,36.050383,139.869229,IBARAKI_TSUKUBA
鵠戸川,マブナ,36.050695,139.869336,IBARAKI_TSUKUBA
鵠戸川,マブナ,36.048092,139.868494,IBARAKI_TSUKUBA
鵠戸川,マブナ,36.046852,139.868065,IBARAKI_TSUKUBA
鵠戸川,マブナ,36.046096,139.867914,IBARAKI_TSUKUBA
鵠戸川,クチボソ,36.049611,139.868966,IBARAKI_TSUKUBA
鵠戸川,モロコ,36.045655,139.868011,IBARAKI_TSUKUBA
鹿島釣り園,イワシ,35.938488,140.702578,IBARAKI_KASUMIGAURA
鹿島釣り園,シロギス,35.939001,140.701955,IBARAKI_KASUMIGAURA
鹿島釣り園,イシモチ,35.939135,140.702417,IBARAKI_KASUMIGAURA
鹿島釣り園,アジ,35.938635,140.702953,IBARAKI_KASUMIGAURA
鹿島釣り園,イシモチ,35.938918,140.703988,IBARAKI_KASUMIGAURA
鹿島釣り園,ヒラメ,35.938531,140.704181,IBARAKI_KASUMIGAURA
鹿島釣り園,カレイ,35.93834,140.703978,IBARAKI_KASUMIGAURA
鹿島釣り園,カレイ,35.937623,140.703152,IBARAKI_KASUMIGAURA
鹿島釣り園,シロギス,35.93798,140.703629,IBARAKI_KASUMIGAURA
鹿島釣り園,アイナメ,35.938258,140.70305,IBARAKI_KASUMIGAURA
鹿島釣り園,ヒラマサ,35.938831,140.704514,IBARAKI_KASUMIGAURA
鹿島釣り園,シロギス,35.939209,140.704224,IBARAKI_KASUMIGAURA
鹿島釣り園,アジ,35.936634,140.70008,IBARAKI_KASUMIGAURA
鹿島釣り園,アジ,35.936695,140.69964,IBARAKI_KASUMIGAURA
鹿島釣り園,メバル,35.93758,140.698836,IBARAKI_KASUMIGAURA
鹿島釣り園,メバル,35.93774,140.700262,IBARAKI_KASUMIGAURA
鹿島釣り園,メバル,35.937851,140.699822,IBARAKI_KASUMIGAURA
鹿島釣り園,メバル,35.937322,140.699382,IBARAKI_KASUMIGAURA
常陸利根川,ハゼ,35.841181,140.709272,IBARAKI_KASUMIGAURA
常陸利根川,ハゼ,35.840716,140.709895,IBARAKI_KASUMIGAURA
常陸利根川,ハゼ,35.84035868,140.7103398,IBARAKI_KASUMIGAURA
常陸利根川,スズキ,35.840481,140.710045,IBARAKI_KASUMIGAURA
常陸利根川,スズキ,35.840158,140.710463,IBARAKI_KASUMIGAURA
常陸利根川,スズキ,35.840908,140.709465,IBARAKI_KASUMIGAURA
常陸利根川,スズキ,35.841347,140.708832,IBARAKI_KASUMIGAURA
常陸利根川,ハゼ,35.839542,140.707116,IBARAKI_KASUMIGAURA
常陸利根川,ハゼ,35.83864115,140.7082263,IBARAKI_KASUMIGAURA
常陸利根川,ハゼ,35.839094,140.707625,IBARAKI_KASUMIGAURA
常陸利根川,スズキ,35.838915,140.70798,IBARAKI_KASUMIGAURA
常陸利根川,スズキ,35.83936834,140.707427,IBARAKI_KASUMIGAURA
常陸利根川,スズキ,35.838454,140.70858,IBARAKI_KASUMIGAURA
常陸利根川,ハゼ,35.84054708,140.7058659,IBARAKI_KASUMIGAURA
常陸利根川,マブナ,35.840847,140.705732,IBARAKI_KASUMIGAURA
常陸利根川,バス,35.8412,140.705319,IBARAKI_KASUMIGAURA
常陸利根川,スズキ,35.84175022,140.7049245,IBARAKI_KASUMIGAURA
常陸利根川,バス,35.843247,140.703114,IBARAKI_KASUMIGAURA
常陸利根川,バス,35.84228145,140.7041734,IBARAKI_KASUMIGAURA
常陸利根川,コイ,35.840358,140.706351,IBARAKI_KASUMIGAURA
常陸利根川,マブナ,35.842544,140.707199,IBARAKI_KASUMIGAURA
常陸利根川,ハゼ,35.842883,140.706748,IBARAKI_KASUMIGAURA
常陸利根川,バス,35.843273,140.706223,IBARAKI_KASUMIGAURA
常陸利根川,マブナ,35.843848,140.705933,IBARAKI_KASUMIGAURA
常陸利根川,スズキ,35.844222,140.705311,IBARAKI_KASUMIGAURA
常陸利根川,コイ,35.844691,140.704957,IBARAKI_KASUMIGAURA
常陸利根川,ヘラブナ,35.859514,140.688074,IBARAKI_KASUMIGAURA
常陸利根川,マブナ,35.859016,140.689106,IBARAKI_KASUMIGAURA
常陸利根川,ハゼ,35.858757,140.689645,IBARAKI_KASUMIGAURA
常陸利根川,バス,35.85983392,140.687346,IBARAKI_KASUMIGAURA
常陸利根川,ハゼ,35.860572,140.685358,IBARAKI_KASUMIGAURA
常陸利根川,スズキ,35.8601046,140.6863977,IBARAKI_KASUMIGAURA
常陸利根川,コイ,35.859169,140.688522,IBARAKI_KASUMIGAURA
常陸利根川,バス,35.858412,140.690267,IBARAKI_KASUMIGAURA
常陸利根川,ヘラブナ,35.858142,140.690707,IBARAKI_KASUMIGAURA
常陸利根川,マブナ,35.857889,140.691116,IBARAKI_KASUMIGAURA
常陸利根川,コイ,35.857932,140.690775,IBARAKI_KASUMIGAURA
常陸利根川,ハゼ,35.858353,140.684011,IBARAKI_KASUMIGAURA
常陸利根川,バス,35.857596,140.686012,IBARAKI_KASUMIGAURA
常陸利根川,ヘラブナ,35.85733941,140.6866989,IBARAKI_KASUMIGAURA
常陸利根川,マブナ,35.85696113,140.6876859,IBARAKI_KASUMIGAURA
常陸利根川,コイ,35.85722637,140.6873372,IBARAKI_KASUMIGAURA
常陸利根川,スズキ,35.858021,140.685214,IBARAKI_KASUMIGAURA
常陸利根川,バス,35.855866,140.665032,IBARAKI_KASUMIGAURA
常陸利根川,バス,35.859657,140.667376,IBARAKI_KASUMIGAURA
常陸利根川,バス,35.858287,140.666368,IBARAKI_KASUMIGAURA
常陸利根川,コイ,35.85757,140.665893,IBARAKI_KASUMIGAURA
常陸利根川,コイ,35.85925857,140.6670409,IBARAKI_KASUMIGAURA
常陸利根川,マブナ,35.858832,140.66673,IBARAKI_KASUMIGAURA
常陸利根川,マブナ,35.856752,140.665453,IBARAKI_KASUMIGAURA
常陸利根川,マブナ,35.85991,140.667414,IBARAKI_KASUMIGAURA
常陸利根川,マブナ,35.860049,140.667049,IBARAKI_KASUMIGAURA
常陸利根川,マブナ,35.859792,140.665515,IBARAKI_KASUMIGAURA
常陸利根川,ハゼ,35.859948,140.666437,IBARAKI_KASUMIGAURA
常陸利根川,ハゼ,35.860162,140.668106,IBARAKI_KASUMIGAURA
常陸利根川,バス,35.86023047,140.6687871,IBARAKI_KASUMIGAURA
常陸利根川,スズキ,35.860309,140.668422,IBARAKI_KASUMIGAURA
常陸利根川,バス,35.860069,140.667328,IBARAKI_KASUMIGAURA
常陸利根川,コイ,35.8601,140.667687,IBARAKI_KASUMIGAURA
常陸利根川,コイ,35.8600395,140.6658956,IBARAKI_KASUMIGAURA
新利根川周辺,タナゴ,35.934427,140.392219,IBARAKI_KASUMIGAURA
新利根川周辺,タナゴ,35.934088,140.39098,IBARAKI_KASUMIGAURA
新利根川周辺,クチボソ,35.933262,140.38737,IBARAKI_KASUMIGAURA
新利根川周辺,モロコ,35.933679,140.389097,IBARAKI_KASUMIGAURA
新利根川周辺,モロコ,35.934818,140.39352,IBARAKI_KASUMIGAURA
新利根川周辺,バス,35.936249,140.409971,IBARAKI_KASUMIGAURA
新利根川周辺,バス,35.936347,140.409607,IBARAKI_KASUMIGAURA
新利根川周辺,バス,35.936563,140.41016,IBARAKI_KASUMIGAURA
新利根川周辺,バス,35.936728,140.409205,IBARAKI_KASUMIGAURA
新利根川周辺,バス,35.93647,140.410525,IBARAKI_KASUMIGAURA
新利根川周辺,バス,35.936058,140.410767,IBARAKI_KASUMIGAURA
新利根川周辺,バス,35.93684232,140.4082146,IBARAKI_KASUMIGAURA
新利根川周辺,バス,35.9369775,140.4072435,IBARAKI_KASUMIGAURA
新利根川周辺,バス,35.93706347,140.4063028,IBARAKI_KASUMIGAURA
新利根川周辺,バス,35.937245,140.405305,IBARAKI_KASUMIGAURA
新利根川周辺,ヘラブナ,35.936462,140.408643,IBARAKI_KASUMIGAURA
新利根川周辺,ヘラブナ,35.93669,140.40664,IBARAKI_KASUMIGAURA
新利根川周辺,バス,35.937648,140.401906,IBARAKI_KASUMIGAURA
新利根川周辺,バス,35.937456,140.403708,IBARAKI_KASUMIGAURA
新利根川周辺,バス,35.93726,140.402722,IBARAKI_KASUMIGAURA
新利根川周辺,ヘラブナ,35.937002,140.404391,IBARAKI_KASUMIGAURA
新利根川周辺,バス,35.93683,140.405666,IBARAKI_KASUMIGAURA
新利根川周辺,バス,35.936596,140.407729,IBARAKI_KASUMIGAURA
新利根川周辺,ヘラブナ,35.936161,140.410396,IBARAKI_KASUMIGAURA
新利根川周辺,バス,35.936747,140.397954,IBARAKI_KASUMIGAURA
新利根川周辺,バス,35.936342,140.397734,IBARAKI_KASUMIGAURA
新利根川周辺,バス,35.937018,140.398462,IBARAKI_KASUMIGAURA
新利根川周辺,バス,35.936907,140.398196,IBARAKI_KASUMIGAURA
新利根川周辺,バス,35.93719,140.398849,IBARAKI_KASUMIGAURA
新利根川周辺,バス,35.936554,140.398227,IBARAKI_KASUMIGAURA
新利根川周辺,バス,35.936695,140.398538,IBARAKI_KASUMIGAURA
新利根川周辺,ヘラブナ,35.936849,140.398879,IBARAKI_KASUMIGAURA
新利根川周辺,バス,35.937359,140.399221,IBARAKI_KASUMIGAURA
新利根川周辺,ヘラブナ,35.937432,140.399646,IBARAKI_KASUMIGAURA
新利根川周辺,バス,35.936984,140.399244,IBARAKI_KASUMIGAURA
新利根川周辺,バス,35.937107,140.399653,IBARAKI_KASUMIGAURA
新利根川周辺,バス,35.937212,140.400169,IBARAKI_KASUMIGAURA
新利根川周辺,ヘラブナ,35.93656,140.397499,IBARAKI_KASUMIGAURA
新利根川周辺,マブナ,35.936277,140.396892,IBARAKI_KASUMIGAURA
新利根川周辺,ヘラブナ,35.935951,140.396148,IBARAKI_KASUMIGAURA
新利根川周辺,ヘラブナ,35.935847,140.396733,IBARAKI_KASUMIGAURA
新利根川周辺,マブナ,35.936081,140.397279,IBARAKI_KASUMIGAURA
新利根川周辺,バス,35.9356266,140.3962546,IBARAKI_KASUMIGAURA
新利根川周辺,バス,35.935534,140.395663,IBARAKI_KASUMIGAURA
新利根川周辺,バス,35.93531928,140.3951166,IBARAKI_KASUMIGAURA
新利根川周辺,バス,35.935049,140.394586,IBARAKI_KASUMIGAURA
新利根川周辺,バス,35.93266289,140.385527,IBARAKI_KASUMIGAURA
新利根川周辺,マブナ,35.933063,140.387716,IBARAKI_KASUMIGAURA
新利根川周辺,バス,35.9331492,140.3882629,IBARAKI_KASUMIGAURA
新利根川周辺,ヘラブナ,35.932915,140.386181,IBARAKI_KASUMIGAURA
新利根川周辺,コイ,35.932967,140.3869,IBARAKI_KASUMIGAURA
新利根川周辺,ヘラブナ,35.9332534,140.3887028,IBARAKI_KASUMIGAURA
新利根川周辺,バス,35.93376603,140.3909558,IBARAKI_KASUMIGAURA
新利根川周辺,マブナ,35.93367886,140.3905374,IBARAKI_KASUMIGAURA
新利根川周辺,ヘラブナ,35.9338882,140.3914171,IBARAKI_KASUMIGAURA
新利根川周辺,ヘラブナ,35.933549,140.390022,IBARAKI_KASUMIGAURA
新利根川周辺,バス,35.933436,140.389518,IBARAKI_KASUMIGAURA
新利根川周辺,バス,35.93414834,140.3913528,IBARAKI_KASUMIGAURA
新利根川周辺,マブナ,35.934288,140.391718,IBARAKI_KASUMIGAURA
新利根川周辺,コイ,35.933401,140.389089,IBARAKI_KASUMIGAURA
新利根川周辺,コイ,35.933722,140.390226,IBARAKI_KASUMIGAURA
新利根川周辺,マブナ,35.9325182,140.384397,IBARAKI_KASUMIGAURA
新利根川周辺,ヘラブナ,35.931629,140.381171,IBARAKI_KASUMIGAURA
新利根川周辺,コイ,35.932011,140.382791,IBARAKI_KASUMIGAURA
新利根川周辺,ヘラブナ,35.933827,140.423335,IBARAKI_KASUMIGAURA
新利根川周辺,ヘラブナ,35.933219,140.422059,IBARAKI_KASUMIGAURA
新利根川周辺,ヘラブナ,35.93469682,140.4243761,IBARAKI_KASUMIGAURA
新利根川周辺,ヘラブナ,35.935209,140.425438,IBARAKI_KASUMIGAURA
新利根川周辺,バス,35.935017,140.42502,IBARAKI_KASUMIGAURA
新利根川周辺,バス,35.934287,140.424247,IBARAKI_KASUMIGAURA
新利根川周辺,バス,35.934313,140.423539,IBARAKI_KASUMIGAURA
新利根川周辺,バス,35.933957,140.422767,IBARAKI_KASUMIGAURA
新利根川周辺,バス,35.933635,140.422102,IBARAKI_KASUMIGAURA
新利根川周辺,バス,35.933139,140.421501,IBARAKI_KASUMIGAURA
新利根川周辺,バス,35.932878,140.420803,IBARAKI_KASUMIGAURA
新利根川周辺,バス,35.932739,140.419945,IBARAKI_KASUMIGAURA
新利根川周辺,マブナ,35.933532,140.422713,IBARAKI_KASUMIGAURA
新利根川周辺,マブナ,35.93408,140.423893,IBARAKI_KASUMIGAURA
新利根川周辺,マブナ,35.934879,140.424709,IBARAKI_KASUMIGAURA
新利根川周辺,マブナ,35.935478,140.426028,IBARAKI_KASUMIGAURA
新利根川周辺,コイ,35.935217,140.425835,IBARAKI_KASUMIGAURA
新利根川周辺,コイ,35.934505,140.424022,IBARAKI_KASUMIGAURA
新利根川周辺,バス,35.934531,140.424816,IBARAKI_KASUMIGAURA
新利根川周辺,バス,35.934878,140.425481,IBARAKI_KASUMIGAURA
新利根川周辺,バス,35.935183,140.426286,IBARAKI_KASUMIGAURA
新利根川周辺,バス,35.935522,140.426962,IBARAKI_KASUMIGAURA
西仁連川,ヤマベ,36.200984,139.83086,IBARAKI_TSUKUBA
西仁連川,ヤマベ,36.200685,139.831257,IBARAKI_TSUKUBA
西仁連川,ヤマベ,36.200066,139.832163,IBARAKI_TSUKUBA
西仁連川,ヤマベ,36.199746,139.832576,IBARAKI_TSUKUBA
西仁連川,ヤマベ,36.200153,139.832748,IBARAKI_TSUKUBA
西仁連川,モロコ,36.200196,139.832169,IBARAKI_TSUKUBA
西仁連川,コイ,36.200369,139.831723,IBARAKI_TSUKUBA
川尻港,ヒラメ,36.650001,140.701172,IBARAKI_HITACHI
川尻港,イシモチ,36.65019,140.701306,IBARAKI_HITACHI
川尻港,イシモチ,36.649979,140.700711,IBARAKI_HITACHI
川尻港,イシモチ,36.650931,140.701644,IBARAKI_HITACHI
川尻港,シロギス,36.650315,140.701489,IBARAKI_HITACHI
川尻港,シロギス,36.64991,140.700952,IBARAKI_HITACHI
川尻港,シロギス,36.649841,140.700319,IBARAKI_HITACHI
川尻港,シロギス,36.650242,140.700008,IBARAKI_HITACHI
川尻港,シロギス,36.649755,140.699579,IBARAKI_HITACHI
川尻港,シャコ,36.650065,140.699681,IBARAKI_HITACHI
川尻港,シャコ,36.64988,140.699783,IBARAKI_HITACHI
川尻港,カレイ,36.649807,140.700587,IBARAKI_HITACHI
川尻港,シロギス,36.65119399,140.700936,IBARAKI_HITACHI
川尻港,シロギス,36.65159,140.700727,IBARAKI_HITACHI
川尻港,シロギス,36.651646,140.701446,IBARAKI_HITACHI
川尻港,イシモチ,36.65147,140.701848,IBARAKI_HITACHI
川尻港,イシモチ,36.651933,140.70114,IBARAKI_HITACHI
川尻港,シロギス,36.652351,140.701553,IBARAKI_HITACHI
川尻港,イシモチ,36.652717,140.701977,IBARAKI_HITACHI
川尻港,シロギス,36.653078,140.702363,IBARAKI_HITACHI
川尻港,イシモチ,36.653543,140.702749,IBARAKI_HITACHI
川島橋,ヤマベ,36.295914,139.908909,IBARAKI_TSUKUBA
川島橋,ヤマベ,36.295715,139.908598,IBARAKI_TSUKUBA
川島橋,ヤマベ,36.293302,139.90862,IBARAKI_TSUKUBA
川島橋,ウグイ,36.293077,139.908802,IBARAKI_TSUKUBA
川島橋,ヤマベ,36.293769,139.908373,IBARAKI_TSUKUBA
川島橋,カワムツ,36.293536,139.908491,IBARAKI_TSUKUBA
川島橋,鬼怒川小貝漁協,36.290963,139.912202,IBARAKI_TSUKUBA
大津港,ハナダイ,36.828311,140.787658,IBARAKI_HITACHI
大津港,ハナダイ,36.827678,140.78743,IBARAKI_HITACHI
大津港,アナゴ,36.828043,140.787111,IBARAKI_HITACHI
大津港,アナゴ,36.828675,140.787278,IBARAKI_HITACHI
大津港,ハナダイ,36.828769,140.790191,IBARAKI_HITACHI
大津港,アナゴ,36.828465,140.789645,IBARAKI_HITACHI
大津港,ハナダイ,36.828234,140.7901,IBARAKI_HITACHI
大津港,アナゴ,36.827991,140.789433,IBARAKI_HITACHI
大津港,カレイ,36.82902414,140.7922094,IBARAKI_HITACHI
大津港,カレイ,36.82872,140.792953,IBARAKI_HITACHI
大津港,アイナメ,36.828343,140.792968,IBARAKI_HITACHI
大津港,アイナメ,36.828745,140.791815,IBARAKI_HITACHI
大津港,カレイ,36.8265126,140.7889903,IBARAKI_HITACHI
大津港,カレイ,36.826777,140.78784,IBARAKI_HITACHI
大津港,カレイ,36.82637579,140.7882392,IBARAKI_HITACHI
大津港,カレイ,36.826279,140.786504,IBARAKI_HITACHI
大津港,アイナメ,36.827725,140.78567,IBARAKI_HITACHI
大津港,カレイ,36.828223,140.785609,IBARAKI_HITACHI
大津港,クロソイ,36.827239,140.785715,IBARAKI_HITACHI
大津港,ハゼ,36.826716,140.785746,IBARAKI_HITACHI
大津港,ヒラメ,36.827269,140.787789,IBARAKI_HITACHI
大津港,ヒラメ,36.827063,140.790235,IBARAKI_HITACHI
大津港,アジ,36.827389,140.790642,IBARAKI_HITACHI
大津港,ヒラメ,36.827458,140.788604,IBARAKI_HITACHI
大津港,アジ,36.827939,140.78796,IBARAKI_HITACHI
大津港,イワシ,36.828936,140.78781,IBARAKI_HITACHI
大津港,イワシ,36.82897,140.789248,IBARAKI_HITACHI
大津港,ハゼ,36.828523,140.792316,IBARAKI_HITACHI
大津港,ソイ,36.82744,140.791136,IBARAKI_HITACHI
大津港,メバル,36.827165,140.790986,IBARAKI_HITACHI
大津港,イワシ,36.827518,140.791571,IBARAKI_HITACHI
大津港,イワシ,36.828661,140.789251,IBARAKI_HITACHI
大津港,イワシ,36.829268,140.78658,IBARAKI_HITACHI
大津港,サバ,36.828988,140.78658,IBARAKI_HITACHI
大津港,サバ,36.829073,140.789676,IBARAKI_HITACHI
大利根飛行場周辺,マブナ,35.873357,140.246248,IBARAKI_KASUMIGAURA
大利根飛行場周辺,マブナ,35.87316,140.245041,IBARAKI_KASUMIGAURA
大利根飛行場周辺,マブナ,35.872942,140.243802,IBARAKI_KASUMIGAURA
大利根飛行場周辺,マブナ,35.872612,140.241495,IBARAKI_KASUMIGAURA
大利根飛行場周辺,クチボソ,35.872763,140.242736,IBARAKI_KASUMIGAURA
大利根飛行場周辺,モロコ,35.872726,140.242553,IBARAKI_KASUMIGAURA
大利根飛行場周辺,クチボソ,35.87311353,140.2447611,IBARAKI_KASUMIGAURA
潮来前川,マブナ,35.94751734,140.5753892,IBARAKI_KASUMIGAURA
潮来前川,ヘラブナ,35.94695201,140.5750706,IBARAKI_KASUMIGAURA
潮来前川,バス,35.946767,140.574054,IBARAKI_KASUMIGAURA
潮来前川,コイ,35.946289,140.572704,IBARAKI_KASUMIGAURA
潮来前川,コイ,35.946474,140.573462,IBARAKI_KASUMIGAURA
潮来前川,マブナ,35.94609297,140.571687,IBARAKI_KASUMIGAURA
潮来前川,ヘラブナ,35.946056,140.570473,IBARAKI_KASUMIGAURA
潮来前川,マブナ,35.9458465,140.5697904,IBARAKI_KASUMIGAURA
潮来前川,バス,35.945724,140.568926,IBARAKI_KASUMIGAURA
潮来前川,バス,35.946019,140.569275,IBARAKI_KASUMIGAURA
潮来前川,ヘラブナ,35.94572356,140.5682124,IBARAKI_KASUMIGAURA
潮来前川,マブナ,35.945785,140.567348,IBARAKI_KASUMIGAURA
潮来前川,コイ,35.94598183,140.5686221,IBARAKI_KASUMIGAURA
潮来前川,バス,35.94565,140.566771,IBARAKI_KASUMIGAURA
潮来前川,コイ,35.945465,140.566285,IBARAKI_KASUMIGAURA
潮来前川,マブナ,35.94534538,140.5659404,IBARAKI_KASUMIGAURA
潮来前川,ヘラブナ,35.94527151,140.5656186,IBARAKI_KASUMIGAURA
潮来前川,バス,35.94506,140.565208,IBARAKI_KASUMIGAURA
土浦港周辺,バス,36.050665,140.216196,IBARAKI_KASUMIGAURA
土浦港周辺,バス,36.050665,140.215016,IBARAKI_KASUMIGAURA
土浦港周辺,バス,36.050652,140.215327,IBARAKI_KASUMIGAURA
土浦港周辺,バス,36.050695,140.214662,IBARAKI_KASUMIGAURA
土浦港周辺,バス,36.050856,140.213627,IBARAKI_KASUMIGAURA
土浦港周辺,バス,36.050817,140.213976,IBARAKI_KASUMIGAURA
土浦港周辺,マブナ,36.05073,140.214281,IBARAKI_KASUMIGAURA
土浦港周辺,マブナ,36.05071222,140.2157834,IBARAKI_KASUMIGAURA
土浦港周辺,マブナ,36.05076859,140.2164379,IBARAKI_KASUMIGAURA
土浦港周辺,コイ,36.05073817,140.2166578,IBARAKI_KASUMIGAURA
土浦港周辺,コイ,36.050638,140.215569,IBARAKI_KASUMIGAURA
土浦港周辺,ワカサギ,36.050821,140.216899,IBARAKI_KASUMIGAURA
土浦港周辺,バス,36.059317,140.22162,IBARAKI_KASUMIGAURA
土浦港周辺,バス,36.059391,140.221411,IBARAKI_KASUMIGAURA
土浦港周辺,バス,36.059113,140.221582,IBARAKI_KASUMIGAURA
土浦港周辺,バス,36.058705,140.221813,IBARAKI_KASUMIGAURA
土浦港周辺,バス,36.058887,140.22169,IBARAKI_KASUMIGAURA
土浦港周辺,バス,36.058575,140.221974,IBARAKI_KASUMIGAURA
土浦港周辺,バス,36.058093,140.222156,IBARAKI_KASUMIGAURA
土浦港周辺,バス,36.058358,140.22206,IBARAKI_KASUMIGAURA
土浦港周辺,バス,36.05795,140.222076,IBARAKI_KASUMIGAURA
土浦港周辺,バス,36.05785,140.222199,IBARAKI_KASUMIGAURA
土浦港周辺,バス,36.060175,140.221062,IBARAKI_KASUMIGAURA
土浦港周辺,バス,36.060427,140.221523,IBARAKI_KASUMIGAURA
土浦港周辺,バス,36.06034,140.22126,IBARAKI_KASUMIGAURA
土浦港周辺,コイ,36.05993663,140.2211532,IBARAKI_KASUMIGAURA
土浦港周辺,マブナ,36.059676,140.221073,IBARAKI_KASUMIGAURA
土浦港周辺,バス,36.052902,140.22457,IBARAKI_KASUMIGAURA
土浦港周辺,バス,36.052759,140.22478,IBARAKI_KASUMIGAURA
土浦港周辺,バス,36.052542,140.224887,IBARAKI_KASUMIGAURA
土浦港周辺,バス,36.053328,140.224361,IBARAKI_KASUMIGAURA
土浦港周辺,バス,36.053658,140.224243,IBARAKI_KASUMIGAURA
土浦港周辺,バス,36.053892,140.224222,IBARAKI_KASUMIGAURA
土浦港周辺,バス,36.05268988,140.2230576,IBARAKI_KASUMIGAURA
土浦港周辺,バス,36.052421,140.222183,IBARAKI_KASUMIGAURA
土浦港周辺,バス,36.052091,140.22111,IBARAKI_KASUMIGAURA
土浦港周辺,マブナ,36.052256,140.221668,IBARAKI_KASUMIGAURA
土浦港周辺,マブナ,36.052556,140.222655,IBARAKI_KASUMIGAURA
土浦港周辺,マブナ,36.05284167,140.2235779,IBARAKI_KASUMIGAURA
土浦港周辺,バス,36.052955,140.224061,IBARAKI_KASUMIGAURA
土浦港周辺,コイ,36.052581,140.222891,IBARAKI_KASUMIGAURA
土浦港周辺,コイ,36.052916,140.224329,IBARAKI_KASUMIGAURA
土浦港周辺,ワカサギ,36.053068,140.224222,IBARAKI_KASUMIGAURA
土浦港周辺,ヘラブナ,36.0744284,140.2067444,IBARAKI_KASUMIGAURA
土浦港周辺,マブナ,36.074446,140.206428,IBARAKI_KASUMIGAURA
土浦港周辺,ヘラブナ,36.073981,140.206203,IBARAKI_KASUMIGAURA
土浦港周辺,マブナ,36.074901,140.204701,IBARAKI_KASUMIGAURA
土浦港周辺,ヘラブナ,36.07481413,140.2050599,IBARAKI_KASUMIGAURA
土浦港周辺,ヘラブナ,36.0752,140.203134,IBARAKI_KASUMIGAURA
土浦港周辺,マブナ,36.075369,140.202539,IBARAKI_KASUMIGAURA
土浦港周辺,ヘラブナ,36.075907,140.201562,IBARAKI_KASUMIGAURA
土浦港周辺,バス,36.074472,140.207039,IBARAKI_KASUMIGAURA
土浦港周辺,バス,36.07393,140.206503,IBARAKI_KASUMIGAURA
土浦港周辺,バス,36.073947,140.206836,IBARAKI_KASUMIGAURA
土浦港周辺,バス,36.074693,140.205505,IBARAKI_KASUMIGAURA
土浦港周辺,バス,36.07432856,140.2044377,IBARAKI_KASUMIGAURA
土浦港周辺,バス,36.074172,140.205119,IBARAKI_KASUMIGAURA
土浦港周辺,バス,36.074238,140.20477,IBARAKI_KASUMIGAURA
土浦港周辺,バス,36.075075,140.203617,IBARAKI_KASUMIGAURA
土浦港周辺,バス,36.075252,140.202775,IBARAKI_KASUMIGAURA
土浦港周辺,バス,36.075578,140.202099,IBARAKI_KASUMIGAURA
土浦港周辺,バス,36.076102,140.201289,IBARAKI_KASUMIGAURA
土浦港周辺,コイ,36.075369,140.202179,IBARAKI_KASUMIGAURA
土浦港周辺,コイ,36.074897,140.203901,IBARAKI_KASUMIGAURA
土浦港周辺,コイ,36.07453214,140.2051511,IBARAKI_KASUMIGAURA
土浦港周辺,コイ,36.074155,140.205607,IBARAKI_KASUMIGAURA
土浦港周辺,コイ,36.074294,140.206567,IBARAKI_KASUMIGAURA
土浦港周辺,バス,36.07811,140.190769,IBARAKI_KASUMIGAURA
土浦港周辺,バス,36.077823,140.191032,IBARAKI_KASUMIGAURA
土浦港周辺,バス,36.07758,140.191386,IBARAKI_KASUMIGAURA
土浦港周辺,バス,36.077021,140.19225,IBARAKI_KASUMIGAURA
土浦港周辺,バス,36.077368,140.191617,IBARAKI_KASUMIGAURA
土浦港周辺,バス,36.077203,140.191981,IBARAKI_KASUMIGAURA
土浦港周辺,バス,36.077668,140.192239,IBARAKI_KASUMIGAURA
土浦港周辺,バス,36.078244,140.191247,IBARAKI_KASUMIGAURA
土浦港周辺,バス,36.079202,140.187559,IBARAKI_KASUMIGAURA
土浦港周辺,バス,36.079068,140.189138,IBARAKI_KASUMIGAURA
土浦港周辺,ヘラブナ,36.078929,140.189825,IBARAKI_KASUMIGAURA
土浦港周辺,ヘラブナ,36.07792,140.191719,IBARAKI_KASUMIGAURA
土浦港周辺,ヘラブナ,36.077507,140.192523,IBARAKI_KASUMIGAURA
土浦港周辺,マブナ,36.077797,140.191981,IBARAKI_KASUMIGAURA
土浦港周辺,マブナ,36.077398,140.192813,IBARAKI_KASUMIGAURA
土浦港周辺,コイ,36.077338,140.192561,IBARAKI_KASUMIGAURA
土浦港周辺,コイ,36.078066,140.191359,IBARAKI_KASUMIGAURA
土浦港周辺,コイ,36.078578,140.190538,IBARAKI_KASUMIGAURA
土浦港周辺,マブナ,36.078474,140.190834,IBARAKI_KASUMIGAURA
土浦港周辺,マブナ,36.086963,140.180515,IBARAKI_KASUMIGAURA
土浦港周辺,バス,36.087577,140.179912,IBARAKI_KASUMIGAURA
土浦港周辺,バス,36.088197,140.179336,IBARAKI_KASUMIGAURA
土浦港周辺,バス,36.08424,140.182052,IBARAKI_KASUMIGAURA
土浦港周辺,バス,36.084609,140.181864,IBARAKI_KASUMIGAURA
土浦港周辺,バス,36.083958,140.182288,IBARAKI_KASUMIGAURA
土浦港周辺,バス,36.08371,140.18224,IBARAKI_KASUMIGAURA
土浦港周辺,バス,36.083819,140.181853,IBARAKI_KASUMIGAURA
土浦港周辺,バス,36.083702,140.18003,IBARAKI_KASUMIGAURA
土浦港周辺,バス,36.083334,140.182787,IBARAKI_KASUMIGAURA
土浦港周辺,バス,36.08257,140.183522,IBARAKI_KASUMIGAURA
土浦港周辺,バス,36.08298673,140.1831678,IBARAKI_KASUMIGAURA
土浦港周辺,バス,36.082735,140.183345,IBARAKI_KASUMIGAURA
土浦港周辺,バス,36.08298673,140.1831678,IBARAKI_KASUMIGAURA
土浦港周辺,バス,36.083147,140.182975,IBARAKI_KASUMIGAURA
土浦港周辺,バス,36.083503,140.182615,IBARAKI_KASUMIGAURA
土浦港周辺,バス,36.086407,140.18107,IBARAKI_KASUMIGAURA
土浦港周辺,ヘラブナ,36.0857869,140.1812097,IBARAKI_KASUMIGAURA
土浦港周辺,ヘラブナ,36.084335,140.182411,IBARAKI_KASUMIGAURA
土浦港周辺,ヘラブナ,36.08357181,140.1829532,IBARAKI_KASUMIGAURA
土浦港周辺,ヘラブナ,36.082917,140.1835,IBARAKI_KASUMIGAURA
土浦港周辺,バス,36.08312543,140.1833448,IBARAKI_KASUMIGAURA
土浦港周辺,バス,36.08383647,140.1827762,IBARAKI_KASUMIGAURA
土浦港周辺,バス,36.084623,140.182272,IBARAKI_KASUMIGAURA
土浦港周辺,マブナ,36.085105,140.181628,IBARAKI_KASUMIGAURA
土浦港周辺,マブナ,36.08407,140.182642,IBARAKI_KASUMIGAURA
土浦港周辺,マブナ,36.083346,140.183157,IBARAKI_KASUMIGAURA
土浦港周辺,コイ,36.08544,140.181591,IBARAKI_KASUMIGAURA
土浦港周辺,コイ,36.084798,140.181961,IBARAKI_KASUMIGAURA
土浦港周辺,コイ,36.082697,140.18364,IBARAKI_KASUMIGAURA
土浦港周辺,コイ,36.083429,140.182916,IBARAKI_KASUMIGAURA
土浦港周辺,マブナ,36.087473,140.219123,IBARAKI_KASUMIGAURA
土浦港周辺,マブナ,36.09463158,140.2237732,IBARAKI_KASUMIGAURA
土浦港周辺,マブナ,36.09007,140.220488,IBARAKI_KASUMIGAURA
土浦港周辺,マブナ,36.092622,140.222127,IBARAKI_KASUMIGAURA
土浦港周辺,バス,36.084119,140.215175,IBARAKI_KASUMIGAURA
土浦港周辺,バス,36.08404,140.218447,IBARAKI_KASUMIGAURA
土浦港周辺,バス,36.084457,140.218576,IBARAKI_KASUMIGAURA
土浦港周辺,バス,36.08408719,140.2166571,IBARAKI_KASUMIGAURA
土浦港周辺,バス,36.083398,140.218511,IBARAKI_KASUMIGAURA
土浦港周辺,バス,36.082053,140.218533,IBARAKI_KASUMIGAURA
土浦港周辺,バス,36.082808,140.218565,IBARAKI_KASUMIGAURA
土浦港周辺,バス,36.080312,140.218307,IBARAKI_KASUMIGAURA
土浦港周辺,バス,36.079366,140.218833,IBARAKI_KASUMIGAURA
土浦港周辺,バス,36.079878,140.218651,IBARAKI_KASUMIGAURA
土浦港周辺,バス,36.08013,140.21643,IBARAKI_KASUMIGAURA
土浦港周辺,ワカサギ,36.079852,140.21525,IBARAKI_KASUMIGAURA
土浦港周辺,マブナ,36.079765,140.21481,IBARAKI_KASUMIGAURA
土浦港周辺,コイ,36.080147,140.215765,IBARAKI_KASUMIGAURA
土浦港周辺,マブナ,36.080451,140.217653,IBARAKI_KASUMIGAURA
土浦港周辺,コイ,36.080486,140.216966,IBARAKI_KASUMIGAURA
土浦港周辺,コイ,36.083928,140.217578,IBARAKI_KASUMIGAURA
土浦港周辺,コイ,36.08398898,140.2159137,IBARAKI_KASUMIGAURA
土浦港周辺,バス,36.07964773,140.2134481,IBARAKI_KASUMIGAURA
土浦港周辺,バス,36.085341,140.226314,IBARAKI_KASUMIGAURA
土浦港周辺,バス,36.085371,140.225949,IBARAKI_KASUMIGAURA
土浦港周辺,バス,36.085792,140.225461,IBARAKI_KASUMIGAURA
土浦港周辺,バス,36.085484,140.225252,IBARAKI_KASUMIGAURA
土浦港周辺,バス,36.085861,140.224088,IBARAKI_KASUMIGAURA
土浦港周辺,バス,36.085553,140.224163,IBARAKI_KASUMIGAURA
土浦港周辺,バス,36.08541,140.224678,IBARAKI_KASUMIGAURA
土浦港周辺,ヘラブナ,36.085848,140.225708,IBARAKI_KASUMIGAURA
土浦港周辺,タナゴ,36.085974,140.225702,IBARAKI_KASUMIGAURA
土浦港周辺,バス,36.071397,140.240441,IBARAKI_KASUMIGAURA
土浦港周辺,バス,36.072283,140.240613,IBARAKI_KASUMIGAURA
土浦港周辺,バス,36.07342,140.240291,IBARAKI_KASUMIGAURA
土浦港周辺,バス,36.07453,140.239883,IBARAKI_KASUMIGAURA
土浦港周辺,バス,36.07599349,140.2385956,IBARAKI_KASUMIGAURA
土浦港周辺,バス,36.077235,140.238639,IBARAKI_KASUMIGAURA
土浦港周辺,コイ,36.076567,140.238714,IBARAKI_KASUMIGAURA
土浦港周辺,バス,36.075083,140.239336,IBARAKI_KASUMIGAURA
土浦港周辺,ヘラブナ,36.075915,140.238971,IBARAKI_KASUMIGAURA
土浦港周辺,コイ,36.071883,140.240398,IBARAKI_KASUMIGAURA
土浦港周辺,マブナ,36.07073754,140.2407414,IBARAKI_KASUMIGAURA
土浦港周辺,ワカサギ,36.071024,140.240355,IBARAKI_KASUMIGAURA
土浦港周辺,バス,36.072525,140.24013,IBARAKI_KASUMIGAURA
土浦港周辺,バス,36.074057,140.239686,IBARAKI_KASUMIGAURA
土浦港周辺,バス,36.075449,140.238813,IBARAKI_KASUMIGAURA
土浦港周辺,バス,36.082803,140.234971,IBARAKI_KASUMIGAURA
土浦港周辺,バス,36.082606,140.235729,IBARAKI_KASUMIGAURA
土浦港周辺,バス,36.082275,140.236185,IBARAKI_KASUMIGAURA
土浦港周辺,バス,36.082815,140.234091,IBARAKI_KASUMIGAURA
土浦港周辺,バス,36.082287,140.232922,IBARAKI_KASUMIGAURA
土浦港周辺,コイ,36.08284,140.233089,IBARAKI_KASUMIGAURA
土浦港周辺,マブナ,36.083453,140.233484,IBARAKI_KASUMIGAURA
土浦港周辺,バス,36.081984,140.236648,IBARAKI_KASUMIGAURA
土浦港周辺,バス,36.079648,140.238168,IBARAKI_KASUMIGAURA
土浦港周辺,バス,36.079182,140.238335,IBARAKI_KASUMIGAURA
土浦港周辺,バス,36.078611,140.238449,IBARAKI_KASUMIGAURA
土浦港周辺,バス,36.080146,140.238168,IBARAKI_KASUMIGAURA
土浦港周辺,バス,36.080649,140.237971,IBARAKI_KASUMIGAURA
土浦港周辺,バス,36.080839,140.237683,IBARAKI_KASUMIGAURA
土浦港周辺,バス,36.081207,140.237615,IBARAKI_KASUMIGAURA
土浦港周辺,コイ,36.07985,140.238373,IBARAKI_KASUMIGAURA
土浦港周辺,マブナ,36.080065,140.238479,IBARAKI_KASUMIGAURA
土浦港周辺,ワカサギ,36.0763055,140.2188009,IBARAKI_KASUMIGAURA
土浦港周辺,バス,36.075785,140.216827,IBARAKI_KASUMIGAURA
土浦港周辺,バス,36.075984,140.217771,IBARAKI_KASUMIGAURA
土浦港周辺,ワカサギ,36.076002,140.21717,IBARAKI_KASUMIGAURA
土浦港周辺,マブナ,36.076063,140.218093,IBARAKI_KASUMIGAURA
土浦港周辺,ヘラブナ,36.07614931,140.218479,IBARAKI_KASUMIGAURA
土浦港周辺,バス,36.075117,140.21672,IBARAKI_KASUMIGAURA
土浦港周辺,バス,36.07508262,140.2158612,IBARAKI_KASUMIGAURA
土浦港周辺,バス,36.075507,140.215636,IBARAKI_KASUMIGAURA
土浦港周辺,バス,36.0751,140.214638,IBARAKI_KASUMIGAURA
土浦港周辺,バス,36.074515,140.219276,IBARAKI_KASUMIGAURA
土浦港周辺,バス,36.074324,140.219834,IBARAKI_KASUMIGAURA
土浦港周辺,バス,36.073921,140.220016,IBARAKI_KASUMIGAURA
土浦港周辺,ワカサギ,36.07462342,140.2184173,IBARAKI_KASUMIGAURA
土浦港周辺,ヘラブナ,36.074775,140.2178,IBARAKI_KASUMIGAURA
土浦港周辺,ヘラブナ,36.073659,140.219977,IBARAKI_KASUMIGAURA
土浦港周辺,マブナ,36.074514,140.218953,IBARAKI_KASUMIGAURA
土浦港周辺,バス,36.073491,140.220053,IBARAKI_KASUMIGAURA
土浦港周辺,コイ,36.076473,140.219195,IBARAKI_KASUMIGAURA
土浦港周辺,コイ,36.075902,140.218679,IBARAKI_KASUMIGAURA
土浦港周辺,コイ,36.074884,140.218398,IBARAKI_KASUMIGAURA
土浦港周辺,ヘラブナ,36.082831,140.178136,IBARAKI_KASUMIGAURA
土浦港周辺,マブナ,36.082341,140.178544,IBARAKI_KASUMIGAURA
土浦港周辺,マブナ,36.082276,140.17871,IBARAKI_KASUMIGAURA
土浦港周辺,マブナ,36.082046,140.179198,IBARAKI_KASUMIGAURA
土浦港周辺,マブナ,36.08176,140.179869,IBARAKI_KASUMIGAURA
土浦港周辺,クチボソ,36.087027,140.220708,IBARAKI_KASUMIGAURA
土浦港周辺,クチボソ,36.086975,140.221888,IBARAKI_KASUMIGAURA
土浦港周辺,クチボソ,36.086906,140.223556,IBARAKI_KASUMIGAURA
土浦港周辺,クチボソ,36.087738,140.223674,IBARAKI_KASUMIGAURA
土浦港周辺,モロコ,36.087361,140.223653,IBARAKI_KASUMIGAURA
土浦港周辺,モロコ,36.086941,140.222639,IBARAKI_KASUMIGAURA
土浦港周辺,モロコ,36.08698375,140.2216306,IBARAKI_KASUMIGAURA
土浦港周辺,マブナ,36.086732,140.226249,IBARAKI_KASUMIGAURA
土浦港周辺,マブナ,36.086654,140.226196,IBARAKI_KASUMIGAURA
土浦港周辺,クチボソ,36.086321,140.231743,IBARAKI_KASUMIGAURA
土浦港周辺,クチボソ,36.086542,140.232123,IBARAKI_KASUMIGAURA
土浦港周辺,クチボソ,36.086221,140.232928,IBARAKI_KASUMIGAURA
土浦港周辺,クチボソ,36.086139,140.233958,IBARAKI_KASUMIGAURA
土浦港周辺,モロコ,36.086092,140.234639,IBARAKI_KASUMIGAURA
土浦港周辺,モロコ,36.086186,140.233368,IBARAKI_KASUMIGAURA
那珂川河口,クロダイ,36.337111,140.593703,IBARAKI_HITACHI
那珂川河口,スズキ,36.336524,140.594613,IBARAKI_HITACHI
那珂川河口,カレイ,36.33642524,140.5933084,IBARAKI_HITACHI
那珂川河口,ヒラメ,36.336022,140.593885,IBARAKI_HITACHI
那珂川河口,マゴチ,36.335691,140.593217,IBARAKI_HITACHI
那珂川河口,イシモチ,36.33575314,140.5894089,IBARAKI_HITACHI
那珂川河口,ハゼ,36.335545,140.590274,IBARAKI_HITACHI
那珂川河口,マゴチ,36.33612,140.590183,IBARAKI_HITACHI
那珂川河口,イシモチ,36.337,140.594583,IBARAKI_HITACHI
那珂川河口,イシモチ,36.336853,140.592808,IBARAKI_HITACHI
那珂川河口,セイゴ,36.336694,140.593839,IBARAKI_HITACHI
那珂川河口,スズキ,36.335545,140.593885,IBARAKI_HITACHI
那珂川河口,スズキ,36.3359,140.591351,IBARAKI_HITACHI
那珂川河口,イシモチ,36.335851,140.592292,IBARAKI_HITACHI
那珂川河口,イシモチ,36.336144,140.587133,IBARAKI_HITACHI
那珂川河口,イシモチ,36.33656,140.586329,IBARAKI_HITACHI
那珂川河口,カレイ,36.336022,140.585783,IBARAKI_HITACHI
那珂川河口,ハゼ,36.336181,140.58642,IBARAKI_HITACHI
那珂湊港,カレイ,36.34089984,140.5969495,IBARAKI_HITACHI
那珂湊港,ハゼ,36.34042425,140.5977648,IBARAKI_HITACHI
那珂湊港,ハゼ,36.34060497,140.5964491,IBARAKI_HITACHI
那珂湊港,シャコ,36.34011603,140.5961153,IBARAKI_HITACHI
那珂湊港,カレイ,36.338092,140.5999,IBARAKI_HITACHI
那珂湊港,カレイ,36.3377205,140.6008037,IBARAKI_HITACHI
那珂湊港,カレイ,36.33829504,140.6012134,IBARAKI_HITACHI
那珂湊港,カレイ,36.338775,140.602357,IBARAKI_HITACHI
那珂湊港,カレイ,36.34038494,140.6021693,IBARAKI_HITACHI
那珂湊港,カレイ,36.34143609,140.6031707,IBARAKI_HITACHI
那珂湊港,ハゼ,36.3406905,140.6024272,IBARAKI_HITACHI
那珂湊港,ハゼ,36.34172948,140.6033983,IBARAKI_HITACHI
那珂湊港,シロギス,36.33839281,140.6020024,IBARAKI_HITACHI
那珂湊港,イシモチ,36.33817291,140.6026093,IBARAKI_HITACHI
那珂湊港,メバル,36.343124,140.604369,IBARAKI_HITACHI
那珂湊港,メバル,36.342684,140.60358,IBARAKI_HITACHI
那珂湊港,メバル,36.342096,140.603095,IBARAKI_HITACHI
那珂湊港,メバル,36.341375,140.602579,IBARAKI_HITACHI
那珂湊港,メバル,36.340984,140.602215,IBARAKI_HITACHI
那珂湊港,アジ,36.340703,140.601972,IBARAKI_HITACHI
那珂湊港,アジ,36.341767,140.602822,IBARAKI_HITACHI
那珂湊港,アジ,36.34299,140.60399,IBARAKI_HITACHI
那珂湊港,アジ,36.342745,140.604794,IBARAKI_HITACHI
那珂湊港,アジ,36.33980983,140.6021238,IBARAKI_HITACHI
那珂湊港,アジ,36.337562,140.603474,IBARAKI_HITACHI
那珂湊港,アジ,36.337807,140.603095,IBARAKI_HITACHI
那珂湊港,メバル,36.3391,140.602746,IBARAKI_HITACHI
那珂湊港,アジ,36.33865,140.601077,IBARAKI_HITACHI
那珂湊港,アジ,36.33796509,140.6011376,IBARAKI_HITACHI
那珂湊港,アジ,36.337818,140.600303,IBARAKI_HITACHI
那珂湊港,メバル,36.341376,140.596707,IBARAKI_HITACHI
那珂湊港,メバル,36.341205,140.597162,IBARAKI_HITACHI
那珂湊港,メバル,36.340923,140.596297,IBARAKI_HITACHI
那珂湊港,メバル,36.340446,140.595964,IBARAKI_HITACHI
那珂湊港,ハゼ,36.340201,140.60308,IBARAKI_HITACHI
那珂湊港,ハゼ,36.340201,140.60308,IBARAKI_HITACHI
那珂湊港,メバル,36.338324,140.594455,IBARAKI_HITACHI
那珂湊港,メバル,36.340866,140.603553,IBARAKI_HITACHI
那珂湊港,ハゼ,36.34151,140.604066,IBARAKI_HITACHI
那珂湊港,メバル,36.342207,140.604612,IBARAKI_HITACHI
那珂湊港,クロダイ,36.338463,140.603054,IBARAKI_HITACHI
那珂湊港,イワシ,36.338411,140.598484,IBARAKI_HITACHI
那珂湊港,カレイ,36.338584,140.598097,IBARAKI_HITACHI
那珂湊港,セイゴ,36.338757,140.597679,IBARAKI_HITACHI
那珂湊港,アナゴ,36.338939,140.597282,IBARAKI_HITACHI
那珂湊港,アジ,36.339518,140.600104,IBARAKI_HITACHI
那珂湊港,ハゼ,36.339034,140.600007,IBARAKI_HITACHI
日立会瀬港,イシモチ,36.575421,140.656988,IBARAKI_HITACHI
日立会瀬港,シロギス,36.575689,140.657471,IBARAKI_HITACHI
日立会瀬港,シロギス,36.575137,140.656473,IBARAKI_HITACHI
日立会瀬港,イシモチ,36.574749,140.656162,IBARAKI_HITACHI
日立会瀬港,シロギス,36.574301,140.656033,IBARAKI_HITACHI
日立会瀬港,アイナメ,36.577189,140.658243,IBARAKI_HITACHI
日立会瀬港,アイナメ,36.577077,140.658823,IBARAKI_HITACHI
日立会瀬港,アイナメ,36.576853,140.658222,IBARAKI_HITACHI
日立会瀬港,アイナメ,36.576404,140.659048,IBARAKI_HITACHI
日立会瀬港,アイナメ,36.57687,140.660099,IBARAKI_HITACHI
日立会瀬港,アイナメ,36.576258,140.659938,IBARAKI_HITACHI
日立会瀬港,カレイ,36.576542,140.660046,IBARAKI_HITACHI
日立会瀬港,カレイ,36.577172,140.660142,IBARAKI_HITACHI
日立会瀬港,カレイ,36.576766,140.659155,IBARAKI_HITACHI
日立港,アナゴ,36.48608,140.613215,IBARAKI_HITACHI
日立港,アナゴ,36.48641,140.614156,IBARAKI_HITACHI
日立港,カレイ,36.485897,140.614065,IBARAKI_HITACHI
日立港,カレイ,36.486691,140.612957,IBARAKI_HITACHI
日立港,イシモチ,36.483054,140.613245,IBARAKI_HITACHI
日立港,イシモチ,36.48259,140.615324,IBARAKI_HITACHI
日立港,イシモチ,36.482944,140.614778,IBARAKI_HITACHI
日立港,マゴチ,36.48314,140.614065,IBARAKI_HITACHI
日立港,マゴチ,36.482615,140.613625,IBARAKI_HITACHI
日立港,シタビラメ,36.482517,140.614399,IBARAKI_HITACHI
平磯港,メバル,36.35611294,140.6162346,IBARAKI_HITACHI
平磯港,スズキ,36.355844,140.615779,IBARAKI_HITACHI
平磯港,スズキ,36.355575,140.615097,IBARAKI_HITACHI
平磯港,メバル,36.355184,140.61496,IBARAKI_HITACHI
平磯港,メバル,36.3530215,140.6141255,IBARAKI_HITACHI
平磯港,スズキ,36.35263036,140.6137159,IBARAKI_HITACHI
平磯港,ハゼ,36.352875,140.612745,IBARAKI_HITACHI
平磯港,イシモチ,36.352263,140.6132,IBARAKI_HITACHI
平磯港,イシモチ,36.352508,140.612365,IBARAKI_HITACHI
平磯港,イシモチ,36.35244691,140.6114854,IBARAKI_HITACHI
平磯港,イシモチ,36.352496,140.610636,IBARAKI_HITACHI
平磯港,イシモチ,36.351982,140.610181,IBARAKI_HITACHI
平潟漁港,アイナメ,36.85891,140.797096,IBARAKI_HITACHI
平潟漁港,クロソイ,36.858567,140.797214,IBARAKI_HITACHI
平潟漁港,アイナメ,36.858707,140.797603,IBARAKI_HITACHI
平潟漁港,クロソイ,36.858931,140.798032,IBARAKI_HITACHI
平潟漁港,カレイ,36.85887485,140.7985336,IBARAKI_HITACHI
平潟漁港,カレイ,36.858965,140.797549,IBARAKI_HITACHI
平潟漁港,カレイ,36.858373,140.7966,IBARAKI_HITACHI
平潟漁港,カレイ,36.858407,140.79631,IBARAKI_HITACHI
平潟漁港,アイナメ,36.858227,140.79683,IBARAKI_HITACHI
平潟漁港,カレイ,36.857999,140.796777,IBARAKI_HITACHI
平潟漁港,カレイ,36.85800777,140.7976002,IBARAKI_HITACHI
平潟漁港,カレイ,36.85778446,140.7971495,IBARAKI_HITACHI
平潟漁港,アイナメ,36.858265,140.795999,IBARAKI_HITACHI
平潟漁港,アナゴ,36.858042,140.795913,IBARAKI_HITACHI
平潟漁港,ハナダイ,36.858141,140.796176,IBARAKI_HITACHI
平潟漁港,ハナダイ,36.858193,140.796428,IBARAKI_HITACHI
平潟漁港,アジ,36.857784,140.796774,IBARAKI_HITACHI
平潟漁港,アジ,36.857699,140.797514,IBARAKI_HITACHI
平潟漁港,アジ,36.858257,140.797718,IBARAKI_HITACHI
平潟漁港,アジ,36.85856584,140.7985657,IBARAKI_HITACHI
平潟漁港,アジ,36.85869457,140.7982117,IBARAKI_HITACHI
平潟漁港,メバル,36.857527,140.797021,IBARAKI_HITACHI
平潟漁港,メバル,36.857871,140.798008,IBARAKI_HITACHI
平潟漁港,メバル,36.858558,140.797911,IBARAKI_HITACHI
平潟漁港,メバル,36.85843693,140.7982117,IBARAKI_HITACHI
平潟漁港,メバル,36.85775,140.795798,IBARAKI_HITACHI
平潟漁港,メバル,36.857157,140.794714,IBARAKI_HITACHI
平潟漁港,メバル,36.856693,140.793845,IBARAKI_HITACHI
平潟漁港,メバル,36.857415,140.792955,IBARAKI_HITACHI
平潟漁港,アジ,36.858506,140.795905,IBARAKI_HITACHI
平潟漁港,アジ,36.857415,140.794618,IBARAKI_HITACHI
平潟漁港,アジ,36.857021,140.793684,IBARAKI_HITACHI
北浦中部,クチボソ,36.010734,140.539998,IBARAKI_KASUMIGAURA
北浦中部,モロコ,36.010816,140.539837,IBARAKI_KASUMIGAURA
北浦中部,モロコ,36.011364,140.53877,IBARAKI_KASUMIGAURA
北浦中部,クチボソ,36.011187,140.539091,IBARAKI_KASUMIGAURA
北浦中部,マブナ,36.011022,140.539451,IBARAKI_KASUMIGAURA
北浦中部,マブナ,36.048414,140.551038,IBARAKI_KASUMIGAURA
北浦中部,マブナ,36.048653,140.550797,IBARAKI_KASUMIGAURA
北浦中部,マブナ,36.048331,140.551263,IBARAKI_KASUMIGAURA
北浦中部,マブナ,36.048774,140.5507,IBARAKI_KASUMIGAURA
北浦中部,マブナ,36.010186,140.540989,IBARAKI_KASUMIGAURA
北浦中部,マブナ,36.011322,140.539987,IBARAKI_KASUMIGAURA
北浦中部,マブナ,36.012599,140.537795,IBARAKI_KASUMIGAURA
北浦中部,マブナ,36.014949,140.53721,IBARAKI_KASUMIGAURA
北浦中部,マブナ,36.014347,140.538864,IBARAKI_KASUMIGAURA
北浦中部,マブナ,36.01388,140.539024,IBARAKI_KASUMIGAURA
北浦中部,マブナ,36.013119,140.539676,IBARAKI_KASUMIGAURA
北浦中部,バス,36.010518,140.541011,IBARAKI_KASUMIGAURA
北浦中部,バス,36.01096,140.540776,IBARAKI_KASUMIGAURA
北浦中部,バス,36.01123,140.540306,IBARAKI_KASUMIGAURA
北浦中部,バス,36.011752,140.539282,IBARAKI_KASUMIGAURA
北浦中部,バス,36.012127,140.538667,IBARAKI_KASUMIGAURA
北浦中部,バス,36.012329,140.538219,IBARAKI_KASUMIGAURA
北浦中部,バス,36.011868,140.538948,IBARAKI_KASUMIGAURA
北浦中部,バス,36.013508,140.537537,IBARAKI_KASUMIGAURA
北浦中部,バス,36.014135,140.537719,IBARAKI_KASUMIGAURA
北浦中部,バス,36.015293,140.535822,IBARAKI_KASUMIGAURA
北浦中部,バス,36.014261,140.538622,IBARAKI_KASUMIGAURA
北浦中部,バス,36.01361,140.538751,IBARAKI_KASUMIGAURA
北浦中部,バス,36.012836,140.540086,IBARAKI_KASUMIGAURA
北浦中部,バス,36.012621,140.540579,IBARAKI_KASUMIGAURA
北浦中部,バス,36.012357,140.540837,IBARAKI_KASUMIGAURA
北浦中部,バス,36.01232,140.541277,IBARAKI_KASUMIGAURA
北浦中部,バス,36.011719,140.542144,IBARAKI_KASUMIGAURA
北浦中部,バス,36.011746,140.541762,IBARAKI_KASUMIGAURA
北浦中部,コイ,36.010359,140.541209,IBARAKI_KASUMIGAURA
北浦中部,コイ,36.011555,140.539464,IBARAKI_KASUMIGAURA
北浦中部,ワカサギ,36.011396,140.539517,IBARAKI_KASUMIGAURA
北浦中部,ワカサギ,36.012991,140.537355,IBARAKI_KASUMIGAURA
北浦中部,ワカサギ,36.015139,140.536452,IBARAKI_KASUMIGAURA
北浦中部,ワカサギ,36.013083,140.539122,IBARAKI_KASUMIGAURA
北浦中部,バス,36.02459,140.556435,IBARAKI_KASUMIGAURA
北浦中部,バス,36.02489,140.557245,IBARAKI_KASUMIGAURA
北浦中部,バス,36.02535,140.557609,IBARAKI_KASUMIGAURA
北浦中部,バス,36.02594,140.557454,IBARAKI_KASUMIGAURA
北浦中部,バス,36.026989,140.558377,IBARAKI_KASUMIGAURA
北浦中部,バス,36.026451,140.557851,IBARAKI_KASUMIGAURA
北浦中部,バス,36.026699,140.558763,IBARAKI_KASUMIGAURA
北浦中部,バス,36.027137,140.559283,IBARAKI_KASUMIGAURA
北浦中部,マブナ,36.027797,140.559519,IBARAKI_KASUMIGAURA
北浦中部,マブナ,36.026694,140.5582,IBARAKI_KASUMIGAURA
北浦中部,コイ,36.025657,140.557459,IBARAKI_KASUMIGAURA
北浦中部,コイ,36.024842,140.556762,IBARAKI_KASUMIGAURA
北浦中部,バス,36.02617,140.557717,IBARAKI_KASUMIGAURA
北浦中部,バス,36.031148,140.55849,IBARAKI_KASUMIGAURA
北浦中部,バス,36.030755,140.559735,IBARAKI_KASUMIGAURA
北浦中部,バス,36.030994,140.558938,IBARAKI_KASUMIGAURA
北浦中部,バス,36.030859,140.559295,IBARAKI_KASUMIGAURA
北浦中部,バス,36.029601,140.5603036,IBARAKI_KASUMIGAURA
北浦中部,バス,36.028827,140.560569,IBARAKI_KASUMIGAURA
北浦中部,バス,36.029042,140.561297,IBARAKI_KASUMIGAURA
北浦中部,バス,36.02873002,140.561085,IBARAKI_KASUMIGAURA
北浦中部,バス,36.02895,140.561836,IBARAKI_KASUMIGAURA
北浦中部,バス,36.028478,140.560486,IBARAKI_KASUMIGAURA
北浦中部,バス,36.03108,140.557443,IBARAKI_KASUMIGAURA
北浦中部,マブナ,36.03081,140.557914,IBARAKI_KASUMIGAURA
北浦中部,マブナ,36.031239,140.556859,IBARAKI_KASUMIGAURA
北浦中部,マブナ,36.030055,140.559955,IBARAKI_KASUMIGAURA
北浦中部,マブナ,36.029177,140.560417,IBARAKI_KASUMIGAURA
北浦中部,コイ,36.029932,140.560372,IBARAKI_KASUMIGAURA
北浦中部,コイ,36.031092,140.557792,IBARAKI_KASUMIGAURA
北浦中部,コイ,36.031362,140.557231,IBARAKI_KASUMIGAURA
北浦中部,バス,36.039791,140.537536,IBARAKI_KASUMIGAURA
北浦中部,バス,36.03987732,140.5368009,IBARAKI_KASUMIGAURA
北浦中部,バス,36.03927,140.538512,IBARAKI_KASUMIGAURA
北浦中部,バス,36.038411,140.539408,IBARAKI_KASUMIGAURA
北浦中部,バス,36.038146,140.539574,IBARAKI_KASUMIGAURA
北浦中部,バス,36.03757416,140.5394241,IBARAKI_KASUMIGAURA
北浦中部,バス,36.036484,140.540679,IBARAKI_KASUMIGAURA
北浦中部,バス,36.039344,140.539548,IBARAKI_KASUMIGAURA
北浦中部,バス,36.038905,140.539129,IBARAKI_KASUMIGAURA
北浦中部,バス,36.039279,140.540175,IBARAKI_KASUMIGAURA
北浦中部,バス,36.03905314,140.5418274,IBARAKI_KASUMIGAURA
北浦中部,バス,36.039192,140.54253,IBARAKI_KASUMIGAURA
北浦中部,バス,36.039149,140.542085,IBARAKI_KASUMIGAURA
北浦中部,バス,36.03939582,140.5411246,IBARAKI_KASUMIGAURA
北浦中部,バス,36.039041,140.539537,IBARAKI_KASUMIGAURA
北浦中部,マブナ,36.039718,140.539204,IBARAKI_KASUMIGAURA
北浦中部,マブナ,36.03983,140.537128,IBARAKI_KASUMIGAURA
北浦中部,マブナ,36.038563,140.538802,IBARAKI_KASUMIGAURA
北浦中部,マブナ,36.036836,140.540277,IBARAKI_KASUMIGAURA
北浦中部,ヘラブナ,36.03721831,140.5398479,IBARAKI_KASUMIGAURA
北浦中部,ヘラブナ,36.039609,140.538646,IBARAKI_KASUMIGAURA
北浦中部,ヘラブナ,36.039379,140.540674,IBARAKI_KASUMIGAURA
北浦中部,ヘラブナ,36.039574,140.542718,IBARAKI_KASUMIGAURA
北浦中部,マブナ,36.039561,140.543217,IBARAKI_KASUMIGAURA
北浦中部,マブナ,36.039439,140.541565,IBARAKI_KASUMIGAURA
北浦中部,コイ,36.036732,140.540583,IBARAKI_KASUMIGAURA
北浦中部,コイ,36.037791,140.539537,IBARAKI_KASUMIGAURA
北浦中部,コイ,36.038916,140.538636,IBARAKI_KASUMIGAURA
北浦中部,コイ,36.039283,140.54091,IBARAKI_KASUMIGAURA
北浦中部,コイ,36.03944,140.542911,IBARAKI_KASUMIGAURA
北浦中部,マブナ,36.043651,140.55574,IBARAKI_KASUMIGAURA
北浦中部,マブナ,36.045482,140.556824,IBARAKI_KASUMIGAURA
北浦中部,マブナ,36.04464,140.556244,IBARAKI_KASUMIGAURA
北浦中部,マブナ,36.046627,140.556555,IBARAKI_KASUMIGAURA
北浦中部,マブナ,36.047451,140.554807,IBARAKI_KASUMIGAURA
北浦中部,バス,36.047225,140.555729,IBARAKI_KASUMIGAURA
北浦中部,バス,36.046192,140.556963,IBARAKI_KASUMIGAURA
北浦中部,バス,36.044994,140.556727,IBARAKI_KASUMIGAURA
北浦中部,バス,36.044135,140.556105,IBARAKI_KASUMIGAURA
北浦中部,バス,36.047881,140.553989,IBARAKI_KASUMIGAURA
北浦中部,マブナ,36.047802,140.553468,IBARAKI_KASUMIGAURA
北浦中部,マブナ,36.048184,140.552234,IBARAKI_KASUMIGAURA
北浦中部,バス,36.048019,140.552846,IBARAKI_KASUMIGAURA
北浦中部,バス,36.048457,140.551757,IBARAKI_KASUMIGAURA
北浦中部,マブナ,36.048704,140.551183,IBARAKI_KASUMIGAURA
北浦中部,コイ,36.044483,140.556488,IBARAKI_KASUMIGAURA
北浦中部,コイ,36.04584,140.557087,IBARAKI_KASUMIGAURA
北浦中部,コイ,36.046993,140.556237,IBARAKI_KASUMIGAURA
北浦中部,コイ,36.047661,140.554386,IBARAKI_KASUMIGAURA
北浦中部,コイ,36.048263,140.552603,IBARAKI_KASUMIGAURA
北浦中部,コイ,36.048704,140.551572,IBARAKI_KASUMIGAURA
北浦中部,マブナ,36.05875782,140.5588318,IBARAKI_KASUMIGAURA
北浦中部,マブナ,36.05759485,140.5600181,IBARAKI_KASUMIGAURA
北浦中部,マブナ,36.05807,140.559044,IBARAKI_KASUMIGAURA
北浦中部,マブナ,36.059402,140.559272,IBARAKI_KASUMIGAURA
北浦中部,マブナ,36.060912,140.559871,IBARAKI_KASUMIGAURA
北浦中部,マブナ,36.06225,140.560296,IBARAKI_KASUMIGAURA
北浦中部,マブナ,36.063293,140.559742,IBARAKI_KASUMIGAURA
北浦中部,バス,36.063864,140.559272,IBARAKI_KASUMIGAURA
北浦中部,バス,36.062778,140.560091,IBARAKI_KASUMIGAURA
北浦中部,バス,36.061596,140.560068,IBARAKI_KASUMIGAURA
北浦中部,バス,36.060246,140.559545,IBARAKI_KASUMIGAURA
北浦中部,バス,36.058368,140.558764,IBARAKI_KASUMIGAURA
北浦中部,バス,36.05784,140.559522,IBARAKI_KASUMIGAURA
北浦中部,バス,36.0568,140.561062,IBARAKI_KASUMIGAURA
北浦中部,マブナ,36.056542,140.562193,IBARAKI_KASUMIGAURA
北浦中部,バス,36.056199,140.562928,IBARAKI_KASUMIGAURA
北浦中部,コイ,36.056616,140.561654,IBARAKI_KASUMIGAURA
北浦中部,コイ,36.057604,140.559583,IBARAKI_KASUMIGAURA
北浦中部,コイ,36.058101,140.558642,IBARAKI_KASUMIGAURA
北浦中部,コイ,36.059145,140.558847,IBARAKI_KASUMIGAURA
北浦中部,コイ,36.060624,140.55956,IBARAKI_KASUMIGAURA
北浦中部,コイ,36.061986,140.56,IBARAKI_KASUMIGAURA
北浦中部,コイ,36.063535,140.55937,IBARAKI_KASUMIGAURA
北浦中部,マブナ,36.05733032,140.5606028,IBARAKI_KASUMIGAURA
北浦中部,マブナ,36.053716,140.568899,IBARAKI_KASUMIGAURA
北浦中部,マブナ,36.053249,140.569278,IBARAKI_KASUMIGAURA
北浦中部,マブナ,36.052451,140.569756,IBARAKI_KASUMIGAURA
北浦中部,マブナ,36.051555,140.569832,IBARAKI_KASUMIGAURA
北浦中部,マブナ,36.051002,140.570356,IBARAKI_KASUMIGAURA
北浦中部,マブナ,36.050593,140.57078,IBARAKI_KASUMIGAURA
北浦中部,バス,36.050335,140.57094,IBARAKI_KASUMIGAURA
北浦中部,バス,36.050832,140.570621,IBARAKI_KASUMIGAURA
北浦中部,バス,36.051293,140.570075,IBARAKI_KASUMIGAURA
北浦中部,バス,36.052654,140.569301,IBARAKI_KASUMIGAURA
北浦中部,バス,36.053053,140.569096,IBARAKI_KASUMIGAURA
北浦中部,バス,36.053041,140.569385,IBARAKI_KASUMIGAURA
北浦中部,バス,36.052857,140.569165,IBARAKI_KASUMIGAURA
北浦中部,バス,36.053501,140.569104,IBARAKI_KASUMIGAURA
北浦中部,コイ,36.053286,140.568937,IBARAKI_KASUMIGAURA
北浦中部,コイ,36.052151,140.569665,IBARAKI_KASUMIGAURA
北浦中部,コイ,36.051887,140.569673,IBARAKI_KASUMIGAURA
北浦中部,コイ,36.05109,140.57009,IBARAKI_KASUMIGAURA
北浦中部,バス,36.032184,140.57314,IBARAKI_KASUMIGAURA
北浦中部,バス,36.032632,140.573549,IBARAKI_KASUMIGAURA
北浦中部,バス,36.0330681,140.5739516,IBARAKI_KASUMIGAURA
北浦中部,バス,36.033516,140.574308,IBARAKI_KASUMIGAURA
北浦中部,バス,36.034112,140.57471,IBARAKI_KASUMIGAURA
北浦中部,バス,36.034707,140.575165,IBARAKI_KASUMIGAURA
北浦中部,バス,36.032018,140.57254,IBARAKI_KASUMIGAURA
北浦中部,マブナ,36.032847,140.573754,IBARAKI_KASUMIGAURA
北浦中部,マブナ,36.033295,140.574118,IBARAKI_KASUMIGAURA
北浦中部,マブナ,36.033823,140.574445,IBARAKI_KASUMIGAURA
北浦中部,マブナ,36.034382,140.574953,IBARAKI_KASUMIGAURA
北浦中部,コイ,36.034603,140.57487,IBARAKI_KASUMIGAURA
北浦中部,コイ,36.034037,140.574445,IBARAKI_KASUMIGAURA
北浦中部,コイ,36.032466,140.573239,IBARAKI_KASUMIGAURA
北浦中部,コイ,36.033258,140.573853,IBARAKI_KASUMIGAURA
北浦中部,コイ,36.032816,140.573497,IBARAKI_KASUMIGAURA
北浦中部,バス,36.031797,140.572814,IBARAKI_KASUMIGAURA
北浦中部,バス,36.030564,140.571888,IBARAKI_KASUMIGAURA
北浦中部,バス,36.031264,140.572358,IBARAKI_KASUMIGAURA
北浦中部,バス,36.029116,140.572563,IBARAKI_KASUMIGAURA
北浦中部,バス,36.029945,140.571896,IBARAKI_KASUMIGAURA
北浦中部,バス,36.029478,140.5721,IBARAKI_KASUMIGAURA
北浦中部,バス,36.028742,140.57226,IBARAKI_KASUMIGAURA
北浦中部,バス,36.028619,140.572412,IBARAKI_KASUMIGAURA
北浦中部,バス,36.028594,140.572685,IBARAKI_KASUMIGAURA
北浦中部,バス,36.028748,140.572973,IBARAKI_KASUMIGAURA
北浦中部,バス,36.02852745,140.5734964,IBARAKI_KASUMIGAURA
北浦中部,バス,36.028017,140.574301,IBARAKI_KASUMIGAURA
北浦中部,マブナ,36.02832465,140.5738302,IBARAKI_KASUMIGAURA
北浦中部,マブナ,36.028859,140.572563,IBARAKI_KASUMIGAURA
北浦中部,マブナ,36.029282,140.572305,IBARAKI_KASUMIGAURA
北浦中部,マブナ,36.029712,140.571956,IBARAKI_KASUMIGAURA
北浦中部,マブナ,36.030277,140.57182,IBARAKI_KASUMIGAURA
北浦中部,マブナ,36.030928,140.5721,IBARAKI_KASUMIGAURA
北浦中部,マブナ,36.031554,140.572594,IBARAKI_KASUMIGAURA
北浦中部,コイ,36.031485,140.57229,IBARAKI_KASUMIGAURA
北浦中部,コイ,36.030828,140.57182,IBARAKI_KASUMIGAURA
北浦中部,コイ,36.030073,140.571721,IBARAKI_KASUMIGAURA
北浦中部,コイ,36.02876024,140.5727757,IBARAKI_KASUMIGAURA
北浦中部,コイ,36.029312,140.572025,IBARAKI_KASUMIGAURA
北浦中部,コイ,36.028613,140.573163,IBARAKI_KASUMIGAURA
北浦中部,コイ,36.02812831,140.5739667,IBARAKI_KASUMIGAURA
北浦中部,バス,36.013163,140.580863,IBARAKI_KASUMIGAURA
北浦中部,バス,36.012813,140.58065,IBARAKI_KASUMIGAURA
北浦中部,バス,36.013421,140.581037,IBARAKI_KASUMIGAURA
北浦中部,バス,36.0127701,140.580969,IBARAKI_KASUMIGAURA
北浦中部,マブナ,36.0136729,140.581318,IBARAKI_KASUMIGAURA
北浦中部,マブナ,36.014275,140.581394,IBARAKI_KASUMIGAURA
北浦中部,マブナ,36.012181,140.580681,IBARAKI_KASUMIGAURA
北浦中部,バス,36.012549,140.580772,IBARAKI_KASUMIGAURA
北浦中部,バス,36.011861,140.580559,IBARAKI_KASUMIGAURA
北浦中部,バス,36.0146,140.581386,IBARAKI_KASUMIGAURA
北浦中部,バス,36.01398,140.581386,IBARAKI_KASUMIGAURA
北浦中部,マブナ,36.011536,140.58043,IBARAKI_KASUMIGAURA
北浦中部,バス,36.011168,140.580415,IBARAKI_KASUMIGAURA
北浦中部,コイ,36.012427,140.580544,IBARAKI_KASUMIGAURA
北浦中部,コイ,36.011782,140.580324,IBARAKI_KASUMIGAURA
北浦中部,コイ,36.01089129,140.5803166,IBARAKI_KASUMIGAURA
北浦中部,コイ,36.01444,140.581265,IBARAKI_KASUMIGAURA
北浦中部,コイ,36.013863,140.581197,IBARAKI_KASUMIGAURA
北浦中部,バス,36.00876977,140.5845925,IBARAKI_KASUMIGAURA
北浦中部,タナゴ,36.008874,140.584383,IBARAKI_KASUMIGAURA
北浦中部,マブナ,36.009017,140.584233,IBARAKI_KASUMIGAURA
北浦中部,マブナ,36.00883912,140.5851129,IBARAKI_KASUMIGAURA
北浦中部,バス,36.0087,140.585826,IBARAKI_KASUMIGAURA
北浦中部,バス,36.009126,140.583793,IBARAKI_KASUMIGAURA
北浦中部,マブナ,36.009247,140.583391,IBARAKI_KASUMIGAURA
北浦中部,バス,36.009382,140.583026,IBARAKI_KASUMIGAURA
北浦中部,マブナ,36.009499,140.582694,IBARAKI_KASUMIGAURA
北浦中部,バス,36.009634,140.582361,IBARAKI_KASUMIGAURA
北浦中部,コイ,36.008653,140.585397,IBARAKI_KASUMIGAURA
北浦中部,コイ,36.009082,140.583495,IBARAKI_KASUMIGAURA
北浦中部,コイ,36.009343,140.582744,IBARAKI_KASUMIGAURA
北浦中部,ワカサギ,36.00319028,140.5967791,IBARAKI_KASUMIGAURA
北浦中部,ワカサギ,36.00259457,140.5964757,IBARAKI_KASUMIGAURA
北浦中部,ワカサギ,36.00361344,140.5965288,IBARAKI_KASUMIGAURA
北浦中部,マブナ,36.00339262,140.5966274,IBARAKI_KASUMIGAURA
北浦中部,マブナ,36.004087,140.596339,IBARAKI_KASUMIGAURA
北浦中部,バス,36.003853,140.596491,IBARAKI_KASUMIGAURA
北浦中部,バス,36.004333,140.596172,IBARAKI_KASUMIGAURA
北浦中部,バス,36.004695,140.5958,IBARAKI_KASUMIGAURA
北浦中部,マブナ,36.004528,140.59599,IBARAKI_KASUMIGAURA
北浦中部,コイ,36.004528,140.59574,IBARAKI_KASUMIGAURA
北浦中部,コイ,36.004154,140.596104,IBARAKI_KASUMIGAURA
北浦中部,コイ,36.002939,140.596514,IBARAKI_KASUMIGAURA
北浦中部,クチボソ,36.004708,140.596276,IBARAKI_KASUMIGAURA
北浦中部,クチボソ,36.005303,140.595708,IBARAKI_KASUMIGAURA
北浦中部,クチボソ,36.005685,140.595193,IBARAKI_KASUMIGAURA
北浦中部,モロコ,36.005512,140.595429,IBARAKI_KASUMIGAURA
北浦中部,モロコ,36.00506,140.595879,IBARAKI_KASUMIGAURA
北浦南部,マブナ,35.94829,140.616892,IBARAKI_KASUMIGAURA
北浦南部,マブナ,35.948177,140.617031,IBARAKI_KASUMIGAURA
北浦南部,マブナ,35.947126,140.618227,IBARAKI_KASUMIGAURA
北浦南部,マブナ,35.946783,140.619209,IBARAKI_KASUMIGAURA
北浦南部,マブナ,35.94697,140.618683,IBARAKI_KASUMIGAURA
北浦南部,マブナ,35.939153,140.632845,IBARAKI_KASUMIGAURA
北浦南部,マブナ,35.939392,140.632191,IBARAKI_KASUMIGAURA
北浦南部,マブナ,35.939561,140.631236,IBARAKI_KASUMIGAURA
北浦南部,マブナ,35.98024582,140.5867499,IBARAKI_KASUMIGAURA
北浦南部,ヘラブナ,35.980406,140.585779,IBARAKI_KASUMIGAURA
北浦南部,バス,35.97997557,140.5875009,IBARAKI_KASUMIGAURA
北浦南部,ヘラブナ,35.9796686,140.5882748,IBARAKI_KASUMIGAURA
北浦南部,バス,35.980031,140.585111,IBARAKI_KASUMIGAURA
北浦南部,マブナ,35.979717,140.588889,IBARAKI_KASUMIGAURA
北浦南部,バス,35.979828,140.589215,IBARAKI_KASUMIGAURA
北浦南部,ヘラブナ,35.980093,140.589291,IBARAKI_KASUMIGAURA
北浦南部,マブナ,35.980615,140.589238,IBARAKI_KASUMIGAURA
北浦南部,ヘラブナ,35.98395352,140.582657,IBARAKI_KASUMIGAURA
北浦南部,ヘラブナ,35.982137,140.587759,IBARAKI_KASUMIGAURA
北浦南部,マブナ,35.981449,140.588559,IBARAKI_KASUMIGAURA
北浦南部,バス,35.981191,140.589166,IBARAKI_KASUMIGAURA
北浦南部,バス,35.98244302,140.5860406,IBARAKI_KASUMIGAURA
北浦南部,マブナ,35.983105,140.584191,IBARAKI_KASUMIGAURA
北浦南部,コイ,35.979383,140.58865,IBARAKI_KASUMIGAURA
北浦南部,コイ,35.980035,140.586207,IBARAKI_KASUMIGAURA
北浦南部,コイ,35.980391,140.589591,IBARAKI_KASUMIGAURA
北浦南部,コイ,35.981902,140.588438,IBARAKI_KASUMIGAURA
北浦南部,コイ,35.98248,140.587042,IBARAKI_KASUMIGAURA
北浦南部,マブナ,35.985427,140.580628,IBARAKI_KASUMIGAURA
北浦南部,マブナ,35.985894,140.580188,IBARAKI_KASUMIGAURA
北浦南部,マブナ,35.986589,140.579649,IBARAKI_KASUMIGAURA
北浦南部,マブナ,35.987252,140.579095,IBARAKI_KASUMIGAURA
北浦南部,マブナ,35.987891,140.578526,IBARAKI_KASUMIGAURA
北浦南部,バス,35.98496017,140.5811056,IBARAKI_KASUMIGAURA
北浦南部,バス,35.985703,140.580628,IBARAKI_KASUMIGAURA
北浦南部,バス,35.986111,140.580317,IBARAKI_KASUMIGAURA
北浦南部,バス,35.986463,140.580081,IBARAKI_KASUMIGAURA
北浦南部,バス,35.986802,140.579802,IBARAKI_KASUMIGAURA
北浦南部,バス,35.987149,140.579502,IBARAKI_KASUMIGAURA
北浦南部,バス,35.987475,140.579201,IBARAKI_KASUMIGAURA
北浦南部,バス,35.987814,140.578912,IBARAKI_KASUMIGAURA
北浦南部,バス,35.988114,140.57859,IBARAKI_KASUMIGAURA
北浦南部,バス,35.988413,140.578241,IBARAKI_KASUMIGAURA
北浦南部,バス,35.98539,140.580939,IBARAKI_KASUMIGAURA
北浦南部,コイ,35.985648,140.580886,IBARAKI_KASUMIGAURA
北浦南部,コイ,35.986404,140.58037,IBARAKI_KASUMIGAURA
北浦南部,コイ,35.987061,140.579801,IBARAKI_KASUMIGAURA
北浦南部,コイ,35.987743,140.579201,IBARAKI_KASUMIGAURA
北浦南部,マブナ,35.993061,140.571168,IBARAKI_KASUMIGAURA
北浦南部,マブナ,35.993651,140.570739,IBARAKI_KASUMIGAURA
北浦南部,マブナ,35.994067,140.570417,IBARAKI_KASUMIGAURA
北浦南部,コイ,35.994353,140.57016,IBARAKI_KASUMIGAURA
北浦南部,コイ,35.99471,140.56987,IBARAKI_KASUMIGAURA
北浦南部,マブナ,35.992304,140.571876,IBARAKI_KASUMIGAURA
北浦南部,マブナ,35.991731,140.572498,IBARAKI_KASUMIGAURA
北浦南部,マブナ,35.991219,140.57311,IBARAKI_KASUMIGAURA
北浦南部,バス,35.993777,140.571657,IBARAKI_KASUMIGAURA
北浦南部,バス,35.993495,140.571522,IBARAKI_KASUMIGAURA
北浦南部,バス,35.993782,140.571243,IBARAKI_KASUMIGAURA
北浦南部,バス,35.992861,140.571629,IBARAKI_KASUMIGAURA
北浦南部,バス,35.992522,140.571962,IBARAKI_KASUMIGAURA
北浦南部,バス,35.992209,140.572252,IBARAKI_KASUMIGAURA
北浦南部,バス,35.991879,140.572659,IBARAKI_KASUMIGAURA
北浦南部,バス,35.991514,140.573121,IBARAKI_KASUMIGAURA
北浦南部,バス,35.990949,140.573818,IBARAKI_KASUMIGAURA
北浦南部,バス,35.991201,140.573432,IBARAKI_KASUMIGAURA
北浦南部,バス,35.993981,140.570803,IBARAKI_KASUMIGAURA
北浦南部,バス,35.994311,140.570503,IBARAKI_KASUMIGAURA
北浦南部,バス,35.994659,140.570267,IBARAKI_KASUMIGAURA
北浦南部,コイ,35.993346,140.57134,IBARAKI_KASUMIGAURA
北浦南部,バス,35.99312,140.571479,IBARAKI_KASUMIGAURA
北浦南部,バス,35.992703,140.571833,IBARAKI_KASUMIGAURA
北浦南部,バス,35.993698,140.59876,IBARAKI_KASUMIGAURA
北浦南部,バス,35.993924,140.59862,IBARAKI_KASUMIGAURA
北浦南部,バス,35.99342,140.599087,IBARAKI_KASUMIGAURA
北浦南部,バス,35.994627,140.59846,IBARAKI_KASUMIGAURA
北浦南部,バス,35.995096,140.597778,IBARAKI_KASUMIGAURA
北浦南部,マブナ,35.994853,140.598132,IBARAKI_KASUMIGAURA
北浦南部,マブナ,35.994375,140.598717,IBARAKI_KASUMIGAURA
北浦南部,タナゴ,35.993663,140.59905,IBARAKI_KASUMIGAURA
北浦南部,コイ,35.993176,140.599001,IBARAKI_KASUMIGAURA
北浦南部,コイ,35.994223,140.598519,IBARAKI_KASUMIGAURA
北浦南部,コイ,35.994619,140.598138,IBARAKI_KASUMIGAURA
北浦南部,ワカサギ,35.98414,140.604972,IBARAKI_KASUMIGAURA
北浦南部,ワカサギ,35.983618,140.605031,IBARAKI_KASUMIGAURA
北浦南部,ワカサギ,35.984696,140.604666,IBARAKI_KASUMIGAURA
北浦南部,マブナ,35.983966,140.604865,IBARAKI_KASUMIGAURA
北浦南部,マブナ,35.983119,140.604967,IBARAKI_KASUMIGAURA
北浦南部,マブナ,35.984996,140.604484,IBARAKI_KASUMIGAURA
北浦南部,バス,35.985239,140.604253,IBARAKI_KASUMIGAURA
北浦南部,バス,35.984413,140.604768,IBARAKI_KASUMIGAURA
北浦南部,バス,35.983809,140.604924,IBARAKI_KASUMIGAURA
北浦南部,バス,35.983901,140.604317,IBARAKI_KASUMIGAURA
北浦南部,バス,35.98354,140.604436,IBARAKI_KASUMIGAURA
北浦南部,バス,35.983171,140.604425,IBARAKI_KASUMIGAURA
北浦南部,コイ,35.983314,140.604768,IBARAKI_KASUMIGAURA
北浦南部,コイ,35.984201,140.604661,IBARAKI_KASUMIGAURA
北浦南部,コイ,35.985035,140.604237,IBARAKI_KASUMIGAURA
北浦南部,バス,35.971896,140.596294,IBARAKI_KASUMIGAURA
北浦南部,バス,35.971718,140.59599,IBARAKI_KASUMIGAURA
北浦南部,バス,35.971485,140.595952,IBARAKI_KASUMIGAURA
北浦南部,バス,35.971202,140.59599,IBARAKI_KASUMIGAURA
北浦南部,マブナ,35.971399,140.596256,IBARAKI_KASUMIGAURA
北浦南部,マブナ,35.970938,140.595694,IBARAKI_KASUMIGAURA
北浦南部,コイ,35.971208,140.595694,IBARAKI_KASUMIGAURA
北浦南部,バス,35.947864,140.61668,IBARAKI_KASUMIGAURA
北浦南部,バス,35.948438,140.616111,IBARAKI_KASUMIGAURA
北浦南部,バス,35.947395,140.617549,IBARAKI_KASUMIGAURA
北浦南部,マブナ,35.947621,140.617098,IBARAKI_KASUMIGAURA
北浦南部,マブナ,35.948178,140.61639,IBARAKI_KASUMIGAURA
北浦南部,コイ,35.947865,140.616218,IBARAKI_KASUMIGAURA
北浦南部,コイ,35.947578,140.616691,IBARAKI_KASUMIGAURA
北浦南部,コイ,35.947134,140.617753,IBARAKI_KASUMIGAURA
北浦南部,コイ,35.939551,140.629705,IBARAKI_KASUMIGAURA
北浦南部,バス,35.939769,140.629479,IBARAKI_KASUMIGAURA
北浦南部,バス,35.939134,140.631958,IBARAKI_KASUMIGAURA
北浦南部,バス,35.939438,140.630799,IBARAKI_KASUMIGAURA
北浦南部,マブナ,35.939291,140.631389,IBARAKI_KASUMIGAURA
北浦南部,マブナ,35.939578,140.630305,IBARAKI_KASUMIGAURA
北浦南部,マブナ,35.939944,140.628986,IBARAKI_KASUMIGAURA
北浦南部,マブナ,35.939335,140.629286,IBARAKI_KASUMIGAURA
北浦南部,バス,35.940108,140.628514,IBARAKI_KASUMIGAURA
北浦南部,バス,35.939178,140.628814,IBARAKI_KASUMIGAURA
北浦南部,マブナ,35.938969,140.628363,IBARAKI_KASUMIGAURA
北浦南部,マブナ,35.94029,140.628063,IBARAKI_KASUMIGAURA
北浦南部,バス,35.940499,140.62757,IBARAKI_KASUMIGAURA
北浦南部,コイ,35.939792,140.62854,IBARAKI_KASUMIGAURA
北浦南部,コイ,35.940136,140.627645,IBARAKI_KASUMIGAURA
北浦南部,コイ,35.939042,140.627902,IBARAKI_KASUMIGAURA
北浦南部,コイ,35.9527324,140.6138501,IBARAKI_KASUMIGAURA
北浦南部,バス,35.95327347,140.614061,IBARAKI_KASUMIGAURA
北浦南部,バス,35.95291467,140.6140271,IBARAKI_KASUMIGAURA
北浦南部,バス,35.953543,140.613902,IBARAKI_KASUMIGAURA
北浦南部,バス,35.954121,140.613894,IBARAKI_KASUMIGAURA
北浦南部,バス,35.954336,140.613765,IBARAKI_KASUMIGAURA
北浦南部,バス,35.951669,140.614228,IBARAKI_KASUMIGAURA
北浦南部,バス,35.952266,140.61419,IBARAKI_KASUMIGAURA
北浦南部,マブナ,35.951215,140.614266,IBARAKI_KASUMIGAURA
北浦南部,マブナ,35.951977,140.61422,IBARAKI_KASUMIGAURA
北浦南部,マブナ,35.952585,140.614129,IBARAKI_KASUMIGAURA
北浦南部,マブナ,35.95309706,140.6139466,IBARAKI_KASUMIGAURA
北浦南部,マブナ,35.953741,140.614023,IBARAKI_KASUMIGAURA
北浦南部,コイ,35.953901,140.613839,IBARAKI_KASUMIGAURA
北浦南部,コイ,35.953345,140.613845,IBARAKI_KASUMIGAURA
北浦南部,コイ,35.952103,140.614054,IBARAKI_KASUMIGAURA
北浦南部,コイ,35.951446,140.614129,IBARAKI_KASUMIGAURA
北浦南部,バス,35.963835,140.610002,IBARAKI_KASUMIGAURA
北浦南部,バス,35.963503,140.610116,IBARAKI_KASUMIGAURA
北浦南部,バス,35.963344,140.60954,IBARAKI_KASUMIGAURA
北浦南部,バス,35.962748,140.609312,IBARAKI_KASUMIGAURA
北浦南部,バス,35.963215,140.609092,IBARAKI_KASUMIGAURA
北浦南部,バス,35.962735,140.608895,IBARAKI_KASUMIGAURA
北浦南部,バス,35.962428,140.608819,IBARAKI_KASUMIGAURA
北浦南部,バス,35.963688,140.60935,IBARAKI_KASUMIGAURA
北浦南部,マブナ,35.964272,140.609775,IBARAKI_KASUMIGAURA
北浦南部,バス,35.96328785,140.6083029,IBARAKI_KASUMIGAURA
北浦南部,バス,35.963043,140.607984,IBARAKI_KASUMIGAURA
北浦南部,バス,35.962791,140.607628,IBARAKI_KASUMIGAURA
北浦南部,バス,35.962102,140.608485,IBARAKI_KASUMIGAURA
北浦南部,バス,35.961819,140.608128,IBARAKI_KASUMIGAURA
北浦南部,バス,35.961536,140.607726,IBARAKI_KASUMIGAURA
北浦南部,バス,35.965254,140.608872,IBARAKI_KASUMIGAURA
北浦南部,バス,35.965106,140.609069,IBARAKI_KASUMIGAURA
北浦南部,バス,35.964228,140.608455,IBARAKI_KASUMIGAURA
北浦南部,バス,35.963908,140.608189,IBARAKI_KASUMIGAURA
北浦南部,マブナ,35.961931,140.609335,IBARAKI_KASUMIGAURA
北浦南部,マブナ,35.961408,140.610146,IBARAKI_KASUMIGAURA
北浦南部,マブナ,35.96131,140.611497,IBARAKI_KASUMIGAURA
北浦南部,マブナ,35.960787,140.613166,IBARAKI_KASUMIGAURA
北浦南部,バス,35.96107,140.612407,IBARAKI_KASUMIGAURA
北浦南部,バス,35.961821,140.609547,IBARAKI_KASUMIGAURA
北浦南部,バス,35.961796,140.608614,IBARAKI_KASUMIGAURA
北浦南部,バス,35.961489,140.608182,IBARAKI_KASUMIGAURA
北浦南部,バス,35.961151,140.607757,IBARAKI_KASUMIGAURA
北浦南部,コイ,35.962079,140.609084,IBARAKI_KASUMIGAURA
北浦南部,コイ,35.961366,140.609835,IBARAKI_KASUMIGAURA
北浦南部,コイ,35.96112,140.611869,IBARAKI_KASUMIGAURA
北浦南部,コイ,35.960481,140.613166,IBARAKI_KASUMIGAURA
北浦南部,バス,35.959798,140.597937,IBARAKI_KASUMIGAURA
北浦南部,バス,35.959928,140.59858,IBARAKI_KASUMIGAURA
北浦南部,バス,35.960328,140.599095,IBARAKI_KASUMIGAURA
北浦南部,バス,35.960684,140.599578,IBARAKI_KASUMIGAURA
北浦南部,バス,35.96104,140.600029,IBARAKI_KASUMIGAURA
北浦南部,バス,35.959945,140.599117,IBARAKI_KASUMIGAURA
北浦南部,バス,35.960319,140.599589,IBARAKI_KASUMIGAURA
北浦南部,バス,35.960693,140.600114,IBARAKI_KASUMIGAURA
北浦南部,バス,35.95936289,140.5994922,IBARAKI_KASUMIGAURA
北浦南部,バス,35.959311,140.602099,IBARAKI_KASUMIGAURA
北浦南部,バス,35.960023,140.603108,IBARAKI_KASUMIGAURA
北浦南部,バス,35.958685,140.601917,IBARAKI_KASUMIGAURA
北浦南部,バス,35.959415,140.602893,IBARAKI_KASUMIGAURA
北浦南部,バス,35.960241,140.604041,IBARAKI_KASUMIGAURA
北浦南部,バス,35.960962,140.605071,IBARAKI_KASUMIGAURA
北浦南部,バス,35.957973,140.602582,IBARAKI_KASUMIGAURA
北浦南部,バス,35.958347,140.603161,IBARAKI_KASUMIGAURA
北浦南部,バス,35.958738,140.603773,IBARAKI_KASUMIGAURA
北浦南部,バス,35.959147,140.604385,IBARAKI_KASUMIGAURA
北浦南部,バス,35.959573,140.604942,IBARAKI_KASUMIGAURA
北浦南部,バス,35.958321,140.603741,IBARAKI_KASUMIGAURA
北浦南部,バス,35.958721,140.60432,IBARAKI_KASUMIGAURA
北浦南部,バス,35.959173,140.604942,IBARAKI_KASUMIGAURA
北浦南部,バス,35.957035,140.604352,IBARAKI_KASUMIGAURA
北浦南部,バス,35.957244,140.603848,IBARAKI_KASUMIGAURA
北浦南部,マブナ,35.957531,140.603408,IBARAKI_KASUMIGAURA
北浦南部,マブナ,35.958417,140.601681,IBARAKI_KASUMIGAURA
北浦南部,マブナ,35.95911106,140.600211,IBARAKI_KASUMIGAURA
北浦南部,マブナ,35.959563,140.598677,IBARAKI_KASUMIGAURA
北浦南部,マブナ,35.95998,140.597282,IBARAKI_KASUMIGAURA
北浦南部,コイ,35.960328,140.596671,IBARAKI_KASUMIGAURA
北浦南部,コイ,35.95965,140.599149,IBARAKI_KASUMIGAURA
北浦南部,コイ,35.95945,140.600072,IBARAKI_KASUMIGAURA
北浦南部,コイ,35.958311,140.602239,IBARAKI_KASUMIGAURA
北浦南部,コイ,35.957939,140.603333,IBARAKI_KASUMIGAURA
北浦南部,バス,35.941376,140.619387,IBARAKI_KASUMIGAURA
北浦南部,バス,35.941892,140.618765,IBARAKI_KASUMIGAURA
北浦南部,バス,35.94277612,140.617657,IBARAKI_KASUMIGAURA
北浦南部,バス,35.940815,140.620077,IBARAKI_KASUMIGAURA
北浦南部,バス,35.940582,140.620198,IBARAKI_KASUMIGAURA
北浦南部,バス,35.94037876,140.6203426,IBARAKI_KASUMIGAURA
北浦南部,バス,35.940133,140.620274,IBARAKI_KASUMIGAURA
北浦南部,バス,35.939207,140.620654,IBARAKI_KASUMIGAURA
北浦南部,バス,35.93973,140.620456,IBARAKI_KASUMIGAURA
北浦南部,マブナ,35.93991293,140.6203805,IBARAKI_KASUMIGAURA
北浦南部,マブナ,35.939503,140.62051,IBARAKI_KASUMIGAURA
北浦南部,マブナ,35.940996,140.61966,IBARAKI_KASUMIGAURA
北浦南部,マブナ,35.941591,140.619114,IBARAKI_KASUMIGAURA
北浦南部,マブナ,35.942359,140.61818,IBARAKI_KASUMIGAURA
北浦南部,コイ,35.942673,140.618052,IBARAKI_KASUMIGAURA
北浦南部,コイ,35.94223,140.618583,IBARAKI_KASUMIGAURA
北浦南部,コイ,35.941874,140.619083,IBARAKI_KASUMIGAURA
北浦南部,コイ,35.941616,140.61944,IBARAKI_KASUMIGAURA
北浦南部,コイ,35.94007354,140.6205626,IBARAKI_KASUMIGAURA
北浦南部,コイ,35.939643,140.620661,IBARAKI_KASUMIGAURA
北浦北部,タナゴ,36.07242932,140.5504695,IBARAKI_KASUMIGAURA
北浦北部,タナゴ,36.077685,140.545556,IBARAKI_KASUMIGAURA
北浦北部,タナゴ,36.07905,140.543635,IBARAKI_KASUMIGAURA
北浦北部,タナゴ,36.08754737,140.5420098,IBARAKI_KASUMIGAURA
北浦北部,タナゴ,36.088798,140.541559,IBARAKI_KASUMIGAURA
北浦北部,タナゴ,36.09124951,140.5409583,IBARAKI_KASUMIGAURA
北浦北部,マブナ,36.087032,140.535527,IBARAKI_KASUMIGAURA
北浦北部,マブナ,36.088481,140.534317,IBARAKI_KASUMIGAURA
北浦北部,マブナ,36.089001,140.533867,IBARAKI_KASUMIGAURA
北浦北部,マブナ,36.069625,140.527743,IBARAKI_KASUMIGAURA
北浦北部,マブナ,36.068821,140.528069,IBARAKI_KASUMIGAURA
北浦北部,マブナ,36.069164,140.528054,IBARAKI_KASUMIGAURA
北浦北部,クチボソ,36.06945923,140.5280086,IBARAKI_KASUMIGAURA
北浦北部,マブナ,36.078348,140.536045,IBARAKI_KASUMIGAURA
北浦北部,マブナ,36.077875,140.536173,IBARAKI_KASUMIGAURA
北浦北部,マブナ,36.077185,140.536447,IBARAKI_KASUMIGAURA
北浦北部,マブナ,36.076686,140.53672,IBARAKI_KASUMIGAURA
北浦北部,マブナ,36.069955,140.5275,IBARAKI_KASUMIGAURA
北浦北部,マブナ,36.070182,140.526081,IBARAKI_KASUMIGAURA
北浦北部,マブナ,36.06831,140.530019,IBARAKI_KASUMIGAURA
北浦北部,マブナ,36.06901,140.528539,IBARAKI_KASUMIGAURA
北浦北部,マブナ,36.072217,140.52901,IBARAKI_KASUMIGAURA
北浦北部,マブナ,36.072475,140.530967,IBARAKI_KASUMIGAURA
北浦北部,バス,36.069825,140.528297,IBARAKI_KASUMIGAURA
北浦北部,バス,36.070058,140.526969,IBARAKI_KASUMIGAURA
北浦北部,バス,36.069917,140.529237,IBARAKI_KASUMIGAURA
北浦北部,バス,36.070703,140.529844,IBARAKI_KASUMIGAURA
北浦北部,バス,36.071267,140.529002,IBARAKI_KASUMIGAURA
北浦北部,バス,36.070494,140.528987,IBARAKI_KASUMIGAURA
北浦北部,バス,36.07219243,140.5297606,IBARAKI_KASUMIGAURA
北浦北部,バス,36.072254,140.530489,IBARAKI_KASUMIGAURA
北浦北部,バス,36.072322,140.531801,IBARAKI_KASUMIGAURA
北浦北部,バス,36.071825,140.532393,IBARAKI_KASUMIGAURA
北浦北部,バス,36.071518,140.533076,IBARAKI_KASUMIGAURA
北浦北部,バス,36.071432,140.529753,IBARAKI_KASUMIGAURA
北浦北部,バス,36.068771,140.528987,IBARAKI_KASUMIGAURA
北浦北部,バス,36.068599,140.529495,IBARAKI_KASUMIGAURA
北浦北部,バス,36.068299,140.530686,IBARAKI_KASUMIGAURA
北浦北部,バス,36.068262,140.531392,IBARAKI_KASUMIGAURA
北浦北部,バス,36.068047,140.53193,IBARAKI_KASUMIGAURA
北浦北部,バス,36.067728,140.532332,IBARAKI_KASUMIGAURA
北浦北部,コイ,36.068476,140.530398,IBARAKI_KASUMIGAURA
北浦北部,コイ,36.069385,140.528774,IBARAKI_KASUMIGAURA
北浦北部,コイ,36.071809,140.529518,IBARAKI_KASUMIGAURA
北浦北部,コイ,36.07222298,140.5313234,IBARAKI_KASUMIGAURA
北浦北部,バス,36.0799,140.536597,IBARAKI_KASUMIGAURA
北浦北部,バス,36.079644,140.536522,IBARAKI_KASUMIGAURA
北浦北部,バス,36.07911062,140.5362484,IBARAKI_KASUMIGAURA
北浦北部,バス,36.080624,140.536404,IBARAKI_KASUMIGAURA
北浦北部,マブナ,36.080256,140.536366,IBARAKI_KASUMIGAURA
北浦北部,マブナ,36.07943124,140.5362698,IBARAKI_KASUMIGAURA
北浦北部,マブナ,36.078772,140.536281,IBARAKI_KASUMIGAURA
北浦北部,コイ,36.079271,140.536425,IBARAKI_KASUMIGAURA
北浦北部,コイ,36.080434,140.536506,IBARAKI_KASUMIGAURA
北浦北部,バス,36.086043,140.538437,IBARAKI_KASUMIGAURA
北浦北部,バス,36.08609072,140.5388609,IBARAKI_KASUMIGAURA
北浦北部,バス,36.086135,140.539354,IBARAKI_KASUMIGAURA
北浦北部,バス,36.085583,140.538335,IBARAKI_KASUMIGAURA
北浦北部,バス,36.084838,140.537901,IBARAKI_KASUMIGAURA
北浦北部,マブナ,36.085259,140.538137,IBARAKI_KASUMIGAURA
北浦北部,バス,36.086291,140.538287,IBARAKI_KASUMIGAURA
北浦北部,バス,36.086291,140.538614,IBARAKI_KASUMIGAURA
北浦北部,バス,36.086317,140.539097,IBARAKI_KASUMIGAURA
北浦北部,バス,36.086828,140.537252,IBARAKI_KASUMIGAURA
北浦北部,バス,36.086763,140.537708,IBARAKI_KASUMIGAURA
北浦北部,マブナ,36.086676,140.53671,IBARAKI_KASUMIGAURA
北浦北部,マブナ,36.086459,140.537847,IBARAKI_KASUMIGAURA
北浦北部,バス,36.086359,140.539574,IBARAKI_KASUMIGAURA
北浦北部,コイ,36.086897,140.536506,IBARAKI_KASUMIGAURA
北浦北部,コイ,36.08652,140.538163,IBARAKI_KASUMIGAURA
北浦北部,コイ,36.08502,140.538153,IBARAKI_KASUMIGAURA
北浦北部,ワカサギ,36.095199,140.521571,IBARAKI_KASUMIGAURA
北浦北部,ワカサギ,36.094644,140.521968,IBARAKI_KASUMIGAURA
北浦北部,マブナ,36.094943,140.521818,IBARAKI_KASUMIGAURA
北浦北部,マブナ,36.095324,140.521105,IBARAKI_KASUMIGAURA
北浦北部,マブナ,36.095809,140.519451,IBARAKI_KASUMIGAURA
北浦北部,マブナ,36.096209,140.522864,IBARAKI_KASUMIGAURA
北浦北部,マブナ,36.093928,140.523352,IBARAKI_KASUMIGAURA
北浦北部,マブナ,36.09372454,140.5240765,IBARAKI_KASUMIGAURA
北浦北部,マブナ,36.096938,140.523312,IBARAKI_KASUMIGAURA
北浦北部,マブナ,36.098183,140.524336,IBARAKI_KASUMIGAURA
北浦北部,バス,36.098521,140.524625,IBARAKI_KASUMIGAURA
北浦北部,バス,36.097748,140.52398,IBARAKI_KASUMIGAURA
北浦北部,バス,36.097263,140.523782,IBARAKI_KASUMIGAURA
北浦北部,バス,36.096379,140.5231,IBARAKI_KASUMIGAURA
北浦北部,バス,36.095674,140.524336,IBARAKI_KASUMIGAURA
北浦北部,バス,36.096122,140.523509,IBARAKI_KASUMIGAURA
北浦北部,バス,36.09592,140.523904,IBARAKI_KASUMIGAURA
北浦北部,バス,36.095582,140.523919,IBARAKI_KASUMIGAURA
北浦北部,バス,36.09601746,140.5232135,IBARAKI_KASUMIGAURA
北浦北部,バス,36.095815,140.523562,IBARAKI_KASUMIGAURA
北浦北部,バス,36.09576,140.522698,IBARAKI_KASUMIGAURA
北浦北部,バス,36.095454,140.522068,IBARAKI_KASUMIGAURA
北浦北部,バス,36.09554,140.520262,IBARAKI_KASUMIGAURA
北浦北部,バス,36.096104,140.518715,IBARAKI_KASUMIGAURA
北浦北部,バス,36.09518943,140.5238754,IBARAKI_KASUMIGAURA
北浦北部,バス,36.094765,140.523521,IBARAKI_KASUMIGAURA
北浦北部,バス,36.095311,140.524433,IBARAKI_KASUMIGAURA
北浦北部,バス,36.094851,140.524015,IBARAKI_KASUMIGAURA
北浦北部,バス,36.094356,140.523672,IBARAKI_KASUMIGAURA
北浦北部,バス,36.094461,140.522513,IBARAKI_KASUMIGAURA
北浦北部,バス,36.094226,140.523317,IBARAKI_KASUMIGAURA
北浦北部,バス,36.09433121,140.5229098,IBARAKI_KASUMIGAURA
北浦北部,バス,36.093897,140.523736,IBARAKI_KASUMIGAURA
北浦北部,バス,36.093707,140.524487,IBARAKI_KASUMIGAURA
北浦北部,コイ,36.093941,140.524208,IBARAKI_KASUMIGAURA
北浦北部,コイ,36.094644,140.522373,IBARAKI_KASUMIGAURA
北浦北部,コイ,36.095564,140.522481,IBARAKI_KASUMIGAURA
北浦北部,コイ,36.096638,140.523264,IBARAKI_KASUMIGAURA
北浦北部,コイ,36.09788565,140.5243796,IBARAKI_KASUMIGAURA
北浦北部,バス,36.109024,140.52427,IBARAKI_KASUMIGAURA
北浦北部,バス,36.110091,140.524581,IBARAKI_KASUMIGAURA
北浦北部,バス,36.108548,140.524114,IBARAKI_KASUMIGAURA
北浦北部,バス,36.108053,140.523819,IBARAKI_KASUMIGAURA
北浦北部,バス,36.106099,140.523851,IBARAKI_KASUMIGAURA
北浦北部,バス,36.105588,140.525171,IBARAKI_KASUMIGAURA
北浦北部,バス,36.105414,140.525455,IBARAKI_KASUMIGAURA
北浦北部,バス,36.104695,140.526185,IBARAKI_KASUMIGAURA
北浦北部,マブナ,36.104964,140.525562,IBARAKI_KASUMIGAURA
北浦北部,マブナ,36.107448,140.523781,IBARAKI_KASUMIGAURA
北浦北部,マブナ,36.106455,140.523722,IBARAKI_KASUMIGAURA
北浦北部,マブナ,36.105791,140.524195,IBARAKI_KASUMIGAURA
北浦北部,マブナ,36.10952381,140.5243018,IBARAKI_KASUMIGAURA
北浦北部,コイ,36.109766,140.524592,IBARAKI_KASUMIGAURA
北浦北部,コイ,36.107126,140.523905,IBARAKI_KASUMIGAURA
北浦北部,コイ,36.106801,140.523894,IBARAKI_KASUMIGAURA
北浦北部,コイ,36.105657,140.524656,IBARAKI_KASUMIGAURA
北浦北部,コイ,36.104955,140.525917,IBARAKI_KASUMIGAURA
北浦北部,バス,36.110737,140.525047,IBARAKI_KASUMIGAURA
北浦北部,バス,36.111036,140.525702,IBARAKI_KASUMIGAURA
北浦北部,バス,36.1116,140.526228,IBARAKI_KASUMIGAURA
北浦北部,バス,36.111327,140.52597,IBARAKI_KASUMIGAURA
北浦北部,バス,36.112069,140.526292,IBARAKI_KASUMIGAURA
北浦北部,バス,36.11281,140.527188,IBARAKI_KASUMIGAURA
北浦北部,バス,36.111703,140.526533,IBARAKI_KASUMIGAURA
北浦北部,バス,36.110524,140.525766,IBARAKI_KASUMIGAURA
北浦北部,バス,36.110676,140.525938,IBARAKI_KASUMIGAURA
北浦北部,バス,36.111326,140.526244,IBARAKI_KASUMIGAURA
北浦北部,バス,36.111083,140.526024,IBARAKI_KASUMIGAURA
北浦北部,マブナ,36.112428,140.526689,IBARAKI_KASUMIGAURA
北浦北部,マブナ,36.113047,140.527767,IBARAKI_KASUMIGAURA
北浦北部,マブナ,36.110442,140.52479,IBARAKI_KASUMIGAURA
北浦北部,マブナ,36.11104,140.52531,IBARAKI_KASUMIGAURA
北浦北部,コイ,36.11085,140.525305,IBARAKI_KASUMIGAURA
北浦北部,コイ,36.112809,140.527542,IBARAKI_KASUMIGAURA
北浦北部,コイ,36.112562,140.527054,IBARAKI_KASUMIGAURA
北浦北部,バス,36.120418,140.521223,IBARAKI_KASUMIGAURA
北浦北部,マブナ,36.120062,140.521625,IBARAKI_KASUMIGAURA
北浦北部,マブナ,36.121008,140.521067,IBARAKI_KASUMIGAURA
北浦北部,バス,36.12136716,140.521021,IBARAKI_KASUMIGAURA
北浦北部,バス,36.11978942,140.5220059,IBARAKI_KASUMIGAURA
北浦北部,バス,36.119148,140.522762,IBARAKI_KASUMIGAURA
北浦北部,マブナ,36.119486,140.522403,IBARAKI_KASUMIGAURA
北浦北部,コイ,36.119395,140.522687,IBARAKI_KASUMIGAURA
北浦北部,コイ,36.119993,140.521909,IBARAKI_KASUMIGAURA
北浦北部,コイ,36.120731,140.521212,IBARAKI_KASUMIGAURA
北浦北部,バス,36.12252,140.519891,IBARAKI_KASUMIGAURA
北浦北部,バス,36.122281,140.520156,IBARAKI_KASUMIGAURA
北浦北部,バス,36.122128,140.52046,IBARAKI_KASUMIGAURA
北浦北部,バス,36.121962,140.520672,IBARAKI_KASUMIGAURA
北浦北部,マブナ,36.121711,140.520877,IBARAKI_KASUMIGAURA
北浦北部,マブナ,36.123519,140.519936,IBARAKI_KASUMIGAURA
北浦北部,バス,36.125137,140.520118,IBARAKI_KASUMIGAURA
北浦北部,バス,36.124063,140.520012,IBARAKI_KASUMIGAURA
北浦北部,バス,36.122904,140.51986,IBARAKI_KASUMIGAURA
北浦北部,マブナ,36.124616,140.520065,IBARAKI_KASUMIGAURA
北浦北部,バス,36.12524,140.520657,IBARAKI_KASUMIGAURA
北浦北部,バス,36.125903,140.520293,IBARAKI_KASUMIGAURA
北浦北部,バス,36.125639,140.520543,IBARAKI_KASUMIGAURA
北浦北部,バス,36.127245,140.521332,IBARAKI_KASUMIGAURA
北浦北部,バス,36.127606,140.521628,IBARAKI_KASUMIGAURA
北浦北部,マブナ,36.126736,140.521249,IBARAKI_KASUMIGAURA
北浦北部,バス,36.126355,140.520756,IBARAKI_KASUMIGAURA
北浦北部,コイ,36.126368,140.521196,IBARAKI_KASUMIGAURA
北浦北部,コイ,36.124332,140.520202,IBARAKI_KASUMIGAURA
北浦北部,コイ,36.123181,140.520095,IBARAKI_KASUMIGAURA
北浦北部,コイ,36.121931,140.520938,IBARAKI_KASUMIGAURA
北浦北部,バス,36.131815,140.520111,IBARAKI_KASUMIGAURA
北浦北部,バス,36.13133688,140.5201031,IBARAKI_KASUMIGAURA
北浦北部,バス,36.13094509,140.5199362,IBARAKI_KASUMIGAURA
北浦北部,バス,36.132612,140.520763,IBARAKI_KASUMIGAURA
北浦北部,バス,36.131913,140.520573,IBARAKI_KASUMIGAURA
北浦北部,バス,36.132024,140.521104,IBARAKI_KASUMIGAURA
北浦北部,バス,36.132466,140.521249,IBARAKI_KASUMIGAURA
北浦北部,バス,36.132864,140.521355,IBARAKI_KASUMIGAURA
北浦北部,バス,36.132999,140.520854,IBARAKI_KASUMIGAURA
北浦北部,バス,36.133717,140.520763,IBARAKI_KASUMIGAURA
北浦北部,マブナ,36.13352,140.520619,IBARAKI_KASUMIGAURA
北浦北部,マブナ,36.132146,140.520315,IBARAKI_KASUMIGAURA
北浦北部,コイ,36.131661,140.520407,IBARAKI_KASUMIGAURA
北浦北部,バス,36.13568144,140.5195417,IBARAKI_KASUMIGAURA
北浦北部,バス,36.1352525,140.5198148,IBARAKI_KASUMIGAURA
北浦北部,バス,36.13480516,140.5200879,IBARAKI_KASUMIGAURA
北浦北部,バス,36.134339,140.520195,IBARAKI_KASUMIGAURA
北浦北部,マブナ,36.136105,140.518859,IBARAKI_KASUMIGAURA
北浦北部,ワカサギ,36.136301,140.519018,IBARAKI_KASUMIGAURA
北浦北部,バス,36.138408,140.518434,IBARAKI_KASUMIGAURA
北浦北部,バス,36.137403,140.518669,IBARAKI_KASUMIGAURA
北浦北部,バス,36.13881,140.519273,IBARAKI_KASUMIGAURA
北浦北部,バス,36.135674,140.522459,IBARAKI_KASUMIGAURA
北浦北部,バス,36.13557,140.521966,IBARAKI_KASUMIGAURA
北浦北部,バス,36.134729,140.523339,IBARAKI_KASUMIGAURA
北浦北部,バス,36.13502362,140.522899,IBARAKI_KASUMIGAURA
北浦北部,バス,36.135292,140.522416,IBARAKI_KASUMIGAURA
北浦北部,ワカサギ,36.1361326,140.5219549,IBARAKI_KASUMIGAURA
北浦北部,ワカサギ,36.13712057,140.5207855,IBARAKI_KASUMIGAURA
北浦北部,マブナ,36.137624,140.520485,IBARAKI_KASUMIGAURA
北浦北部,アユ,36.138222,140.519852,IBARAKI_KASUMIGAURA
北浦北部,コイ,36.13638347,140.5210537,IBARAKI_KASUMIGAURA
北浦北部,アユ,36.13529668,140.5230787,IBARAKI_KASUMIGAURA
北浦北部,ワカサギ,36.135057,140.523543,IBARAKI_KASUMIGAURA
北浦北部,マブナ,36.13530539,140.5234274,IBARAKI_KASUMIGAURA
北浦北部,バス,36.140203,140.517702,IBARAKI_KASUMIGAURA
北浦北部,バス,36.14327219,140.5130173,IBARAKI_KASUMIGAURA
北浦北部,バス,36.141717,140.515354,IBARAKI_KASUMIGAURA
北浦北部,バス,36.142333,140.514463,IBARAKI_KASUMIGAURA
北浦北部,バス,36.14095635,140.5169471,IBARAKI_KASUMIGAURA
北浦北部,ワカサギ,36.141202,140.516513,IBARAKI_KASUMIGAURA
北浦北部,ワカサギ,36.141514,140.515552,IBARAKI_KASUMIGAURA
北浦北部,ワカサギ,36.14084615,140.516454,IBARAKI_KASUMIGAURA
北浦北部,ワカサギ,36.142103,140.514565,IBARAKI_KASUMIGAURA
北浦北部,ワカサギ,36.143004,140.513391,IBARAKI_KASUMIGAURA
北浦北部,ワカサギ,36.143437,140.512479,IBARAKI_KASUMIGAURA
北浦北部,アユ,36.14102995,140.5166437,IBARAKI_KASUMIGAURA
北浦北部,アユ,36.141711,140.51565,IBARAKI_KASUMIGAURA
北浦北部,バス,36.141576,140.515984,IBARAKI_KASUMIGAURA
北浦北部,アユ,36.14104829,140.5162567,IBARAKI_KASUMIGAURA
北浦北部,アユ,36.142146,140.515005,IBARAKI_KASUMIGAURA
北浦北部,アユ,36.142783,140.513753,IBARAKI_KASUMIGAURA
北浦北部,アユ,36.143697,140.512039,IBARAKI_KASUMIGAURA
北浦北部,マブナ,36.143893,140.511614,IBARAKI_KASUMIGAURA
北浦北部,マブナ,36.142475,140.513981,IBARAKI_KASUMIGAURA
北浦北部,マブナ,36.141868,140.514929,IBARAKI_KASUMIGAURA
北浦北部,マブナ,36.141421,140.516287,IBARAKI_KASUMIGAURA
北浦北部,マブナ,36.140611,140.516598,IBARAKI_KASUMIGAURA
北浦北部,コイ,36.141918,140.515392,IBARAKI_KASUMIGAURA
北浦北部,コイ,36.14140373,140.5158547,IBARAKI_KASUMIGAURA
北浦北部,コイ,36.141274,140.516158,IBARAKI_KASUMIGAURA
北浦北部,アユ,36.13629727,140.5215794,IBARAKI_KASUMIGAURA
北浦北部,マブナ,36.136738,140.521386,IBARAKI_KASUMIGAURA
北浦北部,バス,36.135856,140.521654,IBARAKI_KASUMIGAURA
北浦北部,バス,36.134555,140.523918,IBARAKI_KASUMIGAURA
北浦北部,バス,36.1342,140.524833,IBARAKI_KASUMIGAURA
北浦北部,バス,36.134339,140.52457,IBARAKI_KASUMIGAURA
北浦北部,バス,36.134452,140.524286,IBARAKI_KASUMIGAURA
北浦北部,バス,36.134179,140.524039,IBARAKI_KASUMIGAURA
北浦北部,バス,36.134001,140.524436,IBARAKI_KASUMIGAURA
北浦北部,バス,36.133827,140.524205,IBARAKI_KASUMIGAURA
北浦北部,バス,36.133871,140.523889,IBARAKI_KASUMIGAURA
北浦北部,バス,36.134031,140.52383,IBARAKI_KASUMIGAURA
北浦北部,マブナ,36.134374,140.524978,IBARAKI_KASUMIGAURA
北浦北部,マブナ,36.13402729,140.5254444,IBARAKI_KASUMIGAURA
北浦北部,ワカサギ,36.134192,140.525203,IBARAKI_KASUMIGAURA
北浦北部,コイ,36.13551337,140.5228695,IBARAKI_KASUMIGAURA
北浦北部,コイ,36.134032,140.525149,IBARAKI_KASUMIGAURA
北浦北部,ヘラブナ,36.118667,140.530744,IBARAKI_KASUMIGAURA
北浦北部,ヘラブナ,36.119058,140.530262,IBARAKI_KASUMIGAURA
北浦北部,マブナ,36.119322,140.53023,IBARAKI_KASUMIGAURA
北浦北部,マブナ,36.122065,140.532118,IBARAKI_KASUMIGAURA
北浦北部,マブナ,36.121505,140.531892,IBARAKI_KASUMIGAURA
北浦北部,マブナ,36.120985,140.531651,IBARAKI_KASUMIGAURA
北浦北部,マブナ,36.122819,140.531415,IBARAKI_KASUMIGAURA
北浦北部,マブナ,36.12265,140.531817,IBARAKI_KASUMIGAURA
北浦北部,マブナ,36.123071,140.530825,IBARAKI_KASUMIGAURA
北浦北部,マブナ,36.12335556,140.5302992,IBARAKI_KASUMIGAURA
北浦北部,マブナ,36.123646,140.530026,IBARAKI_KASUMIGAURA
北浦北部,コイ,36.12343353,140.5300954,IBARAKI_KASUMIGAURA
北浦北部,コイ,36.123074,140.530594,IBARAKI_KASUMIGAURA
北浦北部,コイ,36.122727,140.531597,IBARAKI_KASUMIGAURA
北浦北部,コイ,36.122302,140.531442,IBARAKI_KASUMIGAURA
北浦北部,コイ,36.12167433,140.5317906,IBARAKI_KASUMIGAURA
北浦北部,コイ,36.121192,140.531576,IBARAKI_KASUMIGAURA
北浦北部,コイ,36.118827,140.530412,IBARAKI_KASUMIGAURA
北浦北部,バス,36.118593,140.530203,IBARAKI_KASUMIGAURA
北浦北部,バス,36.118927,140.530052,IBARAKI_KASUMIGAURA
北浦北部,バス,36.119391,140.52994,IBARAKI_KASUMIGAURA
北浦北部,バス,36.119135,140.529945,IBARAKI_KASUMIGAURA
北浦北部,バス,36.119634,140.530138,IBARAKI_KASUMIGAURA
北浦北部,バス,36.119547,140.530315,IBARAKI_KASUMIGAURA
北浦北部,バス,36.119933,140.530648,IBARAKI_KASUMIGAURA
北浦北部,バス,36.120259,140.530975,IBARAKI_KASUMIGAURA
北浦北部,バス,36.119907,140.530272,IBARAKI_KASUMIGAURA
北浦北部,バス,36.120102,140.530503,IBARAKI_KASUMIGAURA
北浦北部,バス,36.12029205,140.5307016,IBARAKI_KASUMIGAURA
北浦北部,バス,36.120454,140.530943,IBARAKI_KASUMIGAURA
北浦北部,バス,36.120604,140.5312,IBARAKI_KASUMIGAURA
北浦北部,バス,36.121267,140.53178,IBARAKI_KASUMIGAURA
北浦北部,バス,36.121939,140.531791,IBARAKI_KASUMIGAURA
北浦北部,バス,36.121787,140.531935,IBARAKI_KASUMIGAURA
北浦北部,バス,36.121969,140.531383,IBARAKI_KASUMIGAURA
北浦北部,バス,36.122364,140.531957,IBARAKI_KASUMIGAURA
北浦北部,バス,36.12281,140.531082,IBARAKI_KASUMIGAURA
北浦北部,バス,36.123188,140.530358,IBARAKI_KASUMIGAURA
北浦北部,バス,36.123504,140.529816,IBARAKI_KASUMIGAURA
北浦北部,バス,36.109779,140.530974,IBARAKI_KASUMIGAURA
北浦北部,バス,36.109116,140.531354,IBARAKI_KASUMIGAURA
北浦北部,バス,36.111354,140.532772,IBARAKI_KASUMIGAURA
北浦北部,バス,36.110605,140.531938,IBARAKI_KASUMIGAURA
北浦北部,バス,36.108816,140.53259,IBARAKI_KASUMIGAURA
北浦北部,バス,36.10889,140.532264,IBARAKI_KASUMIGAURA
北浦北部,マブナ,36.108994,140.531809,IBARAKI_KASUMIGAURA
北浦北部,マブナ,36.109424,140.530974,IBARAKI_KASUMIGAURA
北浦北部,マブナ,36.110233,140.531445,IBARAKI_KASUMIGAURA
北浦北部,マブナ,36.110969,140.532355,IBARAKI_KASUMIGAURA
北浦北部,コイ,36.11089,140.531968,IBARAKI_KASUMIGAURA
北浦北部,コイ,36.110117,140.531058,IBARAKI_KASUMIGAURA
北浦北部,コイ,36.109169,140.530997,IBARAKI_KASUMIGAURA
北浦北部,コイ,36.10892,140.531483,IBARAKI_KASUMIGAURA
北浦北部,コイ,36.10962,140.530762,IBARAKI_KASUMIGAURA
北浦北部,バス,36.101505,140.537112,IBARAKI_KASUMIGAURA
北浦北部,バス,36.1005,140.537568,IBARAKI_KASUMIGAURA
北浦北部,バス,36.102359,140.536828,IBARAKI_KASUMIGAURA
北浦北部,バス,36.102672,140.536602,IBARAKI_KASUMIGAURA
北浦北部,マブナ,36.102095,140.536999,IBARAKI_KASUMIGAURA
北浦北部,マブナ,36.101002,140.537305,IBARAKI_KASUMIGAURA
北浦北部,コイ,36.100711,140.537289,IBARAKI_KASUMIGAURA
北浦北部,コイ,36.101774,140.536881,IBARAKI_KASUMIGAURA
北浦北部,マブナ,36.09134475,140.5409315,IBARAKI_KASUMIGAURA
北浦北部,マブナ,36.092035,140.540846,IBARAKI_KASUMIGAURA
北浦北部,マブナ,36.090578,140.54142,IBARAKI_KASUMIGAURA
北浦北部,バス,36.09098937,140.5410764,IBARAKI_KASUMIGAURA
北浦北部,バス,36.091679,140.540787,IBARAKI_KASUMIGAURA
北浦北部,バス,36.092421,140.540899,IBARAKI_KASUMIGAURA
北浦北部,バス,36.09187,140.540679,IBARAKI_KASUMIGAURA
北浦北部,バス,36.09083332,140.5409583,IBARAKI_KASUMIGAURA
北浦北部,コイ,36.091462,140.540706,IBARAKI_KASUMIGAURA
北浦北部,コイ,36.092252,140.540744,IBARAKI_KASUMIGAURA
北浦北部,コイ,36.09069,140.541141,IBARAKI_KASUMIGAURA
北浦北部,バス,36.08626,140.542329,IBARAKI_KASUMIGAURA
北浦北部,バス,36.086676,140.542447,IBARAKI_KASUMIGAURA
北浦北部,バス,36.08624229,140.5414814,IBARAKI_KASUMIGAURA
北浦北部,バス,36.08659,140.541782,IBARAKI_KASUMIGAURA
北浦北部,バス,36.086512,140.541074,IBARAKI_KASUMIGAURA
北浦北部,バス,36.085392,140.542114,IBARAKI_KASUMIGAURA
北浦北部,バス,36.08508,140.541846,IBARAKI_KASUMIGAURA
北浦北部,マブナ,36.085696,140.542662,IBARAKI_KASUMIGAURA
北浦北部,マブナ,36.08747,140.542069,IBARAKI_KASUMIGAURA
北浦北部,コイ,36.085696,140.542189,IBARAKI_KASUMIGAURA
北浦北部,コイ,36.087058,140.542136,IBARAKI_KASUMIGAURA
北浦北部,バス,36.073093,140.551119,IBARAKI_KASUMIGAURA
北浦北部,バス,36.072937,140.550893,IBARAKI_KASUMIGAURA
北浦北部,マブナ,36.072785,140.550705,IBARAKI_KASUMIGAURA
北浦北部,マブナ,36.072499,140.550244,IBARAKI_KASUMIGAURA
北浦北部,マブナ,36.072933,140.549563,IBARAKI_KASUMIGAURA
北浦北部,マブナ,36.071835,140.550829,IBARAKI_KASUMIGAURA
北浦北部,バス,36.071632,140.551483,IBARAKI_KASUMIGAURA
北浦北部,バス,36.072161,140.550716,IBARAKI_KASUMIGAURA
北浦北部,バス,36.072651,140.54981,IBARAKI_KASUMIGAURA
北浦北部,バス,36.073379,140.549541,IBARAKI_KASUMIGAURA
北浦北部,コイ,36.07233422,140.5502978,IBARAKI_KASUMIGAURA
北浦北部,コイ,36.072742,140.549558,IBARAKI_KASUMIGAURA
北浦北部,コイ,36.073635,140.549482,IBARAKI_KASUMIGAURA
北浦北部,コイ,36.071726,140.551172,IBARAKI_KASUMIGAURA
北利根川周辺,バス,35.957184,140.497973,IBARAKI_KASUMIGAURA
北利根川周辺,バス,35.957622,140.496841,IBARAKI_KASUMIGAURA
北利根川周辺,バス,35.957435,140.497238,IBARAKI_KASUMIGAURA
北利根川周辺,バス,35.957922,140.497169,IBARAKI_KASUMIGAURA
北利根川周辺,バス,35.957049,140.497104,IBARAKI_KASUMIGAURA
北利根川周辺,バス,35.956823,140.497426,IBARAKI_KASUMIGAURA
北利根川周辺,バス,35.956162,140.496026,IBARAKI_KASUMIGAURA
北利根川周辺,バス,35.956236,140.496895,IBARAKI_KASUMIGAURA
北利根川周辺,マブナ,35.956479,140.497276,IBARAKI_KASUMIGAURA
北利根川周辺,マブナ,35.956007,140.496423,IBARAKI_KASUMIGAURA
北利根川周辺,マブナ,35.956888,140.497818,IBARAKI_KASUMIGAURA
北利根川周辺,コイ,35.957115,140.497689,IBARAKI_KASUMIGAURA
北利根川周辺,コイ,35.956701,140.497249,IBARAKI_KASUMIGAURA
北利根川周辺,コイ,35.956193,140.496541,IBARAKI_KASUMIGAURA
北利根川周辺,コイ,35.95568078,140.4950604,IBARAKI_KASUMIGAURA
北利根川周辺,バス,35.955798,140.495431,IBARAKI_KASUMIGAURA
北利根川周辺,バス,35.955945,140.495763,IBARAKI_KASUMIGAURA
北利根川周辺,バス,35.955446,140.495361,IBARAKI_KASUMIGAURA
北利根川周辺,バス,35.955233,140.494899,IBARAKI_KASUMIGAURA
北利根川周辺,バス,35.955003,140.494395,IBARAKI_KASUMIGAURA
北利根川周辺,バス,35.953174,140.490008,IBARAKI_KASUMIGAURA
北利根川周辺,バス,35.95337,140.490569,IBARAKI_KASUMIGAURA
北利根川周辺,バス,35.953579,140.49113,IBARAKI_KASUMIGAURA
北利根川周辺,バス,35.953764,140.491783,IBARAKI_KASUMIGAURA
北利根川周辺,マブナ,35.953279,140.48937,IBARAKI_KASUMIGAURA
北利根川周辺,バス,35.953592,140.488915,IBARAKI_KASUMIGAURA
北利根川周辺,コイ,35.953586,140.489295,IBARAKI_KASUMIGAURA
北利根川周辺,コイ,35.953862,140.49135,IBARAKI_KASUMIGAURA
北利根川周辺,マブナ,35.94977811,140.4888511,IBARAKI_KASUMIGAURA
北利根川周辺,マブナ,35.948944,140.4934,IBARAKI_KASUMIGAURA
北利根川周辺,マブナ,35.944638,140.494544,IBARAKI_KASUMIGAURA
北利根川周辺,マブナ,35.945855,140.495682,IBARAKI_KASUMIGAURA
北利根川周辺,マブナ,35.94524,140.495045,IBARAKI_KASUMIGAURA
北利根川周辺,マブナ,35.923958,140.563293,IBARAKI_KASUMIGAURA
北利根川周辺,マブナ,35.923879,140.563454,IBARAKI_KASUMIGAURA
北利根川周辺,マブナ,35.91804,140.551797,IBARAKI_KASUMIGAURA
北利根川周辺,マブナ,35.920223,140.547565,IBARAKI_KASUMIGAURA
北利根川周辺,マブナ,35.921482,140.545161,IBARAKI_KASUMIGAURA
北利根川周辺,クチボソ,35.918936,140.549979,IBARAKI_KASUMIGAURA
北利根川周辺,モロコ,35.920847,140.546395,IBARAKI_KASUMIGAURA
北利根川周辺,マブナ,35.91322294,140.55195,IBARAKI_KASUMIGAURA
北利根川周辺,マブナ,35.91193684,140.5508547,IBARAKI_KASUMIGAURA
北利根川周辺,ヘラブナ,35.912501,140.55172,IBARAKI_KASUMIGAURA
北利根川周辺,ヘラブナ,35.91157973,140.5516133,IBARAKI_KASUMIGAURA
北利根川周辺,ヘラブナ,35.914407,140.549959,IBARAKI_KASUMIGAURA
北利根川周辺,バス,35.91403817,140.5509305,IBARAKI_KASUMIGAURA
北利根川周辺,バス,35.914776,140.549064,IBARAKI_KASUMIGAURA
北利根川周辺,バス,35.915637,140.549262,IBARAKI_KASUMIGAURA
北利根川周辺,バス,35.91129826,140.5524327,IBARAKI_KASUMIGAURA
北利根川周辺,コイ,35.91394,140.551871,IBARAKI_KASUMIGAURA
北利根川周辺,コイ,35.91197358,140.5500505,IBARAKI_KASUMIGAURA
北利根川周辺,バス,35.91223178,140.5492615,IBARAKI_KASUMIGAURA
北利根川周辺,ヘラブナ,35.91245283,140.5483815,IBARAKI_KASUMIGAURA
北利根川周辺,コイ,35.91320299,140.5465418,IBARAKI_KASUMIGAURA
北利根川周辺,バス,35.91305519,140.5463066,IBARAKI_KASUMIGAURA
北利根川周辺,マブナ,35.91119967,140.5542837,IBARAKI_KASUMIGAURA
北利根川周辺,ヘラブナ,35.910584,140.554602,IBARAKI_KASUMIGAURA
北利根川周辺,コイ,35.91106431,140.5533885,IBARAKI_KASUMIGAURA
北利根川周辺,ヘラブナ,35.91204701,140.5549969,IBARAKI_KASUMIGAURA
北利根川周辺,マブナ,35.91293251,140.5557403,IBARAKI_KASUMIGAURA
北利根川周辺,コイ,35.91390333,140.5565597,IBARAKI_KASUMIGAURA
北利根川周辺,バス,35.91479,140.557106,IBARAKI_KASUMIGAURA
北利根川周辺,ヘラブナ,35.91576,140.556408,IBARAKI_KASUMIGAURA
北利根川周辺,マブナ,35.91652859,140.5552518,IBARAKI_KASUMIGAURA
北利根川周辺,バス,35.917695,140.552849,IBARAKI_KASUMIGAURA
北利根川周辺,バス,35.917051,140.551389,IBARAKI_KASUMIGAURA
北利根川周辺,バス,35.916408,140.550209,IBARAKI_KASUMIGAURA
北利根川周辺,コイ,35.917034,140.553879,IBARAKI_KASUMIGAURA
北利根川周辺,バス,35.909991,140.556476,IBARAKI_KASUMIGAURA
北利根川周辺,マブナ,35.90866262,140.5616995,IBARAKI_KASUMIGAURA
北利根川周辺,コイ,35.909453,140.558297,IBARAKI_KASUMIGAURA
北利根川周辺,マブナ,35.913332,140.545806,IBARAKI_KASUMIGAURA
北利根川周辺,マブナ,35.913837,140.545867,IBARAKI_KASUMIGAURA
北利根川周辺,ヘラブナ,35.913185,140.546056,IBARAKI_KASUMIGAURA
北利根川周辺,ヘラブナ,35.913665,140.546178,IBARAKI_KASUMIGAURA
北利根川周辺,マブナ,35.912865,140.546587,IBARAKI_KASUMIGAURA
北利根川周辺,バス,35.91258226,140.5471942,IBARAKI_KASUMIGAURA
北利根川周辺,ヘラブナ,35.912711,140.546876,IBARAKI_KASUMIGAURA
北利根川周辺,バス,35.913499,140.546474,IBARAKI_KASUMIGAURA
北利根川周辺,マブナ,35.913381,140.546815,IBARAKI_KASUMIGAURA
北利根川周辺,ヘラブナ,35.913227,140.547134,IBARAKI_KASUMIGAURA
北利根川周辺,バス,35.91300013,140.5474522,IBARAKI_KASUMIGAURA
北利根川周辺,コイ,35.91399,140.545165,IBARAKI_KASUMIGAURA
北利根川周辺,バス,35.914414,140.544917,IBARAKI_KASUMIGAURA
北利根川周辺,バス,35.914001,140.544756,IBARAKI_KASUMIGAURA
北利根川周辺,ヘラブナ,35.914709,140.544091,IBARAKI_KASUMIGAURA
北利根川周辺,マブナ,35.914448,140.544434,IBARAKI_KASUMIGAURA
北利根川周辺,コイ,35.914978,140.54371,IBARAKI_KASUMIGAURA
北利根川周辺,バス,35.915248,140.543383,IBARAKI_KASUMIGAURA
北利根川周辺,マブナ,35.915556,140.543088,IBARAKI_KASUMIGAURA
北利根川周辺,ヘラブナ,35.915826,140.542809,IBARAKI_KASUMIGAURA
北利根川周辺,マブナ,35.908281,140.561464,IBARAKI_KASUMIGAURA
北利根川周辺,テナガエビ,35.908374,140.561017,IBARAKI_KASUMIGAURA
北利根川周辺,テナガエビ,35.908847,140.561275,IBARAKI_KASUMIGAURA
北利根川周辺,コイ,35.908748,140.56069,IBARAKI_KASUMIGAURA
北利根川周辺,ヘラブナ,35.908687,140.560099,IBARAKI_KASUMIGAURA
北利根川周辺,バス,35.909093,140.56003,IBARAKI_KASUMIGAURA
北利根川周辺,マブナ,35.909092,140.559075,IBARAKI_KASUMIGAURA
北利根川周辺,ヘラブナ,35.92131613,140.5380374,IBARAKI_KASUMIGAURA
北利根川周辺,マブナ,35.92148122,140.5373937,IBARAKI_KASUMIGAURA
北利根川周辺,ヘラブナ,35.92161243,140.5387455,IBARAKI_KASUMIGAURA
北利根川周辺,マブナ,35.921987,140.538638,IBARAKI_KASUMIGAURA
北利根川周辺,マブナ,35.921247,140.53896,IBARAKI_KASUMIGAURA
北利根川周辺,バス,35.920882,140.53911,IBARAKI_KASUMIGAURA
北利根川周辺,バス,35.92176,140.538284,IBARAKI_KASUMIGAURA
北利根川周辺,コイ,35.922378,140.538424,IBARAKI_KASUMIGAURA
北利根川周辺,コイ,35.921317,140.538552,IBARAKI_KASUMIGAURA
北利根川周辺,バス,35.921864,140.537158,IBARAKI_KASUMIGAURA
北利根川周辺,ヘラブナ,35.922325,140.537007,IBARAKI_KASUMIGAURA
北利根川周辺,バス,35.922803,140.536868,IBARAKI_KASUMIGAURA
北利根川周辺,ヘラブナ,35.92315816,140.53837,IBARAKI_KASUMIGAURA
北利根川周辺,ヘラブナ,35.924767,140.53881,IBARAKI_KASUMIGAURA
北利根川周辺,ヘラブナ,35.926443,140.540269,IBARAKI_KASUMIGAURA
北利根川周辺,マブナ,35.924272,140.538488,IBARAKI_KASUMIGAURA
北利根川周辺,マブナ,35.92588631,140.5397326,IBARAKI_KASUMIGAURA
北利根川周辺,バス,35.923732,140.53837,IBARAKI_KASUMIGAURA
北利根川周辺,バス,35.925323,140.53925,IBARAKI_KASUMIGAURA
北利根川周辺,マブナ,35.92088201,140.5373937,IBARAKI_KASUMIGAURA
北利根川周辺,ヘラブナ,35.921456,140.536758,IBARAKI_KASUMIGAURA
北利根川周辺,バス,35.920552,140.537726,IBARAKI_KASUMIGAURA
北利根川周辺,コイ,35.92121214,140.5371791,IBARAKI_KASUMIGAURA
北利根川周辺,コイ,35.921108,140.537662,IBARAKI_KASUMIGAURA
北利根川周辺,バス,35.921908,140.536565,IBARAKI_KASUMIGAURA
北利根川周辺,マブナ,35.922381,140.536372,IBARAKI_KASUMIGAURA
北利根川周辺,ヘラブナ,35.92312838,140.5361626,IBARAKI_KASUMIGAURA
北利根川周辺,マブナ,35.92382328,140.5355135,IBARAKI_KASUMIGAURA
北利根川周辺,バス,35.92368053,140.5361465,IBARAKI_KASUMIGAURA
北利根川周辺,コイ,35.922763,140.536431,IBARAKI_KASUMIGAURA
北利根川周辺,コイ,35.924299,140.535333,IBARAKI_KASUMIGAURA
北利根川周辺,バス,35.926584,140.531873,IBARAKI_KASUMIGAURA
北利根川周辺,バス,35.927322,140.5311,IBARAKI_KASUMIGAURA
北利根川周辺,マブナ,35.92676935,140.5309024,IBARAKI_KASUMIGAURA
北利根川周辺,コイ,35.926376,140.530371,IBARAKI_KASUMIGAURA
北利根川周辺,ヘラブナ,35.926241,140.53245,IBARAKI_KASUMIGAURA
北利根川周辺,マブナ,35.926425,140.526203,IBARAKI_KASUMIGAURA
北利根川周辺,マブナ,35.926597,140.526673,IBARAKI_KASUMIGAURA
北利根川周辺,バス,35.926424,140.529359,IBARAKI_KASUMIGAURA
北利根川周辺,マブナ,35.92638173,140.5286711,IBARAKI_KASUMIGAURA
北利根川周辺,ヘラブナ,35.9264339,140.5279416,IBARAKI_KASUMIGAURA
北利根川周辺,バス,35.926477,140.527244,IBARAKI_KASUMIGAURA
北利根川周辺,コイ,35.926634,140.528328,IBARAKI_KASUMIGAURA
北利根川周辺,ヘラブナ,35.92687673,140.5259889,IBARAKI_KASUMIGAURA
北利根川周辺,マブナ,35.927251,140.525452,IBARAKI_KASUMIGAURA
北利根川周辺,バス,35.927573,140.524862,IBARAKI_KASUMIGAURA
北利根川周辺,コイ,35.92702454,140.5264503,IBARAKI_KASUMIGAURA
北利根川周辺,コイ,35.92766,140.525388,IBARAKI_KASUMIGAURA
北利根川周辺,バス,35.92599,140.525892,IBARAKI_KASUMIGAURA
北利根川周辺,コイ,35.92559072,140.525592,IBARAKI_KASUMIGAURA
北利根川周辺,ヘラブナ,35.925217,140.525367,IBARAKI_KASUMIGAURA
北利根川周辺,マブナ,35.92833708,140.525195,IBARAKI_KASUMIGAURA
北利根川周辺,ヘラブナ,35.929085,140.525592,IBARAKI_KASUMIGAURA
北利根川周辺,マブナ,35.929711,140.526139,IBARAKI_KASUMIGAURA
北利根川周辺,バス,35.929397,140.526901,IBARAKI_KASUMIGAURA
北利根川周辺,ヘラブナ,35.92911,140.527781,IBARAKI_KASUMIGAURA
北利根川周辺,マブナ,35.928805,140.528553,IBARAKI_KASUMIGAURA
北利根川周辺,バス,35.928501,140.529379,IBARAKI_KASUMIGAURA
北利根川周辺,ヘラブナ,35.92823251,140.5301303,IBARAKI_KASUMIGAURA
北利根川周辺,マブナ,35.927815,140.530871,IBARAKI_KASUMIGAURA
北利根川周辺,コイ,35.929336,140.526032,IBARAKI_KASUMIGAURA
北利根川周辺,コイ,35.928806,140.527984,IBARAKI_KASUMIGAURA
北利根川周辺,コイ,35.927867,140.530216,IBARAKI_KASUMIGAURA
北利根川周辺,コイ,35.928659,140.525635,IBARAKI_KASUMIGAURA
北利根川周辺,マブナ,35.930768,140.560046,IBARAKI_KASUMIGAURA
北利根川周辺,マブナ,35.93020456,140.5614692,IBARAKI_KASUMIGAURA
北利根川周辺,マブナ,35.931734,140.557542,IBARAKI_KASUMIGAURA
北利根川周辺,マブナ,35.93083,140.554463,IBARAKI_KASUMIGAURA
北利根川周辺,マブナ,35.92925743,140.558669,IBARAKI_KASUMIGAURA
北利根川周辺,マブナ,35.928578,140.560278,IBARAKI_KASUMIGAURA
北利根川周辺,マブナ,35.927491,140.562392,IBARAKI_KASUMIGAURA
北利根川周辺,バス,35.930579,140.560643,IBARAKI_KASUMIGAURA
北利根川周辺,バス,35.931387,140.558465,IBARAKI_KASUMIGAURA
北利根川周辺,バス,35.932368,140.555794,IBARAKI_KASUMIGAURA
北利根川周辺,バス,35.930456,140.556008,IBARAKI_KASUMIGAURA
北利根川周辺,バス,35.929926,140.557092,IBARAKI_KASUMIGAURA
北利根川周辺,バス,35.929934,140.562049,IBARAKI_KASUMIGAURA
北利根川周辺,マブナ,35.929527,140.562928,IBARAKI_KASUMIGAURA
北利根川周辺,コイ,35.929579,140.562403,IBARAKI_KASUMIGAURA
北利根川周辺,コイ,35.930275,140.560847,IBARAKI_KASUMIGAURA
北利根川周辺,コイ,35.93097,140.559044,IBARAKI_KASUMIGAURA
北利根川周辺,コイ,35.929648,140.558025,IBARAKI_KASUMIGAURA
北利根川周辺,バス,35.92899679,140.5593234,IBARAKI_KASUMIGAURA
北利根川周辺,コイ,35.92891,140.559871,IBARAKI_KASUMIGAURA
北利根川周辺,バス,35.928212,140.561093,IBARAKI_KASUMIGAURA
北利根川周辺,コイ,35.927985,140.561904,IBARAKI_KASUMIGAURA
北利根川周辺,バス,35.934497,140.549067,IBARAKI_KASUMIGAURA
北利根川周辺,バス,35.932767,140.548466,IBARAKI_KASUMIGAURA
北利根川周辺,バス,35.933333,140.548627,IBARAKI_KASUMIGAURA
北利根川周辺,バス,35.933979,140.548808,IBARAKI_KASUMIGAURA
北利根川周辺,マブナ,35.932872,140.548005,IBARAKI_KASUMIGAURA
北利根川周辺,マブナ,35.93435,140.549657,IBARAKI_KASUMIGAURA
北利根川周辺,ヘラブナ,35.934715,140.548573,IBARAKI_KASUMIGAURA
北利根川周辺,ヘラブナ,35.933228,140.546996,IBARAKI_KASUMIGAURA
北利根川周辺,ヘラブナ,35.932523,140.548874,IBARAKI_KASUMIGAURA
北利根川周辺,マブナ,35.932245,140.549614,IBARAKI_KASUMIGAURA
北利根川周辺,ヘラブナ,35.93396588,140.550676,IBARAKI_KASUMIGAURA
北利根川周辺,コイ,35.932558,140.549367,IBARAKI_KASUMIGAURA
北利根川周辺,コイ,35.934219,140.549271,IBARAKI_KASUMIGAURA
北利根川周辺,バス,35.934192,140.550172,IBARAKI_KASUMIGAURA
北利根川周辺,コイ,35.933175,140.547586,IBARAKI_KASUMIGAURA
北利根川周辺,バス,35.933784,140.548326,IBARAKI_KASUMIGAURA
北利根川周辺,バス,35.934305,140.548487,IBARAKI_KASUMIGAURA
北利根川周辺,バス,35.935036,140.547919,IBARAKI_KASUMIGAURA
北利根川周辺,バス,35.933514,140.54632,IBARAKI_KASUMIGAURA
北利根川周辺,マブナ,35.93386142,140.5457515,IBARAKI_KASUMIGAURA
北利根川周辺,ヘラブナ,35.934236,140.544614,IBARAKI_KASUMIGAURA
北利根川周辺,コイ,35.93423526,140.5452794,IBARAKI_KASUMIGAURA
北利根川周辺,バス,35.93493894,140.5431443,IBARAKI_KASUMIGAURA
北利根川周辺,ヘラブナ,35.935348,140.542222,IBARAKI_KASUMIGAURA
北利根川周辺,コイ,35.934713,140.543928,IBARAKI_KASUMIGAURA
北利根川周辺,マブナ,35.93552954,140.5467921,IBARAKI_KASUMIGAURA
北利根川周辺,ヘラブナ,35.93606827,140.5452579,IBARAKI_KASUMIGAURA
北利根川周辺,マブナ,35.936529,140.544228,IBARAKI_KASUMIGAURA
北利根川周辺,コイ,35.935592,140.545848,IBARAKI_KASUMIGAURA
北利根川周辺,コイ,35.936712,140.543455,IBARAKI_KASUMIGAURA
北利根川周辺,バス,35.938902,140.538896,IBARAKI_KASUMIGAURA
北利根川周辺,バス,35.937467,140.537834,IBARAKI_KASUMIGAURA
北利根川周辺,バス,35.938206,140.538381,IBARAKI_KASUMIGAURA
北利根川周辺,バス,35.9387262,140.5381876,IBARAKI_KASUMIGAURA
北利根川周辺,バス,35.93816073,140.5377692,IBARAKI_KASUMIGAURA
北利根川周辺,マブナ,35.939258,140.538531,IBARAKI_KASUMIGAURA
北利根川周辺,ヘラブナ,35.939736,140.537576,IBARAKI_KASUMIGAURA
北利根川周辺,マブナ,35.937683,140.537319,IBARAKI_KASUMIGAURA
北利根川周辺,ヘラブナ,35.938266,140.53616,IBARAKI_KASUMIGAURA
北利根川周辺,バス,35.93869975,140.5353338,IBARAKI_KASUMIGAURA
北利根川周辺,ヘラブナ,35.93975119,140.5336279,IBARAKI_KASUMIGAURA
北利根川周辺,マブナ,35.93920398,140.5344862,IBARAKI_KASUMIGAURA
北利根川周辺,バス,35.94036,140.532716,IBARAKI_KASUMIGAURA
北利根川周辺,マブナ,35.940647,140.535516,IBARAKI_KASUMIGAURA
北利根川周辺,バス,35.942899,140.532791,IBARAKI_KASUMIGAURA
北利根川周辺,バス,35.942299,140.533317,IBARAKI_KASUMIGAURA
北利根川周辺,バス,35.941751,140.533971,IBARAKI_KASUMIGAURA
北利根川周辺,バス,35.941195,140.534733,IBARAKI_KASUMIGAURA
北利根川周辺,コイ,35.938206,140.537032,IBARAKI_KASUMIGAURA
北利根川周辺,コイ,35.939312,140.537791,IBARAKI_KASUMIGAURA
北利根川周辺,コイ,35.939681,140.534362,IBARAKI_KASUMIGAURA
北利根川周辺,コイ,35.940185,140.535894,IBARAKI_KASUMIGAURA
北利根川周辺,マブナ,35.94119118,140.5318127,IBARAKI_KASUMIGAURA
北利根川周辺,ヘラブナ,35.94221103,140.530872,IBARAKI_KASUMIGAURA
北利根川周辺,コイ,35.94175632,140.5317065,IBARAKI_KASUMIGAURA
北利根川周辺,マブナ,35.95494229,140.5181864,IBARAKI_KASUMIGAURA
北利根川周辺,マブナ,35.954708,140.518648,IBARAKI_KASUMIGAURA
北利根川周辺,マブナ,35.955886,140.518658,IBARAKI_KASUMIGAURA
北利根川周辺,マブナ,35.957737,140.519377,IBARAKI_KASUMIGAURA
北利根川周辺,マブナ,35.955603,140.517108,IBARAKI_KASUMIGAURA
北利根川周辺,バス,35.955829,140.516754,IBARAKI_KASUMIGAURA
北利根川周辺,バス,35.95516,140.51795,IBARAKI_KASUMIGAURA
北利根川周辺,バス,35.955312,140.517575,IBARAKI_KASUMIGAURA
北利根川周辺,バス,35.955346,140.518299,IBARAKI_KASUMIGAURA
北利根川周辺,バス,35.956285,140.518932,IBARAKI_KASUMIGAURA
北利根川周辺,バス,35.958204,140.519587,IBARAKI_KASUMIGAURA
北利根川周辺,マブナ,35.958982,140.520407,IBARAKI_KASUMIGAURA
北利根川周辺,バス,35.959273,140.520826,IBARAKI_KASUMIGAURA
北利根川周辺,バス,35.96015666,140.5215445,IBARAKI_KASUMIGAURA
北利根川周辺,ヘラブナ,35.957233,140.519306,IBARAKI_KASUMIGAURA
北利根川周辺,ヘラブナ,35.955643,140.518487,IBARAKI_KASUMIGAURA
北利根川周辺,コイ,35.954413,140.518965,IBARAKI_KASUMIGAURA
北利根川周辺,コイ,35.955385,140.517205,IBARAKI_KASUMIGAURA
北利根川周辺,バス,35.958781,140.50922,IBARAKI_KASUMIGAURA
北利根川周辺,バス,35.960467,140.509016,IBARAKI_KASUMIGAURA
北利根川周辺,バス,35.959519,140.508136,IBARAKI_KASUMIGAURA
北利根川周辺,バス,35.960006,140.508555,IBARAKI_KASUMIGAURA
北利根川周辺,バス,35.960562,140.508383,IBARAKI_KASUMIGAURA
北利根川周辺,バス,35.96005,140.507943,IBARAKI_KASUMIGAURA
北利根川周辺,マブナ,35.958606,140.509982,IBARAKI_KASUMIGAURA
北利根川周辺,マブナ,35.960631,140.509509,IBARAKI_KASUMIGAURA
北利根川周辺,バス,35.960327,140.510057,IBARAKI_KASUMIGAURA
北利根川周辺,コイ,35.958138,140.51026,IBARAKI_KASUMIGAURA
北利根川周辺,バス,35.959075,140.508477,IBARAKI_KASUMIGAURA
北利根川周辺,マブナ,35.956932,140.509323,IBARAKI_KASUMIGAURA
北利根川周辺,ヘラブナ,35.956527,140.508632,IBARAKI_KASUMIGAURA
北利根川周辺,バス,35.956281,140.508587,IBARAKI_KASUMIGAURA
北利根川周辺,マブナ,35.956159,140.508225,IBARAKI_KASUMIGAURA
北利根川周辺,コイ,35.956728,140.508954,IBARAKI_KASUMIGAURA
北利根川周辺,コイ,35.95590657,140.5081066,IBARAKI_KASUMIGAURA
北利根川周辺,ヘラブナ,35.955702,140.507817,IBARAKI_KASUMIGAURA
北利根川周辺,マブナ,35.955059,140.507275,IBARAKI_KASUMIGAURA
北利根川周辺,バス,35.955451,140.50772,IBARAKI_KASUMIGAURA
北利根川周辺,コイ,35.955242,140.507511,IBARAKI_KASUMIGAURA
北利根川周辺,ヘラブナ,35.95461248,140.5070391,IBARAKI_KASUMIGAURA
北利根川周辺,バス,35.954345,140.506801,IBARAKI_KASUMIGAURA
北利根川周辺,コイ,35.954148,140.506379,IBARAKI_KASUMIGAURA
北利根川周辺,マブナ,35.95355755,140.5059287,IBARAKI_KASUMIGAURA
北利根川周辺,ヘラブナ,35.953044,140.505478,IBARAKI_KASUMIGAURA
北利根川周辺,バス,35.93523925,140.4977383,IBARAKI_KASUMIGAURA
北利根川周辺,バス,35.936075,140.497807,IBARAKI_KASUMIGAURA
北利根川周辺,バス,35.934705,140.497662,IBARAKI_KASUMIGAURA
北利根川周辺,コイ,35.935689,140.4977,IBARAKI_KASUMIGAURA
北利根川周辺,マブナ,35.935,140.497511,IBARAKI_KASUMIGAURA
北利根川周辺,ヘラブナ,35.93449007,140.4973893,IBARAKI_KASUMIGAURA
北利根川周辺,バス,35.93411545,140.4974045,IBARAKI_KASUMIGAURA
北利根川周辺,コイ,35.93370971,140.4971693,IBARAKI_KASUMIGAURA
北利根川周辺,バス,35.93330414,140.4967141,IBARAKI_KASUMIGAURA
北利根川周辺,マブナ,35.93279405,140.496441,IBARAKI_KASUMIGAURA
北利根川周辺,ヘラブナ,35.93224093,140.4961072,IBARAKI_KASUMIGAURA
北利根川周辺,バス,35.9317934,140.4955989,IBARAKI_KASUMIGAURA
北利根川周辺,ヘラブナ,35.93632045,140.4976776,IBARAKI_KASUMIGAURA
北利根川周辺,バス,35.936474,140.497875,IBARAKI_KASUMIGAURA
北利根川周辺,マブナ,35.93672618,140.4977079,IBARAKI_KASUMIGAURA
北利根川周辺,バス,35.93711277,140.4977231,IBARAKI_KASUMIGAURA
北利根川周辺,バス,35.93746282,140.4977762,IBARAKI_KASUMIGAURA
北利根川周辺,バス,35.937839,140.497791,IBARAKI_KASUMIGAURA
北利根川周辺,バス,35.93691,140.49792,IBARAKI_KASUMIGAURA
北利根川周辺,バス,35.937273,140.497951,IBARAKI_KASUMIGAURA
北利根川周辺,バス,35.937642,140.498034,IBARAKI_KASUMIGAURA
北利根川周辺,バス,35.93033748,140.4946809,IBARAKI_KASUMIGAURA
北利根川周辺,ヘラブナ,35.93073644,140.4950451,IBARAKI_KASUMIGAURA
北利根川周辺,マブナ,35.931204,140.495432,IBARAKI_KASUMIGAURA
北利根川周辺,マブナ,35.930035,140.494211,IBARAKI_KASUMIGAURA
北利根川周辺,コイ,35.931007,140.495159,IBARAKI_KASUMIGAURA
北利根川周辺,コイ,35.93050823,140.4933411,IBARAKI_KASUMIGAURA
北利根川周辺,バス,35.930866,140.492261,IBARAKI_KASUMIGAURA
北利根川周辺,ヘラブナ,35.931291,140.491496,IBARAKI_KASUMIGAURA
北利根川周辺,マブナ,35.931743,140.490841,IBARAKI_KASUMIGAURA
北利根川周辺,ヘラブナ,35.932012,140.489801,IBARAKI_KASUMIGAURA
北利根川周辺,バス,35.93176808,140.4888779,IBARAKI_KASUMIGAURA
北利根川周辺,コイ,35.932098,140.490412,IBARAKI_KASUMIGAURA
北利根川周辺,マブナ,35.91439172,140.4914287,IBARAKI_KASUMIGAURA
北利根川周辺,ヘラブナ,35.91333148,140.493384,IBARAKI_KASUMIGAURA
北利根川周辺,バス,35.913758,140.492333,IBARAKI_KASUMIGAURA
北利根川周辺,ヘラブナ,35.91467758,140.4909712,IBARAKI_KASUMIGAURA
北利根川周辺,バス,35.91508909,140.4906981,IBARAKI_KASUMIGAURA
北利根川周辺,コイ,35.91556824,140.4905236,IBARAKI_KASUMIGAURA
北利根川周辺,マブナ,35.91609655,140.4904932,IBARAKI_KASUMIGAURA
北利根川周辺,ヘラブナ,35.916602,140.490486,IBARAKI_KASUMIGAURA
北利根川周辺,バス,35.917074,140.490326,IBARAKI_KASUMIGAURA
北利根川周辺,コイ,35.91735008,140.490387,IBARAKI_KASUMIGAURA
北利根川周辺,マブナ,35.917652,140.490395,IBARAKI_KASUMIGAURA
北利根川周辺,ヘラブナ,35.917897,140.490258,IBARAKI_KASUMIGAURA
北利根川周辺,バス,35.918149,140.490288,IBARAKI_KASUMIGAURA
北利根川周辺,バス,35.96797,140.500669,IBARAKI_KASUMIGAURA
北利根川周辺,バス,35.967796,140.501162,IBARAKI_KASUMIGAURA
北利根川周辺,バス,35.966849,140.50142,IBARAKI_KASUMIGAURA
北利根川周辺,バス,35.966554,140.501463,IBARAKI_KASUMIGAURA
北利根川周辺,バス,35.96539,140.502289,IBARAKI_KASUMIGAURA
北利根川周辺,マブナ,35.967745,140.501602,IBARAKI_KASUMIGAURA
北利根川周辺,マブナ,35.967093,140.501731,IBARAKI_KASUMIGAURA
北利根川周辺,マブナ,35.966476,140.50186,IBARAKI_KASUMIGAURA
北利根川周辺,マブナ,35.965815,140.502149,IBARAKI_KASUMIGAURA
北利根川周辺,マブナ,35.965007,140.502525,IBARAKI_KASUMIGAURA
北利根川周辺,マブナ,35.964607,140.502965,IBARAKI_KASUMIGAURA
北利根川周辺,コイ,35.964694,140.502461,IBARAKI_KASUMIGAURA
北利根川周辺,コイ,35.966146,140.50186,IBARAKI_KASUMIGAURA
北利根川周辺,コイ,35.967423,140.501441,IBARAKI_KASUMIGAURA
北利根川周辺,コイ,35.961057,140.50878,IBARAKI_KASUMIGAURA
北利根川周辺,コイ,35.95992698,140.5074871,IBARAKI_KASUMIGAURA
北利根川周辺,バス,35.959554,140.507514,IBARAKI_KASUMIGAURA
北利根川周辺,バス,35.96025702,140.5060494,IBARAKI_KASUMIGAURA
北利根川周辺,バス,35.96145561,140.5038822,IBARAKI_KASUMIGAURA
北利根川周辺,バス,35.961855,140.507444,IBARAKI_KASUMIGAURA
北利根川周辺,バス,35.962828,140.505685,IBARAKI_KASUMIGAURA
北利根川周辺,バス,35.963697,140.504268,IBARAKI_KASUMIGAURA
北利根川周辺,マブナ,35.96149,140.508195,IBARAKI_KASUMIGAURA
北利根川周辺,マブナ,35.962341,140.506607,IBARAKI_KASUMIGAURA
北利根川周辺,マブナ,35.96328,140.505041,IBARAKI_KASUMIGAURA
北利根川周辺,マブナ,35.96089984,140.5049765,IBARAKI_KASUMIGAURA
北利根川周辺,マブナ,35.96178555,140.502702,IBARAKI_KASUMIGAURA
北利根川周辺,マブナ,35.959822,140.506822,IBARAKI_KASUMIGAURA
北利根川周辺,コイ,35.960779,140.505663,IBARAKI_KASUMIGAURA
北利根川周辺,コイ,35.961943,140.503432,IBARAKI_KASUMIGAURA
北利根川周辺,コイ,35.961422,140.507487,IBARAKI_KASUMIGAURA
北利根川周辺,コイ,35.96237598,140.5058348,IBARAKI_KASUMIGAURA
北利根川周辺,コイ,35.963247,140.504311,IBARAKI_KASUMIGAURA
北利根川周辺,マブナ,35.931554,140.523274,IBARAKI_KASUMIGAURA
北利根川周辺,マブナ,35.932268,140.523661,IBARAKI_KASUMIGAURA
北利根川周辺,モロコ,35.930934,140.522899,IBARAKI_KASUMIGAURA
北利根川周辺,クチボソ,35.93123,140.523071,IBARAKI_KASUMIGAURA
北利根川周辺,テナガエビ,35.9260185,140.5332997,IBARAKI_KASUMIGAURA
北利根川周辺,テナガエビ,35.9252315,140.534597,IBARAKI_KASUMIGAURA
北利根川周辺,テナガエビ,35.92467871,140.5344376,IBARAKI_KASUMIGAURA
北利根川周辺,テナガエビ,35.92547783,140.5332086,IBARAKI_KASUMIGAURA
北利根川周辺,テナガエビ,35.920207,140.537973,IBARAKI_KASUMIGAURA
北利根川周辺,タナゴ,35.919534,140.538663,IBARAKI_KASUMIGAURA
北利根川周辺,テナガエビ,35.918743,140.539422,IBARAKI_KASUMIGAURA
北利根川周辺,タナゴ,35.91785995,140.5403247,IBARAKI_KASUMIGAURA
北利根川周辺,テナガエビ,35.91686468,140.5413565,IBARAKI_KASUMIGAURA
北利根川周辺,タナゴ,35.916435,140.542661,IBARAKI_KASUMIGAURA
北利根川周辺,タナゴ,35.920194,140.539392,IBARAKI_KASUMIGAURA
北利根川周辺,テナガエビ,35.910487,140.555809,IBARAKI_KASUMIGAURA
北利根川周辺,タナゴ,35.909491,140.557183,IBARAKI_KASUMIGAURA
堀割川,マブナ,35.937823,140.63497,IBARAKI_KASUMIGAURA
堀割川,マブナ,35.937558,140.635265,IBARAKI_KASUMIGAURA
堀割川,マブナ,35.938245,140.634492,IBARAKI_KASUMIGAURA
堀割川,バス,35.93849488,140.6335278,IBARAKI_KASUMIGAURA
堀割川,バス,35.937978,140.634339,IBARAKI_KASUMIGAURA
堀割川,バス,35.937355,140.635141,IBARAKI_KASUMIGAURA
堀割川,バス,35.93714989,140.6354794,IBARAKI_KASUMIGAURA
堀割川,マブナ,35.93695875,140.6357744,IBARAKI_KASUMIGAURA
堀割川,コイ,35.936746,140.636048,IBARAKI_KASUMIGAURA
堀割川,バス,35.936529,140.636161,IBARAKI_KASUMIGAURA
堀割川,マブナ,35.936264,140.636193,IBARAKI_KASUMIGAURA
堀割川,コイ,35.935977,140.636268,IBARAKI_KASUMIGAURA
堀割川,バス,35.935698,140.636295,IBARAKI_KASUMIGAURA
堀割川,マブナ,35.935456,140.636348,IBARAKI_KASUMIGAURA
堀割川,コイ,35.92948,140.638183,IBARAKI_KASUMIGAURA
堀割川,バス,35.929349,140.63828,IBARAKI_KASUMIGAURA
堀割川,マブナ,35.92905332,140.6384084,IBARAKI_KASUMIGAURA
堀割川,コイ,35.928749,140.638521,IBARAKI_KASUMIGAURA
堀割川,バス,35.928498,140.638693,IBARAKI_KASUMIGAURA
堀割川,マブナ,35.929858,140.637995,IBARAKI_KASUMIGAURA
堀割川,コイ,35.930205,140.637829,IBARAKI_KASUMIGAURA
堀割川,マブナ,35.930448,140.63769,IBARAKI_KASUMIGAURA
堀割川,バス,35.930618,140.637588,IBARAKI_KASUMIGAURA
堀割川,コイ,35.9307952,140.6375286,IBARAKI_KASUMIGAURA
堀割川,マブナ,35.93097,140.637459,IBARAKI_KASUMIGAURA
堀割川,バス,35.931139,140.637357,IBARAKI_KASUMIGAURA
堀割川,コイ,35.931308,140.637282,IBARAKI_KASUMIGAURA
堀割川,マブナ,35.931491,140.637201,IBARAKI_KASUMIGAURA
堀割川,バス,35.931699,140.637094,IBARAKI_KASUMIGAURA
利根川周辺水路,マブナ,35.880853,140.3314,IBARAKI_KASUMIGAURA
利根川周辺水路,マブナ,35.880444,140.330606,IBARAKI_KASUMIGAURA
利根川周辺水路,マブナ,35.879123,140.328128,IBARAKI_KASUMIGAURA
利根川周辺水路,マブナ,35.878677,140.327358,IBARAKI_KASUMIGAURA
利根川周辺水路,マブナ,35.878098,140.327738,IBARAKI_KASUMIGAURA
利根川周辺水路,マブナ,35.877643,140.325401,IBARAKI_KASUMIGAURA
利根川周辺水路,マブナ,35.876967,140.325871,IBARAKI_KASUMIGAURA
利根川周辺水路,マブナ,35.87966,140.326509,IBARAKI_KASUMIGAURA
利根川周辺水路,マブナ,35.878602,140.324534,IBARAKI_KASUMIGAURA
利根川周辺水路,テナガエビ,35.88331297,140.3462622,IBARAKI_KASUMIGAURA
利根川周辺水路,テナガエビ,35.883509,140.346482,IBARAKI_KASUMIGAURA
利根川周辺水路,テナガエビ,35.883709,140.346707,IBARAKI_KASUMIGAURA
利根川周辺水路,テナガエビ,35.883987,140.346992,IBARAKI_KASUMIGAURA
利根川周辺水路,テナガエビ,35.88313,140.345999,IBARAKI_KASUMIGAURA
利根川周辺水路,マブナ,35.898259,140.375384,IBARAKI_KASUMIGAURA
利根川周辺水路,マブナ,35.897552,140.375528,IBARAKI_KASUMIGAURA
利根川周辺水路,マブナ,35.896808,140.375642,IBARAKI_KASUMIGAURA
利根川周辺水路,マブナ,35.896137,140.375726,IBARAKI_KASUMIGAURA
利根川周辺水路,マブナ,35.897735,140.374846,IBARAKI_KASUMIGAURA
利根川周辺水路,マブナ,35.897489,140.374209,IBARAKI_KASUMIGAURA
利根川周辺水路,マブナ,35.905305,140.361317,IBARAKI_KASUMIGAURA
利根川周辺水路,マブナ,35.90261,140.363117,IBARAKI_KASUMIGAURA
利根川周辺水路,マブナ,35.901739,140.3633,IBARAKI_KASUMIGAURA
利根川周辺水路,クチボソ,35.902496,140.363176,IBARAKI_KASUMIGAURA
利根川周辺水路,クチボソ,35.904963,140.361551,IBARAKI_KASUMIGAURA
利根川周辺水路,モロコ,35.904516,140.361857,IBARAKI_KASUMIGAURA
利根川周辺水路,モロコ,35.903208,140.362715,IBARAKI_KASUMIGAURA
利根川周辺水路,マブナ,35.904099,140.362135,IBARAKI_KASUMIGAURA
利根川周辺水路,モロコ,35.90225221,140.3631923,IBARAKI_KASUMIGAURA
利根川周辺水路,モロコ,35.902004,140.36323,IBARAKI_KASUMIGAURA
恋瀬川周辺,コイ,36.122528,140.343542,IBARAKI_KASUMIGAURA
恋瀬川周辺,コイ,36.122662,140.342877,IBARAKI_KASUMIGAURA
恋瀬川周辺,コイ,36.122467,140.344519,IBARAKI_KASUMIGAURA
恋瀬川周辺,コイ,36.122363,140.345393,IBARAKI_KASUMIGAURA
恋瀬川周辺,バス,36.122429,140.344079,IBARAKI_KASUMIGAURA
恋瀬川周辺,バス,36.122671,140.342443,IBARAKI_KASUMIGAURA
恋瀬川周辺,バス,36.122862,140.342191,IBARAKI_KASUMIGAURA
恋瀬川周辺,バス,36.122797,140.342362,IBARAKI_KASUMIGAURA
恋瀬川周辺,バス,36.122303,140.34512,IBARAKI_KASUMIGAURA
恋瀬川周辺,バス,36.122264,140.345543,IBARAKI_KASUMIGAURA
恋瀬川周辺,マブナ,36.122407,140.344299,IBARAKI_KASUMIGAURA
恋瀬川周辺,マブナ,36.122281,140.345307,IBARAKI_KASUMIGAURA
恋瀬川周辺,マブナ,36.122229,140.345742,IBARAKI_KASUMIGAURA
恋瀬川周辺,バス,36.122203,140.345956,IBARAKI_KASUMIGAURA
恋瀬川周辺,タナゴ,36.122342,140.344787,IBARAKI_KASUMIGAURA
恋瀬川周辺,タナゴ,36.12258,140.34306,IBARAKI_KASUMIGAURA
恋瀬川周辺,バス,36.12255,140.343312,IBARAKI_KASUMIGAURA
恋瀬川周辺,マブナ,36.122619,140.342684,IBARAKI_KASUMIGAURA
恋瀬川周辺,タナゴ,36.133096,140.33614,IBARAKI_KASUMIGAURA
恋瀬川周辺,テナガエビ,36.133703,140.336343,IBARAKI_KASUMIGAURA
恋瀬川周辺,テナガエビ,36.132567,140.335844,IBARAKI_KASUMIGAURA
恋瀬川周辺,マブナ,36.133872,140.336429,IBARAKI_KASUMIGAURA
恋瀬川周辺,マブナ,36.132719,140.335936,IBARAKI_KASUMIGAURA
恋瀬川周辺,バス,36.132858,140.336021,IBARAKI_KASUMIGAURA
恋瀬川周辺,バス,36.132364,140.335785,IBARAKI_KASUMIGAURA
恋瀬川周辺,バス,36.133231,140.336166,IBARAKI_KASUMIGAURA
恋瀬川周辺,バス,36.13428729,140.3364077,IBARAKI_KASUMIGAURA
恋瀬川周辺,コイ,36.13336004,140.3363916,IBARAKI_KASUMIGAURA
恋瀬川周辺,コイ,36.132758,140.336145,IBARAKI_KASUMIGAURA
恋瀬川周辺,コイ,36.132428,140.335989,IBARAKI_KASUMIGAURA
恋瀬川周辺,バス,36.133521,140.336306,IBARAKI_KASUMIGAURA
恋瀬川周辺,コイ,36.134535,140.33652,IBARAKI_KASUMIGAURA
恋瀬川周辺,コイ,36.134067,140.336536,IBARAKI_KASUMIGAURA
恋瀬川周辺,バス,36.135615,140.33642,IBARAKI_KASUMIGAURA
恋瀬川周辺,バス,36.136412,140.336428,IBARAKI_KASUMIGAURA
恋瀬川周辺,バス,36.136897,140.336124,IBARAKI_KASUMIGAURA
恋瀬川周辺,バス,36.137375,140.335541,IBARAKI_KASUMIGAURA
恋瀬川周辺,バス,36.137965,140.33479,IBARAKI_KASUMIGAURA
恋瀬川周辺,マブナ,36.136013,140.336413,IBARAKI_KASUMIGAURA
恋瀬川周辺,マブナ,36.136737,140.336284,IBARAKI_KASUMIGAURA
恋瀬川周辺,マブナ,36.137142,140.335836,IBARAKI_KASUMIGAURA
恋瀬川周辺,マブナ,36.137736,140.335123,IBARAKI_KASUMIGAURA
恋瀬川周辺,コイ,36.13762,140.335442,IBARAKI_KASUMIGAURA
恋瀬川周辺,コイ,36.13662,140.336557,IBARAKI_KASUMIGAURA
恋瀬川周辺,コイ,36.135406,140.33658,IBARAKI_KASUMIGAURA
恋瀬川周辺,バス,36.146523,140.323766,IBARAKI_KASUMIGAURA
恋瀬川周辺,バス,36.145586,140.321964,IBARAKI_KASUMIGAURA
恋瀬川周辺,バス,36.146349,140.324818,IBARAKI_KASUMIGAURA
恋瀬川周辺,バス,36.145187,140.326105,IBARAKI_KASUMIGAURA
恋瀬川周辺,バス,36.144043,140.327543,IBARAKI_KASUMIGAURA
恋瀬川周辺,バス,36.14294285,140.3288466,IBARAKI_KASUMIGAURA
恋瀬川周辺,バス,36.145413,140.32066,IBARAKI_KASUMIGAURA
恋瀬川周辺,バス,36.145691,140.320027,IBARAKI_KASUMIGAURA
恋瀬川周辺,バス,36.146003,140.319427,IBARAKI_KASUMIGAURA
恋瀬川周辺,バス,36.14615,140.319995,IBARAKI_KASUMIGAURA
恋瀬川周辺,バス,36.14594932,140.3203493,IBARAKI_KASUMIGAURA
恋瀬川周辺,バス,36.145622,140.320961,IBARAKI_KASUMIGAURA
恋瀬川周辺,バス,36.146409,140.319201,IBARAKI_KASUMIGAURA
恋瀬川周辺,バス,36.145343,140.321315,IBARAKI_KASUMIGAURA
恋瀬川周辺,バス,36.144918,140.321401,IBARAKI_KASUMIGAURA
恋瀬川周辺,マブナ,36.145187,140.321862,IBARAKI_KASUMIGAURA
恋瀬川周辺,コイ,36.145742,140.32257,IBARAKI_KASUMIGAURA
恋瀬川周辺,コイ,36.146314,140.323074,IBARAKI_KASUMIGAURA
恋瀬川周辺,マブナ,36.146487,140.324308,IBARAKI_KASUMIGAURA
恋瀬川周辺,マブナ,36.145837,140.325252,IBARAKI_KASUMIGAURA
恋瀬川周辺,マブナ,36.144763,140.326583,IBARAKI_KASUMIGAURA
恋瀬川周辺,マブナ,36.143584,140.32801,IBARAKI_KASUMIGAURA
恋瀬川周辺,コイ,36.14350556,140.3285944,IBARAKI_KASUMIGAURA
恋瀬川周辺,コイ,36.14468395,140.3272855,IBARAKI_KASUMIGAURA
恋瀬川周辺,コイ,36.14574085,140.3259766,IBARAKI_KASUMIGAURA
恋瀬川周辺,タナゴ,36.1447,140.321156,IBARAKI_KASUMIGAURA
恋瀬川周辺,タナゴ,36.144461,140.321126,IBARAKI_KASUMIGAURA
恋瀬川周辺,コイ,36.146918,140.324278,IBARAKI_KASUMIGAURA
恋瀬川周辺,バス,36.161013,140.298817,IBARAKI_KASUMIGAURA
恋瀬川周辺,バス,36.160814,140.299374,IBARAKI_KASUMIGAURA
恋瀬川周辺,バス,36.16097,140.300651,IBARAKI_KASUMIGAURA
恋瀬川周辺,バス,36.160736,140.301531,IBARAKI_KASUMIGAURA
恋瀬川周辺,バス,36.160997,140.303816,IBARAKI_KASUMIGAURA
恋瀬川周辺,バス,36.161101,140.305447,IBARAKI_KASUMIGAURA
恋瀬川周辺,バス,36.16098,140.306552,IBARAKI_KASUMIGAURA
恋瀬川周辺,バス,36.160642,140.307282,IBARAKI_KASUMIGAURA
恋瀬川周辺,バス,36.160399,140.307861,IBARAKI_KASUMIGAURA
恋瀬川周辺,バス,36.160815,140.309567,IBARAKI_KASUMIGAURA
恋瀬川周辺,バス,36.160685,140.308762,IBARAKI_KASUMIGAURA
恋瀬川周辺,バス,36.163389,140.307485,IBARAKI_KASUMIGAURA
恋瀬川周辺,バス,36.160105,140.305672,IBARAKI_KASUMIGAURA
恋瀬川周辺,バス,36.159741,140.30638,IBARAKI_KASUMIGAURA
恋瀬川周辺,バス,36.159333,140.307088,IBARAKI_KASUMIGAURA
恋瀬川周辺,バス,36.159151,140.307807,IBARAKI_KASUMIGAURA
恋瀬川周辺,バス,36.158674,140.308515,IBARAKI_KASUMIGAURA
恋瀬川周辺,バス,36.158354,140.30902,IBARAKI_KASUMIGAURA
恋瀬川周辺,マブナ,36.162487,140.307003,IBARAKI_KASUMIGAURA
恋瀬川周辺,マブナ,36.160919,140.309803,IBARAKI_KASUMIGAURA
恋瀬川周辺,マブナ,36.161023,140.302507,IBARAKI_KASUMIGAURA
恋瀬川周辺,コイ,36.160876,140.303097,IBARAKI_KASUMIGAURA
恋瀬川周辺,コイ,36.160729,140.309975,IBARAKI_KASUMIGAURA
恋瀬川周辺,タナゴ,36.162973,140.307249,IBARAKI_KASUMIGAURA
恋瀬川周辺,バス,36.159952,140.288622,IBARAKI_KASUMIGAURA
恋瀬川周辺,バス,36.159253,140.291399,IBARAKI_KASUMIGAURA
恋瀬川周辺,バス,36.159192,140.290412,IBARAKI_KASUMIGAURA
恋瀬川周辺,バス,36.160664,140.287287,IBARAKI_KASUMIGAURA
恋瀬川周辺,バス,36.159843,140.291126,IBARAKI_KASUMIGAURA
恋瀬川周辺,バス,36.160529,140.28888,IBARAKI_KASUMIGAURA
恋瀬川周辺,バス,36.159511,140.292537,IBARAKI_KASUMIGAURA
恋瀬川周辺,バス,36.159548,140.293493,IBARAKI_KASUMIGAURA
恋瀬川周辺,バス,36.159585,140.294175,IBARAKI_KASUMIGAURA
恋瀬川周辺,バス,36.160039,140.295101,IBARAKI_KASUMIGAURA
恋瀬川周辺,バス,36.16021,140.296193,IBARAKI_KASUMIGAURA
恋瀬川周辺,バス,36.16049213,140.2953133,IBARAKI_KASUMIGAURA
恋瀬川周辺,バス,36.160284,140.294418,IBARAKI_KASUMIGAURA
恋瀬川周辺,ヘラブナ,36.159585,140.289214,IBARAKI_KASUMIGAURA
恋瀬川周辺,ヘラブナ,36.159993,140.290255,IBARAKI_KASUMIGAURA
恋瀬川周辺,ヘラブナ,36.159733,140.292315,IBARAKI_KASUMIGAURA
恋瀬川周辺,ヘラブナ,36.15962,140.293002,IBARAKI_KASUMIGAURA
恋瀬川周辺,コイ,36.159983,140.293517,IBARAKI_KASUMIGAURA
恋瀬川周辺,コイ,36.160148,140.289547,IBARAKI_KASUMIGAURA
恋瀬川周辺,コイ,36.159507,140.289633,IBARAKI_KASUMIGAURA
恋瀬川周辺,バス,36.158403,140.32032,IBARAKI_KASUMIGAURA
恋瀬川周辺,バス,36.15803,140.320787,IBARAKI_KASUMIGAURA
恋瀬川周辺,バス,36.159183,140.319161,IBARAKI_KASUMIGAURA
恋瀬川周辺,バス,36.159651,140.318651,IBARAKI_KASUMIGAURA
恋瀬川周辺,バス,36.159495,140.318829,IBARAKI_KASUMIGAURA
恋瀬川周辺,マブナ,36.159339,140.318989,IBARAKI_KASUMIGAURA
恋瀬川周辺,マブナ,36.158944,140.319515,IBARAKI_KASUMIGAURA
恋瀬川周辺,ワカサギ,36.158619,140.320009,IBARAKI_KASUMIGAURA
恋瀬川周辺,ワカサギ,36.158753,140.319762,IBARAKI_KASUMIGAURA
恋瀬川周辺,コイ,36.15861,140.319762,IBARAKI_KASUMIGAURA
恋瀬川周辺,コイ,36.158186,140.320443,IBARAKI_KASUMIGAURA
恋瀬川周辺,コイ,36.15897,140.319204,IBARAKI_KASUMIGAURA
恋瀬川周辺,コイ,36.159486,140.318603,IBARAKI_KASUMIGAURA
恋瀬川周辺,バス,36.153662,140.323971,IBARAKI_KASUMIGAURA
恋瀬川周辺,バス,36.153447,140.324358,IBARAKI_KASUMIGAURA
恋瀬川周辺,バス,36.153184,140.324616,IBARAKI_KASUMIGAURA
恋瀬川周辺,バス,36.154091,140.323417,IBARAKI_KASUMIGAURA
恋瀬川周辺,バス,36.153913,140.323706,IBARAKI_KASUMIGAURA
恋瀬川周辺,バス,36.154716,140.323334,IBARAKI_KASUMIGAURA
恋瀬川周辺,バス,36.155556,140.322992,IBARAKI_KASUMIGAURA
恋瀬川周辺,ワカサギ,36.155133,140.323121,IBARAKI_KASUMIGAURA
恋瀬川周辺,ワカサギ,36.154465,140.323592,IBARAKI_KASUMIGAURA
恋瀬川周辺,マブナ,36.154906,140.323205,IBARAKI_KASUMIGAURA
恋瀬川周辺,コイ,36.154489,140.32319,IBARAKI_KASUMIGAURA
恋瀬川周辺,コイ,36.155317,140.322772,IBARAKI_KASUMIGAURA
恋瀬川周辺,バス,36.15105248,140.3317246,IBARAKI_KASUMIGAURA
恋瀬川周辺,バス,36.150975,140.331848,IBARAKI_KASUMIGAURA
恋瀬川周辺,バス,36.150766,140.332073,IBARAKI_KASUMIGAURA
恋瀬川周辺,バス,36.150745,140.33239,IBARAKI_KASUMIGAURA
恋瀬川周辺,バス,36.150571,140.332615,IBARAKI_KASUMIGAURA
恋瀬川周辺,バス,36.150528,140.332937,IBARAKI_KASUMIGAURA
恋瀬川周辺,バス,36.15029,140.333141,IBARAKI_KASUMIGAURA
恋瀬川周辺,バス,36.150009,140.333962,IBARAKI_KASUMIGAURA
恋瀬川周辺,ワカサギ,36.149909,140.334305,IBARAKI_KASUMIGAURA
恋瀬川周辺,ワカサギ,36.150321,140.333602,IBARAKI_KASUMIGAURA
恋瀬川周辺,マブナ,36.1512,140.331553,IBARAKI_KASUMIGAURA
恋瀬川周辺,バス,36.151243,140.331285,IBARAKI_KASUMIGAURA
恋瀬川周辺,コイ,36.150987,140.331505,IBARAKI_KASUMIGAURA
恋瀬川周辺,コイ,36.149865,140.334021,IBARAKI_KASUMIGAURA
恋瀬川周辺,バス,36.143009,140.340302,IBARAKI_KASUMIGAURA
恋瀬川周辺,バス,36.141946,140.340495,IBARAKI_KASUMIGAURA
恋瀬川周辺,バス,36.141228,140.340141,IBARAKI_KASUMIGAURA
恋瀬川周辺,バス,36.140621,140.340313,IBARAKI_KASUMIGAURA
恋瀬川周辺,バス,36.140907,140.340206,IBARAKI_KASUMIGAURA
恋瀬川周辺,バス,36.140313,140.340748,IBARAKI_KASUMIGAURA
恋瀬川周辺,バス,36.139914,140.340994,IBARAKI_KASUMIGAURA
恋瀬川周辺,バス,36.139694,140.341617,IBARAKI_KASUMIGAURA
恋瀬川周辺,バス,36.139495,140.342507,IBARAKI_KASUMIGAURA
恋瀬川周辺,マブナ,36.142567,140.340587,IBARAKI_KASUMIGAURA
恋瀬川周辺,マブナ,36.141445,140.340458,IBARAKI_KASUMIGAURA
恋瀬川周辺,マブナ,36.140656,140.340683,IBARAKI_KASUMIGAURA
恋瀬川周辺,マブナ,36.13978,140.341397,IBARAKI_KASUMIGAURA
恋瀬川周辺,コイ,36.139503,140.341981,IBARAKI_KASUMIGAURA
恋瀬川周辺,コイ,36.139699,140.341053,IBARAKI_KASUMIGAURA
恋瀬川周辺,コイ,36.140115,140.340672,IBARAKI_KASUMIGAURA
恋瀬川周辺,コイ,36.142313,140.340372,IBARAKI_KASUMIGAURA
恋瀬川周辺,バス,36.138715,140.344723,IBARAKI_KASUMIGAURA
恋瀬川周辺,バス,36.138489,140.345586,IBARAKI_KASUMIGAURA
恋瀬川周辺,バス,36.138528,140.345162,IBARAKI_KASUMIGAURA
恋瀬川周辺,バス,36.139071,140.344149,IBARAKI_KASUMIGAURA
恋瀬川周辺,バス,36.139313,140.343194,IBARAKI_KASUMIGAURA
恋瀬川周辺,バス,36.138914,140.346766,IBARAKI_KASUMIGAURA
恋瀬川周辺,マブナ,36.138958,140.345801,IBARAKI_KASUMIGAURA
恋瀬川周辺,マブナ,36.139053,140.344594,IBARAKI_KASUMIGAURA
恋瀬川周辺,マブナ,36.139148,140.343736,IBARAKI_KASUMIGAURA
恋瀬川周辺,コイ,36.139122,140.343408,IBARAKI_KASUMIGAURA
恋瀬川周辺,コイ,36.138936,140.344369,IBARAKI_KASUMIGAURA
恋瀬川周辺,コイ,36.138841,140.34623,IBARAKI_KASUMIGAURA
恋瀬川周辺,バス,36.144409,140.352783,IBARAKI_KASUMIGAURA
恋瀬川周辺,バス,36.142926,140.353115,IBARAKI_KASUMIGAURA
恋瀬川周辺,バス,36.142839,140.353695,IBARAKI_KASUMIGAURA
恋瀬川周辺,バス,36.141686,140.353169,IBARAKI_KASUMIGAURA
恋瀬川周辺,バス,36.140819,140.352804,IBARAKI_KASUMIGAURA
恋瀬川周辺,バス,36.139995,140.352375,IBARAKI_KASUMIGAURA
恋瀬川周辺,バス,36.13964,140.351946,IBARAKI_KASUMIGAURA
恋瀬川周辺,バス,36.139328,140.351538,IBARAKI_KASUMIGAURA
恋瀬川周辺,バス,36.139182,140.351053,IBARAKI_KASUMIGAURA
恋瀬川周辺,バス,36.139143,140.350768,IBARAKI_KASUMIGAURA
恋瀬川周辺,バス,36.138997,140.349889,IBARAKI_KASUMIGAURA
恋瀬川周辺,マブナ,36.139261,140.351273,IBARAKI_KASUMIGAURA
恋瀬川周辺,マブナ,36.139513,140.351707,IBARAKI_KASUMIGAURA
恋瀬川周辺,マブナ,36.139847,140.352152,IBARAKI_KASUMIGAURA
恋瀬川周辺,マブナ,36.140254,140.352485,IBARAKI_KASUMIGAURA
恋瀬川周辺,マブナ,36.14113,140.352957,IBARAKI_KASUMIGAURA
恋瀬川周辺,マブナ,36.142092,140.353225,IBARAKI_KASUMIGAURA
恋瀬川周辺,マブナ,36.143355,140.352968,IBARAKI_KASUMIGAURA
恋瀬川周辺,コイ,36.143953,140.352978,IBARAKI_KASUMIGAURA
恋瀬川周辺,コイ,36.142558,140.353279,IBARAKI_KASUMIGAURA
恋瀬川周辺,コイ,36.141384,140.353177,IBARAKI_KASUMIGAURA
恋瀬川周辺,コイ,36.140504,140.352748,IBARAKI_KASUMIGAURA
恋瀬川周辺,コイ,36.139668,140.352201,IBARAKI_KASUMIGAURA
恋瀬川周辺,コイ,36.139465,140.351932,IBARAKI_KASUMIGAURA
恋瀬川周辺,コイ,36.139075,140.350951,IBARAKI_KASUMIGAURA
恋瀬川周辺,コイ,36.146046,140.352944,IBARAKI_KASUMIGAURA
恋瀬川周辺,コイ,36.144944,140.352793,IBARAKI_KASUMIGAURA
恋瀬川周辺,バス,36.145959,140.352579,IBARAKI_KASUMIGAURA
恋瀬川周辺,バス,36.145647,140.353062,IBARAKI_KASUMIGAURA
恋瀬川周辺,バス,36.145317,140.353147,IBARAKI_KASUMIGAURA
恋瀬川周辺,バス,36.143731,140.352868,IBARAKI_KASUMIGAURA
恋瀬川周辺,マブナ,36.144693,140.352697,IBARAKI_KASUMIGAURA
長井戸中央排水路,マブナ,36.111564,139.786697,IBARAKI_TSUKUBA
長井戸中央排水路,マブナ,36.111998,139.786858,IBARAKI_TSUKUBA
長井戸中央排水路,マブナ,36.112441,139.78689,IBARAKI_TSUKUBA
長井戸中央排水路,マブナ,36.112874,139.786847,IBARAKI_TSUKUBA
長井戸中央排水路,コイ,36.114034607408,139.78656828403,IBARAKI_TSUKUBA
霞ヶ浦南部,テナガエビ,35.91869551871,140.47013503214,IBARAKI_KASUMIGAURA
霞ヶ浦南部,テナガエビ,35.918303,140.471319,IBARAKI_KASUMIGAURA
霞ヶ浦南部,テナガエビ,35.917908919718,140.47236544336,IBARAKI_KASUMIGAURA
霞ヶ浦南部,テナガエビ,35.916975,140.474505,IBARAKI_KASUMIGAURA
霞ヶ浦南部,テナガエビ,35.917405,140.473519,IBARAKI_KASUMIGAURA
,,36.308504,139.982032,IBARAKI_TSUKUBA
五行川,ヤマベ,36.311734,139.983708,IBARAKI_TSUKUBA
五行川,ウグイ,36.311244,139.984148,IBARAKI_TSUKUBA
五行川,アユ,36.310963,139.984588,IBARAKI_TSUKUBA
五行川,ヤマベ,36.313041,139.982783,IBARAKI_TSUKUBA
五行川,ヤマベ,36.310605,139.984952,IBARAKI_TSUKUBA
五行川,ウグイ,36.312576,139.983177,IBARAKI_TSUKUBA
五行川,アユ,36.312172,139.98339,IBARAKI_TSUKUBA
五行川,ウグイ,36.309847,139.985165,IBARAKI_TSUKUBA
五行川,アユ,36.309103,139.984922,IBARAKI_TSUKUBA
五行川,ヤマベ,36.308299,139.984488,IBARAKI_TSUKUBA
五行川,ウグイ,36.307562,139.984239,IBARAKI_TSUKUBA
五行川,アユ,36.306609,139.9843,IBARAKI_TSUKUBA