parent,name,lat,lng,registration
アイクル横,メバル,35.313318,139.646903,KANAGAWA_MIURA
アイクル横,メバル,35.312424,139.646012,KANAGAWA_MIURA
アイクル横,メバル,35.313033,139.64657,KANAGAWA_MIURA
アイクル横,メバル,35.312739,139.646302,KANAGAWA_MIURA
アイクル横,イワシ,35.313156,139.646806,KANAGAWA_MIURA
アイクル横,イワシ,35.312188,139.645846,KANAGAWA_MIURA
アイクル横,アジ,35.312854,139.646533,KANAGAWA_MIURA
アイクル横,アジ,35.312565,139.646232,KANAGAWA_MIURA
アイクル横,ウミタナゴ,35.312981,139.646806,KANAGAWA_MIURA
アイクル横,ウミタナゴ,35.31237158,139.6463236,KANAGAWA_MIURA
アイクル横,アイナメ,35.31266048,139.6465489,KANAGAWA_MIURA
アイクル横,アイナメ,35.312087,139.646061,KANAGAWA_MIURA
アイクル横,アジ,35.313138,139.647048,KANAGAWA_MIURA
アイクル横,シロギス,35.312971,139.647118,KANAGAWA_MIURA
アイクル横,シロギス,35.312463,139.646645,KANAGAWA_MIURA
アイクル横,カレイ,35.312209,139.646383,KANAGAWA_MIURA
アイクル横,カレイ,35.312752,139.646849,KANAGAWA_MIURA
アシカ島,クロダイ,35.21219772,139.7357914,KANAGAWA_MIURA
アシカ島,クロダイ,35.2125178,139.7355607,KANAGAWA_MIURA
アシカ島,クロダイ,35.212277,139.735271,KANAGAWA_MIURA
アシカ島,クロダイ,35.21229861,139.7348258,KANAGAWA_MIURA
アシカ島,クロダイ,35.21201813,139.7352657,KANAGAWA_MIURA
アシカ島,メジナ,35.212395,139.73577,KANAGAWA_MIURA
アシカ島,メジナ,35.212387,139.735325,KANAGAWA_MIURA
アシカ島,メジナ,35.212141,139.734912,KANAGAWA_MIURA
アシカ島,メジナ,35.21215833,139.7353193,KANAGAWA_MIURA
アシカ島,イシダイ,35.21234679,139.7350833,KANAGAWA_MIURA
アシカ島,イシダイ,35.212084,139.735588,KANAGAWA_MIURA
アシカ島,マダイ,35.21230292,139.7360918,KANAGAWA_MIURA
アシカ島,マダイ,35.21179,139.735368,KANAGAWA_MIURA
アシカ島,マダイ,35.2118252,139.7348419,KANAGAWA_MIURA
アシカ島,イシダイ,35.2120093,139.7350082,KANAGAWA_MIURA
アシカ島,イナダ,35.21164097,139.7350082,KANAGAWA_MIURA
アシカ島,ワラサ,35.211615,139.735325,KANAGAWA_MIURA
アシカ島,ワラサ,35.21186,139.73563,KANAGAWA_MIURA
アシカ島,マダイ,35.21201366,139.7359523,KANAGAWA_MIURA
アシカ島,ワラサ,35.212014,139.734686,KANAGAWA_MIURA
うみかぜ公園,アイナメ,35.276199,139.685345,KANAGAWA_MIURA
うみかぜ公園,アイナメ,35.27648944,139.6851403,KANAGAWA_MIURA
うみかぜ公園,クロダイ,35.27631,139.685049,KANAGAWA_MIURA
うみかぜ公園,カサゴ,35.27647085,139.684761,KANAGAWA_MIURA
うみかぜ公園,クロダイ,35.277009707816,139.68388852345,KANAGAWA_MIURA
うみかぜ公園,メバル,35.27668136,139.6847079,KANAGAWA_MIURA
うみかぜ公園,メバル,35.278541,139.681632,KANAGAWA_MIURA
うみかぜ公園,メバル,35.277263819604,139.68384300485,KANAGAWA_MIURA
うみかぜ公園,メバル,35.2776228102,139.68334230029,KANAGAWA_MIURA
うみかぜ公園,メバル,35.278088,139.682269,KANAGAWA_MIURA
うみかぜ公園,クロダイ,35.277356438332,139.68334988672,KANAGAWA_MIURA
うみかぜ公園,アジ,35.278447,139.682136,KANAGAWA_MIURA
うみかぜ公園,フッコ,35.27795718,139.6827809,KANAGAWA_MIURA
うみかぜ公園,サバ,35.278317,139.682614,KANAGAWA_MIURA
うみかぜ公園,カレイ,35.278757,139.681954,KANAGAWA_MIURA
うみかぜ公園,カレイ,35.27770294,139.6839682,KANAGAWA_MIURA
うみかぜ公園,カレイ,35.27714506,139.6848027,KANAGAWA_MIURA
うみかぜ公園,シロギス,35.278756,139.682542,KANAGAWA_MIURA
うみかぜ公園,スズキ,35.278236,139.683225,KANAGAWA_MIURA
うみかぜ公園,スズキ,35.27667489,139.6856979,KANAGAWA_MIURA
うみかぜ公園,イナダ,35.278608,139.683285,KANAGAWA_MIURA
ゴミ捨て下,クロダイ,35.139414,139.659695,KANAGAWA_MIURA
ゴミ捨て下,クロダイ,35.13906,139.659513,KANAGAWA_MIURA
ゴミ捨て下,クロダイ,35.139035,139.658975,KANAGAWA_MIURA
ゴミ捨て下,メジナ,35.139004,139.65921,KANAGAWA_MIURA
ゴミ捨て下,メジナ,35.139253,139.65965,KANAGAWA_MIURA
ゴミ捨て下,ウミタナゴ,35.139576,139.659824,KANAGAWA_MIURA
ゴミ捨て下,ウミタナゴ,35.138874,139.658982,KANAGAWA_MIURA
ゴミ捨て下,メバル,35.139172,139.658755,KANAGAWA_MIURA
ゴミ捨て下,メバル,35.139302,139.659855,KANAGAWA_MIURA
ゴミ捨て下,メバル,35.138911,139.659354,KANAGAWA_MIURA
伊勢山﨑・三軒家崎,カサゴ,35.26304038,139.7359255,KANAGAWA_MIURA
伊勢山﨑・三軒家崎,アイナメ,35.26308861,139.7361347,KANAGAWA_MIURA
伊勢山﨑・三軒家崎,カサゴ,35.263075,139.736387,KANAGAWA_MIURA
伊勢山﨑・三軒家崎,ウミタナゴ,35.262961,139.736108,KANAGAWA_MIURA
伊勢山﨑・三軒家崎,ウミタナゴ,35.262804,139.736306,KANAGAWA_MIURA
伊勢山﨑・三軒家崎,ウミタナゴ,35.262655,139.736526,KANAGAWA_MIURA
伊勢山﨑・三軒家崎,アイナメ,35.262909,139.736344,KANAGAWA_MIURA
伊勢山﨑・三軒家崎,メバル,35.26316305,139.7359791,KANAGAWA_MIURA
伊勢山﨑・三軒家崎,メバル,35.262883,139.736167,KANAGAWA_MIURA
伊勢山﨑・三軒家崎,メバル,35.263001,139.736285,KANAGAWA_MIURA
伊勢山﨑・三軒家崎,メバル,35.262751,139.736483,KANAGAWA_MIURA
伊勢山﨑・三軒家崎,アナゴ,35.262515,139.736548,KANAGAWA_MIURA
伊勢山﨑・三軒家崎,カレイ,35.262931,139.736666,KANAGAWA_MIURA
伊勢山﨑・三軒家崎,シロギス,35.262808,139.736778,KANAGAWA_MIURA
伊勢山﨑・三軒家崎,ウミタナゴ,35.260973,139.739439,KANAGAWA_MIURA
伊勢山﨑・三軒家崎,ウミタナゴ,35.261105,139.739654,KANAGAWA_MIURA
伊勢山﨑・三軒家崎,アイナメ,35.261276,139.739825,KANAGAWA_MIURA
伊勢山﨑・三軒家崎,アイナメ,35.260956,139.739718,KANAGAWA_MIURA
伊勢山﨑・三軒家崎,カサゴ,35.26114,139.739922,KANAGAWA_MIURA
伊勢山﨑・三軒家崎,メバル,35.261442,139.739917,KANAGAWA_MIURA
伊勢山﨑・三軒家崎,メバル,35.261814,139.739584,KANAGAWA_MIURA
伊勢山﨑・三軒家崎,アイナメ,35.261954,139.739686,KANAGAWA_MIURA
伊勢山﨑・三軒家崎,ウミタナゴ,35.261985,139.739412,KANAGAWA_MIURA
伊勢山﨑・三軒家崎,カサゴ,35.26209,139.739536,KANAGAWA_MIURA
伊勢山﨑・三軒家崎,メバル,35.262042,139.73915,KANAGAWA_MIURA
伊勢山﨑・三軒家崎,シロギス,35.262353,139.73923,KANAGAWA_MIURA
伊勢山﨑・三軒家崎,シロギス,35.260802,139.739686,KANAGAWA_MIURA
伊勢山﨑・三軒家崎,シロギス,35.260977,139.73996,KANAGAWA_MIURA
伊勢山﨑・三軒家崎,アイナメ,35.262287,139.738828,KANAGAWA_MIURA
伊勢山﨑・三軒家崎,アイナメ,35.262173,139.738533,KANAGAWA_MIURA
伊勢山﨑・三軒家崎,アイナメ,35.262502,139.737824,KANAGAWA_MIURA
伊勢山﨑・三軒家崎,アイナメ,35.262353,139.738146,KANAGAWA_MIURA
伊勢山﨑・三軒家崎,ウミタナゴ,35.262086,139.738683,KANAGAWA_MIURA
伊勢山﨑・三軒家崎,ウミタナゴ,35.262252,139.738259,KANAGAWA_MIURA
伊勢山﨑・三軒家崎,ウミタナゴ,35.262397,139.7379,KANAGAWA_MIURA
伊勢山﨑・三軒家崎,カサゴ,35.26234,139.738382,KANAGAWA_MIURA
伊勢山﨑・三軒家崎,メバル,35.262134,139.738339,KANAGAWA_MIURA
伊勢山﨑・三軒家崎,メバル,35.262441,139.738264,KANAGAWA_MIURA
伊勢山﨑・三軒家崎,シロギス,35.262598,139.737599,KANAGAWA_MIURA
伊勢山﨑・三軒家崎,カレイ,35.262699,139.737803,KANAGAWA_MIURA
伊勢山﨑・三軒家崎,カレイ,35.259628,139.741483,KANAGAWA_MIURA
伊勢山﨑・三軒家崎,カレイ,35.260203,139.741301,KANAGAWA_MIURA
伊勢山﨑・三軒家崎,メバル,35.259826,139.740952,KANAGAWA_MIURA
伊勢山﨑・三軒家崎,メバル,35.259795,139.74129,KANAGAWA_MIURA
伊勢山﨑・三軒家崎,ウミタナゴ,35.25951,139.741231,KANAGAWA_MIURA
伊勢山﨑・三軒家崎,ウミタナゴ,35.259983,139.740855,KANAGAWA_MIURA
伊勢山﨑・三軒家崎,イワシ,35.259913,139.74114,KANAGAWA_MIURA
伊勢山﨑・三軒家崎,イワシ,35.259773,139.741531,KANAGAWA_MIURA
伊勢山﨑・三軒家崎,アジ,35.259935,139.741392,KANAGAWA_MIURA
伊勢山﨑・三軒家崎,サバ,35.259939,139.741606,KANAGAWA_MIURA
伊勢山﨑・三軒家崎,クロダイ,35.260075,139.741124,KANAGAWA_MIURA
伊勢山﨑・三軒家崎,シロギス,35.260145,139.741606,KANAGAWA_MIURA
伊勢山﨑・三軒家崎,メバル,35.25941803,139.7434786,KANAGAWA_MIURA
伊勢山﨑・三軒家崎,メバル,35.25948806,139.743264,KANAGAWA_MIURA
伊勢山﨑・三軒家崎,メバル,35.259361,139.743007,KANAGAWA_MIURA
伊勢山﨑・三軒家崎,アイナメ,35.259418,139.742728,KANAGAWA_MIURA
伊勢山﨑・三軒家崎,アイナメ,35.25961515,139.743425,KANAGAWA_MIURA
伊勢山﨑・三軒家崎,カワハギ,35.259558,139.743044,KANAGAWA_MIURA
伊勢山﨑・三軒家崎,ウミタナゴ,35.25975972,139.7433659,KANAGAWA_MIURA
伊勢山﨑・三軒家崎,ウミタナゴ,35.259572,139.742749,KANAGAWA_MIURA
伊勢山﨑・三軒家崎,ウミタナゴ,35.259716,139.743001,KANAGAWA_MIURA
伊勢山﨑・三軒家崎,カレイ,35.259743,139.742513,KANAGAWA_MIURA
伊勢山﨑・三軒家崎,シロギス,35.259914,139.742808,KANAGAWA_MIURA
伊勢山﨑・三軒家崎,カレイ,35.260000606584,139.74321573973,KANAGAWA_MIURA
磯子海づり施設,クロダイ,35.405554,139.644875,KANAGAWA_YOKOHAMA
磯子海づり施設,アイナメ,35.40299,139.645605,KANAGAWA_YOKOHAMA
磯子海づり施設,アイナメ,35.40485005,139.6451408,KANAGAWA_YOKOHAMA
磯子海づり施設,クロダイ,35.403995,139.645353,KANAGAWA_YOKOHAMA
磯子海づり施設,メジナ,35.4035321,139.6455055,KANAGAWA_YOKOHAMA
磯子海づり施設,メジナ,35.405204,139.64498,KANAGAWA_YOKOHAMA
磯子海づり施設,メバル,35.40445949,139.6453661,KANAGAWA_YOKOHAMA
磯子海づり施設,メバル,35.403577,139.645999,KANAGAWA_YOKOHAMA
磯子海づり施設,アジ,35.403095,139.646149,KANAGAWA_YOKOHAMA
磯子海づり施設,アジ,35.405239,139.645441,KANAGAWA_YOKOHAMA
磯子海づり施設,イワシ,35.404197,139.645752,KANAGAWA_YOKOHAMA
磯子海づり施設,カレイ,35.404819,139.645999,KANAGAWA_YOKOHAMA
磯子海づり施設,シロギス,35.40403,139.646428,KANAGAWA_YOKOHAMA
磯子海づり施設,シロギス,35.40252498,139.6466581,KANAGAWA_YOKOHAMA
磯子海づり施設,クロダイ,35.402735,139.645418,KANAGAWA_YOKOHAMA
磯子海づり施設,クロダイ,35.402475,139.64406,KANAGAWA_YOKOHAMA
磯子海づり施設,メバル,35.40245724,139.6458381,KANAGAWA_YOKOHAMA
磯子海づり施設,アイナメ,35.40260556,139.6447331,KANAGAWA_YOKOHAMA
磯子海づり施設,メバル,35.40236,139.644443,KANAGAWA_YOKOHAMA
磯子海づり施設,アイナメ,35.402133,139.643971,KANAGAWA_YOKOHAMA
磯子海づり施設,カレイ,35.40332347,139.6469271,KANAGAWA_YOKOHAMA
磯子海づり施設,イワシ,35.402347,139.645145,KANAGAWA_YOKOHAMA
磯子海づり施設,アジ,35.40214183,139.6446553,KANAGAWA_YOKOHAMA
磯子海づり施設,シロギス,35.401784,139.644321,KANAGAWA_YOKOHAMA
磯子海づり施設,カレイ,35.401559,139.645217,KANAGAWA_YOKOHAMA
磯子海づり施設,シロギス,35.40204274,139.6455808,KANAGAWA_YOKOHAMA
磯子海づり施設,クロダイ,35.401938,139.641397,KANAGAWA_YOKOHAMA
磯子海づり施設,メジナ,35.401734,139.640229,KANAGAWA_YOKOHAMA
磯子海づり施設,メバル,35.401753,139.640843,KANAGAWA_YOKOHAMA
磯子海づり施設,アイナメ,35.40158533,139.6405472,KANAGAWA_YOKOHAMA
磯子海づり施設,ハゼ,35.401728,139.64123,KANAGAWA_YOKOHAMA
磯子海づり施設,アオリイカ,35.40150384,139.6410826,KANAGAWA_YOKOHAMA
磯子海づり施設,カレイ,35.40141842,139.641579,KANAGAWA_YOKOHAMA
磯子海づり施設,カレイ,35.40127,139.64057,KANAGAWA_YOKOHAMA
浦賀港,ハゼ,35.242237,139.720715,KANAGAWA_MIURA
浦賀港,ハゼ,35.239477,139.72153,KANAGAWA_MIURA
浦賀港,カワハギ,35.24159683,139.7212511,KANAGAWA_MIURA
浦賀港,カワハギ,35.241343,139.721541,KANAGAWA_MIURA
浦賀港,メバル,35.241904,139.720972,KANAGAWA_MIURA
浦賀港,メバル,35.239792,139.721101,KANAGAWA_MIURA
浦賀港,メバル,35.239669,139.721391,KANAGAWA_MIURA
浦賀港,イワシ,35.239652,139.721745,KANAGAWA_MIURA
浦賀港,シロギス,35.241362,139.721004,KANAGAWA_MIURA
浦賀港,アナゴ,35.241642,139.720672,KANAGAWA_MIURA
浦賀港,アナゴ,35.242002,139.720446,KANAGAWA_MIURA
浦賀港,カレイ,35.242519,139.720446,KANAGAWA_MIURA
浦賀港,カレイ,35.241379,139.720554,KANAGAWA_MIURA
浦賀港,カレイ,35.24023,139.721562,KANAGAWA_MIURA
浦賀港,カレイ,35.239555,139.722142,KANAGAWA_MIURA
浦賀港,イナダ,35.239809,139.722388,KANAGAWA_MIURA
浦賀港,アナゴ,35.240081,139.721122,KANAGAWA_MIURA
浦賀港,シロギス,35.240186,139.72212,KANAGAWA_MIURA
浦賀港,アジ,35.239888,139.721434,KANAGAWA_MIURA
浦賀港,アジ,35.239879,139.721852,KANAGAWA_MIURA
浦賀港,ウミタナゴ,35.239336,139.721841,KANAGAWA_MIURA
猿島,アイナメ,35.286664,139.696572,KANAGAWA_MIURA
猿島,アイナメ,35.286379,139.696438,KANAGAWA_MIURA
猿島,アイナメ,35.28717122,139.6964702,KANAGAWA_MIURA
猿島,アイナメ,35.287496,139.696422,KANAGAWA_MIURA
猿島,クロダイ,35.287339,139.696524,KANAGAWA_MIURA
猿島,クロダイ,35.287028,139.696551,KANAGAWA_MIURA
猿島,クロダイ,35.28686,139.696722,KANAGAWA_MIURA
猿島,メバル,35.286527,139.696497,KANAGAWA_MIURA
猿島,メバル,35.286255,139.696245,KANAGAWA_MIURA
猿島,メバル,35.287128,139.696679,KANAGAWA_MIURA
猿島,スズキ,35.287001,139.696851,KANAGAWA_MIURA
猿島,スズキ,35.286698,139.69684,KANAGAWA_MIURA
猿島,スズキ,35.286431,139.696701,KANAGAWA_MIURA
猿島,カレイ,35.287312,139.696873,KANAGAWA_MIURA
猿島,カレイ,35.286843,139.69713,KANAGAWA_MIURA
猿島,イナダ,35.287137,139.697076,KANAGAWA_MIURA
猿島,クロダイ,35.28784545,139.6950915,KANAGAWA_MIURA
猿島,クロダイ,35.288,139.694619,KANAGAWA_MIURA
猿島,ウミタナゴ,35.28798566,139.6950164,KANAGAWA_MIURA
猿島,アイナメ,35.28791994,139.6953812,KANAGAWA_MIURA
猿島,アイナメ,35.288165,139.694711,KANAGAWA_MIURA
猿島,メバル,35.288078,139.694834,KANAGAWA_MIURA
猿島,メバル,35.288065,139.69522,KANAGAWA_MIURA
猿島,サバ,35.288253,139.695027,KANAGAWA_MIURA
猿島,カレイ,35.288411,139.694823,KANAGAWA_MIURA
猿島,イナダ,35.288503,139.695279,KANAGAWA_MIURA
猿島,スズキ,35.288319,139.695317,KANAGAWA_MIURA
猿島,メバル,35.28511,139.692825,KANAGAWA_MIURA
猿島,メバル,35.28527727,139.6921501,KANAGAWA_MIURA
猿島,メバル,35.285526,139.692165,KANAGAWA_MIURA
猿島,メバル,35.285674,139.692598,KANAGAWA_MIURA
猿島,メバル,35.28441659,139.6924157,KANAGAWA_MIURA
猿島,メバル,35.283939,139.692605,KANAGAWA_MIURA
猿島,ウミタナゴ,35.284936,139.692499,KANAGAWA_MIURA
猿島,スズキ,35.284707,139.692431,KANAGAWA_MIURA
猿島,スズキ,35.28358609,139.6928936,KANAGAWA_MIURA
猿島,シロギス,35.284212,139.692605,KANAGAWA_MIURA
猿島,マゴチ,35.28458997,139.6920212,KANAGAWA_MIURA
猿島,カレイ,35.284066,139.692144,KANAGAWA_MIURA
猿島,スズキ,35.283589,139.693509,KANAGAWA_MIURA
猿島,スズキ,35.283813,139.693981,KANAGAWA_MIURA
猿島,シロギス,35.283611,139.693852,KANAGAWA_MIURA
猿島,カレイ,35.283462,139.693675,KANAGAWA_MIURA
猿島,カレイ,35.28366808,139.6942815,KANAGAWA_MIURA
猿島,ヒラメ,35.2838081,139.6944907,KANAGAWA_MIURA
猿島,クロダイ,35.284063,139.694265,KANAGAWA_MIURA
猿島,ウミタナゴ,35.283905,139.69418,KANAGAWA_MIURA
猿島,アイナメ,35.283458,139.693268,KANAGAWA_MIURA
猿島,アイナメ,35.285411,139.692028,KANAGAWA_MIURA
横須賀海辺つり公園,メバル,35.26709883,139.6911108,KANAGAWA_MIURA
横須賀海辺つり公園,メバル,35.27023665,139.6905211,KANAGAWA_MIURA
横須賀海辺つり公園,メバル,35.26823326,139.690906,KANAGAWA_MIURA
横須賀海辺つり公園,メバル,35.26934221,139.6907011,KANAGAWA_MIURA
横須賀海辺つり公園,カサゴ,35.26992429,139.6905191,KANAGAWA_MIURA
横須賀海辺つり公園,アジ,35.269714,139.690823,KANAGAWA_MIURA
横須賀海辺つり公園,アジ,35.268656,139.691045,KANAGAWA_MIURA
横須賀海辺つり公園,アジ,35.267509,139.691223,KANAGAWA_MIURA
横須賀海辺つり公園,イワシ,35.267896,139.691161,KANAGAWA_MIURA
横須賀海辺つり公園,イワシ,35.269057,139.690982,KANAGAWA_MIURA
横須賀海辺つり公園,カサゴ,35.267005,139.691385,KANAGAWA_MIURA
横須賀海辺つり公園,ソイ,35.267206,139.691347,KANAGAWA_MIURA
横須賀海辺つり公園,カレイ,35.267748,139.691704,KANAGAWA_MIURA
横須賀海辺つり公園,カレイ,35.268879,139.691468,KANAGAWA_MIURA
横須賀海辺つり公園,カレイ,35.269983,139.6912,KANAGAWA_MIURA
横須賀海辺つり公園,シロギス,35.26748348,139.6920687,KANAGAWA_MIURA
横須賀海辺つり公園,シロギス,35.26843192,139.6917897,KANAGAWA_MIURA
横須賀海辺つり公園,シロギス,35.27048167,139.6911889,KANAGAWA_MIURA
横須賀海辺つり公園,イシモチ,35.26947421,139.6914893,KANAGAWA_MIURA
横浜沖堤・旧赤灯,クロダイ,35.46343,139.655923,KANAGAWA_YOKOHAMA
横浜沖堤・旧赤灯,クロダイ,35.46414745,139.6552688,KANAGAWA_YOKOHAMA
横浜沖堤・旧赤灯,クロダイ,35.464733,139.654679,KANAGAWA_YOKOHAMA
横浜沖堤・旧赤灯,クロダイ,35.46309472,139.6566018,KANAGAWA_YOKOHAMA
横浜沖堤・旧赤灯,クロダイ,35.461799,139.657108,KANAGAWA_YOKOHAMA
横浜沖堤・旧赤灯,クロダイ,35.46122911,139.6574977,KANAGAWA_YOKOHAMA
横浜沖堤・旧赤灯,クロダイ,35.46002,139.658315,KANAGAWA_YOKOHAMA
横浜沖堤・旧赤灯,クロダイ,35.461596,139.657541,KANAGAWA_YOKOHAMA
横浜沖堤・旧赤灯,メジナ,35.461144,139.657857,KANAGAWA_YOKOHAMA
横浜沖堤・旧赤灯,メジナ,35.46206535,139.656657,KANAGAWA_YOKOHAMA
横浜沖堤・旧赤灯,メジナ,35.4628587,139.6563873,KANAGAWA_YOKOHAMA
横浜沖堤・旧赤灯,カサゴ,35.460644,139.658148,KANAGAWA_YOKOHAMA
横浜沖堤・旧赤灯,カサゴ,35.46242642,139.6567413,KANAGAWA_YOKOHAMA
横浜沖堤・旧赤灯,アイナメ,35.46299258,139.6562815,KANAGAWA_YOKOHAMA
横浜沖堤・旧赤灯,メジナ,35.463584,139.656162,KANAGAWA_YOKOHAMA
横浜沖堤・旧赤灯,アイナメ,35.460718,139.657814,KANAGAWA_YOKOHAMA
横浜沖堤・旧赤灯,アイナメ,35.460928,139.658079,KANAGAWA_YOKOHAMA
横浜沖堤・旧赤灯,アイナメ,35.46236512,139.6571115,KANAGAWA_YOKOHAMA
横浜沖堤・旧赤灯,メジナ,35.461138,139.657158,KANAGAWA_YOKOHAMA
横浜沖堤・旧赤灯,メバル,35.462535,139.656171,KANAGAWA_YOKOHAMA
横浜沖堤・旧赤灯,メバル,35.462807,139.657143,KANAGAWA_YOKOHAMA
横浜沖堤・旧赤灯,メバル,35.462065,139.657552,KANAGAWA_YOKOHAMA
横浜沖堤・旧赤灯,メバル,35.461509,139.658129,KANAGAWA_YOKOHAMA
横浜沖堤・旧赤灯,メバル,35.460334,139.657795,KANAGAWA_YOKOHAMA
横浜沖堤・旧赤灯,メバル,35.460421,139.658508,KANAGAWA_YOKOHAMA
横浜沖堤・旧赤灯,メバル,35.464327,139.654715,KANAGAWA_YOKOHAMA
横浜沖堤・旧赤灯,メバル,35.464042,139.655853,KANAGAWA_YOKOHAMA
横浜沖堤・旧赤灯,クロダイ,35.464512,139.655367,KANAGAWA_YOKOHAMA
横浜沖堤・旧赤灯,メバル,35.463696,139.655413,KANAGAWA_YOKOHAMA
横浜沖堤・旧赤灯,スズキ,35.463782,139.654654,KANAGAWA_YOKOHAMA
横浜沖堤・旧赤灯,スズキ,35.464462,139.65608,KANAGAWA_YOKOHAMA
横浜沖堤・旧赤灯,スズキ,35.46298,139.655474,KANAGAWA_YOKOHAMA
横浜沖堤・旧赤灯,スズキ,35.462596,139.657734,KANAGAWA_YOKOHAMA
横浜沖堤・旧赤灯,スズキ,35.459813,139.657537,KANAGAWA_YOKOHAMA
横浜沖堤・旧赤灯,スズキ,35.460135,139.6591,KANAGAWA_YOKOHAMA
横浜沖堤・旧赤灯,スズキ,35.460568,139.6569,KANAGAWA_YOKOHAMA
横浜沖堤・旧赤灯,スズキ,35.461681,139.658675,KANAGAWA_YOKOHAMA
横浜沖堤・旧赤灯,カレイ,35.459618,139.658478,KANAGAWA_YOKOHAMA
横浜沖堤・旧赤灯,カレイ,35.461003,139.658887,KANAGAWA_YOKOHAMA
横浜沖堤・旧赤灯,カレイ,35.459222,139.657234,KANAGAWA_YOKOHAMA
横浜沖堤・旧赤灯,サヨリ,35.460966,139.656505,KANAGAWA_YOKOHAMA
横浜沖堤・旧赤灯,シロギス,35.460075,139.656794,KANAGAWA_YOKOHAMA
横浜沖堤・旧赤灯,シロギス,35.460681,139.659388,KANAGAWA_YOKOHAMA
横浜沖堤・旧赤灯,シロギス,35.461448,139.659327,KANAGAWA_YOKOHAMA
横浜沖堤・旧赤灯,ハゼ,35.461781,139.656217,KANAGAWA_YOKOHAMA
横浜沖堤・旧白灯,クロダイ,35.455108,139.658099,KANAGAWA_YOKOHAMA
横浜沖堤・旧白灯,クロダイ,35.453249,139.657943,KANAGAWA_YOKOHAMA
横浜沖堤・旧白灯,メバル,35.45331,139.657744,KANAGAWA_YOKOHAMA
横浜沖堤・旧白灯,メバル,35.455187,139.657932,KANAGAWA_YOKOHAMA
横浜沖堤・旧白灯,メジナ,35.455033,139.657905,KANAGAWA_YOKOHAMA
横浜沖堤・旧白灯,メジナ,35.454955,139.658152,KANAGAWA_YOKOHAMA
横浜沖堤・旧白灯,クロダイ,35.454015,139.658045,KANAGAWA_YOKOHAMA
横浜沖堤・旧白灯,クロダイ,35.454605,139.658088,KANAGAWA_YOKOHAMA
横浜沖堤・旧白灯,クロダイ,35.454334,139.657868,KANAGAWA_YOKOHAMA
横浜沖堤・旧白灯,メバル,35.45460033,139.6577767,KANAGAWA_YOKOHAMA
横浜沖堤・旧白灯,メバル,35.453861,139.657798,KANAGAWA_YOKOHAMA
横浜沖堤・旧白灯,メバル,35.453683,139.65804,KANAGAWA_YOKOHAMA
横浜沖堤・旧白灯,クロダイ,35.453587,139.657814,KANAGAWA_YOKOHAMA
横浜沖堤・旧白灯,ハゼ,35.454815,139.657793,KANAGAWA_YOKOHAMA
横浜沖堤・旧白灯,ハゼ,35.454111,139.657712,KANAGAWA_YOKOHAMA
横浜沖堤・旧白灯,ハゼ,35.453621,139.657541,KANAGAWA_YOKOHAMA
横浜沖堤・旧白灯,スズキ,35.454373,139.6576,KANAGAWA_YOKOHAMA
横浜沖堤・旧白灯,スズキ,35.455134,139.657637,KANAGAWA_YOKOHAMA
横浜沖堤・旧白灯,スズキ,35.455305,139.65834,KANAGAWA_YOKOHAMA
横浜沖堤・旧白灯,スズキ,35.45431443,139.6581628,KANAGAWA_YOKOHAMA
横浜沖堤・旧白灯,スズキ,35.453456,139.658066,KANAGAWA_YOKOHAMA
横浜沖堤・旧白灯,カレイ,35.455078,139.658474,KANAGAWA_YOKOHAMA
横浜沖堤・旧白灯,カレイ,35.45471397,139.658356,KANAGAWA_YOKOHAMA
横浜沖堤・旧白灯,カレイ,35.45421105,139.6584579,KANAGAWA_YOKOHAMA
横浜沖堤・旧白灯,カレイ,35.453803,139.658377,KANAGAWA_YOKOHAMA
横浜沖堤・旧白灯,カレイ,35.453422,139.657428,KANAGAWA_YOKOHAMA
横浜沖堤・旧白灯,シロギス,35.45355006,139.6584891,KANAGAWA_YOKOHAMA
横浜沖堤・旧白灯,シロギス,35.454,139.658592,KANAGAWA_YOKOHAMA
横浜沖堤・旧白灯,シロギス,35.454525,139.658592,KANAGAWA_YOKOHAMA
横浜沖堤・旧白灯,カレイ,35.45310475,139.6582995,KANAGAWA_YOKOHAMA
横浜沖堤・旧白灯,サヨリ,35.453921,139.657514,KANAGAWA_YOKOHAMA
横浜沖堤・旧白灯,サヨリ,35.454787,139.657519,KANAGAWA_YOKOHAMA
横浜沖堤・旧白灯,スズキ,35.45308,139.6577,KANAGAWA_YOKOHAMA
横浜沖堤・赤灯ハナレ,カサゴ,35.458084,139.676901,KANAGAWA_YOKOHAMA
横浜沖堤・赤灯ハナレ,カサゴ,35.457765,139.676718,KANAGAWA_YOKOHAMA
横浜沖堤・赤灯ハナレ,クロダイ,35.457931,139.676788,KANAGAWA_YOKOHAMA
横浜沖堤・赤灯ハナレ,メバル,35.458036,139.677056,KANAGAWA_YOKOHAMA
横浜沖堤・赤灯ハナレ,メバル,35.45774654,139.6768793,KANAGAWA_YOKOHAMA
横浜沖堤・赤灯ハナレ,クロダイ,35.457891,139.67696,KANAGAWA_YOKOHAMA
横浜沖堤・赤灯ハナレ,スズキ,35.457878,139.676531,KANAGAWA_YOKOHAMA
横浜沖堤・赤灯ハナレ,スズキ,35.458197,139.67674,KANAGAWA_YOKOHAMA
横浜沖堤・赤灯ハナレ,スズキ,35.45773775,139.6773943,KANAGAWA_YOKOHAMA
横浜沖堤・赤灯ハナレ,カレイ,35.4575545,139.6772334,KANAGAWA_YOKOHAMA
横浜沖堤・赤灯ハナレ,カレイ,35.4573927,139.6769437,KANAGAWA_YOKOHAMA
横浜沖堤・赤灯ハナレ,カレイ,35.457449,139.676348,KANAGAWA_YOKOHAMA
横浜沖堤・赤灯ハナレ,アイナメ,35.45791691,139.6772549,KANAGAWA_YOKOHAMA
横浜沖堤・赤灯ハナレ,アイナメ,35.457567,139.676815,KANAGAWA_YOKOHAMA
横浜沖堤・赤灯ハナレ,メジナ,35.457633,139.676638,KANAGAWA_YOKOHAMA
横浜沖堤・赤灯ハナレ,シロギス,35.457349,139.676622,KANAGAWA_YOKOHAMA
横浜沖堤・赤灯ハナレ,クロダイ,35.456344,139.676032,KANAGAWA_YOKOHAMA
横浜沖堤・赤灯ハナレ,クロダイ,35.455815193204,139.67570453882,KANAGAWA_YOKOHAMA
横浜沖堤・赤灯ハナレ,メジナ,35.456278,139.675876,KANAGAWA_YOKOHAMA
横浜沖堤・赤灯ハナレ,メバル,35.456213,139.676085,KANAGAWA_YOKOHAMA
横浜沖堤・赤灯ハナレ,メバル,35.456016,139.675962,KANAGAWA_YOKOHAMA
横浜沖堤・赤灯ハナレ,カサゴ,35.456099,139.675801,KANAGAWA_YOKOHAMA
横浜沖堤・赤灯ハナレ,アイナメ,35.455710116102,139.67547386885,KANAGAWA_YOKOHAMA
横浜沖堤・赤灯ハナレ,アイナメ,35.455627085391,139.67598348856,KANAGAWA_YOKOHAMA
横浜沖堤・赤灯ハナレ,カレイ,35.456584,139.675915,KANAGAWA_YOKOHAMA
横浜沖堤・赤灯ハナレ,カレイ,35.456487,139.67633,KANAGAWA_YOKOHAMA
横浜沖堤・赤灯ハナレ,カレイ,35.455316778258,139.67589229345,KANAGAWA_YOKOHAMA
横浜沖堤・赤灯ハナレ,カレイ,35.455902660616,139.6752217412,KANAGAWA_YOKOHAMA
横浜沖堤・赤灯ハナレ,スズキ,35.455426197239,139.67535048723,KANAGAWA_YOKOHAMA
横浜沖堤・赤灯ハナレ,フッコ,35.456107,139.676166,KANAGAWA_YOKOHAMA
横浜沖堤・赤灯ハナレ,スズキ,35.456246,139.675569,KANAGAWA_YOKOHAMA
横浜沖堤・赤灯ハナレ,アナゴ,35.456235,139.676455,KANAGAWA_YOKOHAMA
横浜沖堤・赤灯ハナレ,シロギス,35.45600993,139.6765498,KANAGAWA_YOKOHAMA
横浜沖堤・赤灯ハナレ,マゴチ,35.455969,139.676204,KANAGAWA_YOKOHAMA
横浜沖堤・赤灯ハナレ,シロギス,35.4558,139.676292,KANAGAWA_YOKOHAMA
横浜沖堤・赤灯ハナレ,スズキ,35.45557035,139.6764007,KANAGAWA_YOKOHAMA
横浜沖堤・第一新堤,カサゴ,35.441312689231,139.68763622122,KANAGAWA_YOKOHAMA
横浜沖堤・第一新堤,カサゴ,35.441677337156,139.68690792368,KANAGAWA_YOKOHAMA
横浜沖堤・第一新堤,カサゴ,35.443287,139.689301,KANAGAWA_YOKOHAMA
横浜沖堤・第一新堤,クロダイ,35.442552,139.688539,KANAGAWA_YOKOHAMA
横浜沖堤・第一新堤,クロダイ,35.443550106704,139.68922937209,KANAGAWA_YOKOHAMA
横浜沖堤・第一新堤,クロダイ,35.442493182242,139.68803830215,KANAGAWA_YOKOHAMA
横浜沖堤・第一新堤,クロダイ,35.441984072198,139.68795150518,KANAGAWA_YOKOHAMA
横浜沖堤・第一新堤,メバル,35.441677,139.687606,KANAGAWA_YOKOHAMA
横浜沖堤・第一新堤,メバル,35.442431500852,139.68833417303,KANAGAWA_YOKOHAMA
横浜沖堤・第一新堤,メバル,35.442147215206,139.68767415338,KANAGAWA_YOKOHAMA
横浜沖堤・第一新堤,メバル,35.442326399598,139.68783346847,KANAGAWA_YOKOHAMA
横浜沖堤・第一新堤,メバル,35.442955,139.688872,KANAGAWA_YOKOHAMA
横浜沖堤・第一新堤,メバル,35.443506792644,139.68893350121,KANAGAWA_YOKOHAMA
横浜沖堤・第一新堤,メバル,35.44287626657,139.68839486449,KANAGAWA_YOKOHAMA
横浜沖堤・第一新堤,アジ,35.442119600748,139.68832165003,KANAGAWA_YOKOHAMA
横浜沖堤・第一新堤,イワシ,35.441760936843,139.68797832727,KANAGAWA_YOKOHAMA
横浜沖堤・第一新堤,スズキ,35.441756796502,139.68843430281,KANAGAWA_YOKOHAMA
横浜沖堤・第一新堤,スズキ,35.44296920611,139.68934316858,KANAGAWA_YOKOHAMA
横浜沖堤・第一新堤,スズキ,35.443407923433,139.68850866098,KANAGAWA_YOKOHAMA
横浜沖堤・第一新堤,スズキ,35.443030912117,139.68807623432,KANAGAWA_YOKOHAMA
横浜沖堤・第一新堤,スズキ,35.442431165461,139.6874693197,KANAGAWA_YOKOHAMA
横浜沖堤・第一新堤,カレイ,35.44270951976,139.68727965888,KANAGAWA_YOKOHAMA
横浜沖堤・第一新堤,カレイ,35.443414194117,139.68801554285,KANAGAWA_YOKOHAMA
横浜沖堤・第一新堤,カレイ,35.443834372378,139.68855417958,KANAGAWA_YOKOHAMA
横浜沖堤・第一新堤,スズキ,35.442654269466,139.68900177911,KANAGAWA_YOKOHAMA
横浜沖堤・第一新堤,スズキ,35.44396,139.689365,KANAGAWA_YOKOHAMA
横浜沖堤・第一新堤,シロギス,35.44233272543,139.68680930005,KANAGAWA_YOKOHAMA
横浜沖堤・第一新堤,シロギス,35.44319787351,139.6874010418,KANAGAWA_YOKOHAMA
横浜沖堤・第一新堤,シロギス,35.443791208644,139.68800795642,KANAGAWA_YOKOHAMA
横浜沖堤・第一新堤,シロギス,35.443135712105,139.68991973747,KANAGAWA_YOKOHAMA
横浜沖堤・第一新堤,シロギス,35.442456,139.689429,KANAGAWA_YOKOHAMA
横浜沖堤・白灯テトラ堤,クロダイ,35.451442,139.673392,KANAGAWA_YOKOHAMA
横浜沖堤・白灯テトラ堤,クロダイ,35.452709,139.674079,KANAGAWA_YOKOHAMA
横浜沖堤・白灯テトラ堤,クロダイ,35.452481,139.674079,KANAGAWA_YOKOHAMA
横浜沖堤・白灯テトラ堤,クロダイ,35.452508,139.673838,KANAGAWA_YOKOHAMA
横浜沖堤・白灯テトラ堤,メバル,35.452062,139.673629,KANAGAWA_YOKOHAMA
横浜沖堤・白灯テトラ堤,メバル,35.452027,139.673843,KANAGAWA_YOKOHAMA
横浜沖堤・白灯テトラ堤,メバル,35.451546,139.673333,KANAGAWA_YOKOHAMA
横浜沖堤・白灯テトラ堤,メバル,35.45152,139.673559,KANAGAWA_YOKOHAMA
横浜沖堤・白灯テトラ堤,メバル,35.452626,139.673891,KANAGAWA_YOKOHAMA
横浜沖堤・白灯テトラ堤,メバル,35.452591,139.674154,KANAGAWA_YOKOHAMA
横浜沖堤・白灯テトラ堤,アイナメ,35.451804,139.673457,KANAGAWA_YOKOHAMA
横浜沖堤・白灯テトラ堤,アイナメ,35.451773,139.673736,KANAGAWA_YOKOHAMA
横浜沖堤・白灯テトラ堤,アイナメ,35.452202364593,139.67433720464,KANAGAWA_YOKOHAMA
横浜沖堤・白灯テトラ堤,アイナメ,35.452298,139.673704,KANAGAWA_YOKOHAMA
横浜沖堤・白灯テトラ堤,スズキ,35.452011347876,139.67318406686,KANAGAWA_YOKOHAMA
横浜沖堤・白灯テトラ堤,スズキ,35.451485442295,139.67391236441,KANAGAWA_YOKOHAMA
横浜沖堤・白灯テトラ堤,スズキ,35.452548653787,139.67448134686,KANAGAWA_YOKOHAMA
横浜沖堤・白灯テトラ堤,スズキ,35.45287017703,139.67350269704,KANAGAWA_YOKOHAMA
横浜沖堤・白灯テトラ堤,カレイ,35.451609026398,139.67288819599,KANAGAWA_YOKOHAMA
横浜沖堤・白灯テトラ堤,カレイ,35.45229760616,139.67311888933,KANAGAWA_YOKOHAMA
横浜沖堤・白灯テトラ堤,カレイ,35.45268461101,139.6748606685,KANAGAWA_YOKOHAMA
横浜沖堤・白灯テトラ堤,カレイ,35.451794909266,139.67457801104,KANAGAWA_YOKOHAMA
横浜沖堤・白灯テトラ堤,カレイ,35.451862429024,139.67416271669,KANAGAWA_YOKOHAMA
横浜沖堤・白灯テトラ堤,シロギス,35.451918178526,139.67274405376,KANAGAWA_YOKOHAMA
横浜沖堤・白灯テトラ堤,シロギス,35.451183,139.67326,KANAGAWA_YOKOHAMA
横浜沖堤・白灯テトラ堤,シロギス,35.451371001932,139.67431515455,KANAGAWA_YOKOHAMA
横浜沖堤・白灯テトラ堤,アナゴ,35.452223162984,139.67473894358,KANAGAWA_YOKOHAMA
横浜沖堤・白灯テトラ堤,カレイ,35.453250393726,139.67429369688,KANAGAWA_YOKOHAMA
横浜沖堤・白灯テトラ堤,カレイ,35.453132299426,139.67382699251,KANAGAWA_YOKOHAMA
横浜沖堤・白灯テトラ堤,シロギス,35.452974954524,139.67453509569,KANAGAWA_YOKOHAMA
横浜沖堤・白灯テトラ堤,アナゴ,35.452502879039,139.67335492373,KANAGAWA_YOKOHAMA
横浜沖堤・白灯テトラ堤,カサゴ,35.450997,139.673139,KANAGAWA_YOKOHAMA
横浜沖堤・白灯テトラ堤,カサゴ,35.45077002,139.6728584,KANAGAWA_YOKOHAMA
横浜沖堤・白灯テトラ堤,カサゴ,35.45058448,139.6731089,KANAGAWA_YOKOHAMA
横浜沖堤・白灯テトラ堤,クロダイ,35.450886,139.673214,KANAGAWA_YOKOHAMA
横浜沖堤・白灯テトラ堤,メバル,35.450947,139.672926,KANAGAWA_YOKOHAMA
横浜沖堤・白灯テトラ堤,メジナ,35.45044,139.673055,KANAGAWA_YOKOHAMA
横浜沖堤・白灯テトラ堤,アイナメ,35.450739,139.673185,KANAGAWA_YOKOHAMA
横浜沖堤・白灯テトラ堤,アイナメ,35.45059072,139.67279,KANAGAWA_YOKOHAMA
横浜沖堤・白灯テトラ堤,スズキ,35.451123,139.673671,KANAGAWA_YOKOHAMA
横浜沖堤・白灯テトラ堤,スズキ,35.450956,139.672524,KANAGAWA_YOKOHAMA
横浜沖堤・白灯テトラ堤,スズキ,35.450461,139.673405,KANAGAWA_YOKOHAMA
横浜沖堤・白灯テトラ堤,カレイ,35.450905,139.673784,KANAGAWA_YOKOHAMA
横浜沖堤・白灯テトラ堤,メバル,35.450757,139.673526,KANAGAWA_YOKOHAMA
下山川,セイゴ,35.261398,139.580325,KANAGAWA_MIURA
下山川,ウナギ,35.261473,139.580475,KANAGAWA_MIURA
下山川,ウナギ,35.261767,139.58106,KANAGAWA_MIURA
下山川,ウナギ,35.261723,139.580894,KANAGAWA_MIURA
下山川,ウナギ,35.26164318,139.5808133,KANAGAWA_MIURA
下山川,ウナギ,35.261534,139.580647,KANAGAWA_MIURA
下山川,ハゼ,35.261464,139.580341,KANAGAWA_MIURA
下山川,ウナギ,35.261612,139.580679,KANAGAWA_MIURA
海の公園,メバル,35.335687,139.634948,KANAGAWA_MIURA
海の公園,メバル,35.335214,139.635581,KANAGAWA_MIURA
海の公園,メバル,35.334338,139.635667,KANAGAWA_MIURA
海の公園,セイゴ,35.33489,139.635732,KANAGAWA_MIURA
海の公園,セイゴ,35.335503,139.635828,KANAGAWA_MIURA
海の公園,スズキ,35.335731,139.635538,KANAGAWA_MIURA
海の公園,スズキ,35.33528661,139.6361699,KANAGAWA_MIURA
海の公園,シロギス,35.33479099,139.6363443,KANAGAWA_MIURA
海の公園,ハゼ,35.334601,139.635946,KANAGAWA_MIURA
海の公園,カレイ,35.33503893,139.6365362,KANAGAWA_MIURA
海の公園,ウミタナゴ,35.33989634,139.6400124,KANAGAWA_MIURA
海の公園,メバル,35.339699,139.6404714,KANAGAWA_MIURA
海の公園,メバル,35.340255,139.639691,KANAGAWA_MIURA
海の公園,メバル,35.339143,139.641289,KANAGAWA_MIURA
海の公園,メバル,35.339415,139.640763,KANAGAWA_MIURA
海の公園,セイゴ,35.33901239,139.6408385,KANAGAWA_MIURA
海の公園,セイゴ,35.338723,139.641622,KANAGAWA_MIURA
海の公園,スズキ,35.33875,139.641085,KANAGAWA_MIURA
海の公園,スズキ,35.339442,139.640087,KANAGAWA_MIURA
海の公園,アナゴ,35.339109,139.64027,KANAGAWA_MIURA
海の公園,メバル,35.33979813,139.6421935,KANAGAWA_MIURA
海の公園,メバル,35.339424,139.642445,KANAGAWA_MIURA
海の公園,アオリイカ,35.33960622,139.642679,KANAGAWA_MIURA
海の公園,アナゴ,35.339227,139.642569,KANAGAWA_MIURA
海の公園,アナゴ,35.339936,139.642338,KANAGAWA_MIURA
鴨居港・たたら浜,メバル,35.251341,139.743417,KANAGAWA_MIURA
鴨居港・たたら浜,クロダイ,35.251429,139.743009,KANAGAWA_MIURA
鴨居港・たたら浜,ウミタナゴ,35.251218,139.743106,KANAGAWA_MIURA
鴨居港・たたら浜,スズキ,35.250964,139.743181,KANAGAWA_MIURA
鴨居港・たたら浜,メバル,35.251016,139.742194,KANAGAWA_MIURA
鴨居港・たたら浜,ウミタナゴ,35.251226,139.741926,KANAGAWA_MIURA
鴨居港・たたら浜,メゴチ,35.25104308,139.7409764,KANAGAWA_MIURA
鴨居港・たたら浜,メゴチ,35.25058683,139.7413167,KANAGAWA_MIURA
鴨居港・たたら浜,シロギス,35.250376,139.740992,KANAGAWA_MIURA
鴨居港・たたら浜,カレイ,35.2508882,139.7414771,KANAGAWA_MIURA
鴨居港・たたら浜,メバル,35.25117318,139.7413785,KANAGAWA_MIURA
鴨居港・たたら浜,スズキ,35.25054738,139.7407261,KANAGAWA_MIURA
鴨居港・たたら浜,カレイ,35.250156,139.740842,KANAGAWA_MIURA
鴨居港・たたら浜,メバル,35.25073943,139.740984,KANAGAWA_MIURA
鴨居港・たたら浜,メバル,35.249935,139.738921,KANAGAWA_MIURA
鴨居港・たたら浜,メバル,35.24959345,139.7382605,KANAGAWA_MIURA
鴨居港・たたら浜,メバル,35.248621,139.73864,KANAGAWA_MIURA
鴨居港・たたら浜,メバル,35.24844107,139.7388598,KANAGAWA_MIURA
鴨居港・たたら浜,クロダイ,35.248063,139.7387,KANAGAWA_MIURA
鴨居港・たたら浜,ウミタナゴ,35.248236,139.738867,KANAGAWA_MIURA
鴨居港・たたら浜,メバル,35.247889,139.738792,KANAGAWA_MIURA
鴨居港・たたら浜,メゴチ,35.24838766,139.7393051,KANAGAWA_MIURA
鴨居港・たたら浜,シロギス,35.24873216,139.739186,KANAGAWA_MIURA
鴨居港・たたら浜,シロギス,35.249117,139.738177,KANAGAWA_MIURA
鴨居港・たたら浜,シロギス,35.249681,139.738928,KANAGAWA_MIURA
鴨居港・たたら浜,メゴチ,35.24933824,139.7389618,KANAGAWA_MIURA
鴨居港・たたら浜,スズキ,35.24949159,139.7387096,KANAGAWA_MIURA
鴨居港・たたら浜,スズキ,35.249265,139.738435,KANAGAWA_MIURA
鴨居港・たたら浜,スズキ,35.24803667,139.7392246,KANAGAWA_MIURA
鴨居港・たたら浜,メバル,35.24732304,139.7376904,KANAGAWA_MIURA
鴨居港・たたら浜,メバル,35.24695,139.736733,KANAGAWA_MIURA
鴨居港・たたら浜,クロダイ,35.24715843,139.7372136,KANAGAWA_MIURA
鴨居港・たたら浜,ウミタナゴ,35.24700735,139.737626,KANAGAWA_MIURA
鴨居港・たたら浜,アイナメ,35.246837,139.737312,KANAGAWA_MIURA
鴨居港・たたら浜,アイナメ,35.247608,139.735134,KANAGAWA_MIURA
鴨居港・たたら浜,カサゴ,35.24692005,139.7361723,KANAGAWA_MIURA
鴨居港・たたら浜,アイナメ,35.24717,139.736175,KANAGAWA_MIURA
鴨居港・たたら浜,アオリイカ,35.24667,139.736593,KANAGAWA_MIURA
鴨居港・たたら浜,アオリイカ,35.2473815,139.7363942,KANAGAWA_MIURA
鴨居港・たたら浜,シロギス,35.24649545,139.7371984,KANAGAWA_MIURA
鴨居港・たたら浜,カレイ,35.24623181,139.7370976,KANAGAWA_MIURA
鴨居港・たたら浜,カレイ,35.2478792,139.735263,KANAGAWA_MIURA
鴨居港・たたら浜,カレイ,35.24809827,139.7349626,KANAGAWA_MIURA
鴨居港・たたら浜,ハゼ,35.247739,139.734727,KANAGAWA_MIURA
鴨居港・たたら浜,ハゼ,35.248098,139.735445,KANAGAWA_MIURA
鴨居港・たたら浜,ハゼ,35.24752,139.736733,KANAGAWA_MIURA
鴨居港・たたら浜,メゴチ,35.24839146,139.735317,KANAGAWA_MIURA
鴨居港・たたら浜,メゴチ,35.24836661,139.7358935,KANAGAWA_MIURA
観音崎,メバル,35.257499,139.745225,KANAGAWA_MIURA
観音崎,メバル,35.257276,139.745536,KANAGAWA_MIURA
観音崎,ウミタナゴ,35.257406,139.745468,KANAGAWA_MIURA
観音崎,アイナメ,35.257567,139.745475,KANAGAWA_MIURA
観音崎,カレイ,35.257561,139.745763,KANAGAWA_MIURA
観音崎,メバル,35.256941,139.745801,KANAGAWA_MIURA
観音崎,メバル,35.256488,139.74615,KANAGAWA_MIURA
観音崎,メバル,35.256755,139.746166,KANAGAWA_MIURA
観音崎,メバル,35.255818,139.746067,KANAGAWA_MIURA
観音崎,ウミタナゴ,35.255856,139.74631,KANAGAWA_MIURA
観音崎,ウミタナゴ,35.256854,139.746006,KANAGAWA_MIURA
観音崎,アイナメ,35.25696,139.746105,KANAGAWA_MIURA
観音崎,アイナメ,35.256352,139.74631,KANAGAWA_MIURA
観音崎,クロダイ,35.256123,139.746279,KANAGAWA_MIURA
観音崎,クロダイ,35.25709,139.745908,KANAGAWA_MIURA
観音崎,クロダイ,35.256563,139.746416,KANAGAWA_MIURA
観音崎,マダイ,35.25598,139.746598,KANAGAWA_MIURA
観音崎,マダイ,35.257214,139.746188,KANAGAWA_MIURA
観音崎,スズキ,35.25691,139.746401,KANAGAWA_MIURA
観音崎,スズキ,35.25645757,139.7468104,KANAGAWA_MIURA
観音崎,カレイ,35.256687,139.746719,KANAGAWA_MIURA
観音崎,カンダイ,35.256216,139.746735,KANAGAWA_MIURA
観音崎,シロギス,35.257121,139.746507,KANAGAWA_MIURA
観音崎,シロギス,35.25691,139.746742,KANAGAWA_MIURA
観音山下の磯,シロギス,35.137387,139.640506,KANAGAWA_MIURA
観音山下の磯,シロギス,35.137457,139.63954,KANAGAWA_MIURA
観音山下の磯,シロギス,35.137203,139.639969,KANAGAWA_MIURA
観音山下の磯,シロギス,35.13655904,139.6406383,KANAGAWA_MIURA
観音山下の磯,シロギス,35.136693,139.639068,KANAGAWA_MIURA
観音山下の磯,マダイ,35.137,139.640549,KANAGAWA_MIURA
観音山下の磯,マダイ,35.13685212,139.6398622,KANAGAWA_MIURA
観音山下の磯,マダイ,35.13639586,139.6400124,KANAGAWA_MIURA
観音山下の磯,カワハギ,35.13707146,139.6393579,KANAGAWA_MIURA
観音山下の磯,カワハギ,35.136536,139.639487,KANAGAWA_MIURA
旗山崎,メゴチ,35.265603,139.730524,KANAGAWA_MIURA
旗山崎,メゴチ,35.265625,139.730127,KANAGAWA_MIURA
旗山崎,カレイ,35.265962,139.730352,KANAGAWA_MIURA
旗山崎,メバル,35.26582611,139.729692,KANAGAWA_MIURA
旗山崎,スズキ,35.266159,139.729944,KANAGAWA_MIURA
旗山崎,シロギス,35.265844,139.730631,KANAGAWA_MIURA
旗山崎,シロギス,35.26585697,139.7300246,KANAGAWA_MIURA
旗山崎,アイナメ,35.266698,139.733307,KANAGAWA_MIURA
旗山崎,クロダイ,35.26645,139.733223,KANAGAWA_MIURA
旗山崎,ウミタナゴ,35.26658,139.733253,KANAGAWA_MIURA
旗山崎,カサゴ,35.266301,139.73314,KANAGAWA_MIURA
旗山崎,カサゴ,35.266159,139.7332,KANAGAWA_MIURA
旗山崎,シロギス,35.26625968,139.7334847,KANAGAWA_MIURA
旗山崎,カレイ,35.266456,139.733656,KANAGAWA_MIURA
旗山崎,マダイ,35.26671,139.733709,KANAGAWA_MIURA
旗山崎,クロダイ,35.267627,139.732557,KANAGAWA_MIURA
旗山崎,クロダイ,35.2674029,139.7325191,KANAGAWA_MIURA
旗山崎,アイナメ,35.26715312,139.73268,KANAGAWA_MIURA
旗山崎,ウミタナゴ,35.26733797,139.7320363,KANAGAWA_MIURA
旗山崎,ウミタナゴ,35.267084,139.732272,KANAGAWA_MIURA
旗山崎,ウミタナゴ,35.26753008,139.7323152,KANAGAWA_MIURA
旗山崎,アイナメ,35.267714,139.732358,KANAGAWA_MIURA
旗山崎,シマダイ,35.267609,139.732047,KANAGAWA_MIURA
旗山崎,メバル,35.267241,139.732337,KANAGAWA_MIURA
旗山崎,メバル,35.26735579,139.732857,KANAGAWA_MIURA
汽車道,スズキ,35.45243711,139.6342832,KANAGAWA_YOKOHAMA
汽車道,スズキ,35.45332,139.633886,KANAGAWA_YOKOHAMA
汽車道,セイゴ,35.453285,139.634991,KANAGAWA_YOKOHAMA
汽車道,セイゴ,35.453556,139.63704,KANAGAWA_YOKOHAMA
汽車道,セイゴ,35.4536,139.636032,KANAGAWA_YOKOHAMA
汽車道,セイゴ,35.45273436,139.6360105,KANAGAWA_YOKOHAMA
汽車道,セイゴ,35.452717,139.635045,KANAGAWA_YOKOHAMA
汽車道,スズキ,35.452288,139.633586,KANAGAWA_YOKOHAMA
汽車道,ハゼ,35.452525,139.633875,KANAGAWA_YOKOHAMA
汽車道,ハゼ,35.453006,139.633403,KANAGAWA_YOKOHAMA
汽車道,ハゼ,35.453434,139.635571,KANAGAWA_YOKOHAMA
汽車道,ハゼ,35.453513,139.636558,KANAGAWA_YOKOHAMA
汽車道,ハゼ,35.452866,139.637459,KANAGAWA_YOKOHAMA
汽車道,ハゼ,35.452979,139.636869,KANAGAWA_YOKOHAMA
汽車道,ハゼ,35.452962,139.636182,KANAGAWA_YOKOHAMA
汽車道,ハゼ,35.452848,139.635581,KANAGAWA_YOKOHAMA
汽車道,ハゼ,35.452647,139.634508,KANAGAWA_YOKOHAMA
汽車道,アナゴ,35.453417,139.634401,KANAGAWA_YOKOHAMA
久里浜港,メバル,35.227502,139.717697,KANAGAWA_MIURA
久里浜港,スズキ,35.227177,139.718062,KANAGAWA_MIURA
久里浜港,スズキ,35.226196,139.717288,KANAGAWA_MIURA
久里浜港,アイナメ,35.226841,139.717788,KANAGAWA_MIURA
久里浜港,アイナメ,35.22368878,139.7141621,KANAGAWA_MIURA
久里浜港,スズキ,35.225563,139.716408,KANAGAWA_MIURA
久里浜港,クロダイ,35.226332,139.716575,KANAGAWA_MIURA
久里浜港,クロダイ,35.22599734,139.7153608,KANAGAWA_MIURA
久里浜港,カレイ,35.22653,139.716135,KANAGAWA_MIURA
久里浜港,カレイ,35.22532803,139.715816,KANAGAWA_MIURA
久里浜港,カレイ,35.224446,139.715088,KANAGAWA_MIURA
久里浜港,マゴチ,35.22495627,139.7147236,KANAGAWA_MIURA
久里浜港,シロギス,35.224151,139.714511,KANAGAWA_MIURA
久里浜港,シロギス,35.22484469,139.7157857,KANAGAWA_MIURA
久里浜港,アジ,35.22380263,139.7137865,KANAGAWA_MIURA
久里浜港,ハゼ,35.226445,139.715664,KANAGAWA_MIURA
久里浜港,マゴチ,35.225477,139.715148,KANAGAWA_MIURA
久里浜港,カレイ,35.226095,139.718016,KANAGAWA_MIURA
久留和港,アジ,35.246415,139.590977,KANAGAWA_MIURA
久留和港,イワシ,35.246564,139.591008,KANAGAWA_MIURA
久留和港,イワシ,35.246329,139.591167,KANAGAWA_MIURA
久留和港,アジ,35.246285,139.590818,KANAGAWA_MIURA
久留和港,アジ,35.246564,139.591258,KANAGAWA_MIURA
久留和港,カマス,35.246632,139.590697,KANAGAWA_MIURA
久留和港,カマス,35.24706,139.590856,KANAGAWA_MIURA
久留和港,カマス,35.247085,139.590522,KANAGAWA_MIURA
久留和港,クロダイ,35.247221,139.590849,KANAGAWA_MIURA
久留和港,メジナ,35.24719,139.591106,KANAGAWA_MIURA
久留和港,カサゴ,35.247264,139.590575,KANAGAWA_MIURA
久留和港,ソイ,35.247401,139.590575,KANAGAWA_MIURA
久留和港,メバル,35.247351,139.59031,KANAGAWA_MIURA
久留和港,シロギス,35.246923,139.591213,KANAGAWA_MIURA
久留和港,シロギス,35.246842,139.590757,KANAGAWA_MIURA
久留和港,シロギス,35.246495,139.590522,KANAGAWA_MIURA
久留和港,ウミタナゴ,35.2475,139.590333,KANAGAWA_MIURA
久留和港,メゴチ,35.246756,139.591455,KANAGAWA_MIURA
幸浦埋立地・長浜水路,クロダイ,35.36177774,139.6512911,KANAGAWA_MIURA
幸浦埋立地・長浜水路,クロダイ,35.358702,139.651996,KANAGAWA_MIURA
幸浦埋立地・長浜水路,カサゴ,35.360776,139.651288,KANAGAWA_MIURA
幸浦埋立地・長浜水路,カサゴ,35.359681,139.651449,KANAGAWA_MIURA
幸浦埋立地・長浜水路,クロダイ,35.357582,139.65267,KANAGAWA_MIURA
幸浦埋立地・長浜水路,メバル,35.359284,139.651912,KANAGAWA_MIURA
幸浦埋立地・長浜水路,メバル,35.36026819,139.651503,KANAGAWA_MIURA
幸浦埋立地・長浜水路,メバル,35.36133129,139.6514338,KANAGAWA_MIURA
幸浦埋立地・長浜水路,カサゴ,35.35816,139.652308,KANAGAWA_MIURA
幸浦埋立地・長浜水路,メバル,35.35709882,139.6533949,KANAGAWA_MIURA
幸浦埋立地・長浜水路,スズキ,35.358046,139.653257,KANAGAWA_MIURA
幸浦埋立地・長浜水路,スズキ,35.357626,139.65418,KANAGAWA_MIURA
幸浦埋立地・長浜水路,シロギス,35.359079,139.653214,KANAGAWA_MIURA
幸浦埋立地・長浜水路,シロギス,35.360953,139.652485,KANAGAWA_MIURA
幸浦埋立地・長浜水路,カレイ,35.360078,139.652785,KANAGAWA_MIURA
幸浦埋立地・長浜水路,アイナメ,35.360586,139.653257,KANAGAWA_MIURA
幸浦埋立地・長浜水路,カレイ,35.358501,139.654137,KANAGAWA_MIURA
幸浦埋立地・長浜水路,アイナメ,35.359584,139.653622,KANAGAWA_MIURA
幸浦埋立地・長浜水路,フッコ,35.357215,139.65068,KANAGAWA_MIURA
幸浦埋立地・長浜水路,フッコ,35.356694,139.649296,KANAGAWA_MIURA
幸浦埋立地・長浜水路,スズキ,35.356572,139.648952,KANAGAWA_MIURA
幸浦埋立地・長浜水路,スズキ,35.357058,139.65024,KANAGAWA_MIURA
江ノ浦港,メジナ,35.19195,139.138683,KANAGAWA_SEISHO
江ノ浦港,メジナ,35.191814,139.138442,KANAGAWA_SEISHO
江ノ浦港,メジナ,35.192231,139.139574,KANAGAWA_SEISHO
江ノ浦港,メジナ,35.19206,139.139354,KANAGAWA_SEISHO
江ノ浦港,メジナ,35.191862,139.139204,KANAGAWA_SEISHO
江ノ浦港,カサゴ,35.191643,139.138936,KANAGAWA_SEISHO
江ノ浦港,カサゴ,35.192517,139.139268,KANAGAWA_SEISHO
江ノ浦港,クロダイ,35.192441871476,139.1391608119,KANAGAWA_SEISHO
江ノ浦港,クロダイ,35.192148162863,139.13864046335,KANAGAWA_SEISHO
江ノ浦港,クロダイ,35.1919687,139.1383508,KANAGAWA_SEISHO
江ノ浦港,イワシ,35.192187621779,139.13889795542,KANAGAWA_SEISHO
江ノ浦港,アオリイカ,35.192415479218,139.13894087076,KANAGAWA_SEISHO
江ノ浦港,イワシ,35.191885,139.138147,KANAGAWA_SEISHO
江ノ浦港,スズキ,35.192109,139.138388,KANAGAWA_SEISHO
江ノ浦港,スズキ,35.192661074016,139.13892477751,KANAGAWA_SEISHO
江ノ浦港,スズキ,35.19277947,139.1394505,KANAGAWA_SEISHO
江ノ浦港,スズキ,35.191806,139.139493,KANAGAWA_SEISHO
江ノ浦港,アオリイカ,35.191749,139.139198,KANAGAWA_SEISHO
江ノ浦港,アオリイカ,35.191955,139.139477,KANAGAWA_SEISHO
江ノ浦港,ヤリイカ,35.192758,139.13915,KANAGAWA_SEISHO
江ノ浦港,ヤリイカ,35.192613,139.139569,KANAGAWA_SEISHO
江ノ浦港,イナダ,35.192433,139.139831,KANAGAWA_SEISHO
江ノ浦港,イナダ,35.192937,139.139252,KANAGAWA_SEISHO
江ノ島,シロギス,35.3028237,139.4828993,KANAGAWA_SEISHO
江ノ島,シロギス,35.302579,139.483404,KANAGAWA_SEISHO
江ノ島,シロギス,35.302386,139.483854,KANAGAWA_SEISHO
江ノ島,イシモチ,35.30266611,139.4830388,KANAGAWA_SEISHO
江ノ島,イシモチ,35.302447,139.4835,KANAGAWA_SEISHO
江ノ島,クロダイ,35.301638,139.478986,KANAGAWA_SEISHO
江ノ島,キビレ,35.30176383,139.478884,KANAGAWA_SEISHO
江ノ島,シロギス,35.30188246,139.4789645,KANAGAWA_SEISHO
江ノ島,シロギス,35.30178615,139.47853,KANAGAWA_SEISHO
江ノ島,イシモチ,35.302142,139.47897,KANAGAWA_SEISHO
江ノ島,イシモチ,35.30199646,139.4786695,KANAGAWA_SEISHO
江ノ島,クロダイ,35.301519,139.478814,KANAGAWA_SEISHO
江ノ島,キビレ,35.306398,139.481926,KANAGAWA_SEISHO
江ノ島,キビレ,35.30532,139.480895,KANAGAWA_SEISHO
江ノ島,キビレ,35.305865,139.48138,KANAGAWA_SEISHO
江ノ島,キビレ,35.304875,139.480242,KANAGAWA_SEISHO
江ノ島,ウナギ,35.306003,139.482199,KANAGAWA_SEISHO
江ノ島,ウナギ,35.305519,139.481365,KANAGAWA_SEISHO
江ノ島,キビレ,35.305767,139.481866,KANAGAWA_SEISHO
江ノ島,クロダイ,35.304677,139.481183,KANAGAWA_SEISHO
江ノ島,シタビラメ,35.304441,139.480773,KANAGAWA_SEISHO
江ノ島,イシモチ,35.304466,139.479939,KANAGAWA_SEISHO
江ノ島,シタビラメ,35.304974,139.479468,KANAGAWA_SEISHO
江ノ島,シロギス,35.304144,139.480303,KANAGAWA_SEISHO
江ノ島,シロギス,35.304652,139.479332,KANAGAWA_SEISHO
江ノ島,キビレ,35.305141,139.481278,KANAGAWA_SEISHO
国府津海岸,シロギス,35.27746188,139.2092737,KANAGAWA_SEISHO
国府津海岸,シロギス,35.27725123,139.2087427,KANAGAWA_SEISHO
国府津海岸,シロギス,35.276688,139.207571,KANAGAWA_SEISHO
国府津海岸,シロギス,35.276998,139.208147,KANAGAWA_SEISHO
国府津海岸,カワハギ,35.276799,139.208705,KANAGAWA_SEISHO
国府津海岸,マダイ,35.276669,139.208447,KANAGAWA_SEISHO
国府津海岸,シロギス,35.277679,139.209714,KANAGAWA_SEISHO
腰越港,ウミタナゴ,35.30545067,139.4911324,KANAGAWA_SEISHO
腰越港,ウミタナゴ,35.30637,139.491729,KANAGAWA_SEISHO
腰越港,クロダイ,35.305166,139.490685,KANAGAWA_SEISHO
腰越港,クロダイ,35.30493052,139.4907152,KANAGAWA_SEISHO
腰越港,クロダイ,35.305563,139.491975,KANAGAWA_SEISHO
腰越港,カサゴ,35.305891,139.491808,KANAGAWA_SEISHO
腰越港,カサゴ,35.304967,139.490343,KANAGAWA_SEISHO
腰越港,アジ,35.305259,139.491883,KANAGAWA_SEISHO
腰越港,アジ,35.305525,139.491497,KANAGAWA_SEISHO
腰越港,アジ,35.305742,139.491239,KANAGAWA_SEISHO
腰越港,アジ,35.305507,139.490601,KANAGAWA_SEISHO
腰越港,アジ,35.306039,139.490806,KANAGAWA_SEISHO
腰越港,アジ,35.30522161,139.4902524,KANAGAWA_SEISHO
腰越港,シロギス,35.30522777,139.4911628,KANAGAWA_SEISHO
腰越港,シロギス,35.305878,139.490389,KANAGAWA_SEISHO
腰越港,シロギス,35.306349,139.490677,KANAGAWA_SEISHO
腰越港,シロギス,35.305048,139.489911,KANAGAWA_SEISHO
腰越港,シロギス,35.306139,139.491603,KANAGAWA_SEISHO
腰越港,サバ,35.305928,139.491459,KANAGAWA_SEISHO
腰越港,イシモチ,35.30617,139.490343,KANAGAWA_SEISHO
腰越港,イシモチ,35.305333,139.491481,KANAGAWA_SEISHO
腰越港,スズキ,35.305364,139.489987,KANAGAWA_SEISHO
腰越港,スズキ,35.305687,139.49007,KANAGAWA_SEISHO
腰越港,メジナ,35.30534,139.490617,KANAGAWA_SEISHO
腰越港,メジナ,35.305637,139.491352,KANAGAWA_SEISHO
腰越港,イシモチ,35.30574,139.495999,KANAGAWA_SEISHO
腰越港,イシモチ,35.305819,139.496697,KANAGAWA_SEISHO
腰越港,シロギス,35.305424,139.496439,KANAGAWA_SEISHO
腰越港,シロギス,35.305118,139.495806,KANAGAWA_SEISHO
根岸港,アジ,35.40578999,139.6353543,KANAGAWA_YOKOHAMA
根岸港,アジ,35.405196378085,139.63083280614,KANAGAWA_YOKOHAMA
根岸港,アジ,35.405630691688,139.63323175907,KANAGAWA_YOKOHAMA
根岸港,アジ,35.406298,139.629979,KANAGAWA_YOKOHAMA
根岸港,アジ,35.408448820583,139.62842032053,KANAGAWA_YOKOHAMA
根岸港,メバル,35.408747,139.628318,KANAGAWA_YOKOHAMA
根岸港,メバル,35.406532,139.630088,KANAGAWA_YOKOHAMA
根岸港,メバル,35.40502789,139.6313542,KANAGAWA_YOKOHAMA
根岸港,アオリイカ,35.40515907,139.6322769,KANAGAWA_YOKOHAMA
根岸港,メジナ,35.406139,139.630292,KANAGAWA_YOKOHAMA
根岸港,メジナ,35.405605,139.634723,KANAGAWA_YOKOHAMA
根岸港,アオリイカ,35.40593841,139.6347778,KANAGAWA_YOKOHAMA
根岸港,クロダイ,35.40546232,139.633856,KANAGAWA_YOKOHAMA
根岸港,クロダイ,35.409346,139.628553,KANAGAWA_YOKOHAMA
根岸港,ハゼ,35.40586419,139.6337157,KANAGAWA_YOKOHAMA
根岸港,ハゼ,35.40554242,139.6325473,KANAGAWA_YOKOHAMA
根岸港,ハゼ,35.405505633302,139.63121212777,KANAGAWA_YOKOHAMA
根岸港,ハゼ,35.406397,139.630499,KANAGAWA_YOKOHAMA
根岸港,ハゼ,35.408498396855,139.62893619795,KANAGAWA_YOKOHAMA
根岸港,ハゼ,35.409095,139.628178,KANAGAWA_YOKOHAMA
根岸港,スズキ,35.408922,139.628739,KANAGAWA_YOKOHAMA
根岸港,スズキ,35.406866,139.630423,KANAGAWA_YOKOHAMA
根岸港,スズキ,35.406297276378,139.6325625128,KANAGAWA_YOKOHAMA
根岸港,カレイ,35.405827224215,139.63195559818,KANAGAWA_YOKOHAMA
根岸港,カレイ,35.406243495517,139.63523805141,KANAGAWA_YOKOHAMA
根岸港,サヨリ,35.406208332584,139.63429391384,KANAGAWA_YOKOHAMA
根岸港,ヒイカ,35.405864294949,139.63078728754,KANAGAWA_YOKOHAMA
根岸港,サヨリ,35.406062,139.631242,KANAGAWA_YOKOHAMA
根岸港,アナゴ,35.406767,139.631076,KANAGAWA_YOKOHAMA
根岸港,シロギス,35.406408,139.631789,KANAGAWA_YOKOHAMA
根岸港,イシモチ,35.406593140917,139.63472306728,KANAGAWA_YOKOHAMA
根岸港,イシモチ,35.40635719064,139.63369309902,KANAGAWA_YOKOHAMA
根岸港,イシモチ,35.405938496463,139.63285079724,KANAGAWA_YOKOHAMA
佐島港,カレイ,35.22215057,139.6119162,KANAGAWA_MIURA
佐島港,カレイ,35.222502,139.609513,KANAGAWA_MIURA
佐島港,カレイ,35.221945,139.608011,KANAGAWA_MIURA
佐島港,アナゴ,35.22212,139.608172,KANAGAWA_MIURA
佐島港,アナゴ,35.22137,139.608134,KANAGAWA_MIURA
佐島港,アナゴ,35.22194443,139.6089175,KANAGAWA_MIURA
佐島港,アナゴ,35.222927,139.60939,KANAGAWA_MIURA
佐島港,アナゴ,35.222291,139.609915,KANAGAWA_MIURA
佐島港,シロギス,35.22196213,139.6116373,KANAGAWA_MIURA
佐島港,シロギス,35.222721,139.609433,KANAGAWA_MIURA
佐島港,シロギス,35.222304,139.609315,KANAGAWA_MIURA
佐島港,シロギス,35.22203231,139.6094003,KANAGAWA_MIURA
佐島港,シロギス,35.221721,139.60896,KANAGAWA_MIURA
佐島港,シロギス,35.221664,139.60777,KANAGAWA_MIURA
佐島港,ハゼ,35.221681,139.608054,KANAGAWA_MIURA
佐島港,ハゼ,35.221668,139.60859,KANAGAWA_MIURA
佐島港,ハゼ,35.22212425,139.6091321,KANAGAWA_MIURA
佐島港,シロギス,35.221432,139.60851,KANAGAWA_MIURA
佐島港,ハゼ,35.22205,139.610822,KANAGAWA_MIURA
佐島港,ハゼ,35.222239,139.610398,KANAGAWA_MIURA
佐島港,カレイ,35.221801,139.610741,KANAGAWA_MIURA
佐島港,クロダイ,35.222392,139.611863,KANAGAWA_MIURA
佐島港,メバル,35.222624,139.611771,KANAGAWA_MIURA
佐島港,メゴチ,35.221734,139.611208,KANAGAWA_MIURA
三崎港,ウナギ,35.142224,139.622739,KANAGAWA_MIURA
三崎港,ハゼ,35.14168651,139.622342,KANAGAWA_MIURA
三崎港,ハゼ,35.14115993,139.6219558,KANAGAWA_MIURA
三崎港,ボラ,35.14143213,139.6221489,KANAGAWA_MIURA
三崎港,メバル,35.14196721,139.6225137,KANAGAWA_MIURA
三崎港,イワシ,35.14087943,139.6219236,KANAGAWA_MIURA
三崎港,メバル,35.139704,139.620454,KANAGAWA_MIURA
三崎港,ハゼ,35.140422,139.621409,KANAGAWA_MIURA
三崎港,メゴチ,35.140027,139.621183,KANAGAWA_MIURA
三崎港,シロギス,35.13967732,139.6210545,KANAGAWA_MIURA
三崎港,イワシ,35.139426030714,139.62127010768,KANAGAWA_MIURA
三崎港,アジ,35.138985396477,139.62145218206,KANAGAWA_MIURA
三崎港,アジ,35.138931,139.619917,KANAGAWA_MIURA
三崎港,アジ,35.13857173555,139.6183937788,KANAGAWA_MIURA
三崎港,アジ,35.139150857625,139.61684882641,KANAGAWA_MIURA
三崎港,アジ,35.140076780912,139.61656183004,KANAGAWA_MIURA
三崎港,アジ,35.139749,139.61583,KANAGAWA_MIURA
三崎港,アジ,35.139485,139.613534,KANAGAWA_MIURA
三崎港,アジ,35.139608,139.614145,KANAGAWA_MIURA
三崎港,イワシ,35.1405,139.617219,KANAGAWA_MIURA
三崎港,イワシ,35.139234,139.615269,KANAGAWA_MIURA
三崎港,イワシ,35.14019502,139.6145636,KANAGAWA_MIURA
三崎港,イワシ,35.140488,139.614109,KANAGAWA_MIURA
三崎港,イワシ,35.140463,139.612508,KANAGAWA_MIURA
三崎港,イワシ,35.141952,139.612113,KANAGAWA_MIURA
三崎港,イワシ,35.141629,139.611484,KANAGAWA_MIURA
三崎港,アジ,35.141108,139.612811,KANAGAWA_MIURA
三崎港,アジ,35.141368,139.611195,KANAGAWA_MIURA
三崎港,カサゴ,35.141077,139.610877,KANAGAWA_MIURA
三崎港,クロダイ,35.141114,139.611264,KANAGAWA_MIURA
三崎港,クロダイ,35.140828,139.610717,KANAGAWA_MIURA
三崎港,クロダイ,35.1402916,139.6129757,KANAGAWA_MIURA
三崎港,クロダイ,35.139332,139.613304,KANAGAWA_MIURA
三崎港,メジナ,35.141591,139.612925,KANAGAWA_MIURA
三崎港,クロダイ,35.139646811903,139.61663156748,KANAGAWA_MIURA
三崎港,カワハギ,35.14013227,139.6123523,KANAGAWA_MIURA
三崎港,カワハギ,35.139335159374,139.61661279202,KANAGAWA_MIURA
三崎港,カワハギ,35.138408,139.619104,KANAGAWA_MIURA
三崎港,カワハギ,35.138848921312,139.62191495446,KANAGAWA_MIURA
三崎港,アイナメ,35.138606,139.61959,KANAGAWA_MIURA
三崎港,ハゼ,35.140309,139.616657,KANAGAWA_MIURA
三崎港,ハゼ,35.14062322,139.6146623,KANAGAWA_MIURA
三崎港,メバル,35.14067256986,139.61683963096,KANAGAWA_MIURA
三崎港,メバル,35.140906,139.614692,KANAGAWA_MIURA
三崎港,メバル,35.140009038342,139.61375953927,KANAGAWA_MIURA
三崎港,メバル,35.13943155,139.6158081,KANAGAWA_MIURA
三崎港,シロギス,35.138193,139.621414,KANAGAWA_MIURA
三崎港,シロギス,35.137596,139.619569,KANAGAWA_MIURA
三崎港,シロギス,35.138386,139.61605,KANAGAWA_MIURA
三崎港,シロギス,35.138719,139.614075,KANAGAWA_MIURA
三崎港,カレイ,35.13788,139.620513,KANAGAWA_MIURA
三崎港,サバ,35.139292,139.620272,KANAGAWA_MIURA
三崎港,サバ,35.138896494562,139.61748182774,KANAGAWA_MIURA
三崎港,カレイ,35.138893,139.616024,KANAGAWA_MIURA
三崎港,カレイ,35.139079,139.613794,KANAGAWA_MIURA
三崎港,アオリイカ,35.140009083563,139.61279606232,KANAGAWA_MIURA
三崎港,アオリイカ,35.140841,139.611912,KANAGAWA_MIURA
三崎港,アオリイカ,35.138861385926,139.6169346571,KANAGAWA_MIURA
三崎港,アオリイカ,35.138792,139.620652,KANAGAWA_MIURA
三崎港,アオリイカ,35.138507,139.622033,KANAGAWA_MIURA
三崎港,ウミタナゴ,35.13837,139.620455,KANAGAWA_MIURA
山下公園,クロダイ,35.445522,139.651707,KANAGAWA_YOKOHAMA
山下公園,メバル,35.4458,139.651889,KANAGAWA_YOKOHAMA
山下公園,メバル,35.446072,139.650493,KANAGAWA_YOKOHAMA
山下公園,メバル,35.446461,139.649932,KANAGAWA_YOKOHAMA
山下公園,メバル,35.448223,139.646738,KANAGAWA_YOKOHAMA
山下公園,メバル,35.44770062,139.6478471,KANAGAWA_YOKOHAMA
山下公園,メバル,35.44781397,139.6473911,KANAGAWA_YOKOHAMA
山下公園,メバル,35.447171,139.649112,KANAGAWA_YOKOHAMA
山下公園,アイナメ,35.446368,139.650311,KANAGAWA_YOKOHAMA
山下公園,アイナメ,35.446808,139.649522,KANAGAWA_YOKOHAMA
山下公園,アイナメ,35.447995,139.647056,KANAGAWA_YOKOHAMA
山下公園,アイナメ,35.44753,139.648035,KANAGAWA_YOKOHAMA
山下公園,サヨリ,35.447639,139.648724,KANAGAWA_YOKOHAMA
山下公園,カレイ,35.44859168,139.6469539,KANAGAWA_YOKOHAMA
山下公園,カレイ,35.44673,139.650698,KANAGAWA_YOKOHAMA
山下公園,アナゴ,35.44828572,139.6472651,KANAGAWA_YOKOHAMA
山下公園,アナゴ,35.448024,139.648424,KANAGAWA_YOKOHAMA
山下公園,アナゴ,35.446703,139.650205,KANAGAWA_YOKOHAMA
山下公園,スズキ,35.44708,139.650258,KANAGAWA_YOKOHAMA
山下公園,スズキ,35.448094,139.647802,KANAGAWA_YOKOHAMA
山下公園,アジ,35.447722,139.648196,KANAGAWA_YOKOHAMA
小田原早川港,メジナ,35.239562,139.147808,KANAGAWA_SEISHO
小田原早川港,メジナ,35.238855,139.148628,KANAGAWA_SEISHO
小田原早川港,メジナ,35.238533,139.148294,KANAGAWA_SEISHO
小田原早川港,クロダイ,35.238663,139.148408,KANAGAWA_SEISHO
小田原早川港,クロダイ,35.238973,139.149106,KANAGAWA_SEISHO
小田原早川港,イワシ,35.238131,139.14818,KANAGAWA_SEISHO
小田原早川港,イワシ,35.2376406,139.14776,KANAGAWA_SEISHO
小田原早川港,イワシ,35.240146,139.148423,KANAGAWA_SEISHO
小田原早川港,イワシ,35.239842,139.148127,KANAGAWA_SEISHO
小田原早川港,イワシ,35.240673,139.147687,KANAGAWA_SEISHO
小田原早川港,イワシ,35.239172,139.148377,KANAGAWA_SEISHO
小田原早川港,イワシ,35.239092,139.147581,KANAGAWA_SEISHO
小田原早川港,アジ,35.239216,139.147763,KANAGAWA_SEISHO
小田原早川港,アジ,35.239284,139.148112,KANAGAWA_SEISHO
小田原早川港,アジ,35.238316,139.148112,KANAGAWA_SEISHO
小田原早川港,アジ,35.238843,139.148908,KANAGAWA_SEISHO
小田原早川港,アジ,35.238372,139.148423,KANAGAWA_SEISHO
小田原早川港,アジ,35.23782,139.147733,KANAGAWA_SEISHO
小田原早川港,アジ,35.23898,139.148135,KANAGAWA_SEISHO
小田原早川港,メバル,35.237592,139.147467,KANAGAWA_SEISHO
小田原早川港,メバル,35.2381,139.147877,KANAGAWA_SEISHO
小田原早川港,メバル,35.239111,139.14796,KANAGAWA_SEISHO
小田原早川港,メバル,35.239365,139.147406,KANAGAWA_SEISHO
小田原早川港,メバル,35.240623,139.14793,KANAGAWA_SEISHO
小田原早川港,マゴチ,35.23867,139.148954,KANAGAWA_SEISHO
小田原早川港,スズキ,35.238497,139.148742,KANAGAWA_SEISHO
小田原早川港,スズキ,35.239365,139.147869,KANAGAWA_SEISHO
小田原早川港,ハゼ,35.237344,139.147505,KANAGAWA_SEISHO
小田原早川港,ハゼ,35.239718,139.147057,KANAGAWA_SEISHO
小田原早川港,アオリイカ,35.238757,139.149402,KANAGAWA_SEISHO
城ヶ島黒島堤防,カサゴ,35.13205,139.626345,KANAGAWA_MIURA
城ヶ島黒島堤防,カサゴ,35.133664,139.627195,KANAGAWA_MIURA
城ヶ島黒島堤防,カサゴ,35.13286814,139.6267779,KANAGAWA_MIURA
城ヶ島黒島堤防,クロダイ,35.13261452,139.6266469,KANAGAWA_MIURA
城ヶ島黒島堤防,クロダイ,35.133154,139.626922,KANAGAWA_MIURA
城ヶ島黒島堤防,アイナメ,35.133402,139.627074,KANAGAWA_MIURA
城ヶ島黒島堤防,アイナメ,35.13233812,139.6264914,KANAGAWA_MIURA
城ヶ島黒島堤防,クロダイ,35.132211,139.626824,KANAGAWA_MIURA
城ヶ島黒島堤防,ウミタナゴ,35.13196078,139.6266201,KANAGAWA_MIURA
城ヶ島黒島堤防,メバル,35.132101,139.626636,KANAGAWA_MIURA
城ヶ島黒島堤防,メジナ,35.131895,139.626266,KANAGAWA_MIURA
城ヶ島黒島堤防,メジナ,35.132997,139.626937,KANAGAWA_MIURA
城ヶ島黒島堤防,メジナ,35.133782,139.627457,KANAGAWA_MIURA
城ヶ島黒島堤防,カワハギ,35.134159,139.62765,KANAGAWA_MIURA
城ヶ島黒島堤防,クロダイ,35.13395258,139.627575,KANAGAWA_MIURA
城ヶ島黒島堤防,メバル,35.133808,139.627693,KANAGAWA_MIURA
城ヶ島黒島堤防,メバル,35.133514,139.62728,KANAGAWA_MIURA
城ヶ島黒島堤防,カワハギ,35.133632,139.627489,KANAGAWA_MIURA
城ヶ島黒島堤防,アジ,35.133326,139.627371,KANAGAWA_MIURA
城ヶ島黒島堤防,アジ,35.132514,139.627478,KANAGAWA_MIURA
城ヶ島黒島堤防,アオリイカ,35.132312,139.627226,KANAGAWA_MIURA
城ヶ島黒島堤防,アオリイカ,35.132812,139.627816,KANAGAWA_MIURA
城ヶ島黒島堤防,アオリイカ,35.13403596,139.6278217,KANAGAWA_MIURA
城ヶ島黒島堤防,シロギス,35.133084,139.627591,KANAGAWA_MIURA
城ヶ島黒島堤防,カワハギ,35.132465,139.627216,KANAGAWA_MIURA
城ヶ島黒島堤防,シロギス,35.132062,139.627039,KANAGAWA_MIURA
城ヶ島黒島堤防,ソウダガツオ,35.133369,139.627693,KANAGAWA_MIURA
城ヶ島黒島堤防,イナダ,35.133185,139.627875,KANAGAWA_MIURA
城ヶ島黒島堤防,イナダ,35.133795,139.628026,KANAGAWA_MIURA
城ヶ島黒島堤防,サバ,35.133576,139.627849,KANAGAWA_MIURA
城ヶ島黒島堤防,マゴチ,35.134489,139.627162,KANAGAWA_MIURA
城ヶ島黒島堤防,メジナ,35.13423765,139.6269903,KANAGAWA_MIURA
城ヶ島黒島堤防,メジナ,35.134339,139.627409,KANAGAWA_MIURA
城ヶ島黒島堤防,カレイ,35.13460184,139.6274087,KANAGAWA_MIURA
城ヶ島黒島堤防,ウミタナゴ,35.13429039,139.6271995,KANAGAWA_MIURA
城ヶ島黒島堤防,アオリイカ,35.134475,139.627425,KANAGAWA_MIURA
城ヶ島黒島堤防,アナゴ,35.13469,139.627226,KANAGAWA_MIURA
深浦湾,ハゼ,35.3115,139.637126,KANAGAWA_MIURA
深浦湾,ハゼ,35.311265,139.637793,KANAGAWA_MIURA
深浦湾,ハゼ,35.310887,139.638279,KANAGAWA_MIURA
深浦湾,ハゼ,35.310546,139.638598,KANAGAWA_MIURA
深浦湾,ハゼ,35.310677,139.637149,KANAGAWA_MIURA
深浦湾,メバル,35.310757,139.636944,KANAGAWA_MIURA
深浦湾,メバル,35.311315,139.637384,KANAGAWA_MIURA
深浦湾,メバル,35.311073,139.637991,KANAGAWA_MIURA
深浦湾,メバル,35.31072,139.638453,KANAGAWA_MIURA
深浦湾,スズキ,35.31088013,139.6378844,KANAGAWA_MIURA
深浦湾,カレイ,35.31058905,139.6381499,KANAGAWA_MIURA
深浦湾,アナゴ,35.31067577,139.6377706,KANAGAWA_MIURA
深浦湾,メバル,35.30924613,139.6396181,KANAGAWA_MIURA
深浦湾,メバル,35.308181,139.640452,KANAGAWA_MIURA
深浦湾,メバル,35.308602,139.639905,KANAGAWA_MIURA
深浦湾,メバル,35.307848,139.641332,KANAGAWA_MIURA
深浦湾,スズキ,35.30876863,139.6394759,KANAGAWA_MIURA
深浦湾,スズキ,35.307919,139.640742,KANAGAWA_MIURA
深浦湾,アイナメ,35.30749038,139.641332,KANAGAWA_MIURA
深浦湾,アイナメ,35.30834,139.639927,KANAGAWA_MIURA
深浦湾,アナゴ,35.309181,139.638939,KANAGAWA_MIURA
深浦湾,アナゴ,35.307779,139.640366,KANAGAWA_MIURA
深浦湾,カレイ,35.307639,139.640849,KANAGAWA_MIURA
深浦湾,カレイ,35.308936,139.639154,KANAGAWA_MIURA
深浦湾,ハゼ,35.308914,139.639736,KANAGAWA_MIURA
深浦湾,ハゼ,35.30910594,139.6393338,KANAGAWA_MIURA
逗子海岸,スズキ,35.28779,139.574379,KANAGAWA_MIURA
逗子海岸,カイズ,35.28840092,139.5751083,KANAGAWA_MIURA
逗子海岸,キビレ,35.28806813,139.574765,KANAGAWA_MIURA
逗子海岸,フッコ,35.28873375,139.5753658,KANAGAWA_MIURA
逗子海岸,キビレ,35.287506,139.573756,KANAGAWA_MIURA
逗子海岸,カイズ,35.287341,139.57315,KANAGAWA_MIURA
逗子海岸,クロダイ,35.287193,139.572378,KANAGAWA_MIURA
逗子海岸,スズキ,35.287325,139.571401,KANAGAWA_MIURA
逗子海岸,シロギス,35.287649,139.571734,KANAGAWA_MIURA
逗子海岸,シロギス,35.288192,139.572431,KANAGAWA_MIURA
逗子海岸,シロギス,35.289051,139.572571,KANAGAWA_MIURA
逗子海岸,シロギス,35.289945,139.572378,KANAGAWA_MIURA
逗子海岸,シロギス,35.290808,139.571826,KANAGAWA_MIURA
逗子海岸,シロギス,35.288602,139.571734,KANAGAWA_MIURA
逗子海岸,シロギス,35.289804,139.571431,KANAGAWA_MIURA
水江町公園,アジ,35.503732,139.741719,KANAGAWA_YOKOHAMA
水江町公園,イワシ,35.503597,139.741386,KANAGAWA_YOKOHAMA
水江町公園,アジ,35.50358766,139.7409144,KANAGAWA_YOKOHAMA
水江町公園,アジ,35.50402,139.741993,KANAGAWA_YOKOHAMA
水江町公園,イワシ,35.504143,139.742229,KANAGAWA_YOKOHAMA
水江町公園,イワシ,35.50347852,139.7406301,KANAGAWA_YOKOHAMA
水江町公園,アジ,35.50336497,139.7403458,KANAGAWA_YOKOHAMA
水江町公園,イワシ,35.503226,139.740036,KANAGAWA_YOKOHAMA
水江町公園,メバル,35.503854,139.742009,KANAGAWA_YOKOHAMA
水江町公園,カサゴ,35.503479,139.741124,KANAGAWA_YOKOHAMA
水江町公園,サバ,35.503885,139.742368,KANAGAWA_YOKOHAMA
水江町公園,シロギス,35.503662,139.742213,KANAGAWA_YOKOHAMA
水江町公園,シロギス,35.503286,139.74114,KANAGAWA_YOKOHAMA
水江町公園,シロギス,35.502902,139.740357,KANAGAWA_YOKOHAMA
水江町公園,カレイ,35.503427,139.74218,KANAGAWA_YOKOHAMA
水江町公園,カレイ,35.502985,139.740904,KANAGAWA_YOKOHAMA
水江町公園,マゴチ,35.503129,139.740528,KANAGAWA_YOKOHAMA
水江町公園,スズキ,35.503308,139.740796,KANAGAWA_YOKOHAMA
水江町公園,アジ,35.503022,139.739967,KANAGAWA_YOKOHAMA
水江町公園,イシモチ,35.503461,139.741629,KANAGAWA_YOKOHAMA
杉田臨海緑地,フッコ,35.38584,139.627741,KANAGAWA_YOKOHAMA
杉田臨海緑地,フッコ,35.38513134,139.628208,KANAGAWA_YOKOHAMA
杉田臨海緑地,フッコ,35.38547668,139.627988,KANAGAWA_YOKOHAMA
杉田臨海緑地,アナゴ,35.385783,139.628165,KANAGAWA_YOKOHAMA
杉田臨海緑地,アナゴ,35.385415,139.628396,KANAGAWA_YOKOHAMA
杉田臨海緑地,カレイ,35.386103,139.628042,KANAGAWA_YOKOHAMA
杉田臨海緑地,カレイ,35.38568558,139.6286365,KANAGAWA_YOKOHAMA
杉田臨海緑地,カレイ,35.385162,139.628782,KANAGAWA_YOKOHAMA
赤レンガ・象の鼻パーク,ハゼ,35.449745,139.644883,KANAGAWA_YOKOHAMA
赤レンガ・象の鼻パーク,ハゼ,35.44998986,139.6455485,KANAGAWA_YOKOHAMA
赤レンガ・象の鼻パーク,ハゼ,35.45026098,139.644894,KANAGAWA_YOKOHAMA
赤レンガ・象の鼻パーク,ハゼ,35.450086,139.644207,KANAGAWA_YOKOHAMA
赤レンガ・象の鼻パーク,ハゼ,35.44992,139.644368,KANAGAWA_YOKOHAMA
赤レンガ・象の鼻パーク,セイゴ,35.449693,139.644529,KANAGAWA_YOKOHAMA
赤レンガ・象の鼻パーク,クロダイ,35.45009483,139.6451327,KANAGAWA_YOKOHAMA
赤レンガ・象の鼻パーク,メバル,35.450252,139.644486,KANAGAWA_YOKOHAMA
赤レンガ・象の鼻パーク,フッコ,35.450488,139.644347,KANAGAWA_YOKOHAMA
赤レンガ・象の鼻パーク,メバル,35.450762834125,139.64478046271,KANAGAWA_YOKOHAMA
赤レンガ・象の鼻パーク,メバル,35.450781058837,139.64429493102,KANAGAWA_YOKOHAMA
赤レンガ・象の鼻パーク,メバル,35.4514,139.644978,KANAGAWA_YOKOHAMA
赤レンガ・象の鼻パーク,メバル,35.453488,139.644371,KANAGAWA_YOKOHAMA
赤レンガ・象の鼻パーク,クロダイ,35.45296217,139.6445453,KANAGAWA_YOKOHAMA
赤レンガ・象の鼻パーク,アイナメ,35.451745,139.644887,KANAGAWA_YOKOHAMA
赤レンガ・象の鼻パーク,アイナメ,35.453866,139.644507,KANAGAWA_YOKOHAMA
赤レンガ・象の鼻パーク,アイナメ,35.452709,139.645129,KANAGAWA_YOKOHAMA
赤レンガ・象の鼻パーク,フッコ,35.451226,139.645281,KANAGAWA_YOKOHAMA
赤レンガ・象の鼻パーク,スズキ,35.452055,139.645122,KANAGAWA_YOKOHAMA
赤レンガ・象の鼻パーク,スズキ,35.453327,139.644902,KANAGAWA_YOKOHAMA
赤レンガ・象の鼻パーク,カレイ,35.453736,139.644955,KANAGAWA_YOKOHAMA
赤レンガ・象の鼻パーク,カレイ,35.451665,139.645296,KANAGAWA_YOKOHAMA
赤レンガ・象の鼻パーク,アナゴ,35.453112,139.645312,KANAGAWA_YOKOHAMA
赤レンガ・象の鼻パーク,ハゼ,35.450904779165,139.64500046926,KANAGAWA_YOKOHAMA
赤レンガ・象の鼻パーク,ハゼ,35.450898574133,139.64451493757,KANAGAWA_YOKOHAMA
川崎新堤・東扇島西公園,カサゴ,35.48510996,139.7452476,KANAGAWA_YOKOHAMA
川崎新堤・東扇島西公園,カサゴ,35.4869,139.742926,KANAGAWA_YOKOHAMA
川崎新堤・東扇島西公園,アイナメ,35.48491214,139.7458697,KANAGAWA_YOKOHAMA
川崎新堤・東扇島西公園,アイナメ,35.48672014,139.743205,KANAGAWA_YOKOHAMA
川崎新堤・東扇島西公園,アジ,35.48471421,139.7452514,KANAGAWA_YOKOHAMA
川崎新堤・東扇島西公園,アジ,35.486437,139.743159,KANAGAWA_YOKOHAMA
川崎新堤・東扇島西公園,アジ,35.485327,139.744597,KANAGAWA_YOKOHAMA
川崎新堤・東扇島西公園,メバル,35.485912,139.743835,KANAGAWA_YOKOHAMA
川崎新堤・東扇島西公園,メバル,35.484604,139.74593,KANAGAWA_YOKOHAMA
川崎新堤・東扇島西公園,コウイカ,35.486209,139.743503,KANAGAWA_YOKOHAMA
川崎新堤・東扇島西公園,メバル,35.485778,139.744398,KANAGAWA_YOKOHAMA
川崎新堤・東扇島西公園,サヨリ,35.48443134,139.7454366,KANAGAWA_YOKOHAMA
川崎新堤・東扇島西公園,サヨリ,35.486482,139.742441,KANAGAWA_YOKOHAMA
川崎新堤・東扇島西公園,サヨリ,35.487211,139.741439,KANAGAWA_YOKOHAMA
川崎新堤・東扇島西公園,サバ,35.484931,139.744618,KANAGAWA_YOKOHAMA
川崎新堤・東扇島西公園,スズキ,35.48536927,139.7436544,KANAGAWA_YOKOHAMA
川崎新堤・東扇島西公園,イワシ,35.48601,139.743009,KANAGAWA_YOKOHAMA
川崎新堤・東扇島西公園,イワシ,35.48462,139.744737,KANAGAWA_YOKOHAMA
川崎新堤・東扇島西公園,アジ,35.487153,139.742323,KANAGAWA_YOKOHAMA
川崎新堤・東扇島西公園,クロダイ,35.487721,139.741711,KANAGAWA_YOKOHAMA
川崎新堤・東扇島西公園,カワハギ,35.486925,139.741958,KANAGAWA_YOKOHAMA
川崎新堤・東扇島西公園,イワシ,35.487441,139.74199,KANAGAWA_YOKOHAMA
川崎新堤・東扇島西公園,メジナ,35.487948,139.741314,KANAGAWA_YOKOHAMA
川崎新堤・東扇島西公園,メジナ,35.487616,139.741142,KANAGAWA_YOKOHAMA
川崎新堤・東扇島西公園,サバ,35.485592,139.744113,KANAGAWA_YOKOHAMA
川崎新堤・東扇島西公園,シロギス,35.484974,139.743764,KANAGAWA_YOKOHAMA
川崎新堤・東扇島西公園,シロギス,35.486494,139.741489,KANAGAWA_YOKOHAMA
川崎新堤・東扇島西公園,スズキ,35.48552374,139.742873,KANAGAWA_YOKOHAMA
川崎新堤・東扇島西公園,マゴチ,35.485998,139.742232,KANAGAWA_YOKOHAMA
川崎新堤・東扇島西公園,カレイ,35.48692553,139.7411092,KANAGAWA_YOKOHAMA
川崎新堤・東扇島西公園,イナダ,35.483974,139.744629,KANAGAWA_YOKOHAMA
川崎新堤・東扇島西公園,イナダ,35.484308,139.743537,KANAGAWA_YOKOHAMA
川崎新堤・東扇島西公園,クロダイ,35.48077328,139.7505277,KANAGAWA_YOKOHAMA
川崎新堤・東扇島西公園,メバル,35.480427,139.750755,KANAGAWA_YOKOHAMA
川崎新堤・東扇島西公園,メバル,35.480984,139.750019,KANAGAWA_YOKOHAMA
川崎新堤・東扇島西公園,カサゴ,35.48136896,139.7507232,KANAGAWA_YOKOHAMA
川崎新堤・東扇島西公園,カサゴ,35.48244347,139.7532874,KANAGAWA_YOKOHAMA
川崎新堤・東扇島西公園,カサゴ,35.4821318,139.7542944,KANAGAWA_YOKOHAMA
川崎新堤・東扇島西公園,カサゴ,35.480756,139.751217,KANAGAWA_YOKOHAMA
川崎新堤・東扇島西公園,カサゴ,35.48142754,139.7526557,KANAGAWA_YOKOHAMA
川崎新堤・東扇島西公園,カサゴ,35.48304648,139.7560962,KANAGAWA_YOKOHAMA
川崎新堤・東扇島西公園,アイナメ,35.48195415,139.7522575,KANAGAWA_YOKOHAMA
川崎新堤・東扇島西公園,アイナメ,35.48176104,139.7534751,KANAGAWA_YOKOHAMA
川崎新堤・東扇島西公園,アイナメ,35.48257653,139.7551744,KANAGAWA_YOKOHAMA
川崎新堤・東扇島西公園,クロダイ,35.48357155,139.7561341,KANAGAWA_YOKOHAMA
川崎新堤・東扇島西公園,クロダイ,35.48282772,139.7542638,KANAGAWA_YOKOHAMA
川崎新堤・東扇島西公園,メバル,35.48177087,139.7513777,KANAGAWA_YOKOHAMA
川崎新堤・東扇島西公園,メバル,35.48109332,139.7519274,KANAGAWA_YOKOHAMA
川崎新堤・東扇島西公園,メバル,35.48318237,139.7552313,KANAGAWA_YOKOHAMA
川崎新堤・東扇島西公園,カレイ,35.481664,139.748908,KANAGAWA_YOKOHAMA
川崎新堤・東扇島西公園,イナダ,35.480402,139.749075,KANAGAWA_YOKOHAMA
川崎新堤・東扇島西公園,イナダ,35.479599,139.750304,KANAGAWA_YOKOHAMA
川崎新堤・東扇島西公園,フッコ,35.48067842,139.7524989,KANAGAWA_YOKOHAMA
川崎新堤・東扇島西公園,フッコ,35.481453,139.754052,KANAGAWA_YOKOHAMA
川崎新堤・東扇島西公園,フッコ,35.48217,139.750653,KANAGAWA_YOKOHAMA
川崎新堤・東扇島西公園,アジ,35.482426,139.751662,KANAGAWA_YOKOHAMA
川崎新堤・東扇島西公園,アジ,35.48256616,139.7560018,KANAGAWA_YOKOHAMA
川崎新堤・東扇島西公園,スズキ,35.48425181,139.754768,KANAGAWA_YOKOHAMA
川崎新堤・東扇島西公園,スズキ,35.48341315,139.7529978,KANAGAWA_YOKOHAMA
平塚新港・相模川河口,ハゼ,35.320781,139.365445,KANAGAWA_SEISHO
平塚新港・相模川河口,ハゼ,35.320343,139.365531,KANAGAWA_SEISHO
平塚新港・相模川河口,ハゼ,35.320308,139.366111,KANAGAWA_SEISHO
平塚新港・相模川河口,ウナギ,35.319099,139.369844,KANAGAWA_SEISHO
平塚新港・相模川河口,クロダイ,35.319484,139.369415,KANAGAWA_SEISHO
平塚新港・相模川河口,クロダイ,35.32022,139.367334,KANAGAWA_SEISHO
平塚新港・相模川河口,クロダイ,35.318223,139.367677,KANAGAWA_SEISHO
平塚新港・相模川河口,クロダイ,35.319239,139.367591,KANAGAWA_SEISHO
平塚新港・相模川河口,クロダイ,35.317504,139.367656,KANAGAWA_SEISHO
平塚新港・相模川河口,スズキ,35.318976,139.36905,KANAGAWA_SEISHO
平塚新港・相模川河口,スズキ,35.320027,139.369072,KANAGAWA_SEISHO
平塚新港・相模川河口,スズキ,35.31993931,139.3678272,KANAGAWA_SEISHO
平塚新港・相模川河口,スズキ,35.31892301,139.3679345,KANAGAWA_SEISHO
平塚新港・相模川河口,スズキ,35.317084,139.367934,KANAGAWA_SEISHO
平塚新港・相模川河口,イシモチ,35.317679,139.368364,KANAGAWA_SEISHO
平塚新港・相模川河口,イシモチ,35.318591,139.367656,KANAGAWA_SEISHO
平塚新港・相模川河口,イシモチ,35.319642,139.367613,KANAGAWA_SEISHO
平塚新港・相模川河口,メバル,35.314128,139.366277,KANAGAWA_SEISHO
平塚新港・相模川河口,メバル,35.312813,139.366213,KANAGAWA_SEISHO
平塚新港・相模川河口,カサゴ,35.312612,139.365805,KANAGAWA_SEISHO
平塚新港・相模川河口,メバル,35.312761,139.365601,KANAGAWA_SEISHO
平塚新港・相模川河口,メバル,35.313313,139.365193,KANAGAWA_SEISHO
平塚新港・相模川河口,メジナ,35.313628,139.365193,KANAGAWA_SEISHO
平塚新港・相模川河口,メジナ,35.312989,139.366288,KANAGAWA_SEISHO
平塚新港・相模川河口,メジナ,35.311527,139.363552,KANAGAWA_SEISHO
平塚新港・相模川河口,クロダイ,35.31172,139.363595,KANAGAWA_SEISHO
平塚新港・相模川河口,メバル,35.31218316,139.3647212,KANAGAWA_SEISHO
平塚新港・相模川河口,アジ,35.312375,139.365193,KANAGAWA_SEISHO
平塚新港・相模川河口,アジ,35.313944,139.365161,KANAGAWA_SEISHO
平塚新港・相模川河口,アジ,35.313707,139.366277,KANAGAWA_SEISHO
平塚新港・相模川河口,アジ,35.311947,139.364217,KANAGAWA_SEISHO
平塚新港・相模川河口,イシモチ,35.312174,139.364249,KANAGAWA_SEISHO
平塚新港・相模川河口,イシモチ,35.313752,139.36574,KANAGAWA_SEISHO
平塚新港・相模川河口,シロギス,35.313454,139.36573,KANAGAWA_SEISHO
平塚新港・相模川河口,シマダイ,35.31291,139.365537,KANAGAWA_SEISHO
平塚新港・相模川河口,セイゴ,35.31319,139.365558,KANAGAWA_SEISHO
平塚新港・相模川河口,カワハギ,35.312743,139.365236,KANAGAWA_SEISHO
平塚新港・相模川河口,ハゼ,35.314014,139.36574,KANAGAWA_SEISHO
平塚新港・相模川河口,アナゴ,35.313208,139.365976,KANAGAWA_SEISHO
平塚新港・相模川河口,ソウダガツオ,35.311991,139.363187,KANAGAWA_SEISHO
平塚新港・相模川河口,イシモチ,35.311701,139.363037,KANAGAWA_SEISHO
大磯港,スズキ,35.307879,139.319634,KANAGAWA_SEISHO
大磯港,スズキ,35.307661,139.320203,KANAGAWA_SEISHO
大磯港,シロギス,35.307828,139.319178,KANAGAWA_SEISHO
大磯港,イワシ,35.30742933,139.3197539,KANAGAWA_SEISHO
大磯港,イワシ,35.306992,139.319459,KANAGAWA_SEISHO
大磯港,イワシ,35.306045,139.318268,KANAGAWA_SEISHO
大磯港,イワシ,35.305983,139.317881,KANAGAWA_SEISHO
大磯港,クロダイ,35.306225,139.317509,KANAGAWA_SEISHO
大磯港,クロダイ,35.306931,139.31977,KANAGAWA_SEISHO
大磯港,クロダイ,35.307216,139.319376,KANAGAWA_SEISHO
大磯港,クロダイ,35.307074,139.320142,KANAGAWA_SEISHO
大磯港,ヒラメ,35.307365,139.320423,KANAGAWA_SEISHO
大磯港,コノシロ,35.307399,139.320076,KANAGAWA_SEISHO
大磯港,シロギス,35.307679,139.319834,KANAGAWA_SEISHO
大磯港,シロギス,35.30609,139.318708,KANAGAWA_SEISHO
大磯港,シロギス,35.306515,139.319078,KANAGAWA_SEISHO
大磯港,シロギス,35.305477,139.320572,KANAGAWA_SEISHO
大磯港,シロギス,35.305521,139.31981,KANAGAWA_SEISHO
大磯港,アジ,35.305284,139.320197,KANAGAWA_SEISHO
大磯港,アジ,35.305872,139.318126,KANAGAWA_SEISHO
大磯港,アジ,35.306248,139.318394,KANAGAWA_SEISHO
大磯港,ヒラメ,35.305896,139.320411,KANAGAWA_SEISHO
大磯港,ヒラメ,35.305677,139.320937,KANAGAWA_SEISHO
大黒海づり施設,アイナメ,35.44940889,139.6954992,KANAGAWA_YOKOHAMA
大黒海づり施設,イワシ,35.44801,139.694024,KANAGAWA_YOKOHAMA
大黒海づり施設,イワシ,35.448316,139.694378,KANAGAWA_YOKOHAMA
大黒海づり施設,イワシ,35.448351,139.693852,KANAGAWA_YOKOHAMA
大黒海づり施設,イワシ,35.448714,139.694206,KANAGAWA_YOKOHAMA
大黒海づり施設,イワシ,35.4491,139.694593,KANAGAWA_YOKOHAMA
大黒海づり施設,ハゼ,35.448596,139.693863,KANAGAWA_YOKOHAMA
大黒海づり施設,ハゼ,35.449458,139.694957,KANAGAWA_YOKOHAMA
大黒海づり施設,ハゼ,35.44791,139.694265,KANAGAWA_YOKOHAMA
大黒海づり施設,アジ,35.44815,139.694233,KANAGAWA_YOKOHAMA
大黒海づり施設,アジ,35.448951,139.695392,KANAGAWA_YOKOHAMA
大黒海づり施設,アジ,35.448596,139.694952,KANAGAWA_YOKOHAMA
大黒海づり施設,イワシ,35.44858715,139.6946688,KANAGAWA_YOKOHAMA
大黒海づり施設,ソイ,35.449169,139.695231,KANAGAWA_YOKOHAMA
大黒海づり施設,コノシロ,35.448865,139.694995,KANAGAWA_YOKOHAMA
大黒海づり施設,ウミタナゴ,35.448977,139.694191,KANAGAWA_YOKOHAMA
大黒海づり施設,メジナ,35.449348,139.694593,KANAGAWA_YOKOHAMA
大黒海づり施設,イシモチ,35.449286,139.694062,KANAGAWA_YOKOHAMA
大黒海づり施設,イワシ,35.448686,139.695336,KANAGAWA_YOKOHAMA
大黒海づり施設,カレイ,35.448216,139.693394,KANAGAWA_YOKOHAMA
大黒海づり施設,カレイ,35.4486,139.693379,KANAGAWA_YOKOHAMA
大黒海づり施設,シロギス,35.448983,139.693546,KANAGAWA_YOKOHAMA
大黒海づり施設,カサゴ,35.448198,139.694692,KANAGAWA_YOKOHAMA
大黒海づり施設,フッコ,35.449169,139.695602,KANAGAWA_YOKOHAMA
大黒海づり施設,サバ,35.447907,139.694669,KANAGAWA_YOKOHAMA
大津港新堤防,ギンポ,35.265037295015,139.69621270895,KANAGAWA_MIURA
大津港新堤防,メバル,35.265466905766,139.69658821821,KANAGAWA_MIURA
大津港新堤防,メバル,35.26526982458,139.696405828,KANAGAWA_MIURA
大津港新堤防,イワシ,35.26517788394,139.69623416662,KANAGAWA_MIURA
大津港新堤防,イワシ,35.265388105276,139.69638973475,KANAGAWA_MIURA
大津港新堤防,イワシ,35.265580852327,139.69671696424,KANAGAWA_MIURA
大津港新堤防,ウミタナゴ,35.265427410106,139.69597371079,KANAGAWA_MIURA
大津港新堤防,シロギス,35.265792752702,139.69595095149,KANAGAWA_MIURA
大津港新堤防,イシモチ,35.265749548887,139.69646682892,KANAGAWA_MIURA
長井仮屋港,イワシ,35.206408,139.608919,KANAGAWA_MIURA
長井仮屋港,イワシ,35.206979,139.608631,KANAGAWA_MIURA
長井仮屋港,イワシ,35.207915,139.608366,KANAGAWA_MIURA
長井仮屋港,クロダイ,35.20814775,139.6080318,KANAGAWA_MIURA
長井仮屋港,クロダイ,35.208167,139.608897,KANAGAWA_MIURA
長井仮屋港,クロダイ,35.208446,139.608669,KANAGAWA_MIURA
長井仮屋港,クロダイ,35.207305,139.608654,KANAGAWA_MIURA
長井仮屋港,クロダイ,35.207584,139.608062,KANAGAWA_MIURA
長井仮屋港,クロダイ,35.20706291,139.6080545,KANAGAWA_MIURA
長井仮屋港,クロダイ,35.206511,139.607842,KANAGAWA_MIURA
長井仮屋港,カサゴ,35.206802,139.607956,KANAGAWA_MIURA
長井仮屋港,カサゴ,35.207317,139.608153,KANAGAWA_MIURA
長井仮屋港,カサゴ,35.20764,139.608464,KANAGAWA_MIURA
長井仮屋港,メジナ,35.206951,139.607842,KANAGAWA_MIURA
長井仮屋港,メジナ,35.207857,139.608024,KANAGAWA_MIURA
長井仮屋港,メジナ,35.20807947,139.6083201,KANAGAWA_MIURA
長井仮屋港,メバル,35.208309,139.608722,KANAGAWA_MIURA
長井仮屋港,メジナ,35.208421,139.609177,KANAGAWA_MIURA
長井仮屋港,メバル,35.207976,139.607708,KANAGAWA_MIURA
長井仮屋港,メバル,35.207222,139.607837,KANAGAWA_MIURA
長井仮屋港,メバル,35.207503,139.608749,KANAGAWA_MIURA
長井仮屋港,アジ,35.207819,139.608663,KANAGAWA_MIURA
長井仮屋港,アジ,35.208126,139.608577,KANAGAWA_MIURA
長井仮屋港,アジ,35.20824,139.60759,KANAGAWA_MIURA
長井仮屋港,アイナメ,35.207591,139.607652,KANAGAWA_MIURA
長井仮屋港,カレイ,35.208509,139.607554,KANAGAWA_MIURA
長井仮屋港,カレイ,35.2079506,139.6071929,KANAGAWA_MIURA
長井仮屋港,シロギス,35.207329,139.607268,KANAGAWA_MIURA
長井仮屋港,シロギス,35.207942,139.608952,KANAGAWA_MIURA
長井仮屋港,シロギス,35.207187,139.609317,KANAGAWA_MIURA
長井仮屋港,シロギス,35.208486,139.608126,KANAGAWA_MIURA
長井仮屋港,ハゼ,35.206618,139.609296,KANAGAWA_MIURA
長井仮屋港,ハゼ,35.207583,139.609242,KANAGAWA_MIURA
長井仮屋港,ハゼ,35.207083,139.610701,KANAGAWA_MIURA
東電防波堤,クロダイ,35.210966,139.727825,KANAGAWA_MIURA
東電防波堤,クロダイ,35.210615,139.72403,KANAGAWA_MIURA
東電防波堤,クロダイ,35.211151,139.724116,KANAGAWA_MIURA
東電防波堤,クロダイ,35.210581,139.722045,KANAGAWA_MIURA
東電防波堤,クロダイ,35.211002,139.722056,KANAGAWA_MIURA
東電防波堤,メバル,35.211046,139.723043,KANAGAWA_MIURA
東電防波堤,メジナ,35.21036988,139.7223669,KANAGAWA_MIURA
東電防波堤,メジナ,35.21038742,139.7230428,KANAGAWA_MIURA
東電防波堤,カサゴ,35.210598,139.7227,KANAGAWA_MIURA
東電防波堤,メバル,35.210632,139.723367,KANAGAWA_MIURA
東電防波堤,メジナ,35.211155,139.725037,KANAGAWA_MIURA
東電防波堤,メジナ,35.21104855,139.7259022,KANAGAWA_MIURA
東電防波堤,メジナ,35.211055,139.726904,KANAGAWA_MIURA
東電防波堤,クロダイ,35.211055,139.726426,KANAGAWA_MIURA
東電防波堤,クロダイ,35.211241,139.7255,KANAGAWA_MIURA
東電防波堤,クロダイ,35.211161,139.727336,KANAGAWA_MIURA
東電防波堤,アジ,35.21142075,139.7272071,KANAGAWA_MIURA
東電防波堤,アジ,35.21125931,139.7278747,KANAGAWA_MIURA
東電防波堤,アジ,35.21062092,139.7273664,KANAGAWA_MIURA
東電防波堤,アジ,35.211254,139.72616,KANAGAWA_MIURA
東電防波堤,カワハギ,35.210776,139.727124,KANAGAWA_MIURA
東電防波堤,カワハギ,35.21074489,139.7276622,KANAGAWA_MIURA
東電防波堤,カサゴ,35.210764,139.72635,KANAGAWA_MIURA
東電防波堤,アイナメ,35.21074728,139.7256285,KANAGAWA_MIURA
東電防波堤,メジナ,35.210721,139.724835,KANAGAWA_MIURA
東電防波堤,サバ,35.210554,139.726744,KANAGAWA_MIURA
東電防波堤,サバ,35.210458,139.727774,KANAGAWA_MIURA
東電防波堤,メバル,35.210414,139.727077,KANAGAWA_MIURA
東電防波堤,メバル,35.210572,139.725232,KANAGAWA_MIURA
東電防波堤,カワハギ,35.2104049,139.7236544,KANAGAWA_MIURA
東電防波堤,アオリイカ,35.2113,139.722528,KANAGAWA_MIURA
東電防波堤,アオリイカ,35.211379,139.723558,KANAGAWA_MIURA
東電防波堤,カレイ,35.211405,139.724599,KANAGAWA_MIURA
東電防波堤,カレイ,35.210070976689,139.72117066383,KANAGAWA_MIURA
東電防波堤,カレイ,35.210001,139.723397,KANAGAWA_MIURA
東電防波堤,カレイ,35.210028,139.724534,KANAGAWA_MIURA
東電防波堤,カレイ,35.211668,139.725521,KANAGAWA_MIURA
東電防波堤,カレイ,35.212071074221,139.72621321678,KANAGAWA_MIURA
東電防波堤,マダイ,35.211729,139.726927,KANAGAWA_MIURA
東電防波堤,スズキ,35.211465,139.726583,KANAGAWA_MIURA
東電防波堤,ワラサ,35.21170588,139.7276926,KANAGAWA_MIURA
東電防波堤,イナダ,35.21145775,139.7282767,KANAGAWA_MIURA
東電防波堤,イナダ,35.210579,139.728225,KANAGAWA_MIURA
東電防波堤,マダイ,35.210133,139.727785,KANAGAWA_MIURA
東電防波堤,イナダ,35.210256,139.726455,KANAGAWA_MIURA
東電防波堤,シロギス,35.210142,139.725532,KANAGAWA_MIURA
東電防波堤,シロギス,35.209808424452,139.72187876701,KANAGAWA_MIURA
東電防波堤,シロギス,35.209827,139.724073,KANAGAWA_MIURA
燈明崎・千代ヶ崎,メバル,35.233219,139.728861,KANAGAWA_MIURA
燈明崎・千代ヶ崎,メバル,35.23332252,139.7294223,KANAGAWA_MIURA
燈明崎・千代ヶ崎,メバル,35.233058,139.729612,KANAGAWA_MIURA
燈明崎・千代ヶ崎,メバル,35.232779,139.729771,KANAGAWA_MIURA
燈明崎・千代ヶ崎,メバル,35.233155,139.728171,KANAGAWA_MIURA
燈明崎・千代ヶ崎,ウミタナゴ,35.233304,139.728019,KANAGAWA_MIURA
燈明崎・千代ヶ崎,ウミタナゴ,35.23344,139.72899,KANAGAWA_MIURA
燈明崎・千代ヶ崎,ウミタナゴ,35.23338445,139.7297637,KANAGAWA_MIURA
燈明崎・千代ヶ崎,ウミタナゴ,35.23295,139.729824,KANAGAWA_MIURA
燈明崎・千代ヶ崎,ウミタナゴ,35.232653,139.729946,KANAGAWA_MIURA
燈明崎・千代ヶ崎,クロダイ,35.233174,139.729847,KANAGAWA_MIURA
燈明崎・千代ヶ崎,アイナメ,35.233602,139.729544,KANAGAWA_MIURA
燈明崎・千代ヶ崎,アジ,35.233639,139.729938,KANAGAWA_MIURA
燈明崎・千代ヶ崎,アイナメ,35.2332327,139.7283295,KANAGAWA_MIURA
燈明崎・千代ヶ崎,クロダイ,35.233448,139.727863,KANAGAWA_MIURA
燈明崎・千代ヶ崎,カサゴ,35.233448,139.728201,KANAGAWA_MIURA
燈明崎・千代ヶ崎,カワハギ,35.233347,139.728539,KANAGAWA_MIURA
燈明崎・千代ヶ崎,カレイ,35.233509,139.72849,KANAGAWA_MIURA
燈明崎・千代ヶ崎,シロギス,35.233641,139.72834,KANAGAWA_MIURA
燈明崎・千代ヶ崎,メバル,35.230782,139.728611,KANAGAWA_MIURA
燈明崎・千代ヶ崎,メバル,35.230602,139.728777,KANAGAWA_MIURA
燈明崎・千代ヶ崎,カサゴ,35.230398,139.728702,KANAGAWA_MIURA
燈明崎・千代ヶ崎,アイナメ,35.2301,139.728793,KANAGAWA_MIURA
燈明崎・千代ヶ崎,ウミタナゴ,35.229753,139.728937,KANAGAWA_MIURA
燈明崎・千代ヶ崎,アイナメ,35.230106,139.729415,KANAGAWA_MIURA
燈明崎・千代ヶ崎,カサゴ,35.229951,139.729187,KANAGAWA_MIURA
燈明崎・千代ヶ崎,メバル,35.230199,139.729081,KANAGAWA_MIURA
燈明崎・千代ヶ崎,アイナメ,35.229388,139.730242,KANAGAWA_MIURA
燈明崎・千代ヶ崎,メバル,35.229158,139.730226,KANAGAWA_MIURA
燈明崎・千代ヶ崎,アイナメ,35.228755,139.730014,KANAGAWA_MIURA
燈明崎・千代ヶ崎,カサゴ,35.228948,139.730151,KANAGAWA_MIURA
燈明崎・千代ヶ崎,クロダイ,35.22903494,139.7304967,KANAGAWA_MIURA
燈明崎・千代ヶ崎,ウミタナゴ,35.228582,139.729756,KANAGAWA_MIURA
灘ヶ崎,カサゴ,35.137594,139.609159,KANAGAWA_MIURA
灘ヶ崎,クロダイ,35.137884,139.609545,KANAGAWA_MIURA
灘ヶ崎,クロダイ,35.137694324274,139.61082190275,KANAGAWA_MIURA
灘ヶ崎,クロダイ,35.137273617437,139.60978657007,KANAGAWA_MIURA
灘ヶ崎,マダイ,35.13722971802,139.6092456118,KANAGAWA_MIURA
灘ヶ崎,マダイ,35.137988393047,139.61059123278,KANAGAWA_MIURA
灘ヶ崎,カレイ,35.138115778617,139.61029618979,KANAGAWA_MIURA
灘ヶ崎,カレイ,35.138204,139.609541,KANAGAWA_MIURA
灘ヶ崎,スズキ,35.138111292289,139.60984557867,KANAGAWA_MIURA
灘ヶ崎,スズキ,35.138482931849,139.60978424852,KANAGAWA_MIURA
灘ヶ崎,カレイ,35.138415,139.609458,KANAGAWA_MIURA
灘ヶ崎,スズキ,35.13765514,139.6093306,KANAGAWA_MIURA
灘ヶ崎,メバル,35.137861231117,139.61001724005,KANAGAWA_MIURA
灘ヶ崎,シロギス,35.138284381477,139.61083117624,KANAGAWA_MIURA
灘ヶ崎,シロギス,35.13829128417,139.61011916399,KANAGAWA_MIURA
灘ヶ崎,フッコ,35.137752,139.609416,KANAGAWA_MIURA
浮島つり園,メバル,35.52083096,139.7892854,KANAGAWA_YOKOHAMA
浮島つり園,スズキ,35.521224,139.789808,KANAGAWA_YOKOHAMA
浮島つり園,ハゼ,35.52132015,139.7892746,KANAGAWA_YOKOHAMA
浮島つり園,シロギス,35.521609,139.789658,KANAGAWA_YOKOHAMA
浮島つり園,シロギス,35.5212547,139.7902939,KANAGAWA_YOKOHAMA
浮島つり園,シロギス,35.52087483,139.7909591,KANAGAWA_YOKOHAMA
浮島つり園,アジ,35.52051243,139.7898218,KANAGAWA_YOKOHAMA
浮島つり園,サバ,35.52090544,139.7898003,KANAGAWA_YOKOHAMA
浮島つり園,サバ,35.52063473,139.7903851,KANAGAWA_YOKOHAMA
浮島つり園,アジ,35.52021117,139.7903261,KANAGAWA_YOKOHAMA
浮島つり園,ハゼ,35.52042,139.790924,KANAGAWA_YOKOHAMA
浮島つり園,カレイ,35.521696,139.790259,KANAGAWA_YOKOHAMA
浮島つり園,カレイ,35.521399,139.790924,KANAGAWA_YOKOHAMA
浮島つり園,クロダイ,35.521185,139.788819,KANAGAWA_YOKOHAMA
福浦埋立地,クロダイ,35.35592378,139.6536869,KANAGAWA_MIURA
福浦埋立地,メジナ,35.35572,139.653793,KANAGAWA_MIURA
福浦埋立地,カサゴ,35.353863,139.655054,KANAGAWA_MIURA
福浦埋立地,アイナメ,35.354091,139.654861,KANAGAWA_MIURA
福浦埋立地,カサゴ,35.354625,139.654475,KANAGAWA_MIURA
福浦埋立地,カサゴ,35.355238,139.654056,KANAGAWA_MIURA
福浦埋立地,ウミタナゴ,35.355011,139.654453,KANAGAWA_MIURA
福浦埋立地,メジナ,35.354424,139.65485,KANAGAWA_MIURA
福浦埋立地,メバル,35.355535,139.654174,KANAGAWA_MIURA
福浦埋立地,ソイ,35.354782,139.655011,KANAGAWA_MIURA
福浦埋立地,メバル,35.354336,139.655344,KANAGAWA_MIURA
福浦埋立地,スズキ,35.3553333,139.6548504,KANAGAWA_MIURA
福浦埋立地,カレイ,35.355737,139.654614,KANAGAWA_MIURA
福浦埋立地,サバ,35.35514072,139.6553761,KANAGAWA_MIURA
福浦埋立地,カレイ,35.354704,139.655569,KANAGAWA_MIURA
福浦埋立地,ソイ,35.35395,139.65573,KANAGAWA_MIURA
福浦埋立地,アイナメ,35.35394998,139.6566305,KANAGAWA_MIURA
福浦埋立地,メジナ,35.353758,139.656964,KANAGAWA_MIURA
福浦埋立地,クロダイ,35.35356016,139.6572374,KANAGAWA_MIURA
福浦埋立地,メバル,35.354117,139.656202,KANAGAWA_MIURA
福浦埋立地,スズキ,35.354161,139.657329,KANAGAWA_MIURA
福浦埋立地,カサゴ,35.35393112,139.6574612,KANAGAWA_MIURA
福浦埋立地,シロギス,35.35432683,139.6567816,KANAGAWA_MIURA
福浦埋立地,カレイ,35.354555,139.657393,KANAGAWA_MIURA
福浦埋立地,カレイ,35.354467,139.656041,KANAGAWA_MIURA
福浦埋立地,シロギス,35.35374532,139.6579771,KANAGAWA_MIURA
福浦埋立地,クロダイ,35.3515531,139.6572697,KANAGAWA_MIURA
福浦埋立地,クロダイ,35.34936419,139.6573019,KANAGAWA_MIURA
福浦埋立地,ウミタナゴ,35.3473845,139.6573664,KANAGAWA_MIURA
福浦埋立地,アジ,35.353180404913,139.65789198875,KANAGAWA_MIURA
福浦埋立地,アジ,35.350889,139.657849,KANAGAWA_MIURA
福浦埋立地,アジ,35.348823,139.657828,KANAGAWA_MIURA
福浦埋立地,アジ,35.346827343841,139.65810656548,KANAGAWA_MIURA
福浦埋立地,メバル,35.348400973786,139.65726971626,KANAGAWA_MIURA
福浦埋立地,メバル,35.350467847987,139.65720534325,KANAGAWA_MIURA
福浦埋立地,サバ,35.352112233673,139.65784907341,KANAGAWA_MIURA
福浦埋立地,サバ,35.350012071024,139.65782761574,KANAGAWA_MIURA
福浦埋立地,サバ,35.347962701365,139.65789198875,KANAGAWA_MIURA
福浦埋立地,イナダ,35.354425,139.658278,KANAGAWA_MIURA
福浦埋立地,イナダ,35.35395055,139.6589005,KANAGAWA_MIURA
福浦埋立地,カレイ,35.353339,139.659137,KANAGAWA_MIURA
福浦埋立地,カレイ,35.351482573327,139.65898633003,KANAGAWA_MIURA
福浦埋立地,シロギス,35.350485292771,139.65999484062,KANAGAWA_MIURA
福浦埋立地,シロギス,35.352426941523,139.65995192528,KANAGAWA_MIURA
福浦埋立地,シロギス,35.348558547721,139.65997338295,KANAGAWA_MIURA
福浦埋立地,カレイ,35.34749283856,139.65907216072,KANAGAWA_MIURA
福浦埋立地,セイゴ,35.345864769794,139.65817093849,KANAGAWA_MIURA
福浦埋立地,カレイ,35.349522464639,139.65907216072,KANAGAWA_MIURA
福浦埋立地,イワシ,35.344498458986,139.65737700462,KANAGAWA_MIURA
福浦埋立地,メバル,35.343497,139.657545,KANAGAWA_MIURA
福浦埋立地,アジ,35.344079312666,139.65823531151,KANAGAWA_MIURA
福浦埋立地,メバル,35.345405295362,139.65731263161,KANAGAWA_MIURA
福浦埋立地,カワハギ,35.34495389849,139.65823531151,KANAGAWA_MIURA
福浦埋立地,スズキ,35.345479175608,139.65905070305,KANAGAWA_MIURA
福浦埋立地,サバ,35.34339654198,139.6590077877,KANAGAWA_MIURA
福浦埋立地,アナゴ,35.344516245278,139.65997338295,KANAGAWA_MIURA
福浦埋立地,シロギス,35.342608462948,139.65975880623,KANAGAWA_MIURA
福浦埋立地,イナダ,35.346456591615,139.65999484062,KANAGAWA_MIURA
福浦埋立地,クロダイ,35.34091,139.654094,KANAGAWA_MIURA
福浦埋立地,クロダイ,35.34047357,139.6511757,KANAGAWA_MIURA
福浦埋立地,クロダイ,35.339966,139.648451,KANAGAWA_MIURA
福浦埋立地,アイナメ,35.340140532595,139.65282797813,KANAGAWA_MIURA
福浦埋立地,アイナメ,35.340212,139.649717,KANAGAWA_MIURA
福浦埋立地,セイゴ,35.340509,139.653493,KANAGAWA_MIURA
福浦埋立地,セイゴ,35.340036,139.650553,KANAGAWA_MIURA
福浦埋立地,メバル,35.339773,139.64918,KANAGAWA_MIURA
福浦埋立地,メバル,35.340334,139.651948,KANAGAWA_MIURA
福浦埋立地,スズキ,35.340229,139.654437,KANAGAWA_MIURA
福浦埋立地,セイゴ,35.339407244269,139.64681982994,KANAGAWA_MIURA
福浦埋立地,スズキ,35.339773,139.651304,KANAGAWA_MIURA
福浦埋立地,スズキ,35.339283129218,139.64802145958,KANAGAWA_MIURA
福浦埋立地,アナゴ,35.33951,139.649931,KANAGAWA_MIURA
福浦埋立地,アナゴ,35.339528112666,139.65220570564,KANAGAWA_MIURA
平潟湾,ハゼ,35.331109,139.622696,KANAGAWA_MIURA
平潟湾,ハゼ,35.329748,139.62429,KANAGAWA_MIURA
平潟湾,スズキ,35.329221,139.625685,KANAGAWA_MIURA
平潟湾,セイゴ,35.329165754926,139.6261292696,KANAGAWA_MIURA
平潟湾,セイゴ,35.32932,139.629855,KANAGAWA_MIURA
平潟湾,セイゴ,35.330314,139.631655,KANAGAWA_MIURA
平潟湾,セイゴ,35.329569,139.630249,KANAGAWA_MIURA
平潟湾,フッコ,35.32985,139.630614,KANAGAWA_MIURA
平潟湾,メバル,35.330025,139.631086,KANAGAWA_MIURA
平潟湾,ハゼ,35.328238,139.62732,KANAGAWA_MIURA
平潟湾,ハゼ,35.327591,139.627288,KANAGAWA_MIURA
平潟湾,ハゼ,35.326338,139.629251,KANAGAWA_MIURA
平潟湾,ハゼ,35.326951,139.628264,KANAGAWA_MIURA
平潟湾,ハゼ,35.329027,139.629208,KANAGAWA_MIURA
平潟湾,ハゼ,35.326776,139.630914,KANAGAWA_MIURA
平潟湾,ハゼ,35.328194,139.629595,KANAGAWA_MIURA
平潟湾,ハゼ,35.327397,139.630238,KANAGAWA_MIURA
平潟湾,スズキ,35.326425,139.62997,KANAGAWA_MIURA
平潟湾,スズキ,35.327355,139.628919,KANAGAWA_MIURA
平潟湾,メバル,35.326995,139.628811,KANAGAWA_MIURA
平潟湾,メバル,35.326102,139.631183,KANAGAWA_MIURA
平潟湾,メバル,35.326338,139.630668,KANAGAWA_MIURA
平潟湾,セイゴ,35.326724,139.629187,KANAGAWA_MIURA
平潟湾,セイゴ,35.325412,139.632116,KANAGAWA_MIURA
平潟湾,ハゼ,35.325769,139.631794,KANAGAWA_MIURA
暮浜港,カレイ,35.19313466,139.6086279,KANAGAWA_MIURA
暮浜港,カレイ,35.193538,139.608633,KANAGAWA_MIURA
暮浜港,マゴチ,35.193415,139.608741,KANAGAWA_MIURA
暮浜港,ハゼ,35.19327041,139.6086386,KANAGAWA_MIURA
暮浜港,ハゼ,35.193648,139.608783,KANAGAWA_MIURA
暮浜港,クロダイ,35.193012,139.608392,KANAGAWA_MIURA
暮浜港,クロダイ,35.193134,139.608435,KANAGAWA_MIURA
本牧海釣り施設,イワシ,35.42991,139.688069,KANAGAWA_YOKOHAMA
本牧海釣り施設,イワシ,35.429903,139.687295,KANAGAWA_YOKOHAMA
本牧海釣り施設,イワシ,35.428756,139.687595,KANAGAWA_YOKOHAMA
本牧海釣り施設,イワシ,35.428062,139.687297,KANAGAWA_YOKOHAMA
本牧海釣り施設,コノシロ,35.430318,139.687136,KANAGAWA_YOKOHAMA
本牧海釣り施設,コノシロ,35.42974144,139.6868624,KANAGAWA_YOKOHAMA
本牧海釣り施設,コノシロ,35.4292085,139.6872649,KANAGAWA_YOKOHAMA
本牧海釣り施設,コノシロ,35.428549,139.686362,KANAGAWA_YOKOHAMA
本牧海釣り施設,クロダイ,35.430076,139.687447,KANAGAWA_YOKOHAMA
本牧海釣り施設,クロダイ,35.427202,139.686793,KANAGAWA_YOKOHAMA
本牧海釣り施設,クロダイ,35.42774,139.686857,KANAGAWA_YOKOHAMA
本牧海釣り施設,クロダイ,35.428515,139.687184,KANAGAWA_YOKOHAMA
本牧海釣り施設,クロダイ,35.428287,139.686208,KANAGAWA_YOKOHAMA
本牧海釣り施設,クロダイ,35.427613,139.685934,KANAGAWA_YOKOHAMA
本牧海釣り施設,アイナメ,35.427328,139.685779,KANAGAWA_YOKOHAMA
本牧海釣り施設,アイナメ,35.427989,139.686069,KANAGAWA_YOKOHAMA
本牧海釣り施設,アイナメ,35.429979,139.686916,KANAGAWA_YOKOHAMA
本牧海釣り施設,アイナメ,35.43056339,139.6871683,KANAGAWA_YOKOHAMA
本牧海釣り施設,アイナメ,35.429562,139.687914,KANAGAWA_YOKOHAMA
本牧海釣り施設,アイナメ,35.428425,139.687437,KANAGAWA_YOKOHAMA
本牧海釣り施設,アイナメ,35.427703,139.687141,KANAGAWA_YOKOHAMA
本牧海釣り施設,アイナメ,35.428145,139.687023,KANAGAWA_YOKOHAMA
本牧海釣り施設,アイナメ,35.429791,139.687673,KANAGAWA_YOKOHAMA
本牧海釣り施設,カサゴ,35.42943565,139.687517,KANAGAWA_YOKOHAMA
本牧海釣り施設,カサゴ,35.427246,139.686991,KANAGAWA_YOKOHAMA
本牧海釣り施設,イワシ,35.427311,139.686637,KANAGAWA_YOKOHAMA
本牧海釣り施設,カサゴ,35.428868,139.687324,KANAGAWA_YOKOHAMA
本牧海釣り施設,アジ,35.428749,139.687093,KANAGAWA_YOKOHAMA
本牧海釣り施設,アジ,35.427979,139.686771,KANAGAWA_YOKOHAMA
本牧海釣り施設,アジ,35.427036,139.686868,KANAGAWA_YOKOHAMA
本牧海釣り施設,アジ,35.429169,139.68778,KANAGAWA_YOKOHAMA
本牧海釣り施設,アジ,35.430075,139.687801,KANAGAWA_YOKOHAMA
本牧海釣り施設,サバ,35.427099,139.687197,KANAGAWA_YOKOHAMA
本牧海釣り施設,サバ,35.426845,139.686956,KANAGAWA_YOKOHAMA
本牧海釣り施設,イナダ,35.42674,139.686736,KANAGAWA_YOKOHAMA
本牧海釣り施設,メバル,35.427455,139.685956,KANAGAWA_YOKOHAMA
本牧海釣り施設,メバル,35.428111,139.686278,KANAGAWA_YOKOHAMA
本牧海釣り施設,メバル,35.428776,139.686605,KANAGAWA_YOKOHAMA
本牧海釣り施設,メバル,35.429467,139.686696,KANAGAWA_YOKOHAMA
本牧海釣り施設,カサゴ,35.429081,139.686546,KANAGAWA_YOKOHAMA
本牧海釣り施設,メバル,35.42823,139.68756,KANAGAWA_YOKOHAMA
本牧海釣り施設,アジ,35.428553,139.687721,KANAGAWA_YOKOHAMA
本牧海釣り施設,シロギス,35.430276,139.687501,KANAGAWA_YOKOHAMA
本牧海釣り施設,シロギス,35.42783,139.68747,KANAGAWA_YOKOHAMA
本牧海釣り施設,シロギス,35.427014,139.686535,KANAGAWA_YOKOHAMA
本牧海釣り施設,シロギス,35.428235,139.686616,KANAGAWA_YOKOHAMA
本牧海釣り施設,カレイ,35.427459,139.687292,KANAGAWA_YOKOHAMA
本牧海釣り施設,カレイ,35.427346,139.686337,KANAGAWA_YOKOHAMA
本牧海釣り施設,カレイ,35.428982,139.686931,KANAGAWA_YOKOHAMA
本牧海釣り施設,カレイ,35.429328,139.688137,KANAGAWA_YOKOHAMA
本牧海釣り施設,カレイ,35.428742,139.688099,KANAGAWA_YOKOHAMA
本牧海釣り施設,スズキ,35.429732,139.688524,KANAGAWA_YOKOHAMA
本牧海釣り施設,スズキ,35.430481,139.687781,KANAGAWA_YOKOHAMA
末広水際線プロムナード,クロダイ,35.482051,139.693024,KANAGAWA_YOKOHAMA
末広水際線プロムナード,サッパ,35.48111866936,139.69370916062,KANAGAWA_YOKOHAMA
末広水際線プロムナード,コノシロ,35.480924,139.692423,KANAGAWA_YOKOHAMA
末広水際線プロムナード,コノシロ,35.479472857591,139.69058811665,KANAGAWA_YOKOHAMA
末広水際線プロムナード,メバル,35.48039631,139.6917936,KANAGAWA_YOKOHAMA
末広水際線プロムナード,メバル,35.481665870578,139.69342052937,KANAGAWA_YOKOHAMA
末広水際線プロムナード,イワシ,35.478031642879,139.68925774097,KANAGAWA_YOKOHAMA
末広水際線プロムナード,イワシ,35.479080028673,139.69058811665,KANAGAWA_YOKOHAMA
末広水際線プロムナード,ハゼ,35.478748,139.688357,KANAGAWA_YOKOHAMA
末広水際線プロムナード,アジ,35.48074810753,139.69320845606,KANAGAWA_YOKOHAMA
末広水際線プロムナード,アジ,35.479759657439,139.69184289817,KANAGAWA_YOKOHAMA
末広水際線プロムナード,アジ,35.47845,139.689245,KANAGAWA_YOKOHAMA
末広水際線プロムナード,シロギス,35.479882332499,139.69304155454,KANAGAWA_YOKOHAMA
末広水際線プロムナード,シロギス,35.478733997906,139.69193393536,KANAGAWA_YOKOHAMA
末広水際線プロムナード,カレイ,35.480340267392,139.69375467922,KANAGAWA_YOKOHAMA
末広水際線プロムナード,カレイ,35.477758059065,139.68979835455,KANAGAWA_YOKOHAMA
末広水際線プロムナード,カサゴ,35.479106,139.689965,KANAGAWA_YOKOHAMA
末広水際線プロムナード,サッパ,35.478679,139.689996,KANAGAWA_YOKOHAMA
末広水際線プロムナード,カサゴ,35.47991066299,139.69113528728,KANAGAWA_YOKOHAMA
末広水際線プロムナード,スズキ,35.479350620926,139.69244420528,KANAGAWA_YOKOHAMA
末広水際線プロムナード,スズキ,35.478030278349,139.69083769583,KANAGAWA_YOKOHAMA
末広水際線プロムナード,イシモチ,35.477446155221,139.68871057034,KANAGAWA_YOKOHAMA
末広水際線プロムナード,シロギス,35.481501474716,139.69440711243,KANAGAWA_YOKOHAMA
名向﨑,マゴチ,35.157579,139.613713,KANAGAWA_MIURA
名向﨑,マゴチ,35.157969,139.613708,KANAGAWA_MIURA
名向﨑,マゴチ,35.15684546,139.61337,KANAGAWA_MIURA
名向﨑,マダイ,35.15688057,139.6131983,KANAGAWA_MIURA
名向﨑,カレイ,35.156788,139.613558,KANAGAWA_MIURA
名向﨑,カレイ,35.157367,139.61366,KANAGAWA_MIURA
名向﨑,カレイ,35.158153,139.613627,KANAGAWA_MIURA
名向﨑,メゴチ,35.157451,139.613853,KANAGAWA_MIURA
名向﨑,メゴチ,35.158092,139.613815,KANAGAWA_MIURA
名向﨑,メゴチ,35.15697705,139.6128497,KANAGAWA_MIURA
名向﨑,シロギス,35.156924,139.613016,KANAGAWA_MIURA
名向﨑,シロギス,35.157477,139.613504,KANAGAWA_MIURA
名向﨑,シロギス,35.158017,139.613493,KANAGAWA_MIURA
名向﨑,ボラ,35.158215,139.613831,KANAGAWA_MIURA
野島公園,メバル,35.330408791806,139.63472306728,KANAGAWA_MIURA
野島公園,メバル,35.328305,139.637277,KANAGAWA_MIURA
野島公園,メバル,35.329625,139.63543,KANAGAWA_MIURA
野島公園,メバル,35.328931,139.636219,KANAGAWA_MIURA
野島公園,セイゴ,35.328733,139.636914,KANAGAWA_MIURA
野島公園,セイゴ,35.328385,139.637903,KANAGAWA_MIURA
野島公園,セイゴ,35.329377,139.636052,KANAGAWA_MIURA
野島公園,セイゴ,35.330095,139.635203,KANAGAWA_MIURA
野島公園,スズキ,35.328893,139.63757,KANAGAWA_MIURA
野島公園,スズキ,35.329277,139.636856,KANAGAWA_MIURA
野島公園,ハゼ,35.329773,139.636143,KANAGAWA_MIURA
野島公園,ハゼ,35.33038,139.635749,KANAGAWA_MIURA
野島公園,マゴチ,35.326567,139.638229,KANAGAWA_MIURA
野島公園,メバル,35.326207,139.637645,KANAGAWA_MIURA
野島公園,メバル,35.324819,139.636083,KANAGAWA_MIURA
野島公園,メバル,35.32555,139.636887,KANAGAWA_MIURA
野島公園,セイゴ,35.325892,139.637298,KANAGAWA_MIURA
野島公園,セイゴ,35.325174,139.636483,KANAGAWA_MIURA
野島公園,セイゴ,35.324403728958,139.63560283184,KANAGAWA_MIURA
野島公園,スズキ,35.32598,139.637673,KANAGAWA_MIURA
野島公園,スズキ,35.325314,139.636858,KANAGAWA_MIURA
野島公園,スズキ,35.324543,139.636011,KANAGAWA_MIURA
野島公園,カレイ,35.324955,139.636483,KANAGAWA_MIURA
野島公園,カレイ,35.325682,139.637287,KANAGAWA_MIURA
野島公園,アナゴ,35.324678,139.636375,KANAGAWA_MIURA
野島公園,アナゴ,35.325074,139.636815,KANAGAWA_MIURA
野島防波堤,クロダイ,35.32583984,139.6640745,KANAGAWA_MIURA
野島防波堤,メバル,35.32538904,139.6643588,KANAGAWA_MIURA
野島防波堤,クロダイ,35.32636942,139.6639135,KANAGAWA_MIURA
野島防波堤,メバル,35.32651392,139.66423,KANAGAWA_MIURA
野島防波堤,メバル,35.32601495,139.6644124,KANAGAWA_MIURA
野島防波堤,クロダイ,35.325556,139.664643,KANAGAWA_MIURA
野島防波堤,カサゴ,35.32583,139.664763,KANAGAWA_MIURA
野島防波堤,カサゴ,35.326301,139.664566,KANAGAWA_MIURA
野島防波堤,カサゴ,35.326072,139.663663,KANAGAWA_MIURA
野島防波堤,アイナメ,35.325564,139.663898,KANAGAWA_MIURA
野島防波堤,シロギス,35.325657,139.663176,KANAGAWA_MIURA
野島防波堤,シロギス,35.325175,139.663648,KANAGAWA_MIURA
野島防波堤,シロギス,35.32556,139.665386,KANAGAWA_MIURA
野島防波堤,カレイ,35.325174,139.664968,KANAGAWA_MIURA
野島防波堤,カレイ,35.32647886,139.6654397,KANAGAWA_MIURA
野島防波堤,スズキ,35.326111,139.6651393,KANAGAWA_MIURA
野島防波堤,アイナメ,35.328142,139.663144,KANAGAWA_MIURA
野島防波堤,クロダイ,35.32834228,139.6635645,KANAGAWA_MIURA
野島防波堤,クロダイ,35.328782,139.663251,KANAGAWA_MIURA
野島防波堤,メバル,35.32858,139.662854,KANAGAWA_MIURA
野島防波堤,メバル,35.32862701,139.663739,KANAGAWA_MIURA
野島防波堤,メバル,35.32830828,139.6626046,KANAGAWA_MIURA
野島防波堤,シロギス,35.327888,139.662674,KANAGAWA_MIURA
野島防波堤,シロギス,35.328169,139.664171,KANAGAWA_MIURA
野島防波堤,シロギス,35.329123,139.663784,KANAGAWA_MIURA
野島防波堤,カレイ,35.32864,139.66232,KANAGAWA_MIURA
野島防波堤,カレイ,35.329191,139.663033,KANAGAWA_MIURA
野島防波堤,スズキ,35.329036,139.66251,KANAGAWA_MIURA
野島防波堤,クロダイ,35.3191957,139.675608,KANAGAWA_MIURA
野島防波堤,クロダイ,35.31906445,139.6747443,KANAGAWA_MIURA
野島防波堤,クロダイ,35.31896377,139.6753451,KANAGAWA_MIURA
野島防波堤,アイナメ,35.319355,139.674906,KANAGAWA_MIURA
野島防波堤,クロダイ,35.321402,139.671982,KANAGAWA_MIURA
野島防波堤,メバル,35.32118288,139.6717724,KANAGAWA_MIURA
野島防波堤,メバル,35.319958,139.673899,KANAGAWA_MIURA
野島防波堤,カサゴ,35.320571,139.672848,KANAGAWA_MIURA
野島防波堤,アイナメ,35.321043,139.672977,KANAGAWA_MIURA
野島防波堤,アイナメ,35.320483,139.673921,KANAGAWA_MIURA
野島防波堤,アイナメ,35.319975,139.674886,KANAGAWA_MIURA
野島防波堤,シマダイ,35.320833,139.67221,KANAGAWA_MIURA
野島防波堤,シマダイ,35.320237,139.67324,KANAGAWA_MIURA
野島防波堤,メバル,35.32148424,139.6727213,KANAGAWA_MIURA
野島防波堤,メバル,35.320894,139.673583,KANAGAWA_MIURA
野島防波堤,シマダイ,35.32031599,139.6745592,KANAGAWA_MIURA
野島防波堤,メバル,35.319677,139.675557,KANAGAWA_MIURA
野島防波堤,スズキ,35.319502,139.676222,KANAGAWA_MIURA
野島防波堤,スズキ,35.318389,139.674656,KANAGAWA_MIURA
野島防波堤,スズキ,35.32015,139.67545,KANAGAWA_MIURA
野島防波堤,スズキ,35.319327,139.674023,KANAGAWA_MIURA
野島防波堤,スズキ,35.320868,139.670976,KANAGAWA_MIURA
野島防波堤,カレイ,35.3203012,139.6716023,KANAGAWA_MIURA
野島防波堤,カレイ,35.318513,139.675546,KANAGAWA_MIURA
野島防波堤,カレイ,35.318872,139.676211,KANAGAWA_MIURA
野島防波堤,シロギス,35.319881,139.672543,KANAGAWA_MIURA
野島防波堤,カレイ,35.321466,139.673651,KANAGAWA_MIURA
野島防波堤,シマダイ,35.320834,139.674561,KANAGAWA_MIURA
野島防波堤,クロダイ,35.321453,139.671257,KANAGAWA_MIURA
野島防波堤,クロダイ,35.321701,139.671348,KANAGAWA_MIURA
野島防波堤,クロダイ,35.32448,139.663838,KANAGAWA_MIURA
野島防波堤,カサゴ,35.324111,139.663865,KANAGAWA_MIURA
野島防波堤,カサゴ,35.32209302,139.6697098,KANAGAWA_MIURA
野島防波堤,カサゴ,35.322895,139.667441,KANAGAWA_MIURA
野島防波堤,カサゴ,35.323565,139.665509,KANAGAWA_MIURA
野島防波堤,アイナメ,35.323249,139.666411,KANAGAWA_MIURA
野島防波堤,アイナメ,35.322584,139.668514,KANAGAWA_MIURA
野島防波堤,メバル,35.32421104,139.6652091,KANAGAWA_MIURA
野島防波堤,クロダイ,35.32373831,139.6664321,KANAGAWA_MIURA
野島防波堤,クロダイ,35.32286288,139.6690285,KANAGAWA_MIURA
野島防波堤,メバル,35.323336,139.667763,KANAGAWA_MIURA
野島防波堤,シマダイ,35.3224083,139.6704072,KANAGAWA_MIURA
野島防波堤,カサゴ,35.32372,139.667333,KANAGAWA_MIURA
野島防波堤,カサゴ,35.323335,139.668685,KANAGAWA_MIURA
野島防波堤,カサゴ,35.322897,139.66993,KANAGAWA_MIURA
野島防波堤,メバル,35.323615,139.664415,KANAGAWA_MIURA
野島防波堤,カレイ,35.324771,139.662935,KANAGAWA_MIURA
野島防波堤,カレイ,35.323404,139.662892,KANAGAWA_MIURA
野島防波堤,カレイ,35.32205851,139.665767,KANAGAWA_MIURA
野島防波堤,カレイ,35.32067332,139.6690077,KANAGAWA_MIURA
野島防波堤,カレイ,35.323857,139.66963,KANAGAWA_MIURA
野島防波堤,スズキ,35.323005,139.664522,KANAGAWA_MIURA
野島防波堤,スズキ,35.322094,139.667484,KANAGAWA_MIURA
野島防波堤,スズキ,35.324878,139.66626,KANAGAWA_MIURA
野島防波堤,シロギス,35.324324,139.667915,KANAGAWA_MIURA
野島防波堤,シロギス,35.322593,139.666095,KANAGAWA_MIURA
野島防波堤,シロギス,35.32149075,139.6676574,KANAGAWA_MIURA
野島防波堤,シロギス,35.321639,139.669099,KANAGAWA_MIURA
野比海岸,カレイ,35.20820471,139.6893114,KANAGAWA_MIURA
野比海岸,カレイ,35.206039,139.684537,KANAGAWA_MIURA
野比海岸,カレイ,35.205574,139.683593,KANAGAWA_MIURA
野比海岸,アイナメ,35.205749,139.684494,KANAGAWA_MIURA
野比海岸,アイナメ,35.205442,139.683979,KANAGAWA_MIURA
野比海岸,シロギス,35.20817,139.690009,KANAGAWA_MIURA
野比海岸,シロギス,35.207881,139.689193,KANAGAWA_MIURA
野比海岸,シロギス,35.2071,139.688947,KANAGAWA_MIURA
野比海岸,シロギス,35.207582,139.688249,KANAGAWA_MIURA
野比海岸,シロギス,35.207179,139.687037,KANAGAWA_MIURA
野比海岸,シロギス,35.207389,139.687616,KANAGAWA_MIURA
野比海岸,シロギス,35.205247,139.684499,KANAGAWA_MIURA
柳島海岸,クロダイ,35.315438,139.383864,KANAGAWA_SEISHO
柳島海岸,クロダイ,35.314533,139.375883,KANAGAWA_SEISHO
柳島海岸,ウミタナゴ,35.31483,139.380177,KANAGAWA_SEISHO
柳島海岸,ウミタナゴ,35.314991,139.382741,KANAGAWA_SEISHO
柳島海岸,ウミタナゴ,35.314595,139.376581,KANAGAWA_SEISHO
柳島海岸,メジナ,35.314731,139.378796,KANAGAWA_SEISHO
柳島海岸,メジナ,35.315214,139.383515,KANAGAWA_SEISHO
柳島海岸,フッコ,35.31483,139.384031,KANAGAWA_SEISHO
柳島海岸,アイナメ,35.314607,139.382271,KANAGAWA_SEISHO
柳島海岸,イシモチ,35.315153,139.384243,KANAGAWA_SEISHO
柳島海岸,ヒラメ,35.314186,139.381846,KANAGAWA_SEISHO
柳島海岸,マゴチ,35.313901,139.382316,KANAGAWA_SEISHO
柳島海岸,マゴチ,35.314446,139.379798,KANAGAWA_SEISHO
柳島海岸,マゴチ,35.31389,139.377006,KANAGAWA_SEISHO
柳島海岸,ヒラメ,35.31436,139.378554,KANAGAWA_SEISHO
柳島海岸,アイナメ,35.314817,139.375504,KANAGAWA_SEISHO
柳島海岸,ダツ,35.315103,139.374579,KANAGAWA_SEISHO
柳島海岸,スズキ,35.314657,139.374214,KANAGAWA_SEISHO
柳島海岸,キビレ,35.314347,139.374639,KANAGAWA_SEISHO
柳島海岸,キビレ,35.314149,139.381209,KANAGAWA_SEISHO
柳島海岸,イナダ,35.313778,139.380708,KANAGAWA_SEISHO
柳島海岸,カイズ,35.314831,139.380663,KANAGAWA_SEISHO
柳島海岸,イシモチ,35.314495,139.380951,KANAGAWA_SEISHO
柳島海岸,イシモチ,35.313852,139.375064,KANAGAWA_SEISHO
柳島海岸,イシモチ,35.313926,139.37781,KANAGAWA_SEISHO
柳島海岸,シロギス,35.314013,139.37913,KANAGAWA_SEISHO
柳島海岸,シロギス,35.313555,139.375777,KANAGAWA_SEISHO
柳島海岸,シロギス,35.314422,139.383272,KANAGAWA_SEISHO
柳島海岸,イナダ,35.313282,139.375261,KANAGAWA_SEISHO
柳島海岸,ソウダガツオ,35.314026,139.374275,KANAGAWA_SEISHO
柳島海岸,サバ,35.313567,139.374593,KANAGAWA_SEISHO
柳島海岸,ソウダガツオ,35.313591,139.378538,KANAGAWA_SEISHO
柳島海岸,イナダ,35.313542,139.377476,KANAGAWA_SEISHO
柳島海岸,ワカシ,35.314,139.380025,KANAGAWA_SEISHO
葉山あぶずり港,メバル,35.282994,139.566962,KANAGAWA_MIURA
葉山あぶずり港,メバル,35.282731,139.567461,KANAGAWA_MIURA
葉山あぶずり港,メバル,35.284378,139.565552,KANAGAWA_MIURA
葉山あぶずり港,メバル,35.284724,139.566324,KANAGAWA_MIURA
葉山あぶずり港,メバル,35.2852401,139.5677617,KANAGAWA_MIURA
葉山あぶずり港,メバル,35.28536,139.567526,KANAGAWA_MIURA
葉山あぶずり港,メバル,35.285254,139.568352,KANAGAWA_MIURA
葉山あぶずり港,メバル,35.284886,139.567939,KANAGAWA_MIURA
葉山あぶずり港,カサゴ,35.282998,139.56744,KANAGAWA_MIURA
葉山あぶずり港,カサゴ,35.285577,139.567043,KANAGAWA_MIURA
葉山あぶずり港,カサゴ,35.28499,139.567864,KANAGAWA_MIURA
葉山あぶずり港,クロダイ,35.28524,139.568025,KANAGAWA_MIURA
葉山あぶずり港,クロダイ,35.285669,139.567032,KANAGAWA_MIURA
葉山あぶずり港,クロダイ,35.2845,139.565831,KANAGAWA_MIURA
葉山あぶずり港,ウミタナゴ,35.28461,139.566088,KANAGAWA_MIURA
葉山あぶずり港,ウミタナゴ,35.28481093,139.5662114,KANAGAWA_MIURA
葉山あぶずり港,ウミタナゴ,35.285245,139.567188,KANAGAWA_MIURA
葉山あぶずり港,ウミタナゴ,35.28537586,139.5682499,KANAGAWA_MIURA
葉山あぶずり港,カイズ,35.285263,139.568636,KANAGAWA_MIURA
葉山あぶずり港,ハゼ,35.284741,139.568212,KANAGAWA_MIURA
葉山あぶずり港,ハゼ,35.285451,139.567767,KANAGAWA_MIURA
葉山あぶずり港,ハゼ,35.282893,139.566453,KANAGAWA_MIURA
葉山あぶずり港,アジ,35.282744,139.566453,KANAGAWA_MIURA
葉山あぶずり港,アジ,35.282876,139.567198,KANAGAWA_MIURA
葉山あぶずり港,アジ,35.284527,139.565428,KANAGAWA_MIURA
葉山あぶずり港,アジ,35.285455,139.56708,KANAGAWA_MIURA
葉山あぶずり港,アジ,35.285355,139.56788,KANAGAWA_MIURA
葉山あぶずり港,アイナメ,35.284693,139.565825,KANAGAWA_MIURA
葉山あぶずり港,メゴチ,35.28489,139.565906,KANAGAWA_MIURA
葉山あぶずり港,メゴチ,35.284737,139.565519,KANAGAWA_MIURA
葉山あぶずり港,メゴチ,35.28456543,139.568207,KANAGAWA_MIURA
葉山あぶずり港,メゴチ,35.28549857,139.5684913,KANAGAWA_MIURA
葉山あぶずり港,イワシ,35.282727,139.566962,KANAGAWA_MIURA
葉山あぶずり港,イワシ,35.285525,139.567236,KANAGAWA_MIURA
葉山あぶずり港,シロギス,35.284977,139.565584,KANAGAWA_MIURA
葉山あぶずり港,シロギス,35.285595,139.567933,KANAGAWA_MIURA
葉山あぶずり港,イシモチ,35.285652,139.567536,KANAGAWA_MIURA
臨港・新港パーク,アイナメ,35.46195,139.638431,KANAGAWA_YOKOHAMA
臨港・新港パーク,アイナメ,35.461113,139.63815,KANAGAWA_YOKOHAMA
臨港・新港パーク,アイナメ,35.460204,139.638127,KANAGAWA_YOKOHAMA
臨港・新港パーク,アイナメ,35.459303,139.638294,KANAGAWA_YOKOHAMA
臨港・新港パーク,メバル,35.461572,139.638431,KANAGAWA_YOKOHAMA
臨港・新港パーク,メバル,35.460688,139.638294,KANAGAWA_YOKOHAMA
臨港・新港パーク,メバル,35.459773,139.638378,KANAGAWA_YOKOHAMA
臨港・新港パーク,ハゼ,35.458944,139.638673,KANAGAWA_YOKOHAMA
臨港・新港パーク,ハゼ,35.460224,139.638689,KANAGAWA_YOKOHAMA
臨港・新港パーク,アジ,35.461109,139.638681,KANAGAWA_YOKOHAMA
臨港・新港パーク,アナゴ,35.459401,139.638848,KANAGAWA_YOKOHAMA
臨港・新港パーク,カレイ,35.4607,139.639151,KANAGAWA_YOKOHAMA
臨港・新港パーク,カレイ,35.461467,139.639098,KANAGAWA_YOKOHAMA
臨港・新港パーク,スズキ,35.459006,139.639295,KANAGAWA_YOKOHAMA
臨港・新港パーク,スズキ,35.459871,139.639098,KANAGAWA_YOKOHAMA
臨港・新港パーク,スズキ,35.461801,139.63884,KANAGAWA_YOKOHAMA
臨港・新港パーク,スズキ,35.45649689,139.6374241,KANAGAWA_YOKOHAMA
臨港・新港パーク,スズキ,35.45673874,139.6378768,KANAGAWA_YOKOHAMA
臨港・新港パーク,クロダイ,35.456887,139.638492,KANAGAWA_YOKOHAMA
臨港・新港パーク,クロダイ,35.456178,139.639913,KANAGAWA_YOKOHAMA
臨港・新港パーク,クロダイ,35.456445,139.639178,KANAGAWA_YOKOHAMA
臨港・新港パーク,メバル,35.456077,139.640525,KANAGAWA_YOKOHAMA
臨港・新港パーク,メバル,35.456396,139.639597,KANAGAWA_YOKOHAMA
臨港・新港パーク,メバル,35.456746,139.638256,KANAGAWA_YOKOHAMA
臨港・新港パーク,ハゼ,35.456523,139.637746,KANAGAWA_YOKOHAMA
臨港・新港パーク,ハゼ,35.456256,139.637268,KANAGAWA_YOKOHAMA
臨港・新港パーク,ハゼ,35.456213,139.640256,KANAGAWA_YOKOHAMA
臨港・新港パーク,ソイ,35.456606,139.639296,KANAGAWA_YOKOHAMA
臨港・新港パーク,カサゴ,35.456654,139.638787,KANAGAWA_YOKOHAMA
臨港・新港パーク,メバル,35.456781,139.638953,KANAGAWA_YOKOHAMA
臨港・新港パーク,スズキ,35.456488,139.639972,KANAGAWA_YOKOHAMA
津久井湖,中村ボート,35.588713248385,139.27165925503,KANAGAWA_SEISHO
相模湖,山口ボート,35.612703088634,139.18802529573,KANAGAWA_SEISHO
相模湖,レンタルボート,35.614971269761,139.17153507471,KANAGAWA_SEISHO
津久井湖,沼本ボート,35.595979075028,139.22763287252,KANAGAWA_SEISHO
相模湖,相武ボート,35.612614543608,139.1924925161,KANAGAWA_SEISHO
相模湖,相武ボート,35.612614543608,139.1924925161,KANAGAWA_SEISHO
相模湖,山口ボート,35.612703088634,139.18802529573,KANAGAWA_SEISHO
相模湖,山口ボート,35.612703088634,139.18802529573,KANAGAWA_SEISHO
相模湖,レンタルボート 日相園,35.612433062554,139.15675610304,KANAGAWA_SEISHO
相模湖,秋山川釣の家,35.607967457464,139.15286689997,KANAGAWA_SEISHO
相模湖,天狗岩釣り案内所,35.610495921772,139.1549295187,KANAGAWA_SEISHO
芦ノ湖,芦ノ湖フィッシングセンター おおば,35.236031036915,138.9973846391,KANAGAWA_SEISHO
芦ノ湖,つり舟 おか本,35.234104362476,138.99778425694,KANAGAWA_SEISHO
芦ノ湖,みのわボート,35.204236915953,139.02882281634,KANAGAWA_SEISHO
芦ノ湖,スズキボート,35.189509238813,139.02355760336,KANAGAWA_SEISHO
芦ノ湖,福井釣船店,35.189329175607,139.02333766222,KANAGAWA_SEISHO
芦ノ湖,湖水荘,35.189399786044,139.02309626339,KANAGAWA_SEISHO
芦ノ湖,くろさわボート,35.189277017544,139.02296751738,KANAGAWA_SEISHO
芦ノ湖,かまくらボート,35.189197674326,139.02287632227,KANAGAWA_SEISHO
鶴見川河口,ハゼ,35.501978526202,139.67747040136,KANAGAWA_YOKOHAMA
鶴見川河口,ハゼ,35.502255635078,139.67762500048,KANAGAWA_YOKOHAMA
鶴見川河口,ハゼ,35.502491,139.677778,KANAGAWA_YOKOHAMA
鶴見川河口,ハゼ,35.504104,139.679041,KANAGAWA_YOKOHAMA
鶴見川河口,ハゼ,35.503925,139.678851,KANAGAWA_YOKOHAMA
鶴見川河口,ハゼ,35.505537,139.681082,KANAGAWA_YOKOHAMA
鶴見川河口,ハゼ,35.505673,139.681377,KANAGAWA_YOKOHAMA
鶴見川河口,ハゼ,35.505778,139.681704,KANAGAWA_YOKOHAMA
鶴見川河口,ハゼ,35.506056,139.682568,KANAGAWA_YOKOHAMA
鶴見川河口,ハゼ,35.506137,139.682902,KANAGAWA_YOKOHAMA
鶴見川河口,ハゼ,35.49918,139.677327,KANAGAWA_YOKOHAMA
鶴見川河口,ハゼ,35.498717,139.677231,KANAGAWA_YOKOHAMA
鶴見川河口,ハゼ,35.498306,139.67722,KANAGAWA_YOKOHAMA
鶴見川河口,ハゼ,35.49511,139.677848,KANAGAWA_YOKOHAMA
鶴見川河口,ハゼ,35.495582,139.677676,KANAGAWA_YOKOHAMA
鶴見川河口,ハゼ,35.496142,139.677504,KANAGAWA_YOKOHAMA
鶴見川河口,ハゼ,35.496698,139.677376,KANAGAWA_YOKOHAMA
鶴見川河口,カレイ,35.494688,139.677461,KANAGAWA_YOKOHAMA
鶴見川河口,スズキ,35.499933,139.677075,KANAGAWA_YOKOHAMA
鶴見川河口,スズキ,35.499723,139.67729,KANAGAWA_YOKOHAMA
鶴見川河口,スズキ,35.503794,139.679393,KANAGAWA_YOKOHAMA
鶴見川河口,スズキ,35.504266,139.679714,KANAGAWA_YOKOHAMA
大黒町岸壁,ハゼ,35.479079,139.66986,KANAGAWA_YOKOHAMA
大黒町岸壁,ハゼ,35.478598,139.670182,KANAGAWA_YOKOHAMA
大黒町岸壁,ハゼ,35.478152,139.670461,KANAGAWA_YOKOHAMA
大黒町岸壁,シロギス,35.47838,139.670225,KANAGAWA_YOKOHAMA
大黒町岸壁,シロギス,35.478826,139.669924,KANAGAWA_YOKOHAMA
大黒町岸壁,カレイ,35.479106,139.669484,KANAGAWA_YOKOHAMA
大黒町岸壁,カレイ,35.477943,139.670289,KANAGAWA_YOKOHAMA
大黒町岸壁,カレイ,35.478537,139.669806,KANAGAWA_YOKOHAMA
大黒町岸壁,アナゴ,35.478826,139.669538,KANAGAWA_YOKOHAMA
大黒町岸壁,アナゴ,35.478222,139.669989,KANAGAWA_YOKOHAMA
大黒町岸壁,スズキ,35.478616708781,139.6694201231,KANAGAWA_YOKOHAMA
大黒町岸壁,スズキ,35.478004,139.669849,KANAGAWA_YOKOHAMA
大岡川分水路,フッコ,35.395755,139.622294,KANAGAWA_YOKOHAMA
大岡川分水路,カサゴ,35.395679754574,139.62249152335,KANAGAWA_YOKOHAMA
大岡川分水路,カレイ,35.395599,139.622719,KANAGAWA_YOKOHAMA
大岡川分水路,カサゴ,35.394882,139.622583,KANAGAWA_YOKOHAMA
大岡川分水路,アイナメ,35.394684,139.622704,KANAGAWA_YOKOHAMA
大岡川分水路,カサゴ,35.394511,139.622795,KANAGAWA_YOKOHAMA
大岡川分水路,アイナメ,35.394418,139.623106,KANAGAWA_YOKOHAMA
大岡川分水路,フッコ,35.395098,139.622636,KANAGAWA_YOKOHAMA
大岡川分水路,フッコ,35.394814,139.62284,KANAGAWA_YOKOHAMA
大岡川分水路,カレイ,35.395259,139.622552,KANAGAWA_YOKOHAMA
大岡川分水路,シロギス,35.39542,139.622666,KANAGAWA_YOKOHAMA
大岡川分水路,イシモチ,35.395284,139.62284,KANAGAWA_YOKOHAMA
七里ヶ浜,シロギス,35.303376248415,139.51128579915,KANAGAWA_SEISHO
七里ヶ浜,シロギス,35.303624,139.510542,KANAGAWA_SEISHO
七里ヶ浜,シロギス,35.303129046755,139.51066371166,KANAGAWA_SEISHO
七里ヶ浜,シロギス,35.30293,139.511407,KANAGAWA_SEISHO
七里ヶ浜,シロギス,35.301574,139.523728,KANAGAWA_SEISHO
七里ヶ浜,シロギス,35.301246418194,139.52456205643,KANAGAWA_SEISHO
七里ヶ浜,シロギス,35.301134,139.522601,KANAGAWA_SEISHO
七里ヶ浜,カワハギ,35.30173,139.522709,KANAGAWA_SEISHO
七里ヶ浜,カワハギ,35.300887221436,139.52392479608,KANAGAWA_SEISHO
東電防波堤,アイナメ,35.211685,139.723188,KANAGAWA_MIURA
東電防波堤,カレイ,35.211668,139.721965,KANAGAWA_MIURA
東電防波堤,マダイ,35.211050709833,139.72844481468,KANAGAWA_MIURA
東電防波堤,アイナメ,35.211438847277,139.72112774849,KANAGAWA_MIURA
東電防波堤,カサゴ,35.211089,139.721278,KANAGAWA_MIURA
東電防波堤,アイナメ,35.210053,139.722308,KANAGAWA_MIURA
末広水際線プロムナード,アオリイカ,35.478246510312,139.69008663899,KANAGAWA_YOKOHAMA
末広水際線プロムナード,アオリイカ,35.478022644159,139.68832433224,KANAGAWA_YOKOHAMA
末広水際線プロムナード,アオリイカ,35.478546998037,139.69087779522,KANAGAWA_YOKOHAMA
末広水際線プロムナード,アオリイカ,35.479216010212,139.6914332308,KANAGAWA_YOKOHAMA
末広水際線プロムナード,アオリイカ,35.480316,139.692571,KANAGAWA_YOKOHAMA
平潟湾,メバル,35.330952,139.622868,KANAGAWA_MIURA
平潟湾,フッコ,35.328946,139.626408,KANAGAWA_MIURA
野島公園,メバル,35.330995369661,139.63316470385,KANAGAWA_MIURA
野島公園,メバル,35.331188,139.633768,KANAGAWA_MIURA
野島公園,メバル,35.330943,139.634122,KANAGAWA_MIURA
平潟湾,メバル,35.328615,139.629391,KANAGAWA_MIURA
うみかぜ公園,イナダ,35.279636,139.681267,KANAGAWA_MIURA
うみかぜ公園,スズキ,35.279227,139.681601,KANAGAWA_MIURA
うみかぜ公園,サバ,35.279115,139.681055,KANAGAWA_MIURA
うみかぜ公園,サバ,35.278929,139.68148,KANAGAWA_MIURA
うみかぜ公園,メバル,35.27695388254,139.68431336368,KANAGAWA_MIURA
旗山崎,カレイ,35.26670224489,139.7250638871,KANAGAWA_MIURA
旗山崎,カレイ,35.267374,139.725701,KANAGAWA_MIURA
旗山崎,カレイ,35.2672,139.724123,KANAGAWA_MIURA
伊勢山﨑・三軒家崎,シロギス,35.259593027941,139.74393188953,KANAGAWA_MIURA
伊勢山﨑・三軒家崎,シロギス,35.259882,139.743825,KANAGAWA_MIURA
伊勢山﨑・三軒家崎,シロギス,35.26018,139.743438,KANAGAWA_MIURA
三浦海岸,クロダイ,35.178552258073,139.65583741665,KANAGAWA_MIURA
三浦海岸,クロダイ,35.178799,139.655687,KANAGAWA_MIURA
三浦海岸,クロダイ,35.173281664218,139.6569532156,KANAGAWA_MIURA
三浦海岸,クロダイ,35.17351,139.656578,KANAGAWA_MIURA
三浦海岸,クロダイ,35.173116,139.657962,KANAGAWA_MIURA
金田湾,イイダコ,35.164239,139.663735,KANAGAWA_MIURA
金田湾,イイダコ,35.163569,139.664039,KANAGAWA_MIURA
金田湾,イイダコ,35.165033,139.663614,KANAGAWA_MIURA
金田湾,シロギス,35.164832222338,139.66856013611,KANAGAWA_MIURA
金田湾,シロギス,35.163122,139.668257,KANAGAWA_MIURA
金田湾,マゴチ,35.163988960787,139.66792287576,KANAGAWA_MIURA
金田湾,マゴチ,35.16369058292,139.669136705,KANAGAWA_MIURA
名向﨑,メバル,35.155343106783,139.61941901809,KANAGAWA_MIURA
名向﨑,メバル,35.155132478613,139.61935832663,KANAGAWA_MIURA
名向﨑,メバル,35.154909178337,139.6192824623,KANAGAWA_MIURA
名向﨑,メバル,35.155536,139.61929,KANAGAWA_MIURA
名向﨑,メジナ,35.156157,139.608115,KANAGAWA_MIURA
名向﨑,メジナ,35.156666,139.608343,KANAGAWA_MIURA
名向﨑,メジナ,35.156641,139.608768,KANAGAWA_MIURA
名向﨑,クロダイ,35.156387,139.608275,KANAGAWA_MIURA
名向﨑,クロダイ,35.156784,139.608639,KANAGAWA_MIURA
名向﨑,クロダイ,35.156753,139.609033,KANAGAWA_MIURA
相模川,スズキ,35.372257054487,139.36908949724,KANAGAWA_SEISHO
相模川,スズキ,35.370478645083,139.36863988638,KANAGAWA_SEISHO
相模川,スズキ,35.372387,139.369492,KANAGAWA_SEISHO
相模川,スズキ,35.371966,139.368983,KANAGAWA_SEISHO
相模川,スズキ,35.369972,139.368565,KANAGAWA_SEISHO
相模川,スズキ,35.367432,139.369116,KANAGAWA_SEISHO
相模川,スズキ,35.366962,139.368873,KANAGAWA_SEISHO
真鶴半島先端,メジナ,35.147548,139.15692,KANAGAWA_SEISHO
真鶴半島先端,メジナ,35.147614580004,139.1572156039,KANAGAWA_SEISHO
真鶴半島先端,メジナ,35.147509090188,139.15749630191,KANAGAWA_SEISHO
真鶴半島先端,メジナ,35.140519,139.158642,KANAGAWA_SEISHO
真鶴半島先端,メジナ,35.140475,139.159165,KANAGAWA_SEISHO
真鶴半島先端,メジナ,35.140388,139.158892,KANAGAWA_SEISHO
湯河原海浜公園,アオリイカ,35.143340475837,139.11501227861,KANAGAWA_SEISHO
湯河原海浜公園,アオリイカ,35.143545614322,139.11528539019,KANAGAWA_SEISHO
湯河原海浜公園,アオリイカ,35.14250693734,139.11400169134,KANAGAWA_SEISHO
湯河原海浜公園,アオリイカ,35.142265556328,139.11374419928,KANAGAWA_SEISHO
湯河原海浜公園,アオリイカ,35.142019812836,139.11340624094,KANAGAWA_SEISHO
末広水際線プロムナード,メバル,35.482342091665,139.69366364202,KANAGAWA_YOKOHAMA
末広水際線プロムナード,メバル,35.481934259614,139.69405813653,KANAGAWA_YOKOHAMA
末広水際線プロムナード,メバル,35.481353621148,139.69288982588,KANAGAWA_YOKOHAMA
末広水際線プロムナード,メバル,35.47882,139.689195,KANAGAWA_YOKOHAMA
横浜沖堤・第一新堤,メバル,35.44267240591,139.68819761724,KANAGAWA_YOKOHAMA
横浜沖堤・第一新堤,メバル,35.441436,139.687424,KANAGAWA_YOKOHAMA
横浜沖堤・第一新堤,メバル,35.44117,139.687871,KANAGAWA_YOKOHAMA
横浜沖堤・第一新堤,メバル,35.441943,139.687469,KANAGAWA_YOKOHAMA
横浜沖堤・第一新堤,メバル,35.44173937454,139.68726448601,KANAGAWA_YOKOHAMA
横浜沖堤・第一新堤,メバル,35.443074,139.688585,KANAGAWA_YOKOHAMA
横浜沖堤・第一新堤,アジ,35.442666,139.687879,KANAGAWA_YOKOHAMA
横浜沖堤・第一新堤,アジ,35.442388,139.688645,KANAGAWA_YOKOHAMA
横浜沖堤・第一新堤,アジ,35.443705,139.689078,KANAGAWA_YOKOHAMA
横浜沖堤・第一新堤,アジ,35.443693,139.689442,KANAGAWA_YOKOHAMA
横浜沖堤・第一新堤,アジ,35.443439,139.68951,KANAGAWA_YOKOHAMA
横浜沖堤・赤灯ハナレ,メバル,35.455916,139.675635,KANAGAWA_YOKOHAMA
横浜沖堤・赤灯ハナレ,メバル,35.455855,139.675892,KANAGAWA_YOKOHAMA
横浜沖堤・白灯テトラ堤,メバル,35.45280182822,139.6739351237,KANAGAWA_YOKOHAMA
横浜沖堤・白灯テトラ堤,メバル,35.45277,139.674256,KANAGAWA_YOKOHAMA
横浜沖堤・白灯テトラ堤,メバル,35.452264,139.673965,KANAGAWA_YOKOHAMA
アイクル横,メバル,35.312334935603,139.64560738388,KANAGAWA_MIURA
アイクル横,メバル,35.312453,139.645274,KANAGAWA_MIURA
アイクル横,メバル,35.312267,139.645349,KANAGAWA_MIURA
福浦埋立地,メバル,35.339459,139.645747,KANAGAWA_MIURA
福浦埋立地,アジ,35.339232,139.645017,KANAGAWA_MIURA
福浦埋立地,アジ,35.338969,139.645597,KANAGAWA_MIURA
福浦埋立地,メバル,35.339828,139.647399,KANAGAWA_MIURA
福浦埋立地,メバル,35.340752962059,139.65257048607,KANAGAWA_MIURA
福浦埋立地,メバル,35.34648,139.657248,KANAGAWA_MIURA
福浦埋立地,メバル,35.352605,139.657227,KANAGAWA_MIURA
根岸港,メバル,35.405505,139.63062,KANAGAWA_YOKOHAMA
根岸港,メバル,35.405296,139.633124,KANAGAWA_YOKOHAMA
根岸港,メバル,35.408176,139.628572,KANAGAWA_YOKOHAMA
大津港新堤防,メバル,35.265318114331,139.69462484121,KANAGAWA_MIURA
大津港新堤防,メバル,35.265152,139.69537,KANAGAWA_MIURA
大津港新堤防,メバル,35.265300530561,139.69504863024,KANAGAWA_MIURA
大津港新堤防,メバル,35.265472,139.694469,KANAGAWA_MIURA
大津港新堤防,メバル,35.266734,139.6915,KANAGAWA_MIURA
大津港新堤防,メバル,35.266453,139.691661,KANAGAWA_MIURA
大津港新堤防,メバル,35.266435,139.692315,KANAGAWA_MIURA
大津港新堤防,メバル,35.266137,139.692476,KANAGAWA_MIURA
大津港新堤防,メバル,35.265945,139.693066,KANAGAWA_MIURA
大津港新堤防,メバル,35.265725,139.693624,KANAGAWA_MIURA
大津港新堤防,メバル,35.266041,139.693453,KANAGAWA_MIURA
大津港新堤防,アジ,35.266225,139.692884,KANAGAWA_MIURA
灯台下の磯,メバル,35.13953,139.678372,KANAGAWA_MIURA
灯台下の磯,メバル,35.139065,139.678104,KANAGAWA_MIURA
灯台下の磯,メバル,35.139284,139.677481,KANAGAWA_MIURA
灯台下の磯,メバル,35.138942,139.677514,KANAGAWA_MIURA
灯台下の磯,メバル,35.139142091153,139.67704832554,KANAGAWA_MIURA
灯台下の磯,メバル,35.139223,139.676623,KANAGAWA_MIURA
灯台下の磯,メバル,35.140775,139.678218,KANAGAWA_MIURA
灯台下の磯,メバル,35.140459,139.678432,KANAGAWA_MIURA
灯台下の磯,メバル,35.141144,139.678883,KANAGAWA_MIURA
灯台下の磯,アジ,35.141407,139.678904,KANAGAWA_MIURA
灯台下の磯,アジ,35.141162,139.679269,KANAGAWA_MIURA
灯台下の磯,アジ,35.140626,139.678304,KANAGAWA_MIURA
灯台下の磯,アジ,35.140275,139.678529,KANAGAWA_MIURA
松輪港,メバル,35.14363,139.667577,KANAGAWA_MIURA
松輪港,メバル,35.142915,139.667529,KANAGAWA_MIURA
松輪港,メバル,35.143064,139.667556,KANAGAWA_MIURA
松輪港,メバル,35.143442,139.667577,KANAGAWA_MIURA
松輪港,メバル,35.143257,139.667572,KANAGAWA_MIURA
三崎港,メバル,35.137342,139.621896,KANAGAWA_MIURA
三崎港,メバル,35.137255,139.621395,KANAGAWA_MIURA
三崎港,メバル,35.136969,139.615781,KANAGAWA_MIURA
三崎港,メバル,35.13687,139.616646,KANAGAWA_MIURA
三崎港,メバル,35.137305,139.614234,KANAGAWA_MIURA
三崎港,メバル,35.137156,139.615144,KANAGAWA_MIURA
三崎港,アジ,35.137516,139.615235,KANAGAWA_MIURA
三崎港,アジ,35.137367,139.615918,KANAGAWA_MIURA
三崎港,メバル,35.140722,139.617436,KANAGAWA_MIURA
三崎港,メバル,35.139875,139.616653,KANAGAWA_MIURA
三崎港,メバル,35.139234,139.617324,KANAGAWA_MIURA
三崎港,メバル,35.138879,139.617997,KANAGAWA_MIURA
三崎港,メバル,35.138712,139.618909,KANAGAWA_MIURA
三崎港,メバル,35.140424,139.616931,KANAGAWA_MIURA
三崎港,メバル,35.14022,139.616202,KANAGAWA_MIURA
三崎港,メバル,35.142994,139.622985,KANAGAWA_MIURA
三崎港,メバル,35.143013,139.623554,KANAGAWA_MIURA
三崎港,メバル,35.142708,139.623766,KANAGAWA_MIURA
三崎港,メバル,35.142572,139.623508,KANAGAWA_MIURA
三崎港,メバル,35.140201,139.620694,KANAGAWA_MIURA
三崎港,メバル,35.138886,139.622636,KANAGAWA_MIURA
三崎港,メバル,35.139197,139.621369,KANAGAWA_MIURA
三崎港,メバル,35.139011,139.621778,KANAGAWA_MIURA
三崎港,メバル,35.13893,139.62218,KANAGAWA_MIURA
三崎港,アジ,35.138805,139.62237,KANAGAWA_MIURA
三崎港,メバル,35.140103,139.613411,KANAGAWA_MIURA
三崎港,メバル,35.139867,139.613274,KANAGAWA_MIURA
三崎港,メバル,35.139612,139.613145,KANAGAWA_MIURA
三崎港,アジ,35.14004,139.613153,KANAGAWA_MIURA
三崎港,アジ,35.139773,139.612986,KANAGAWA_MIURA
三崎港,アジ,35.139401,139.612986,KANAGAWA_MIURA
灘ヶ崎,メバル,35.137694,139.610452,KANAGAWA_MIURA
灘ヶ崎,メバル,35.1375016501,139.61078435183,KANAGAWA_MIURA
灘ヶ崎,メバル,35.137312,139.611197,KANAGAWA_MIURA
灘ヶ崎,スズキ,35.136922573141,139.60920989513,KANAGAWA_MIURA
灘ヶ崎,メバル,35.136177,139.610358,KANAGAWA_MIURA
灘ヶ崎,メバル,35.13587826195,139.61016476154,KANAGAWA_MIURA
灘ヶ崎,メバル,35.135799,139.609671,KANAGAWA_MIURA
灘ヶ崎,メバル,35.135597,139.608856,KANAGAWA_MIURA
灘ヶ崎,メバル,35.135167,139.608781,KANAGAWA_MIURA
灘ヶ崎,メバル,35.134983,139.608598,KANAGAWA_MIURA
灘ヶ崎,メバル,35.134781,139.608276,KANAGAWA_MIURA
灘ヶ崎,メバル,35.134465,139.608427,KANAGAWA_MIURA
灘ヶ崎,メバル,35.134184,139.608899,KANAGAWA_MIURA
灘ヶ崎,メバル,35.133762,139.609457,KANAGAWA_MIURA
灘ヶ崎,メバル,35.133569,139.609854,KANAGAWA_MIURA
灘ヶ崎,メバル,35.133288,139.609221,KANAGAWA_MIURA
灘ヶ崎,メバル,35.132849,139.611152,KANAGAWA_MIURA
灘ヶ崎,メバル,35.132664,139.610766,KANAGAWA_MIURA
灘ヶ崎,メバル,35.132588957101,139.61160499238,KANAGAWA_MIURA
灘ヶ崎,メバル,35.132637,139.612337,KANAGAWA_MIURA
小坪港,メバル,35.294178,139.553717,KANAGAWA_MIURA
小坪港,メバル,35.294371,139.553974,KANAGAWA_MIURA
小坪港,メバル,35.294239,139.553352,KANAGAWA_MIURA
小坪港,メバル,35.294388,139.552064,KANAGAWA_MIURA
小坪港,メバル,35.294563,139.551871,KANAGAWA_MIURA
小坪港,メバル,35.294379,139.55171,KANAGAWA_MIURA
小坪港,メバル,35.294143,139.55303,KANAGAWA_MIURA
小坪港,メバル,35.2956,139.555383,KANAGAWA_MIURA
小坪港,メバル,35.295723,139.555587,KANAGAWA_MIURA
小坪港,メバル,35.295259,139.555812,KANAGAWA_MIURA
小坪港,メバル,35.295013,139.555823,KANAGAWA_MIURA
小坪港,メバル,35.295101,139.555448,KANAGAWA_MIURA
三戸浜堤防,メバル,35.17344,139.617621,KANAGAWA_MIURA
三戸浜堤防,メバル,35.173651,139.617761,KANAGAWA_MIURA
三戸浜堤防,メバル,35.173212,139.617632,KANAGAWA_MIURA
三戸浜堤防,メバル,35.172975,139.617675,KANAGAWA_MIURA
三戸浜堤防,メバル,35.172756,139.617707,KANAGAWA_MIURA
三戸浜堤防,メバル,35.173642,139.617407,KANAGAWA_MIURA
御幸の浜突堤,メバル,35.242863,139.157845,KANAGAWA_SEISHO
御幸の浜突堤,メバル,35.24292,139.157609,KANAGAWA_SEISHO
御幸の浜突堤,メバル,35.242793,139.157673,KANAGAWA_SEISHO
御幸の浜突堤,メバル,35.243056,139.158328,KANAGAWA_SEISHO
御幸の浜突堤,メバル,35.24345,139.158575,KANAGAWA_SEISHO
御幸の浜突堤,メバル,35.243358,139.158129,KANAGAWA_SEISHO
御幸の浜突堤,アジ,35.243249,139.158462,KANAGAWA_SEISHO
御幸の浜突堤,アジ,35.243157,139.158671,KANAGAWA_SEISHO
湯河原海浜公園,メバル,35.143031,139.114678,KANAGAWA_SEISHO
湯河原海浜公園,メバル,35.142932,139.114421,KANAGAWA_SEISHO
湯河原海浜公園,メバル,35.142739,139.114299,KANAGAWA_SEISHO
湯河原海浜公園,メバル,35.143278380158,139.11460261124,KANAGAWA_SEISHO
湯河原海浜公園,メバル,35.143495518877,139.11485296352,KANAGAWA_SEISHO
湯河原海浜公園,メバル,35.142669248761,139.1138997674,KANAGAWA_SEISHO
湯河原海浜公園,メバル,35.142454244741,139.11363691092,KANAGAWA_SEISHO
湯河原海浜公園,メバル,35.142212785411,139.11337405443,KANAGAWA_SEISHO
湯河原海浜公園,アジ,35.145668,139.117265,KANAGAWA_SEISHO
湯河原海浜公園,アジ,35.145463,139.117364,KANAGAWA_SEISHO
湯河原海浜公園,アジ,35.145177,139.117152,KANAGAWA_SEISHO
真鶴港,メバル,35.153421,139.143157,KANAGAWA_SEISHO
真鶴港,メバル,35.153609,139.142996,KANAGAWA_SEISHO
真鶴港,メバル,35.1536,139.142471,KANAGAWA_SEISHO
真鶴港,メバル,35.153321760567,139.14220584674,KANAGAWA_SEISHO
真鶴港,メバル,35.152977,139.142079,KANAGAWA_SEISHO
真鶴港,メバル,35.152802,139.142406,KANAGAWA_SEISHO
真鶴港,メバル,35.152407,139.142079,KANAGAWA_SEISHO
真鶴港,メバル,35.152108,139.142889,KANAGAWA_SEISHO
真鶴港,メバル,35.15218,139.142054,KANAGAWA_SEISHO
真鶴港,メバル,35.151901,139.145244,KANAGAWA_SEISHO
真鶴港,メバル,35.151833,139.145009,KANAGAWA_SEISHO
湯河原海浜公園,メバル,35.143719,139.115111,KANAGAWA_SEISHO
湯河原海浜公園,メバル,35.141318,139.111963,KANAGAWA_SEISHO
湯河原海浜公園,メバル,35.141257,139.112054,KANAGAWA_SEISHO
江ノ浦港,メバル,35.192447,139.139413,KANAGAWA_SEISHO
江ノ浦港,メバル,35.192358569953,139.13908034563,KANAGAWA_SEISHO
江ノ浦港,メバル,35.192319,139.138764,KANAGAWA_SEISHO
江ノ浦港,イワシ,35.19253,139.139075,KANAGAWA_SEISHO
江ノ浦港,メバル,35.192499,139.138775,KANAGAWA_SEISHO
江ノ浦港,アオリイカ,35.192635,139.139209,KANAGAWA_SEISHO
江ノ浦港,メバル,35.192271,139.138989,KANAGAWA_SEISHO
八貫山下,メバル,35.179955423685,139.13686215878,KANAGAWA_SEISHO
八貫山下,メバル,35.179376599143,139.13718402386,KANAGAWA_SEISHO
八貫山下,メバル,35.178833,139.137527,KANAGAWA_SEISHO
八貫山下,メバル,35.180481579687,139.13650810719,KANAGAWA_SEISHO
八貫山下,メバル,35.184857,139.13699,KANAGAWA_SEISHO
八貫山下,メバル,35.185136,139.137278,KANAGAWA_SEISHO
八貫山下,メバル,35.18538954238,139.13758950242,KANAGAWA_SEISHO
八貫山下,メバル,35.185652,139.137916,KANAGAWA_SEISHO
福浦港,メバル,35.150302,139.131645,KANAGAWA_SEISHO
福浦港,メバル,35.150627,139.131361,KANAGAWA_SEISHO
福浦港,メバル,35.150736,139.132005,KANAGAWA_SEISHO
福浦港,メバル,35.150666,139.132182,KANAGAWA_SEISHO
福浦港,メバル,35.150543,139.132407,KANAGAWA_SEISHO
福浦港,メバル,35.15078,139.131833,KANAGAWA_SEISHO
福浦港,メバル,35.150798,139.131533,KANAGAWA_SEISHO
福浦港,メバル,35.150455,139.131436,KANAGAWA_SEISHO
福浦港,アジ,35.150147984936,139.13178473711,KANAGAWA_SEISHO
福浦港,アジ,35.15002515005,139.13164526224,KANAGAWA_SEISHO
福浦港,メバル,35.150117253141,139.13148969412,KANAGAWA_SEISHO
福浦港,メバル,35.150293,139.131179,KANAGAWA_SEISHO
福浦港,メバル,35.15019188951,139.13129121065,KANAGAWA_SEISHO
平潟湾,ハゼ,35.322181,139.632996,KANAGAWA_MIURA
平潟湾,ハゼ,35.322295,139.63232,KANAGAWA_MIURA
平潟湾,ハゼ,35.323204203242,139.6317833662,KANAGAWA_MIURA
平潟湾,ハゼ,35.323835,139.631751,KANAGAWA_MIURA
平潟湾,ハゼ,35.323493,139.631783,KANAGAWA_MIURA
汽車道,ハゼ,35.451931,139.639519,KANAGAWA_YOKOHAMA
汽車道,ハゼ,35.451293,139.64071,KANAGAWA_YOKOHAMA
汽車道,ハゼ,35.451711729405,139.63993728161,KANAGAWA_YOKOHAMA
汽車道,ハゼ,35.451519504013,139.64031279087,KANAGAWA_YOKOHAMA
大岡川,ハゼ,35.439353,139.623364,KANAGAWA_YOKOHAMA
大岡川,ハゼ,35.439253,139.623165,KANAGAWA_YOKOHAMA
大岡川,ハゼ,35.439047,139.622758,KANAGAWA_YOKOHAMA
大岡川,ハゼ,35.438706174676,139.62180286646,KANAGAWA_YOKOHAMA
大岡川,ハゼ,35.438671,139.621594,KANAGAWA_YOKOHAMA
大岡川,ハゼ,35.438829,139.622275,KANAGAWA_YOKOHAMA
大岡川,ハゼ,35.438929,139.622516,KANAGAWA_YOKOHAMA
大岡川,ハゼ,35.438754,139.622039,KANAGAWA_YOKOHAMA
野島公園,ハゼ,35.325034,139.63615,KANAGAWA_MIURA
野島公園,ハゼ,35.325411,139.636547,KANAGAWA_MIURA
野島公園,ハゼ,35.325779,139.636944,KANAGAWA_MIURA
野島公園,ハゼ,35.326103,139.637277,KANAGAWA_MIURA
野島公園,ハゼ,35.324684,139.63571,KANAGAWA_MIURA
赤レンガ・象の鼻パーク,ハゼ,35.450923,139.644105,KANAGAWA_YOKOHAMA