{
  "type": "FeatureCollection",
  "generator": "overpass-turbo",
  "copyright": "The data included in this document is from www.openstreetmap.org. The data is made available under ODbL.",
  "timestamp": "2026-08-26T10:07:43Z",
  "features": [
    {
      "type": "Feature",
      "properties": {
        "@id": "way/26322912",
        "addr:block_number": "4-1",
        "addr:city": "浦安市",
        "addr:neighbourhood": "1",
        "addr:postcode": "279-0012",
        "addr:province": "千葉県",
        "addr:quarter": "入船",
        "building": "retail",
        "building:levels": "8",
        "building:material": "concrete",
        "name": "イオン新浦安ショッピングセンター",
        "name:ja": "イオン新浦安ショッピングセンター",
        "operator": "イオンリテール",
        "shop": "mall",
        "website": "https://www.aeon.jp/sc/shinurayasu/",
        "wikidata": "Q11308174",
        "wikipedia": "ja:イオンスタイル新浦安",
        "@geometry": "center"
      },
      "geometry": {
        "type": "Point",
        "coordinates": [
          139.914895,
          35.6489623
        ]
      },
      "id": "way/26322912"
    },
    {
      "type": "Feature",
      "properties": {
        "@id": "way/62111068",
        "area": "yes",
        "highway": "services",
        "name": "道の駅；水の郷さわら",
        "name:en": "Mizunosato Sawara",
        "name:ja": "道の駅 水の郷さわら",
        "wikidata": "Q11641078",
        "wikipedia": "ja:道の駅・川の駅水の郷さわら",
        "@geometry": "center"
      },
      "geometry": {
        "type": "Point",
        "coordinates": [
          140.5068407,
          35.8962814
        ]
      },
      "id": "way/62111068"
    },
    {
      "type": "Feature",
      "properties": {
        "@id": "way/121820707",
        "addr:block_number": "23",
        "addr:city": "習志野市",
        "addr:housenumber": "1",
        "addr:neighbourhood": "津田沼一丁目",
        "addr:postcode": "2750016",
        "addr:province": "千葉県",
        "building": "yes",
        "building:levels": "5",
        "name": "イオンモール津田沼North",
        "name:en": "ÆON MALL TSUDANUMA NORTH",
        "name:ja": "イオンモール津田沼North",
        "operator": "イオンリテール",
        "shop": "mall",
        "website": "https://www.aeon.jp/sc/tsudanuma/",
        "wikidata": "Q11286154",
        "wikimedia_commons": "Category:AEON MALL Tsudanuma",
        "wikipedia": "ja:イオンモール津田沼",
        "@geometry": "center"
      },
      "geometry": {
        "type": "Point",
        "coordinates": [
          140.0247484,
          35.6902886
        ]
      },
      "id": "way/121820707"
    },
    {
      "type": "Feature",
      "properties": {
        "@id": "way/143827439",
        "addr:block_number": "24",
        "addr:city": "成田市",
        "addr:country": "JP",
        "addr:neighbourhood": "ウィング土屋",
        "addr:postcode": "286-0029",
        "addr:province": "千葉県",
        "brand": "イオンモール",
        "brand:en": "AEON MALL",
        "brand:ja": "イオンモール",
        "brand:wikidata": "Q11286068",
        "building": "retail",
        "building:levels": "3",
        "name": "イオンモール成田",
        "name:en": "Aeon Mall Narita",
        "name:ja": "イオンモール成田",
        "shop": "mall",
        "source": "Bing",
        "toilets": "yes",
        "website": "https://narita-aeonmall.com/",
        "wikidata": "Q11286132",
        "wikipedia": "ja:イオンモール成田",
        "@geometry": "center"
      },
      "geometry": {
        "type": "Point",
        "coordinates": [
          140.3185422,
          35.795293
        ]
      },
      "id": "way/143827439"
    },
    {
      "type": "Feature",
      "properties": {
        "@id": "node/156303475",
        "highway": "motorway_junction",
        "name": "千葉北IC",
        "name:en": "Chiba-kita IC",
        "name:es": "Chiba-kita IC",
        "name:ja": "千葉北IC",
        "name:ja-Hira": "ちばきたいんたーちぇんじ",
        "name:ja-Latn": "Chiba-kita IC",
        "ref": "6",
        "source:name": "wikipedia",
        "source:ref": "wikipedia",
        "wikidata": "Q10904972",
        "wikipedia": "ja:千葉北インターチェンジ"
      },
      "geometry": {
        "type": "Point",
        "coordinates": [
          140.115795,
          35.6699659
        ]
      },
      "id": "node/156303475"
    },
    {
      "type": "Feature",
      "properties": {
        "@id": "node/157019730",
        "highway": "motorway_junction",
        "name": "佐倉IC",
        "name:en": "Sakura IC",
        "name:es": "Sakura IC",
        "name:ja": "佐倉IC",
        "name:ja-Hira": "さくらいんたーちぇんじ",
        "name:ja-Latn": "Sakura IC",
        "ref": "8",
        "source:name": "wikipedia",
        "source:ref": "wikipedia",
        "wikidata": "Q10885912",
        "wikipedia": "ja:佐倉インターチェンジ"
      },
      "geometry": {
        "type": "Point",
        "coordinates": [
          140.2409976,
          35.6877048
        ]
      },
      "id": "node/157019730"
    },
    {
      "type": "Feature",
      "properties": {
        "@id": "way/170351725",
        "area": "yes",
        "highway": "services",
        "name": "道の駅鴨川オーシャンパーク",
        "name:en": "Kamogawa Ocean Park",
        "source": "Bing",
        "wikidata": "Q11641580",
        "wikipedia": "ja:道の駅鴨川オーシャンパーク",
        "@geometry": "center"
      },
      "geometry": {
        "type": "Point",
        "coordinates": [
          140.0770392,
          35.0641546
        ]
      },
      "id": "way/170351725"
    },
    {
      "type": "Feature",
      "properties": {
        "@id": "way/171995267",
        "addr:block_number": "1",
        "addr:city": "船橋市",
        "addr:country": "JP",
        "addr:housenumber": "8",
        "addr:neighbourhood": "山手一丁目",
        "addr:postcode": "273-0045",
        "addr:province": "千葉県",
        "branch": "船橋",
        "branch:en": "Funabashi",
        "brand": "イオンモール",
        "brand:en": "AEON MALL",
        "brand:ja": "イオンモール",
        "brand:wikidata": "Q11286068",
        "landuse": "retail",
        "name": "イオンモール船橋",
        "name:en": "AEON MALL",
        "name:ja": "イオンモール",
        "opening_hours": "09:00-22:00",
        "operator": "AEON",
        "phone": "+81-47-420-7300",
        "shop": "mall",
        "website": "https://www.aeon.jp/sc/funabashi/",
        "wikidata": "Q11286179",
        "wikipedia": "ja:イオンモール船橋",
        "@geometry": "center"
      },
      "geometry": {
        "type": "Point",
        "coordinates": [
          139.9784313,
          35.7119594
        ]
      },
      "id": "way/171995267"
    },
    {
      "type": "Feature",
      "properties": {
        "@id": "way/181313049",
        "addr:block_number": "1",
        "addr:city": "船橋市",
        "addr:country": "JP",
        "addr:housenumber": "1",
        "addr:neighbourhood": "2丁目",
        "addr:postcode": "273-8530",
        "addr:province": "千葉県",
        "addr:quarter": "浜町",
        "name": "ららぽーとTOKYO-BAY",
        "name:en": "LaLaport",
        "name:ja": "ららぽーとTOKYO-BAY",
        "opening_hours": "10:00-18:00",
        "phone": "047-433-9800",
        "shop": "mall",
        "source": "Bing, 2010/7-2011/6",
        "website": "https://mitsui-shopping-park.com/lalaport/tokyo-bay/",
        "wikidata": "Q11281386",
        "wikimedia_commons": "Category:LaLaport Tokyo-Bay",
        "wikipedia": "ja:ららぽーとTOKYO-BAY",
        "@geometry": "center"
      },
      "geometry": {
        "type": "Point",
        "coordinates": [
          139.9901425,
          35.6862114
        ]
      },
      "id": "way/181313049"
    },
    {
      "type": "Feature",
      "properties": {
        "@id": "way/185931649",
        "addr:block_number": "2660",
        "addr:city": "銚子市",
        "addr:housenumber": "1",
        "addr:neighbourhood": "2",
        "addr:postcode": "288-0815",
        "addr:province": "千葉県",
        "addr:quarter": "三崎町",
        "branch": "銚子",
        "building": "retail",
        "name": "イオンモール",
        "name:en": "AEON Mall",
        "name:ja": "イオンモール",
        "phone": "0479-20-0400",
        "shop": "mall",
        "website": "https://www.aeon.jp/sc/choshi/",
        "wikidata": "Q11286187",
        "wikipedia": "ja:イオンモール銚子",
        "@geometry": "center"
      },
      "geometry": {
        "type": "Point",
        "coordinates": [
          140.7879481,
          35.7100059
        ]
      },
      "id": "way/185931649"
    },
    {
      "type": "Feature",
      "properties": {
        "@id": "way/209136273",
        "addr:block_number": "1",
        "addr:city": "千葉市",
        "addr:housenumber": "3",
        "addr:neighbourhood": "ひび野",
        "addr:postcode": "2610021",
        "addr:province": "千葉県",
        "addr:suburb": "美浜区",
        "branch": "海浜幕張店",
        "brand": "イオン",
        "brand:en": "AEON",
        "brand:ja": "イオン",
        "brand:wikidata": "Q11285951",
        "brand:wikipedia": "ja:イオン (店舗ブランド)",
        "building": "retail",
        "building:levels": "2",
        "height": "14",
        "layer": "1",
        "name": "イオン",
        "name:en": "AEON",
        "name:es": "AEON",
        "name:ja": "イオン",
        "opening_hours": "Mo-Su 08:00-22:00",
        "operator": "イオンリテール",
        "phone": "+81 43 350 5511",
        "shop": "supermarket",
        "website": "https://www.aeon.com/store/%E3%82%A4%E3%82%AA%E3%83%B3/%E3%82%A4%E3%82%AA%E3%83%B3%E6%B5%B7%E6%B5%9C%E5%B9%95%E5%BC%B5%E5%BA%97/",
        "wikidata": "Q109595653",
        "wikipedia": "ja:イオン海浜幕張店",
        "@geometry": "center"
      },
      "geometry": {
        "type": "Point",
        "coordinates": [
          140.0455265,
          35.6518922
        ]
      },
      "id": "way/209136273"
    },
    {
      "type": "Feature",
      "properties": {
        "@id": "way/234267935",
        "area": "yes",
        "highway": "services",
        "name": "富楽里PA;道の駅富楽里とみやま",
        "name:en": "Furari Tomiyama",
        "opening_hours": "24/7",
        "source": "Bing",
        "wikidata": "Q11641266",
        "wikipedia": "ja:道の駅富楽里とみやま",
        "@geometry": "center"
      },
      "geometry": {
        "type": "Point",
        "coordinates": [
          139.8558332,
          35.1005805
        ]
      },
      "id": "way/234267935"
    },
    {
      "type": "Feature",
      "properties": {
        "@id": "way/234949773",
        "area": "yes",
        "highway": "services",
        "name": "道の駅おおつの里 花倶楽部",
        "source": "Bing",
        "wikidata": "Q11640675",
        "wikipedia": "ja:道の駅おおつの里",
        "@geometry": "center"
      },
      "geometry": {
        "type": "Point",
        "coordinates": [
          139.8610985,
          35.0577021
        ]
      },
      "id": "way/234949773"
    },
    {
      "type": "Feature",
      "properties": {
        "@id": "way/234949774",
        "area": "yes",
        "highway": "services",
        "name": "道の駅とみうら 枇杷倶楽部",
        "source": "Bing",
        "wikidata": "Q11640848",
        "wikipedia": "ja:道の駅とみうら",
        "@geometry": "center"
      },
      "geometry": {
        "type": "Point",
        "coordinates": [
          139.8376598,
          35.0376647
        ]
      },
      "id": "way/234949774"
    },
    {
      "type": "Feature",
      "properties": {
        "@id": "node/240466154",
        "highway": "motorway_junction",
        "name": "富津金谷IC",
        "name:en": "Futtsu-Kanaya IC",
        "name:ja": "富津金谷IC",
        "name:ja-Hira": "ふっつかなやいんたーちぇんじ",
        "name:ja-Latn": "Futtsukanaya IC",
        "name:ja_rm": "Futtsukanaya IC",
        "ref": "21",
        "source": "survey, 2013/3/8",
        "wikidata": "Q10954443",
        "wikipedia": "ja:富津金谷インターチェンジ"
      },
      "geometry": {
        "type": "Point",
        "coordinates": [
          139.8307848,
          35.1736048
        ]
      },
      "id": "node/240466154"
    },
    {
      "type": "Feature",
      "properties": {
        "@id": "node/241206275",
        "highway": "motorway_junction",
        "name": "蘇我IC",
        "name:en": "Soga IC",
        "name:ja": "蘇我IC",
        "name:ja-Hira": "そがいんたーちぇんじ",
        "name:ja_rm": "Soga IC",
        "ref": "12",
        "source": "survey, 2013/3/3",
        "wikipedia": "ja:蘇我インターチェンジ"
      },
      "geometry": {
        "type": "Point",
        "coordinates": [
          140.1388683,
          35.5598112
        ]
      },
      "id": "node/241206275"
    },
    {
      "type": "Feature",
      "properties": {
        "@id": "node/244456665",
        "highway": "motorway_junction",
        "name": "大栄IC",
        "name:en": "Taiei IC",
        "name:ja": "大栄IC",
        "name:ja-Hira": "たいえいいんたーちぇんじ",
        "name:ja_rm": "Taiei IC",
        "ref": "11",
        "source:name": "wikipedia",
        "source:ref": "wikipedia",
        "wikipedia": "ja:大栄インターチェンジ"
      },
      "geometry": {
        "type": "Point",
        "coordinates": [
          140.447227,
          35.836358
        ]
      },
      "id": "node/244456665"
    },
    {
      "type": "Feature",
      "properties": {
        "@id": "node/244456679",
        "highway": "motorway_junction",
        "name": "佐原香取IC",
        "name:en": "Sawara-Katori IC",
        "name:ja": "佐原香取IC",
        "name:ja-Hira": "さわらかとりいんたーちぇんじ",
        "name:ja_rm": "Sawara-Katori IC",
        "ref": "12",
        "source:name": "wikipedia",
        "source:ref": "wikipedia",
        "wikipedia": "ja:佐原香取インターチェンジ"
      },
      "geometry": {
        "type": "Point",
        "coordinates": [
          140.5347294,
          35.871254
        ]
      },
      "id": "node/244456679"
    },
    {
      "type": "Feature",
      "properties": {
        "@id": "node/245851939",
        "highway": "motorway_junction",
        "layer": "1",
        "name": "中野ＩＣ",
        "name:en": "Nakano",
        "ref": "4",
        "wikidata": "Q10876743",
        "wikipedia": "ja:中野インターチェンジ (千葉県)"
      },
      "geometry": {
        "type": "Point",
        "coordinates": [
          140.2594917,
          35.5706994
        ]
      },
      "id": "node/245851939"
    },
    {
      "type": "Feature",
      "properties": {
        "@id": "node/245852003",
        "highway": "motorway_junction",
        "name": "東金ＩＣ"
      },
      "geometry": {
        "type": "Point",
        "coordinates": [
          140.3075462,
          35.5727779
        ]
      },
      "id": "node/245852003"
    },
    {
      "type": "Feature",
      "properties": {
        "@id": "node/248019869",
        "highway": "motorway_junction",
        "name": "松ヶ丘ＩＣ",
        "name:en": "matsugaoka IC",
        "name:ja": "松ヶ丘IC",
        "name:ja-Hira": "まつがおかいんたーちぇんじ",
        "name:ja_rm": "matsugaoka IC",
        "ref": "11",
        "source": "survey, 2013/3/3",
        "wikipedia": "ja:松ヶ丘インターチェンジ"
      },
      "geometry": {
        "type": "Point",
        "coordinates": [
          140.1489403,
          35.5980377
        ]
      },
      "id": "node/248019869"
    },
    {
      "type": "Feature",
      "properties": {
        "@id": "node/252680216",
        "highway": "motorway_junction",
        "name": "木更津北ＩＣ",
        "name:en": "Kisarazu-North IC",
        "name:ja": "木更津北IC",
        "name:ja-Hira": "きさらづきたいんたーちぇんじ",
        "name:ja_rm": "Kisarazu-kita IC",
        "ref": "15",
        "source:name": "wikipedia",
        "source:ref": "wikipedia",
        "wikipedia": "ja:木更津北インターチェンジ"
      },
      "geometry": {
        "type": "Point",
        "coordinates": [
          139.9941675,
          35.384105
        ]
      },
      "id": "node/252680216"
    },
    {
      "type": "Feature",
      "properties": {
        "@id": "node/252841805",
        "highway": "motorway_junction",
        "name": "板倉IC"
      },
      "geometry": {
        "type": "Point",
        "coordinates": [
          140.2502566,
          35.5055065
        ]
      },
      "id": "node/252841805"
    },
    {
      "type": "Feature",
      "properties": {
        "@id": "node/252841963",
        "highway": "motorway_junction",
        "name": "誉田IC"
      },
      "geometry": {
        "type": "Point",
        "coordinates": [
          140.229287,
          35.542848
        ]
      },
      "id": "node/252841963"
    },
    {
      "type": "Feature",
      "properties": {
        "@id": "node/252842004",
        "highway": "motorway_junction",
        "name": "平山IC"
      },
      "geometry": {
        "type": "Point",
        "coordinates": [
          140.1791359,
          35.5714029
        ]
      },
      "id": "node/252842004"
    },
    {
      "type": "Feature",
      "properties": {
        "@id": "node/253114169",
        "highway": "motorway_junction",
        "name": "湾岸習志野IC",
        "name:en": "Wangan-Narashino IC",
        "name:es": "Wangan-Narashino IC",
        "name:ja": "湾岸習志野IC",
        "name:ja-Hira": "わんがんならしのいんたーちぇんじ",
        "name:ja-Latn": "Wangan-Narashino IC",
        "ref": "3",
        "source:name": "wikipedia",
        "source:ref": "wikipedia",
        "wikidata": "Q2258189",
        "wikipedia": "ja:湾岸習志野インターチェンジ"
      },
      "geometry": {
        "type": "Point",
        "coordinates": [
          140.0181156,
          35.6650129
        ]
      },
      "id": "node/253114169"
    },
    {
      "type": "Feature",
      "properties": {
        "@id": "node/262643161",
        "highway": "motorway_junction",
        "name": "我孫子IC",
        "name:en": "Abiko IC",
        "name:ja": "我孫子IC"
      },
      "geometry": {
        "type": "Point",
        "coordinates": [
          140.0368998,
          35.8789573
        ]
      },
      "id": "node/262643161"
    },
    {
      "type": "Feature",
      "properties": {
        "@id": "node/264005496",
        "highway": "motorway_junction",
        "name": "流山IC",
        "name:en": "Nagareyama IC",
        "name:ja": "流山IC",
        "name:ja-Hira": "ながれやまいんたーちぇんじ",
        "name:ja_rm": "Nagareyama IC",
        "ref": "1-2",
        "source:name": "wikipedia",
        "source:ref": "wikipedia",
        "wikidata": "Q11147734",
        "wikipedia": "ja:流山インターチェンジ"
      },
      "geometry": {
        "type": "Point",
        "coordinates": [
          139.9034526,
          35.8799676
        ]
      },
      "id": "node/264005496"
    },
    {
      "type": "Feature",
      "properties": {
        "@id": "node/279162596",
        "highway": "motorway_junction",
        "name": "千葉北IC",
        "name:en": "Chiba-kita IC",
        "name:es": "Chiba-kita IC",
        "name:ja": "千葉北IC",
        "name:ja-Hira": "ちばきたいんたーちぇんじ",
        "name:ja-Latn": "Chiba-kita IC",
        "ref": "6",
        "source:name": "wikipedia",
        "source:ref": "wikipedia",
        "wikidata": "Q10904972",
        "wikipedia": "ja:千葉北インターチェンジ"
      },
      "geometry": {
        "type": "Point",
        "coordinates": [
          140.1215788,
          35.6713222
        ]
      },
      "id": "node/279162596"
    },
    {
      "type": "Feature",
      "properties": {
        "@id": "node/288371216",
        "highway": "motorway_junction",
        "name": "柏IC",
        "name:en": "Kashiwa IC",
        "name:es": "Intercambio Kashiwa",
        "name:ja": "柏IC",
        "name:ja-Hira": "かしわいんたーちぇんじ",
        "name:ja-Latn": "Kashiwa IC",
        "ref": "2",
        "source:name": "wikipedia",
        "source:ref": "wikipedia",
        "wikidata": "Q11108018",
        "wikipedia": "ja:柏インターチェンジ"
      },
      "geometry": {
        "type": "Point",
        "coordinates": [
          139.9313312,
          35.9058897
        ]
      },
      "id": "node/288371216"
    },
    {
      "type": "Feature",
      "properties": {
        "@id": "node/304028813",
        "highway": "motorway_junction",
        "name": "富津金谷IC",
        "name:en": "Futtsu-Kanaya IC",
        "name:ja": "富津金谷IC",
        "name:ja-Hira": "ふっつかなやいんたーちぇんじ",
        "name:ja-Latn": "Futtsukanaya IC",
        "name:ja_rm": "Futtsukanaya IC",
        "ref": "21",
        "source": "survey, 2013/3/8",
        "wikidata": "Q10954443",
        "wikipedia": "ja:富津金谷インターチェンジ"
      },
      "geometry": {
        "type": "Point",
        "coordinates": [
          139.8308301,
          35.1668227
        ]
      },
      "id": "node/304028813"
    },
    {
      "type": "Feature",
      "properties": {
        "@id": "node/304034547",
        "highway": "motorway_junction",
        "name": "木更津金田IC",
        "name:en": "Kisarazu-kaneda IC",
        "name:ja": "木更津金田",
        "name:ja-Hira": "きさらづかねだ",
        "name:ja_rm": "kisarazukaneda",
        "ref": "2"
      },
      "geometry": {
        "type": "Point",
        "coordinates": [
          139.9301469,
          35.426491
        ]
      },
      "id": "node/304034547"
    },
    {
      "type": "Feature",
      "properties": {
        "@id": "way/319803577",
        "addr:block_number": "13-1",
        "addr:city": "千葉市",
        "addr:neighbourhood": "高洲3丁目",
        "addr:postcode": "261-0004",
        "addr:province": "千葉県",
        "addr:suburb": "美浜区",
        "building": "yes",
        "name": "イオンマリンピア",
        "phone": "043-277-6111",
        "shop": "supermarket",
        "@geometry": "center"
      },
      "geometry": {
        "type": "Point",
        "coordinates": [
          140.073176,
          35.6284051
        ]
      },
      "id": "way/319803577"
    },
    {
      "type": "Feature",
      "properties": {
        "@id": "way/320607948",
        "addr:block_number": "1766",
        "addr:city": "君津市",
        "addr:housenumber": "3",
        "addr:postcode": "292-0526",
        "addr:province": "千葉県",
        "addr:quarter": "笹",
        "area": "yes",
        "highway": "services",
        "name": "道の駅ふれあいパーク・きみつ",
        "phone": "0439-39-3939",
        "wikidata": "Q11640923",
        "wikipedia": "ja:道の駅ふれあいパーク・きみつ",
        "@geometry": "center"
      },
      "geometry": {
        "type": "Point",
        "coordinates": [
          140.0694227,
          35.1978441
        ]
      },
      "id": "way/320607948"
    },
    {
      "type": "Feature",
      "properties": {
        "@id": "way/320607949",
        "area": "yes",
        "highway": "services",
        "name": "道の駅やちよ",
        "name:en": "Michi-no-eki Yachiyo",
        "name:ja": "道の駅やちよ",
        "wikidata": "Q11640975",
        "wikipedia": "ja:道の駅やちよ",
        "@geometry": "center"
      },
      "geometry": {
        "type": "Point",
        "coordinates": [
          140.1069892,
          35.7585021
        ]
      },
      "id": "way/320607949"
    },
    {
      "type": "Feature",
      "properties": {
        "@id": "way/320607950",
        "highway": "services",
        "name": "道の駅ローズマリー公園",
        "name:en": "Michi-no-Eki Rosemary Park",
        "name:ja": "道の駅ローズマリー公園",
        "wikidata": "Q11641077",
        "wikipedia": "ja:道の駅ローズマリー公園",
        "@geometry": "center"
      },
      "geometry": {
        "type": "Point",
        "coordinates": [
          139.9753824,
          35.0086312
        ]
      },
      "id": "way/320607950"
    },
    {
      "type": "Feature",
      "properties": {
        "@id": "way/320607952",
        "addr:block_number": "82",
        "addr:city": "南房総市",
        "addr:housenumber": "2",
        "addr:postcode": "294-0814",
        "addr:province": "千葉県",
        "addr:quarter": "川田",
        "area": "yes",
        "highway": "services",
        "name": "道の駅三芳村 鄙の里",
        "name:ja": "道の駅三芳村 鄙の里",
        "source": "survey",
        "website": "https://www.hinanosato.jp/",
        "wikidata": "Q11641110",
        "wikipedia": "ja:道の駅三芳村",
        "@geometry": "center"
      },
      "geometry": {
        "type": "Point",
        "coordinates": [
          139.8948072,
          35.0339454
        ]
      },
      "id": "way/320607952"
    },
    {
      "type": "Feature",
      "properties": {
        "@id": "way/320638813",
        "highway": "services",
        "name": "道の駅あずの里いちはら",
        "wikidata": "Q11640619",
        "wikipedia": "ja:道の駅あずの里いちはら",
        "@geometry": "center"
      },
      "geometry": {
        "type": "Point",
        "coordinates": [
          140.1092308,
          35.4639364
        ]
      },
      "id": "way/320638813"
    },
    {
      "type": "Feature",
      "properties": {
        "@id": "way/320638814",
        "area": "yes",
        "highway": "services",
        "name": "道の駅たけゆらの里おおたき",
        "source": "bing;survey",
        "wikidata": "Q11640812",
        "wikipedia": "ja:道の駅たけゆらの里おおたき",
        "@geometry": "center"
      },
      "geometry": {
        "type": "Point",
        "coordinates": [
          140.2583872,
          35.2548324
        ]
      },
      "id": "way/320638814"
    },
    {
      "type": "Feature",
      "properties": {
        "@id": "way/320638815",
        "addr:block_number": "1051",
        "addr:city": "南房総市",
        "addr:postcode": "295-0025",
        "addr:province": "千葉県",
        "addr:quarter": "千倉町千田",
        "area": "yes",
        "highway": "services",
        "information": "yes",
        "name": "道の駅ちくら・潮風王国",
        "phone": "0470-43-1811",
        "source": "Bing;survey",
        "website": "https://shiokaze-oukoku.jp/",
        "wikidata": "Q11640825",
        "wikipedia": "ja:道の駅ちくら・潮風王国",
        "@geometry": "center"
      },
      "geometry": {
        "type": "Point",
        "coordinates": [
          139.9515058,
          34.9295253
        ]
      },
      "id": "way/320638815"
    },
    {
      "type": "Feature",
      "properties": {
        "@id": "way/321265243",
        "area": "yes",
        "highway": "services",
        "name": "道の駅ながら",
        "wikidata": "Q11640863",
        "wikipedia": "ja:道の駅ながら",
        "@geometry": "center"
      },
      "geometry": {
        "type": "Point",
        "coordinates": [
          140.2067467,
          35.4570881
        ]
      },
      "id": "way/321265243"
    },
    {
      "type": "Feature",
      "properties": {
        "@id": "way/321265244",
        "area": "yes",
        "highway": "services",
        "name": "道の駅和田浦WA・O！",
        "name:ja": "道の駅和田浦WA・O！",
        "source": "survey",
        "wikidata": "Q17217104",
        "wikipedia": "ja:道の駅和田浦WA・O!",
        "@geometry": "center"
      },
      "geometry": {
        "type": "Point",
        "coordinates": [
          140.0208707,
          35.0426727
        ]
      },
      "id": "way/321265244"
    },
    {
      "type": "Feature",
      "properties": {
        "@id": "node/335906240",
        "highway": "motorway_junction",
        "name": "我孫子IC",
        "name:en": "Abiko IC",
        "name:ja": "我孫子IC"
      },
      "geometry": {
        "type": "Point",
        "coordinates": [
          140.0356204,
          35.8786558
        ]
      },
      "id": "node/335906240"
    },
    {
      "type": "Feature",
      "properties": {
        "@id": "node/344125446",
        "branch": "千葉ニュータウン店",
        "brand": "イオン",
        "brand:en": "AEON",
        "brand:ja": "イオン",
        "brand:wikidata": "Q11285951",
        "name": "イオン",
        "name:en": "AEON",
        "name:ja": "イオン",
        "phone": "+81-476-48-1111",
        "shop": "supermarket",
        "website": "http://shop.aeon.jp/store/01/0117870/",
        "wheelchair": "yes"
      },
      "geometry": {
        "type": "Point",
        "coordinates": [
          140.1138551,
          35.8028601
        ]
      },
      "id": "node/344125446"
    },
    {
      "type": "Feature",
      "properties": {
        "@id": "node/350029615",
        "highway": "motorway_junction",
        "name": "我孫子IC",
        "name:en": "Abiko IC",
        "name:ja": "我孫子IC"
      },
      "geometry": {
        "type": "Point",
        "coordinates": [
          140.0290886,
          35.8775235
        ]
      },
      "id": "node/350029615"
    },
    {
      "type": "Feature",
      "properties": {
        "@id": "way/383620646",
        "addr:block_number": "3",
        "addr:city": "東金市",
        "addr:neighbourhood": "1300",
        "addr:province": "千葉県",
        "addr:quarter": "田間",
        "fax": "0475-55-2690",
        "fuel": "no",
        "highway": "services",
        "landuse": "commercial",
        "name": "道の駅 みのりの郷 東金",
        "name:en": "Minori-no-Sato Togane",
        "name:ja": "道の駅 みのりの郷 東金",
        "opening_hours": "09:00-18:00",
        "phone": "0475-53-3615",
        "services": "road_station",
        "website": "https://minorinosato-togane.com/",
        "wikidata": "Q22582653",
        "wikipedia": "ja:道の駅みのりの郷東金",
        "@geometry": "center"
      },
      "geometry": {
        "type": "Point",
        "coordinates": [
          140.383353,
          35.5774553
        ]
      },
      "id": "way/383620646"
    },
    {
      "type": "Feature",
      "properties": {
        "@id": "way/387457773",
        "area": "yes",
        "highway": "services",
        "name": "道の駅 保田小学校",
        "phone": "+81 470 29-5530",
        "start_date": "2015-12-11",
        "toilets": "yes",
        "website": "https://hotasho.jp/",
        "wheelchair": "yes",
        "wikidata": "Q21825559",
        "wikipedia": "ja:道の駅保田小学校",
        "@geometry": "center"
      },
      "geometry": {
        "type": "Point",
        "coordinates": [
          139.8438279,
          35.14308
        ]
      },
      "id": "way/387457773"
    },
    {
      "type": "Feature",
      "properties": {
        "@id": "node/391283248",
        "highway": "motorway_junction",
        "name": "鎌取IC"
      },
      "geometry": {
        "type": "Point",
        "coordinates": [
          140.1717479,
          35.571475
        ]
      },
      "id": "node/391283248"
    },
    {
      "type": "Feature",
      "properties": {
        "@id": "node/392969119",
        "highway": "motorway_junction",
        "layer": "1",
        "name": "高田ＩＣ",
        "name:en": "Takada",
        "ref": "3",
        "wikidata": "Q11672020",
        "wikipedia": "ja:高田インターチェンジ (千葉東金道路)"
      },
      "geometry": {
        "type": "Point",
        "coordinates": [
          140.2239917,
          35.5717526
        ]
      },
      "id": "node/392969119"
    },
    {
      "type": "Feature",
      "properties": {
        "@id": "node/392973590",
        "highway": "motorway_junction",
        "name": "高田IC"
      },
      "geometry": {
        "type": "Point",
        "coordinates": [
          140.2090955,
          35.556008
        ]
      },
      "id": "node/392973590"
    },
    {
      "type": "Feature",
      "properties": {
        "@id": "node/393013773",
        "addr:postcode": "260-0816",
        "branch": "FC白旗店",
        "brand": "カインズホーム",
        "brand:en": "Cainz Home",
        "brand:ja": "カインズホーム",
        "brand:wikidata": "Q11293852",
        "brand:wikipedia": "ja:カインズ",
        "name": "カインズホーム",
        "name:en": "Cainz Home",
        "name:ja": "カインズホーム",
        "name:ja_rm": "Kainnzu Homu",
        "opening_hours": "Mo-Su 09:30-19:00",
        "operator": "カインズホーム",
        "phone": "+81-43-2667611",
        "shop": "doityourself",
        "source": "Bing 2010; (URL)",
        "website": "http://www.cainz.co.jp/"
      },
      "geometry": {
        "type": "Point",
        "coordinates": [
          140.1389059,
          35.5756534
        ]
      },
      "id": "node/393013773"
    },
    {
      "type": "Feature",
      "properties": {
        "@id": "way/420457885",
        "addr:city": "旭市",
        "addr:neighbourhood": "5238",
        "addr:postcode": "289-2511",
        "addr:province": "千葉県",
        "addr:quarter": "イの",
        "area": "yes",
        "fax": "0479-62-1211",
        "highway": "services",
        "name": "道の駅季楽里あさひ",
        "name:en": "Kirari Asahi",
        "name:ja": "道の駅季楽里あさひ",
        "opening_hours": "09:00-18:00",
        "phone": "0479-62-0888",
        "website": "https://kirari-asahi.com/",
        "wikidata": "Q21666116",
        "wikipedia": "ja:道の駅季楽里あさひ",
        "@geometry": "center"
      },
      "geometry": {
        "type": "Point",
        "coordinates": [
          140.6753901,
          35.717949
        ]
      },
      "id": "way/420457885"
    },
    {
      "type": "Feature",
      "properties": {
        "@id": "way/420472823",
        "area": "yes",
        "highway": "services",
        "name": "道の駅くりもと",
        "wikidata": "Q11640734",
        "wikipedia": "ja:道の駅くりもと",
        "@geometry": "center"
      },
      "geometry": {
        "type": "Point",
        "coordinates": [
          140.4705331,
          35.8061616
        ]
      },
      "id": "way/420472823"
    },
    {
      "type": "Feature",
      "properties": {
        "@id": "way/420490700",
        "area": "yes",
        "highway": "services",
        "name": "道の駅白間津花のパーキング",
        "@geometry": "center"
      },
      "geometry": {
        "type": "Point",
        "coordinates": [
          139.9356987,
          34.9184197
        ]
      },
      "id": "way/420490700"
    },
    {
      "type": "Feature",
      "properties": {
        "@id": "node/443625964",
        "highway": "motorway_junction",
        "name": "千葉北IC",
        "name:en": "Chiba-Kita IC",
        "name:es": "Chiba-Kita",
        "name:ja": "千葉北IC",
        "name:ja-Latn": "Chiba-Kita"
      },
      "geometry": {
        "type": "Point",
        "coordinates": [
          140.1216757,
          35.6711244
        ]
      },
      "id": "node/443625964"
    },
    {
      "type": "Feature",
      "properties": {
        "@id": "node/447803283",
        "highway": "motorway_junction",
        "name": "木更津金田IC",
        "name:en": "Kisarazu-kaneda IC",
        "name:ja-Hira": "きさらづかねだ",
        "name:ja_rm": "kisarazukaneda",
        "ref": "2"
      },
      "geometry": {
        "type": "Point",
        "coordinates": [
          139.9169334,
          35.4366104
        ]
      },
      "id": "node/447803283"
    },
    {
      "type": "Feature",
      "properties": {
        "@id": "node/448034680",
        "highway": "motorway_junction",
        "name": "袖ヶ浦IC",
        "name:en": "Sodegaura IC",
        "name:ja-Hira": "そでがうら",
        "name:ja_rm": "sodegaura",
        "ref": "3"
      },
      "geometry": {
        "type": "Point",
        "coordinates": [
          139.9539207,
          35.4138489
        ]
      },
      "id": "node/448034680"
    },
    {
      "type": "Feature",
      "properties": {
        "@id": "node/448036563",
        "highway": "motorway_junction",
        "name": "袖ヶ浦IC"
      },
      "geometry": {
        "type": "Point",
        "coordinates": [
          139.9582987,
          35.4115295
        ]
      },
      "id": "node/448036563"
    },
    {
      "type": "Feature",
      "properties": {
        "@id": "way/457180973",
        "area": "yes",
        "highway": "services",
        "name": "道の駅きょなん",
        "wikidata": "Q11640720",
        "wikipedia": "ja:道の駅きょなん",
        "@geometry": "center"
      },
      "geometry": {
        "type": "Point",
        "coordinates": [
          139.8364964,
          35.1284757
        ]
      },
      "id": "way/457180973"
    },
    {
      "type": "Feature",
      "properties": {
        "@id": "way/457740792",
        "addr:block_number": "1",
        "addr:neighbourhood": "1069",
        "addr:postcode": "289-2241",
        "addr:province": "千葉県",
        "addr:quarter": "香取郡多古町多古",
        "highway": "services",
        "name": "道の駅多古",
        "name:en": "Roadside Station Tako",
        "name:ja": "道の駅多古",
        "name:ja-Latn": "Michinoeki Tako",
        "phone": "0479-79-3456",
        "website": "https://www.michinoeki-tako.com/",
        "wikidata": "Q11641216",
        "wikipedia": "ja:道の駅多古",
        "@geometry": "center"
      },
      "geometry": {
        "type": "Point",
        "coordinates": [
          140.4749923,
          35.7321455
        ]
      },
      "id": "way/457740792"
    },
    {
      "type": "Feature",
      "properties": {
        "@id": "node/460244925",
        "highway": "motorway_junction",
        "name": "松尾横芝ＩＣ",
        "name:en": "matsuo-yokoshiba IC",
        "name:ja": "松尾横芝IC",
        "name:ja-Hira": "まつおよこしばいんたーちぇんじ",
        "name:ja_rm": "matsuo-yokoshiba IC",
        "official_name:en": "National Highway Route 468",
        "ref": "93",
        "source:name": "wikipedia",
        "source:ref": "wikipedia",
        "wikipedia": "ja:松尾横芝インターチェンジ"
      },
      "geometry": {
        "type": "Point",
        "coordinates": [
          140.4326071,
          35.6607762
        ]
      },
      "id": "node/460244925"
    },
    {
      "type": "Feature",
      "properties": {
        "@id": "way/490923897",
        "addr:city": "香取郡",
        "addr:neighbourhood": "855",
        "addr:province": "千葉県",
        "addr:quarter": "神崎町松崎",
        "area": "yes",
        "fax": "0478-70-1616",
        "highway": "services",
        "name": "道の駅 発酵の里こうざき",
        "name:en": "Hakko-no Sato",
        "name:ja": "道の駅 発酵の里こうざき",
        "phone": "0478-70-1711",
        "website": "https://www.hakkounosato.com/",
        "wikidata": "Q21667333",
        "wikipedia": "ja:道の駅発酵の里こうざき",
        "@geometry": "center"
      },
      "geometry": {
        "type": "Point",
        "coordinates": [
          140.3800794,
          35.9002943
        ]
      },
      "id": "way/490923897"
    },
    {
      "type": "Feature",
      "properties": {
        "@id": "node/520147592",
        "addr:block_number": "1149",
        "addr:city": "松戸市",
        "addr:postcode": "271-0092",
        "addr:province": "千葉県",
        "addr:quarter": "松戸",
        "brand": "イトーヨーカドー",
        "brand:en": "Ito-Yokado",
        "brand:ja": "イトーヨーカドー",
        "brand:wikidata": "Q3088746",
        "brand:wikipedia": "en:Ito-Yokado",
        "name": "イトーヨーカドー",
        "name:en": "Ito-Yokado",
        "name:ja": "イトーヨーカドー",
        "name:ja_rm": "Itoh-yohka-do",
        "phone": "047-368-5131",
        "shop": "supermarket",
        "website": "https://www.itoyokado.co.jp/blog/098/",
        "wheelchair": "limited"
      },
      "geometry": {
        "type": "Point",
        "coordinates": [
          139.9023859,
          35.78401
        ]
      },
      "id": "node/520147592"
    },
    {
      "type": "Feature",
      "properties": {
        "@id": "way/537071661",
        "addr:block_number": "6",
        "addr:city": "千葉市",
        "addr:housenumber": "1",
        "addr:neighbourhood": "ひび野二丁目",
        "addr:postcode": "261-0021",
        "addr:province": "千葉県",
        "addr:suburb": "美浜区",
        "name": "三井アウトレットパーク 幕張",
        "name:en": "Mitsui Outlet Park Makuhari",
        "opening_hours": "Mo-Su 10:00-20:00",
        "operator": "三井不動産",
        "phone": "+81-43-212-8200",
        "shop": "mall",
        "wikidata": "Q11354191",
        "wikimedia_commons": "Category:Mitsui Outlet Park Makuhari",
        "wikipedia": "ja:三井アウトレットパーク 幕張",
        "@geometry": "center"
      },
      "geometry": {
        "type": "Point",
        "coordinates": [
          140.0413907,
          35.6470954
        ]
      },
      "id": "way/537071661"
    },
    {
      "type": "Feature",
      "properties": {
        "@id": "way/552767879",
        "addr:block_number": "4",
        "addr:city": "木更津市",
        "addr:country": "JP",
        "addr:neighbourhood": "築地1",
        "addr:postcode": "292-0835",
        "addr:province": "千葉県",
        "branch": "木更津",
        "branch:en": "Kisarazu",
        "brand": "イオン",
        "brand:en": "AEON",
        "building": "retail",
        "name": "イオン",
        "name:en": "AEON",
        "name:ja": "イオン",
        "operator": "AEON",
        "shop": "mall",
        "source": "GSImaps/ort",
        "toilets:wheelchair": "yes",
        "website": "https://kisarazu-aeonmall.com/",
        "wheelchair": "yes",
        "@geometry": "center"
      },
      "geometry": {
        "type": "Point",
        "coordinates": [
          139.9081709,
          35.3653287
        ]
      },
      "id": "way/552767879"
    },
    {
      "type": "Feature",
      "properties": {
        "@id": "way/570462600",
        "addr:postcode": "290-0050",
        "branch": "市原店",
        "brand": "カインズホーム",
        "brand:en": "Cainz Home",
        "brand:ja": "カインズホーム",
        "brand:wikidata": "Q11293852",
        "building": "yes",
        "name": "カインズホーム",
        "name:en": "Cainz Home",
        "name:ja": "カインズホーム",
        "name:ja_rm": "Kainnzu Homu",
        "opening_hours": "Mo-Su 09:00-20:00",
        "operator": "カインズホーム",
        "phone": "+81-436-635000",
        "shop": "doityourself",
        "source": "Bing 2010;(URL)",
        "website": "http://www.cainz.co.jp/",
        "@geometry": "center"
      },
      "geometry": {
        "type": "Point",
        "coordinates": [
          140.1038537,
          35.5062786
        ]
      },
      "id": "way/570462600"
    },
    {
      "type": "Feature",
      "properties": {
        "@id": "way/593133120",
        "highway": "services",
        "name": "道の駅いちかわ",
        "name:en": "Michi no Eki Ichikawa",
        "wikidata": "Q50598828",
        "wikipedia": "ja:道の駅いちかわ",
        "@geometry": "center"
      },
      "geometry": {
        "type": "Point",
        "coordinates": [
          139.9197077,
          35.7492921
        ]
      },
      "id": "way/593133120"
    },
    {
      "type": "Feature",
      "properties": {
        "@id": "way/609765104",
        "area": "yes",
        "highway": "services",
        "name": "道の駅 木更津うまくたの里",
        "wikidata": "Q46322370",
        "wikipedia": "ja:道の駅木更津 うまくたの里",
        "@geometry": "center"
      },
      "geometry": {
        "type": "Point",
        "coordinates": [
          140.0524565,
          35.3600594
        ]
      },
      "id": "way/609765104"
    },
    {
      "type": "Feature",
      "properties": {
        "@id": "node/623853926",
        "highway": "motorway_junction",
        "name": "武石IC",
        "name:en": "Takeishi IC",
        "name:ja": "武石IC",
        "name:ja-Hira": "たけいしいんたーちぇんじ",
        "name:ja_rm": "Takeishi IC",
        "ref": "7",
        "source": "survey, 2013/3/8",
        "wikidata": "Q11124821",
        "wikipedia": "ja:武石インターチェンジ"
      },
      "geometry": {
        "type": "Point",
        "coordinates": [
          140.0599137,
          35.6704271
        ]
      },
      "id": "node/623853926"
    },
    {
      "type": "Feature",
      "properties": {
        "@id": "way/624764354",
        "addr:block_number": "6",
        "addr:city": "柏市",
        "addr:country": "JP",
        "addr:housenumber": "1",
        "addr:neighbourhood": "大島田1",
        "addr:postcode": "277-0922",
        "addr:province": "千葉県",
        "branch:en": "Kashiwa",
        "building": "yes",
        "building:levels": "3",
        "name": "セブンパーク アリオ柏",
        "name:en": "Seven Park Ario Kashiwa",
        "name:ja": "セブンパークアリオ柏",
        "opening_hours": "Mo-Su 10:00-21:00",
        "phone": "04-7190-1111",
        "shop": "mall",
        "website": "http://sevenpark-ario-kashiwa.jp",
        "@geometry": "center"
      },
      "geometry": {
        "type": "Point",
        "coordinates": [
          140.012649,
          35.8332245
        ]
      },
      "id": "way/624764354"
    },
    {
      "type": "Feature",
      "properties": {
        "@id": "node/626557315",
        "highway": "motorway_junction",
        "name": "貝塚IC",
        "name:en": "kaiduka IC",
        "name:ja": "貝塚IC",
        "name:ja-Hira": "かいづかいんたーちぇんじ",
        "name:ja_rm": "kaiduka IC",
        "ref": "9",
        "source": "survey, 2013/3/3",
        "wikidata": "Q11634433",
        "wikipedia": "ja:貝塚インターチェンジ (千葉県)"
      },
      "geometry": {
        "type": "Point",
        "coordinates": [
          140.1396283,
          35.6256085
        ]
      },
      "id": "node/626557315"
    },
    {
      "type": "Feature",
      "properties": {
        "@id": "node/626557483",
        "highway": "motorway_junction",
        "name": "穴川IC",
        "name:en": "Anagawa IC",
        "name:ja": "穴川IC",
        "name:ja-Hira": "あながわいんたーちぇんじ",
        "name:ja-Latn": "Anagawa IC",
        "ref": "8",
        "source:name": "wikipedia",
        "source:ref": "wikipedia",
        "wikidata": "Q11597230",
        "wikipedia": "ja:穴川インターチェンジ"
      },
      "geometry": {
        "type": "Point",
        "coordinates": [
          140.1109375,
          35.6450604
        ]
      },
      "id": "node/626557483"
    },
    {
      "type": "Feature",
      "properties": {
        "@id": "way/637668901",
        "addr:block_number": "7",
        "addr:city": "君津市",
        "addr:neighbourhood": "3丁目",
        "addr:postcode": "299-1173",
        "addr:province": "千葉県",
        "addr:quarter": "外箕輪",
        "branch": "君津店",
        "brand": "ジョイフル本田",
        "building": "yes",
        "name": "ジョイフル本田",
        "name:en": "JOYFUL HONDA",
        "name:ja": "ジョイフル本田 君津店",
        "name:ja-Latn": "Joyoifulu Honda",
        "opening_hours": "Mo-Su 10:00-22:00",
        "operator": "ジョイフル本田",
        "phone": "+81-439-550111",
        "shop": "doityourself",
        "source": "Bing 2010;(URL);survey",
        "website": "https://www.joyfulhonda.com/",
        "@geometry": "center"
      },
      "geometry": {
        "type": "Point",
        "coordinates": [
          139.9250828,
          35.3217134
        ]
      },
      "id": "way/637668901"
    },
    {
      "type": "Feature",
      "properties": {
        "@id": "way/646663887",
        "addr:block_number": "5",
        "addr:city": "富津市",
        "addr:housenumber": "1",
        "addr:neighbourhood": "1丁目",
        "addr:postcode": "293-0012",
        "addr:province": "千葉県",
        "addr:quarter": "青木",
        "building": "retail",
        "name": "イオンモール富津",
        "phone": "0439-80-1700",
        "shop": "mall",
        "source": "GSImaps/ort;survey",
        "website": "https://futtsu-aeonmall.com/",
        "wikidata": "Q11286122",
        "wikipedia": "ja:イオンモール富津",
        "@geometry": "center"
      },
      "geometry": {
        "type": "Point",
        "coordinates": [
          139.846081,
          35.3302461
        ]
      },
      "id": "way/646663887"
    },
    {
      "type": "Feature",
      "properties": {
        "@id": "way/725842209",
        "highway": "services",
        "name": "道の駅 南房パラダイス",
        "wikidata": "Q11641183",
        "wikipedia": "ja:道の駅南房パラダイス",
        "@geometry": "center"
      },
      "geometry": {
        "type": "Point",
        "coordinates": [
          139.82139,
          34.9399643
        ]
      },
      "id": "way/725842209"
    },
    {
      "type": "Feature",
      "properties": {
        "@id": "node/859663338",
        "name": "ウエスタンリバー鉄道",
        "name:ko": "웨스턴리버 철도",
        "noname": "yes",
        "public_transport": "station",
        "railway": "station"
      },
      "geometry": {
        "type": "Point",
        "coordinates": [
          139.8823855,
          35.6337187
        ]
      },
      "id": "node/859663338"
    },
    {
      "type": "Feature",
      "properties": {
        "@id": "node/859682633",
        "name": "ポートディスカバリー・ステーション",
        "name:en": "Port Discovery Station",
        "name:es": "Port Discovery",
        "name:ja": "ポートディスカバリー・ステーション",
        "name:ja_rm": "Pōtodisukabarī",
        "name:ko": "포트 디스커버리 스테이션",
        "public_transport": "station",
        "railway": "station",
        "tourism": "attraction",
        "usage": "tourism",
        "website": "https://www.tokyodisneyresort.jp/attraction/detail/str_id:pd_railway/",
        "website:en": "http://www.tokyodisneyresort.jp/en/tds/atrc/discovery/railway/index.html",
        "wikidata": "Q50437418"
      },
      "geometry": {
        "type": "Point",
        "coordinates": [
          139.8830972,
          35.625393
        ]
      },
      "id": "node/859682633"
    },
    {
      "type": "Feature",
      "properties": {
        "@id": "node/859682692",
        "name": "アメリカンウォーターフロント・ステーション",
        "name:en": "American Waterfront",
        "name:es": "American Waterfront",
        "name:ja": "アメリカンウォーターフロント・ステーション",
        "name:ko": "아메리칸 워터프론트 스테이션",
        "name:ru": "Американский вокзал на набережной",
        "public_transport": "station",
        "railway": "station",
        "tourism": "attraction",
        "usage": "tourism",
        "website": "https://www.tokyodisneyresort.jp/attraction/detail/str_id:aw_railway/",
        "website:en": "http://www.tokyodisneyresort.jp/en/tds/atrc/waterfront/railway/index.html",
        "wikidata": "Q50437130"
      },
      "geometry": {
        "type": "Point",
        "coordinates": [
          139.8877946,
          35.6248634
        ]
      },
      "id": "node/859682692"
    },
    {
      "type": "Feature",
      "properties": {
        "@id": "node/891677559",
        "highway": "motorway_junction",
        "name": "鋸南富山IC",
        "name:en": "Kyonan-Tomiyama IC",
        "name:ja": "鋸南富山IC",
        "name:ja-Hira": "きょなんとみやまいんたーちぇんじ",
        "name:ja-Latn": "Kyonantomiyama IC",
        "ref": "23",
        "source:name": "wikipedia",
        "source:ref": "wikipedia",
        "wikidata": "Q11650318",
        "wikipedia": "ja:鋸南富山インターチェンジ"
      },
      "geometry": {
        "type": "Point",
        "coordinates": [
          139.8506656,
          35.111363
        ]
      },
      "id": "node/891677559"
    },
    {
      "type": "Feature",
      "properties": {
        "@id": "node/1064103756",
        "highway": "motorway_junction",
        "name": "成田IC",
        "name:en": "Narita IC",
        "name:es": "Narita IC",
        "name:ja": "成田IC",
        "name:ko": "나리타IC",
        "ref": "10",
        "wikidata": "Q11074594",
        "wikipedia": "ja:成田インターチェンジ"
      },
      "geometry": {
        "type": "Point",
        "coordinates": [
          140.351815,
          35.7821563
        ]
      },
      "id": "node/1064103756"
    },
    {
      "type": "Feature",
      "properties": {
        "@id": "node/1078624918",
        "highway": "motorway_junction",
        "name": "幕張IC",
        "name:en": "Makuhari IC",
        "name:ja": "幕張IC",
        "name:ja-Hira": "まくはりいんたーちぇんじ",
        "name:ja_rm": "Makuhari IC",
        "ref": "6",
        "source:name": "wikipedia",
        "source:ref": "wikipedia",
        "wikidata": "Q11060550",
        "wikipedia": "ja:幕張インターチェンジ"
      },
      "geometry": {
        "type": "Point",
        "coordinates": [
          140.0379871,
          35.6696839
        ]
      },
      "id": "node/1078624918"
    },
    {
      "type": "Feature",
      "properties": {
        "@id": "node/1093224468",
        "KSJ2:LIN": "東葉高速線",
        "KSJ2:STN": "東海神",
        "name": "東海神",
        "name:en": "Higashi-Kaijin",
        "name:es": "Higashi-Kaijin",
        "name:ja": "東海神",
        "name:ja-Hira": "ひがしかいじん",
        "name:ja_rm": "Higashi-Kaijin",
        "name:ko": "히가시카이진",
        "name:ru": "Хигаси-Кайдзин",
        "network": "東葉高速線",
        "note": "National-Land Numerical Information (Railway) 2007, MLIT Japan",
        "note:ja": "国土数値情報（鉄道データ）平成19年 国土交通省",
        "operator": "東葉高速鉄道",
        "public_transport": "station",
        "railway": "station",
        "ref": "TR02",
        "source": "KSJ2",
        "source_ref": "http://w3land.mlit.go.jp/ksj2/datalist/N02.html",
        "station": "subway",
        "wheelchair": "yes",
        "wikidata": "Q5366546",
        "wikipedia": "ja:東海神駅"
      },
      "geometry": {
        "type": "Point",
        "coordinates": [
          139.98055,
          35.7059603
        ]
      },
      "id": "node/1093224468"
    },
    {
      "type": "Feature",
      "properties": {
        "@id": "way/1136940290",
        "highway": "services",
        "landuse": "retail",
        "name": "むつざわスマートウェルネスタウン・道の駅・つどいの郷",
        "name:en": "SMART WELNESS TOWN MUTSUZAWA Tsudoi-no-Sato",
        "name:ja": "道の駅むつざわ つどいの郷",
        "source": "Esri",
        "wikidata": "Q11640831",
        "wikipedia": "ja:むつざわスマートウェルネスタウン・道の駅・つどいの郷",
        "@geometry": "center"
      },
      "geometry": {
        "type": "Point",
        "coordinates": [
          140.3030854,
          35.353521
        ]
      },
      "id": "way/1136940290"
    },
    {
      "type": "Feature",
      "properties": {
        "@id": "way/1233223346",
        "branch": "茂原店",
        "brand": "カインズホーム",
        "brand:en": "Cainz Home",
        "brand:ja": "カインズホーム",
        "brand:wikidata": "Q11293852",
        "building": "retail",
        "building:levels": "1",
        "layer": "-1",
        "name": "カインズホーム",
        "name:en": "Cainz Home",
        "name:ja": "カインズホーム",
        "opening_hours": "Mo-Su 09:00-20:00",
        "phone": "+81-475-201111",
        "shop": "doityourself",
        "website": "http://www.cainz.co.jp/",
        "@geometry": "center"
      },
      "geometry": {
        "type": "Point",
        "coordinates": [
          140.3001077,
          35.4552657
        ]
      },
      "id": "way/1233223346"
    },
    {
      "type": "Feature",
      "properties": {
        "@id": "way/1254514973",
        "highway": "services",
        "name": "道の駅しょうなん",
        "@geometry": "center"
      },
      "geometry": {
        "type": "Point",
        "coordinates": [
          140.0223834,
          35.8574722
        ]
      },
      "id": "way/1254514973"
    },
    {
      "type": "Feature",
      "properties": {
        "@id": "node/1277160265",
        "highway": "motorway_junction",
        "layer": "1",
        "name": "中野ＩＣ",
        "name:en": "Nakano",
        "ref": "4",
        "wikidata": "Q10876743",
        "wikipedia": "ja:中野インターチェンジ (千葉県)"
      },
      "geometry": {
        "type": "Point",
        "coordinates": [
          140.266859,
          35.5724154
        ]
      },
      "id": "node/1277160265"
    },
    {
      "type": "Feature",
      "properties": {
        "@id": "node/1277883336",
        "highway": "motorway_junction",
        "name": "桂IC"
      },
      "geometry": {
        "type": "Point",
        "coordinates": [
          140.261329,
          35.500469
        ]
      },
      "id": "node/1277883336"
    },
    {
      "type": "Feature",
      "properties": {
        "@id": "node/1280269625",
        "highway": "motorway_junction",
        "name": "東金ＩＣ",
        "name:en": "tougane IC",
        "name:ja": "東金IC",
        "name:ja-Hira": "とうがねいんたーちぇんじ",
        "name:ja_rm": "tougane IC",
        "official_name:en": "National Highway Route 468",
        "ref": "101",
        "source:name": "wikipedia",
        "source:ref": "wikipedia",
        "wikipedia": "ja:東金インターチェンジ"
      },
      "geometry": {
        "type": "Point",
        "coordinates": [
          140.3159546,
          35.5743365
        ]
      },
      "id": "node/1280269625"
    },
    {
      "type": "Feature",
      "properties": {
        "@id": "node/1369719526",
        "highway": "motorway_junction",
        "name": "山武成東ＩＣ",
        "name:en": "Sanpu-narutou IC",
        "name:ja": "山武成東IC",
        "name:ja-Hira": "さんぶなるとういんたーちぇんじ",
        "name:ja_rm": "Sanpu-narutou IC",
        "official_name:en": "National Highway Route 468",
        "ref": "94",
        "source:name": "wikipedia",
        "source:ref": "wikipedia",
        "wikipedia": "ja:山武成東インターチェンジ"
      },
      "geometry": {
        "type": "Point",
        "coordinates": [
          140.3862166,
          35.620762
        ]
      },
      "id": "node/1369719526"
    },
    {
      "type": "Feature",
      "properties": {
        "@id": "node/1370195874",
        "highway": "motorway_junction",
        "name": "九十九里IC"
      },
      "geometry": {
        "type": "Point",
        "coordinates": [
          140.4256106,
          35.5017862
        ]
      },
      "id": "node/1370195874"
    },
    {
      "type": "Feature",
      "properties": {
        "@id": "node/1370197549",
        "highway": "motorway_junction",
        "name": "不動堂IC"
      },
      "geometry": {
        "type": "Point",
        "coordinates": [
          140.4341238,
          35.506293
        ]
      },
      "id": "node/1370197549"
    },
    {
      "type": "Feature",
      "properties": {
        "@id": "node/1370198961",
        "highway": "motorway_junction",
        "name": "不動堂IC"
      },
      "geometry": {
        "type": "Point",
        "coordinates": [
          140.436533,
          35.5098248
        ]
      },
      "id": "node/1370198961"
    },
    {
      "type": "Feature",
      "properties": {
        "@id": "node/1387052896",
        "highway": "motorway_junction",
        "name": "鋸南保田ＩＣ",
        "name:en": "Kyonanhota IC",
        "name:ja": "鋸南保田IC",
        "name:ja-Hira": "きょなんほたいんたーちぇんじ",
        "name:ja_rm": "Kyonanhota IC",
        "ref": "22",
        "source:name": "wikipedia",
        "source:ref": "wikipedia",
        "wikidata": "Q11650316",
        "wikipedia": "ja:鋸南保田インターチェンジ"
      },
      "geometry": {
        "type": "Point",
        "coordinates": [
          139.8477667,
          35.1402448
        ]
      },
      "id": "node/1387052896"
    },
    {
      "type": "Feature",
      "properties": {
        "@id": "node/1402903123",
        "highway": "motorway_junction",
        "name": "長生IC"
      },
      "geometry": {
        "type": "Point",
        "coordinates": [
          140.3932489,
          35.4155419
        ]
      },
      "id": "node/1402903123"
    },
    {
      "type": "Feature",
      "properties": {
        "@id": "node/1419143380",
        "highway": "motorway_junction",
        "name": "白子IC"
      },
      "geometry": {
        "type": "Point",
        "coordinates": [
          140.4016773,
          35.4425506
        ]
      },
      "id": "node/1419143380"
    },
    {
      "type": "Feature",
      "properties": {
        "@id": "node/1419143704",
        "highway": "motorway_junction",
        "name": "白子IC"
      },
      "geometry": {
        "type": "Point",
        "coordinates": [
          140.401652,
          35.4466574
        ]
      },
      "id": "node/1419143704"
    },
    {
      "type": "Feature",
      "properties": {
        "@id": "way/1441530765",
        "highway": "services",
        "name": "道の駅グリーンファーム館山",
        "name:ja": "道の駅グリーンファーム館山",
        "website": "https://greenfarm-tateyama.com/",
        "wikidata": "Q122071274",
        "wikipedia": "ja:道の駅グリーンファーム館山",
        "@geometry": "center"
      },
      "geometry": {
        "type": "Point",
        "coordinates": [
          139.9066987,
          35.000687
        ]
      },
      "id": "way/1441530765"
    },
    {
      "type": "Feature",
      "properties": {
        "@id": "node/1450526055",
        "highway": "motorway_junction",
        "name": "富津中央ＩＣ",
        "name:en": "Futtsu Chuo IC",
        "name:ja": "富津中央IC",
        "name:ja-Hira": "ふっつちゅうおういんたーちぇんじ",
        "name:ja_rm": "Futtsu Chuo IC",
        "ref": "19",
        "source:name": "wikipedia",
        "source:ref": "wikipedia",
        "wikipedia": "ja:富津中央インターチェンジ"
      },
      "geometry": {
        "type": "Point",
        "coordinates": [
          139.8907304,
          35.2480477
        ]
      },
      "id": "node/1450526055"
    },
    {
      "type": "Feature",
      "properties": {
        "@id": "node/1495033299",
        "highway": "motorway_junction",
        "name": "白里IC"
      },
      "geometry": {
        "type": "Point",
        "coordinates": [
          140.4205653,
          35.4838964
        ]
      },
      "id": "node/1495033299"
    },
    {
      "type": "Feature",
      "properties": {
        "@id": "node/1495033810",
        "highway": "motorway_junction",
        "name": "白里IC"
      },
      "geometry": {
        "type": "Point",
        "coordinates": [
          140.4223915,
          35.4872456
        ]
      },
      "id": "node/1495033810"
    },
    {
      "type": "Feature",
      "properties": {
        "@id": "node/1502524555",
        "highway": "motorway_junction",
        "name": "四街道IC",
        "name:en": "Yotsukaido IC",
        "name:ja": "四街道IC",
        "name:ja-Hira": "よつかいどういんたーちぇんじ",
        "name:ja_rm": "Yotsukaidō IC",
        "ref": "7",
        "source:name": "wikipedia",
        "source:ref": "wikipedia",
        "wikipedia": "ja:四街道インターチェンジ"
      },
      "geometry": {
        "type": "Point",
        "coordinates": [
          140.1838176,
          35.6841123
        ]
      },
      "id": "node/1502524555"
    },
    {
      "type": "Feature",
      "properties": {
        "@id": "node/1531034761",
        "highway": "motorway_junction",
        "name": "幕張IC",
        "name:en": "Makuhari IC",
        "name:es": "Makuhari IC",
        "name:ja": "幕張IC",
        "name:ja-Hira": "まくはりいんたーちぇんじ",
        "ref": "6",
        "source:name": "wikipedia",
        "source:ref": "wikipedia",
        "wikidata": "Q11060550",
        "wikipedia": "ja:幕張インターチェンジ"
      },
      "geometry": {
        "type": "Point",
        "coordinates": [
          140.0307041,
          35.6694295
        ]
      },
      "id": "node/1531034761"
    },
    {
      "type": "Feature",
      "properties": {
        "@id": "node/1531260117",
        "highway": "motorway_junction",
        "name": "花輪IC",
        "name:en": "Hanawa IC",
        "name:es": "Hanawa IC",
        "name:ja": "花輪IC",
        "name:ja-Hira": "はなわいんたーちぇんじ",
        "ref": "5",
        "source:name": "wikipedia",
        "source:ref": "wikipedia",
        "wikidata": "Q11615687",
        "wikipedia": "ja:花輪インターチェンジ"
      },
      "geometry": {
        "type": "Point",
        "coordinates": [
          140.0037241,
          35.6846787
        ]
      },
      "id": "node/1531260117"
    },
    {
      "type": "Feature",
      "properties": {
        "@id": "node/1533897814",
        "highway": "motorway_junction",
        "name": "船橋IC",
        "name:en": "Funabashi IC",
        "name:es": "Funabashi IC",
        "name:ja": "船橋IC",
        "name:ja-Hira": "ふなばしいんたーちぇんじ",
        "name:ja_rm": "Funabashi IC",
        "ref": "4",
        "source:name": "wikipedia",
        "source:ref": "wikipedia",
        "wikidata": "Q11614116",
        "wikipedia": "ja:船橋インターチェンジ"
      },
      "geometry": {
        "type": "Point",
        "coordinates": [
          139.9645943,
          35.6998608
        ]
      },
      "id": "node/1533897814"
    },
    {
      "type": "Feature",
      "properties": {
        "@id": "node/1534974933",
        "highway": "motorway_junction",
        "name": "武石IC",
        "name:en": "Takeishi IC",
        "name:ja": "武石IC",
        "name:ja-Hira": "たけいしいんたーちぇんじ",
        "name:ja_rm": "Takeishi IC",
        "ref": "7",
        "source": "survey, 2013/3/8",
        "wikidata": "Q11124821",
        "wikipedia": "ja:武石インターチェンジ"
      },
      "geometry": {
        "type": "Point",
        "coordinates": [
          140.0682958,
          35.6688121
        ]
      },
      "id": "node/1534974933"
    },
    {
      "type": "Feature",
      "properties": {
        "@id": "node/1581075628",
        "highway": "motorway_junction",
        "name": "松ヶ丘IC",
        "name:en": "matsugaoka IC",
        "name:ja": "松ヶ丘IC",
        "name:ja-Hira": "まつがおかいんたーちぇんじ",
        "name:ja_rm": "matsugaoka IC",
        "ref": "11",
        "source": "survey, 2013/3/3",
        "wikipedia": "ja:松ヶ丘インターチェンジ"
      },
      "geometry": {
        "type": "Point",
        "coordinates": [
          140.1467802,
          35.5867945
        ]
      },
      "id": "node/1581075628"
    },
    {
      "type": "Feature",
      "properties": {
        "@id": "node/1581168913",
        "highway": "motorway_junction",
        "name": "穴川IC",
        "name:en": "Anagawa IC",
        "name:ja": "穴川IC",
        "name:ja_rm": "Anagawa IC",
        "ref": "8",
        "source": "survey, 2013/3/3",
        "wikidata": "Q11597230",
        "wikipedia": "ja:穴川インターチェンジ"
      },
      "geometry": {
        "type": "Point",
        "coordinates": [
          140.1323917,
          35.6284305
        ]
      },
      "id": "node/1581168913"
    },
    {
      "type": "Feature",
      "properties": {
        "@id": "node/1587205093",
        "highway": "motorway_junction",
        "name": "花輪IC",
        "name:en": "Hanawa IC",
        "name:ja": "花輪IC",
        "name:ja-Hira": "はなわいんたーちぇんじ",
        "ref": "5",
        "source:name": "wikipedia",
        "source:ref": "wikipedia",
        "wikidata": "Q11615687",
        "wikipedia": "ja:花輪インターチェンジ"
      },
      "geometry": {
        "type": "Point",
        "coordinates": [
          139.9975324,
          35.6881341
        ]
      },
      "id": "node/1587205093"
    },
    {
      "type": "Feature",
      "properties": {
        "@id": "node/1600690336",
        "highway": "motorway_junction",
        "name": "木更津南ＩＣ",
        "name:en": "kisarazu-south IC",
        "name:ja": "木更津南IC",
        "name:ja-Hira": "きさらづみなみ",
        "name:ja_rm": "kisarazu-minami IC",
        "ref": "17-1",
        "wikidata": "Q11518505",
        "wikipedia": "ja:木更津南インターチェンジ"
      },
      "geometry": {
        "type": "Point",
        "coordinates": [
          139.9238022,
          35.3501485
        ]
      },
      "id": "node/1600690336"
    },
    {
      "type": "Feature",
      "properties": {
        "@id": "node/1642794907",
        "name": "本銚子",
        "name:en": "Moto-Choshi",
        "name:ja": "本銚子",
        "name:ja-Hira": "もとちょうし",
        "name:ja_rm": "Moto-Chōshi",
        "name:ko": "모토초시",
        "public_transport": "station",
        "railway": "station",
        "wheelchair": "yes",
        "wikidata": "Q6917931",
        "wikipedia": "ja:本銚子駅"
      },
      "geometry": {
        "type": "Point",
        "coordinates": [
          140.8478146,
          35.7310562
        ]
      },
      "id": "node/1642794907"
    },
    {
      "type": "Feature",
      "properties": {
        "@id": "node/1679657855",
        "highway": "motorway_junction",
        "name": "蘇我IC",
        "name:en": "Soga IC",
        "name:ja": "蘇我IC",
        "name:ja-Hira": "そがいんたーちぇんじ",
        "name:ja_rm": "Soga IC",
        "ref": "12",
        "source": "survey, 2013/3/3",
        "wikipedia": "ja:蘇我インターチェンジ"
      },
      "geometry": {
        "type": "Point",
        "coordinates": [
          140.1403838,
          35.572005
        ]
      },
      "id": "node/1679657855"
    },
    {
      "type": "Feature",
      "properties": {
        "@id": "node/1681303228",
        "name": "川間",
        "name:en": "Kawama",
        "name:ja": "川間",
        "name:ja_rm": "Kawama",
        "name:ko": "가와마",
        "note": "National-Land Numerical Information (Railway) 2007, MLIT Japan",
        "public_transport": "station",
        "railway": "station",
        "ref": "TD13",
        "source": "KSJ2",
        "source_ref": "http://w3land.mlit.go.jp/ksj2/datalist/N02.html",
        "wikidata": "Q6379600",
        "wikipedia": "ja:川間駅"
      },
      "geometry": {
        "type": "Point",
        "coordinates": [
          139.8339907,
          35.9791747
        ]
      },
      "id": "node/1681303228"
    },
    {
      "type": "Feature",
      "properties": {
        "@id": "node/1681303232",
        "name": "豊四季",
        "name:en": "Toyoshiki",
        "name:ja": "豊四季",
        "name:ja_rm": "Toyoshiki",
        "name:ko": "도요시키",
        "network": "アーバンパークライン",
        "note": "National-Land Numerical Information (Railway) 2007, MLIT Japan",
        "public_transport": "station",
        "railway": "station",
        "ref": "TD23",
        "source": "KSJ2",
        "source_ref": "http://w3land.mlit.go.jp/ksj2/datalist/N02.html",
        "wikidata": "Q7830720",
        "wikipedia": "ja:豊四季駅"
      },
      "geometry": {
        "type": "Point",
        "coordinates": [
          139.939339,
          35.8665096
        ]
      },
      "id": "node/1681303232"
    },
    {
      "type": "Feature",
      "properties": {
        "@id": "node/1683205575",
        "highway": "motorway_junction",
        "name": "新空港IC",
        "name:en": "Shin-Kuko IC",
        "name:ja": "新空港IC",
        "name:ja-Hira": "しんくうこういんたーちぇんじ",
        "wikidata": "Q11083036",
        "wikipedia": "ja:新空港インターチェンジ"
      },
      "geometry": {
        "type": "Point",
        "coordinates": [
          140.3800406,
          35.7788442
        ]
      },
      "id": "node/1683205575"
    },
    {
      "type": "Feature",
      "properties": {
        "@id": "node/1684605829",
        "highway": "motorway_junction",
        "name": "新空港IC",
        "name:en": "Shin-Kuko IC",
        "name:ja": "新空港IC",
        "name:ja-Hira": "しんくうこういんたーちぇんじ",
        "wikidata": "Q11083036",
        "wikipedia": "ja:新空港インターチェンジ"
      },
      "geometry": {
        "type": "Point",
        "coordinates": [
          140.3816578,
          35.7766383
        ]
      },
      "id": "node/1684605829"
    },
    {
      "type": "Feature",
      "properties": {
        "@id": "node/1685077179",
        "name": "流山",
        "name:en": "Nagareyama",
        "name:ja": "流山",
        "name:ja-Hira": "ながれやま",
        "name:ja_rm": "Nagareyama",
        "name:ko": "나가레야마",
        "operator": "流鉄",
        "platforms": "2",
        "public_transport": "station",
        "railway": "station",
        "source": "bing; GSI/KIBAN 2500; NARO",
        "train": "yes",
        "wheelchair": "yes",
        "wikidata": "Q11556674",
        "wikipedia": "ja:流山駅"
      },
      "geometry": {
        "type": "Point",
        "coordinates": [
          139.9016914,
          35.8558741
        ]
      },
      "id": "node/1685077179"
    },
    {
      "type": "Feature",
      "properties": {
        "@id": "node/1691678834",
        "highway": "motorway_junction",
        "layer": "1",
        "name": "高田ＩＣ",
        "name:en": "Takada",
        "ref": "3",
        "wikidata": "Q11672020",
        "wikipedia": "ja:高田インターチェンジ (千葉東金道路)"
      },
      "geometry": {
        "type": "Point",
        "coordinates": [
          140.2163088,
          35.5729186
        ]
      },
      "id": "node/1691678834"
    },
    {
      "type": "Feature",
      "properties": {
        "@id": "node/1753559093",
        "highway": "motorway_junction",
        "name": "誉田IC"
      },
      "geometry": {
        "type": "Point",
        "coordinates": [
          140.2276229,
          35.5468619
        ]
      },
      "id": "node/1753559093"
    },
    {
      "type": "Feature",
      "properties": {
        "@id": "node/1753559271",
        "highway": "motorway_junction",
        "name": "平山IC"
      },
      "geometry": {
        "type": "Point",
        "coordinates": [
          140.1786307,
          35.5716643
        ]
      },
      "id": "node/1753559271"
    },
    {
      "type": "Feature",
      "properties": {
        "@id": "node/1829886565",
        "highway": "motorway_junction",
        "name": "大栄IC",
        "name:en": "Taiei IC",
        "name:ja": "大栄IC",
        "name:ja-Hira": "たいえいいんたーちぇんじ",
        "name:ja_rm": "Taiei IC",
        "ref": "11",
        "source:name": "wikipedia",
        "source:ref": "wikipedia",
        "wikipedia": "ja:大栄インターチェンジ"
      },
      "geometry": {
        "type": "Point",
        "coordinates": [
          140.4522803,
          35.8381418
        ]
      },
      "id": "node/1829886565"
    },
    {
      "type": "Feature",
      "properties": {
        "@id": "node/1830188712",
        "highway": "motorway_junction",
        "name": "千葉北IC",
        "name:en": "Chiba-Kita IC",
        "name:es": "Chiba-Kita",
        "name:ja": "千葉北IC",
        "name:ja-Latn": "Chiba-Kita"
      },
      "geometry": {
        "type": "Point",
        "coordinates": [
          140.1229808,
          35.6735933
        ]
      },
      "id": "node/1830188712"
    },
    {
      "type": "Feature",
      "properties": {
        "@id": "node/1830188925",
        "highway": "motorway_junction",
        "name": "佐倉IC",
        "name:en": "Sakura IC",
        "name:es": "Sakura IC",
        "name:ja": "佐倉IC",
        "name:ja-Hira": "さくらいんたーちぇんじ",
        "name:ja-Latn": "Sakura IC",
        "ref": "8",
        "source:name": "wikipedia",
        "source:ref": "wikipedia",
        "wikidata": "Q10885912",
        "wikipedia": "ja:佐倉インターチェンジ"
      },
      "geometry": {
        "type": "Point",
        "coordinates": [
          140.2338852,
          35.6869309
        ]
      },
      "id": "node/1830188925"
    },
    {
      "type": "Feature",
      "properties": {
        "@id": "node/1830189346",
        "highway": "motorway_junction",
        "name": "四街道IC",
        "name:en": "Yotsukaido IC",
        "name:ja": "四街道IC",
        "name:ja-Hira": "よつかいどういんたーちぇんじ",
        "name:ja_rm": "Yotsukaidō IC",
        "ref": "7",
        "source:name": "wikipedia",
        "source:ref": "wikipedia",
        "wikipedia": "ja:四街道インターチェンジ"
      },
      "geometry": {
        "type": "Point",
        "coordinates": [
          140.1745059,
          35.6843746
        ]
      },
      "id": "node/1830189346"
    },
    {
      "type": "Feature",
      "properties": {
        "@id": "node/1830189347",
        "highway": "motorway_junction",
        "name": "富里IC",
        "name:en": "Tomisato IC",
        "name:es": "Tomisato IC",
        "name:ja": "富里IC",
        "name:ja-Hira": "とみさといんたーちぇんじ",
        "name:ja-Latn": "Tomisato IC",
        "ref": "9",
        "source:name": "wikipedia",
        "source:ref": "wikipedia",
        "wikidata": "Q10954850",
        "wikipedia": "ja:富里インターチェンジ"
      },
      "geometry": {
        "type": "Point",
        "coordinates": [
          140.3157749,
          35.748989
        ]
      },
      "id": "node/1830189347"
    },
    {
      "type": "Feature",
      "properties": {
        "@id": "node/1830189348",
        "highway": "motorway_junction",
        "name": "湾岸千葉ＩＣ",
        "name:en": "Wangan-Chiba IC",
        "name:ja": "湾岸千葉IC",
        "name:ja-Hira": "わんがんちばいんたーちぇんじ",
        "name:ja_rm": "Wangan-Chiba IC",
        "ref": "4",
        "source:name": "wikipedia",
        "source:ref": "wikipedia",
        "wikidata": "Q11563814",
        "wikipedia": "ja:湾岸千葉インターチェンジ"
      },
      "geometry": {
        "type": "Point",
        "coordinates": [
          140.0586337,
          35.6491079
        ]
      },
      "id": "node/1830189348"
    },
    {
      "type": "Feature",
      "properties": {
        "@id": "node/1830268941",
        "highway": "motorway_junction",
        "name": "千葉東ＩＣ",
        "wikidata": "Q10904977",
        "wikipedia": "ja:千葉東インターチェンジ"
      },
      "geometry": {
        "type": "Point",
        "coordinates": [
          140.1594833,
          35.6000483
        ]
      },
      "id": "node/1830268941"
    },
    {
      "type": "Feature",
      "properties": {
        "@id": "node/1830269061",
        "highway": "motorway_junction",
        "name": "大宮ＩＣ",
        "name:en": "Ōmiya",
        "ref": "2",
        "wikidata": "Q10934920",
        "wikipedia": "ja:大宮インターチェンジ"
      },
      "geometry": {
        "type": "Point",
        "coordinates": [
          140.1807953,
          35.5846598
        ]
      },
      "id": "node/1830269061"
    },
    {
      "type": "Feature",
      "properties": {
        "@id": "node/1830281212",
        "highway": "motorway_junction",
        "name": "松尾横芝ＩＣ"
      },
      "geometry": {
        "type": "Point",
        "coordinates": [
          140.4422448,
          35.6639937
        ]
      },
      "id": "node/1830281212"
    },
    {
      "type": "Feature",
      "properties": {
        "@id": "node/1831219031",
        "name": "西畑",
        "name:en": "Nishihata",
        "name:ja": "西畑",
        "name:ja-Hira": "にしはた",
        "name:ja-Latn": "Nishihata",
        "name:ko": "니시하타",
        "public_transport": "station",
        "railway": "station",
        "source": "Bing",
        "website": "https://isumirail.co.jp/tr1/nishihata",
        "wikidata": "Q7040558",
        "wikipedia": "ja:西畑駅"
      },
      "geometry": {
        "type": "Point",
        "coordinates": [
          140.2156122,
          35.2507617
        ]
      },
      "id": "node/1831219031"
    },
    {
      "type": "Feature",
      "properties": {
        "@id": "node/1832342938",
        "addr:block_number": "177",
        "addr:city": "市原市",
        "addr:postcode": "290-0535",
        "addr:province": "千葉県",
        "addr:quarter": "朝生原",
        "alt_name:ko": "요로케이코쿠",
        "name": "養老渓谷",
        "name:en": "Yoro-Keikoku",
        "name:ja": "養老渓谷",
        "name:ja_rm": "Yōrō-Keikoku",
        "name:ko": "요로계곡",
        "operator": "小湊鉄道",
        "operator:en": "Kominato Railway",
        "public_transport": "station",
        "railway": "station",
        "source": "Bing",
        "website": "https://www.kominato.co.jp/station/yorokeikoku/",
        "wikidata": "Q8062673",
        "wikipedia": "ja:養老渓谷駅"
      },
      "geometry": {
        "type": "Point",
        "coordinates": [
          140.1596044,
          35.2664357
        ]
      },
      "id": "node/1832342938"
    },
    {
      "type": "Feature",
      "properties": {
        "@id": "node/1832343070",
        "name": "上総鶴舞",
        "name:en": "Kazusa-Tsurumai",
        "name:ja": "上総鶴舞",
        "name:ja_rm": "Kazusa-Tsurumai",
        "name:ko": "가즈사쓰루마이",
        "operator": "小湊鉄道",
        "operator:en": "Kominato Railway",
        "public_transport": "station",
        "railway": "station",
        "source": "Bing",
        "train": "yes",
        "website": "https://www.kominato.co.jp/station/kazusatsurumai/",
        "wikidata": "Q6381721",
        "wikipedia": "ja:上総鶴舞駅"
      },
      "geometry": {
        "type": "Point",
        "coordinates": [
          140.1651686,
          35.3813997
        ]
      },
      "id": "node/1832343070"
    },
    {
      "type": "Feature",
      "properties": {
        "@id": "node/1832453983",
        "name": "飯給",
        "name:en": "Itabu",
        "name:ja": "飯給",
        "name:ja_rm": "Itabu",
        "name:ko": "이타부",
        "operator": "小湊鉄道",
        "operator:en": "Kominato Railway",
        "public_transport": "station",
        "railway": "station",
        "source": "Bing",
        "website": "https://www.kominato.co.jp/station/itabu/",
        "wikidata": "Q11666649",
        "wikipedia": "ja:飯給駅"
      },
      "geometry": {
        "type": "Point",
        "coordinates": [
          140.1421816,
          35.3207931
        ]
      },
      "id": "node/1832453983"
    },
    {
      "type": "Feature",
      "properties": {
        "@id": "node/1832454906",
        "name": "上総大久保",
        "name:en": "Kazusa-Okubo",
        "name:ja": "上総大久保",
        "name:ja_rm": "Kazusa-Ōkubo",
        "name:ko": "가즈사오쿠보",
        "operator": "小湊鉄道",
        "operator:en": "Kominato Railway",
        "public_transport": "station",
        "railway": "station",
        "source": "Bing",
        "website": "https://www.kominato.co.jp/station/kazusaokubo/",
        "wikidata": "Q6381728",
        "wikipedia": "ja:上総大久保駅"
      },
      "geometry": {
        "type": "Point",
        "coordinates": [
          140.1458583,
          35.2835084
        ]
      },
      "id": "node/1832454906"
    },
    {
      "type": "Feature",
      "properties": {
        "@id": "node/1832454943",
        "name": "月崎",
        "name:en": "Tsukizaki",
        "name:ja": "月崎",
        "name:ja_rm": "Tsukizaki",
        "name:ko": "쓰키자키",
        "operator": "小湊鉄道",
        "operator:en": "Kominato Railway",
        "public_transport": "station",
        "railway": "station",
        "source": "Bing",
        "website": "https://www.kominato.co.jp/station/tsukizaki/",
        "wikidata": "Q7850090",
        "wikipedia": "ja:月崎駅"
      },
      "geometry": {
        "type": "Point",
        "coordinates": [
          140.1393923,
          35.3021964
        ]
      },
      "id": "node/1832454943"
    },
    {
      "type": "Feature",
      "properties": {
        "@id": "node/1834044238",
        "highway": "motorway_junction",
        "name": "谷津船橋 IC",
        "name:en": "Yatsu-Funabashi IC",
        "name:ja": "谷津船橋 IC",
        "name:ja-Hira": "やつふなばしいんたーちぇんじ",
        "name:ja-Latn": "Yatsu-Funabashi IC",
        "ref": "2-1",
        "wikidata": "Q11633025",
        "wikipedia": "ja:谷津船橋インターチェンジ"
      },
      "geometry": {
        "type": "Point",
        "coordinates": [
          140.0029565,
          35.6753632
        ]
      },
      "id": "node/1834044238"
    },
    {
      "type": "Feature",
      "properties": {
        "@id": "node/1834044243",
        "highway": "motorway_junction",
        "name": "谷津船橋 IC",
        "name:en": "Yatsu-Funabashi IC",
        "name:ja": "谷津船橋 IC",
        "name:ja-Hira": "やつふなばしいんたーちぇんじ",
        "name:ja-Latn": "Yatsu-Funabashi IC",
        "ref": "2-1",
        "wikidata": "Q11633025",
        "wikipedia": "ja:谷津船橋インターチェンジ"
      },
      "geometry": {
        "type": "Point",
        "coordinates": [
          140.0010888,
          35.6756586
        ]
      },
      "id": "node/1834044243"
    },
    {
      "type": "Feature",
      "properties": {
        "@id": "node/1844116450",
        "name": "上総中野",
        "name:en": "Kazusa-Nakano",
        "name:ja": "上総中野",
        "name:ja_rm": "Kazusa-Nakano",
        "name:ko": "가즈사나카노",
        "operator": "小湊鉄道;いすみ鉄道",
        "operator:en": "Kominato Railway;Isumi Railway",
        "public_transport": "station",
        "railway": "station",
        "source": "Bing",
        "website": "https://www.kominato.co.jp/station/kazusanakano/",
        "wikidata": "Q6381719",
        "wikipedia": "ja:上総中野駅"
      },
      "geometry": {
        "type": "Point",
        "coordinates": [
          140.1999004,
          35.250069
        ]
      },
      "id": "node/1844116450"
    },
    {
      "type": "Feature",
      "properties": {
        "@id": "node/1844116451",
        "name": "上総山田",
        "name:en": "Kazusa-Yamada",
        "name:ja": "上総山田",
        "name:ja_rm": "Kazusa-Yamada",
        "name:ko": "가즈사야마다",
        "operator": "小湊鉄道",
        "operator:en": "Kominato Railway",
        "public_transport": "station",
        "railway": "station",
        "source": "Bing",
        "website": "https://www.kominato.co.jp/station/kazusayamada/",
        "wikidata": "Q6381726",
        "wikipedia": "ja:上総山田駅"
      },
      "geometry": {
        "type": "Point",
        "coordinates": [
          140.1261824,
          35.4542014
        ]
      },
      "id": "node/1844116451"
    },
    {
      "type": "Feature",
      "properties": {
        "@id": "node/1844116452",
        "name": "上総川間",
        "name:en": "Kazusa-Kawama",
        "name:ja": "上総川間",
        "name:ja_rm": "Kazusa-Kawama",
        "name:ko": "가즈사카와마",
        "operator": "小湊鉄道",
        "operator:en": "Kominato Railway",
        "public_transport": "station",
        "railway": "station",
        "source": "Bing",
        "website": "https://www.kominato.co.jp/station/kazusakawama/",
        "wikidata": "Q6381703",
        "wikipedia": "ja:上総川間駅"
      },
      "geometry": {
        "type": "Point",
        "coordinates": [
          140.1511237,
          35.3881138
        ]
      },
      "id": "node/1844116452"
    },
    {
      "type": "Feature",
      "properties": {
        "@id": "node/1844116454",
        "name": "上総牛久",
        "name:en": "Kazusa-Ushiku",
        "name:ja": "上総牛久",
        "name:ja_rm": "Kazusa-Ushiku",
        "name:ko": "카즈사우시쿠",
        "operator": "小湊鉄道",
        "operator:en": "Kominato Railway",
        "public_transport": "station",
        "railway": "station",
        "source": "Bing",
        "website": "https://www.kominato.co.jp/station/kazusaushiku/",
        "wikidata": "Q6381724",
        "wikipedia": "ja:上総牛久駅"
      },
      "geometry": {
        "type": "Point",
        "coordinates": [
          140.1420997,
          35.4001414
        ]
      },
      "id": "node/1844116454"
    },
    {
      "type": "Feature",
      "properties": {
        "@id": "node/1844116455",
        "name": "光風台",
        "name:en": "Kofudai",
        "name:ja": "光風台",
        "name:ja_rm": "Kōfūdai",
        "name:ko": "고후다이",
        "public_transport": "station",
        "railway": "station",
        "source": "KSJ2",
        "website": "https://www.kominato.co.jp/station/kofudai/",
        "wikidata": "Q11388598",
        "wikipedia": "ja:光風台駅 (千葉県)"
      },
      "geometry": {
        "type": "Point",
        "coordinates": [
          140.1142057,
          35.4403536
        ]
      },
      "id": "node/1844116455"
    },
    {
      "type": "Feature",
      "properties": {
        "@id": "node/1844116457",
        "name": "里見",
        "name:en": "Satomi",
        "name:ja": "里見",
        "name:ja_rm": "Satomi",
        "name:ko": "사토미",
        "operator": "小湊鉄道",
        "operator:en": "Kominato Railway",
        "public_transport": "station",
        "railway": "station",
        "source": "Bing",
        "website": "https://www.kominato.co.jp/station/satomi/",
        "wikidata": "Q7426357",
        "wikipedia": "ja:里見駅"
      },
      "geometry": {
        "type": "Point",
        "coordinates": [
          140.1454885,
          35.336711
        ]
      },
      "id": "node/1844116457"
    },
    {
      "type": "Feature",
      "properties": {
        "@id": "node/1844116458",
        "name": "高滝",
        "name:en": "Takataki",
        "name:ja": "高滝",
        "name:ja_rm": "Takataki",
        "name:ko": "다카타키",
        "operator": "小湊鉄道",
        "operator:en": "Kominato Railway",
        "public_transport": "station",
        "railway": "station",
        "source": "Bing",
        "website": "https://www.kominato.co.jp/station/takataki/",
        "wikidata": "Q7677419",
        "wikipedia": "ja:高滝駅"
      },
      "geometry": {
        "type": "Point",
        "coordinates": [
          140.1503489,
          35.3532938
        ]
      },
      "id": "node/1844116458"
    },
    {
      "type": "Feature",
      "properties": {
        "@id": "node/1844138966",
        "name": "上総松丘",
        "name:en": "Kazusa-Matsuoka",
        "name:ja": "上総松丘",
        "name:ja-Hira": "かずさまつおか",
        "name:ja_rm": "Kazusa-Matsuoka",
        "name:ko": "가즈사마쓰오카",
        "public_transport": "station",
        "railway": "station",
        "wikidata": "Q6381711",
        "wikipedia": "ja:上総松丘駅"
      },
      "geometry": {
        "type": "Point",
        "coordinates": [
          140.0639976,
          35.2577956
        ]
      },
      "id": "node/1844138966"
    },
    {
      "type": "Feature",
      "properties": {
        "@id": "node/1844138974",
        "name": "俵田",
        "name:en": "Tawarada",
        "name:ja": "俵田",
        "name:ja-Hira": "たわらだ",
        "name:ja-Latn": "Tawarada",
        "name:ko": "다와라다",
        "public_transport": "station",
        "railway": "station",
        "train": "yes",
        "wikidata": "Q7689221",
        "wikipedia": "ja:俵田駅"
      },
      "geometry": {
        "type": "Point",
        "coordinates": [
          140.0612845,
          35.3146893
        ]
      },
      "id": "node/1844138974"
    },
    {
      "type": "Feature",
      "properties": {
        "@id": "node/1844138981",
        "name": "平山",
        "name:en": "Hirayama",
        "name:ja": "平山",
        "name:ja-Hira": "ひらやま",
        "name:ja_rm": "Hirayama",
        "name:ko": "히라야마",
        "public_transport": "station",
        "railway": "station",
        "wikidata": "Q11482566",
        "wikipedia": "ja:平山駅"
      },
      "geometry": {
        "type": "Point",
        "coordinates": [
          140.0648667,
          35.2743594
        ]
      },
      "id": "node/1844138981"
    },
    {
      "type": "Feature",
      "properties": {
        "@id": "node/1868714397",
        "highway": "motorway_junction",
        "name": "鋸南富山IC",
        "name:en": "Kyonan-Tomiyama IC",
        "name:ja": "鋸南富山IC",
        "name:ja-Hira": "きょなんとみやまいんたーちぇんじ",
        "name:ja-Latn": "Kyonantomiyama IC",
        "ref": "23",
        "source:name": "wikipedia",
        "source:ref": "wikipedia",
        "wikidata": "Q11650318",
        "wikipedia": "ja:鋸南富山インターチェンジ"
      },
      "geometry": {
        "type": "Point",
        "coordinates": [
          139.8513785,
          35.1170164
        ]
      },
      "id": "node/1868714397"
    },
    {
      "type": "Feature",
      "properties": {
        "@id": "node/1868714455",
        "highway": "motorway_junction",
        "name": "鋸南保田ＩＣ",
        "name:en": "Kyonanhota IC",
        "name:ja": "鋸南保田IC",
        "name:ja-Hira": "きょなんほたいんたーちぇんじ",
        "name:ja_rm": "Kyonanhota IC",
        "ref": "22",
        "source:name": "wikipedia",
        "source:ref": "wikipedia",
        "wikidata": "Q11650316",
        "wikipedia": "ja:鋸南保田インターチェンジ"
      },
      "geometry": {
        "type": "Point",
        "coordinates": [
          139.8475358,
          35.1451747
        ]
      },
      "id": "node/1868714455"
    },
    {
      "type": "Feature",
      "properties": {
        "@id": "node/1868714542",
        "highway": "motorway_junction",
        "name": "富津竹岡IC",
        "name:en": "Futtsu-Takeoka IC",
        "name:ja": "富津竹岡IC",
        "name:ja-Hira": "ふっつたけおかいんたーちぇんじ",
        "name:ja-Latn": "Futtsutakeoka IC",
        "ref": "20",
        "source:name": "wikipedia",
        "source:ref": "wikipedia",
        "wikidata": "Q11457117",
        "wikipedia": "ja:富津竹岡インターチェンジ"
      },
      "geometry": {
        "type": "Point",
        "coordinates": [
          139.8624627,
          35.1976191
        ]
      },
      "id": "node/1868714542"
    },
    {
      "type": "Feature",
      "properties": {
        "@id": "node/1883300115",
        "highway": "motorway_junction",
        "name": "富浦IC",
        "name:en": "Tomiura IC",
        "name:ja": "富浦IC",
        "name:ja-Hira": "とみうらいんたーちぇんじ",
        "name:ja-Latn": "Tomiura IC",
        "ref": "24",
        "source:name": "wikipedia",
        "source:ref": "wikipedia",
        "wikidata": "Q10954445",
        "wikipedia": "ja:富浦インターチェンジ"
      },
      "geometry": {
        "type": "Point",
        "coordinates": [
          139.8508795,
          35.0407208
        ]
      },
      "id": "node/1883300115"
    },
    {
      "type": "Feature",
      "properties": {
        "@id": "node/1916696799",
        "addr:postcode": "298-0002",
        "branch": "大原店",
        "brand": "CAINZ HOME",
        "name": "カインズホーム",
        "name:en": "Cainz Home",
        "name:ja": "カインズホーム",
        "name:ja_rm": "Kainnzu Homu",
        "opening_hours": "Mo-Su 09:00-19:30",
        "operator": "カインズホーム",
        "phone": "+81-470-605111",
        "shop": "doityourself",
        "source": "Bing 2010;(URL)",
        "website": "http://www.cainz.co.jp/"
      },
      "geometry": {
        "type": "Point",
        "coordinates": [
          140.3924618,
          35.2754767
        ]
      },
      "id": "node/1916696799"
    },
    {
      "type": "Feature",
      "properties": {
        "@id": "node/1917053544",
        "addr:postcode": "288-0861",
        "branch": "銚子店",
        "brand": "カインズホーム",
        "brand:en": "Cainz Home",
        "brand:ja": "カインズホーム",
        "brand:wikidata": "Q11293852",
        "brand:wikipedia": "ja:カインズ",
        "name": "カインズホーム",
        "name:en": "Cainz Home",
        "name:ja": "カインズホーム",
        "name:ja_rm": "Kainnzu Homu",
        "opening_hours": "Mo-Su 09:30-19:30",
        "operator": "カインズホーム",
        "phone": "+81-479-302000",
        "shop": "doityourself",
        "source": "Bing 2010; (URL)",
        "website": "http://www.cainz.co.jp/"
      },
      "geometry": {
        "type": "Point",
        "coordinates": [
          140.7744247,
          35.7551642
        ]
      },
      "id": "node/1917053544"
    },
    {
      "type": "Feature",
      "properties": {
        "@id": "node/1917134999",
        "highway": "motorway_junction",
        "name": "大木戸IC"
      },
      "geometry": {
        "type": "Point",
        "coordinates": [
          140.2349538,
          35.5162283
        ]
      },
      "id": "node/1917134999"
    },
    {
      "type": "Feature",
      "properties": {
        "@id": "node/1917525022",
        "addr:postcode": "294-0041",
        "branch": "館山店",
        "brand": "CAINZ HOME",
        "name": "カインズホーム (CAINZ HOME)",
        "name:en": "Cainz Home",
        "name:ja": "カインズホーム",
        "name:ja_rm": "Kainnzu Homu",
        "opening_hours": "Mo-Su 09:00-20:00",
        "operator": "カインズホーム",
        "phone": "+81-470-257111",
        "shop": "doityourself",
        "source": "Bing 2010;(URL)",
        "website": "http://www.cainz.co.jp/"
      },
      "geometry": {
        "type": "Point",
        "coordinates": [
          139.8732562,
          35.0096374
        ]
      },
      "id": "node/1917525022"
    },
    {
      "type": "Feature",
      "properties": {
        "@id": "node/1917572049",
        "branch": "佐倉店",
        "brand": "CAINZ HOME",
        "name": "カインズ佐倉店",
        "name:en": "カインズ佐倉店",
        "name:ja": "カインズ佐倉店",
        "not:brand:wikidata": "Q11293852",
        "opening_hours": "Mo-Su 09:00-20:00",
        "operator": "カインズホーム",
        "phone": "+81-43-4811188",
        "shop": "doityourself",
        "source": "(URL)",
        "website": "http://www.cainz.co.jp/"
      },
      "geometry": {
        "type": "Point",
        "coordinates": [
          140.2163052,
          35.7157313
        ]
      },
      "id": "node/1917572049"
    },
    {
      "type": "Feature",
      "properties": {
        "@id": "node/1917610114",
        "addr:postcode": "283-0005",
        "branch": "東金店",
        "brand": "カインズホーム",
        "brand:en": "Cainz Home",
        "brand:ja": "カインズホーム",
        "brand:wikidata": "Q11293852",
        "name": "カインズホーム",
        "name:en": "Cainz Home",
        "name:ja": "カインズホーム",
        "name:ja_rm": "Kainnzu Homu",
        "opening_hours": "Mo-Su 09:00-20:00",
        "operator": "カインズホーム",
        "phone": "+81-475-506111",
        "shop": "doityourself",
        "source": "Bing 2010;(URL)",
        "website": "http://www.cainz.co.jp/"
      },
      "geometry": {
        "type": "Point",
        "coordinates": [
          140.3811779,
          35.5735729
        ]
      },
      "id": "node/1917610114"
    },
    {
      "type": "Feature",
      "properties": {
        "@id": "node/1918810096",
        "addr:postcode": "276-0028",
        "branch": "八千代店",
        "brand": "ジョイフル本田",
        "name": "ジョイフル本田",
        "name:en": "JOYFUL HONDA",
        "name:ja": "ジョイフル本田 八千代店",
        "name:ja_rm": "Joyoifulu Honda",
        "opening_hours": "Mo-Su 09:00-19:00",
        "operator": "ジョイフル本田",
        "phone": "+81-47-4825311",
        "shop": "doityourself",
        "source": "Bing 2010;(URL)",
        "website": "https://www.joyfulhonda.com/"
      },
      "geometry": {
        "type": "Point",
        "coordinates": [
          140.1181123,
          35.7262472
        ]
      },
      "id": "node/1918810096"
    },
    {
      "type": "Feature",
      "properties": {
        "@id": "node/1918836019",
        "addr:postcode": "290-0066",
        "branch": "市原店",
        "brand": "ジョイフル本田",
        "name": "ジョイフル本田",
        "name:en": "JOYFUL HONDA",
        "name:ja": "ジョイフル本田",
        "name:ja_rm": "Joyoifulu Honda",
        "opening_hours": "Mo-Su 09:00-19:00",
        "operator": "ジョイフル本田",
        "phone": "+81-436-437111",
        "shop": "doityourself",
        "source": "Bing 2010; (URL)",
        "website": "https://www.joyfulhonda.com/"
      },
      "geometry": {
        "type": "Point",
        "coordinates": [
          140.1082003,
          35.5296426
        ]
      },
      "id": "node/1918836019"
    },
    {
      "type": "Feature",
      "properties": {
        "@id": "node/1918853389",
        "addr:postcode": "286-0221",
        "branch": "富里店",
        "brand": "ジョイフル本田",
        "brand:wikidata": "Q11310526",
        "building": "retail",
        "name": "ジョイフル本田 富里店",
        "name:en": "Joyful Honda Tomisato",
        "name:ja": "ジョイフル本田 富里店",
        "name:ja_rm": "Joyoifulu Honda Tomisato",
        "opening_hours": "Mo-Su 09:00-19:00",
        "operator": "ジョイフル本田",
        "phone": "+81 476 924141",
        "shop": "doityourself",
        "source": "Bing 2010;(URL)",
        "website": "https://www.joyfulhonda.com/"
      },
      "geometry": {
        "type": "Point",
        "coordinates": [
          140.314031,
          35.748982
        ]
      },
      "id": "node/1918853389"
    },
    {
      "type": "Feature",
      "properties": {
        "@id": "node/1918871266",
        "addr:postcode": "263-0051",
        "brand": "ジョイフル本田",
        "name": "ジョイフル本田 千葉店",
        "name:en": "ジョイフル本田 千葉店",
        "name:ja": "ジョイフル本田 千葉店",
        "name:ja_rm": "Joyoifulu Honda",
        "opening_hours": "Mo-Su 09:00-21:00",
        "operator": "ジョイフル本田",
        "phone": "+81-43-2511138",
        "shop": "doityourself",
        "source": "Bing 2010;(URL)",
        "website": "https://www.joyfulhonda.com/"
      },
      "geometry": {
        "type": "Point",
        "coordinates": [
          140.1171857,
          35.6504597
        ]
      },
      "id": "node/1918871266"
    },
    {
      "type": "Feature",
      "properties": {
        "@id": "node/1923401945",
        "name": "北習志野",
        "name:en": "Kita-narashino",
        "name:es": "Kita-narashino",
        "name:ja": "北習志野",
        "name:ja-Hira": "きたならしの",
        "name:ja_rm": "Kita-narashino",
        "name:ko": "기타나라시노",
        "network": "東葉高速線",
        "operator": "東葉高速鉄道",
        "platforms": "2",
        "public_transport": "station",
        "railway": "station",
        "ref": "TR04",
        "station": "subway",
        "wheelchair": "yes",
        "wikidata": "Q6417578",
        "wikipedia": "ja:北習志野駅"
      },
      "geometry": {
        "type": "Point",
        "coordinates": [
          140.0417146,
          35.7214536
        ]
      },
      "id": "node/1923401945"
    },
    {
      "type": "Feature",
      "properties": {
        "@id": "node/1923703990",
        "alt_name:ko": "후나바시니치다이마에",
        "name": "船橋日大前",
        "name:en": "Funabashi-nichidaimae",
        "name:es": "Funabashi-nichidaimae",
        "name:ja": "船橋日大前",
        "name:ja-Hira": "ふなばしにちだいまえ",
        "name:ja_rm": "Funabashi-nichidaimae",
        "name:ko": "후나바시니혼대학앞",
        "name:ru": "Фунабаси-Нитидаймаэ",
        "network": "東葉高速線",
        "operator": "東葉高速鉄道",
        "platforms": "2",
        "public_transport": "station",
        "railway": "station",
        "ref": "TR05",
        "station": "subway",
        "subway": "yes",
        "train": "yes",
        "wheelchair": "yes",
        "wikidata": "Q5366251",
        "wikipedia": "ja:船橋日大前駅"
      },
      "geometry": {
        "type": "Point",
        "coordinates": [
          140.0588171,
          35.7268419
        ]
      },
      "id": "node/1923703990"
    },
    {
      "type": "Feature",
      "properties": {
        "@id": "node/1923720146",
        "name": "原木中山",
        "name:en": "Baraki-nakayama",
        "name:es": "Baraki-nakayama",
        "name:ja": "原木中山",
        "name:ja-Hira": "ばらきなかやま",
        "name:ko": "바라키나카야마",
        "name:ru": "Бараки-Накаяма",
        "operator": "東京地下鉄",
        "platforms": "2",
        "public_transport": "station",
        "railway": "station",
        "ref": "T22",
        "station": "subway",
        "subway": "yes",
        "wikidata": "Q128808",
        "wikipedia": "ja:原木中山駅"
      },
      "geometry": {
        "type": "Point",
        "coordinates": [
          139.9416595,
          35.7031484
        ]
      },
      "id": "node/1923720146"
    },
    {
      "type": "Feature",
      "properties": {
        "@id": "node/1923723997",
        "name": "妙典",
        "name:en": "Myoden",
        "name:es": "Myoden",
        "name:ja": "妙典",
        "name:ja-Hira": "みょうでん",
        "name:ja-Latn": "Myōden",
        "name:ko": "묘덴",
        "name:ru": "Мёден",
        "operator": "東京地下鉄",
        "platforms": "4",
        "public_transport": "station",
        "railway": "station",
        "ref": "T21",
        "station": "subway",
        "subway": "yes",
        "wikidata": "Q128795",
        "wikipedia": "ja:妙典駅"
      },
      "geometry": {
        "type": "Point",
        "coordinates": [
          139.9244066,
          35.6910897
        ]
      },
      "id": "node/1923723997"
    },
    {
      "type": "Feature",
      "properties": {
        "@id": "node/1923746849",
        "addr:block_number": "4",
        "addr:housenumber": "1",
        "addr:neighbourhood": "行徳駅前二丁目",
        "name": "行徳",
        "name:en": "Gyotoku",
        "name:es": "Gyotoku",
        "name:ja": "行徳",
        "name:ja-Hira": "ぎょうとく",
        "name:ko": "교토쿠",
        "name:ru": "Гётоку",
        "operator": "東京地下鉄",
        "phone": "+81-47-357-5821",
        "platforms": "2",
        "public_transport": "station",
        "railway": "station",
        "ref": "T20",
        "station": "subway",
        "subway": "yes",
        "wikidata": "Q128806",
        "wikipedia": "ja:行徳駅"
      },
      "geometry": {
        "type": "Point",
        "coordinates": [
          139.9145062,
          35.6828816
        ]
      },
      "id": "node/1923746849"
    },
    {
      "type": "Feature",
      "properties": {
        "@id": "node/1923746852",
        "name": "南行徳",
        "name:en": "Minami-gyotoku",
        "name:ja": "南行徳",
        "name:ja-Hira": "みなみぎょうとく",
        "name:ja-Latn": "Minami Gyōtoku",
        "name:ko": "미나미교토쿠",
        "name:ru": "Минами-Гётоку",
        "operator": "東京地下鉄",
        "platforms": "2",
        "public_transport": "station",
        "railway": "station",
        "ref": "T19",
        "source": "Bing 2010;(URL)",
        "station": "subway",
        "subway": "yes",
        "wikidata": "Q128797",
        "wikipedia": "ja:南行徳駅"
      },
      "geometry": {
        "type": "Point",
        "coordinates": [
          139.902279,
          35.6727318
        ]
      },
      "id": "node/1923746852"
    },
    {
      "type": "Feature",
      "properties": {
        "@id": "node/1923746886",
        "name": "浦安",
        "name:en": "Urayasu",
        "name:es": "Urayasu",
        "name:ja": "浦安",
        "name:ja-Hira": "うらやす",
        "name:ja_rm": "Urayasu",
        "name:ko": "우라야스",
        "name:ru": "Ураясу",
        "operator": "東京地下鉄",
        "platforms": "2",
        "public_transport": "station",
        "railway": "station",
        "ref": "T18",
        "station": "subway",
        "subway": "yes",
        "wikidata": "Q1077988",
        "wikipedia": "ja:浦安駅 (千葉県)"
      },
      "geometry": {
        "type": "Point",
        "coordinates": [
          139.8930133,
          35.6658445
        ]
      },
      "id": "node/1923746886"
    },
    {
      "type": "Feature",
      "properties": {
        "@id": "node/1923879760",
        "name": "東葉勝田台",
        "name:en": "Toyo-Katsutadai",
        "name:es": "Toyo-Katsutadai",
        "name:ja": "東葉勝田台",
        "name:ja-Hira": "とうようかつただい",
        "name:ja_rm": "Tōyō Katsutadai",
        "name:ko": "도요카쓰타다이",
        "name:ru": "Тоё-Кацутадай",
        "network": "東葉高速線",
        "operator": "東葉高速鉄道",
        "phone": "+81 47 4872010",
        "platforms": "2",
        "public_transport": "station",
        "railway": "station",
        "ref": "TR09",
        "station": "subway",
        "subway": "yes",
        "website": "https://www.toyokosoku.co.jp/en/en-toyokatsutadai",
        "wheelchair": "yes",
        "wikidata": "Q7862750",
        "wikipedia": "ja:東葉勝田台駅"
      },
      "geometry": {
        "type": "Point",
        "coordinates": [
          140.1260561,
          35.7159497
        ]
      },
      "id": "node/1923879760"
    },
    {
      "type": "Feature",
      "properties": {
        "@id": "node/1925585850",
        "alt_name": "八幡",
        "name": "京成八幡",
        "name:en": "Keisei Yawata",
        "name:it": "Keisei Yawata",
        "name:ja": "京成八幡",
        "name:ja-Hira": "けいせいやわた",
        "name:ja-Latn": "Keisei Yawata",
        "name:ko": "게이세이야와타",
        "network": "京成",
        "operator": "京成電鉄",
        "platforms": "2",
        "public_transport": "station",
        "railway": "station",
        "ref": "KS16",
        "train": "yes",
        "wheelchair": "yes",
        "wikidata": "Q4502328",
        "wikipedia": "ja:京成八幡駅"
      },
      "geometry": {
        "type": "Point",
        "coordinates": [
          139.9280439,
          35.7239123
        ]
      },
      "id": "node/1925585850"
    },
    {
      "type": "Feature",
      "properties": {
        "@id": "node/1927034703",
        "alt_name": "中山",
        "name": "京成中山",
        "name:en": "Keisei-Nakayama",
        "name:it": "Keisei Nakayama",
        "name:ja": "京成中山",
        "name:ja-Hira": "けいせいなかやま",
        "name:ja-Latn": "Keisei-Nakayama",
        "name:ko": "게이세이나카야마",
        "network": "京成",
        "operator": "京成電鉄",
        "platforms": "2",
        "public_transport": "station",
        "railway": "station",
        "ref": "KS18",
        "reg_name": "中山",
        "wheelchair": "no",
        "wikidata": "Q6383846",
        "wikipedia": "ja:京成中山駅"
      },
      "geometry": {
        "type": "Point",
        "coordinates": [
          139.9447308,
          35.7168708
        ]
      },
      "id": "node/1927034703"
    },
    {
      "type": "Feature",
      "properties": {
        "@id": "node/1934456407",
        "highway": "motorway_junction",
        "name": "姉崎袖ケ浦ＩＣ",
        "name:en": "Anesaki-Sodegaura IC",
        "name:es": "Salida Anesaki-Sodegaura",
        "name:ja": "姉崎袖ケ浦IC",
        "name:ja-Hira": "あねさきそでがうらいんたーちぇんじ",
        "name:ja_rm": "anesaki-sodegaura IC",
        "ref": "14",
        "source:name": "wikipedia",
        "source:ref": "wikipedia",
        "wikipedia": "ja:姉崎袖ケ浦インターチェンジ"
      },
      "geometry": {
        "type": "Point",
        "coordinates": [
          140.0387716,
          35.426192
        ]
      },
      "id": "node/1934456407"
    },
    {
      "type": "Feature",
      "properties": {
        "@id": "node/1934456421",
        "highway": "motorway_junction",
        "name": "姉崎袖ケ浦ＩＣ",
        "name:en": "Anesaki-sodegaura IC",
        "name:ja": "姉崎袖ケ浦IC",
        "name:ja-Hira": "あねさきそでがうら",
        "name:ja_rm": "Anesaki-sodegaura IC",
        "ref": "14",
        "source:name": "wikipedia",
        "source:ref": "wikipedia",
        "wikipedia": "ja:姉崎袖ケ浦インターチェンジ"
      },
      "geometry": {
        "type": "Point",
        "coordinates": [
          140.0466708,
          35.4298845
        ]
      },
      "id": "node/1934456421"
    },
    {
      "type": "Feature",
      "properties": {
        "@id": "node/1934463975",
        "highway": "motorway_junction",
        "name": "木更津北ＩＣ",
        "name:en": "Kisarazu-North IC",
        "name:ja": "木更津北IC",
        "name:ja-Hira": "きさらづきたいんたーちぇんじ",
        "name:ja_rm": "Kisarazu-kita IC",
        "ref": "15",
        "source:name": "wikipedia",
        "source:ref": "wikipedia",
        "wikipedia": "ja:木更津北インターチェンジ"
      },
      "geometry": {
        "type": "Point",
        "coordinates": [
          139.9998533,
          35.3876386
        ]
      },
      "id": "node/1934463975"
    },
    {
      "type": "Feature",
      "properties": {
        "@id": "node/1934664965",
        "highway": "motorway_junction",
        "name": "東金ＩＣ／ＪＣＴ",
        "name:en": "tougane IC / JCT",
        "name:ja": "東金IC / JCT",
        "official_name:en": "National Highway Route 468"
      },
      "geometry": {
        "type": "Point",
        "coordinates": [
          140.3169352,
          35.5677689
        ]
      },
      "id": "node/1934664965"
    },
    {
      "type": "Feature",
      "properties": {
        "@id": "node/1936643564",
        "name": "増尾",
        "name:en": "Masuo",
        "name:ja": "増尾",
        "name:ja_rm": "Masuo",
        "name:ko": "마스오",
        "public_transport": "station",
        "railway": "station",
        "ref": "TD26",
        "wikidata": "Q6785712",
        "wikipedia": "ja:増尾駅"
      },
      "geometry": {
        "type": "Point",
        "coordinates": [
          139.9767076,
          35.8295829
        ]
      },
      "id": "node/1936643564"
    },
    {
      "type": "Feature",
      "properties": {
        "@id": "node/1950613882",
        "alt_name": "第1旅客ターミナル",
        "name": "成田空港",
        "name:en": "Narita Airport Terminal 1",
        "name:es": "Terminal 1 del Aeropuerto de Narita",
        "name:it": "Narita Aeroporto Terminal 1",
        "name:ja": "成田空港",
        "name:ja-Hira": "なりたくうこう",
        "name:ja-Latn": "Narita Kūkō",
        "name:ko": "나리타공항 제1터미널",
        "name:ru": "Первый терминал аэропорта Нарита",
        "name:zh": "成田机场 第1候机楼",
        "network": "京成",
        "operator": "京成電鉄",
        "platforms": "5",
        "public_transport": "station",
        "railway": "station",
        "ref": "KS42",
        "wikidata": "Q906732",
        "wikipedia": "ja:成田空港駅"
      },
      "geometry": {
        "type": "Point",
        "coordinates": [
          140.3859899,
          35.7653969
        ]
      },
      "id": "node/1950613882"
    },
    {
      "type": "Feature",
      "properties": {
        "@id": "node/1954899610",
        "highway": "motorway_junction",
        "name": "市原ＩＣ",
        "name:en": "Ichihara IC",
        "name:ja": "市原IC",
        "name:ja-Hira": "いちはらいんたーちぇんじ",
        "name:ja_rm": "Ichihara IC",
        "ref": "13",
        "source:name": "wikipedia",
        "source:ref": "wikipedia",
        "wikidata": "Q11480018",
        "wikipedia": "ja:市原インターチェンジ"
      },
      "geometry": {
        "type": "Point",
        "coordinates": [
          140.0909396,
          35.4940777
        ]
      },
      "id": "node/1954899610"
    },
    {
      "type": "Feature",
      "properties": {
        "@id": "node/2002165186",
        "highway": "motorway_junction",
        "name": "君津ＩＣ",
        "name:en": "Kimitsu IC",
        "name:ja": "君津IC",
        "name:ja-Hira": "きみついんたーちぇんじ",
        "name:ja_rm": "Kimitsu IC",
        "ref": "18",
        "source:name": "wikipedia",
        "source:ref": "wikipedia",
        "wikipedia": "ja:君津インターチェンジ (千葉県)"
      },
      "geometry": {
        "type": "Point",
        "coordinates": [
          139.9452714,
          35.3228414
        ]
      },
      "id": "node/2002165186"
    },
    {
      "type": "Feature",
      "properties": {
        "@id": "node/2002165232",
        "highway": "motorway_junction",
        "name": "君津ＩＣ",
        "name:en": "Kimitsu IC",
        "name:ja": "君津IC",
        "name:ja-Hira": "きみついんたーちぇんじ",
        "name:ja_rm": "Kimitsu IC",
        "ref": "18",
        "source:name": "wikipedia",
        "source:ref": "wikipedia",
        "wikipedia": "ja:君津インターチェンジ (千葉県)"
      },
      "geometry": {
        "type": "Point",
        "coordinates": [
          139.9433865,
          35.3151089
        ]
      },
      "id": "node/2002165232"
    },
    {
      "type": "Feature",
      "properties": {
        "@id": "node/2018073976",
        "alt_name:ko": "요시카와코엔",
        "monorail": "yes",
        "name": "葭川公園",
        "name:en": "Yoshikawa-Koen",
        "name:ja": "葭川公園",
        "name:ja_rm": "Yoshikawa-Koen",
        "name:ko": "요시카와공원",
        "name:ru": "Йосикава-коэн",
        "public_transport": "station",
        "railway": "station",
        "station": "monorail",
        "train": "yes",
        "wikidata": "Q11621166",
        "wikipedia": "ja:葭川公園駅"
      },
      "geometry": {
        "type": "Point",
        "coordinates": [
          140.1200969,
          35.6088494
        ]
      },
      "id": "node/2018073976"
    },
    {
      "type": "Feature",
      "properties": {
        "@id": "node/2018074010",
        "monorail": "yes",
        "name": "栄町",
        "name:en": "Sakaecho",
        "name:ja": "栄町",
        "name:ja_rm": "Sakaechō",
        "name:ko": "사카에초",
        "name:ru": "Сакаэтё",
        "operator": "千葉都市モノレール",
        "platforms": "2",
        "public_transport": "station",
        "railway": "station",
        "source": "GSI/KIBAN 2500;NARO;bing",
        "station": "monorail",
        "wheelchair": "yes",
        "wikidata": "Q7402748",
        "wikipedia": "ja:栄町駅 (千葉県)"
      },
      "geometry": {
        "type": "Point",
        "coordinates": [
          140.1186221,
          35.6129614
        ]
      },
      "id": "node/2018074010"
    },
    {
      "type": "Feature",
      "properties": {
        "@id": "node/2018074014",
        "alt_name:ko": "시야쿠쇼마에",
        "monorail": "yes",
        "name": "市役所前",
        "name:en": "Shiyakushomae",
        "name:ja": "市役所前",
        "name:ja-Hira": "しやくしょまえ",
        "name:ja_rm": "Shiyakushomae",
        "name:ko": "시청앞",
        "name:ru": "Сиякусё-маэ",
        "operator": "千葉都市モノレール",
        "platforms": "2",
        "public_transport": "station",
        "railway": "station",
        "source": "Bing",
        "station": "monorail",
        "wheelchair": "yes",
        "wikidata": "Q7499454",
        "wikipedia": "ja:市役所前駅 (千葉県)"
      },
      "geometry": {
        "type": "Point",
        "coordinates": [
          140.1078479,
          35.6072241
        ]
      },
      "id": "node/2018074014"
    },
    {
      "type": "Feature",
      "properties": {
        "@id": "node/2018074040",
        "alt_name:ko": "겐초마에",
        "monorail": "yes",
        "name": "県庁前",
        "name:en": "Kencho-Mae",
        "name:ja": "県庁前",
        "name:ja-Hira": "けんちょうまえ",
        "name:ja-Latn": "Kencho-Mae",
        "name:ko": "현청앞",
        "name:ru": "Кентё-маэ",
        "public_transport": "station",
        "railway": "station",
        "station": "monorail",
        "wikidata": "Q6388822",
        "wikipedia": "ja:県庁前駅 (千葉県)"
      },
      "geometry": {
        "type": "Point",
        "coordinates": [
          140.1221568,
          35.6036854
        ]
      },
      "id": "node/2018074040"
    },
    {
      "type": "Feature",
      "properties": {
        "@id": "node/2065711074",
        "monorail": "yes",
        "name": "穴川",
        "name:en": "Anagawa",
        "name:ja": "穴川",
        "name:ja-Hira": "あながわ",
        "name:ja_rm": "Anagawa",
        "name:ko": "아나가와",
        "name:ru": "Анагава",
        "operator": "千葉都市モノレール",
        "platforms": "2",
        "public_transport": "station",
        "railway": "station",
        "source": "GSI/KIBAN 2500;NARO;bing",
        "station": "monorail",
        "wheelchair": "yes",
        "wikidata": "Q4750826",
        "wikipedia": "ja:穴川駅 (千葉県)"
      },
      "geometry": {
        "type": "Point",
        "coordinates": [
          140.1118771,
          35.6395681
        ]
      },
      "id": "node/2065711074"
    },
    {
      "type": "Feature",
      "properties": {
        "@id": "node/2065711075",
        "monorail": "yes",
        "name": "千葉公園",
        "name:en": "Chiba-Koen",
        "name:ja": "千葉公園",
        "name:ja-Hira": "ちばこうえん",
        "name:ja_rm": "Chiba-kōen",
        "name:ko": "지바코엔",
        "name:ru": "Тиба-коэн",
        "operator": "千葉都市モノレール",
        "platforms": "2",
        "public_transport": "station",
        "railway": "station",
        "source": "GSI/KIBAN 2500;NARO;bing",
        "station": "monorail",
        "wheelchair": "yes",
        "wikidata": "Q5095295",
        "wikipedia": "ja:千葉公園駅"
      },
      "geometry": {
        "type": "Point",
        "coordinates": [
          140.1178236,
          35.6198055
        ]
      },
      "id": "node/2065711075"
    },
    {
      "type": "Feature",
      "properties": {
        "@id": "node/2065711076",
        "monorail": "yes",
        "name": "作草部",
        "name:en": "Sakusabe",
        "name:ja": "作草部",
        "name:ja-Hira": "さくさべ",
        "name:ja_rm": "Sakusabe",
        "name:ko": "사쿠사베",
        "name:ru": "Сакусабе",
        "operator": "千葉都市モノレール",
        "platforms": "2",
        "public_transport": "station",
        "railway": "station",
        "source": "GSI/KIBAN 2500;NARO;bing",
        "station": "monorail",
        "wheelchair": "yes",
        "wikidata": "Q7403224",
        "wikipedia": "ja:作草部駅"
      },
      "geometry": {
        "type": "Point",
        "coordinates": [
          140.1152507,
          35.6256955
        ]
      },
      "id": "node/2065711076"
    },
    {
      "type": "Feature",
      "properties": {
        "@id": "node/2065711077",
        "monorail": "yes",
        "name": "天台",
        "name:en": "Tendai",
        "name:ja": "天台",
        "name:ja-Hira": "てんだい",
        "name:ja_rm": "Tendai",
        "name:ko": "덴다이",
        "name:ru": "Тендай",
        "operator": "千葉都市モノレール",
        "platforms": "2",
        "public_transport": "station",
        "railway": "station",
        "source": "GSI/KIBAN 2500;NARO;bing",
        "station": "monorail",
        "wheelchair": "yes",
        "wikidata": "Q7699571",
        "wikipedia": "ja:天台駅"
      },
      "geometry": {
        "type": "Point",
        "coordinates": [
          140.1127865,
          35.6314182
        ]
      },
      "id": "node/2065711077"
    },
    {
      "type": "Feature",
      "properties": {
        "@id": "node/2102593003",
        "name": "小林",
        "name:en": "Kobayashi",
        "name:ja": "小林",
        "name:ja-Hira": "こばやし",
        "name:ja_rm": "Kobayashi",
        "name:ko": "고바야시",
        "network": "JR成田線",
        "operator": "東日本旅客鉄道",
        "platforms": "2",
        "public_transport": "station",
        "railway": "station",
        "wheelchair": "no",
        "wikidata": "Q5363656",
        "wikipedia": "ja:小林駅 (千葉県)"
      },
      "geometry": {
        "type": "Point",
        "coordinates": [
          140.193306,
          35.830567
        ]
      },
      "id": "node/2102593003"
    },
    {
      "type": "Feature",
      "properties": {
        "@id": "node/2283895830",
        "highway": "motorway_junction",
        "name": "酒々井IC",
        "name:en": "Shisui IC",
        "name:es": "Shisui IC",
        "name:ja": "酒々井IC",
        "name:ja-Hira": "しすいいんたーちぇんじ",
        "name:ja-Latn": "Shisui IC",
        "ref": "8-1",
        "source:name": "wikipedia",
        "source:ref": "wikipedia",
        "wikidata": "Q11643981",
        "wikipedia": "ja:酒々井インターチェンジ"
      },
      "geometry": {
        "type": "Point",
        "coordinates": [
          140.2947665,
          35.7293755
        ]
      },
      "id": "node/2283895830"
    },
    {
      "type": "Feature",
      "properties": {
        "@id": "node/2291241666",
        "highway": "motorway_junction",
        "name": "谷津船橋 IC",
        "name:en": "Yatsu-Funabashi IC",
        "name:ja": "谷津船橋 IC",
        "name:ja-Hira": "やつふなばしいんたーちぇんじ",
        "name:ja-Latn": "Yatsu-Funabashi IC",
        "ref": "2-1",
        "wikidata": "Q11633025",
        "wikipedia": "ja:谷津船橋インターチェンジ"
      },
      "geometry": {
        "type": "Point",
        "coordinates": [
          140.004175,
          35.67453
        ]
      },
      "id": "node/2291241666"
    },
    {
      "type": "Feature",
      "properties": {
        "@id": "node/2385639128",
        "highway": "motorway_junction",
        "name": "高田IC"
      },
      "geometry": {
        "type": "Point",
        "coordinates": [
          140.2082904,
          35.5561704
        ]
      },
      "id": "node/2385639128"
    },
    {
      "type": "Feature",
      "properties": {
        "@id": "node/2449310167",
        "highway": "motorway_junction",
        "name": "茂原長南ＩＣ",
        "name:en": "mobaratyou-nan IC",
        "name:ja": "茂原長南IC",
        "name:ja-Hira": "もばらちょうなん",
        "name:ja_rm": "mobaratyou-nan IC",
        "official_name:en": "National Highway Route 468",
        "ref": "103",
        "source:name": "wikipedia",
        "source:ref": "wikipedia",
        "wikipedia": "ja:茂原長南インターチェンジ"
      },
      "geometry": {
        "type": "Point",
        "coordinates": [
          140.2484966,
          35.4013071
        ]
      },
      "id": "node/2449310167"
    },
    {
      "type": "Feature",
      "properties": {
        "@id": "node/2449310223",
        "highway": "motorway_junction",
        "name": "茂原長南ＩＣ",
        "name:en": "mobaratyou-nan IC",
        "name:ja": "茂原長南IC",
        "name:ja-Hira": "もばらちょうなんいんたーちぇんじ",
        "name:ja_rm": "mobaratyou-nan IC",
        "official_name:en": "National Highway Route 468",
        "ref": "103",
        "source:name": "wikipedia",
        "source:ref": "wikipedia",
        "wikipedia": "ja:茂原長南インターチェンジ"
      },
      "geometry": {
        "type": "Point",
        "coordinates": [
          140.2529379,
          35.4058317
        ]
      },
      "id": "node/2449310223"
    },
    {
      "type": "Feature",
      "properties": {
        "@id": "node/2449310546",
        "highway": "motorway_junction",
        "name": "茂原北ＩＣ",
        "name:en": "mobara-north IC",
        "name:ja": "茂原北IC",
        "name:ja-Hira": "もばらきたいんたーちぇんじ",
        "name:ja_rm": "mobara-north IC",
        "official_name:en": "National Highway Route 468",
        "ref": "102",
        "source:name": "wikipedia",
        "source:ref": "wikipedia",
        "wikipedia": "ja:茂原北インターチェンジ"
      },
      "geometry": {
        "type": "Point",
        "coordinates": [
          140.2774236,
          35.4912124
        ]
      },
      "id": "node/2449310546"
    },
    {
      "type": "Feature",
      "properties": {
        "@id": "node/2449310747",
        "highway": "motorway_junction",
        "name": "東金ＩＣ",
        "name:en": "tougane IC",
        "name:ja": "東金IC",
        "name:ja-Hira": "とうがねいんたーちぇんじ",
        "name:ja_rm": "tougane IC",
        "ref": "101",
        "source:name": "wikipedia",
        "source:ref": "wikipedia",
        "wikipedia": "ja:東金インターチェンジ"
      },
      "geometry": {
        "type": "Point",
        "coordinates": [
          140.3163488,
          35.5705082
        ]
      },
      "id": "node/2449310747"
    },
    {
      "type": "Feature",
      "properties": {
        "@id": "node/2476790146",
        "highway": "motorway_junction",
        "name": "市原ＩＣ",
        "name:en": "Ichihara IC",
        "name:ja": "市原IC",
        "name:ja-Hira": "いちはらいんたーちぇんじ",
        "name:ja_rm": "Ichihara IC",
        "ref": "13",
        "source": "GSImaps/ort",
        "source:name": "wikipedia",
        "source:ref": "wikipedia",
        "wikipedia": "ja:市原インターチェンジ"
      },
      "geometry": {
        "type": "Point",
        "coordinates": [
          140.0947318,
          35.497262
        ]
      },
      "id": "node/2476790146"
    },
    {
      "type": "Feature",
      "properties": {
        "@id": "node/2486366411",
        "name": "海士有木",
        "name:en": "Amaariki",
        "name:ja": "海士有木",
        "name:ja_rm": "Amaariki",
        "name:ko": "아마아리키",
        "operator": "小湊鉄道",
        "operator:en": "Kominato Railway",
        "public_transport": "station",
        "railway": "station",
        "source": "Bing",
        "website": "https://www.kominato.co.jp/station/amaariki/",
        "wikidata": "Q4738981",
        "wikipedia": "ja:海士有木駅"
      },
      "geometry": {
        "type": "Point",
        "coordinates": [
          140.1241104,
          35.4817067
        ]
      },
      "id": "node/2486366411"
    },
    {
      "type": "Feature",
      "properties": {
        "@id": "node/2493802566",
        "barrier": "toll_booth",
        "highway": "motorway_junction",
        "name": "谷津船橋 IC",
        "name:en": "Yatsu-Funabashi IC",
        "name:ja": "谷津船橋 IC",
        "name:ja-Hira": "やつふなばしいんたーちぇんじ",
        "name:ja-Latn": "Yatsu-Funabashi IC",
        "ref": "2-1",
        "source": "survey;bing",
        "wikidata": "Q11633025",
        "wikipedia": "ja:谷津船橋インターチェンジ"
      },
      "geometry": {
        "type": "Point",
        "coordinates": [
          140.0024329,
          35.6779352
        ]
      },
      "id": "node/2493802566"
    },
    {
      "type": "Feature",
      "properties": {
        "@id": "node/2496904129",
        "name": "八千代緑が丘",
        "name:en": "Yachiyo-midorigaoka",
        "name:ja": "八千代緑が丘",
        "name:ja-Hira": "やちよみどりがおか",
        "name:ja_rm": "Yachiyo-midorigaoka",
        "name:ko": "야치요미도리가오카",
        "name:ru": "Ятиё-Мидоригаока",
        "network": "東葉高速線",
        "operator": "東葉高速鉄道",
        "platforms": "4",
        "public_transport": "station",
        "railway": "station",
        "ref": "TR06",
        "station": "subway",
        "wheelchair": "yes",
        "wikidata": "Q5367282",
        "wikipedia": "ja:八千代緑が丘駅"
      },
      "geometry": {
        "type": "Point",
        "coordinates": [
          140.0729952,
          35.7288504
        ]
      },
      "id": "node/2496904129"
    },
    {
      "type": "Feature",
      "properties": {
        "@id": "node/2496905056",
        "name": "八千代中央",
        "name:en": "Yachiyo-chuo",
        "name:es": "Yachiyo-chuo",
        "name:ja": "八千代中央",
        "name:ja-Hira": "やちよちゅうおう",
        "name:ja_rm": "Yachiyo-chūō",
        "name:ko": "야치요추오",
        "name:ru": "Ятиё-тюо",
        "network": "東葉高速線",
        "operator": "東葉高速鉄道",
        "platforms": "2",
        "public_transport": "station",
        "railway": "station",
        "ref": "TR07",
        "station": "subway",
        "wheelchair": "yes",
        "wikidata": "Q5366268",
        "wikipedia": "ja:八千代中央駅"
      },
      "geometry": {
        "type": "Point",
        "coordinates": [
          140.1034097,
          35.7278521
        ]
      },
      "id": "node/2496905056"
    },
    {
      "type": "Feature",
      "properties": {
        "@id": "node/2496905171",
        "name": "村上",
        "name:en": "Murakami",
        "name:es": "Murakami",
        "name:ja": "村上",
        "name:ja-Hira": "むらかみ",
        "name:ja_rm": "Murakami",
        "name:ko": "무라카미",
        "name:ru": "Мураками",
        "network": "東葉高速線",
        "operator": "東葉高速鉄道",
        "platforms": "2",
        "public_transport": "station",
        "railway": "station",
        "ref": "TR08",
        "station": "subway",
        "wheelchair": "yes",
        "wikidata": "Q283118",
        "wikipedia": "ja:村上駅 (千葉県)"
      },
      "geometry": {
        "type": "Point",
        "coordinates": [
          140.1183517,
          35.7237734
        ]
      },
      "id": "node/2496905171"
    },
    {
      "type": "Feature",
      "properties": {
        "@id": "node/2496907359",
        "name": "飯山満",
        "name:en": "Hasama",
        "name:es": "Hasama",
        "name:ja": "飯山満",
        "name:ja-Hira": "はさま",
        "name:ja_rm": "Hasama",
        "name:ko": "하사마",
        "name:ru": "Хасама",
        "network": "東葉高速線",
        "operator": "東葉高速鉄道",
        "platforms": "2",
        "public_transport": "station",
        "railway": "station",
        "ref": "TR03",
        "station": "subway",
        "wheelchair": "yes",
        "wikidata": "Q5366376",
        "wikipedia": "ja:飯山満駅"
      },
      "geometry": {
        "type": "Point",
        "coordinates": [
          140.0221635,
          35.7140049
        ]
      },
      "id": "node/2496907359"
    },
    {
      "type": "Feature",
      "properties": {
        "@id": "node/2496907808",
        "maxspeed": "95",
        "name": "西船橋",
        "name:de": "Nishi-Funabashi",
        "name:en": "Nishi-Funabashi",
        "name:es": "Nishi-Funabashi",
        "name:it": "Nishi-Funabashi",
        "name:ja": "西船橋",
        "name:ja-Hira": "にしふなばし",
        "name:ja-Latn": "Nishi-Funabashi",
        "name:ko": "니시후나바시",
        "name:ru": "Ниси-Фунабаси",
        "operator": "東日本旅客鉄道",
        "operator:en": "East Japan Railway Company",
        "operator:ja": "東日本旅客鉄道",
        "operator:wikidata": "Q499071",
        "platforms": "2",
        "public_transport": "station",
        "railway": "station",
        "ref": "JB30;JM10",
        "train": "yes",
        "wheelchair": "yes",
        "wikidata": "Q128803",
        "wikipedia": "ja:西船橋駅"
      },
      "geometry": {
        "type": "Point",
        "coordinates": [
          139.9595632,
          35.7072616
        ]
      },
      "id": "node/2496907808"
    },
    {
      "type": "Feature",
      "properties": {
        "@id": "node/2543426615",
        "name": "京成津田沼",
        "name:en": "Keisei Tsudanuma",
        "name:it": "Keisei Tsudanuma",
        "name:ja": "京成津田沼",
        "name:ja-Hira": "けいせいつだぬま",
        "name:ja-Latn": "Keisei Tsudanuma",
        "name:ko": "게이세이쓰다누마",
        "name:ru": "Кэйсэй-Цуданума",
        "network": "京成",
        "operator": "京成電鉄",
        "platforms": "5;1",
        "public_transport": "station",
        "railway": "station",
        "ref": "KS26",
        "website": "https://www.keisei.co.jp/keisei/tetudou/accessj/keisei-tsudanuma.php",
        "wheelchair": "yes",
        "wikidata": "Q4389595",
        "wikipedia": "ja:京成津田沼駅"
      },
      "geometry": {
        "type": "Point",
        "coordinates": [
          140.0248164,
          35.6836333
        ]
      },
      "id": "node/2543426615"
    },
    {
      "type": "Feature",
      "properties": {
        "@id": "node/2545318838",
        "contact:website": "https://www.keisei.co.jp/keisei/tetudou/accessj/keisei-chiba.php",
        "name": "京成千葉",
        "name:en": "Keisei Chiba",
        "name:ja": "京成千葉",
        "name:ja-Hira": "けいせいちば",
        "name:ja-Latn": "Keisei Chiba",
        "name:ko": "게이세이지바",
        "name:ru": "Кэйсэй-Тиба",
        "network": "京成電鉄",
        "network:en": "Keisei Electric Railway",
        "network:ja": "京成電鉄",
        "network:wikidata": "Q83538",
        "operator": "京成電鉄",
        "operator:en": "Keisei Electric Railway",
        "operator:ja": "京成電鉄",
        "operator:wikidata": "Q83538",
        "platforms": "2",
        "public_transport": "station",
        "railway": "station",
        "ref": "KS59",
        "train": "yes",
        "wikidata": "Q6383838",
        "wikipedia": "ja:京成千葉駅"
      },
      "geometry": {
        "type": "Point",
        "coordinates": [
          140.1143016,
          35.6116663
        ]
      },
      "id": "node/2545318838"
    },
    {
      "type": "Feature",
      "properties": {
        "@id": "node/2545318845",
        "contact:website": "https://www.keisei.co.jp/keisei/tetudou/accessj/chibachuo.php",
        "name": "千葉中央",
        "name:en": "Chiba-Chuo",
        "name:ja": "千葉中央",
        "name:ja-Hira": "ちばちゅうおう",
        "name:ja-Latn": "Chiba-Chuō",
        "name:ko": "지바추오",
        "name:ru": "Тиба-Тюо",
        "network": "京成電鉄",
        "network:en": "Keisei Electric Railway",
        "network:ja": "京成電鉄",
        "network:wikidata": "Q83538",
        "operator": "京成電鉄",
        "operator:en": "Keisei Electric Railway",
        "operator:ja": "京成電鉄",
        "operator:wikidata": "Q83538",
        "platforms": "2",
        "public_transport": "station",
        "railway": "station",
        "ref": "KS60",
        "train": "yes",
        "wheelchair": "yes",
        "wikidata": "Q5095292",
        "wikipedia": "ja:千葉中央駅"
      },
      "geometry": {
        "type": "Point",
        "coordinates": [
          140.1178399,
          35.6073248
        ]
      },
      "id": "node/2545318845"
    },
    {
      "type": "Feature",
      "properties": {
        "@id": "node/2545318853",
        "name": "ちはら台",
        "name:en": "Chiharadai",
        "name:ja": "ちはら台",
        "name:ja-Hira": "ちはらだい",
        "name:ja_rm": "Chiharadai",
        "name:ko": "지하라다이",
        "operator": "京成電鉄",
        "platforms": "2",
        "public_transport": "station",
        "railway": "station",
        "ref": "KS65",
        "wikidata": "Q5097270",
        "wikipedia": "ja:ちはら台駅"
      },
      "geometry": {
        "type": "Point",
        "coordinates": [
          140.1702772,
          35.5338295
        ]
      },
      "id": "node/2545318853"
    },
    {
      "type": "Feature",
      "properties": {
        "@id": "node/2545318856",
        "alt_name:ko": "가쿠엔마에",
        "name": "学園前",
        "name:en": "Gakuemmae",
        "name:ja": "学園前",
        "name:ja-Hira": "がくえんまえ",
        "name:ja_rm": "Gakuemmae",
        "name:ko": "학원앞",
        "operator": "京成電鉄",
        "platforms": "2",
        "public_transport": "station",
        "railway": "station",
        "ref": "KS63",
        "source": "Bing, 2010/7-2011/6",
        "wikidata": "Q5517706",
        "wikipedia": "ja:学園前駅 (千葉県)"
      },
      "geometry": {
        "type": "Point",
        "coordinates": [
          140.1584082,
          35.5606158
        ]
      },
      "id": "node/2545318856"
    },
    {
      "type": "Feature",
      "properties": {
        "@id": "node/2545318862",
        "alt_name": "稲毛",
        "name": "京成稲毛",
        "name:en": "Keisei Inage",
        "name:ja": "京成稲毛",
        "name:ja-Hira": "けいせいいなげ",
        "name:ja-Latn": "Keisei Inage",
        "name:ko": "게이세이이나게",
        "name:ru": "Кэйсэй-Инагэ",
        "network": "京成電鉄",
        "network:en": "Keisei Electric Railway",
        "network:ja": "京成電鉄",
        "network:wikidata": "Q83538",
        "operator": "京成電鉄",
        "operator:en": "Keisei Electric Railway",
        "operator:ja": "京成電鉄",
        "operator:wikidata": "Q83538",
        "platforms": "2",
        "public_transport": "station",
        "railway": "station",
        "ref": "KS55",
        "train": "yes",
        "wikidata": "Q11374398",
        "wikipedia": "ja:京成稲毛駅"
      },
      "geometry": {
        "type": "Point",
        "coordinates": [
          140.0856084,
          35.6376426
        ]
      },
      "id": "node/2545318862"
    },
    {
      "type": "Feature",
      "properties": {
        "@id": "node/2545318868",
        "contact:website": "https://www.keisei.co.jp/keisei/tetudou/accessj/kemigawa.php",
        "name": "検見川",
        "name:en": "Kemigawa",
        "name:ja": "検見川",
        "name:ja-Hira": "けみがわ",
        "name:ja-Latn": "Kemigawa",
        "name:ko": "게미가와",
        "name:ru": "Кэмигава",
        "operator": "京成電鉄",
        "operator:en": "Keisei Electric Railway",
        "operator:ja": "京成電鉄",
        "operator:wikidata": "Q83538",
        "public_transport": "station",
        "railway": "station",
        "ref": "KS54",
        "wikidata": "Q6386953",
        "wikipedia": "ja:検見川駅"
      },
      "geometry": {
        "type": "Point",
        "coordinates": [
          140.066294,
          35.6526017
        ]
      },
      "id": "node/2545318868"
    },
    {
      "type": "Feature",
      "properties": {
        "@id": "node/2545318874",
        "alt_name": "幕張",
        "contact:website": "https://www.keisei.co.jp/keisei/tetudou/accessj/keisei-makuhari.php",
        "name": "京成幕張",
        "name:en": "Keisei Makuhari",
        "name:ja": "京成幕張",
        "name:ja-Hira": "けいせいまくはり",
        "name:ja-Latn": "Keisei Makuhari",
        "name:ko": "게이세이마쿠하리",
        "name:ru": "Кэйсэй-Макухари",
        "operator": "京成電鉄",
        "operator:en": "Keisei Electric Railway",
        "operator:ja": "京成電鉄",
        "operator:wikidata": "Q83538",
        "platforms": "2",
        "public_transport": "station",
        "railway": "station",
        "ref": "KS53",
        "wikidata": "Q6383845",
        "wikipedia": "ja:京成幕張駅"
      },
      "geometry": {
        "type": "Point",
        "coordinates": [
          140.0556604,
          35.6609528
        ]
      },
      "id": "node/2545318874"
    },
    {
      "type": "Feature",
      "properties": {
        "@id": "node/2545318880",
        "alt_name": "幕張本郷",
        "contact:website": "https://www.keisei.co.jp/keisei/tetudou/accessj/keisei-makuharihongo.php",
        "name": "京成幕張本郷",
        "name:en": "Keisei Makuhari-Hongo",
        "name:ja": "京成幕張本郷",
        "name:ja-Hira": "けいせいまくはりほんごう",
        "name:ja-Latn": "Keisei Makuhari-Hongō",
        "name:ko": "마쿠하리혼고",
        "name:ru": "Макухари-Хонго",
        "operator": "京成電鉄",
        "operator:en": "Keisei Electric Railway",
        "operator:ja": "京成電鉄",
        "operator:wikidata": "Q83538",
        "platforms": "2",
        "public_transport": "station",
        "railway": "station",
        "ref": "KS52",
        "wheelchair": "yes",
        "wikidata": "Q906124",
        "wikipedia": "ja:幕張本郷駅"
      },
      "geometry": {
        "type": "Point",
        "coordinates": [
          140.0421251,
          35.672623
        ]
      },
      "id": "node/2545318880"
    },
    {
      "type": "Feature",
      "properties": {
        "@id": "node/2545318886",
        "contact:website": "https://www.keisei.co.jp/keisei/tetudou/accessj/midoridai.php",
        "name": "みどり台",
        "name:en": "Midoridai",
        "name:ja": "みどり台",
        "name:ja-Hira": "みどりだい",
        "name:ja-Latn": "Midoridai",
        "name:ko": "미도리다이",
        "name:ru": "Мидоридай",
        "network": "京成電鉄",
        "network:en": "Keisei Electric Railway",
        "network:ja": "京成電鉄",
        "network:wikidata": "Q83538",
        "operator": "京成電鉄",
        "operator:en": "Keisei Electric Railway",
        "operator:ja": "京成電鉄",
        "operator:wikidata": "Q83538",
        "platforms": "2",
        "public_transport": "station",
        "railway": "station",
        "ref": "KS56",
        "train": "yes",
        "wikidata": "Q6842906",
        "wikipedia": "ja:みどり台駅"
      },
      "geometry": {
        "type": "Point",
        "coordinates": [
          140.0977059,
          35.6248017
        ]
      },
      "id": "node/2545318886"
    },
    {
      "type": "Feature",
      "properties": {
        "@id": "node/2545318891",
        "contact:website": "https://www.keisei.co.jp/keisei/tetudou/accessj/nishi-nobuto.php",
        "name": "西登戸",
        "name:en": "Nishi-Nobuto",
        "name:ja": "西登戸",
        "name:ja-Hira": "にしのぶと",
        "name:ja-Latn": "Nishi-Nobuto",
        "name:ko": "니시노부토",
        "name:ru": "Ниси-Нобуто",
        "network": "京成電鉄",
        "network:en": "Keisei Electric Railway",
        "network:ja": "京成電鉄",
        "network:wikidata": "Q83538",
        "operator": "京成電鉄",
        "operator:en": "Keisei Electric Railway",
        "operator:ja": "京成電鉄",
        "operator:wikidata": "Q83538",
        "platforms": "2",
        "public_transport": "station",
        "railway": "station",
        "ref": "KS57",
        "train": "yes",
        "wikidata": "Q7040665",
        "wikipedia": "ja:西登戸駅"
      },
      "geometry": {
        "type": "Point",
        "coordinates": [
          140.1029283,
          35.6174601
        ]
      },
      "id": "node/2545318891"
    },
    {
      "type": "Feature",
      "properties": {
        "@id": "node/2545318902",
        "name": "大森台",
        "name:en": "Omoridai",
        "name:ja": "大森台",
        "name:ja-Hira": "おおもりだい",
        "name:ja_rm": "Ōmoridai",
        "name:ko": "오모리다이",
        "network": "京成電鉄",
        "network:en": "Keisei Electric Railway",
        "network:ja": "京成電鉄",
        "network:wikidata": "Q83538",
        "operator": "京成電鉄",
        "platforms": "2",
        "public_transport": "station",
        "railway": "station",
        "ref": "KS62",
        "train": "yes",
        "wikidata": "Q8081632",
        "wikipedia": "ja:大森台駅"
      },
      "geometry": {
        "type": "Point",
        "coordinates": [
          140.1494149,
          35.5841554
        ]
      },
      "id": "node/2545318902"
    },
    {
      "type": "Feature",
      "properties": {
        "@id": "node/2545318916",
        "contact:website": "https://www.keisei.co.jp/keisei/tetudou/accessj/shin-chiba.php",
        "name": "新千葉",
        "name:en": "Shin-Chiba",
        "name:ja": "新千葉",
        "name:ja-Hira": "しんちば",
        "name:ja-Latn": "Shin-Chiba",
        "name:ko": "신치바",
        "name:ru": "Син-Тиба",
        "network": "京成電鉄",
        "network:en": "Keisei Electric Railway",
        "network:ja": "京成電鉄",
        "network:wikidata": "Q83538",
        "operator": "京成電鉄",
        "operator:en": "Keisei Electric Railway",
        "operator:ja": "京成電鉄",
        "operator:wikidata": "Q83538",
        "platforms": "2",
        "public_transport": "station",
        "railway": "station",
        "ref": "KS58",
        "train": "yes",
        "wikidata": "Q7497084",
        "wikipedia": "ja:新千葉駅"
      },
      "geometry": {
        "type": "Point",
        "coordinates": [
          140.1082949,
          35.6125515
        ]
      },
      "id": "node/2545318916"
    },
    {
      "type": "Feature",
      "properties": {
        "@id": "node/2546879658",
        "alt_name": "松虫姫",
        "name": "印旛日本医大",
        "name:de": "Inba Nihon Idai",
        "name:en": "Inba Nihon Idai",
        "name:ja": "印旛日本医大",
        "name:ja-Hira": "いんばにほんいだい",
        "name:ja_rm": "Imba nihon idai",
        "name:ko": "인바니혼이다이",
        "name:ru": "Инба-Нихон-Идай",
        "operator": "北総鉄道",
        "operator:en": "Hokuso Railway",
        "operator:ja": "北総鉄道",
        "platforms": "2",
        "public_transport": "station",
        "railway": "station",
        "ref": "HS14",
        "wikidata": "Q859077",
        "wikipedia": "ja:印旛日本医大駅"
      },
      "geometry": {
        "type": "Point",
        "coordinates": [
          140.2031172,
          35.7876577
        ]
      },
      "id": "node/2546879658"
    },
    {
      "type": "Feature",
      "properties": {
        "@id": "node/2546879659",
        "name": "印西牧の原",
        "name:en": "Inzai-makinohara",
        "name:ja": "印西牧の原",
        "name:ja-Hira": "いんざいまきのはら",
        "name:ja_rm": "Inzai-makinohara",
        "name:ko": "인자이마키노하라",
        "name:ru": "Индзай Макинохара",
        "operator": "北総鉄道",
        "operator:en": "Hokuso Railway",
        "operator:ja": "北総鉄道",
        "platforms": "4",
        "public_transport": "station",
        "railway": "station",
        "ref": "HS13",
        "train": "yes",
        "wikidata": "Q5366605",
        "wikipedia": "ja:印西牧の原駅"
      },
      "geometry": {
        "type": "Point",
        "coordinates": [
          140.1668513,
          35.8036457
        ]
      },
      "id": "node/2546879659"
    },
    {
      "type": "Feature",
      "properties": {
        "@id": "node/2546879661",
        "name": "小室",
        "name:en": "Komuro",
        "name:ja": "小室",
        "name:ja-Hira": "こむろ",
        "name:ja_rm": "Komuro",
        "name:ko": "고무로",
        "name:ru": "Комуро",
        "operator": "北総鉄道",
        "operator:en": "Hokuso Railway",
        "operator:ja": "北総鉄道",
        "platforms": "3",
        "public_transport": "station",
        "railway": "station",
        "ref": "HS11",
        "train": "yes",
        "wheelchair": "yes",
        "wikidata": "Q6428666",
        "wikipedia": "ja:小室駅"
      },
      "geometry": {
        "type": "Point",
        "coordinates": [
          140.0762111,
          35.7870031
        ]
      },
      "id": "node/2546879661"
    },
    {
      "type": "Feature",
      "properties": {
        "@id": "node/2558121910",
        "maxspeed": "95",
        "name": "東船橋",
        "name:en": "Higashi-Funabashi",
        "name:it": "Higashi-Funabashi",
        "name:ja": "東船橋",
        "name:ja-Hira": "ひがしふなばし",
        "name:ja-Latn": "Higashi-Funabashi",
        "name:ko": "히가시후나바시",
        "name:ru": "Хигаси-Фунабаси",
        "operator": "東日本旅客鉄道",
        "platforms": "2",
        "public_transport": "station",
        "railway": "station",
        "source": "bing",
        "train": "yes",
        "wheelchair": "yes",
        "wikidata": "Q908788",
        "wikipedia": "ja:東船橋駅"
      },
      "geometry": {
        "type": "Point",
        "coordinates": [
          140.00429,
          35.6997729
        ]
      },
      "id": "node/2558121910"
    },
    {
      "type": "Feature",
      "properties": {
        "@id": "node/2559434098",
        "name": "旭",
        "name:en": "Asahi",
        "name:ja": "旭",
        "name:ja-Hira": "あさひ",
        "name:ja_rm": "Asahi",
        "name:ko": "아사히",
        "operator": "東日本旅客鉄道",
        "platforms": "3",
        "public_transport": "station",
        "railway": "station",
        "source": "bing",
        "wheelchair": "no",
        "wikidata": "Q863457",
        "wikipedia": "ja:旭駅 (千葉県)"
      },
      "geometry": {
        "type": "Point",
        "coordinates": [
          140.6550919,
          35.7218224
        ]
      },
      "id": "node/2559434098"
    },
    {
      "type": "Feature",
      "properties": {
        "@id": "node/2559434100",
        "atm": "yes",
        "internet_access": "no",
        "maxspeed": "95",
        "name": "千葉",
        "name:en": "Chiba",
        "name:it": "Chiba",
        "name:ja": "千葉",
        "name:ja-Hira": "ちば",
        "name:ja-Latn": "Chiba",
        "name:ko": "지바",
        "name:ru": "Тиба",
        "operator": "東日本旅客鉄道",
        "platforms": "10",
        "public_transport": "station",
        "railway": "station",
        "train": "yes",
        "voltage": "1500",
        "website": "https://www.jreast.co.jp/estation/station/info.aspx?StationCd=0989",
        "wheelchair": "yes",
        "wikidata": "Q800625",
        "wikipedia": "ja:千葉駅"
      },
      "geometry": {
        "type": "Point",
        "coordinates": [
          140.1125333,
          35.6137344
        ]
      },
      "id": "node/2559434100"
    },
    {
      "type": "Feature",
      "properties": {
        "@id": "node/2559434101",
        "name": "銚子",
        "name:en": "Chōshi",
        "name:ja": "銚子",
        "name:ja-Hira": "ちょうし",
        "name:ja-Latn": "Chōshi",
        "name:ko": "조시",
        "name:zh": "铫子",
        "operator": "東日本旅客鉄道",
        "platforms": "4",
        "public_transport": "station",
        "railway": "station",
        "source": "Bing, 2011/3/11",
        "wheelchair": "yes",
        "wikidata": "Q861084",
        "wikipedia": "ja:銚子駅"
      },
      "geometry": {
        "type": "Point",
        "coordinates": [
          140.8273135,
          35.7294122
        ]
      },
      "id": "node/2559434101"
    },
    {
      "type": "Feature",
      "properties": {
        "@id": "node/2559434102",
        "name": "榎戸",
        "name:en": "Enokido",
        "name:ja": "榎戸",
        "name:ja-Hira": "えのきど",
        "name:ja_rm": "Enokido",
        "name:ko": "에노키도",
        "operator": "東日本旅客鉄道",
        "platforms": "2",
        "public_transport": "station",
        "railway": "station",
        "wheelchair": "no",
        "wikidata": "Q5364697",
        "wikipedia": "ja:榎戸駅 (千葉県)"
      },
      "geometry": {
        "type": "Point",
        "coordinates": [
          140.2884773,
          35.683777
        ]
      },
      "id": "node/2559434102"
    },
    {
      "type": "Feature",
      "properties": {
        "@id": "node/2559434103",
        "contact:website": "https://www.jreast.co.jp/estation/station/info.aspx?StationCd=1382",
        "maxspeed": "95",
        "name": "船橋",
        "name:en": "Funabashi",
        "name:it": "Funabashi",
        "name:ja": "船橋",
        "name:ja-Hira": "ふなばし",
        "name:ja-Latn": "Funabashi",
        "name:ko": "후나바시",
        "name:ru": "Фунабаси",
        "operator": "東日本旅客鉄道",
        "platforms": "4",
        "public_transport": "station",
        "railway": "station",
        "ref": "JB31;JO25",
        "source": "Bing",
        "train": "yes",
        "voltage": "1500",
        "wheelchair": "yes",
        "wikidata": "Q800795",
        "wikipedia": "ja:船橋駅"
      },
      "geometry": {
        "type": "Point",
        "coordinates": [
          139.9852416,
          35.7016578
        ]
      },
      "id": "node/2559434103"
    },
    {
      "type": "Feature",
      "properties": {
        "@id": "node/2559434106",
        "internet_access": "no",
        "name": "東千葉",
        "name:en": "Higashi-Chiba",
        "name:it": "Higashi-Chiba",
        "name:ja": "東千葉",
        "name:ja-Hira": "ひがしちば",
        "name:ja-Latn": "Higashi-Chiba",
        "name:ko": "히가시치바",
        "operator": "東日本旅客鉄道",
        "platforms": "2",
        "public_transport": "station",
        "railway": "station",
        "source": "GSI/KIBAN 2500;NARO",
        "stop_id": "JO29",
        "wheelchair": "yes",
        "wikidata": "Q8013045",
        "wikipedia": "ja:東千葉駅"
      },
      "geometry": {
        "type": "Point",
        "coordinates": [
          140.1221308,
          35.6168339
        ]
      },
      "id": "node/2559434106"
    },
    {
      "type": "Feature",
      "properties": {
        "@id": "node/2559434108",
        "name": "干潟",
        "name:en": "Higata",
        "name:ja": "干潟",
        "name:ja-Hira": "ひがた",
        "name:ja_rm": "Higata",
        "name:ko": "히가타",
        "operator": "東日本旅客鉄道",
        "platforms": "2",
        "public_transport": "station",
        "railway": "station",
        "source": "bing",
        "wheelchair": "no",
        "wikidata": "Q5363793",
        "wikipedia": "ja:干潟駅"
      },
      "geometry": {
        "type": "Point",
        "coordinates": [
          140.6028615,
          35.7182949
        ]
      },
      "id": "node/2559434108"
    },
    {
      "type": "Feature",
      "properties": {
        "@id": "node/2559434110",
        "internet_access": "no",
        "name": "日向",
        "name:en": "Hyuga",
        "name:ja": "日向",
        "name:ja-Hira": "ひゅうが",
        "name:ja_rm": "Hyūga",
        "name:ko": "휴가",
        "operator": "東日本旅客鉄道",
        "public_transport": "station",
        "railway": "station",
        "source": "bing",
        "wheelchair": "no",
        "wikidata": "Q5363469",
        "wikipedia": "ja:日向駅"
      },
      "geometry": {
        "type": "Point",
        "coordinates": [
          140.3627718,
          35.6283537
        ]
      },
      "id": "node/2559434110"
    },
    {
      "type": "Feature",
      "properties": {
        "@id": "node/2559434113",
        "name": "飯倉",
        "name:en": "Igura",
        "name:ja": "飯倉",
        "name:ja-Hira": "いいぐら",
        "name:ja_rm": "Īgura",
        "name:ko": "이구라",
        "operator": "東日本旅客鉄道",
        "platforms": "1",
        "public_transport": "station",
        "railway": "station",
        "source": "bing",
        "wheelchair": "yes",
        "wikidata": "Q5363230",
        "wikipedia": "ja:飯倉駅"
      },
      "geometry": {
        "type": "Point",
        "coordinates": [
          140.5224408,
          35.6856774
        ]
      },
      "id": "node/2559434113"
    },
    {
      "type": "Feature",
      "properties": {
        "@id": "node/2559434116",
        "name": "飯岡",
        "name:en": "Iioka",
        "name:ja": "飯岡",
        "name:ja-Hira": "いいおか",
        "name:ja-Latn": "Iioka",
        "name:ko": "이오카",
        "operator": "東日本旅客鉄道",
        "platforms": "2",
        "public_transport": "station",
        "railway": "station",
        "source": "bing",
        "wheelchair": "no",
        "wikidata": "Q5364920",
        "wikipedia": "ja:飯岡駅"
      },
      "geometry": {
        "type": "Point",
        "coordinates": [
          140.683679,
          35.7293267
        ]
      },
      "id": "node/2559434116"
    },
    {
      "type": "Feature",
      "properties": {
        "@id": "node/2559434123",
        "name": "倉橋",
        "name:en": "Kurahashi",
        "name:ja": "倉橋",
        "name:ja-Hira": "くらはし",
        "name:ja_rm": "Kurahashi",
        "name:ko": "구라하시",
        "operator": "東日本旅客鉄道",
        "platforms": "1",
        "public_transport": "station",
        "railway": "station",
        "source": "bing",
        "wheelchair": "yes",
        "wikidata": "Q5364298",
        "wikipedia": "ja:倉橋駅"
      },
      "geometry": {
        "type": "Point",
        "coordinates": [
          140.7144461,
          35.7380715
        ]
      },
      "id": "node/2559434123"
    },
    {
      "type": "Feature",
      "properties": {
        "@id": "node/2559434126",
        "name": "松岸",
        "name:en": "Matsugishi",
        "name:ja": "松岸",
        "name:ja-Hira": "まつぎし",
        "name:ja_rm": "Matsugishi",
        "name:ko": "마쓰기시",
        "operator": "東日本旅客鉄道",
        "platforms": "3",
        "public_transport": "station",
        "railway": "station",
        "source": "bing",
        "wheelchair": "no",
        "wikidata": "Q5365309",
        "wikipedia": "ja:松岸駅"
      },
      "geometry": {
        "type": "Point",
        "coordinates": [
          140.7952579,
          35.7395583
        ]
      },
      "id": "node/2559434126"
    },
    {
      "type": "Feature",
      "properties": {
        "@id": "node/2559434127",
        "name": "松尾",
        "name:en": "Matsuo",
        "name:ja": "松尾",
        "name:ja-Hira": "まつお",
        "name:ja_rm": "Matsuo",
        "name:ko": "마쓰오",
        "operator": "東日本旅客鉄道",
        "platforms": "2",
        "public_transport": "station",
        "railway": "station",
        "source": "bing",
        "wheelchair": "no",
        "wikidata": "Q5365257",
        "wikipedia": "ja:松尾駅 (千葉県)"
      },
      "geometry": {
        "type": "Point",
        "coordinates": [
          140.4576611,
          35.6360158
        ]
      },
      "id": "node/2559434127"
    },
    {
      "type": "Feature",
      "properties": {
        "@id": "node/2559434128",
        "name": "南酒々井",
        "name:en": "Minami-Shisui",
        "name:ja": "南酒々井",
        "name:ja-Hira": "みなみしすい",
        "name:ja_rm": "Minami-Shisui",
        "name:ko": "미나미시스이",
        "operator": "東日本旅客鉄道",
        "platforms": "2",
        "public_transport": "station",
        "railway": "station",
        "source": "bing",
        "wheelchair": "no",
        "wikidata": "Q5364222",
        "wikipedia": "ja:南酒々井駅"
      },
      "geometry": {
        "type": "Point",
        "coordinates": [
          140.2681631,
          35.7044089
        ]
      },
      "id": "node/2559434128"
    },
    {
      "type": "Feature",
      "properties": {
        "@id": "node/2559434130",
        "name": "物井",
        "name:en": "Monoi",
        "name:it": "Monoi",
        "name:ja": "物井",
        "name:ja-Hira": "ものい",
        "name:ja-Latn": "Monoi",
        "name:ko": "모노이",
        "operator": "東日本旅客鉄道",
        "platforms": "2",
        "public_transport": "station",
        "railway": "station",
        "source": "bing",
        "wheelchair": "limited",
        "wikidata": "Q6901635",
        "wikipedia": "ja:物井駅"
      },
      "geometry": {
        "type": "Point",
        "coordinates": [
          140.2002938,
          35.685674
        ]
      },
      "id": "node/2559434130"
    },
    {
      "type": "Feature",
      "properties": {
        "@id": "node/2559434135",
        "name": "滑河",
        "name:en": "Namegawa",
        "name:ja": "滑河",
        "name:ja-Hira": "なめがわ",
        "name:ja_rm": "Namegawa",
        "name:ko": "나메가와",
        "operator": "東日本旅客鉄道",
        "platforms": "2",
        "public_transport": "station",
        "railway": "station",
        "source": "survey; Bing",
        "wheelchair": "limited",
        "wikidata": "Q6961565",
        "wikipedia": "ja:滑河駅"
      },
      "geometry": {
        "type": "Point",
        "coordinates": [
          140.3481294,
          35.8772317
        ]
      },
      "id": "node/2559434135"
    },
    {
      "type": "Feature",
      "properties": {
        "@id": "node/2559434136",
        "alt_name": "第2旅客ターミナル",
        "alt_name:ja": "成田第2・第3ターミナル",
        "level": "-1",
        "name": "空港第2ビル",
        "name:en": "Narita Airport Terminal 2·3",
        "name:es": "Aeropuerto de Narita Terminal 2·3",
        "name:it": "Narita Aeroporto Terminal 2·3",
        "name:ja": "空港第2ビル",
        "name:ja-Hira": "くうこうだいにびる",
        "name:ja-Latn": "Kūkō Daini biru",
        "name:ko": "공항 2빌딩",
        "name:ru": "Второй терминал аэропорта Нарита",
        "name:zh": "成田机场 第2・第3候机楼",
        "network": "京成",
        "operator": "京成電鉄",
        "platforms": "4",
        "public_transport": "station",
        "railway": "station",
        "ref": "KS41",
        "wheelchair": "yes",
        "wikidata": "Q841454",
        "wikipedia": "ja:空港第2ビル駅"
      },
      "geometry": {
        "type": "Point",
        "coordinates": [
          140.3872118,
          35.7731974
        ]
      },
      "id": "node/2559434136"
    },
    {
      "type": "Feature",
      "properties": {
        "@id": "node/2559434137",
        "name": "成田",
        "name:en": "Narita",
        "name:it": "Narita",
        "name:ja": "成田",
        "name:ja-Hira": "なりた",
        "name:ja-Latn": "Narita",
        "name:ko": "나리타",
        "operator": "東日本旅客鉄道",
        "platforms": "6",
        "public_transport": "station",
        "railway": "station",
        "source": "Bing",
        "wheelchair": "yes",
        "wikidata": "Q845243",
        "wikipedia": "ja:成田駅"
      },
      "geometry": {
        "type": "Point",
        "coordinates": [
          140.3140452,
          35.7779163
        ]
      },
      "id": "node/2559434137"
    },
    {
      "type": "Feature",
      "properties": {
        "@id": "node/2559434138",
        "name": "成東",
        "name:en": "Naruto",
        "name:ja": "成東",
        "name:ja-Hira": "なるとう",
        "name:ja_rm": "Narutō",
        "name:ko": "나루토",
        "operator": "東日本旅客鉄道",
        "platforms": "4",
        "public_transport": "station",
        "railway": "station",
        "source": "GSI/KIBAN 2500; NARO; bing",
        "wheelchair": "yes",
        "wikidata": "Q6966490",
        "wikipedia": "ja:成東駅"
      },
      "geometry": {
        "type": "Point",
        "coordinates": [
          140.4108142,
          35.6084534
        ]
      },
      "id": "node/2559434138"
    },
    {
      "type": "Feature",
      "properties": {
        "@id": "node/2559434145",
        "name": "小見川",
        "name:en": "Omigawa",
        "name:ja": "小見川",
        "name:ja-Hira": "おみがわ",
        "name:ja_rm": "Omigawa",
        "name:ko": "오미가와",
        "operator": "東日本旅客鉄道",
        "platforms": "2",
        "public_transport": "station",
        "railway": "station",
        "source": "bing",
        "train": "yes",
        "wheelchair": "no",
        "wikidata": "Q7090185",
        "wikipedia": "ja:小見川駅"
      },
      "geometry": {
        "type": "Point",
        "coordinates": [
          140.6046608,
          35.8501038
        ]
      },
      "id": "node/2559434145"
    },
    {
      "type": "Feature",
      "properties": {
        "@id": "node/2559434147",
        "name": "佐倉",
        "name:en": "Sakura",
        "name:it": "Sakura",
        "name:ja": "佐倉",
        "name:ja-Hira": "さくら",
        "name:ja-Latn": "Sakura",
        "name:ko": "사쿠라",
        "operator": "東日本旅客鉄道",
        "platforms": "4",
        "public_transport": "station",
        "railway": "station",
        "source": "bing",
        "wheelchair": "yes",
        "wikidata": "Q7403176",
        "wikipedia": "ja:佐倉駅"
      },
      "geometry": {
        "type": "Point",
        "coordinates": [
          140.2261029,
          35.7096485
        ]
      },
      "id": "node/2559434147"
    },
    {
      "type": "Feature",
      "properties": {
        "@id": "node/2559434148",
        "name": "猿田",
        "name:en": "Saruda",
        "name:ja": "猿田",
        "name:ja-Hira": "さるだ",
        "name:ja_rm": "Saruda",
        "name:ko": "사루다",
        "operator": "東日本旅客鉄道",
        "platforms": "2",
        "public_transport": "station",
        "railway": "station",
        "source": "bing",
        "wheelchair": "no",
        "wikidata": "Q5364199",
        "wikipedia": "ja:猿田駅"
      },
      "geometry": {
        "type": "Point",
        "coordinates": [
          140.7374255,
          35.7473178
        ]
      },
      "id": "node/2559434148"
    },
    {
      "type": "Feature",
      "properties": {
        "@id": "node/2559434149",
        "name": "笹川",
        "name:en": "Sasagawa",
        "name:ja": "笹川",
        "name:ja-Hira": "ささがわ",
        "name:ja_rm": "Sasagawa",
        "name:ko": "사사가와",
        "operator": "東日本旅客鉄道",
        "platforms": "2",
        "public_transport": "station",
        "railway": "station",
        "source": "bing",
        "wheelchair": "limited",
        "wikidata": "Q7424969",
        "wikipedia": "ja:笹川駅"
      },
      "geometry": {
        "type": "Point",
        "coordinates": [
          140.6556691,
          35.8397646
        ]
      },
      "id": "node/2559434149"
    },
    {
      "type": "Feature",
      "properties": {
        "@id": "node/2559434150",
        "name": "佐原",
        "name:en": "Sawara",
        "name:fr": "Sawara",
        "name:ja-Hira": "さわら",
        "name:ja-Latn": "Sawara",
        "name:ko": "사와라",
        "operator": "東日本旅客鉄道",
        "operator:wikidata": "Q499071",
        "platforms": "4",
        "public_transport": "station",
        "railway": "station",
        "source": "survey, Bing",
        "start_date": "1898-02-03",
        "train": "yes",
        "wheelchair": "yes",
        "wikidata": "Q5359841",
        "wikimedia_commons": "Category:Sawara Station",
        "wikipedia": "ja:佐原駅"
      },
      "geometry": {
        "type": "Point",
        "coordinates": [
          140.4940774,
          35.8945456
        ]
      },
      "id": "node/2559434150"
    },
    {
      "type": "Feature",
      "properties": {
        "@id": "node/2559434152",
        "name": "椎柴",
        "name:en": "Shiishiba",
        "name:ja": "椎柴",
        "name:ja-Hira": "しいしば",
        "name:ja_rm": "Shiishiba",
        "name:ko": "시시바",
        "public_transport": "station",
        "railway": "station",
        "wheelchair": "no",
        "wikidata": "Q7496496",
        "wikipedia": "ja:椎柴駅"
      },
      "geometry": {
        "type": "Point",
        "coordinates": [
          140.7587799,
          35.7653133
        ]
      },
      "id": "node/2559434152"
    },
    {
      "type": "Feature",
      "properties": {
        "@id": "node/2559434153",
        "name": "下総神崎",
        "name:en": "Shimosa-Kozaki",
        "name:ja": "下総神崎",
        "name:ja-Hira": "しもうさこうざき",
        "name:ja_rm": "Shimōsa-Kōzaki",
        "name:ko": "시모사코자키",
        "operator": "東日本旅客鉄道",
        "platforms": "2",
        "public_transport": "station",
        "railway": "station",
        "source": "survey",
        "wheelchair": "limited",
        "wikidata": "Q7497064",
        "wikipedia": "ja:下総神崎駅"
      },
      "geometry": {
        "type": "Point",
        "coordinates": [
          140.4105094,
          35.894924
        ]
      },
      "id": "node/2559434153"
    },
    {
      "type": "Feature",
      "properties": {
        "@id": "node/2559434155",
        "name": "下総橘",
        "name:en": "Shimosa-Tachibana",
        "name:ja": "下総橘",
        "name:ja-Hira": "しもうさたちばな",
        "name:ja_rm": "Shimōsa-Tachibana",
        "name:ko": "시모사타치바나",
        "operator": "東日本旅客鉄道",
        "platforms": "1",
        "public_transport": "station",
        "railway": "station",
        "source": "bing",
        "wheelchair": "no",
        "wikidata": "Q7497065",
        "wikipedia": "ja:下総橘駅"
      },
      "geometry": {
        "type": "Point",
        "coordinates": [
          140.7022698,
          35.8186717
        ]
      },
      "id": "node/2559434155"
    },
    {
      "type": "Feature",
      "properties": {
        "@id": "node/2559434156",
        "name": "下総豊里",
        "name:en": "Shimosa-Toyosato",
        "name:ja": "下総豊里",
        "name:ja-Hira": "しもうさとよさと",
        "name:ja_rm": "Shimōsa-Toyosato",
        "name:ko": "시모사토요사토",
        "public_transport": "station",
        "railway": "station",
        "wheelchair": "no",
        "wikidata": "Q7497068",
        "wikipedia": "ja:下総豊里駅"
      },
      "geometry": {
        "type": "Point",
        "coordinates": [
          140.7206992,
          35.7931281
        ]
      },
      "id": "node/2559434156"
    },
    {
      "type": "Feature",
      "properties": {
        "@id": "node/2559434161",
        "name": "酒々井",
        "name:en": "Shisui",
        "name:it": "Shisui",
        "name:ja": "酒々井",
        "name:ja-Hira": "しすい",
        "name:ja-Latn": "Shisui",
        "name:ko": "시스이",
        "operator": "東日本旅客鉄道",
        "platforms": "2",
        "public_transport": "station",
        "railway": "station",
        "source": "Bing, 2010/7-2011/6",
        "wheelchair": "yes",
        "wikidata": "Q7499126",
        "wikipedia": "ja:酒々井駅"
      },
      "geometry": {
        "type": "Point",
        "coordinates": [
          140.2753243,
          35.731812
        ]
      },
      "id": "node/2559434161"
    },
    {
      "type": "Feature",
      "properties": {
        "@id": "node/2559434163",
        "name": "水郷",
        "name:en": "Suigo",
        "name:ja": "水郷",
        "name:ja-Hira": "すいごう",
        "name:ja_rm": "Suigo",
        "name:ko": "스이고",
        "public_transport": "station",
        "railway": "station",
        "wheelchair": "no",
        "wikidata": "Q7635422",
        "wikipedia": "ja:水郷駅"
      },
      "geometry": {
        "type": "Point",
        "coordinates": [
          140.5697795,
          35.886212
        ]
      },
      "id": "node/2559434163"
    },
    {
      "type": "Feature",
      "properties": {
        "@id": "node/2559434169",
        "name": "都賀",
        "name:en": "Tsuga",
        "name:it": "Tsuga",
        "name:ja": "都賀",
        "name:ja-Hira": "つが",
        "name:ja-Latn": "Tsuga",
        "name:ko": "쓰가",
        "platforms": "2",
        "public_transport": "station",
        "railway": "station",
        "wheelchair": "yes",
        "wikidata": "Q7849953",
        "wikipedia": "ja:都賀駅"
      },
      "geometry": {
        "type": "Point",
        "coordinates": [
          140.1492345,
          35.636082
        ]
      },
      "id": "node/2559434169"
    },
    {
      "type": "Feature",
      "properties": {
        "@id": "node/2559434170",
        "name": "八街",
        "name:en": "Yachimata",
        "name:ja": "八街",
        "name:ja-Hira": "やちまた",
        "name:ja_rm": "Yachimata",
        "name:ko": "야치마타",
        "operator": "東日本旅客鉄道",
        "platforms": "3",
        "public_transport": "station",
        "railway": "station",
        "source": "bing",
        "wheelchair": "yes",
        "wikidata": "Q5364855",
        "wikipedia": "ja:八街駅"
      },
      "geometry": {
        "type": "Point",
        "coordinates": [
          140.3177463,
          35.6630784
        ]
      },
      "id": "node/2559434170"
    },
    {
      "type": "Feature",
      "properties": {
        "@id": "node/2559434171",
        "name": "八日市場",
        "name:en": "Yokaichiba",
        "name:ja": "八日市場",
        "name:ja-Hira": "ようかいちば",
        "name:ja_rm": "Yōkaichiba",
        "name:ko": "요카이치바",
        "operator": "東日本旅客鉄道",
        "platforms": "2",
        "public_transport": "station",
        "railway": "station",
        "wheelchair": "yes",
        "wikidata": "Q5363766",
        "wikipedia": "ja:八日市場駅"
      },
      "geometry": {
        "type": "Point",
        "coordinates": [
          140.5520936,
          35.6992256
        ]
      },
      "id": "node/2559434171"
    },
    {
      "type": "Feature",
      "properties": {
        "@id": "node/2559434172",
        "addr:block_number": "1360",
        "addr:city": "横芝光町",
        "addr:county": "山武郡",
        "addr:postcode": "289-1732",
        "addr:province": "千葉県",
        "addr:quarter": "横芝",
        "air_conditioning": "no",
        "bus": "yes",
        "internet_access": "no",
        "name": "横芝",
        "name:en": "Yokoshiba",
        "name:ja": "横芝",
        "name:ja-Hira": "ヨコシバ",
        "name:ja-Latn": "Yokoshiba",
        "name:ja_rm": "Yokoshiba",
        "name:ko": "요코시바",
        "name:th": "โยโกชิบะ",
        "name:zh": "横芝",
        "operator": "東日本旅客鉄道",
        "platforms": "3",
        "public_transport": "station",
        "railway": "station",
        "source": "bing",
        "train": "yes",
        "wikidata": "Q5363081",
        "wikipedia": "ja:横芝駅"
      },
      "geometry": {
        "type": "Point",
        "coordinates": [
          140.491109,
          35.6618627
        ]
      },
      "id": "node/2559434172"
    },
    {
      "type": "Feature",
      "properties": {
        "@id": "node/2559434173",
        "name": "四街道",
        "name:en": "Yotsukaido",
        "name:it": "Yotsukaido",
        "name:ja": "四街道",
        "name:ja-Hira": "よつかいどう",
        "name:ja-Latn": "Yotsukaidō",
        "name:ko": "요쓰카이도",
        "operator": "東日本旅客鉄道",
        "platforms": "3",
        "public_transport": "station",
        "railway": "station",
        "source": "knowledge",
        "wheelchair": "yes",
        "wikidata": "Q8013017",
        "wikipedia": "ja:四街道駅"
      },
      "geometry": {
        "type": "Point",
        "coordinates": [
          140.1655995,
          35.6630267
        ]
      },
      "id": "node/2559434173"
    },
    {
      "type": "Feature",
      "properties": {
        "@id": "node/2597276891",
        "maxspeed": "100",
        "name": "新浦安",
        "name:en": "Shin-Urayasu",
        "name:es": "Shin-Urayasu",
        "name:ja": "新浦安",
        "name:ja-Hira": "しんうらやす",
        "name:ja-Latn": "Shin-Urayasu",
        "name:ko": "신우라야스",
        "name:ru": "Син-Ураясу",
        "operator": "東日本旅客鉄道",
        "platforms": "4",
        "public_transport": "station",
        "railway": "station",
        "ref": "JE08",
        "source": "Bing",
        "usage": "main",
        "website": "https://www.jreast.co.jp/estation/station/info.aspx?StationCd=856",
        "wheelchair": "yes",
        "wikidata": "Q844256",
        "wikipedia": "ja:新浦安駅"
      },
      "geometry": {
        "type": "Point",
        "coordinates": [
          139.9124954,
          35.6495336
        ]
      },
      "id": "node/2597276891"
    },
    {
      "type": "Feature",
      "properties": {
        "@id": "node/2597276892",
        "internet_access": "wlan",
        "maxspeed": "100",
        "name": "舞浜",
        "name:en": "Maihama",
        "name:es": "Maihama",
        "name:ja": "舞浜",
        "name:ja-Hira": "まいはま",
        "name:ja-Latn": "Maihama",
        "name:ko": "마이하마",
        "name:ru": "Маихама",
        "operator": "東日本旅客鉄道",
        "platforms": "2",
        "public_transport": "station",
        "railway": "station",
        "ref": "JE07",
        "source": "bing",
        "train": "yes",
        "usage": "main",
        "website": "https://www.jreast.co.jp/estation/station/info.aspx?StationCd=1414",
        "wheelchair": "yes",
        "wikidata": "Q801154",
        "wikipedia": "ja:舞浜駅"
      },
      "geometry": {
        "type": "Point",
        "coordinates": [
          139.8836057,
          35.636259
        ]
      },
      "id": "node/2597276892"
    },
    {
      "type": "Feature",
      "properties": {
        "@id": "node/2608014625",
        "highway": "motorway_junction",
        "name": "酒々井IC",
        "name:en": "Shisui IC",
        "name:es": "Shisui IC",
        "name:ja": "酒々井IC",
        "name:ja-Hira": "しすいいんたーちぇんじ",
        "name:ja-Latn": "Shisui IC",
        "ref": "8-1",
        "source:name": "wikipedia",
        "source:ref": "wikipedia",
        "wikidata": "Q11643981",
        "wikipedia": "ja:酒々井インターチェンジ"
      },
      "geometry": {
        "type": "Point",
        "coordinates": [
          140.2906296,
          35.7222408
        ]
      },
      "id": "node/2608014625"
    },
    {
      "type": "Feature",
      "properties": {
        "@id": "node/2650131152",
        "name": "北習志野",
        "name:en": "Kita-narashino",
        "name:ja": "北習志野",
        "name:ja-Hira": "きたならしの",
        "name:ja_rm": "Kita-narashino",
        "name:ko": "기타나라시노",
        "name:ru": "Кита-Нарасино",
        "operator": "京成電鉄",
        "platforms": "2",
        "public_transport": "station",
        "railway": "station",
        "ref": "KS70",
        "source": "bing;GSI/KIBAN 2500;NARO",
        "wheelchair": "yes",
        "wikidata": "Q6417578",
        "wikipedia": "ja:北習志野駅"
      },
      "geometry": {
        "type": "Point",
        "coordinates": [
          140.0419863,
          35.7214673
        ]
      },
      "id": "node/2650131152"
    },
    {
      "type": "Feature",
      "properties": {
        "@id": "node/2699771394",
        "highway": "motorway_junction",
        "name": "柏IC",
        "name:en": "Kashiwa IC",
        "name:es": "Intercambio Kashiwa",
        "name:ja": "柏IC",
        "name:ja-Hira": "かしわいんたーちぇんじ",
        "name:ja-Latn": "Kashiwa IC",
        "ref": "2",
        "source:name": "wikipedia",
        "source:ref": "wikipedia",
        "wikidata": "Q11108018",
        "wikipedia": "ja:柏インターチェンジ"
      },
      "geometry": {
        "type": "Point",
        "coordinates": [
          139.9402693,
          35.9120834
        ]
      },
      "id": "node/2699771394"
    },
    {
      "type": "Feature",
      "properties": {
        "@id": "node/2706936168",
        "monorail": "yes",
        "name": "みつわ台",
        "name:en": "Mitsuwadai",
        "name:ja": "みつわ台",
        "name:ja-Hira": "みつわだい",
        "name:ja_rm": "Mitsuwadai",
        "name:ko": "미쓰와다이",
        "name:ru": "Мицувадай",
        "operator": "千葉都市モノレール",
        "platforms": "2",
        "public_transport": "station",
        "railway": "station",
        "source": "GSI/KIBAN 2500;NARO;bing",
        "station": "monorail",
        "wheelchair": "yes",
        "wikidata": "Q6883389",
        "wikipedia": "ja:みつわ台駅"
      },
      "geometry": {
        "type": "Point",
        "coordinates": [
          140.1347843,
          35.6387515
        ]
      },
      "id": "node/2706936168"
    },
    {
      "type": "Feature",
      "properties": {
        "@id": "node/2706936169",
        "monorail": "yes",
        "name": "スポーツセンター",
        "name:en": "Sports Center",
        "name:ja": "スポーツセンター",
        "name:ja-Hira": "すぽーつせんたー",
        "name:ja_rm": "Supōtsu-sentā",
        "name:ko": "스포츠센터",
        "name:ru": "Спортивный центр",
        "operator": "千葉都市モノレール",
        "platforms": "2",
        "public_transport": "station",
        "railway": "station",
        "source": "GSI/KIBAN 2500;NARO;bing",
        "station": "monorail",
        "wheelchair": "yes",
        "wikidata": "Q4268568",
        "wikipedia": "ja:スポーツセンター駅"
      },
      "geometry": {
        "type": "Point",
        "coordinates": [
          140.1161569,
          35.6432352
        ]
      },
      "id": "node/2706936169"
    },
    {
      "type": "Feature",
      "properties": {
        "@id": "node/2706937292",
        "alt_name:ko": "도부쓰코엔",
        "monorail": "yes",
        "name": "動物公園",
        "name:en": "Dobutsu-Koen",
        "name:ja": "動物公園",
        "name:ja-Hira": "どうぶつこうえん",
        "name:ja_rm": "Dōbutsu-kōen",
        "name:ko": "동물공원",
        "name:ru": "Добуцукоэн",
        "operator": "千葉都市モノレール",
        "platforms": "4",
        "public_transport": "station",
        "railway": "station",
        "source": "GSI/KIBAN 2500;NARO;bing",
        "station": "monorail",
        "wheelchair": "yes",
        "wikidata": "Q5321252",
        "wikipedia": "ja:動物公園駅"
      },
      "geometry": {
        "type": "Point",
        "coordinates": [
          140.1255139,
          35.6425768
        ]
      },
      "id": "node/2706937292"
    },
    {
      "type": "Feature",
      "properties": {
        "@id": "node/2706937293",
        "monorail": "yes",
        "name": "千城台",
        "name:en": "Chishirodai",
        "name:ja": "千城台",
        "name:ja-Hira": "ちしろだい",
        "name:ja_rm": "Chishirodai",
        "name:ko": "지시로다이",
        "name:ru": "Тисиродай",
        "operator": "千葉都市モノレール",
        "platforms": "2",
        "public_transport": "station",
        "railway": "station",
        "source": "GSI/KIBAN 2500;NARO;bing",
        "station": "monorail",
        "wheelchair": "yes",
        "wikidata": "Q5102080",
        "wikipedia": "ja:千城台駅"
      },
      "geometry": {
        "type": "Point",
        "coordinates": [
          140.1885502,
          35.6223287
        ]
      },
      "id": "node/2706937293"
    },
    {
      "type": "Feature",
      "properties": {
        "@id": "node/2706937294",
        "monorail": "yes",
        "name": "千城台北",
        "name:en": "Chishirodai-Kita",
        "name:ja": "千城台北",
        "name:ja-Hira": "ちしろだいきた",
        "name:ja_rm": "Chishirodai-Kita",
        "name:ko": "지시로다이키타",
        "name:ru": "Тисиродай-кита",
        "operator": "千葉都市モノレール",
        "platforms": "2",
        "public_transport": "station",
        "railway": "station",
        "source": "GSI/KIBAN 2500;NARO;bing",
        "station": "monorail",
        "wheelchair": "yes",
        "wikidata": "Q5102077",
        "wikipedia": "ja:千城台北駅"
      },
      "geometry": {
        "type": "Point",
        "coordinates": [
          140.1820367,
          35.6274151
        ]
      },
      "id": "node/2706937294"
    },
    {
      "type": "Feature",
      "properties": {
        "@id": "node/2706937295",
        "monorail": "yes",
        "name": "千葉みなと",
        "name:en": "Chiba-Minato",
        "name:ja": "千葉みなと",
        "name:ja-Hira": "ちばみなと",
        "name:ja_rm": "Chiba-Minato",
        "name:ko": "지바미나토",
        "name:ru": "Тибаминато",
        "network": "Chiba Urban Monorail Line 1",
        "operator": "千葉都市モノレール",
        "platforms": "2",
        "public_transport": "station",
        "railway": "station",
        "source": "Bing",
        "station": "monorail",
        "wheelchair": "yes",
        "wikidata": "Q2648818",
        "wikipedia": "ja:千葉みなと駅"
      },
      "geometry": {
        "type": "Point",
        "coordinates": [
          140.1024718,
          35.6074412
        ]
      },
      "id": "node/2706937295"
    },
    {
      "type": "Feature",
      "properties": {
        "@id": "node/2706937296",
        "monorail": "yes",
        "name": "小倉台",
        "name:en": "Oguradai",
        "name:ja": "小倉台",
        "name:ja-Hira": "おぐらだい",
        "name:ja_rm": "Oguradai",
        "name:ko": "오구라다이",
        "name:ru": "Огурадай",
        "operator": "千葉都市モノレール",
        "platforms": "2",
        "public_transport": "station",
        "railway": "station",
        "source": "GSI/KIBAN 2500;NARO;bing",
        "station": "monorail",
        "wheelchair": "yes",
        "wikidata": "Q7080299",
        "wikipedia": "ja:小倉台駅"
      },
      "geometry": {
        "type": "Point",
        "coordinates": [
          140.1717592,
          35.6277152
        ]
      },
      "id": "node/2706937296"
    },
    {
      "type": "Feature",
      "properties": {
        "@id": "node/2706937297",
        "monorail": "yes",
        "name": "桜木",
        "name:en": "Sakuragi",
        "name:ja": "桜木",
        "name:ja-Hira": "さくらぎ",
        "name:ja_rm": "Sakuragi",
        "name:ko": "사쿠라기",
        "name:ru": "Сакураги",
        "operator": "千葉都市モノレール",
        "platforms": "2",
        "public_transport": "station",
        "railway": "station",
        "source": "GSI/KIBAN 2500;NARO;bing",
        "station": "monorail",
        "wheelchair": "yes",
        "wikidata": "Q7403200",
        "wikipedia": "ja:桜木駅 (千葉県)"
      },
      "geometry": {
        "type": "Point",
        "coordinates": [
          140.161015,
          35.6312486
        ]
      },
      "id": "node/2706937297"
    },
    {
      "type": "Feature",
      "properties": {
        "@id": "node/2706937298",
        "monorail": "yes",
        "name": "都賀",
        "name:en": "Tsuga",
        "name:ja": "都賀",
        "name:ja-Hira": "つが",
        "name:ja_rm": "Tsuga",
        "name:ko": "쓰가",
        "name:ru": "Цуга",
        "operator": "千葉都市モノレール",
        "platforms": "2",
        "public_transport": "station",
        "railway": "station",
        "source": "GSI/KIBAN 2500;NARO;bing",
        "wheelchair": "yes",
        "wikidata": "Q7849953",
        "wikipedia": "ja:都賀駅"
      },
      "geometry": {
        "type": "Point",
        "coordinates": [
          140.1487384,
          35.6354896
        ]
      },
      "id": "node/2706937298"
    },
    {
      "type": "Feature",
      "properties": {
        "@id": "node/2707063861",
        "monorail": "yes",
        "name": "千葉",
        "name:en": "Chiba",
        "name:ja": "千葉",
        "name:ja-Hira": "ちば",
        "name:ja_rm": "Chiba",
        "name:ko": "지바",
        "name:ru": "Тиба",
        "operator": "千葉都市モノレール",
        "platforms": "4",
        "public_transport": "station",
        "railway": "station",
        "ref": "CM03",
        "source": "GSI/KIBAN 2500;NARO;bing",
        "station": "monorail",
        "website": "https://chiba-monorail.co.jp/index.php/info-timetable/station-info/chiba-station/",
        "wheelchair": "yes",
        "wikidata": "Q800625",
        "wikipedia": "ja:千葉駅"
      },
      "geometry": {
        "type": "Point",
        "coordinates": [
          140.1141578,
          35.6121041
        ]
      },
      "id": "node/2707063861"
    },
    {
      "type": "Feature",
      "properties": {
        "@id": "node/2729417325",
        "name": "市川塩浜",
        "name:en": "Ichikawa-Shiohama",
        "name:ja": "市川塩浜",
        "name:ja-Hira": "いちかわしおはま",
        "name:ja-Latn": "Ichikawa-Shiohama",
        "name:ko": "이치카와시오하마",
        "name:ru": "Итикава-Сиохама",
        "operator": "東日本旅客鉄道",
        "platforms": "2",
        "public_transport": "station",
        "railway": "station",
        "ref": "JE09",
        "website": "https://www.jreast.co.jp/estation/station/info.aspx?StationCd=138",
        "wheelchair": "yes",
        "wikidata": "Q844441",
        "wikipedia": "ja:市川塩浜駅"
      },
      "geometry": {
        "type": "Point",
        "coordinates": [
          139.923649,
          35.6666362
        ]
      },
      "id": "node/2729417325"
    },
    {
      "type": "Feature",
      "properties": {
        "@id": "node/2777911838",
        "name": "東成田",
        "name:en": "Higashi-Narita",
        "name:es": "Higashi-Narita",
        "name:it": "Higashi-Narita",
        "name:ja": "東成田",
        "name:ja-Hira": "ひがしなりた",
        "name:ja-Latn": "Higashi-Narita",
        "name:ja_rm": "Higashi-Narita",
        "name:ko": "히가시나리타",
        "name:ru": "Хигаси Нарита",
        "network": "京成電鉄",
        "network:en": "Keisei Electric Railway",
        "network:ja": "京成電鉄",
        "network:wikidata": "Q83538",
        "operator": "京成電鉄",
        "platforms": "2",
        "public_transport": "station",
        "railway": "station",
        "ref": "KS44",
        "train": "yes",
        "wikidata": "Q846460",
        "wikipedia": "ja:東成田駅"
      },
      "geometry": {
        "type": "Point",
        "coordinates": [
          140.3872193,
          35.7700881
        ]
      },
      "id": "node/2777911838"
    },
    {
      "type": "Feature",
      "properties": {
        "@id": "node/2777911854",
        "name": "芝山千代田",
        "name:en": "Shibayama-Chiyoda",
        "name:es": "Shibayama-Chiyoda",
        "name:it": "Shibayama Chiyoda",
        "name:ja": "芝山千代田",
        "name:ja-Hira": "しばやまちよだ",
        "name:ja-Latn": "Shibayama Chiyoda",
        "name:ko": "시바야마치요다",
        "operator": "芝山鉄道",
        "public_transport": "station",
        "railway": "station",
        "ref": "SR01",
        "train": "yes",
        "wikidata": "Q846391",
        "wikipedia": "ja:芝山千代田駅"
      },
      "geometry": {
        "type": "Point",
        "coordinates": [
          140.3995073,
          35.7540578
        ]
      },
      "id": "node/2777911854"
    },
    {
      "type": "Feature",
      "properties": {
        "@id": "node/2785105157",
        "highway": "motorway_junction",
        "name": "神崎ＩＣ",
        "name:en": "Kozaki IC",
        "name:ja": "神崎IC",
        "name:ja-Hira": "こうざきいんたーちぇんじ",
        "name:ja-Latn": "Kozaki IC",
        "ref": "86",
        "source:name": "wikipedia",
        "source:ref": "wikipedia",
        "wikidata": "Q11589619",
        "wikipedia": "ja:神崎インターチェンジ"
      },
      "geometry": {
        "type": "Point",
        "coordinates": [
          140.3782897,
          35.8972306
        ]
      },
      "id": "node/2785105157"
    },
    {
      "type": "Feature",
      "properties": {
        "@id": "node/3012068692",
        "name": "下総松崎",
        "name:en": "Shimosa-Manzaki",
        "name:ja": "下総松崎",
        "name:ja-Hira": "しもうさまんざき",
        "name:ja-Latn": "Shimousa-Manzaki",
        "name:ko": "시모사만자키",
        "operator": "東日本旅客鉄道",
        "platforms": "2",
        "public_transport": "station",
        "railway": "station",
        "source": "Bing;survey",
        "wheelchair": "no",
        "wikidata": "Q5363815",
        "wikipedia": "ja:下総松崎駅"
      },
      "geometry": {
        "type": "Point",
        "coordinates": [
          140.2779396,
          35.8076583
        ]
      },
      "id": "node/3012068692"
    },
    {
      "type": "Feature",
      "properties": {
        "@id": "node/3012068693",
        "name": "久住",
        "name:en": "Kuzumi",
        "name:ja": "久住",
        "name:ja_rm": "Kuzumi",
        "name:ko": "구즈미",
        "public_transport": "station",
        "railway": "station",
        "wheelchair": "limited",
        "wikidata": "Q6449307",
        "wikipedia": "ja:久住駅"
      },
      "geometry": {
        "type": "Point",
        "coordinates": [
          140.3388809,
          35.8323487
        ]
      },
      "id": "node/3012068693"
    },
    {
      "type": "Feature",
      "properties": {
        "@id": "node/3012068694",
        "name": "北小金",
        "name:en": "Kita-Kogane",
        "name:ja": "北小金",
        "name:ko": "기타코가네",
        "operator": "東日本旅客鉄道",
        "platforms": "2",
        "public_transport": "station",
        "railway": "station",
        "source": "Bing 2010",
        "wheelchair": "yes",
        "wikidata": "Q5364850",
        "wikipedia": "ja:北小金駅"
      },
      "geometry": {
        "type": "Point",
        "coordinates": [
          139.9312051,
          35.8334292
        ]
      },
      "id": "node/3012068694"
    },
    {
      "type": "Feature",
      "properties": {
        "@id": "node/3012068695",
        "name": "北松戸",
        "name:en": "Kita-Matsudo",
        "name:ja": "北松戸",
        "name:ja-Hira": "きたまつど",
        "name:ja_rm": "Kita-Matsudo",
        "name:ko": "기타마쓰도",
        "operator": "東日本旅客鉄道",
        "platforms": "2",
        "public_transport": "station",
        "railway": "station",
        "source": "bing",
        "wheelchair": "yes",
        "wikidata": "Q5364690",
        "wikipedia": "ja:北松戸駅"
      },
      "geometry": {
        "type": "Point",
        "coordinates": [
          139.9117339,
          35.8006101
        ]
      },
      "id": "node/3012068695"
    },
    {
      "type": "Feature",
      "properties": {
        "@id": "node/3012068696",
        "name": "北柏",
        "name:en": "Kita-Kashiwa",
        "name:ja": "北柏",
        "name:ja-Hira": "きたかしわ",
        "name:ja_rm": "Kita-Kashiwa",
        "name:ko": "기타카시와",
        "operator": "東日本旅客鉄道",
        "platforms": "2",
        "public_transport": "station",
        "railway": "station",
        "source": "bing",
        "wheelchair": "yes",
        "wikidata": "Q5364151",
        "wikipedia": "ja:北柏駅"
      },
      "geometry": {
        "type": "Point",
        "coordinates": [
          139.9880138,
          35.87565
        ]
      },
      "id": "node/3012068696"
    },
    {
      "type": "Feature",
      "properties": {
        "@id": "node/3012068697",
        "name": "南柏",
        "name:en": "Minami-Kashiwa",
        "name:ja": "南柏",
        "name:ja-Hira": "みなみかしわ",
        "name:ja_rm": "Minami-Kashiwa",
        "name:ko": "미나미카시와",
        "operator": "東日本旅客鉄道",
        "platforms": "2",
        "public_transport": "station",
        "railway": "station",
        "wheelchair": "yes",
        "wikidata": "Q5363133",
        "wikipedia": "ja:南柏駅"
      },
      "geometry": {
        "type": "Point",
        "coordinates": [
          139.9542125,
          35.8446196
        ]
      },
      "id": "node/3012068697"
    },
    {
      "type": "Feature",
      "properties": {
        "@id": "node/3012068699",
        "name": "大戸",
        "name:en": "Oto",
        "name:ja": "大戸",
        "name:ja_rm": "Oto",
        "name:ko": "오토",
        "operator": "JR東日本",
        "public_transport": "station",
        "railway": "station",
        "source": "survey, Bing",
        "wikidata": "Q8081763",
        "wikipedia": "ja:大戸駅"
      },
      "geometry": {
        "type": "Point",
        "coordinates": [
          140.4584941,
          35.8903536
        ]
      },
      "id": "node/3012068699"
    },
    {
      "type": "Feature",
      "properties": {
        "@id": "node/3012068700",
        "name": "天王台",
        "name:en": "Tennodai",
        "name:ja-Hira": "てんのうだい",
        "name:ja-Latn": "Tennōdai",
        "name:ko": "덴노다이",
        "operator": "東日本旅客鉄道",
        "platforms": "4",
        "public_transport": "station",
        "railway": "station",
        "ref": "JJ09;JL31",
        "source": "bing",
        "wheelchair": "yes",
        "wikidata": "Q1952908",
        "wikipedia": "ja:天王台駅"
      },
      "geometry": {
        "type": "Point",
        "coordinates": [
          140.0408889,
          35.8725271
        ]
      },
      "id": "node/3012068700"
    },
    {
      "type": "Feature",
      "properties": {
        "@id": "node/3012068701",
        "name": "安食",
        "name:en": "Ajiki",
        "name:ja": "安食",
        "name:ja-Hira": "あじき",
        "name:ja_rm": "Ajiki",
        "name:ko": "아지키",
        "operator": "東日本旅客鉄道",
        "operator:en": "East Japan Railway",
        "operator:ja": "東日本旅客鉄道",
        "operator:ja-Latn": "Higashi-Nihon Ryokaku Tetsudō",
        "operator:ja_rm": "Higashi-Nihon Ryokaku Tetsudō",
        "platforms": "2",
        "public_transport": "station",
        "railway": "station",
        "source": "GSI/KIBAN 2500; NARO; bing",
        "wheelchair": "limited",
        "wikidata": "Q864215",
        "wikipedia": "ja:安食駅"
      },
      "geometry": {
        "type": "Point",
        "coordinates": [
          140.2420518,
          35.8357152
        ]
      },
      "id": "node/3012068701"
    },
    {
      "type": "Feature",
      "properties": {
        "@id": "node/3012068702",
        "name": "布佐",
        "name:en": "Fusa",
        "name:ja": "布佐",
        "name:ja-Hira": "ふさ",
        "name:ja_rm": "Fusa",
        "name:ko": "후사",
        "operator": "東日本旅客鉄道",
        "platforms": "2",
        "public_transport": "station",
        "railway": "station",
        "source": "Bing",
        "wheelchair": "yes",
        "wikidata": "Q5366552",
        "wikipedia": "ja:布佐駅"
      },
      "geometry": {
        "type": "Point",
        "coordinates": [
          140.1331197,
          35.8490121
        ]
      },
      "id": "node/3012068702"
    },
    {
      "type": "Feature",
      "properties": {
        "@id": "node/3012068703",
        "name": "我孫子",
        "name:en": "Abiko",
        "name:ja-Hira": "あびこ",
        "name:ja-Latn": "Abiko",
        "name:ko": "아비코",
        "operator": "東日本旅客鉄道",
        "operator:en": "East Japan Railway Company",
        "platforms": "8",
        "public_transport": "station",
        "railway": "station",
        "toilets:wheelchair": "yes",
        "train": "yes",
        "wheelchair": "yes",
        "wikidata": "Q1043787",
        "wikipedia": "ja:我孫子駅 (千葉県)"
      },
      "geometry": {
        "type": "Point",
        "coordinates": [
          140.0107711,
          35.872742
        ]
      },
      "id": "node/3012068703"
    },
    {
      "type": "Feature",
      "properties": {
        "@id": "node/3012068704",
        "name": "新木",
        "name:en": "Araki",
        "name:ja": "新木",
        "name:ja-Hira": "あらき",
        "name:ja_rm": "Araki",
        "name:ko": "아라키",
        "operator": "東日本旅客鉄道",
        "platforms": "2",
        "public_transport": "station",
        "railway": "station",
        "source": "GSI/KIBAN 2500; NARO; bing",
        "wheelchair": "no",
        "wikidata": "Q4783839",
        "wikipedia": "ja:新木駅 (千葉県)"
      },
      "geometry": {
        "type": "Point",
        "coordinates": [
          140.1071831,
          35.8623295
        ]
      },
      "id": "node/3012068704"
    },
    {
      "type": "Feature",
      "properties": {
        "@id": "node/3012068705",
        "name": "新松戸",
        "name:en": "Shin-Matsudo",
        "name:ja": "新松戸",
        "name:ja-Hira": "しんまつど",
        "name:ja-Latn": "Shim-Matsudo",
        "name:ko": "신마쓰도",
        "operator": "東日本旅客鉄道",
        "platforms": "4",
        "public_transport": "station",
        "railway": "station",
        "ref": "JL25;JM15",
        "source": "bing",
        "wheelchair": "yes",
        "wikidata": "Q6799406",
        "wikipedia": "ja:新松戸駅"
      },
      "geometry": {
        "type": "Point",
        "coordinates": [
          139.9211803,
          35.8254903
        ]
      },
      "id": "node/3012068705"
    },
    {
      "type": "Feature",
      "properties": {
        "@id": "node/3012068706",
        "name": "木下",
        "name:en": "Kioroshi",
        "name:ja": "木下",
        "name:ja-Hira": "きおろし",
        "name:ja_rm": "Kioroshi",
        "name:ko": "기오로시",
        "operator": "東日本旅客鉄道",
        "platforms": "2",
        "public_transport": "station",
        "railway": "station",
        "wheelchair": "yes",
        "wikidata": "Q6414520",
        "wikipedia": "ja:木下駅"
      },
      "geometry": {
        "type": "Point",
        "coordinates": [
          140.1483223,
          35.8389123
        ]
      },
      "id": "node/3012068706"
    },
    {
      "type": "Feature",
      "properties": {
        "@id": "node/3012068707",
        "name": "東我孫子",
        "name:en": "Higashi-Abiko",
        "name:ja": "東我孫子",
        "name:ja-Hira": "ひがしあびこ",
        "name:ja_rm": "Higashi-Abiko",
        "name:ko": "히가시아비코",
        "operator": "東日本旅客鉄道",
        "platforms": "2",
        "public_transport": "station",
        "railway": "station",
        "wheelchair": "limited",
        "wikidata": "Q5753445",
        "wikipedia": "ja:東我孫子駅"
      },
      "geometry": {
        "type": "Point",
        "coordinates": [
          140.0476509,
          35.8689824
        ]
      },
      "id": "node/3012068707"
    },
    {
      "type": "Feature",
      "properties": {
        "@id": "node/3012068708",
        "name": "松戸",
        "name:en": "Matsudo",
        "name:ja": "松戸",
        "name:ja-Hira": "まつど",
        "name:ja-Latn": "Matsudo",
        "name:ko": "마쓰도",
        "operator": "京成電鉄",
        "platforms": "2",
        "public_transport": "station",
        "railway": "station",
        "wheelchair": "yes",
        "wikidata": "Q841460",
        "wikipedia": "ja:松戸駅"
      },
      "geometry": {
        "type": "Point",
        "coordinates": [
          139.9009417,
          35.7843061
        ]
      },
      "id": "node/3012068708"
    },
    {
      "type": "Feature",
      "properties": {
        "@id": "node/3012068709",
        "name": "松戸",
        "name:en": "Matsudo",
        "name:es": "Matsudo",
        "name:ja": "松戸",
        "name:ja-Hira": "まつど",
        "name:ja-Latn": "Matsudo",
        "name:ko": "마쓰도",
        "operator": "東日本旅客鉄道",
        "operator:en": "East Japan Railway Company",
        "platforms": "6",
        "public_transport": "station",
        "railway": "station",
        "ref": "JJ06;JL22",
        "train": "yes",
        "wikidata": "Q841460",
        "wikipedia": "ja:松戸駅"
      },
      "geometry": {
        "type": "Point",
        "coordinates": [
          139.9006078,
          35.7844366
        ]
      },
      "id": "node/3012068709"
    },
    {
      "type": "Feature",
      "properties": {
        "@id": "node/3012068710",
        "name": "柏",
        "name:en": "Kashiwa",
        "name:ja": "柏",
        "name:ja-Hira": "かしわ",
        "name:ja-Latn": "Kashiwa",
        "name:ko": "가시와",
        "operator": "東日本旅客鉄道",
        "operator:en": "East Japan Railway",
        "operator:ja": "東日本旅客鉄道",
        "operator:ja-Latn": "Higashi-Nihon Ryokaku Tetsudō",
        "operator:ja_rm": "Higashi-Nihon Ryokaku Tetsudō",
        "platforms": "4",
        "public_transport": "station",
        "railway": "station",
        "ref": "JJ07;JL28",
        "train": "yes",
        "wheelchair": "yes",
        "wikidata": "Q865156",
        "wikipedia": "ja:柏駅"
      },
      "geometry": {
        "type": "Point",
        "coordinates": [
          139.9710655,
          35.8623263
        ]
      },
      "id": "node/3012068710"
    },
    {
      "type": "Feature",
      "properties": {
        "@id": "node/3012068711",
        "name": "湖北",
        "name:en": "Kohoku",
        "name:ja": "湖北",
        "name:ja-Hira": "こほく",
        "name:ja_rm": "Kohoku",
        "name:ko": "고호쿠",
        "operator": "東日本旅客鉄道",
        "platforms": "2",
        "public_transport": "station",
        "railway": "station",
        "wheelchair": "yes",
        "wikidata": "Q5366305",
        "wikipedia": "ja:湖北駅"
      },
      "geometry": {
        "type": "Point",
        "coordinates": [
          140.0777789,
          35.8672452
        ]
      },
      "id": "node/3012068711"
    },
    {
      "type": "Feature",
      "properties": {
        "@id": "node/3012068712",
        "name": "香取",
        "name:en": "Katori",
        "name:ja": "香取",
        "name:ja-Hira": "かとり",
        "name:ja_rm": "Katori",
        "name:ko": "가토리",
        "public_transport": "station",
        "railway": "station",
        "wikidata": "Q6377809",
        "wikipedia": "ja:香取駅"
      },
      "geometry": {
        "type": "Point",
        "coordinates": [
          140.5320045,
          35.8979896
        ]
      },
      "id": "node/3012068712"
    },
    {
      "type": "Feature",
      "properties": {
        "@id": "node/3012068713",
        "name": "馬橋",
        "name:en": "Mabashi",
        "name:ja": "馬橋",
        "name:ja-Hira": "まばし",
        "name:ja_rm": "Mabashi",
        "name:ko": "마바시",
        "operator": "東日本旅客鉄道",
        "platforms": "2",
        "public_transport": "station",
        "railway": "station",
        "train": "yes",
        "wheelchair": "yes",
        "wikidata": "Q865196",
        "wikipedia": "ja:馬橋駅"
      },
      "geometry": {
        "type": "Point",
        "coordinates": [
          139.9173079,
          35.8116335
        ]
      },
      "id": "node/3012068713"
    },
    {
      "type": "Feature",
      "properties": {
        "@id": "node/3014657226",
        "name": "三門",
        "name:en": "Mikado",
        "name:ja": "三門",
        "name:ja-Hira": "みかど",
        "name:ja-Latn": "Mikado",
        "name:ko": "미카도",
        "operator": "東日本旅客鉄道",
        "platforms": "1",
        "public_transport": "station",
        "railway": "station",
        "source": "Bing,Wikipedia",
        "website": "https://www.jreast.co.jp/estation/station/info.aspx?StationCd=1454",
        "wheelchair": "yes",
        "wikidata": "Q564431",
        "wikipedia": "ja:三門駅"
      },
      "geometry": {
        "type": "Point",
        "coordinates": [
          140.391606,
          35.2823898
        ]
      },
      "id": "node/3014657226"
    },
    {
      "type": "Feature",
      "properties": {
        "@id": "node/3014657227",
        "name": "上総一ノ宮",
        "name:en": "Kazusa-Ichinomiya",
        "name:ja": "上総一ノ宮",
        "name:ja-Hira": "かずさいちのみや",
        "name:ja-Latn": "Kazusa-Ichinomiya",
        "name:ko": "가즈사이치노미야",
        "operator": "東日本旅客鉄道",
        "public_transport": "station",
        "railway": "station",
        "source": "Bing",
        "website": "https://www.jreast.co.jp/estation/station/info.aspx?StationCd=439",
        "wheelchair": "yes",
        "wikidata": "Q564483",
        "wikipedia": "ja:上総一ノ宮駅"
      },
      "geometry": {
        "type": "Point",
        "coordinates": [
          140.365021,
          35.3736792
        ]
      },
      "id": "node/3014657227"
    },
    {
      "type": "Feature",
      "properties": {
        "@id": "node/3014657228",
        "name": "上総清川",
        "name:en": "Kazusa-Kiyokawa",
        "name:ja": "上総清川",
        "name:ja-Hira": "かずさきよかわ",
        "name:ja_rm": "Kazusa-Kiyokawa",
        "name:ko": "가즈사키요카와",
        "operator": "東日本旅客鉄道",
        "public_transport": "station",
        "railway": "station",
        "wheelchair": "no",
        "wikidata": "Q11360046",
        "wikipedia": "ja:上総清川駅"
      },
      "geometry": {
        "type": "Point",
        "coordinates": [
          139.9655402,
          35.3909493
        ]
      },
      "id": "node/3014657228"
    },
    {
      "type": "Feature",
      "properties": {
        "@id": "node/3014657229",
        "name": "上総湊",
        "name:en": "Kazusa-Minato",
        "name:ja": "上総湊",
        "name:ja-Hira": "かずさみなと",
        "name:ja-Latn": "Kazusa-Minato",
        "name:ko": "가즈사미나토",
        "name:ru": "Кадзуса-Минато",
        "operator": "東日本旅客鉄道",
        "platforms": "2",
        "public_transport": "station",
        "railway": "station",
        "source": "Bing;survey",
        "train": "yes",
        "website": "https://www.jreast.co.jp/estation/station/info.aspx?StationCd=444",
        "wheelchair": "no",
        "wikidata": "Q558554",
        "wikipedia": "ja:上総湊駅"
      },
      "geometry": {
        "type": "Point",
        "coordinates": [
          139.8712604,
          35.2222837
        ]
      },
      "id": "node/3014657229"
    },
    {
      "type": "Feature",
      "properties": {
        "@id": "node/3014657230",
        "name": "上総興津",
        "name:en": "Kazusa-Okitsu",
        "name:ja": "上総興津",
        "name:ja-Hira": "かずさおきつ",
        "name:ja-Latn": "Kazusa-Okitsu",
        "name:ko": "가즈사오키쓰",
        "operator": "東日本旅客鉄道",
        "platforms": "2",
        "public_transport": "station",
        "railway": "station",
        "source": "Bing,Wikipedia",
        "website": "https://www.jreast.co.jp/estation/station/info.aspx?StationCd=440",
        "wheelchair": "limited",
        "wikidata": "Q553023",
        "wikipedia": "ja:上総興津駅"
      },
      "geometry": {
        "type": "Point",
        "coordinates": [
          140.250935,
          35.1372413
        ]
      },
      "id": "node/3014657230"
    },
    {
      "type": "Feature",
      "properties": {
        "@id": "node/3014657231",
        "name": "九重",
        "name:en": "Kokonoe",
        "name:ja": "九重",
        "name:ja-Hira": "ここのえ",
        "name:ja-Latn": "Kokonoe",
        "name:ko": "고코노에",
        "name:ru": "Коконоэ",
        "operator": "東日本旅客鉄道",
        "platforms": "2",
        "public_transport": "station",
        "railway": "station",
        "source": "Bing;survey",
        "train": "yes",
        "website": "https://www.jreast.co.jp/estation/station/info.aspx?StationCd=684",
        "wheelchair": "limited",
        "wikidata": "Q553860",
        "wikimedia_commons": "File:JREast-Uchibo-line-Kokonoe-station-building-20131230-150838.jpg",
        "wikipedia": "ja:九重駅"
      },
      "geometry": {
        "type": "Point",
        "coordinates": [
          139.9110908,
          34.997681
        ]
      },
      "id": "node/3014657231"
    },
    {
      "type": "Feature",
      "properties": {
        "@id": "node/3014657232",
        "name": "五井",
        "name:en": "Goi",
        "name:ja": "五井",
        "name:ja-Hira": "ごい",
        "name:ja_rm": "Goi",
        "name:ko": "고이",
        "name:ru": "Гои",
        "operator": "東日本旅客鉄道",
        "operator:en": "East Japan Railway Company",
        "public_transport": "station",
        "railway": "station",
        "source": "Bing",
        "train": "yes",
        "website": "https://www.jreast.co.jp/estation/station/info.aspx?StationCd=657",
        "wheelchair": "limited",
        "wikidata": "Q573427",
        "wikipedia": "ja:五井駅"
      },
      "geometry": {
        "type": "Point",
        "coordinates": [
          140.0895617,
          35.5130963
        ]
      },
      "id": "node/3014657232"
    },
    {
      "type": "Feature",
      "properties": {
        "@id": "node/3014683033",
        "name": "佐貫町",
        "name:en": "Sanukimachi",
        "name:ja": "佐貫町",
        "name:ja-Hira": "さぬきまち",
        "name:ja-Latn": "Sanukimachi",
        "name:ko": "사누키마치",
        "name:ru": "Санукимати",
        "operator": "東日本旅客鉄道",
        "platforms": "2",
        "public_transport": "station",
        "railway": "station",
        "source": "Bing",
        "train": "yes",
        "website": "https://www.jreast.co.jp/estation/station/info.aspx?StationCd=751",
        "wheelchair": "no",
        "wikidata": "Q558870",
        "wikipedia": "ja:佐貫町駅"
      },
      "geometry": {
        "type": "Point",
        "coordinates": [
          139.8760746,
          35.2606226
        ]
      },
      "id": "node/3014683033"
    },
    {
      "type": "Feature",
      "properties": {
        "@id": "node/3014683034",
        "name": "保田",
        "name:en": "Hota",
        "name:ja": "保田",
        "name:ja-Hira": "ほた",
        "name:ja-Latn": "Hota",
        "name:ko": "호타",
        "name:ru": "Хота",
        "operator": "東日本旅客鉄道",
        "platforms": "2",
        "public_transport": "station",
        "railway": "station",
        "source": "Bing",
        "website": "https://www.jreast.co.jp/estation/station/info.aspx?StationCd=1401",
        "wheelchair": "no",
        "wikidata": "Q558549",
        "wikipedia": "ja:保田駅 (千葉県)"
      },
      "geometry": {
        "type": "Point",
        "coordinates": [
          139.8383441,
          35.1410607
        ]
      },
      "id": "node/3014683034"
    },
    {
      "type": "Feature",
      "properties": {
        "@id": "node/3014683035",
        "name": "八幡宿",
        "name:en": "Yawatajuku",
        "name:ja": "八幡宿",
        "name:ja-Hira": "やわたじゅく",
        "name:ja-Latn": "Yawatajuku",
        "name:ko": "야와타주쿠",
        "name:ru": "Яватадзуку",
        "operator": "東日本旅客鉄道",
        "platforms": "2",
        "public_transport": "station",
        "railway": "station",
        "source": "bing",
        "website": "https://www.jreast.co.jp/estation/station/info.aspx?StationCd=1614",
        "wheelchair": "yes",
        "wikidata": "Q573497",
        "wikipedia": "ja:八幡宿駅"
      },
      "geometry": {
        "type": "Point",
        "coordinates": [
          140.1201444,
          35.5362629
        ]
      },
      "id": "node/3014683035"
    },
    {
      "type": "Feature",
      "properties": {
        "@id": "node/3014683036",
        "name": "八積",
        "name:en": "Yatsumi",
        "name:ja": "八積",
        "name:ja-Hira": "やつみ",
        "name:ja-Latn": "Yatsumi",
        "name:ko": "야쓰미",
        "operator": "東日本旅客鉄道",
        "platforms": "2",
        "public_transport": "station",
        "railway": "station",
        "source": "Bing,Wikipedia",
        "website": "https://www.jreast.co.jp/estation/station/info.aspx?StationCd=1583",
        "wheelchair": "no",
        "wikidata": "Q564445",
        "wikipedia": "ja:八積駅"
      },
      "geometry": {
        "type": "Point",
        "coordinates": [
          140.345609,
          35.4037322
        ]
      },
      "id": "node/3014683036"
    },
    {
      "type": "Feature",
      "properties": {
        "@id": "node/3014683037",
        "name": "勝浦",
        "name:en": "Katsuura",
        "name:ja": "勝浦",
        "name:ja-Hira": "かつうら",
        "name:ja-Latn": "Katsuura",
        "name:ko": "가쓰우라",
        "operator": "東日本旅客鉄道",
        "platforms": "3",
        "public_transport": "station",
        "railway": "station",
        "source": "Bing,Wikipedia",
        "website": "https://www.jreast.co.jp/estation/station/info.aspx?StationCd=449",
        "wheelchair": "no",
        "wikidata": "Q553034",
        "wikipedia": "ja:勝浦駅"
      },
      "geometry": {
        "type": "Point",
        "coordinates": [
          140.3128799,
          35.1530976
        ]
      },
      "id": "node/3014683037"
    },
    {
      "type": "Feature",
      "properties": {
        "@id": "node/3014683038",
        "name": "十二橋",
        "name:en": "Junikyo",
        "name:ja": "十二橋",
        "name:ja-Hira": "じゅうにきょう",
        "name:ja_rm": "Jūnikyō",
        "name:ko": "주니쿄",
        "operator": "東日本旅客鉄道",
        "platforms": "1",
        "public_transport": "station",
        "railway": "station",
        "wheelchair": "yes",
        "wikidata": "Q6322340",
        "wikipedia": "ja:十二橋駅"
      },
      "geometry": {
        "type": "Point",
        "coordinates": [
          140.545775,
          35.9172538
        ]
      },
      "id": "node/3014683038"
    },
    {
      "type": "Feature",
      "properties": {
        "@id": "node/3014683039",
        "name": "千倉",
        "name:en": "Chikura",
        "name:ja": "千倉",
        "name:ja-Hira": "ちくら",
        "name:ja-Latn": "Chikura",
        "name:ko": "지쿠라",
        "name:ru": "Тикура",
        "operator": "東日本旅客鉄道",
        "public_transport": "station",
        "railway": "station",
        "source": "Bing",
        "website": "https://www.jreast.co.jp/estation/station/info.aspx?StationCd=986",
        "wheelchair": "limited",
        "wikidata": "Q553855",
        "wikipedia": "ja:千倉駅"
      },
      "geometry": {
        "type": "Point",
        "coordinates": [
          139.9546792,
          34.9767161
        ]
      },
      "id": "node/3014683039"
    },
    {
      "type": "Feature",
      "properties": {
        "@id": "node/3014683040",
        "name": "千歳",
        "name:en": "Chitose",
        "name:ja": "千歳",
        "name:ja-Hira": "ちとせ",
        "name:ja-Latn": "Chitose",
        "name:ko": "지토세",
        "name:ru": "Титосэ",
        "operator": "東日本旅客鉄道",
        "platforms": "1",
        "public_transport": "station",
        "railway": "station",
        "source": "Bing,Wikipedia",
        "website": "https://www.jreast.co.jp/estation/station/info.aspx?StationCd=987",
        "wheelchair": "no",
        "wikidata": "Q553875",
        "wikipedia": "ja:千歳駅 (千葉県)"
      },
      "geometry": {
        "type": "Point",
        "coordinates": [
          139.966465,
          34.9916497
        ]
      },
      "id": "node/3014683040"
    },
    {
      "type": "Feature",
      "properties": {
        "@id": "node/3014683041",
        "name": "南三原",
        "name:en": "Minamihara",
        "name:ja": "南三原",
        "name:ja-Hira": "みなみはら",
        "name:ja-Latn": "Minamihara",
        "name:ko": "미나미하라",
        "name:ru": "Минамихара",
        "operator": "東日本旅客鉄道",
        "platforms": "2",
        "public_transport": "station",
        "railway": "station",
        "source": "Bing;Wikipedia",
        "website": "https://www.jreast.co.jp/estation/station/info.aspx?StationCd=1498",
        "wheelchair": "limited",
        "wikidata": "Q553865",
        "wikipedia": "ja:南三原駅"
      },
      "geometry": {
        "type": "Point",
        "coordinates": [
          139.9792264,
          35.0210744
        ]
      },
      "id": "node/3014683041"
    },
    {
      "type": "Feature",
      "properties": {
        "@id": "node/3014683042",
        "addr:block_number": "1",
        "addr:city": "君津市",
        "addr:neighbourhood": "1丁目",
        "addr:postcode": "299-1144",
        "addr:province": "千葉県",
        "addr:quarter": "東坂田",
        "name": "君津",
        "name:en": "Kimitsu",
        "name:ja": "君津",
        "name:ja-Hira": "きみつ",
        "name:ja-Latn": "Kimitsu",
        "name:ko": "기미쓰",
        "name:ru": "Кимицу",
        "official_name": "君津駅",
        "operator": "東日本旅客鉄道",
        "platforms": "3",
        "public_transport": "station",
        "railway": "station",
        "source": "Bing;survey",
        "website": "https://www.jreast.co.jp/estation/station/info.aspx?StationCd=601",
        "wheelchair": "yes",
        "wikidata": "Q575422",
        "wikipedia": "ja:君津駅"
      },
      "geometry": {
        "type": "Point",
        "coordinates": [
          139.8955052,
          35.3336304
        ]
      },
      "id": "node/3014683042"
    },
    {
      "type": "Feature",
      "properties": {
        "@id": "node/3014683043",
        "name": "和田浦",
        "name:en": "Wadaura",
        "name:ja": "和田浦",
        "name:ja-Hira": "わだうら",
        "name:ja-Latn": "Wadaura",
        "name:ko": "와다우라",
        "name:ru": "Вадаура",
        "operator": "東日本旅客鉄道",
        "platforms": "2",
        "public_transport": "station",
        "railway": "station",
        "website": "https://www.jreast.co.jp/estation/station/info.aspx?StationCd=1700",
        "wheelchair": "limited",
        "wikidata": "Q553736",
        "wikipedia": "ja:和田浦駅"
      },
      "geometry": {
        "type": "Point",
        "coordinates": [
          140.0194922,
          35.0418145
        ]
      },
      "id": "node/3014683043"
    },
    {
      "type": "Feature",
      "properties": {
        "@id": "node/3014683044",
        "name": "土気",
        "name:en": "Toke",
        "name:ja": "土気",
        "name:ja-Hira": "とけ",
        "name:ja-Latn": "Toke",
        "name:ko": "도케",
        "operator": "東日本旅客鉄道",
        "platforms": "2",
        "public_transport": "station",
        "railway": "station",
        "website": "https://www.jreast.co.jp/estation/station/info.aspx?StationCd=1052",
        "wheelchair": "yes",
        "wikidata": "Q5353420",
        "wikipedia": "ja:土気駅"
      },
      "geometry": {
        "type": "Point",
        "coordinates": [
          140.2697788,
          35.5308674
        ]
      },
      "id": "node/3014683044"
    },
    {
      "type": "Feature",
      "properties": {
        "@id": "node/3014683045",
        "name": "大原",
        "name:en": "Ohara",
        "name:ja": "大原",
        "name:ja-Hira": "おおはら",
        "name:ja-Latn": "Ōhara",
        "name:ko": "오하라",
        "network": "外房線",
        "operator": "東日本旅客鉄道",
        "platforms": "3",
        "public_transport": "station",
        "railway": "station",
        "source": "Bing",
        "train": "yes",
        "website": "https://www.jreast.co.jp/estation/station/info.aspx?StationCd=338",
        "wheelchair": "limited",
        "wikidata": "Q552811",
        "wikipedia": "ja:大原駅 (千葉県)"
      },
      "geometry": {
        "type": "Point",
        "coordinates": [
          140.3909878,
          35.2508589
        ]
      },
      "id": "node/3014683045"
    },
    {
      "type": "Feature",
      "properties": {
        "@id": "node/3014683046",
        "name": "大網",
        "name:en": "Oami",
        "name:ja": "大網",
        "name:ja-Hira": "おおあみ",
        "name:ja_rm": "Ōami",
        "name:ko": "오아미",
        "operator": "東日本旅客鉄道",
        "platforms": "4",
        "public_transport": "station",
        "railway": "station",
        "source": "bing",
        "website": "https://www.jreast.co.jp/estation/station/info.aspx?StationCd=304",
        "wheelchair": "yes",
        "wikidata": "Q5353488",
        "wikipedia": "ja:大網駅"
      },
      "geometry": {
        "type": "Point",
        "coordinates": [
          140.3110002,
          35.5228296
        ]
      },
      "id": "node/3014683046"
    },
    {
      "type": "Feature",
      "properties": {
        "@id": "node/3014683047",
        "name": "大貫",
        "name:en": "Onuki",
        "name:ja": "大貫",
        "name:ja-Hira": "おおぬき",
        "name:ja-Latn": "Ōnuki",
        "name:ko": "오누키",
        "name:ru": "Онуки",
        "operator": "東日本旅客鉄道",
        "platforms": "2",
        "public_transport": "station",
        "railway": "station",
        "source": "bing",
        "train": "yes",
        "website": "https://www.jreast.co.jp/estation/station/info.aspx?StationCd=336",
        "wheelchair": "no",
        "wikidata": "Q558903",
        "wikipedia": "ja:大貫駅"
      },
      "geometry": {
        "type": "Point",
        "coordinates": [
          139.8556052,
          35.2910811
        ]
      },
      "id": "node/3014683047"
    },
    {
      "type": "Feature",
      "properties": {
        "@id": "node/3014683048",
        "name": "太東",
        "name:en": "Taito",
        "name:ja": "太東",
        "name:ja-Hira": "たいとう",
        "name:ja-Latn": "Taitō",
        "name:ko": "다이토",
        "operator": "東日本旅客鉄道",
        "platforms": "3",
        "public_transport": "station",
        "railway": "station",
        "source": "Bing,Wikipedia",
        "website": "https://www.jreast.co.jp/estation/station/info.aspx?StationCd=927",
        "wheelchair": "no",
        "wikidata": "Q564210",
        "wikipedia": "ja:太東駅"
      },
      "geometry": {
        "type": "Point",
        "coordinates": [
          140.3810824,
          35.3199478
        ]
      },
      "id": "node/3014683048"
    },
    {
      "type": "Feature",
      "properties": {
        "@id": "node/3014683049",
        "name": "太海",
        "name:en": "Futomi",
        "name:ja": "太海",
        "name:ja-Hira": "ふとみ",
        "name:ja-Latn": "Futomi",
        "name:ko": "후토미",
        "name:ru": "Футоми",
        "operator": "東日本旅客鉄道",
        "platforms": "2",
        "public_transport": "station",
        "railway": "station",
        "source": "Bing,Wikipedia",
        "website": "https://www.jreast.co.jp/estation/station/info.aspx?StationCd=1378",
        "wheelchair": "no",
        "wikidata": "Q553805",
        "wikipedia": "ja:太海駅"
      },
      "geometry": {
        "type": "Point",
        "coordinates": [
          140.0962597,
          35.08183
        ]
      },
      "id": "node/3014683049"
    },
    {
      "type": "Feature",
      "properties": {
        "@id": "node/3014683050",
        "name": "姉ケ崎",
        "name:en": "Anegasaki",
        "name:ja": "姉ケ崎",
        "name:ja-Hira": "あねがさき",
        "name:ja-Latn": "Anegasaki",
        "name:ko": "아네가사키",
        "name:ru": "Анэгасаки",
        "operator": "東日本旅客鉄道",
        "platforms": "4",
        "public_transport": "station",
        "railway": "station",
        "source": "bing",
        "website": "https://www.jreast.co.jp/estation/station/info.aspx?StationCd=71",
        "wheelchair": "yes",
        "wikidata": "Q573432",
        "wikipedia": "ja:姉ヶ崎駅"
      },
      "geometry": {
        "type": "Point",
        "coordinates": [
          140.0421725,
          35.4785994
        ]
      },
      "id": "node/3014683050"
    },
    {
      "type": "Feature",
      "properties": {
        "@id": "node/3014683051",
        "name": "安房勝山",
        "name:en": "Awa-Katsuyama",
        "name:ja": "安房勝山",
        "name:ja-Hira": "あわかつやま",
        "name:ja-Latn": "Awa-Katsuyama",
        "name:ko": "아와카쓰야마",
        "name:ru": "Ава-Кацуяма",
        "platforms": "2",
        "public_transport": "station",
        "railway": "station",
        "source": "Bing",
        "wheelchair": "no",
        "wikidata": "Q558545",
        "wikipedia": "ja:安房勝山駅"
      },
      "geometry": {
        "type": "Point",
        "coordinates": [
          139.8333501,
          35.1137521
        ]
      },
      "id": "node/3014683051"
    },
    {
      "type": "Feature",
      "properties": {
        "@id": "node/3014683052",
        "name": "安房天津",
        "name:en": "Awa-Amatsu",
        "name:ja": "安房天津",
        "name:ja-Hira": "あわあまつ",
        "name:ja-Latn": "Awa-Amatsu",
        "name:ko": "아와아마쓰",
        "operator": "東日本旅客鉄道",
        "platforms": "2",
        "public_transport": "station",
        "railway": "station",
        "website": "https://www.jreast.co.jp/estation/station/info.aspx?StationCd=90",
        "wheelchair": "limited",
        "wikidata": "Q553048",
        "wikipedia": "ja:安房天津駅"
      },
      "geometry": {
        "type": "Point",
        "coordinates": [
          140.1544577,
          35.1255783
        ]
      },
      "id": "node/3014683052"
    },
    {
      "type": "Feature",
      "properties": {
        "@id": "node/3014683053",
        "name": "安房小湊",
        "name:en": "Awa-Kominato",
        "name:ja": "安房小湊",
        "name:ja-Hira": "あわこみなと",
        "name:ja-Latn": "Awa-Kominato",
        "name:ko": "아와코미나토",
        "operator": "東日本旅客鉄道",
        "platforms": "3",
        "public_transport": "station",
        "railway": "station",
        "wheelchair": "no",
        "wikidata": "Q552825",
        "wikipedia": "ja:安房小湊駅"
      },
      "geometry": {
        "type": "Point",
        "coordinates": [
          140.1903176,
          35.1286886
        ]
      },
      "id": "node/3014683053"
    },
    {
      "type": "Feature",
      "properties": {
        "@id": "node/3014683055",
        "name": "富浦",
        "name:en": "Tomiura",
        "name:ja": "富浦",
        "name:ja-Hira": "とみうら",
        "name:ja-Latn": "Tomiura",
        "name:ko": "도미우라",
        "name:ru": "Томиура",
        "operator": "東日本旅客鉄道",
        "platforms": "2",
        "public_transport": "station",
        "railway": "station",
        "source": "Bing,Wikipedia",
        "website": "https://www.jreast.co.jp/estation/station/info.aspx?StationCd=1062",
        "wheelchair": "limited",
        "wikidata": "Q556722",
        "wikipedia": "ja:富浦駅 (千葉県)"
      },
      "geometry": {
        "type": "Point",
        "coordinates": [
          139.8377984,
          35.0452625
        ]
      },
      "id": "node/3014683055"
    },
    {
      "type": "Feature",
      "properties": {
        "@id": "node/3014683056",
        "name": "岩井",
        "name:en": "Iwai",
        "name:ja": "岩井",
        "name:ja-Hira": "いわい",
        "name:ja-Latn": "Iwai",
        "name:ko": "이와이",
        "name:ru": "Иваи",
        "operator": "東日本旅客鉄道",
        "platforms": "2",
        "public_transport": "station",
        "railway": "station",
        "source": "Bing,Wikipedia",
        "wheelchair": "limited",
        "wikidata": "Q556710",
        "wikipedia": "ja:岩井駅"
      },
      "geometry": {
        "type": "Point",
        "coordinates": [
          139.8496343,
          35.0926346
        ]
      },
      "id": "node/3014683056"
    },
    {
      "type": "Feature",
      "properties": {
        "@id": "node/3014683057",
        "name": "巌根",
        "name:en": "Iwane",
        "name:ja": "巌根",
        "name:ja-Hira": "いわね",
        "name:ja-Latn": "Iwane",
        "name:ko": "이와네",
        "name:ru": "Иванэ",
        "operator": "東日本旅客鉄道",
        "platforms": "2",
        "public_transport": "station",
        "railway": "station",
        "source": "GSI/KIBAN 2500; NARO; bing",
        "website": "https://www.jreast.co.jp/estation/station/info.aspx?StationCd=192",
        "wheelchair": "no",
        "wikidata": "Q573420",
        "wikipedia": "ja:巌根駅"
      },
      "geometry": {
        "type": "Point",
        "coordinates": [
          139.9335177,
          35.4144082
        ]
      },
      "id": "node/3014683057"
    },
    {
      "type": "Feature",
      "properties": {
        "@id": "node/3014683058",
        "name": "御宿",
        "name:en": "Onjuku",
        "name:ja": "御宿",
        "name:ja-Hira": "おんじゅく",
        "name:ja-Latn": "Onjuku",
        "name:ko": "온주쿠",
        "operator": "東日本旅客鉄道",
        "platforms": "2",
        "public_transport": "station",
        "railway": "station",
        "source": "Bing",
        "website": "https://www.jreast.co.jp/estation/station/info.aspx?StationCd=407",
        "wheelchair": "no",
        "wikidata": "Q552783",
        "wikipedia": "ja:御宿駅"
      },
      "geometry": {
        "type": "Point",
        "coordinates": [
          140.3514883,
          35.1877142
        ]
      },
      "id": "node/3014683058"
    },
    {
      "type": "Feature",
      "properties": {
        "@id": "node/3014683059",
        "name": "新茂原",
        "name:en": "Shin-Mobara",
        "name:ja": "新茂原",
        "name:ja-Hira": "しんもばら",
        "name:ja-Latn": "Shin-Mobara",
        "name:ko": "신모바라",
        "operator": "東日本旅客鉄道",
        "platforms": "2",
        "public_transport": "station",
        "railway": "station",
        "source": "Bing,Wikipedia",
        "website": "https://www.jreast.co.jp/estation/station/info.aspx?StationCd=886",
        "wheelchair": "no",
        "wikidata": "Q564465",
        "wikipedia": "ja:新茂原駅"
      },
      "geometry": {
        "type": "Point",
        "coordinates": [
          140.299985,
          35.4495692
        ]
      },
      "id": "node/3014683059"
    },
    {
      "type": "Feature",
      "properties": {
        "@id": "node/3014683060",
        "name": "木更津",
        "name:en": "Kisarazu",
        "name:it": "Kisarazu",
        "name:ja": "木更津",
        "name:ja-Hira": "きさらづ",
        "name:ja-Latn": "Kisarazu",
        "name:ko": "기사라즈 역",
        "name:ru": "Кисарадзу",
        "operator": "東日本旅客鉄道",
        "platforms": "4",
        "public_transport": "station",
        "railway": "station",
        "source": "bing",
        "website": "https://www.jreast.co.jp/estation/station/info.aspx?StationCd=547",
        "wheelchair": "yes",
        "wikidata": "Q575433",
        "wikipedia": "ja:木更津駅"
      },
      "geometry": {
        "type": "Point",
        "coordinates": [
          139.9262431,
          35.3816066
        ]
      },
      "id": "node/3014683060"
    },
    {
      "type": "Feature",
      "properties": {
        "@id": "node/3014683061",
        "name": "本千葉",
        "name:en": "Hon-Chiba",
        "name:ja": "本千葉",
        "name:ja-Hira": "ほんちば",
        "name:ja-Latn": "Hon-Chiba",
        "name:ko": "혼치바",
        "name:ru": "Хон-Тиба",
        "operator": "東日本旅客鉄道",
        "platforms": "2",
        "public_transport": "station",
        "railway": "station",
        "source": "bing",
        "wheelchair": "yes",
        "wikidata": "Q4389608",
        "wikipedia": "ja:本千葉駅"
      },
      "geometry": {
        "type": "Point",
        "coordinates": [
          140.1210196,
          35.6011214
        ]
      },
      "id": "node/3014683061"
    },
    {
      "type": "Feature",
      "properties": {
        "@id": "node/3014683062",
        "name": "本納",
        "name:en": "Honno",
        "name:ja": "本納",
        "name:ja-Hira": "ほんのう",
        "name:ja-Latn": "Honnō",
        "name:ko": "혼노",
        "operator": "東日本旅客鉄道",
        "platforms": "3",
        "public_transport": "station",
        "railway": "station",
        "source": "Bing,Wikipedia",
        "website": "https://www.jreast.co.jp/estation/station/info.aspx?StationCd=1412",
        "wheelchair": "no",
        "wikidata": "Q564470",
        "wikipedia": "ja:本納駅"
      },
      "geometry": {
        "type": "Point",
        "coordinates": [
          140.307407,
          35.4821242
        ]
      },
      "id": "node/3014683062"
    },
    {
      "type": "Feature",
      "properties": {
        "@id": "node/3014683063",
        "name": "東浪見",
        "name:en": "Torami",
        "name:ja": "東浪見",
        "name:ja-Hira": "とらみ",
        "name:ja-Latn": "Torami",
        "name:ko": "도라미",
        "operator": "東日本旅客鉄道",
        "platforms": "2",
        "public_transport": "station",
        "railway": "station",
        "source": "Bing,Wikipedia",
        "website": "https://www.jreast.co.jp/estation/station/info.aspx?StationCd=1074",
        "wheelchair": "limited",
        "wikidata": "Q564474",
        "wikipedia": "ja:東浪見駅"
      },
      "geometry": {
        "type": "Point",
        "coordinates": [
          140.3766993,
          35.3471676
        ]
      },
      "id": "node/3014683063"
    },
    {
      "type": "Feature",
      "properties": {
        "@id": "node/3014683064",
        "name": "東清川",
        "name:en": "Higashi-Kiyokawa",
        "name:ja": "東清川",
        "name:ja-Hira": "ひがしきよかわ",
        "name:ja_rm": "Higashi-Kiyokawa",
        "name:ko": "히가시키요카와",
        "operator": "東日本旅客鉄道",
        "public_transport": "station",
        "railway": "station",
        "wikidata": "Q11527993",
        "wikipedia": "ja:東清川駅"
      },
      "geometry": {
        "type": "Point",
        "coordinates": [
          139.985803,
          35.3900156
        ]
      },
      "id": "node/3014683064"
    },
    {
      "type": "Feature",
      "properties": {
        "@id": "node/3014683065",
        "name": "東金",
        "name:en": "Togane",
        "name:ja": "東金",
        "name:ja-Hira": "とうがね",
        "name:ja_rm": "Tōgane",
        "name:ko": "도가네",
        "operator": "東日本旅客鉄道",
        "platforms": "2",
        "public_transport": "station",
        "railway": "station",
        "source": "bing",
        "wheelchair": "yes",
        "wikidata": "Q5353531",
        "wikipedia": "ja:東金駅"
      },
      "geometry": {
        "type": "Point",
        "coordinates": [
          140.3636144,
          35.5602766
        ]
      },
      "id": "node/3014683065"
    },
    {
      "type": "Feature",
      "properties": {
        "@id": "node/3014683066",
        "name": "横田",
        "name:en": "Yokota",
        "name:ja": "横田",
        "name:ja-Hira": "よこた",
        "name:ja_rm": "Yokota",
        "name:ko": "요코타",
        "operator": "東日本旅客鉄道",
        "platforms": "2",
        "public_transport": "station",
        "railway": "station",
        "wheelchair": "limited",
        "wikidata": "Q8054678",
        "wikipedia": "ja:横田駅"
      },
      "geometry": {
        "type": "Point",
        "coordinates": [
          140.0203412,
          35.3861086
        ]
      },
      "id": "node/3014683066"
    },
    {
      "type": "Feature",
      "properties": {
        "@id": "node/3014683067",
        "name": "永田",
        "name:en": "Nagata",
        "name:ja": "永田",
        "name:ja-Hira": "ながた",
        "name:ja-Latn": "Nagata",
        "name:ko": "나가타",
        "operator": "東日本旅客鉄道",
        "platforms": "2",
        "public_transport": "station",
        "railway": "station",
        "source": "bing",
        "website": "https://www.jreast.co.jp/estation/station/info.aspx?StationCd=1099",
        "wheelchair": "no",
        "wikidata": "Q564453",
        "wikipedia": "ja:永田駅 (千葉県)"
      },
      "geometry": {
        "type": "Point",
        "coordinates": [
          140.3110704,
          35.5033707
        ]
      },
      "id": "node/3014683067"
    },
    {
      "type": "Feature",
      "properties": {
        "@id": "node/3014683068",
        "name": "求名",
        "name:en": "Gumyo",
        "name:ja": "求名",
        "name:ja-Hira": "ぐみょう",
        "name:ja_rm": "Gumyō",
        "name:ko": "구묘",
        "operator": "東日本旅客鉄道",
        "platforms": "2",
        "public_transport": "station",
        "railway": "station",
        "source": "bing",
        "wheelchair": "limited",
        "wikidata": "Q5353413",
        "wikipedia": "ja:求名駅"
      },
      "geometry": {
        "type": "Point",
        "coordinates": [
          140.396273,
          35.5799098
        ]
      },
      "id": "node/3014683068"
    },
    {
      "type": "Feature",
      "properties": {
        "@id": "node/3014683069",
        "name": "江見",
        "name:en": "Emi",
        "name:ja": "江見",
        "name:ja-Hira": "えみ",
        "name:ja-Latn": "Emi",
        "name:ko": "에미",
        "name:ru": "Эми",
        "operator": "東日本旅客鉄道",
        "platforms": "2",
        "public_transport": "station",
        "railway": "station",
        "source": "Bing;Wikipedia;survey",
        "website": "https://www.jreast.co.jp/estation/station/info.aspx?StationCd=292",
        "wheelchair": "no",
        "wikidata": "Q553871",
        "wikipedia": "ja:江見駅"
      },
      "geometry": {
        "type": "Point",
        "coordinates": [
          140.0613872,
          35.062414
        ]
      },
      "id": "node/3014683069"
    },
    {
      "type": "Feature",
      "properties": {
        "@id": "node/3014683070",
        "name": "浜野",
        "name:en": "Hamano",
        "name:es": "Hamano",
        "name:ja": "浜野",
        "name:ja-Hira": "はまの",
        "name:ja-Latn": "Hamano",
        "name:ko": "하마노",
        "name:ru": "Хамано",
        "operator": "東日本旅客鉄道",
        "platforms": "2",
        "public_transport": "station",
        "railway": "station",
        "source": "Bing, 2010/7-2011/6",
        "website": "https://www.jreast.co.jp/estation/station/info.aspx?StationCd=1247",
        "wheelchair": "yes",
        "wikidata": "Q571740",
        "wikipedia": "ja:浜野駅"
      },
      "geometry": {
        "type": "Point",
        "coordinates": [
          140.1321103,
          35.552028
        ]
      },
      "id": "node/3014683070"
    },
    {
      "type": "Feature",
      "properties": {
        "@id": "node/3014683071",
        "name": "浜金谷",
        "name:en": "Hama-Kanaya",
        "name:ja": "浜金谷",
        "name:ja-Hira": "はまかなや",
        "name:ja-Latn": "Hama-Kanaya",
        "name:ko": "하마카나야",
        "name:ru": "Хамаканая",
        "operator": "東日本旅客鉄道",
        "platforms": "2",
        "public_transport": "station",
        "railway": "station",
        "source": "Bing;survey",
        "train": "yes",
        "website": "https://www.jreast.co.jp/estation/station/info.aspx?StationCd=1245",
        "wheelchair": "no",
        "wikidata": "Q558560",
        "wikipedia": "ja:浜金谷駅"
      },
      "geometry": {
        "type": "Point",
        "coordinates": [
          139.8223787,
          35.1681374
        ]
      },
      "id": "node/3014683071"
    },
    {
      "type": "Feature",
      "properties": {
        "@id": "node/3014683072",
        "name": "浪花",
        "name:en": "Namihana",
        "name:ja": "浪花",
        "name:ja-Hira": "なみはな",
        "name:ja-Latn": "Namihana",
        "name:ko": "나미하나",
        "operator": "東日本旅客鉄道",
        "platforms": "2",
        "public_transport": "station",
        "railway": "station",
        "source": "Bing,Wikipedia",
        "website": "https://www.jreast.co.jp/estation/station/info.aspx?StationCd=1125",
        "wheelchair": "no",
        "wikidata": "Q552791",
        "wikipedia": "ja:浪花駅"
      },
      "geometry": {
        "type": "Point",
        "coordinates": [
          140.3794316,
          35.2227019
        ]
      },
      "id": "node/3014683072"
    },
    {
      "type": "Feature",
      "properties": {
        "@id": "node/3014683073",
        "name": "祇園",
        "name:en": "Gion",
        "name:ja": "祇園",
        "name:ja-Hira": "ぎおん",
        "name:ja_rm": "Gion",
        "name:ko": "기온",
        "operator": "東日本旅客鉄道",
        "public_transport": "station",
        "railway": "station",
        "wheelchair": "no",
        "wikidata": "Q5563370",
        "wikipedia": "ja:祇園駅_(千葉県)"
      },
      "geometry": {
        "type": "Point",
        "coordinates": [
          139.9483041,
          35.3915242
        ]
      },
      "id": "node/3014683073"
    },
    {
      "type": "Feature",
      "properties": {
        "@id": "node/3014683074",
        "name": "福俵",
        "name:en": "Fukutawara",
        "name:ja": "福俵",
        "name:ja-Hira": "ふくたわら",
        "name:ja_rm": "Fukutawara",
        "name:ko": "후쿠타와라",
        "operator": "東日本旅客鉄道",
        "public_transport": "station",
        "railway": "station",
        "wikidata": "Q5353408",
        "wikipedia": "ja:福俵駅"
      },
      "geometry": {
        "type": "Point",
        "coordinates": [
          140.3414858,
          35.5459418
        ]
      },
      "id": "node/3014683074"
    },
    {
      "type": "Feature",
      "properties": {
        "@id": "node/3014683075",
        "addr:city": "富津市",
        "addr:postcode": "299-1622",
        "addr:province": "千葉県",
        "addr:quarter": "萩生",
        "name": "竹岡",
        "name:en": "Takeoka",
        "name:ja": "竹岡",
        "name:ja-Hira": "たけおか",
        "name:ja-Latn": "Takeoka",
        "name:ko": "다케오카",
        "name:ru": "Такэока",
        "operator": "東日本旅客鉄道",
        "platforms": "2",
        "public_transport": "station",
        "railway": "station",
        "source": "Bing",
        "train": "yes",
        "website": "https://www.jreast.co.jp/estation/station/info.aspx?StationCd=950",
        "wheelchair": "limited",
        "wikidata": "Q558883",
        "wikipedia": "ja:竹岡駅"
      },
      "geometry": {
        "type": "Point",
        "coordinates": [
          139.8298521,
          35.1976673
        ]
      },
      "id": "node/3014683075"
    },
    {
      "type": "Feature",
      "properties": {
        "@id": "node/3014683076",
        "name": "茂原",
        "name:en": "Mobara",
        "name:ja": "茂原",
        "name:ja-Hira": "もばら",
        "name:ja-Latn": "Mobara",
        "name:ko": "모바라",
        "operator": "東日本旅客鉄道",
        "platforms": "4",
        "public_transport": "station",
        "railway": "station",
        "source": "Bing,Wikipedia",
        "website": "https://www.jreast.co.jp/estation/station/info.aspx?StationCd=1563",
        "wheelchair": "yes",
        "wikidata": "Q564427",
        "wikipedia": "ja:茂原駅"
      },
      "geometry": {
        "type": "Point",
        "coordinates": [
          140.3038748,
          35.4269216
        ]
      },
      "id": "node/3014683076"
    },
    {
      "type": "Feature",
      "properties": {
        "@id": "node/3014683077",
        "maxspeed": "100",
        "name": "蘇我",
        "name:en": "Soga",
        "name:ja": "蘇我",
        "name:ja-Hira": "そが",
        "name:ja-Latn": "Soga",
        "name:ko": "소가",
        "name:ru": "Сога",
        "operator": "東日本旅客鉄道",
        "platforms": "6",
        "public_transport": "station",
        "railway": "station",
        "usage": "main",
        "wheelchair": "yes",
        "wikidata": "Q844422",
        "wikipedia": "ja:蘇我駅"
      },
      "geometry": {
        "type": "Point",
        "coordinates": [
          140.1307163,
          35.5822796
        ]
      },
      "id": "node/3014683077"
    },
    {
      "type": "Feature",
      "properties": {
        "@id": "node/3014683078",
        "name": "行川アイランド",
        "name:en": "Namegawa-Island",
        "name:ja": "行川アイランド",
        "name:ja-Hira": "なめがわあいらんど",
        "name:ja-Latn": "Namegawa-Airando",
        "name:ko": "나메가와아일랜드",
        "operator": "東日本旅客鉄道",
        "platforms": "1",
        "public_transport": "station",
        "railway": "station",
        "source": "Bing,Wikipedia",
        "website": "https://www.jreast.co.jp/estation/station/info.aspx?StationCd=1127",
        "wheelchair": "no",
        "wikidata": "Q552818",
        "wikipedia": "ja:行川アイランド駅"
      },
      "geometry": {
        "type": "Point",
        "coordinates": [
          140.2259359,
          35.1182556
        ]
      },
      "id": "node/3014683078"
    },
    {
      "type": "Feature",
      "properties": {
        "@id": "node/3014683079",
        "name": "袖ケ浦",
        "name:en": "Sodegaura",
        "name:ja": "袖ケ浦",
        "name:ja-Hira": "そでがうら",
        "name:ja-Latn": "Sodegaura",
        "name:ko": "소데가우라",
        "name:ru": "Содэгаура",
        "operator": "東日本旅客鉄道",
        "platforms": "2",
        "public_transport": "station",
        "railway": "station",
        "source": "bing",
        "website": "https://www.jreast.co.jp/estation/station/info.aspx?StationCd=922",
        "wheelchair": "no",
        "wikidata": "Q573413",
        "wikipedia": "ja:袖ヶ浦駅"
      },
      "geometry": {
        "type": "Point",
        "coordinates": [
          139.9578021,
          35.4321683
        ]
      },
      "id": "node/3014683079"
    },
    {
      "type": "Feature",
      "properties": {
        "@id": "node/3014683080",
        "name": "誉田",
        "name:en": "Honda",
        "name:ja": "誉田",
        "name:ja-Hira": "ほんだ",
        "name:ja-Latn": "Honda",
        "name:ko": "혼다",
        "operator": "東日本旅客鉄道",
        "platforms": "3",
        "public_transport": "station",
        "railway": "station",
        "source": "bing",
        "website": "https://www.jreast.co.jp/estation/station/info.aspx?StationCd=1409",
        "wheelchair": "yes",
        "wikidata": "Q5353370",
        "wikipedia": "ja:誉田駅"
      },
      "geometry": {
        "type": "Point",
        "coordinates": [
          140.2138696,
          35.5470106
        ]
      },
      "id": "node/3014683080"
    },
    {
      "type": "Feature",
      "properties": {
        "@id": "node/3014683081",
        "name": "那古船形",
        "name:en": "Nako-Funakata",
        "name:ja": "那古船形",
        "name:ja-Hira": "なこふなかた",
        "name:ja-Latn": "Nako-Funakata",
        "name:ko": "나코후나카타",
        "name:ru": "Нако-Фунаката",
        "operator": "東日本旅客鉄道",
        "platforms": "2",
        "public_transport": "station",
        "railway": "station",
        "source": "Bing;survey",
        "website": "https://www.jreast.co.jp/estation/station/info.aspx?StationCd=1117",
        "wheelchair": "no",
        "wikidata": "Q556700",
        "wikipedia": "ja:那古船形駅"
      },
      "geometry": {
        "type": "Point",
        "coordinates": [
          139.8515617,
          35.0284756
        ]
      },
      "id": "node/3014683081"
    },
    {
      "type": "Feature",
      "properties": {
        "@id": "node/3014683082",
        "name": "鎌取",
        "name:en": "Kamatori",
        "name:ja-Hira": "かまとり",
        "name:ja_rm": "Kamatori",
        "name:ko": "가마토리",
        "platforms": "2",
        "public_transport": "station",
        "railway": "station",
        "roof:shape": "hipped",
        "source": "Bing",
        "website": "https://www.jreast.co.jp/estation/station/info.aspx?StationCd=479",
        "wheelchair": "yes",
        "wikidata": "Q5353463",
        "wikipedia": "ja:鎌取駅"
      },
      "geometry": {
        "type": "Point",
        "coordinates": [
          140.1785002,
          35.5628336
        ]
      },
      "id": "node/3014683082"
    },
    {
      "type": "Feature",
      "properties": {
        "@id": "node/3014683083",
        "name": "長浦",
        "name:en": "Nagaura",
        "name:ja": "長浦",
        "name:ja-Hira": "ながうら",
        "name:ja-Latn": "Nagaura",
        "name:ko": "나가우라",
        "name:ru": "Нагаура",
        "operator": "東日本旅客鉄道",
        "platforms": "2",
        "public_transport": "station",
        "railway": "station",
        "source": "bing",
        "website": "https://www.jreast.co.jp/estation/station/info.aspx?StationCd=1083",
        "wheelchair": "no",
        "wikidata": "Q573425",
        "wikipedia": "ja:長浦駅 (千葉県)"
      },
      "geometry": {
        "type": "Point",
        "coordinates": [
          139.9956187,
          35.4504888
        ]
      },
      "id": "node/3014683083"
    },
    {
      "type": "Feature",
      "properties": {
        "@id": "node/3014683084",
        "name": "長者町",
        "name:en": "Chojamachi",
        "name:ja": "長者町",
        "name:ja-Hira": "ちょうじゃまち",
        "name:ja-Latn": "Chōjamachi",
        "name:ko": "조자마치",
        "operator": "東日本旅客鉄道",
        "platforms": "2",
        "public_transport": "station",
        "railway": "station",
        "source": "Bing,Wikipedia",
        "website": "https://www.jreast.co.jp/estation/station/info.aspx?StationCd=994",
        "wheelchair": "no",
        "wikidata": "Q564439",
        "wikipedia": "ja:長者町駅"
      },
      "geometry": {
        "type": "Point",
        "coordinates": [
          140.3850371,
          35.2958853
        ]
      },
      "id": "node/3014683084"
    },
    {
      "type": "Feature",
      "properties": {
        "@id": "node/3014683085",
        "name": "青堀",
        "name:en": "Aohori",
        "name:ja": "青堀",
        "name:ja-Hira": "あおほり",
        "name:ja-Latn": "Aohori",
        "name:ko": "아오호리",
        "name:ru": "Аохори",
        "operator": "東日本旅客鉄道",
        "platforms": "2",
        "public_transport": "station",
        "railway": "station",
        "source": "bing",
        "train": "yes",
        "website": "https://www.jreast.co.jp/estation/station/info.aspx?StationCd=24",
        "wheelchair": "no",
        "wikidata": "Q558935",
        "wikipedia": "ja:青堀駅"
      },
      "geometry": {
        "type": "Point",
        "coordinates": [
          139.8582901,
          35.3303196
        ]
      },
      "id": "node/3014683085"
    },
    {
      "type": "Feature",
      "properties": {
        "@id": "node/3014683086",
        "name": "館山",
        "name:en": "Tateyama",
        "name:ja": "館山",
        "name:ja-Hira": "たてやま",
        "name:ja-Latn": "Tateyama",
        "name:ko": "다테야마",
        "name:ru": "Татэяма",
        "old_name": "安房北条",
        "operator": "東日本旅客鉄道",
        "platforms": "3",
        "public_transport": "station",
        "railway": "station",
        "source": "GSI/KIBAN 2500;NARO;bing",
        "website": "https://www.jreast.co.jp/estation/station/info.aspx?StationCd=969",
        "wheelchair": "yes",
        "wikidata": "Q553883",
        "wikipedia": "ja:館山駅"
      },
      "geometry": {
        "type": "Point",
        "coordinates": [
          139.8618906,
          34.9959209
        ]
      },
      "id": "node/3014683086"
    },
    {
      "type": "Feature",
      "properties": {
        "@id": "node/3014683087",
        "name": "鵜原",
        "name:en": "Ubara",
        "name:ja": "鵜原",
        "name:ja-Hira": "うばら",
        "name:ja-Latn": "Ubara",
        "name:ko": "우바라",
        "operator": "東日本旅客鉄道",
        "platforms": "2",
        "public_transport": "station",
        "railway": "station",
        "source": "Bing,Wikipedia",
        "website": "https://www.jreast.co.jp/estation/station/info.aspx?StationCd=252",
        "wheelchair": "no",
        "wikidata": "Q553006",
        "wikipedia": "ja:鵜原駅"
      },
      "geometry": {
        "type": "Point",
        "coordinates": [
          140.2784674,
          35.140844
        ]
      },
      "id": "node/3014683087"
    },
    {
      "type": "Feature",
      "properties": {
        "@id": "node/3016197319",
        "name": "下郡",
        "name:en": "Shimogori",
        "name:ja": "下郡",
        "name:ja-Hira": "しもごおり",
        "name:ja-Latn": "Shimogōri",
        "name:ko": "시모고리",
        "public_transport": "station",
        "railway": "station",
        "wheelchair": "yes",
        "wikidata": "Q7496964",
        "wikipedia": "ja:下郡駅"
      },
      "geometry": {
        "type": "Point",
        "coordinates": [
          140.0554424,
          35.3553448
        ]
      },
      "id": "node/3016197319"
    },
    {
      "type": "Feature",
      "properties": {
        "@id": "node/3016197320",
        "name": "小櫃",
        "name:en": "Obitsu",
        "name:ja": "小櫃",
        "name:ja-Hira": "おびつ",
        "name:ja-Latn": "Obitsu",
        "name:ko": "오비쓰",
        "public_transport": "station",
        "railway": "station",
        "wheelchair": "yes",
        "wikidata": "Q7074984",
        "wikipedia": "ja:小櫃駅"
      },
      "geometry": {
        "type": "Point",
        "coordinates": [
          140.0599164,
          35.3284083
        ]
      },
      "id": "node/3016197320"
    },
    {
      "type": "Feature",
      "properties": {
        "@id": "node/3016197321",
        "name": "東横田",
        "name:en": "Higashi-Yokota",
        "name:ja": "東横田",
        "name:ja-Hira": "ひがしよこた",
        "name:ja_rm": "Higashi-Yokota",
        "name:ko": "히가시요코타",
        "public_transport": "station",
        "railway": "station",
        "wheelchair": "yes",
        "wikidata": "Q5753915",
        "wikipedia": "ja:東横田駅"
      },
      "geometry": {
        "type": "Point",
        "coordinates": [
          140.036446,
          35.3862677
        ]
      },
      "id": "node/3016197321"
    },
    {
      "type": "Feature",
      "properties": {
        "@id": "node/3016197322",
        "name": "馬来田",
        "name:en": "Makuta",
        "name:ja": "馬来田",
        "name:ja-Hira": "まくた",
        "name:ja_rm": "Makuta",
        "name:ko": "마쿠타",
        "platforms": "1",
        "public_transport": "station",
        "railway": "station",
        "source": "bing",
        "wheelchair": "yes",
        "wikidata": "Q6740491",
        "wikipedia": "ja:馬来田駅"
      },
      "geometry": {
        "type": "Point",
        "coordinates": [
          140.0586872,
          35.3666754
        ]
      },
      "id": "node/3016197322"
    },
    {
      "type": "Feature",
      "properties": {
        "@id": "node/3100212900",
        "name": "仲ノ町",
        "name:en": "Nakanocho",
        "name:ja": "仲ノ町",
        "name:ja-Hira": "なかのちょう",
        "name:ja-Latn": "Nakanochō",
        "name:ko": "나카노초",
        "operator": "銚子電気鉄道",
        "public_transport": "station",
        "railway": "station",
        "ref": "CD02",
        "train": "yes",
        "wheelchair": "yes",
        "wikidata": "Q6960280",
        "wikipedia": "ja:仲ノ町駅"
      },
      "geometry": {
        "type": "Point",
        "coordinates": [
          140.8335069,
          35.7288796
        ]
      },
      "id": "node/3100212900"
    },
    {
      "type": "Feature",
      "properties": {
        "@id": "node/3100212901",
        "name": "君ヶ浜",
        "name:en": "Kimigahama",
        "name:ja": "君ヶ浜",
        "name:ja-Hira": "きみがはま",
        "name:ja_rm": "Kimigahama",
        "name:ko": "기미가하마",
        "public_transport": "station",
        "railway": "station",
        "train": "yes",
        "wheelchair": "no",
        "wikidata": "Q6410125",
        "wikipedia": "ja:君ヶ浜駅"
      },
      "geometry": {
        "type": "Point",
        "coordinates": [
          140.8605022,
          35.7135504
        ]
      },
      "id": "node/3100212901"
    },
    {
      "type": "Feature",
      "properties": {
        "@id": "node/3100212902",
        "name": "外川",
        "name:en": "Tokawa",
        "name:ja": "外川",
        "name:ja-Hira": "とかわ",
        "name:ja_rm": "Tokawa",
        "name:ko": "도카와",
        "public_transport": "station",
        "railway": "station",
        "train": "yes",
        "wikidata": "Q5697162",
        "wikipedia": "ja:外川駅"
      },
      "geometry": {
        "type": "Point",
        "coordinates": [
          140.857025,
          35.6992536
        ]
      },
      "id": "node/3100212902"
    },
    {
      "type": "Feature",
      "properties": {
        "@id": "node/3100212903",
        "name": "海鹿島",
        "name:en": "Ashikajima",
        "name:ja": "海鹿島",
        "name:ja-Hira": "あしかじま",
        "name:ja_rm": "Ashikajima",
        "name:ko": "아시카지마",
        "public_transport": "station",
        "railway": "station",
        "train": "yes",
        "wheelchair": "no",
        "wikidata": "Q4805079",
        "wikipedia": "ja:海鹿島駅"
      },
      "geometry": {
        "type": "Point",
        "coordinates": [
          140.8635436,
          35.7217916
        ]
      },
      "id": "node/3100212903"
    },
    {
      "type": "Feature",
      "properties": {
        "@id": "node/3100212904",
        "name": "犬吠",
        "name:en": "Inubo",
        "name:ja": "犬吠",
        "name:ja-Hira": "いぬぼう",
        "name:ja_rm": "Inubō",
        "name:ko": "이누보",
        "public_transport": "station",
        "railway": "station",
        "train": "yes",
        "wheelchair": "yes",
        "wikidata": "Q5696669",
        "wikipedia": "ja:犬吠駅"
      },
      "geometry": {
        "type": "Point",
        "coordinates": [
          140.861175,
          35.706245
        ]
      },
      "id": "node/3100212904"
    },
    {
      "type": "Feature",
      "properties": {
        "@id": "node/3100212905",
        "addr:block_number": "6015",
        "addr:city": "銚子市",
        "addr:neighbourhood": "笠上町",
        "addr:province": "千葉県",
        "name": "笠上黒生",
        "name:en": "Kasagami-Kurohae",
        "name:ja": "笠上黒生",
        "name:ja-Hira": "かさがみくろはね",
        "name:ja_rm": "Kasagami-Kurohae",
        "name:ko": "가사가미쿠로하에",
        "public_transport": "station",
        "railway": "station",
        "ref": "CD05",
        "start_date": "1925-07-01",
        "train": "yes",
        "wheelchair": "yes",
        "wikidata": "Q6373952",
        "wikipedia": "ja:笠上黒生駅"
      },
      "geometry": {
        "type": "Point",
        "coordinates": [
          140.8570855,
          35.7284288
        ]
      },
      "id": "node/3100212905"
    },
    {
      "type": "Feature",
      "properties": {
        "@id": "node/3100212906",
        "name": "西海鹿島",
        "name:en": "Nishi-Ashikajima",
        "name:ja": "西海鹿島",
        "name:ja-Hira": "にしあしかじま",
        "name:ja_rm": "Nishi-Ashikajima",
        "name:ko": "니시아시카지마",
        "public_transport": "station",
        "railway": "station",
        "train": "yes",
        "wheelchair": "yes",
        "wikidata": "Q11629100",
        "wikipedia": "ja:西海鹿島駅"
      },
      "geometry": {
        "type": "Point",
        "coordinates": [
          140.8598568,
          35.7254126
        ]
      },
      "id": "node/3100212906"
    },
    {
      "type": "Feature",
      "properties": {
        "@id": "node/3100212907",
        "name": "観音",
        "name:en": "Kannon",
        "name:ja": "観音",
        "name:ja-Hira": "かんのん",
        "name:ja_rm": "Kannon",
        "name:ko": "간논",
        "operator": "銚子電気鉄道",
        "public_transport": "station",
        "railway": "station",
        "train": "yes",
        "wheelchair": "yes",
        "wikidata": "Q6364091",
        "wikipedia": "ja:観音駅"
      },
      "geometry": {
        "type": "Point",
        "coordinates": [
          140.8402233,
          35.7290391
        ]
      },
      "id": "node/3100212907"
    },
    {
      "type": "Feature",
      "properties": {
        "@id": "node/3187221628",
        "highway": "motorway_junction",
        "name": "我孫子IC",
        "name:en": "Abiko IC",
        "name:ja": "我孫子IC"
      },
      "geometry": {
        "type": "Point",
        "coordinates": [
          140.0309707,
          35.8779191
        ]
      },
      "id": "node/3187221628"
    },
    {
      "type": "Feature",
      "properties": {
        "@id": "node/3528531078",
        "electrified": "contact_line",
        "frequency": "0",
        "gauge": "1067",
        "maxspeed": "100",
        "name": "二俣新町",
        "name:en": "Futamata-Shinmachi",
        "name:ja": "二俣新町",
        "name:ja-Hira": "ふたまたしんまち",
        "name:ko": "후타마타신마치",
        "name:ru": "Футамата-Синмати",
        "operator": "東日本旅客鉄道",
        "operator:en": "East Japan Railway",
        "operator:ja": "東日本旅客鉄道",
        "public_transport": "station",
        "railway": "station",
        "ref": "JE10",
        "usage": "main",
        "voltage": "1500",
        "wikidata": "Q2258179",
        "wikipedia": "ja:二俣新町駅"
      },
      "geometry": {
        "type": "Point",
        "coordinates": [
          139.959533,
          35.6913813
        ]
      },
      "id": "node/3528531078"
    },
    {
      "type": "Feature",
      "properties": {
        "@id": "node/3571086719",
        "highway": "motorway_junction",
        "name": "神崎ＩＣ",
        "name:en": "Kozaki IC",
        "name:ja": "神崎IC",
        "name:ja-Hira": "こうざきいんたーちぇんじ",
        "name:ja-Latn": "Kozaki IC",
        "ref": "86",
        "source:name": "wikipedia",
        "source:ref": "wikipedia",
        "wikidata": "Q11589619",
        "wikipedia": "ja:神崎インターチェンジ"
      },
      "geometry": {
        "type": "Point",
        "coordinates": [
          140.3804831,
          35.8929405
        ]
      },
      "id": "node/3571086719"
    },
    {
      "type": "Feature",
      "properties": {
        "@id": "node/3571228010",
        "highway": "motorway_junction",
        "name": "下総IC",
        "name:en": "Shimofusa IC",
        "name:ja": "下総IC",
        "name:ja-Hira": "しもふさいんたーちぇんじ",
        "name:ja-Latn": "Shimofusa IC",
        "ref": "87",
        "source:name": "wikipedia",
        "source:ref": "wikipedia",
        "wikidata": "Q10868679",
        "wikipedia": "ja:下総インターチェンジ"
      },
      "geometry": {
        "type": "Point",
        "coordinates": [
          140.3914822,
          35.8593132
        ]
      },
      "id": "node/3571228010"
    },
    {
      "type": "Feature",
      "properties": {
        "@id": "node/3571228026",
        "highway": "motorway_junction",
        "name": "下総IC",
        "name:en": "Shimofusa IC",
        "name:ja": "下総IC",
        "name:ja-Hira": "しもふさいんたーちぇんじ",
        "name:ja-Latn": "Shimofusa IC",
        "ref": "87",
        "source:name": "wikipedia",
        "source:ref": "wikipedia",
        "wikidata": "Q10868679",
        "wikipedia": "ja:下総インターチェンジ"
      },
      "geometry": {
        "type": "Point",
        "coordinates": [
          140.3917211,
          35.8645125
        ]
      },
      "id": "node/3571228026"
    },
    {
      "type": "Feature",
      "properties": {
        "@id": "node/3571260099",
        "highway": "motorway_junction",
        "name": "圏央成田IC",
        "name:ja": "圏央成田IC",
        "official_name:en": "National Highway Route 468",
        "ref": "91"
      },
      "geometry": {
        "type": "Point",
        "coordinates": [
          140.4061597,
          35.7958143
        ]
      },
      "id": "node/3571260099"
    },
    {
      "type": "Feature",
      "properties": {
        "@id": "node/3571260100",
        "highway": "motorway_junction",
        "name": "圏央成田IC",
        "name:ja": "圏央成田IC",
        "official_name:en": "National Highway Route 468",
        "ref": "91"
      },
      "geometry": {
        "type": "Point",
        "coordinates": [
          140.4129861,
          35.7849588
        ]
      },
      "id": "node/3571260100"
    },
    {
      "type": "Feature",
      "properties": {
        "@id": "node/3654391816",
        "name": "愛宕",
        "name:en": "Atago",
        "name:ja": "愛宕",
        "name:ja-Hira": "あたご",
        "name:ja-Latn": "Atago",
        "name:ko": "아타고",
        "public_transport": "station",
        "railway": "station",
        "ref": "TD16",
        "wikidata": "Q4812646",
        "wikipedia": "ja:愛宕駅 (千葉県)"
      },
      "geometry": {
        "type": "Point",
        "coordinates": [
          139.8645625,
          35.9505523
        ]
      },
      "id": "node/3654391816"
    },
    {
      "type": "Feature",
      "properties": {
        "@id": "node/3654391818",
        "name": "江戸川台",
        "name:en": "Edogawadai",
        "name:ja": "江戸川台",
        "name:ja_rm": "Edogawadai",
        "name:ko": "에도가와다이",
        "note": "National-Land Numerical Information (Railway) 2007, MLIT Japan",
        "public_transport": "station",
        "railway": "station",
        "ref": "TD20",
        "source": "KSJ2",
        "source_ref": "http://w3land.mlit.go.jp/ksj2/datalist/N02.html",
        "wheelchair": "yes",
        "wikidata": "Q5340181",
        "wikipedia": "ja:江戸川台駅"
      },
      "geometry": {
        "type": "Point",
        "coordinates": [
          139.9103806,
          35.8974601
        ]
      },
      "id": "node/3654391818"
    },
    {
      "type": "Feature",
      "properties": {
        "@id": "node/3654392227",
        "name": "初石",
        "name:en": "Hatsuishi",
        "name:ja": "初石",
        "name:ja_rm": "Hatsuishi",
        "name:ko": "하쓰이시",
        "note": "National-Land Numerical Information (Railway) 2007, MLIT Japan",
        "public_transport": "station",
        "railway": "station",
        "ref": "TD21",
        "source": "KSJ2",
        "source_ref": "http://w3land.mlit.go.jp/ksj2/datalist/N02.html",
        "wheelchair": "yes",
        "wikidata": "Q5681846",
        "wikipedia": "ja:初石駅"
      },
      "geometry": {
        "type": "Point",
        "coordinates": [
          139.9177079,
          35.8841332
        ]
      },
      "id": "node/3654392227"
    },
    {
      "type": "Feature",
      "properties": {
        "@id": "node/3654392234",
        "name": "鎌ヶ谷",
        "name:en": "Kamagaya",
        "name:ja": "鎌ヶ谷",
        "name:ja-Hira": "かまがや",
        "name:ja_rm": "Kamagaya",
        "name:ko": "가마가야",
        "public_transport": "station",
        "railway": "station",
        "ref": "TD31",
        "wikidata": "Q6355264",
        "wikipedia": "ja:鎌ヶ谷駅"
      },
      "geometry": {
        "type": "Point",
        "coordinates": [
          139.9973523,
          35.7640464
        ]
      },
      "id": "node/3654392234"
    },
    {
      "type": "Feature",
      "properties": {
        "@id": "node/3654392242",
        "name": "七光台",
        "name:en": "Nanakōdai",
        "name:ja": "七光台",
        "name:ja_rm": "Nanakōdai",
        "name:ko": "나나코다이",
        "note": "National-Land Numerical Information (Railway) 2007, MLIT Japan",
        "passenger_information_display": "yes",
        "public_transport": "station",
        "railway": "station",
        "ref": "TD14",
        "shelter": "yes",
        "source": "KSJ2",
        "source_ref": "http://w3land.mlit.go.jp/ksj2/datalist/N02.html",
        "train": "yes",
        "wikidata": "Q6962405",
        "wikipedia": "ja:七光台駅"
      },
      "geometry": {
        "type": "Point",
        "coordinates": [
          139.8529349,
          35.970634
        ]
      },
      "id": "node/3654392242"
    },
    {
      "type": "Feature",
      "properties": {
        "@id": "node/3654392245",
        "name": "野田市",
        "name:en": "Nodashi",
        "name:ja": "野田市",
        "name:ja-Hira": "のだし",
        "name:ja-Latn": "Nodashi",
        "name:ko": "노다시",
        "note": "National-Land Numerical Information (Railway) 2007, MLIT Japan",
        "public_transport": "station",
        "railway": "station",
        "ref": "TD17",
        "source": "KSJ2",
        "source_ref": "http://w3land.mlit.go.jp/ksj2/datalist/N02.html",
        "wikidata": "Q11645982",
        "wikipedia": "ja:野田市駅"
      },
      "geometry": {
        "type": "Point",
        "coordinates": [
          139.8706476,
          35.9435663
        ]
      },
      "id": "node/3654392245"
    },
    {
      "type": "Feature",
      "properties": {
        "@id": "node/3654392256",
        "name": "逆井",
        "name:en": "Sakasai",
        "name:ja": "逆井",
        "name:ja_rm": "Sakasai",
        "name:ko": "사카사이",
        "note": "National-Land Numerical Information (Railway) 2007, MLIT Japan",
        "public_transport": "station",
        "railway": "station",
        "ref": "TD27",
        "source": "KSJ2",
        "source_ref": "http://w3land.mlit.go.jp/ksj2/datalist/N02.html",
        "wikidata": "Q7402847",
        "wikipedia": "ja:逆井駅"
      },
      "geometry": {
        "type": "Point",
        "coordinates": [
          139.9839107,
          35.8232385
        ]
      },
      "id": "node/3654392256"
    },
    {
      "type": "Feature",
      "properties": {
        "@id": "node/3654392259",
        "alt_name:ko": "시미즈코엔",
        "name": "清水公園",
        "name:en": "Shimizu-Kōen",
        "name:ja": "清水公園",
        "name:ja_rm": "Shimizu-Kōen",
        "name:ko": "시미즈공원",
        "note": "National-Land Numerical Information (Railway) 2007, MLIT Japan",
        "public_transport": "station",
        "railway": "station",
        "ref": "TD15",
        "wikidata": "Q7496870",
        "wikipedia": "ja:清水公園駅"
      },
      "geometry": {
        "type": "Point",
        "coordinates": [
          139.8601058,
          35.9590969
        ]
      },
      "id": "node/3654392259"
    },
    {
      "type": "Feature",
      "properties": {
        "@id": "node/3654392263",
        "name": "新船橋",
        "name:en": "Shin-Funabashi",
        "name:ja": "新船橋",
        "name:ja_rm": "Shin-Funabashi",
        "name:ko": "신후나바시",
        "public_transport": "station",
        "railway": "station",
        "ref": "TD34",
        "wikidata": "Q7497087",
        "wikipedia": "ja:新船橋駅"
      },
      "geometry": {
        "type": "Point",
        "coordinates": [
          139.9797963,
          35.7114485
        ]
      },
      "id": "node/3654392263"
    },
    {
      "type": "Feature",
      "properties": {
        "@id": "node/3654392265",
        "name": "新鎌ヶ谷",
        "name:en": "Shin-Kamagaya",
        "name:ja": "新鎌ヶ谷",
        "name:ja-Hira": "しんかまがや",
        "name:ja_rm": "Shin-Kamagaya",
        "name:ko": "신카마가야",
        "operator": "東武鉄道",
        "operator:en": "Tobu Railway",
        "operator:ja": "東武鉄道",
        "public_transport": "station",
        "railway": "station",
        "ref": "TD30",
        "train": "yes",
        "wikidata": "Q842992",
        "wikipedia": "ja:新鎌ヶ谷駅"
      },
      "geometry": {
        "type": "Point",
        "coordinates": [
          139.999507,
          35.7803426
        ]
      },
      "id": "node/3654392265"
    },
    {
      "type": "Feature",
      "properties": {
        "@id": "node/3654392268",
        "name": "新柏",
        "name:en": "Shin-Kashiwa",
        "name:ja": "新柏",
        "name:ja_rm": "Shin-Kashiwa",
        "name:ko": "신카시와",
        "public_transport": "station",
        "railway": "station",
        "ref": "TD25",
        "wikidata": "Q7497105",
        "wikipedia": "ja:新柏駅"
      },
      "geometry": {
        "type": "Point",
        "coordinates": [
          139.9666532,
          35.838506
        ]
      },
      "id": "node/3654392268"
    },
    {
      "type": "Feature",
      "properties": {
        "@id": "node/3654392270",
        "name": "高柳",
        "name:en": "Takayanagi",
        "name:ja": "高柳",
        "name:ja_rm": "Takayanagi",
        "name:ko": "다카야나기",
        "public_transport": "station",
        "railway": "station",
        "ref": "TD28",
        "wikidata": "Q7677472",
        "wikipedia": "ja:高柳駅"
      },
      "geometry": {
        "type": "Point",
        "coordinates": [
          139.9988464,
          35.8081725
        ]
      },
      "id": "node/3654392270"
    },
    {
      "type": "Feature",
      "properties": {
        "@id": "node/3654392276",
        "name": "塚田",
        "name:en": "Tsukada",
        "name:ja": "塚田",
        "name:ja_rm": "Tsukada",
        "name:ko": "쓰카다",
        "note": "National-Land Numerical Information (Railway) 2007, MLIT Japan",
        "public_transport": "station",
        "railway": "station",
        "ref": "TD33",
        "source": "KSJ2",
        "source_ref": "http://w3land.mlit.go.jp/ksj2/datalist/N02.html",
        "wikidata": "Q7850035",
        "wikipedia": "ja:塚田駅"
      },
      "geometry": {
        "type": "Point",
        "coordinates": [
          139.9825253,
          35.7216684
        ]
      },
      "id": "node/3654392276"
    },
    {
      "type": "Feature",
      "properties": {
        "@id": "node/3654392279",
        "name": "運河",
        "name:en": "Unga",
        "name:ja": "運河",
        "name:ja-Hira": "うんが",
        "name:ja-Latn": "Unga",
        "name:ko": "운가",
        "note": "National-Land Numerical Information (Railway) 2007, MLIT Japan",
        "public_transport": "station",
        "railway": "station",
        "ref": "TD19",
        "source": "KSJ2",
        "source_ref": "http://w3land.mlit.go.jp/ksj2/datalist/N02.html",
        "wikidata": "Q7884435",
        "wikipedia": "ja:運河駅"
      },
      "geometry": {
        "type": "Point",
        "coordinates": [
          139.9060619,
          35.9140176
        ]
      },
      "id": "node/3654392279"
    },
    {
      "type": "Feature",
      "properties": {
        "@id": "node/3654392327",
        "name": "馬込沢",
        "name:en": "Magomezawa",
        "name:ja": "馬込沢",
        "name:ja_rm": "Magomezawa",
        "name:ko": "마고메자와",
        "note": "National-Land Numerical Information (Railway) 2007, MLIT Japan",
        "public_transport": "station",
        "railway": "station",
        "ref": "TD32",
        "source": "KSJ2",
        "source_ref": "http://w3land.mlit.go.jp/ksj2/datalist/N02.html",
        "toilets:wheelchair": "yes",
        "wheelchair": "yes",
        "wikidata": "Q6732342",
        "wikipedia": "ja:馬込沢駅"
      },
      "geometry": {
        "type": "Point",
        "coordinates": [
          139.9922561,
          35.741571
        ]
      },
      "id": "node/3654392327"
    },
    {
      "type": "Feature",
      "properties": {
        "@id": "node/3654392332",
        "name": "六実",
        "name:en": "Mutsumi",
        "name:ja": "六実",
        "name:ja_rm": "Mutsumi",
        "name:ko": "무쓰미",
        "note": "National-Land Numerical Information (Railway) 2007, MLIT Japan",
        "public_transport": "station",
        "railway": "station",
        "ref": "TD29",
        "source": "KSJ2",
        "source_ref": "http://w3land.mlit.go.jp/ksj2/datalist/N02.html",
        "wikidata": "Q11392323",
        "wikipedia": "ja:六実駅"
      },
      "geometry": {
        "type": "Point",
        "coordinates": [
          139.9993452,
          35.7938671
        ]
      },
      "id": "node/3654392332"
    },
    {
      "type": "Feature",
      "properties": {
        "@id": "node/3654392335",
        "name": "流山おおたかの森",
        "name:en": "Nagareyama-Otakanomori",
        "name:ja": "流山おおたかの森",
        "name:ja-Hira": "ながれやまおおたかのもり",
        "name:ja_rm": "Nagareyama-ōtakanomori",
        "name:ko": "나가레야마오타카노모리",
        "name:zh": "流山大鹰之森",
        "name:zh-Hans": "流山大鹰之森",
        "name:zh-Hant": "流山大鷹之森",
        "network": "東武鉄道",
        "network:en": "Tobu Railway",
        "network:ja": "東武鉄道",
        "network:wikidata": "Q1321914",
        "operator": "東武鉄道",
        "public_transport": "station",
        "railway": "station",
        "ref": "TD22",
        "train": "yes",
        "wheelchair": "yes",
        "wikidata": "Q841689",
        "wikipedia": "ja:流山おおたかの森駅"
      },
      "geometry": {
        "type": "Point",
        "coordinates": [
          139.9258942,
          35.8720262
        ]
      },
      "id": "node/3654392335"
    },
    {
      "type": "Feature",
      "properties": {
        "@id": "node/3690521151",
        "name": "馬立",
        "name:en": "Umatate",
        "name:ja": "馬立",
        "name:ja_rm": "Umatate",
        "name:ko": "우마타테",
        "operator": "小湊鉄道",
        "operator:en": "Kominato Railway",
        "public_transport": "station",
        "railway": "station",
        "source": "Bing",
        "website": "https://www.kominato.co.jp/station/umatate/",
        "wikidata": "Q7881193",
        "wikipedia": "ja:馬立駅"
      },
      "geometry": {
        "type": "Point",
        "coordinates": [
          140.1148775,
          35.4236725
        ]
      },
      "id": "node/3690521151"
    },
    {
      "type": "Feature",
      "properties": {
        "@id": "node/3730429147",
        "maxspeed": "100",
        "name": "千葉みなと",
        "name:en": "Chiba-Minato",
        "name:ja": "千葉みなと",
        "name:ja-Hira": "ちばみなと",
        "name:ja-Latn": "Chiba-Minato",
        "name:ko": "지바미나토",
        "name:ru": "Тиба-Минато",
        "operator": "東日本旅客鉄道",
        "platforms": "3",
        "public_transport": "station",
        "railway": "station",
        "ref": "JE17",
        "source": "Bing",
        "usage": "main",
        "wheelchair": "yes",
        "wikidata": "Q2648818",
        "wikipedia": "ja:千葉みなと駅"
      },
      "geometry": {
        "type": "Point",
        "coordinates": [
          140.1027814,
          35.6067214
        ]
      },
      "id": "node/3730429147"
    },
    {
      "type": "Feature",
      "properties": {
        "@id": "node/3730429155",
        "maxspeed": "100",
        "name": "稲毛海岸",
        "name:en": "Inage-Kaigan",
        "name:ja": "稲毛海岸",
        "name:ja-Hira": "いなげかいがん",
        "name:ja-Latn": "Inage-Kaigan",
        "name:ko": "이나게카이간",
        "name:ru": "Инаге-кайган",
        "operator": "東日本旅客鉄道",
        "public_transport": "station",
        "railway": "station",
        "ref": "JE16",
        "source": "bing",
        "usage": "main",
        "wheelchair": "yes",
        "wikidata": "Q2583249",
        "wikipedia": "ja:稲毛海岸駅"
      },
      "geometry": {
        "type": "Point",
        "coordinates": [
          140.0735654,
          35.6294925
        ]
      },
      "id": "node/3730429155"
    },
    {
      "type": "Feature",
      "properties": {
        "@id": "node/3730429159",
        "maxspeed": "100",
        "name": "海浜幕張",
        "name:en": "Kaihim-Makuhari",
        "name:ja": "海浜幕張",
        "name:ja-Hira": "かいひんまくはり",
        "name:ja-Latn": "Kaihim-Makuhari",
        "name:ko": "가이힌마쿠하리",
        "name:ru": "Кайхим-Макухари",
        "operator": "東日本旅客鉄道",
        "platforms": "4",
        "public_transport": "station",
        "railway": "station",
        "ref": "JE14",
        "usage": "main",
        "wheelchair": "yes",
        "wikidata": "Q906715",
        "wikipedia": "ja:海浜幕張駅"
      },
      "geometry": {
        "type": "Point",
        "coordinates": [
          140.0419158,
          35.6484267
        ]
      },
      "id": "node/3730429159"
    },
    {
      "type": "Feature",
      "properties": {
        "@id": "node/3730429165",
        "maxspeed": "100",
        "name": "検見川浜",
        "name:en": "Kemigawahama",
        "name:ja": "検見川浜",
        "name:ja-Hira": "けみがわはま",
        "name:ja-Latn": "Kemigamahama",
        "name:ko": "게미가와하마",
        "name:ru": "Кемигавахама",
        "operator": "東日本旅客鉄道",
        "platforms": "2",
        "public_transport": "station",
        "railway": "station",
        "ref": "JE15",
        "source": "Bing",
        "usage": "main",
        "wheelchair": "yes",
        "wikidata": "Q2493887",
        "wikipedia": "ja:検見川浜駅"
      },
      "geometry": {
        "type": "Point",
        "coordinates": [
          140.0590734,
          35.6372107
        ]
      },
      "id": "node/3730429165"
    },
    {
      "type": "Feature",
      "properties": {
        "@id": "node/3730429171",
        "contact:website": "https://www.jreast.co.jp/estation/station/info.aspx?StationCd=1500",
        "maxspeed": "100",
        "name": "南船橋",
        "name:en": "Minami-Funabashi",
        "name:es": "Minami-Funabashi",
        "name:ja": "南船橋",
        "name:ja-Hira": "みなみふなばし",
        "name:ja-Latn": "Minami-Funabashi",
        "name:ko": "미나미후나바시",
        "name:ru": "Минами-Фунабаси",
        "operator": "東日本旅客鉄道",
        "operator:en": "East Japan Railway Company",
        "operator:ja": "東日本旅客鉄道",
        "operator:wikidata": "Q499071",
        "platforms": "4",
        "public_transport": "station",
        "railway": "station",
        "ref": "JE11",
        "source": "bing",
        "train": "yes",
        "usage": "main",
        "wheelchair": "yes",
        "wikidata": "Q2259071",
        "wikipedia": "ja:南船橋駅"
      },
      "geometry": {
        "type": "Point",
        "coordinates": [
          139.9955434,
          35.6819756
        ]
      },
      "id": "node/3730429171"
    },
    {
      "type": "Feature",
      "properties": {
        "@id": "node/3730429177",
        "maxspeed": "100",
        "name": "新習志野",
        "name:en": "Shin-Narashino",
        "name:ja": "新習志野",
        "name:ja-Hira": "しんならしの",
        "name:ja-Latn": "Shin-Narashino",
        "name:ko": "신나라시노",
        "name:ru": "Син-Нарасино",
        "operator": "東日本旅客鉄道",
        "platforms": "4",
        "public_transport": "station",
        "railway": "station",
        "ref": "JE12",
        "source": "bing",
        "usage": "main",
        "wheelchair": "yes",
        "wikidata": "Q2370433",
        "wikipedia": "ja:新習志野駅"
      },
      "geometry": {
        "type": "Point",
        "coordinates": [
          140.0128745,
          35.6673525
        ]
      },
      "id": "node/3730429177"
    },
    {
      "type": "Feature",
      "properties": {
        "@id": "node/3745758686",
        "highway": "motorway_junction",
        "name": "君津ＰＡ（下り）、スマートIC",
        "name:en": "kimitsu PA",
        "name:ja": "君津PA（下り）、スマートIC",
        "name:ja-Hira": "きみつぱーきんぐえりあ",
        "name:ja_rm": "kimitsu PA",
        "ref": "18-1",
        "source:name": "wikipedia",
        "wikipedia": "ja:君津パーキングエリア"
      },
      "geometry": {
        "type": "Point",
        "coordinates": [
          139.9280452,
          35.2863669
        ]
      },
      "id": "node/3745758686"
    },
    {
      "type": "Feature",
      "properties": {
        "@id": "node/3775113884",
        "highway": "motorway_junction",
        "name": "谷津船橋 IC",
        "name:en": "Yatsu-Funabashi IC",
        "name:ja": "谷津船橋 IC",
        "name:ja-Hira": "やつふなばしいんたーちぇんじ",
        "name:ja-Latn": "Yatsu-Funabashi IC",
        "ref": "2-1",
        "source:name": "wikipedia",
        "source:ref": "wikipedia",
        "wikidata": "Q11633025",
        "wikipedia": "ja:谷津船橋インターチェンジ"
      },
      "geometry": {
        "type": "Point",
        "coordinates": [
          140.0006038,
          35.679874
        ]
      },
      "id": "node/3775113884"
    },
    {
      "type": "Feature",
      "properties": {
        "@id": "node/3805245728",
        "highway": "motorway_junction",
        "name": "富津中央IC",
        "name:en": "Futtsu Chuo IC",
        "name:ja": "富津中央IC",
        "name:ja-Hira": "ふっつちゅうおういんたーちぇんじ",
        "name:ja_rm": "Futtsu Chuo IC",
        "ref": "19",
        "source:name": "wikipedia",
        "source:ref": "wikipedia",
        "wikidata": "Q11457111",
        "wikipedia": "ja:富津中央インターチェンジ"
      },
      "geometry": {
        "type": "Point",
        "coordinates": [
          139.8933795,
          35.2550019
        ]
      },
      "id": "node/3805245728"
    },
    {
      "type": "Feature",
      "properties": {
        "@id": "node/3805304471",
        "highway": "motorway_junction",
        "name": "富里IC",
        "name:en": "Tomisato IC",
        "name:es": "Tomisato IC",
        "name:ja": "富里IC",
        "name:ja-Hira": "とみさといんたーちぇんじ",
        "name:ja-Latn": "Tomisato IC",
        "ref": "9",
        "source:name": "wikipedia",
        "source:ref": "wikipedia",
        "wikidata": "Q10954850",
        "wikipedia": "ja:富里インターチェンジ"
      },
      "geometry": {
        "type": "Point",
        "coordinates": [
          140.3086162,
          35.7415408
        ]
      },
      "id": "node/3805304471"
    },
    {
      "type": "Feature",
      "properties": {
        "@id": "node/3813448064",
        "highway": "motorway_junction",
        "name": "片貝IC"
      },
      "geometry": {
        "type": "Point",
        "coordinates": [
          140.4500678,
          35.5283472
        ]
      },
      "id": "node/3813448064"
    },
    {
      "type": "Feature",
      "properties": {
        "@id": "node/3815800588",
        "highway": "motorway_junction",
        "name": "大宮ＩＣ",
        "name:en": "Ōmiya",
        "ref": "2",
        "wikidata": "Q10934920",
        "wikipedia": "ja:大宮インターチェンジ"
      },
      "geometry": {
        "type": "Point",
        "coordinates": [
          140.1758611,
          35.5897709
        ]
      },
      "id": "node/3815800588"
    },
    {
      "type": "Feature",
      "properties": {
        "@id": "node/3817686169",
        "highway": "motorway_junction",
        "name": "湾岸市川 IC",
        "name:en": "Wangan-Ichikawa IC",
        "name:ja": "湾岸市川 IC",
        "ref": "2",
        "wikidata": "Q11563817",
        "wikipedia": "ja:湾岸市川インターチェンジ"
      },
      "geometry": {
        "type": "Point",
        "coordinates": [
          139.957655,
          35.6923681
        ]
      },
      "id": "node/3817686169"
    },
    {
      "type": "Feature",
      "properties": {
        "@id": "node/3896490890",
        "name": "上総亀山",
        "name:en": "Kazusa-Kameyama",
        "name:ja": "上総亀山",
        "name:ja-Hira": "かずさかめやま",
        "name:ja-Latn": "Kazusa-Kameyama",
        "name:ko": "가즈사카메야마",
        "public_transport": "station",
        "railway": "station",
        "source": "Bing",
        "train": "yes",
        "wikidata": "Q6381705",
        "wikipedia": "ja:上総亀山駅"
      },
      "geometry": {
        "type": "Point",
        "coordinates": [
          140.0898393,
          35.233083
        ]
      },
      "id": "node/3896490890"
    },
    {
      "type": "Feature",
      "properties": {
        "@id": "node/3896490891",
        "addr:block_number": "198",
        "addr:city": "君津市",
        "addr:postcode": "292-0421",
        "addr:province": "千葉県",
        "addr:quarter": "久留里市場",
        "name": "久留里",
        "name:en": "Kururi",
        "name:ja": "久留里",
        "name:ja-Hira": "くるり",
        "name:ja-Latn": "Kururi",
        "name:ko": "구루리",
        "operator": "東日本旅客鉄道",
        "platforms": "2",
        "public_transport": "station",
        "railway": "station",
        "source": "bing",
        "wikidata": "Q6447492",
        "wikipedia": "ja:久留里駅"
      },
      "geometry": {
        "type": "Point",
        "coordinates": [
          140.07575,
          35.2958456
        ]
      },
      "id": "node/3896490891"
    },
    {
      "type": "Feature",
      "properties": {
        "@id": "node/3896556676",
        "name": "上総久保",
        "name:en": "Kazusa-Kubo",
        "name:ja": "上総久保",
        "name:ja_rm": "Kazusa-Kubo",
        "name:ko": "가즈사쿠보",
        "operator": "小湊鉄道",
        "operator:en": "Kominato Railway",
        "public_transport": "station",
        "railway": "station",
        "source": "Bing",
        "website": "https://www.kominato.co.jp/station/kazusakubo/",
        "wikidata": "Q6381709",
        "wikipedia": "ja:上総久保駅"
      },
      "geometry": {
        "type": "Point",
        "coordinates": [
          140.154606,
          35.3675136
        ]
      },
      "id": "node/3896556676"
    },
    {
      "type": "Feature",
      "properties": {
        "@id": "node/4029669830",
        "highway": "motorway_junction",
        "name": "誉田IC"
      },
      "geometry": {
        "type": "Point",
        "coordinates": [
          140.2275586,
          35.5468314
        ]
      },
      "id": "node/4029669830"
    },
    {
      "type": "Feature",
      "properties": {
        "@id": "node/4509575743",
        "highway": "motorway_junction",
        "name": "佐原香取IC",
        "name:en": "Sawara-Katori IC",
        "name:ja": "佐原香取IC",
        "name:ja-Hira": "さわらかとりいんたーちぇんじ",
        "name:ja_rm": "sawara-katori IC",
        "ref": "12",
        "source:name": "wikipedia",
        "source:ref": "wikipedia",
        "wikipedia": "ja:佐原香取インターチェンジ"
      },
      "geometry": {
        "type": "Point",
        "coordinates": [
          140.5375322,
          35.8750076
        ]
      },
      "id": "node/4509575743"
    },
    {
      "type": "Feature",
      "properties": {
        "@id": "node/4709222616",
        "highway": "motorway_junction",
        "name": "山武成東ＩＣ",
        "name:en": "sanpu-naruto IC",
        "name:ja": "山武成東IC",
        "name:ja-Hira": "さんぶなるとう",
        "name:ja_rm": "sanpu-naruto IC",
        "official_name:en": "National Highway Route 468",
        "ref": "94",
        "source:name": "wikipedia",
        "source:ref": "wikipedia",
        "wikipedia": "ja:山武成東インターチェンジ"
      },
      "geometry": {
        "type": "Point",
        "coordinates": [
          140.3786119,
          35.6156733
        ]
      },
      "id": "node/4709222616"
    },
    {
      "type": "Feature",
      "properties": {
        "@id": "node/5023519332",
        "highway": "motorway_junction",
        "name": "茂原長柄スマートIC",
        "official_name:en": "National Highway Route 468",
        "ref": "102-1"
      },
      "geometry": {
        "type": "Point",
        "coordinates": [
          140.2482987,
          35.4435683
        ]
      },
      "id": "node/5023519332"
    },
    {
      "type": "Feature",
      "properties": {
        "@id": "node/5023754455",
        "highway": "motorway_junction",
        "name": "市原鶴舞ＩＣ",
        "name:en": "Ichihara-Tsurumai IC",
        "name:ja": "市原鶴舞IC",
        "name:ja-Hira": "いちはらつるまいいんたーちぇんじ",
        "name:ja_rm": "Ichihara-Tsurumai IC",
        "official_name:en": "National Highway Route 468",
        "ref": "104",
        "source:name": "wikipedia",
        "source:ref": "wikipedia",
        "wikipedia": "ja:市原鶴舞インターチェンジ"
      },
      "geometry": {
        "type": "Point",
        "coordinates": [
          140.1779179,
          35.3562011
        ]
      },
      "id": "node/5023754455"
    },
    {
      "type": "Feature",
      "properties": {
        "@id": "node/5024006974",
        "highway": "motorway_junction",
        "name": "木更津東ＩＣ",
        "name:en": "kisarazu-east IC",
        "name:ja": "木更津東IC",
        "name:ja-Hira": "きさらづひがし",
        "name:ja_rm": "kisarazu-higashi IC",
        "official_name:en": "National Highway Route 468",
        "ref": "105",
        "source:name": "wikipedia",
        "source:ref": "wikipedia",
        "wikipedia": "ja:木更津東インターチェンジ"
      },
      "geometry": {
        "type": "Point",
        "coordinates": [
          140.0494586,
          35.359141
        ]
      },
      "id": "node/5024006974"
    },
    {
      "type": "Feature",
      "properties": {
        "@id": "node/5024027747",
        "highway": "motorway_junction",
        "name": "木更津東IC",
        "name:en": "Kisarazu-higashi IC",
        "name:ja": "木更津東IC",
        "name:ja-Hira": "きさらづひがしいんたーちぇんじ",
        "name:ja_rm": "kisarazu-higashi IC",
        "official_name:en": "National Highway Route 468",
        "ref": "105",
        "source:name": "wikipedia",
        "source:ref": "wikipedia",
        "wikipedia": "ja:木更津東インターチェンジ"
      },
      "geometry": {
        "type": "Point",
        "coordinates": [
          140.0439951,
          35.3588889
        ]
      },
      "id": "node/5024027747"
    },
    {
      "type": "Feature",
      "properties": {
        "@id": "node/5478046398",
        "highway": "motorway_junction",
        "name": "流山IC",
        "name:en": "Nagareyama IC",
        "name:es": "Intercambio Nagareyama",
        "name:ja": "流山IC",
        "name:ja-Hira": "ながれやまいんたーちぇんじ",
        "name:ja_rm": "Nagareyama IC",
        "ref": "1-2",
        "source:name": "wikipedia",
        "source:ref": "wikipedia",
        "wikidata": "Q11147734",
        "wikipedia": "ja:流山インターチェンジ"
      },
      "geometry": {
        "type": "Point",
        "coordinates": [
          139.8966354,
          35.8765297
        ]
      },
      "id": "node/5478046398"
    },
    {
      "type": "Feature",
      "properties": {
        "@id": "node/5521784024",
        "addr:block_number": "17",
        "addr:city": "君津市",
        "addr:housenumber": "1",
        "addr:neighbourhood": "5丁目",
        "addr:postcode": "299-1151",
        "addr:province": "千葉県",
        "addr:quarter": "中野",
        "brand": "イオン",
        "brand:en": "AEON",
        "brand:ja": "イオン",
        "brand:wikidata": "Q11285951",
        "brand:wikipedia": "ja:イオン (店舗ブランド)",
        "name": "イオン",
        "name:en": "AEON",
        "name:ja": "イオン",
        "opening_hours": "Mo-Su 08:00-22:00",
        "phone": "0439-50-1200",
        "shop": "supermarket",
        "source": "survey"
      },
      "geometry": {
        "type": "Point",
        "coordinates": [
          139.884495,
          35.3347646
        ]
      },
      "id": "node/5521784024"
    },
    {
      "type": "Feature",
      "properties": {
        "@id": "node/5608725406",
        "highway": "motorway_junction",
        "name": "市原鶴舞ＩＣ",
        "name:en": "Ichihara-Tsurumai IC",
        "name:ja": "市原鶴舞IC",
        "name:ja-Hira": "いちはらつるまいいんたーちぇんじ",
        "name:ja_rm": "Ichihara-Tsurumai IC",
        "official_name:en": "National Highway Route 468",
        "ref": "104",
        "source:name": "wikipedia",
        "source:ref": "wikipedia",
        "wikipedia": "ja:市原鶴舞インターチェンジ"
      },
      "geometry": {
        "type": "Point",
        "coordinates": [
          140.186102,
          35.3607783
        ]
      },
      "id": "node/5608725406"
    },
    {
      "type": "Feature",
      "properties": {
        "@id": "node/5657615611",
        "highway": "motorway_junction",
        "name": "市川中央IC",
        "ref": "86"
      },
      "geometry": {
        "type": "Point",
        "coordinates": [
          139.9170883,
          35.7190396
        ]
      },
      "id": "node/5657615611"
    },
    {
      "type": "Feature",
      "properties": {
        "@id": "node/5657620553",
        "highway": "motorway_junction",
        "name": "松戸IC",
        "name:en": "Matsudo",
        "ref": "83"
      },
      "geometry": {
        "type": "Point",
        "coordinates": [
          139.903849,
          35.7604536
        ]
      },
      "id": "node/5657620553"
    },
    {
      "type": "Feature",
      "properties": {
        "@id": "node/5658915315",
        "highway": "motorway_junction",
        "name": "市川北IC",
        "ref": "85"
      },
      "geometry": {
        "type": "Point",
        "coordinates": [
          139.9195189,
          35.7451755
        ]
      },
      "id": "node/5658915315"
    },
    {
      "type": "Feature",
      "properties": {
        "@id": "node/5658923123",
        "highway": "motorway_junction",
        "name": "市川北IC",
        "name:en": "Ichikawa-kita",
        "ref": "85"
      },
      "geometry": {
        "type": "Point",
        "coordinates": [
          139.9189815,
          35.7496954
        ]
      },
      "id": "node/5658923123"
    },
    {
      "type": "Feature",
      "properties": {
        "@id": "node/5658923142",
        "highway": "motorway_junction",
        "name": "松戸IC",
        "name:en": "Matsudo",
        "ref": "83"
      },
      "geometry": {
        "type": "Point",
        "coordinates": [
          139.9002079,
          35.7629757
        ]
      },
      "id": "node/5658923142"
    },
    {
      "type": "Feature",
      "properties": {
        "@id": "node/5658923189",
        "highway": "motorway_junction",
        "name": "市川中央IC",
        "ref": "86"
      },
      "geometry": {
        "type": "Point",
        "coordinates": [
          139.9164663,
          35.7235018
        ]
      },
      "id": "node/5658923189"
    },
    {
      "type": "Feature",
      "properties": {
        "@id": "node/6051758678",
        "contact:website": "http://railway.tobu.co.jp/guide/station/info/6305.html",
        "layer": "1",
        "level": "1",
        "name": "梅郷",
        "name:en": "Umesato",
        "name:ja-Hira": "うめさと",
        "name:ko": "우메사토",
        "operator": "東武鉄道",
        "public_transport": "station",
        "railway": "station",
        "ref": "TD18",
        "wikidata": "Q7881495",
        "wikipedia": "ja:梅郷駅"
      },
      "geometry": {
        "type": "Point",
        "coordinates": [
          139.891223,
          35.9313573
        ]
      },
      "id": "node/6051758678"
    },
    {
      "type": "Feature",
      "properties": {
        "@id": "node/6057804603",
        "name": "船橋",
        "name:en": "Funabashi",
        "name:ja": "船橋",
        "name:ja-Hira": "ふなばし",
        "name:ja_rm": "Funabashi",
        "name:ko": "후나바시",
        "network": "東武鉄道",
        "network:en": "Tobu Railway",
        "network:ja": "東武鉄道",
        "network:wikidata": "Q1321914",
        "operator": "東武鉄道",
        "platforms": "2",
        "public_transport": "station",
        "railway": "station",
        "train": "yes",
        "wheelchair": "yes"
      },
      "geometry": {
        "type": "Point",
        "coordinates": [
          139.9846809,
          35.7019983
        ]
      },
      "id": "node/6057804603"
    },
    {
      "type": "Feature",
      "properties": {
        "@id": "node/6229725460",
        "monorail": "yes",
        "name": "リゾートゲートウェイ・ステーション",
        "name:en": "Resort Gateway Station",
        "name:es": "Estación Resort Gateway",
        "name:ja": "リゾートゲートウェイ・ステーション",
        "name:ja-Hira": "りぞーとげーとうぇい・すてーしょん",
        "name:ko": "리조트게이트웨이스테이션",
        "name:ru": "Resort Gateway",
        "name:zh": "度假區總站",
        "network": "ディズニーリゾートライン",
        "operator": "舞浜リゾートライン",
        "public_transport": "station",
        "railway": "station",
        "station": "monorail",
        "wikidata": "Q8014465",
        "wikipedia": "ja:リゾートゲートウェイ・ステーション駅"
      },
      "geometry": {
        "type": "Point",
        "coordinates": [
          139.8851168,
          35.6352628
        ]
      },
      "id": "node/6229725460"
    },
    {
      "type": "Feature",
      "properties": {
        "@id": "node/6466197901",
        "highway": "motorway_junction",
        "name": "大網白里スマートIC",
        "official_name:en": "National Highway Route 468",
        "ref": "101-1"
      },
      "geometry": {
        "type": "Point",
        "coordinates": [
          140.2948923,
          35.5094226
        ]
      },
      "id": "node/6466197901"
    },
    {
      "type": "Feature",
      "properties": {
        "@id": "node/6466197925",
        "highway": "motorway_junction",
        "name": "大網白里スマートIC",
        "official_name:en": "National Highway Route 468",
        "ref": "101-1"
      },
      "geometry": {
        "type": "Point",
        "coordinates": [
          140.295595,
          35.5149456
        ]
      },
      "id": "node/6466197925"
    },
    {
      "type": "Feature",
      "properties": {
        "@id": "node/6709712041",
        "highway": "motorway_junction",
        "name": "茂原北ＩＣ",
        "name:en": "mobara-north IC",
        "name:ja": "茂原北IC",
        "name:ja-Hira": "もばらきたいんたーちぇんじ",
        "name:ja_rm": "mobara-kita IC",
        "official_name:en": "National Highway Route 468",
        "ref": "102",
        "source:name": "wikipedia",
        "source:ref": "wikipedia",
        "wikipedia": "ja:茂原北インターチェンジ"
      },
      "geometry": {
        "type": "Point",
        "coordinates": [
          140.2700187,
          35.4886461
        ]
      },
      "id": "node/6709712041"
    },
    {
      "type": "Feature",
      "properties": {
        "@id": "node/6725224628",
        "alt_name:ko": "고엔",
        "monorail": "yes",
        "name": "公園",
        "name:en": "Koen",
        "name:ja": "公園",
        "name:ja-Hira": "こうえん",
        "name:ja_rm": "Kōen",
        "name:ko": "공원",
        "name:ru": "Коэн",
        "operator": "山万",
        "public_transport": "station",
        "railway": "station",
        "wheelchair": "no",
        "wikidata": "Q11391979",
        "wikipedia": "ja:公園駅"
      },
      "geometry": {
        "type": "Point",
        "coordinates": [
          140.1537491,
          35.7307393
        ]
      },
      "id": "node/6725224628"
    },
    {
      "type": "Feature",
      "properties": {
        "@id": "node/6779233179",
        "name": "大原",
        "name:en": "Ōhara",
        "name:ko": "오하라",
        "network": "いすみ線",
        "operator": "いすみ鉄道",
        "operator:short": "い鉄",
        "operator:website": "https://isumirail.co.jp/",
        "operator:wikidata": "Q11259272",
        "operator:wikipedia": "ja:いすみ鉄道いすみ線",
        "public_transport": "station",
        "railway": "station",
        "train": "yes",
        "website": "https://isumirail.co.jp/tr1/oohara",
        "wheelchair": "yes",
        "wikidata": "Q552811",
        "wikipedia": "ja:大原駅 (千葉県)"
      },
      "geometry": {
        "type": "Point",
        "coordinates": [
          140.3908284,
          35.2513361
        ]
      },
      "id": "node/6779233179"
    },
    {
      "type": "Feature",
      "properties": {
        "@id": "node/7031697972",
        "highway": "motorway_junction",
        "name": "君津ＰＡ（上り）、スマートIC",
        "name:en": "kimitsu PA",
        "name:ja": "君津PA（上り）、スマートIC",
        "name:ja-Hira": "きみつぱーきんぐえりあ",
        "name:ja_rm": "kimitsu PA",
        "ref": "18-1",
        "source:name": "wikipedia",
        "source:ref": "wikipedia",
        "wikipedia": "ja:君津パーキングエリア"
      },
      "geometry": {
        "type": "Point",
        "coordinates": [
          139.9251433,
          35.2808685
        ]
      },
      "id": "node/7031697972"
    },
    {
      "type": "Feature",
      "properties": {
        "@id": "node/7161528101",
        "highway": "motorway_junction",
        "name": "多古IC",
        "name:en": "Tako IC",
        "name:ja-Hira": "たこいんたーじぇんじ",
        "official_name:en": "National Highway Route 468",
        "ref": "92"
      },
      "geometry": {
        "type": "Point",
        "coordinates": [
          140.440737,
          35.7335857
        ]
      },
      "id": "node/7161528101"
    },
    {
      "type": "Feature",
      "properties": {
        "@id": "node/7161628260",
        "highway": "motorway_junction",
        "name": "富津竹岡IC",
        "name:en": "Futtsu-Takeoka IC",
        "name:ja": "富津竹岡IC",
        "name:ja-Hira": "ふっつたけおかいんたーちぇんじ",
        "name:ja-Latn": "Futtsutakeoka IC",
        "ref": "20",
        "source:name": "wikipedia",
        "source:ref": "wikipedia",
        "wikidata": "Q11457117",
        "wikipedia": "ja:富津竹岡インターチェンジ"
      },
      "geometry": {
        "type": "Point",
        "coordinates": [
          139.8566575,
          35.1950735
        ]
      },
      "id": "node/7161628260"
    },
    {
      "type": "Feature",
      "properties": {
        "@id": "node/7164262840",
        "highway": "motorway_junction",
        "name": "茂原長柄スマートIC",
        "official_name:en": "National Highway Route 468",
        "ref": "102-1"
      },
      "geometry": {
        "type": "Point",
        "coordinates": [
          140.2482038,
          35.4501652
        ]
      },
      "id": "node/7164262840"
    },
    {
      "type": "Feature",
      "properties": {
        "@id": "node/7195581741",
        "highway": "motorway_junction",
        "name": "多古IC",
        "name:en": "Tako IC",
        "name:ja-Hira": "たこいんたーじぇんじ",
        "official_name:en": "National Highway Route 468",
        "ref": "92"
      },
      "geometry": {
        "type": "Point",
        "coordinates": [
          140.43271,
          35.7438255
        ]
      },
      "id": "node/7195581741"
    },
    {
      "type": "Feature",
      "properties": {
        "@id": "node/7222025483",
        "highway": "motorway_junction",
        "name": "誉田IC"
      },
      "geometry": {
        "type": "Point",
        "coordinates": [
          140.2295699,
          35.5420803
        ]
      },
      "id": "node/7222025483"
    },
    {
      "type": "Feature",
      "properties": {
        "@id": "node/7753516213",
        "name": "柏たなか",
        "name:en": "Kashiwa-Tanaka",
        "name:ja": "柏たなか",
        "name:ja-Hira": "かしわたなか",
        "name:ja_rm": "Kashiwa Tanaka",
        "name:ko": "가시와타나카",
        "operator": "首都圏新都市鉄道",
        "public_transport": "station",
        "railway": "station",
        "ref": "14",
        "toilets:wheelchair": "yes",
        "wheelchair": "yes",
        "wikidata": "Q5366315",
        "wikipedia": "ja:柏たなか駅"
      },
      "geometry": {
        "type": "Point",
        "coordinates": [
          139.9575718,
          35.9110036
        ]
      },
      "id": "node/7753516213"
    },
    {
      "type": "Feature",
      "properties": {
        "@id": "node/7756039209",
        "contact:website": "https://www.mir.co.jp/route_map/minami-nagareyama/",
        "name": "南流山",
        "name:en": "Minami-Nagareyama",
        "name:ja": "南流山",
        "name:ja-Hira": "みなみながれやま",
        "name:ja-Latn": "Minami-Nagareyama",
        "name:ko": "미나미나가레야마",
        "operator": "首都圏新都市鉄道",
        "operator:en": "Metropolitan Intercity Railway Company",
        "operator:ja": "首都圏新都市鉄道",
        "operator:wikidata": "Q841227",
        "public_transport": "station",
        "railway": "station",
        "ref": "TX10",
        "website": "https://www.mir.co.jp/route_map/minami-nagareyama/",
        "wheelchair": "yes",
        "wikidata": "Q267770",
        "wikipedia": "en:Minami-Nagareyama Station"
      },
      "geometry": {
        "type": "Point",
        "coordinates": [
          139.9030689,
          35.8385114
        ]
      },
      "id": "node/7756039209"
    },
    {
      "type": "Feature",
      "properties": {
        "@id": "node/7756043026",
        "name": "流山セントラルパーク",
        "name:en": "Nagareyama-centralpark",
        "name:ja": "流山セントラルパーク",
        "name:ja-Hira": "ながれやませんとらるぱーく",
        "name:ja_rm": "Nagareyama sentorarupāku",
        "name:ko": "나가레야마센트럴파크",
        "operator": "首都圏新都市鉄道",
        "public_transport": "station",
        "railway": "station",
        "ref": "11",
        "toilets:wheelchair": "yes",
        "train": "yes",
        "wheelchair": "yes",
        "wikidata": "Q850570",
        "wikipedia": "ja:流山セントラルパーク駅"
      },
      "geometry": {
        "type": "Point",
        "coordinates": [
          139.9152399,
          35.854607
        ]
      },
      "id": "node/7756043026"
    },
    {
      "type": "Feature",
      "properties": {
        "@id": "node/7756043030",
        "name": "流山おおたかの森",
        "name:en": "Nagareyama-otakanomori",
        "name:ja": "流山おおたかの森",
        "name:ja-Hira": "ながれやまおおたかのもり",
        "name:ja_rm": "Nagareyama ōtakanomori",
        "name:ko": "나가레야마오타카노모리",
        "name:zh": "流山大鹰之森",
        "name:zh-Hans": "流山大鹰之森",
        "name:zh-Hant": "流山大鷹之森",
        "operator": "首都圏新都市鉄道",
        "public_transport": "station",
        "railway": "station",
        "ref": "12",
        "toilets:wheelchair": "yes",
        "wheelchair": "yes",
        "wikidata": "Q841689",
        "wikipedia": "ja:流山おおたかの森駅"
      },
      "geometry": {
        "type": "Point",
        "coordinates": [
          139.9250709,
          35.8718413
        ]
      },
      "id": "node/7756043030"
    },
    {
      "type": "Feature",
      "properties": {
        "@id": "node/7756044537",
        "name": "柏の葉キャンパス",
        "name:en": "Kashiwanoha-campus",
        "name:ja": "柏の葉キャンパス",
        "name:ja-Hira": "かしわのはきゃんぱす",
        "name:ja_rm": "Kashiwanoha kyampasu",
        "name:ko": "가시와노하캠퍼스",
        "operator": "首都圏新都市鉄道",
        "public_transport": "station",
        "railway": "station",
        "ref": "13",
        "wheelchair": "yes",
        "wikidata": "Q6374365",
        "wikipedia": "ja:柏の葉キャンパス駅"
      },
      "geometry": {
        "type": "Point",
        "coordinates": [
          139.9525326,
          35.8934481
        ]
      },
      "id": "node/7756044537"
    },
    {
      "type": "Feature",
      "properties": {
        "@id": "node/7791605912",
        "colour": "lightgreen",
        "name": "本八幡",
        "name:en": "Motoyawata",
        "name:es": "Motoyawata",
        "name:ja": "本八幡",
        "name:ja-Hira": "もとやわた",
        "name:ja_rm": "Moto Yawata",
        "name:ko": "모토야와타",
        "name:ru": "Мотоявата",
        "network": "都営地下鉄",
        "network:en": "Toei subway",
        "operator": "東京都交通局",
        "operator:en": "Toei",
        "operator:wikidata": "Q1377135",
        "public_transport": "station",
        "railway": "station",
        "ref": "S21",
        "station": "subway",
        "subway": "yes",
        "train": "yes",
        "transport": "subway",
        "wikidata": "Q1142065",
        "wikipedia": "ja:本八幡駅"
      },
      "geometry": {
        "type": "Point",
        "coordinates": [
          139.9270611,
          35.7237135
        ]
      },
      "id": "node/7791605912"
    },
    {
      "type": "Feature",
      "properties": {
        "@id": "node/7829693340",
        "name": "上総村上",
        "name:en": "Kazusa-Murakami",
        "name:ja": "上総村上",
        "name:ja-Hira": "かずさむらかみ",
        "name:ja_rm": "Kazusa-Murakami",
        "name:ko": "가즈사무라카미",
        "operator": "小湊鉄道",
        "operator:en": "Kominato Railway",
        "public_transport": "station",
        "railway": "station",
        "source": "Bing",
        "website": "https://www.kominato.co.jp/station/kazusamurakami/",
        "wikidata": "Q6381713",
        "wikipedia": "ja:上総村上駅"
      },
      "geometry": {
        "type": "Point",
        "coordinates": [
          140.1002691,
          35.4962381
        ]
      },
      "id": "node/7829693340"
    },
    {
      "type": "Feature",
      "properties": {
        "@id": "node/7829693341",
        "name": "上総三又",
        "name:en": "Kazusa-Mitsumata",
        "name:ja": "上総三又",
        "name:ja_rm": "Kazusa-Mitsumata",
        "name:ko": "가즈사미쓰마타",
        "operator": "小湊鉄道",
        "operator:en": "Kominato Railway",
        "public_transport": "station",
        "railway": "station",
        "source": "Bing",
        "website": "https://www.kominato.co.jp/station/kazusamitsumata/",
        "wikidata": "Q6381715",
        "wikipedia": "ja:上総三又駅"
      },
      "geometry": {
        "type": "Point",
        "coordinates": [
          140.1267656,
          35.4660327
        ]
      },
      "id": "node/7829693341"
    },
    {
      "type": "Feature",
      "properties": {
        "@id": "node/7829693342",
        "alt_name": "大和田",
        "name": "京成大和田",
        "name:en": "Keisei-Owada",
        "name:it": "Keisei Owada",
        "name:ja": "京成大和田",
        "name:ja-Hira": "けいせいおおわだ",
        "name:ja-Latn": "Keisei-Ōwada",
        "name:ko": "게이세이오와다",
        "network": "京成電鉄",
        "network:en": "Keisei Electric Railway",
        "network:ja": "京成電鉄",
        "network:wikidata": "Q83538",
        "operator": "京成電鉄",
        "platforms": "2",
        "public_transport": "station",
        "railway": "station",
        "ref": "KS30",
        "train": "yes",
        "wikidata": "Q6383852",
        "wikipedia": "ja:京成大和田駅"
      },
      "geometry": {
        "type": "Point",
        "coordinates": [
          140.1079464,
          35.7120744
        ]
      },
      "id": "node/7829693342"
    },
    {
      "type": "Feature",
      "properties": {
        "@id": "node/7858025487",
        "name": "公津の杜",
        "name:en": "Kozunomori",
        "name:it": "Kozunomori",
        "name:ja": "公津の杜",
        "name:ja-Hira": "こうづのもり",
        "name:ja-Latn": "Kōzunomori",
        "name:ko": "고즈노모리",
        "network": "京成電鉄",
        "network:en": "Keisei Electric Railway",
        "network:ja": "京成電鉄",
        "network:wikidata": "Q83538",
        "operator": "京成電鉄",
        "platforms": "2",
        "public_transport": "station",
        "railway": "station",
        "ref": "KS39",
        "train": "yes",
        "wheelchair": "yes",
        "wikidata": "Q6455356",
        "wikipedia": "ja:公津の杜駅"
      },
      "geometry": {
        "type": "Point",
        "coordinates": [
          140.2952613,
          35.7604813
        ]
      },
      "id": "node/7858025487"
    },
    {
      "type": "Feature",
      "properties": {
        "@id": "node/7858116081",
        "name": "菅野",
        "name:en": "Sugano",
        "name:es": "Sugano",
        "name:it": "Sugano",
        "name:ja": "菅野",
        "name:ja-Hira": "すがの",
        "name:ja-Latn": "Sugano",
        "name:ko": "스가노",
        "network": "京成",
        "operator": "京成電鉄",
        "platforms": "2",
        "public_transport": "station",
        "railway": "station",
        "ref": "KS15",
        "wheelchair": "no",
        "wikidata": "Q7634712",
        "wikipedia": "ja:菅野駅"
      },
      "geometry": {
        "type": "Point",
        "coordinates": [
          139.9195583,
          35.7282185
        ]
      },
      "id": "node/7858116081"
    },
    {
      "type": "Feature",
      "properties": {
        "@id": "node/7858116083",
        "name": "市川真間",
        "name:en": "Ichikawamama",
        "name:it": "Ichikawa-Mama",
        "name:ja": "市川真間",
        "name:ja-Hira": "いちかわまま",
        "name:ja-Latn": "Ichikawamama",
        "name:ko": "이치카와마마",
        "network": "京成",
        "operator": "京成電鉄",
        "platforms": "4",
        "public_transport": "station",
        "railway": "station",
        "ref": "KS14",
        "wheelchair": "yes",
        "wikidata": "Q5986159",
        "wikipedia": "ja:市川真間駅"
      },
      "geometry": {
        "type": "Point",
        "coordinates": [
          139.9115626,
          35.7313977
        ]
      },
      "id": "node/7858116083"
    },
    {
      "type": "Feature",
      "properties": {
        "@id": "node/7858116084",
        "name": "国府台",
        "name:en": "Konodai",
        "name:it": "Konodai",
        "name:ja": "国府台",
        "name:ja-Hira": "こうのだい",
        "name:ja-Latn": "Kōnodai",
        "name:ko": "고노다이",
        "network": "京成電鉄",
        "network:en": "Keisei Electric Railway",
        "network:ja": "京成電鉄",
        "network:wikidata": "Q83538",
        "operator": "京成電鉄",
        "platforms": "2",
        "public_transport": "station",
        "railway": "station",
        "ref": "KS13",
        "train": "yes",
        "wheelchair": "yes",
        "wikidata": "Q6455240",
        "wikipedia": "ja:国府台駅"
      },
      "geometry": {
        "type": "Point",
        "coordinates": [
          139.9025067,
          35.7364217
        ]
      },
      "id": "node/7858116084"
    },
    {
      "type": "Feature",
      "properties": {
        "@id": "node/7858142412",
        "alt_name": "西船",
        "name": "京成西船",
        "name:en": "Keisei Nishifuna",
        "name:it": "Keisei Nishifuna",
        "name:ja": "京成西船",
        "name:ja-Hira": "けいせいにしふな",
        "name:ja-Latn": "Keisei Nishifuna",
        "name:ko": "게이세이니시후나",
        "network": "京成",
        "operator": "京成電鉄",
        "platforms": "2",
        "public_transport": "station",
        "railway": "station",
        "ref": "KS20",
        "wheelchair": "yes",
        "wikidata": "Q6383831",
        "wikimedia_commons": "File:Keisei Nishifuna Station 2024.jpg",
        "wikipedia": "ja:京成西船駅"
      },
      "geometry": {
        "type": "Point",
        "coordinates": [
          139.9589834,
          35.7116529
        ]
      },
      "id": "node/7858142412"
    },
    {
      "type": "Feature",
      "properties": {
        "@id": "node/7858142414",
        "name": "東中山",
        "name:en": "Higashi-Nakayama",
        "name:it": "Higashi-Nakayama",
        "name:ja": "東中山",
        "name:ja-Hira": "ひがしなかやま",
        "name:ja-Latn": "Higashi-Nakayama",
        "name:ko": "히가시나카야마",
        "network": "京成",
        "operator": "京成電鉄",
        "platforms": "4",
        "public_transport": "station",
        "railway": "station",
        "ref": "KS19",
        "wheelchair": "yes",
        "wikidata": "Q8015446",
        "wikipedia": "ja:東中山駅"
      },
      "geometry": {
        "type": "Point",
        "coordinates": [
          139.9525957,
          35.7144727
        ]
      },
      "id": "node/7858142414"
    },
    {
      "type": "Feature",
      "properties": {
        "@id": "node/7858142417",
        "name": "鬼越",
        "name:en": "Onigoe",
        "name:it": "Onigoe",
        "name:ja": "鬼越",
        "name:ja-Hira": "おにごえ",
        "name:ko": "오니고에",
        "network": "京成",
        "operator": "京成電鉄",
        "platforms": "2",
        "public_transport": "station",
        "railway": "station",
        "ref": "KS17",
        "source": "Bing 2010",
        "wikidata": "Q7093901",
        "wikipedia": "ja:鬼越駅"
      },
      "geometry": {
        "type": "Point",
        "coordinates": [
          139.9375585,
          35.7199561
        ]
      },
      "id": "node/7858142417"
    },
    {
      "type": "Feature",
      "properties": {
        "@id": "node/7858158401",
        "alt_name": "大久保",
        "name": "京成大久保",
        "name:en": "Keisei-Okubo",
        "name:it": "Keisei Okubo",
        "name:ja": "京成大久保",
        "name:ja-Hira": "けいせいおおくぼ",
        "name:ja-Latn": "Keisei-Ōkubo",
        "name:ko": "게이세이오쿠보",
        "network": "京成",
        "operator": "京成電鉄",
        "platforms": "2",
        "public_transport": "station",
        "railway": "station",
        "ref": "KS27",
        "wheelchair": "yes",
        "wikidata": "Q6383851",
        "wikipedia": "ja:京成大久保駅"
      },
      "geometry": {
        "type": "Point",
        "coordinates": [
          140.0481856,
          35.6859511
        ]
      },
      "id": "node/7858158401"
    },
    {
      "type": "Feature",
      "properties": {
        "@id": "node/7858158403",
        "name": "谷津",
        "name:en": "Yatsu",
        "name:it": "Yatsu",
        "name:ja": "谷津",
        "name:ja-Hira": "やつ",
        "name:ja-Latn": "Yatsu",
        "name:ko": "야쓰미",
        "network": "京成電鉄",
        "network:en": "Keisei Electric Railway",
        "network:ja": "京成電鉄",
        "network:wikidata": "Q83538",
        "operator": "京成電鉄",
        "platforms": "2",
        "public_transport": "station",
        "railway": "station",
        "ref": "KS25",
        "train": "yes",
        "wikidata": "Q8050270",
        "wikipedia": "ja:谷津駅"
      },
      "geometry": {
        "type": "Point",
        "coordinates": [
          140.0075689,
          35.6852948
        ]
      },
      "id": "node/7858158403"
    },
    {
      "type": "Feature",
      "properties": {
        "@id": "node/7858158405",
        "alt_name:ko": "후나바시케이바조",
        "name": "船橋競馬場",
        "name:en": "Funabashi-Keibajo",
        "name:it": "Funabashi-Keibajo",
        "name:ja": "船橋競馬場",
        "name:ja-Hira": "ふなばしけいばじょう",
        "name:ja-Latn": "Funabashikeibajō",
        "name:ko": "후나바시경마장",
        "network": "京成電鉄",
        "network:en": "Keisei Electric Railway",
        "network:ja": "京成電鉄",
        "network:wikidata": "Q83538",
        "operator": "京成電鉄",
        "platforms": "4",
        "public_transport": "station",
        "railway": "station",
        "ref": "KS24",
        "train": "yes",
        "wheelchair": "yes",
        "wikidata": "Q5508710",
        "wikipedia": "ja:船橋競馬場駅"
      },
      "geometry": {
        "type": "Point",
        "coordinates": [
          139.9979385,
          35.689794
        ]
      },
      "id": "node/7858158405"
    },
    {
      "type": "Feature",
      "properties": {
        "@id": "node/7858158409",
        "name": "大神宮下",
        "name:en": "Daijingu-Shita",
        "name:it": "Daijingu-Shita",
        "name:ja": "大神宮下",
        "name:ja-Hira": "だいじんぐうした",
        "name:ja-Latn": "Daijingushita",
        "name:ko": "다이진구시타",
        "network": "京成電鉄",
        "network:en": "Keisei Electric Railway",
        "network:ja": "京成電鉄",
        "network:wikidata": "Q83538",
        "operator": "京成電鉄",
        "platforms": "2",
        "public_transport": "station",
        "railway": "station",
        "ref": "KS23",
        "train": "yes",
        "wheelchair": "yes",
        "wikidata": "Q5209145",
        "wikipedia": "ja:大神宮下駅"
      },
      "geometry": {
        "type": "Point",
        "coordinates": [
          139.9912517,
          35.6942913
        ]
      },
      "id": "node/7858158409"
    },
    {
      "type": "Feature",
      "properties": {
        "@id": "node/7858159185",
        "alt_name": "船橋",
        "name": "京成船橋",
        "name:en": "Keisei Funabashi",
        "name:it": "Keisei Funabashi",
        "name:ja": "京成船橋",
        "name:ja-Hira": "けいせいふなばし",
        "name:ja-Latn": "Keisei-Funabashi",
        "name:ko": "게이세이후나바시",
        "network": "京成電鉄",
        "network:en": "Keisei Electric Railway",
        "network:ja": "京成電鉄",
        "network:wikidata": "Q83538",
        "operator": "京成電鉄",
        "platforms": "2",
        "public_transport": "station",
        "railway": "station",
        "ref": "KS22",
        "train": "yes",
        "wheelchair": "yes",
        "wikidata": "Q841409",
        "wikipedia": "ja:京成船橋駅"
      },
      "geometry": {
        "type": "Point",
        "coordinates": [
          139.9856338,
          35.7002308
        ]
      },
      "id": "node/7858159185"
    },
    {
      "type": "Feature",
      "properties": {
        "@id": "node/7858159187",
        "name": "海神",
        "name:en": "Kaijin",
        "name:it": "Kaijin",
        "name:ja": "海神",
        "name:ja-Latn": "Kaijin",
        "name:ko": "가이진",
        "network": "京成",
        "operator": "京成電鉄",
        "platforms": "2",
        "public_transport": "station",
        "railway": "station",
        "ref": "KS21",
        "wheelchair": "no",
        "wikidata": "Q6347743",
        "wikipedia": "ja:海神駅"
      },
      "geometry": {
        "type": "Point",
        "coordinates": [
          139.972098,
          35.705761
        ]
      },
      "id": "node/7858159187"
    },
    {
      "type": "Feature",
      "properties": {
        "@id": "node/7858159327",
        "name": "八千代台",
        "name:en": "Yachiyodai",
        "name:it": "Yachiyodai",
        "name:ja": "八千代台",
        "name:ja-Hira": "やちよだい",
        "name:ja-Latn": "Yachiyodai",
        "name:ko": "야치요다이",
        "network": "京成",
        "operator": "京成電鉄",
        "platforms": "4",
        "public_transport": "station",
        "railway": "station",
        "ref": "KS29",
        "wheelchair": "yes",
        "wikidata": "Q4373709",
        "wikipedia": "ja:八千代台駅"
      },
      "geometry": {
        "type": "Point",
        "coordinates": [
          140.0906181,
          35.7012654
        ]
      },
      "id": "node/7858159327"
    },
    {
      "type": "Feature",
      "properties": {
        "@id": "node/7858159331",
        "name": "実籾",
        "name:en": "Mimomi",
        "name:it": "Mimomi",
        "name:ja": "実籾",
        "name:ja-Hira": "みもみ",
        "name:ja-Latn": "Mimomi",
        "name:ko": "미모미",
        "network": "京成",
        "operator": "京成電鉄",
        "platforms": "2",
        "public_transport": "station",
        "railway": "station",
        "ref": "KS28",
        "source": "KSJ2",
        "source_ref": "http://w3land.mlit.go.jp/ksj2/datalist/N02.html",
        "wikidata": "Q6862305",
        "wikipedia": "ja:実籾駅"
      },
      "geometry": {
        "type": "Point",
        "coordinates": [
          140.0684242,
          35.6869069
        ]
      },
      "id": "node/7858159331"
    },
    {
      "type": "Feature",
      "properties": {
        "@id": "node/7858182732",
        "alt_name": "佐倉",
        "name": "京成佐倉",
        "name:en": "Keisei-Sakura",
        "name:it": "Keisei Sakura",
        "name:ja": "京成佐倉",
        "name:ja-Hira": "けいせいさくら",
        "name:ja-Latn": "Keisei-Sakura",
        "name:ko": "게이세이사쿠라",
        "network": "京成電鉄",
        "network:en": "Keisei Electric Railway",
        "network:ja": "京成電鉄",
        "network:wikidata": "Q83538",
        "operator": "京成電鉄",
        "platforms": "4",
        "public_transport": "station",
        "railway": "station",
        "ref": "KS35",
        "train": "yes",
        "wheelchair": "yes",
        "wikidata": "Q4502033",
        "wikipedia": "ja:京成佐倉駅"
      },
      "geometry": {
        "type": "Point",
        "coordinates": [
          140.2297242,
          35.7251893
        ]
      },
      "id": "node/7858182732"
    },
    {
      "type": "Feature",
      "properties": {
        "@id": "node/7858182736",
        "alt_name": "うすい",
        "name": "京成臼井",
        "name:en": "Keisei-Usui",
        "name:it": "Keisei Usui",
        "name:ja": "京成臼井",
        "name:ja-Hira": "けいせいうすい",
        "name:ja-Latn": "Keisei-Usui",
        "name:ko": "게이세이우스이",
        "network": "京成電鉄",
        "network:en": "Keisei Electric Railway",
        "network:ja": "京成電鉄",
        "network:wikidata": "Q83538",
        "operator": "京成電鉄",
        "platforms": "2",
        "public_transport": "station",
        "railway": "station",
        "ref": "KS34",
        "train": "yes",
        "wheelchair": "yes",
        "wikidata": "Q6383832",
        "wikipedia": "ja:京成臼井駅"
      },
      "geometry": {
        "type": "Point",
        "coordinates": [
          140.1808053,
          35.7299183
        ]
      },
      "id": "node/7858182736"
    },
    {
      "type": "Feature",
      "properties": {
        "@id": "node/7858182738",
        "name": "ユーカリが丘",
        "name:en": "Yukarigaoka",
        "name:it": "Yukarigaoka",
        "name:ja": "ユーカリが丘",
        "name:ja-Hira": "ゆーかりがおか",
        "name:ja-Latn": "Yūkarigaoka",
        "name:ko": "유카리가오카",
        "name:ru": "Юкаригаока",
        "network": "京成電鉄",
        "network:en": "Keisei Electric Railway",
        "network:ja": "京成電鉄",
        "network:wikidata": "Q83538",
        "operator": "京成電鉄",
        "platforms": "3",
        "public_transport": "station",
        "railway": "station",
        "ref": "KS33",
        "train": "yes",
        "wheelchair": "yes",
        "wikidata": "Q8062735",
        "wikipedia": "ja:ユーカリが丘駅"
      },
      "geometry": {
        "type": "Point",
        "coordinates": [
          140.1563758,
          35.7217309
        ]
      },
      "id": "node/7858182738"
    },
    {
      "type": "Feature",
      "properties": {
        "@id": "node/7858182741",
        "name": "志津",
        "name:en": "Shizu",
        "name:it": "Shizu",
        "name:ja": "志津",
        "name:ja-Hira": "しづ",
        "name:ja-Latn": "Shizu",
        "name:ko": "시즈",
        "network": "京成電鉄",
        "network:en": "Keisei Electric Railway",
        "network:ja": "京成電鉄",
        "network:wikidata": "Q83538",
        "operator": "京成電鉄",
        "platforms": "2",
        "public_transport": "station",
        "railway": "station",
        "ref": "KS32",
        "train": "yes",
        "wheelchair": "yes",
        "wikidata": "Q7499472",
        "wikipedia": "ja:志津駅"
      },
      "geometry": {
        "type": "Point",
        "coordinates": [
          140.1449738,
          35.7174567
        ]
      },
      "id": "node/7858182741"
    },
    {
      "type": "Feature",
      "properties": {
        "@id": "node/7858182743",
        "name": "勝田台",
        "name:en": "Katsutadai",
        "name:it": "Katsutadai",
        "name:ja": "勝田台",
        "name:ja-Hira": "かつただい",
        "name:ja-Latn": "Katsutadai",
        "name:ko": "가쓰타다이",
        "network": "京成電鉄",
        "network:en": "Keisei Electric Railway",
        "network:ja": "京成電鉄",
        "network:wikidata": "Q83538",
        "operator": "京成電鉄",
        "platforms": "2",
        "public_transport": "station",
        "railway": "station",
        "ref": "KS31",
        "train": "yes",
        "wikidata": "Q4502157",
        "wikipedia": "ja:勝田台駅"
      },
      "geometry": {
        "type": "Point",
        "coordinates": [
          140.1260447,
          35.715463
        ]
      },
      "id": "node/7858182743"
    },
    {
      "type": "Feature",
      "properties": {
        "@id": "node/7858255370",
        "alt_name": "第1旅客ターミナル",
        "name": "成田空港",
        "name:en": "Narita Airport Terminal 1",
        "name:es": "Terminal 1 del Aeropuerto de Narita",
        "name:it": "Narita Aeroporto Terminal 1",
        "name:ja": "成田空港",
        "name:ja-Hira": "なりたくうこう",
        "name:ja-Latn": "Narita Kūkō",
        "name:ko": "나리타공항 제1터미널",
        "name:ru": "Первый терминал аэропорта Нарита",
        "name:zh": "成田机场 第1候机楼",
        "operator": "東日本旅客鉄道",
        "public_transport": "station",
        "railway": "station",
        "ref": "JO37"
      },
      "geometry": {
        "type": "Point",
        "coordinates": [
          140.3859428,
          35.7650987
        ]
      },
      "id": "node/7858255370"
    },
    {
      "type": "Feature",
      "properties": {
        "@id": "node/7858255374",
        "alt_name": "成田",
        "name": "京成成田",
        "name:en": "Keisei-Narita",
        "name:it": "Keisei Narita",
        "name:ja": "京成成田",
        "name:ja-Hira": "けいせいなりた",
        "name:ja-Latn": "Keisei-Narita",
        "name:ko": "게이세이나리타",
        "network": "京成電鉄",
        "network:en": "Keisei Electric Railway",
        "network:ja": "京成電鉄",
        "network:wikidata": "Q83538",
        "operator": "京成電鉄",
        "platforms": "5",
        "public_transport": "station",
        "railway": "station",
        "ref": "KS40",
        "train": "yes",
        "wheelchair": "yes",
        "wikidata": "Q4502163",
        "wikipedia": "ja:京成成田駅"
      },
      "geometry": {
        "type": "Point",
        "coordinates": [
          140.3155186,
          35.7764435
        ]
      },
      "id": "node/7858255374"
    },
    {
      "type": "Feature",
      "properties": {
        "@id": "node/7858255377",
        "name": "宗吾参道",
        "name:en": "Sogosando",
        "name:it": "Sogosando",
        "name:ja": "宗吾参道",
        "name:ja-Hira": "そうごさんどう",
        "name:ja-Latn": "Sōgosandō",
        "name:ko": "소고산도",
        "network": "京成電鉄",
        "network:en": "Keisei Electric Railway",
        "network:ja": "京成電鉄",
        "network:wikidata": "Q83538",
        "operator": "京成電鉄",
        "platforms": "3",
        "public_transport": "station",
        "railway": "station",
        "ref": "KS38",
        "train": "yes",
        "wheelchair": "no",
        "wikidata": "Q7667572",
        "wikipedia": "ja:宗吾参道駅"
      },
      "geometry": {
        "type": "Point",
        "coordinates": [
          140.2810188,
          35.7526509
        ]
      },
      "id": "node/7858255377"
    },
    {
      "type": "Feature",
      "properties": {
        "@id": "node/7858255379",
        "alt_name": "酒々井",
        "name": "京成酒々井",
        "name:en": "Keisei-Shisui",
        "name:it": "Keisei Shisui",
        "name:ja": "京成酒々井",
        "name:ja-Hira": "けいせいしすい",
        "name:ja-Latn": "Keisei-Shisui",
        "name:ko": "게이세이시스이",
        "network": "京成電鉄",
        "network:en": "Keisei Electric Railway",
        "network:ja": "京成電鉄",
        "network:wikidata": "Q83538",
        "operator": "京成電鉄",
        "platforms": "2",
        "public_transport": "station",
        "railway": "station",
        "ref": "KS37",
        "train": "yes",
        "wikidata": "Q6383847",
        "wikipedia": "ja:京成酒々井駅"
      },
      "geometry": {
        "type": "Point",
        "coordinates": [
          140.2700492,
          35.7367994
        ]
      },
      "id": "node/7858255379"
    },
    {
      "type": "Feature",
      "properties": {
        "@id": "node/7858255381",
        "name": "大佐倉",
        "name:en": "Osakura",
        "name:it": "Osakura",
        "name:ja": "大佐倉",
        "name:ja-Hira": "おおさくら",
        "name:ja-Latn": "Ōsakura",
        "name:ko": "오사쿠라",
        "network": "京成電鉄",
        "network:en": "Keisei Electric Railway",
        "network:ja": "京成電鉄",
        "network:wikidata": "Q83538",
        "operator": "京成電鉄",
        "platforms": "2",
        "public_transport": "station",
        "railway": "station",
        "ref": "KS36",
        "train": "yes",
        "wheelchair": "no",
        "wikidata": "Q8081685",
        "wikipedia": "ja:大佐倉駅"
      },
      "geometry": {
        "type": "Point",
        "coordinates": [
          140.2510633,
          35.7301382
        ]
      },
      "id": "node/7858255381"
    },
    {
      "type": "Feature",
      "properties": {
        "@id": "node/7858346609",
        "alt_name": "第2旅客ターミナル",
        "alt_name:ja": "成田第2・第3ターミナル",
        "level": "-1",
        "name": "空港第2ビル",
        "name:en": "Narita Airport Terminal 2·3",
        "name:es": "Aeropuerto de Narita Terminal 2·3",
        "name:it": "Narita Aeroporto Terminal 2·3",
        "name:ja": "空港第2ビル",
        "name:ja-Hira": "くうこうだいにびる",
        "name:ja-Latn": "Kūkō Daini biru",
        "name:ko": "공항 2빌딩",
        "name:ru": "Второй терминал аэропорта Нарита",
        "name:zh": "成田机场 第2・第3候机楼",
        "operator": "東日本旅客鉄道",
        "public_transport": "station",
        "railway": "station",
        "ref": "JO36",
        "wheelchair": "yes"
      },
      "geometry": {
        "type": "Point",
        "coordinates": [
          140.3873516,
          35.7732576
        ]
      },
      "id": "node/7858346609"
    },
    {
      "type": "Feature",
      "properties": {
        "@id": "node/7858390709",
        "monorail": "yes",
        "name": "井野",
        "name:en": "Ino",
        "name:ja": "井野",
        "name:ja-Hira": "いの",
        "name:ja_rm": "Ino",
        "name:ko": "이노",
        "name:ru": "Ино",
        "public_transport": "station",
        "railway": "station",
        "source": "bing",
        "wheelchair": "no",
        "wikidata": "Q11373793",
        "wikipedia": "ja:井野駅 (千葉県)"
      },
      "geometry": {
        "type": "Point",
        "coordinates": [
          140.1485968,
          35.7326736
        ]
      },
      "id": "node/7858390709"
    },
    {
      "type": "Feature",
      "properties": {
        "@id": "node/7858390710",
        "monorail": "yes",
        "name": "中学校",
        "name:en": "Chugakko",
        "name:ja": "中学校",
        "name:ja-Hira": "ちゅうがっこう",
        "name:ja_rm": "Chūgakkō",
        "name:ko": "주갓코",
        "name:ru": "Тюгакко",
        "operator": "山万",
        "public_transport": "station",
        "railway": "station",
        "wheelchair": "no",
        "wikidata": "Q11363857",
        "wikipedia": "ja:中学校駅"
      },
      "geometry": {
        "type": "Point",
        "coordinates": [
          140.1483869,
          35.7402153
        ]
      },
      "id": "node/7858390710"
    },
    {
      "type": "Feature",
      "properties": {
        "@id": "node/7858390711",
        "monorail": "yes",
        "name": "女子大",
        "name:en": "Joshidai",
        "name:ja": "女子大",
        "name:ja-Hira": "じょしだい",
        "name:ja_rm": "Joshidai",
        "name:ko": "조시다이",
        "name:ru": "Дзёсидай",
        "operator": "山万",
        "public_transport": "station",
        "railway": "station",
        "wikidata": "Q11446373",
        "wikipedia": "ja:女子大駅"
      },
      "geometry": {
        "type": "Point",
        "coordinates": [
          140.1549737,
          35.7382026
        ]
      },
      "id": "node/7858390711"
    },
    {
      "type": "Feature",
      "properties": {
        "@id": "node/7858390712",
        "monorail": "yes",
        "name": "地区センター",
        "name:en": "Chikucenter",
        "name:ja": "地区センター",
        "name:ja-Hira": "ちくせんたー",
        "name:ja_rm": "Chiku Sentā",
        "name:ko": "지쿠센터",
        "name:ru": "Тику-центр",
        "operator": "山万",
        "public_transport": "station",
        "railway": "station",
        "wheelchair": "no",
        "wikidata": "Q11424114",
        "wikipedia": "ja:地区センター駅"
      },
      "geometry": {
        "type": "Point",
        "coordinates": [
          140.1552553,
          35.7259449
        ]
      },
      "id": "node/7858390712"
    },
    {
      "type": "Feature",
      "properties": {
        "@id": "node/7858390713",
        "monorail": "yes",
        "name": "ユーカリが丘",
        "name:en": "Yūkarigaoka",
        "name:ko": "유카리가오카",
        "public_transport": "station",
        "railway": "station",
        "wheelchair": "yes",
        "wikidata": "Q8062735",
        "wikipedia": "ja:ユーカリが丘駅"
      },
      "geometry": {
        "type": "Point",
        "coordinates": [
          140.1569706,
          35.7221076
        ]
      },
      "id": "node/7858390713"
    },
    {
      "type": "Feature",
      "properties": {
        "@id": "node/7858848010",
        "addr:block_number": "中央南",
        "addr:city": "印西市",
        "addr:housenumber": "1-1390-1",
        "addr:province": "千葉県",
        "alt_name:ko": "지바뉴타운추오",
        "name": "千葉ニュータウン中央",
        "name:en": "Chiba Newtown Chuo",
        "name:ja": "千葉ニュータウン中央",
        "name:ja-Hira": "ちばにゅーたうんちゅうおう",
        "name:ja_rm": "Chiba nyūtaun chūō",
        "name:ko": "지바뉴타운중앙",
        "name:ru": "Тиба Ньютаун Тюо",
        "name:zh": "千叶新城中心",
        "operator": "北総鉄道",
        "operator:en": "Hokuso Railway",
        "operator:ja": "北総鉄道",
        "phone": "0476-46-3711",
        "platforms": "2",
        "public_transport": "station",
        "railway": "station",
        "ref": "HS12",
        "website": "https://www.hokuso-railway.co.jp/railway/station/chiba_newtown_chuo.html",
        "wikidata": "Q855466",
        "wikipedia": "ja:千葉ニュータウン中央駅"
      },
      "geometry": {
        "type": "Point",
        "coordinates": [
          140.116207,
          35.8001351
        ]
      },
      "id": "node/7858848010"
    },
    {
      "type": "Feature",
      "properties": {
        "@id": "node/7858848014",
        "name": "新鎌ヶ谷",
        "name:en": "Shin-Kamagaya",
        "name:ja": "新鎌ヶ谷",
        "name:ja-Hira": "しんかまがや",
        "name:ja_rm": "Shin Kamagaya",
        "name:ko": "신카마가야",
        "name:ru": "Син-Камагая",
        "operator": "北総鉄道",
        "operator:en": "Hokuso Railway",
        "operator:ja": "北総鉄道",
        "platforms": "4",
        "public_transport": "station",
        "railway": "station",
        "ref": "HS08",
        "wikidata": "Q842992",
        "wikipedia": "ja:新鎌ヶ谷駅"
      },
      "geometry": {
        "type": "Point",
        "coordinates": [
          139.9983119,
          35.7794524
        ]
      },
      "id": "node/7858848014"
    },
    {
      "type": "Feature",
      "properties": {
        "@id": "node/7858848020",
        "name": "東松戸",
        "name:en": "Higashi-Matsudo",
        "name:ja": "東松戸",
        "name:ja-Hira": "ひがしまつど",
        "name:ja_rm": "Higashi Matsudo",
        "name:ko": "히가시마쓰도",
        "name:ru": "Хигаси Мацудо",
        "operator": "北総鉄道",
        "operator:en": "Hokusō Railway",
        "operator:ja": "北総鉄道",
        "platforms": "4",
        "public_transport": "station",
        "railway": "station",
        "ref": "HS05",
        "wikidata": "Q3467990",
        "wikipedia": "ja:東松戸駅"
      },
      "geometry": {
        "type": "Point",
        "coordinates": [
          139.9431054,
          35.7699563
        ]
      },
      "id": "node/7858848020"
    },
    {
      "type": "Feature",
      "properties": {
        "@id": "node/7858848021",
        "addr:province": "千葉県",
        "name": "成田湯川",
        "name:de": "Narita Yokawa",
        "name:en": "Narita Yukawa",
        "name:ja": "成田湯川",
        "name:ja-Hira": "なりたゆかわ",
        "name:ja_rm": "Narita Yukawa",
        "name:ko": "나리타유카와",
        "name:ru": "Нарита-Юкава",
        "operator": "京成電鉄",
        "platforms": "2",
        "public_transport": "station",
        "railway": "station",
        "ref": "KS43",
        "start_date": "2010-07-17",
        "train": "yes",
        "wheelchair": "yes",
        "wikidata": "Q859802",
        "wikipedia": "ja:成田湯川駅"
      },
      "geometry": {
        "type": "Point",
        "coordinates": [
          140.2913332,
          35.7995534
        ]
      },
      "id": "node/7858848021"
    },
    {
      "type": "Feature",
      "properties": {
        "@id": "node/7865838610",
        "maxspeed": "95",
        "name": "幕張",
        "name:en": "Makuhari",
        "name:it": "Makuhari",
        "name:ja": "幕張",
        "name:ja-Hira": "まくはり",
        "name:ja-Latn": "Makuhari",
        "name:ko": "마쿠하리",
        "name:ru": "Макухари",
        "operator": "東日本旅客鉄道",
        "platforms": "2",
        "public_transport": "station",
        "railway": "station",
        "source": "Bing",
        "wheelchair": "yes",
        "wikidata": "Q908755",
        "wikipedia": "ja:幕張駅"
      },
      "geometry": {
        "type": "Point",
        "coordinates": [
          140.0579864,
          35.659323
        ]
      },
      "id": "node/7865838610"
    },
    {
      "type": "Feature",
      "properties": {
        "@id": "node/7865838613",
        "maxspeed": "95",
        "name": "幕張本郷",
        "name:en": "Makuhari-Hongo",
        "name:it": "Makuhari-Hongo",
        "name:ja": "幕張本郷",
        "name:ja-Latn": "Makuhari-Hongō",
        "name:ko": "마쿠하리혼고",
        "name:ru": "Макухари-Хонго",
        "operator": "東日本旅客鉄道",
        "platforms": "2",
        "public_transport": "station",
        "railway": "station",
        "source": "bing",
        "wheelchair": "yes",
        "wikidata": "Q906124",
        "wikipedia": "ja:幕張本郷駅"
      },
      "geometry": {
        "type": "Point",
        "coordinates": [
          140.0423025,
          35.6726856
        ]
      },
      "id": "node/7865838613"
    },
    {
      "type": "Feature",
      "properties": {
        "@id": "node/7865838615",
        "contact:website": "https://www.jreast.co.jp/estation/station/info.aspx?StationCD=1009",
        "maxspeed": "95",
        "name": "津田沼",
        "name:en": "Tsudanuma",
        "name:it": "Tsudanuma",
        "name:ja": "津田沼",
        "name:ja-Hira": "つだぬま",
        "name:ja-Latn": "Tsudanuma",
        "name:ko": "쓰다누마",
        "name:ru": "Цуданума",
        "operator": "東日本旅客鉄道",
        "platforms": "6",
        "public_transport": "station",
        "railway": "station",
        "ref": "JB33;JO26",
        "voltage": "1500",
        "wheelchair": "yes",
        "wikidata": "Q801534",
        "wikipedia": "ja:津田沼駅"
      },
      "geometry": {
        "type": "Point",
        "coordinates": [
          140.02019,
          35.6913892
        ]
      },
      "id": "node/7865838615"
    },
    {
      "type": "Feature",
      "properties": {
        "@id": "node/7865838617",
        "maxspeed": "95",
        "name": "下総中山",
        "name:en": "Shimosa-Nakayama",
        "name:it": "Shimosa-Nakayama",
        "name:ja": "下総中山",
        "name:ja-Hira": "しもうさなかやま",
        "name:ja-Latn": "Shimōsa-Nakayama",
        "name:ko": "시모사나카야마",
        "name:ru": "Симоса-Накаяма",
        "operator": "東日本旅客鉄道",
        "platforms": "2",
        "public_transport": "station",
        "railway": "station",
        "source": "bing",
        "wikidata": "Q1067586",
        "wikipedia": "ja:下総中山駅"
      },
      "geometry": {
        "type": "Point",
        "coordinates": [
          139.9430627,
          35.7143085
        ]
      },
      "id": "node/7865838617"
    },
    {
      "type": "Feature",
      "properties": {
        "@id": "node/7865838618",
        "maxspeed": "95",
        "name": "本八幡",
        "name:en": "Moto-Yawata",
        "name:it": "Moto-Yawata",
        "name:ja": "本八幡",
        "name:ja-Hira": "もとやわた",
        "name:ja-Latn": "Moto Yawata",
        "name:ko": "모토야와타",
        "name:ru": "Мотоявата",
        "operator": "東日本旅客鉄道",
        "platforms": "2",
        "public_transport": "station",
        "railway": "station",
        "source": "Bing 2010;(URL)",
        "wheelchair": "yes",
        "wikidata": "Q1142065",
        "wikipedia": "ja:本八幡駅"
      },
      "geometry": {
        "type": "Point",
        "coordinates": [
          139.9272184,
          35.7209255
        ]
      },
      "id": "node/7865838618"
    },
    {
      "type": "Feature",
      "properties": {
        "@id": "node/7865838620",
        "contact:website": "https://www.jreast.co.jp/estation/station/info.aspx?StationCd=136",
        "maxspeed": "95",
        "name": "市川",
        "name:en": "Ichikawa",
        "name:it": "Ichikawa",
        "name:ja": "市川",
        "name:ja-Hira": "いちかわ",
        "name:ja-Latn": "Ichikawa",
        "name:ko": "이치카와",
        "name:ru": "Итикава",
        "operator": "東日本旅客鉄道",
        "platforms": "4",
        "public_transport": "station",
        "railway": "station",
        "ref": "JB27;JO24",
        "source": "bing",
        "voltage": "1500",
        "wheelchair": "yes",
        "wikidata": "Q1067608",
        "wikipedia": "ja:市川駅"
      },
      "geometry": {
        "type": "Point",
        "coordinates": [
          139.908165,
          35.7288545
        ]
      },
      "id": "node/7865838620"
    },
    {
      "type": "Feature",
      "properties": {
        "@id": "node/7865838628",
        "maxspeed": "95",
        "name": "新検見川",
        "name:en": "Shin-Kemigawa",
        "name:it": "Shin-Kemigawa",
        "name:ja": "新検見川",
        "name:ja-Hira": "しんけみがわ",
        "name:ja-Latn": "Shin-Kemigawa",
        "name:ko": "신케미가와",
        "name:ru": "Син-Кемигава",
        "operator": "東日本旅客鉄道",
        "platforms": "2",
        "public_transport": "station",
        "railway": "station",
        "source": "bing",
        "wikidata": "Q908760",
        "wikipedia": "ja:新検見川駅"
      },
      "geometry": {
        "type": "Point",
        "coordinates": [
          140.0730979,
          35.6517845
        ]
      },
      "id": "node/7865838628"
    },
    {
      "type": "Feature",
      "properties": {
        "@id": "node/7865838630",
        "contact:website": "https://www.jreast.co.jp/estation/station/info.aspx?StationCd=146",
        "maxspeed": "95",
        "name": "稲毛",
        "name:en": "Inage",
        "name:it": "Inage",
        "name:ja": "稲毛",
        "name:ja-Hira": "いなげ",
        "name:ja-Latn": "Inage",
        "name:ko": "이나게",
        "name:ru": "Инаге",
        "operator": "東日本旅客鉄道",
        "platforms": "4",
        "public_transport": "station",
        "railway": "station",
        "ref": "JB37;JO27",
        "source": "Bing 2010",
        "voltage": "1500",
        "wikidata": "Q909403",
        "wikipedia": "ja:稲毛駅"
      },
      "geometry": {
        "type": "Point",
        "coordinates": [
          140.0925681,
          35.6370803
        ]
      },
      "id": "node/7865838630"
    },
    {
      "type": "Feature",
      "properties": {
        "@id": "node/7865838634",
        "maxspeed": "95",
        "name": "西千葉",
        "name:en": "Nishi-Chiba",
        "name:it": "Nishi-Chiba",
        "name:ja": "西千葉",
        "name:ja-Hira": "にしちば",
        "name:ja-Latn": "Nishi-Chiba",
        "name:ko": "니시치바",
        "name:ru": "Ниси-Тиба",
        "operator": "東日本旅客鉄道",
        "public_transport": "station",
        "railway": "station",
        "source": "bing",
        "wikidata": "Q1067240",
        "wikipedia": "ja:西千葉駅"
      },
      "geometry": {
        "type": "Point",
        "coordinates": [
          140.1031253,
          35.6227266
        ]
      },
      "id": "node/7865838634"
    },
    {
      "type": "Feature",
      "properties": {
        "@id": "node/7881229778",
        "name": "馬橋",
        "name:en": "Mabashi",
        "name:ja": "馬橋",
        "name:ja-Hira": "まばし",
        "name:ja_rm": "Mabashi",
        "name:ko": "마바시",
        "operator": "流鉄",
        "operator:en": "Ryutetsu",
        "operator:ja": "流鉄",
        "operator:ja_rm": "Ryūtetsu",
        "platforms": "2",
        "public_transport": "station",
        "railway": "station",
        "wheelchair": "yes"
      },
      "geometry": {
        "type": "Point",
        "coordinates": [
          139.9171208,
          35.8121178
        ]
      },
      "id": "node/7881229778"
    },
    {
      "type": "Feature",
      "properties": {
        "@id": "node/7881229780",
        "name": "幸谷",
        "name:en": "Koya",
        "name:ja": "幸谷",
        "name:ja-Hira": "こうや",
        "name:ja_rm": "Kōya",
        "name:ko": "고야",
        "operator": "流鉄",
        "platforms": "1",
        "public_transport": "station",
        "railway": "station",
        "source": "bing; GSI/KIBAN 2500; NARO",
        "wikidata": "Q11484081",
        "wikipedia": "ja:幸谷駅"
      },
      "geometry": {
        "type": "Point",
        "coordinates": [
          139.9198204,
          35.8265973
        ]
      },
      "id": "node/7881229780"
    },
    {
      "type": "Feature",
      "properties": {
        "@id": "node/7881229781",
        "name": "小金城趾",
        "name:en": "Koganejoshi",
        "name:ja": "小金城趾",
        "name:ja-Hira": "こがねじょうし",
        "name:ja_rm": "Koganejōshi",
        "name:ko": "고가네조시",
        "operator": "流鉄",
        "platforms": "2",
        "public_transport": "station",
        "railway": "station",
        "source": "bing; GSI/KIBAN 2500; NARO",
        "wikidata": "Q11464338",
        "wikipedia": "ja:小金城趾駅"
      },
      "geometry": {
        "type": "Point",
        "coordinates": [
          139.9173419,
          35.8357466
        ]
      },
      "id": "node/7881229781"
    },
    {
      "type": "Feature",
      "properties": {
        "@id": "node/7881229783",
        "name": "鰭ヶ崎",
        "name:en": "Hiregasaki",
        "name:ja": "鰭ヶ崎",
        "name:ja-Hira": "ひれがさき",
        "name:ja_rm": "Hiregasaki",
        "name:ko": "히레가사키",
        "operator": "流鉄",
        "platforms": "1",
        "public_transport": "station",
        "railway": "station",
        "source": "bing; GSI/KIBAN 2500; NARO",
        "wheelchair": "yes",
        "wikidata": "Q11674329",
        "wikipedia": "ja:鰭ヶ崎駅"
      },
      "geometry": {
        "type": "Point",
        "coordinates": [
          139.910894,
          35.84101
        ]
      },
      "id": "node/7881229783"
    },
    {
      "type": "Feature",
      "properties": {
        "@id": "node/7881229784",
        "name": "平和台",
        "name:en": "Heiwadai",
        "name:ja": "平和台",
        "name:ja-Hira": "へいわだい",
        "name:ja_rm": "Heiwadai",
        "name:ko": "헤이와다이",
        "operator": "流鉄",
        "platforms": "1",
        "public_transport": "station",
        "railway": "station",
        "source": "bing; GSI/KIBAN 2500; NARO",
        "wikidata": "Q11482225",
        "wikipedia": "ja:平和台駅 (千葉県)"
      },
      "geometry": {
        "type": "Point",
        "coordinates": [
          139.9010892,
          35.8508775
        ]
      },
      "id": "node/7881229784"
    },
    {
      "type": "Feature",
      "properties": {
        "@id": "node/7882288883",
        "name": "船橋法典",
        "name:en": "Funabashi-Hoten",
        "name:ja": "船橋法典",
        "name:ja-Hira": "ふなばしほうてん",
        "name:ja-Latn": "Funabashi-Hōten",
        "name:ko": "후나바시호텐",
        "operator": "東日本旅客鉄道",
        "platforms": "2",
        "public_transport": "station",
        "railway": "station",
        "ref": "JM11",
        "wheelchair": "yes",
        "wikidata": "Q2743695",
        "wikipedia": "ja:船橋法典駅"
      },
      "geometry": {
        "type": "Point",
        "coordinates": [
          139.9665697,
          35.7308739
        ]
      },
      "id": "node/7882288883"
    },
    {
      "type": "Feature",
      "properties": {
        "@id": "node/7882334785",
        "name": "市川大野",
        "name:en": "Ichikawa-Ono",
        "name:ja": "市川大野",
        "name:ja-Hira": "いちかわおおの",
        "name:ja-Latn": "Ichikawa-Ōno",
        "name:ko": "이치카와오노",
        "note": "National-Land Numerical Information (Railway) 2007, MLIT Japan",
        "operator": "東日本旅客鉄道",
        "platforms": "2",
        "public_transport": "station",
        "railway": "station",
        "ref": "JM12",
        "source": "KSJ2",
        "source_ref": "http://w3land.mlit.go.jp/ksj2/datalist/N02.html",
        "wheelchair": "yes",
        "wikidata": "Q2783576",
        "wikipedia": "ja:市川大野駅"
      },
      "geometry": {
        "type": "Point",
        "coordinates": [
          139.9512773,
          35.75539
        ]
      },
      "id": "node/7882334785"
    },
    {
      "type": "Feature",
      "properties": {
        "@id": "node/7882334787",
        "name": "東松戸",
        "name:en": "Higashi-Matsudo",
        "name:ja": "東松戸",
        "name:ja-Hira": "ひがしまつど",
        "name:ja-Latn": "Higashi-Matsudo",
        "name:ko": "히가시마쓰도",
        "name:ru": "Хигаси-Мацудо",
        "operator": "東日本旅客鉄道",
        "operator:en": "East Japan Railway",
        "operator:ja": "東日本旅客鉄道",
        "operator:ja_rm": "Higashi-Nihon Ryokaku Tetsudō",
        "platforms": "4",
        "public_transport": "station",
        "railway": "station",
        "ref": "JM13",
        "wikidata": "Q3467990",
        "wikipedia": "ja:東松戸駅"
      },
      "geometry": {
        "type": "Point",
        "coordinates": [
          139.9439984,
          35.7702756
        ]
      },
      "id": "node/7882334787"
    },
    {
      "type": "Feature",
      "properties": {
        "@id": "node/7882334789",
        "name": "新八柱",
        "name:en": "Shin-Yahashira",
        "name:ja": "新八柱",
        "name:ja-Hira": "しんやはしら",
        "name:ja-Latn": "Shin-Yahashira",
        "name:ko": "신야하시라",
        "operator": "東日本旅客鉄道",
        "platforms": "2",
        "public_transport": "station",
        "railway": "station",
        "ref": "JM14",
        "source": "bing",
        "wheelchair": "no",
        "wikidata": "Q3525564",
        "wikipedia": "ja:新八柱駅"
      },
      "geometry": {
        "type": "Point",
        "coordinates": [
          139.9383839,
          35.7919514
        ]
      },
      "id": "node/7882334789"
    },
    {
      "type": "Feature",
      "properties": {
        "@id": "node/7882334792",
        "contact:website": "https://www.jreast.co.jp/estation/station/info.aspx?StationCd=1495",
        "name": "南流山",
        "name:en": "Minami-Nagareyama",
        "name:ja": "南流山",
        "name:ja-Hira": "みなみながれやま",
        "name:ja-Latn": "Minami-Nagareyama",
        "name:ko": "미나미나가레야마",
        "operator": "東日本旅客鉄道",
        "operator:en": "East Japan Railway Company",
        "operator:ja": "東日本旅客鉄道",
        "operator:wikidata": "Q499071",
        "platforms": "2",
        "public_transport": "station",
        "railway": "station",
        "ref": "JM16",
        "source": "bing",
        "wheelchair": "yes",
        "wikidata": "Q267770",
        "wikipedia": "ja:南流山駅"
      },
      "geometry": {
        "type": "Point",
        "coordinates": [
          139.9043628,
          35.8376527
        ]
      },
      "id": "node/7882334792"
    },
    {
      "type": "Feature",
      "properties": {
        "@id": "node/7962936924",
        "name": "新津田沼",
        "name:en": "Shin-Tsudanuma",
        "name:ja": "新津田沼",
        "name:ja-Hira": "しんつだぬま",
        "name:ja-Latn": "Shin-Tsudanuma",
        "name:ko": "신쓰다누마",
        "network": "京成電鉄",
        "network:en": "Keisei Electric Railway",
        "network:ja": "京成電鉄",
        "network:wikidata": "Q83538",
        "operator": "京成電鉄",
        "platforms": "2",
        "public_transport": "station",
        "railway": "station",
        "ref": "KS66",
        "source": "Bing;GSI/KIBAN 2500;NARO",
        "start_date": "1968-05-14",
        "train": "yes",
        "wheelchair": "yes",
        "wikidata": "Q285362",
        "wikipedia": "ja:新津田沼駅"
      },
      "geometry": {
        "type": "Point",
        "coordinates": [
          140.0233482,
          35.690358
        ]
      },
      "id": "node/7962936924"
    },
    {
      "type": "Feature",
      "properties": {
        "@id": "node/7962936926",
        "name": "前原",
        "name:en": "Maebara",
        "name:ja": "前原",
        "name:ja-Hira": "まえばら",
        "name:ja_rm": "Maebara",
        "name:ko": "마에바라",
        "network": "京成電鉄",
        "network:en": "Keisei Electric Railway",
        "network:ja": "京成電鉄",
        "network:wikidata": "Q83538",
        "operator": "京成電鉄",
        "platforms": "2",
        "public_transport": "station",
        "railway": "station",
        "ref": "KS67",
        "source": "bing; GSI/KIBAN 2500; NARO",
        "train": "yes",
        "wheelchair": "yes",
        "wikidata": "Q11397077",
        "wikipedia": "ja:前原駅"
      },
      "geometry": {
        "type": "Point",
        "coordinates": [
          140.027839,
          35.7009518
        ]
      },
      "id": "node/7962936926"
    },
    {
      "type": "Feature",
      "properties": {
        "@id": "node/7962936928",
        "name": "薬園台",
        "name:en": "Yakuendai",
        "name:es": "Yakuendai",
        "name:ja": "薬園台",
        "name:ja-Hira": "やくえんだい",
        "name:ja_rm": "Yakuendai",
        "name:ko": "야쿠엔다이",
        "operator": "京成電鉄",
        "platforms": "2",
        "public_transport": "station",
        "railway": "station",
        "ref": "KS68",
        "source": "bing;GSI/KIBAN 2500;NARO",
        "wheelchair": "yes",
        "wikidata": "Q8047226",
        "wikipedia": "ja:薬園台駅"
      },
      "geometry": {
        "type": "Point",
        "coordinates": [
          140.0377036,
          35.7101593
        ]
      },
      "id": "node/7962936928"
    },
    {
      "type": "Feature",
      "properties": {
        "@id": "node/7962936929",
        "name": "習志野",
        "name:en": "Narashino",
        "name:ja": "習志野",
        "name:ja-Hira": "ならしの",
        "name:ja_rm": "Narashino",
        "name:ko": "나라시노",
        "operator": "京成電鉄",
        "platforms": "2",
        "public_transport": "station",
        "railway": "station",
        "ref": "KS69",
        "source": "bing; GSI/KIBAN 2500; NARO",
        "wheelchair": "yes",
        "wikidata": "Q6965411",
        "wikipedia": "ja:習志野駅"
      },
      "geometry": {
        "type": "Point",
        "coordinates": [
          140.0427119,
          35.7151548
        ]
      },
      "id": "node/7962936929"
    },
    {
      "type": "Feature",
      "properties": {
        "@id": "node/7962936930",
        "name": "高根公団",
        "name:en": "Takanekodan",
        "name:ja": "高根公団",
        "name:ja-Hira": "たかねこうだん",
        "name:ja_rm": "Takanekōdan",
        "name:ko": "다카네코단",
        "operator": "京成電鉄",
        "platforms": "2",
        "public_transport": "station",
        "railway": "station",
        "ref": "KS72",
        "source": "bing; GSI/KIBAN 2500; NARO",
        "wheelchair": "yes",
        "wikidata": "Q7677176",
        "wikipedia": "ja:高根公団駅"
      },
      "geometry": {
        "type": "Point",
        "coordinates": [
          140.0296623,
          35.7302213
        ]
      },
      "id": "node/7962936930"
    },
    {
      "type": "Feature",
      "properties": {
        "@id": "node/7962936932",
        "name": "滝不動",
        "name:en": "Takifudo",
        "name:ja": "滝不動",
        "name:ja-Hira": "たきふどう",
        "name:ja_rm": "Takifudō",
        "name:ko": "다키후도",
        "operator": "京成電鉄",
        "public_transport": "station",
        "railway": "station",
        "ref": "KS73",
        "source": "bing; GSI/KIBAN 2500; NARO",
        "wheelchair": "yes",
        "wikidata": "Q11565062",
        "wikipedia": "ja:滝不動駅"
      },
      "geometry": {
        "type": "Point",
        "coordinates": [
          140.0259856,
          35.7377176
        ]
      },
      "id": "node/7962936932"
    },
    {
      "type": "Feature",
      "properties": {
        "@id": "node/7962936933",
        "name": "三咲",
        "name:en": "Misaki",
        "name:ja": "三咲",
        "name:ja-Hira": "みさき",
        "name:ja_rm": "Misaki",
        "name:ko": "미사키",
        "operator": "京成電鉄",
        "platforms": "2",
        "public_transport": "station",
        "railway": "station",
        "ref": "KS74",
        "source": "bing; GSI/KIBAN 2500; NARO",
        "wheelchair": "yes",
        "wikidata": "Q6875087",
        "wikipedia": "ja:三咲駅"
      },
      "geometry": {
        "type": "Point",
        "coordinates": [
          140.0285203,
          35.749075
        ]
      },
      "id": "node/7962936933"
    },
    {
      "type": "Feature",
      "properties": {
        "@id": "node/7962936935",
        "name": "二和向台",
        "name:en": "Futawamukodai",
        "name:ja": "二和向台",
        "name:ja-Hira": "ふたわむこうだい",
        "name:ja_rm": "Futawamukōdai",
        "name:ko": "후타와무코다이",
        "operator": "京成電鉄",
        "platforms": "2",
        "public_transport": "station",
        "railway": "station",
        "ref": "KS75",
        "source": "bing; GSI/KIBAN 2500; NARO",
        "wheelchair": "yes",
        "wikidata": "Q5510499",
        "wikipedia": "ja:二和向台駅"
      },
      "geometry": {
        "type": "Point",
        "coordinates": [
          140.0234806,
          35.7539866
        ]
      },
      "id": "node/7962936935"
    },
    {
      "type": "Feature",
      "properties": {
        "@id": "node/7962936937",
        "name": "鎌ヶ谷大仏",
        "name:en": "Kamagayadaibutsu",
        "name:ja": "鎌ヶ谷大仏",
        "name:ja-Hira": "かまがやだいぶつ",
        "name:ja_rm": "Kamagayadaibutsu",
        "name:ko": "가마가야다이부쓰",
        "operator": "京成電鉄",
        "platforms": "2",
        "public_transport": "station",
        "railway": "station",
        "ref": "KS76",
        "source": "bing; GSI/KIBAN 2500; NARO",
        "wheelchair": "yes",
        "wikidata": "Q12060945",
        "wikipedia": "ja:鎌ヶ谷大仏駅"
      },
      "geometry": {
        "type": "Point",
        "coordinates": [
          140.0138359,
          35.7579124
        ]
      },
      "id": "node/7962936937"
    },
    {
      "type": "Feature",
      "properties": {
        "@id": "node/7962936940",
        "name": "初富",
        "name:en": "Hatsutomi",
        "name:ja": "初富",
        "name:ja-Hira": "はつとみ",
        "name:ja_rm": "Hatsutomi",
        "name:ko": "하쓰토미",
        "operator": "京成電鉄",
        "platforms": "2",
        "public_transport": "station",
        "railway": "station",
        "ref": "KS77",
        "source": "bing; GSI/KIBAN 2500; NARO",
        "wheelchair": "yes",
        "wikidata": "Q5367450",
        "wikipedia": "ja:初富駅"
      },
      "geometry": {
        "type": "Point",
        "coordinates": [
          140.0005603,
          35.7722092
        ]
      },
      "id": "node/7962936940"
    },
    {
      "type": "Feature",
      "properties": {
        "@id": "node/7962936941",
        "name": "新鎌ヶ谷",
        "name:en": "Shin-kamagaya",
        "name:ja": "新鎌ヶ谷",
        "name:ja-Hira": "しんかまがや",
        "name:ja_rm": "Shin-kamagaya",
        "name:ko": "신카마가야",
        "operator": "京成電鉄",
        "platforms": "2",
        "public_transport": "station",
        "railway": "station",
        "ref": "KS78",
        "source": "bing; GSI/KIBAN 2500; NARO",
        "wheelchair": "yes",
        "wikidata": "Q842992",
        "wikipedia": "ja:新鎌ヶ谷駅"
      },
      "geometry": {
        "type": "Point",
        "coordinates": [
          139.9985225,
          35.7792973
        ]
      },
      "id": "node/7962936941"
    },
    {
      "type": "Feature",
      "properties": {
        "@id": "node/7962936943",
        "name": "北初富",
        "name:en": "Kita-hatsutomi",
        "name:ja": "北初富",
        "name:ja-Hira": "きたはつとみ",
        "name:ja_rm": "Kita-hatsutomi",
        "name:ko": "기타하쓰토미",
        "network": "京成電鉄",
        "network:en": "Keisei Electric Railway",
        "network:ja": "京成電鉄",
        "network:wikidata": "Q83538",
        "operator": "京成電鉄",
        "operator:ja": "京成電鉄",
        "platforms": "2",
        "public_transport": "station",
        "railway": "station",
        "ref": "KS79",
        "source": "bing; GSI/KIBAN 2500; NARO",
        "train": "yes",
        "wheelchair": "yes",
        "wikidata": "Q6445119",
        "wikipedia": "ja:くぬぎ山駅"
      },
      "geometry": {
        "type": "Point",
        "coordinates": [
          139.9918248,
          35.7772205
        ]
      },
      "id": "node/7962936943"
    },
    {
      "type": "Feature",
      "properties": {
        "@id": "node/7962936945",
        "name": "くぬぎ山",
        "name:en": "Kunugiyama",
        "name:ja": "くぬぎ山",
        "name:ja-Hira": "くぬぎやま",
        "name:ja_rm": "Kunugiyama",
        "name:ko": "구누기야마",
        "operator": "京成電鉄",
        "platforms": "2",
        "public_transport": "station",
        "railway": "station",
        "ref": "KS80",
        "source": "bing; GSI/KIBAN 2500; NARO",
        "wheelchair": "yes",
        "wikidata": "Q6445119",
        "wikipedia": "ja:くぬぎ山駅"
      },
      "geometry": {
        "type": "Point",
        "coordinates": [
          139.9757175,
          35.7822925
        ]
      },
      "id": "node/7962936945"
    },
    {
      "type": "Feature",
      "properties": {
        "@id": "node/7962936947",
        "name": "元山",
        "name:en": "Motoyama",
        "name:ja": "元山",
        "name:ja-Hira": "もとやま",
        "name:ja_rm": "Motoyama",
        "name:ko": "모토야마",
        "operator": "京成電鉄",
        "platforms": "2",
        "public_transport": "station",
        "railway": "station",
        "ref": "KS81",
        "source": "bing; GSI/KIBAN 2500; NARO",
        "wheelchair": "yes",
        "wikidata": "Q6918571",
        "wikipedia": "ja:元山駅 (千葉県)"
      },
      "geometry": {
        "type": "Point",
        "coordinates": [
          139.9758291,
          35.7902188
        ]
      },
      "id": "node/7962936947"
    },
    {
      "type": "Feature",
      "properties": {
        "@id": "node/7962936949",
        "name": "五香",
        "name:en": "Goko",
        "name:ja": "五香",
        "name:ja-Hira": "ごこう",
        "name:ja_rm": "Gokō",
        "name:ko": "고코",
        "operator": "京成電鉄",
        "platforms": "2",
        "public_transport": "station",
        "railway": "station",
        "ref": "KS82",
        "source": "Bing 2010",
        "wheelchair": "yes",
        "wikidata": "Q5578138",
        "wikipedia": "ja:五香駅"
      },
      "geometry": {
        "type": "Point",
        "coordinates": [
          139.9659283,
          35.7969782
        ]
      },
      "id": "node/7962936949"
    },
    {
      "type": "Feature",
      "properties": {
        "@id": "node/7962936951",
        "name": "常盤平",
        "name:en": "Tokiwadaira",
        "name:ja": "常盤平",
        "name:ja-Hira": "ときわだいら",
        "name:ja_rm": "Tokiwadaira",
        "name:ko": "도키와다이라",
        "operator": "京成電鉄",
        "platforms": "2",
        "public_transport": "station",
        "railway": "station",
        "ref": "KS83",
        "source": "bing; GSI/KIBAN 2500; NARO",
        "wheelchair": "yes",
        "wikidata": "Q7813628",
        "wikipedia": "ja:常盤平駅"
      },
      "geometry": {
        "type": "Point",
        "coordinates": [
          139.9501113,
          35.8033631
        ]
      },
      "id": "node/7962936951"
    },
    {
      "type": "Feature",
      "properties": {
        "@id": "node/7962936953",
        "name": "八柱",
        "name:en": "Yabashira",
        "name:ja": "八柱",
        "name:ja-Hira": "やばしら",
        "name:ja_rm": "Yabashira",
        "name:ko": "야바시라",
        "operator": "京成電鉄",
        "platforms": "2",
        "public_transport": "station",
        "railway": "station",
        "ref": "KS84",
        "source": "bing; GSI/KIBAN 2500; NARO",
        "wheelchair": "yes",
        "wikidata": "Q5367230",
        "wikipedia": "ja:八柱駅"
      },
      "geometry": {
        "type": "Point",
        "coordinates": [
          139.937639,
          35.7915908
        ]
      },
      "id": "node/7962936953"
    },
    {
      "type": "Feature",
      "properties": {
        "@id": "node/7962936955",
        "name": "みのり台",
        "name:en": "Minoridai",
        "name:ja": "みのり台",
        "name:ja-Hira": "みのりだい",
        "name:ja_rm": "Minoridai",
        "name:ko": "미노리다이",
        "operator": "京成電鉄",
        "platforms": "2",
        "public_transport": "station",
        "railway": "station",
        "ref": "KS85",
        "source": "bing; GSI/KIBAN 2500; NARO",
        "wheelchair": "yes",
        "wikidata": "Q6869225",
        "wikipedia": "ja:みのり台駅"
      },
      "geometry": {
        "type": "Point",
        "coordinates": [
          139.9292041,
          35.7892922
        ]
      },
      "id": "node/7962936955"
    },
    {
      "type": "Feature",
      "properties": {
        "@id": "node/7962936957",
        "building": "train_station",
        "name": "松戸新田",
        "name:en": "Matsudo-Shinden",
        "name:ja": "松戸新田",
        "name:ja-Hira": "まつどしんでん",
        "name:ja_rm": "Matsudo-Shinden",
        "name:ko": "마쓰도신덴",
        "operator": "京成電鉄",
        "platforms": "2",
        "public_transport": "station",
        "railway": "station",
        "ref": "KS86",
        "source": "bing; GSI/KIBAN 2500; NARO",
        "wheelchair": "yes",
        "wikidata": "Q11530713",
        "wikipedia": "ja:松戸新田駅"
      },
      "geometry": {
        "type": "Point",
        "coordinates": [
          139.9226166,
          35.7906265
        ]
      },
      "id": "node/7962936957"
    },
    {
      "type": "Feature",
      "properties": {
        "@id": "node/7962936959",
        "building": "train_station",
        "name": "上本郷",
        "name:en": "Kamihongo",
        "name:ja": "上本郷",
        "name:ja-Hira": "かみほんごう",
        "name:ja_rm": "Kamihongō",
        "name:ko": "가미혼고",
        "operator": "京成電鉄",
        "platforms": "2",
        "public_transport": "station",
        "railway": "station",
        "ref": "KS87",
        "source": "bing; GSI/KIBAN 2500; NARO",
        "wheelchair": "yes",
        "wikidata": "Q6357786",
        "wikipedia": "ja:上本郷駅"
      },
      "geometry": {
        "type": "Point",
        "coordinates": [
          139.9162363,
          35.7896751
        ]
      },
      "id": "node/7962936959"
    },
    {
      "type": "Feature",
      "properties": {
        "@id": "node/7962936961",
        "name": "高根木戸",
        "name:en": "Takanekido",
        "name:ja": "高根木戸",
        "name:ja-Hira": "たかねきど",
        "name:ja_rm": "Takanekido",
        "name:ko": "다카네키도",
        "operator": "京成電鉄",
        "platforms": "2",
        "public_transport": "station",
        "railway": "station",
        "ref": "KS71",
        "source": "bing; GSI/KIBAN 2500; NARO",
        "wheelchair": "yes",
        "wikidata": "Q7677174",
        "wikipedia": "ja:高根木戸駅"
      },
      "geometry": {
        "type": "Point",
        "coordinates": [
          140.0347504,
          35.7267329
        ]
      },
      "id": "node/7962936961"
    },
    {
      "type": "Feature",
      "properties": {
        "@id": "node/7966050102",
        "name": "西白井",
        "name:en": "Nishi-Shiroi",
        "name:ja": "西白井",
        "name:ja-Hira": "にししろい",
        "name:ja_rm": "Nishi Shiroi",
        "name:ko": "니시시로이",
        "name:ru": "Ниси Сирой",
        "operator": "北総鉄道",
        "operator:en": "Hokuso Railway",
        "operator:ja": "北総鉄道",
        "platforms": "2",
        "public_transport": "station",
        "railway": "station",
        "ref": "HS09",
        "wikidata": "Q5367967",
        "wikipedia": "ja:西白井駅"
      },
      "geometry": {
        "type": "Point",
        "coordinates": [
          140.0316518,
          35.7843686
        ]
      },
      "id": "node/7966050102"
    },
    {
      "type": "Feature",
      "properties": {
        "@id": "node/7966050104",
        "name": "白井",
        "name:en": "Shiroi",
        "name:ja": "白井",
        "name:ja-Hira": "しろい",
        "name:ja_rm": "Shiroi",
        "name:ko": "시로이",
        "name:ru": "Сирой",
        "operator": "北総鉄道",
        "operator:en": "Hokuso Railway",
        "operator:ja": "北総鉄道",
        "platforms": "2",
        "public_transport": "station",
        "railway": "station",
        "ref": "HS10",
        "wikidata": "Q7498913",
        "wikipedia": "ja:白井駅"
      },
      "geometry": {
        "type": "Point",
        "coordinates": [
          140.0540933,
          35.7847387
        ]
      },
      "id": "node/7966050104"
    },
    {
      "type": "Feature",
      "properties": {
        "@id": "node/7966050113",
        "name": "大町",
        "name:en": "Omachi",
        "name:ja": "大町",
        "name:ja-Hira": "おおまち",
        "name:ja_rm": "Ōmachi",
        "name:ko": "오마치",
        "name:ru": "Омати",
        "operator": "北総鉄道",
        "operator:en": "Hokuso Railway",
        "operator:ja": "北総鉄道",
        "platforms": "2",
        "public_transport": "station",
        "railway": "station",
        "ref": "HS07",
        "wikidata": "Q8081600",
        "wikipedia": "ja:大町駅 (千葉県)"
      },
      "geometry": {
        "type": "Point",
        "coordinates": [
          139.973586,
          35.7751536
        ]
      },
      "id": "node/7966050113"
    },
    {
      "type": "Feature",
      "properties": {
        "@id": "node/7966050115",
        "name": "松飛台",
        "name:en": "Matsuhidai",
        "name:ja": "松飛台",
        "name:ja-Hira": "まつひだい",
        "name:ja_rm": "Matsuhidai",
        "name:ko": "마쓰히다이",
        "name:ru": "Мацухидай",
        "operator": "北総鉄道",
        "operator:en": "Hokuso Railway",
        "operator:ja": "北総鉄道",
        "platforms": "2",
        "public_transport": "station",
        "railway": "station",
        "ref": "HS06",
        "wikidata": "Q6788097",
        "wikipedia": "ja:松飛台駅"
      },
      "geometry": {
        "type": "Point",
        "coordinates": [
          139.9576128,
          35.775351
        ]
      },
      "id": "node/7966050115"
    },
    {
      "type": "Feature",
      "properties": {
        "@id": "node/7966050116",
        "name": "秋山",
        "name:en": "Akiyama",
        "name:ja": "秋山",
        "name:ja-Hira": "あきやま",
        "name:ja_rm": "Akiyama",
        "name:ko": "아키야마",
        "operator": "北総鉄道",
        "operator:en": "Hokuso Railway",
        "operator:ja": "北総鉄道",
        "platforms": "2",
        "public_transport": "station",
        "railway": "station",
        "ref": "HS04",
        "wikidata": "Q858983",
        "wikipedia": "ja:秋山駅"
      },
      "geometry": {
        "type": "Point",
        "coordinates": [
          139.9307424,
          35.7652946
        ]
      },
      "id": "node/7966050116"
    },
    {
      "type": "Feature",
      "properties": {
        "@id": "node/7966050118",
        "name": "北国分",
        "name:en": "Kita-Kokubun",
        "name:ja": "北国分",
        "name:ja-Hira": "きたこくぶん",
        "name:ja_rm": "Kita Kokubun",
        "name:ko": "기타코쿠분",
        "name:ru": "Кита-Кокубун",
        "operator": "北総鉄道",
        "operator:en": "Hokuso Railway",
        "operator:ja": "北総鉄道",
        "platforms": "2",
        "public_transport": "station",
        "railway": "station",
        "ref": "HS03",
        "wikidata": "Q5366284",
        "wikipedia": "ja:北国分駅"
      },
      "geometry": {
        "type": "Point",
        "coordinates": [
          139.9140684,
          35.7629783
        ]
      },
      "id": "node/7966050118"
    },
    {
      "type": "Feature",
      "properties": {
        "@id": "node/7966050120",
        "name": "矢切",
        "name:en": "Yagiri",
        "name:ja": "矢切",
        "name:ja-Hira": "やぎり",
        "name:ja_rm": "Yagiri",
        "name:ko": "야기리",
        "name:ru": "Ягири",
        "operator": "北総鉄道",
        "operator:en": "Hokuso Railway",
        "operator:ja": "北総鉄道",
        "public_transport": "station",
        "railway": "station",
        "ref": "HS02",
        "wikidata": "Q5370868",
        "wikipedia": "ja:矢切駅"
      },
      "geometry": {
        "type": "Point",
        "coordinates": [
          139.9005501,
          35.7575055
        ]
      },
      "id": "node/7966050120"
    },
    {
      "type": "Feature",
      "properties": {
        "@id": "node/8043717177",
        "name": "西船橋",
        "name:de": "Nishi-Funabashi",
        "name:en": "Nishi-Funabashi",
        "name:es": "Nishi-Funabashi",
        "name:it": "Nishi-Funabashi",
        "name:ja": "西船橋",
        "name:ja-Hira": "にしふなばし",
        "name:ja-Latn": "Nishi-Funabashi",
        "name:ko": "니시후나바시",
        "name:ru": "Ниси-Фунабаси",
        "network": "東京メトロ;東葉高速線",
        "operator": "東京地下鉄;東葉高速鉄道",
        "operator:en": "Tokyo Metro;Toyo Rapid Railway",
        "operator:ja": "東京地下鉄;東葉高速鉄道",
        "operator:wikidata": "Q682894;Q11235089",
        "public_transport": "station",
        "railway": "station",
        "ref": "T23;TR01",
        "station": "subway",
        "wheelchair": "yes",
        "wikidata": "Q128803",
        "wikipedia": "ja:西船橋駅"
      },
      "geometry": {
        "type": "Point",
        "coordinates": [
          139.9588761,
          35.7072922
        ]
      },
      "id": "node/8043717177"
    },
    {
      "type": "Feature",
      "properties": {
        "@id": "node/8068316719",
        "name": "千葉寺",
        "name:en": "Chibadera",
        "name:ja": "千葉寺",
        "name:ja-Hira": "ちばでら",
        "name:ja_rm": "Chibadera",
        "name:ko": "지바데라",
        "network": "京成電鉄",
        "network:en": "Keisei Electric Railway",
        "network:ja": "京成電鉄",
        "network:wikidata": "Q83538",
        "operator": "京成電鉄",
        "public_transport": "station",
        "railway": "station",
        "ref": "KS61",
        "train": "yes",
        "wikidata": "Q11405986",
        "wikipedia": "ja:千葉寺駅"
      },
      "geometry": {
        "type": "Point",
        "coordinates": [
          140.1321843,
          35.5902969
        ]
      },
      "id": "node/8068316719"
    },
    {
      "type": "Feature",
      "properties": {
        "@id": "node/8068316725",
        "name": "おゆみ野",
        "name:en": "Oyumino",
        "name:ja": "おゆみ野",
        "name:ja-Hira": "おゆみの",
        "name:ja_rm": "Oyumino",
        "name:ko": "오유미노",
        "network": "京成電鉄",
        "network:en": "Keisei Electric Railway",
        "network:ja": "京成電鉄",
        "network:wikidata": "Q83538",
        "operator": "京成電鉄",
        "platforms": "2",
        "public_transport": "station",
        "railway": "station",
        "ref": "KS64",
        "train": "yes",
        "wikidata": "Q7116390",
        "wikipedia": "ja:おゆみ野駅"
      },
      "geometry": {
        "type": "Point",
        "coordinates": [
          140.1661277,
          35.5500759
        ]
      },
      "id": "node/8068316725"
    },
    {
      "type": "Feature",
      "properties": {
        "@id": "node/8073893291",
        "monorail": "yes",
        "name": "東京ディズニーシー・ステーション",
        "name:en": "Tokyo DisneySea Station",
        "name:es": "Estación Tokyo DisneySea",
        "name:ja": "東京ディズニーシー・ステーション",
        "name:ja-Hira": "とうきょうでぃずにーしー・すてーしょん",
        "name:ko": "도쿄 디즈니 시 스테이션",
        "name:ru": "Tokyo DisneySea",
        "name:zh": "東京迪士尼海洋站",
        "public_transport": "station",
        "railway": "station",
        "station": "monorail",
        "wikidata": "Q5368690",
        "wikipedia": "ja:東京ディズニーシー・ステーション駅"
      },
      "geometry": {
        "type": "Point",
        "coordinates": [
          139.8895705,
          35.6274495
        ]
      },
      "id": "node/8073893291"
    },
    {
      "type": "Feature",
      "properties": {
        "@id": "node/8073893292",
        "monorail": "yes",
        "name": "ベイサイド・ステーション",
        "name:en": "Bay Side Station",
        "name:es": "Estación Bayside",
        "name:ja": "ベイサイド・ステーション",
        "name:ja-Hira": "べいさいど・すてーしょん",
        "name:ja_rm": "Beisaido sutēshon",
        "name:ko": "베이사이드스테이션",
        "name:ru": "Bayside",
        "public_transport": "station",
        "railway": "station",
        "station": "monorail",
        "wikidata": "Q5368692",
        "wikipedia": "ja:ベイサイド・ステーション駅"
      },
      "geometry": {
        "type": "Point",
        "coordinates": [
          139.8763686,
          35.6278844
        ]
      },
      "id": "node/8073893292"
    },
    {
      "type": "Feature",
      "properties": {
        "@id": "node/8073893293",
        "monorail": "yes",
        "name": "東京ディズニーランド・ステーション",
        "name:en": "Tokyo Disneyland Station",
        "name:es": "Estación Tokyo Disneyland",
        "name:ja": "東京ディズニーランド・ステーション",
        "name:ja-Hira": "とうきょうでぃずにーらんど・すてーしょん",
        "name:ko": "도쿄디즈니랜드스테이션",
        "name:ru": "Tokyo Disneyland",
        "name:yue": "東京迪士尼樂園站",
        "name:zh": "东京迪斯尼乐园站",
        "public_transport": "station",
        "railway": "station",
        "station": "monorail",
        "wikidata": "Q5367499",
        "wikipedia": "ja:東京ディズニーランド・ステーション駅"
      },
      "geometry": {
        "type": "Point",
        "coordinates": [
          139.8786741,
          35.6359285
        ]
      },
      "id": "node/8073893293"
    },
    {
      "type": "Feature",
      "properties": {
        "@id": "node/8516031017",
        "addr:block_number": "2",
        "addr:city": "印西市",
        "addr:neighbourhood": "中央北二丁目",
        "addr:postcode": "270-1350",
        "addr:province": "千葉県",
        "branch": "千葉ニュータウン店",
        "brand": "ドン・キホーテ",
        "brand:en": "Don Quijote",
        "brand:ja": "ドン・キホーテ",
        "brand:wikidata": "Q1185381",
        "internet_access": "wlan",
        "name": "MEGAドン・キホーテ",
        "name:en": "MEGA Don Quijote",
        "name:ja": "MEGAドン・キホーテ",
        "opening_hours": "Mo-Su 10:00-00:00",
        "phone": "+81-570-032-701",
        "shop": "supermarket",
        "short_name": "MEGAドンキ",
        "short_name:en": "MegaDonki",
        "short_name:ja": "MEGAドンキ"
      },
      "geometry": {
        "type": "Point",
        "coordinates": [
          140.1115458,
          35.7999441
        ]
      },
      "id": "node/8516031017"
    },
    {
      "type": "Feature",
      "properties": {
        "@id": "node/8858738165",
        "highway": "motorway_junction",
        "name": "匝瑳西IC"
      },
      "geometry": {
        "type": "Point",
        "coordinates": [
          140.5269407,
          35.6826794
        ]
      },
      "id": "node/8858738165"
    },
    {
      "type": "Feature",
      "properties": {
        "@id": "node/9203645432",
        "highway": "motorway_junction",
        "name": "匝瑳西IC"
      },
      "geometry": {
        "type": "Point",
        "coordinates": [
          140.5236321,
          35.6803805
        ]
      },
      "id": "node/9203645432"
    },
    {
      "type": "Feature",
      "properties": {
        "@id": "node/9874736584",
        "highway": "services",
        "name": "道の駅白浜野島崎",
        "name:ja": "道の駅白浜野島崎",
        "source": "survey",
        "wikidata": "Q11641418",
        "wikipedia": "ja:道の駅白浜野島崎"
      },
      "geometry": {
        "type": "Point",
        "coordinates": [
          139.8773676,
          34.9061768
        ]
      },
      "id": "node/9874736584"
    },
    {
      "type": "Feature",
      "properties": {
        "@id": "node/10742616693",
        "name": "幕張豊砂",
        "name:en": "Makuhari-Toyosuna",
        "name:ja": "幕張豊砂",
        "name:ja-Hira": "まくはりとよすな",
        "name:ja-Latn": "Makuhari-Toyosuna",
        "name:ko": "마쿠하리토요스나",
        "operator": "東日本旅客鉄道",
        "platforms": "2",
        "public_transport": "station",
        "railway": "station",
        "ref": "JE13",
        "start_date": "2023-03-18",
        "train": "yes",
        "usage": "main",
        "wheelchair": "yes",
        "wikidata": "Q87064803",
        "wikipedia": "ja:幕張豊砂駅"
      },
      "geometry": {
        "type": "Point",
        "coordinates": [
          140.027359,
          35.6578775
        ]
      },
      "id": "node/10742616693"
    },
    {
      "type": "Feature",
      "properties": {
        "@id": "node/10984857595",
        "name": "五井",
        "name:en": "Goi",
        "name:ja": "五井",
        "name:ja-Hira": "ごい",
        "name:ja-Latn": "Goi",
        "name:ko": "고이",
        "name:ru": "Гои",
        "operator": "小湊鉄道",
        "operator:en": "Kominato Railway",
        "public_transport": "station",
        "railway": "station",
        "train": "yes",
        "website": "https://www.kominato.co.jp/station/goi/",
        "wheelchair": "limited",
        "wikidata": "Q573427",
        "wikipedia": "ja:五井駅"
      },
      "geometry": {
        "type": "Point",
        "coordinates": [
          140.0895814,
          35.5128424
        ]
      },
      "id": "node/10984857595"
    },
    {
      "type": "Feature",
      "properties": {
        "@id": "node/11201524572",
        "addr:block_number": "12",
        "addr:city": "佐倉市",
        "addr:housenumber": "3",
        "addr:neighbourhood": "六丁目",
        "addr:postcode": "285-0850",
        "addr:province": "千葉県",
        "addr:quarter": "西ユーカリが丘",
        "brand": "イオン",
        "brand:en": "AEON",
        "brand:ja": "イオン",
        "brand:wikidata": "Q11285951",
        "name": "イオン",
        "name:en": "AEON",
        "name:ja": "イオン",
        "operator": "イオンリテール",
        "phone": "+81-43-489-1600",
        "shop": "supermarket"
      },
      "geometry": {
        "type": "Point",
        "coordinates": [
          140.1502027,
          35.7262137
        ]
      },
      "id": "node/11201524572"
    },
    {
      "type": "Feature",
      "properties": {
        "@id": "node/11352788031",
        "highway": "motorway_junction",
        "name": "IC予定地"
      },
      "geometry": {
        "type": "Point",
        "coordinates": [
          140.3056714,
          35.3940427
        ]
      },
      "id": "node/11352788031"
    },
    {
      "type": "Feature",
      "properties": {
        "@id": "node/11483977772",
        "name": "上総東",
        "name:en": "Kazusa-Azuma",
        "name:ja": "上総東",
        "name:ja-Latn": "Kazusa-Azuma",
        "name:ko": "가즈사아즈마",
        "public_transport": "station",
        "railway": "station",
        "website": "https://isumirail.co.jp/tr1/kazusaazuma",
        "wikidata": "Q11360043",
        "wikipedia": "ja:上総東駅"
      },
      "geometry": {
        "type": "Point",
        "coordinates": [
          140.345084,
          35.2633483
        ]
      },
      "id": "node/11483977772"
    },
    {
      "type": "Feature",
      "properties": {
        "@id": "node/11483977773",
        "name": "新田野",
        "name:en": "Nittano",
        "name:ja": "新田野",
        "name:ja-Latn": "Nittano",
        "name:ko": "닛타노",
        "public_transport": "station",
        "railway": "station",
        "website": "https://isumirail.co.jp/tr1/nittano",
        "wikidata": "Q11503778",
        "wikipedia": "ja:新田野駅"
      },
      "geometry": {
        "type": "Point",
        "coordinates": [
          140.3280728,
          35.276481
        ]
      },
      "id": "node/11483977773"
    },
    {
      "type": "Feature",
      "properties": {
        "@id": "node/11483977789",
        "name": "国吉",
        "name:en": "Kuniyoshi",
        "name:ja": "国吉",
        "name:ja-Latn": "Kuniyoshi",
        "name:ko": "구니요시",
        "public_transport": "station",
        "railway": "station",
        "website": "https://isumirail.co.jp/tr1/kuniyoshi",
        "wikidata": "Q6444797",
        "wikipedia": "ja:国吉駅"
      },
      "geometry": {
        "type": "Point",
        "coordinates": [
          140.3137954,
          35.2805646
        ]
      },
      "id": "node/11483977789"
    },
    {
      "type": "Feature",
      "properties": {
        "@id": "node/11483977791",
        "name": "上総中川",
        "name:en": "Kazusa-Nakagawa",
        "name:ja": "上総中川",
        "name:ja-Latn": "Kazusa-Nakagawa",
        "name:ko": "가즈사나카가와",
        "public_transport": "station",
        "railway": "station",
        "website": "https://isumirail.co.jp/tr1/kazusanakagawa",
        "wikidata": "Q6381717",
        "wikipedia": "ja:上総中川駅"
      },
      "geometry": {
        "type": "Point",
        "coordinates": [
          140.2804763,
          35.2827011
        ]
      },
      "id": "node/11483977791"
    },
    {
      "type": "Feature",
      "properties": {
        "@id": "node/11483977793",
        "name": "城見ヶ丘",
        "name:en": "Shiromigaoka",
        "name:ja": "城見ヶ丘",
        "name:ja-Hira": "しろみがおか",
        "name:ja-Latn": "Shiromigaoka",
        "name:ko": "시로미가오카",
        "public_transport": "station",
        "railway": "station",
        "website": "https://isumirail.co.jp/tr1/shiromigaoka",
        "wikidata": "Q7498947",
        "wikipedia": "ja:城見ヶ丘駅"
      },
      "geometry": {
        "type": "Point",
        "coordinates": [
          140.2525511,
          35.2916957
        ]
      },
      "id": "node/11483977793"
    },
    {
      "type": "Feature",
      "properties": {
        "@id": "node/11483977794",
        "name": "大多喜",
        "name:en": "Otaki",
        "name:ja": "大多喜",
        "name:ja-Latn": "Ōtaki",
        "name:ko": "오타키",
        "public_transport": "station",
        "railway": "station",
        "source": "Bing",
        "toilets": "yes",
        "train": "yes",
        "website": "https://isumirail.co.jp/tr1/ootaki",
        "wikidata": "Q11434170",
        "wikipedia": "ja:大多喜駅"
      },
      "geometry": {
        "type": "Point",
        "coordinates": [
          140.2439889,
          35.286687
        ]
      },
      "id": "node/11483977794"
    },
    {
      "type": "Feature",
      "properties": {
        "@id": "node/11483977797",
        "name": "小谷松",
        "name:en": "Koyamatsu",
        "name:ja": "小谷松",
        "name:ja-Hira": "こやまつ",
        "name:ja-Latn": "Koyamatsu",
        "name:ko": "고야마쓰",
        "public_transport": "station",
        "railway": "station",
        "website": "https://isumirail.co.jp/tr1/koyamatsu",
        "wikidata": "Q6435135",
        "wikipedia": "ja:小谷松駅"
      },
      "geometry": {
        "type": "Point",
        "coordinates": [
          140.2514186,
          35.2687827
        ]
      },
      "id": "node/11483977797"
    },
    {
      "type": "Feature",
      "properties": {
        "@id": "node/11483977798",
        "name": "東総元",
        "name:en": "Higashi-Fusamoto",
        "name:ja": "東総元",
        "name:ja-Hira": "ひがしふさもと",
        "name:ja-Latn": "Higashi-Fusamoto",
        "name:ko": "히가시후사모토",
        "public_transport": "station",
        "railway": "station",
        "website": "https://isumirail.co.jp/tr1/higashifusamoto",
        "wikidata": "Q5753509",
        "wikipedia": "ja:東総元駅"
      },
      "geometry": {
        "type": "Point",
        "coordinates": [
          140.2476266,
          35.2594029
        ]
      },
      "id": "node/11483977798"
    },
    {
      "type": "Feature",
      "properties": {
        "@id": "node/11483977803",
        "name": "久我原",
        "name:en": "Kugahara",
        "name:ja": "久我原",
        "name:ja-Hira": "くがはら",
        "name:ja-Latn": "Kugahara",
        "name:ko": "구가하라",
        "public_transport": "station",
        "railway": "station",
        "website": "https://isumirail.co.jp/tr1/kugahara",
        "wikidata": "Q6441938",
        "wikipedia": "ja:久我原駅"
      },
      "geometry": {
        "type": "Point",
        "coordinates": [
          140.2478962,
          35.2500969
        ]
      },
      "id": "node/11483977803"
    },
    {
      "type": "Feature",
      "properties": {
        "@id": "node/11483977804",
        "name": "総元",
        "name:en": "Fusamoto",
        "name:ja": "総元",
        "name:ja-Hira": "ふさもと",
        "name:ja-Latn": "Fusamoto",
        "name:ko": "후사모토",
        "public_transport": "station",
        "railway": "station",
        "website": "https://isumirail.co.jp/tr1/fusamoto",
        "wikidata": "Q5509878",
        "wikipedia": "ja:総元駅"
      },
      "geometry": {
        "type": "Point",
        "coordinates": [
          140.2408587,
          35.2406328
        ]
      },
      "id": "node/11483977804"
    },
    {
      "type": "Feature",
      "properties": {
        "@id": "node/11483977809",
        "name": "西大原",
        "name:en": "Nishi-Ohara",
        "name:ja": "西大原",
        "name:ja-Latn": "Nishi-Ōhara",
        "name:ko": "니시오하라",
        "public_transport": "station",
        "railway": "station",
        "website": "https://isumirail.co.jp/tr1/nishioohara",
        "wikidata": "Q7040469",
        "wikipedia": "ja:西大原駅"
      },
      "geometry": {
        "type": "Point",
        "coordinates": [
          140.3779156,
          35.2605472
        ]
      },
      "id": "node/11483977809"
    },
    {
      "type": "Feature",
      "properties": {
        "@id": "node/11493159985",
        "name": "安房鴨川",
        "name:en": "Awa-Kamogawa",
        "name:ja": "安房鴨川",
        "name:ja-Hira": "あわかもがわ",
        "name:ja-Latn": "Awa-Kamogawa",
        "name:ko": "아와카모가와",
        "name:ru": "Ава-Камогава",
        "operator": "東日本旅客鉄道",
        "operator:en": "East Japan Railway Company",
        "platforms": "3",
        "public_transport": "station",
        "railway": "station",
        "train": "yes",
        "website": "https://www.jreast.co.jp/estation/stations/92.html",
        "wheelchair": "yes",
        "wikidata": "Q552842",
        "wikipedia": "ja:安房鴨川駅"
      },
      "geometry": {
        "type": "Point",
        "coordinates": [
          140.1037006,
          35.1076645
        ]
      },
      "id": "node/11493159985"
    },
    {
      "type": "Feature",
      "properties": {
        "@id": "node/11775214928",
        "highway": "motorway_junction",
        "name": "匝瑳IC"
      },
      "geometry": {
        "type": "Point",
        "coordinates": [
          140.5423933,
          35.6900886
        ]
      },
      "id": "node/11775214928"
    },
    {
      "type": "Feature",
      "properties": {
        "@id": "node/11824705122",
        "highway": "motorway_junction",
        "name": "銚子連絡道路IC予定地"
      },
      "geometry": {
        "type": "Point",
        "coordinates": [
          140.6174332,
          35.7124513
        ]
      },
      "id": "node/11824705122"
    },
    {
      "type": "Feature",
      "properties": {
        "@id": "node/11824730878",
        "highway": "motorway_junction",
        "name": "銚子連絡道路IC予定地"
      },
      "geometry": {
        "type": "Point",
        "coordinates": [
          140.5648807,
          35.6981205
        ]
      },
      "id": "node/11824730878"
    },
    {
      "type": "Feature",
      "properties": {
        "@id": "node/11824730887",
        "highway": "motorway_junction",
        "name": "銚子連絡道路IC予定地"
      },
      "geometry": {
        "type": "Point",
        "coordinates": [
          140.6517132,
          35.7074115
        ]
      },
      "id": "node/11824730887"
    },
    {
      "type": "Feature",
      "properties": {
        "@id": "node/11830852850",
        "highway": "motorway_junction",
        "name": "IC予定地"
      },
      "geometry": {
        "type": "Point",
        "coordinates": [
          140.3325776,
          35.386634
        ]
      },
      "id": "node/11830852850"
    },
    {
      "type": "Feature",
      "properties": {
        "@id": "node/12367246517",
        "addr:block_number": "1",
        "addr:city": "成田市",
        "addr:housenumber": "10",
        "addr:neighbourhood": "赤坂二丁目",
        "addr:postcode": "2860017",
        "addr:province": "千葉県",
        "name": "イオンスタイル",
        "name:en": "AEON STYLE",
        "name:ja": "イオンスタイル",
        "opening_hours": "Mo-Su 08:00-22:00",
        "operator": "イオンリテール",
        "phone": "+81 476 26 2111",
        "shop": "supermarket"
      },
      "geometry": {
        "type": "Point",
        "coordinates": [
          140.2900893,
          35.7782875
        ]
      },
      "id": "node/12367246517"
    },
    {
      "type": "Feature",
      "properties": {
        "@id": "node/13388755108",
        "name": "柏",
        "name:en": "Kashiwa",
        "name:ja": "柏",
        "name:ja-Hira": "かしわ",
        "name:ja-Latn": "Kashiwa",
        "name:ko": "가시와",
        "network": "東武鉄道",
        "network:en": "Tobu Railway",
        "network:ja": "東武鉄道",
        "network:wikidata": "Q1321914",
        "operator": "東武鉄道",
        "operator:en": "Tobu Railway",
        "operator:ja": "東武鉄道",
        "operator:ja-Latn": "Tōbu Tetsudō",
        "platforms": "4",
        "public_transport": "station",
        "railway": "station",
        "ref": "TD24",
        "train": "yes",
        "wheelchair": "yes",
        "wikidata": "Q865156",
        "wikipedia": "ja:柏駅"
      },
      "geometry": {
        "type": "Point",
        "coordinates": [
          139.9702928,
          35.8618609
        ]
      },
      "id": "node/13388755108"
    }
  ]
}