{
  "type": "FeatureCollection",
  "generator": "overpass-turbo",
  "copyright": "The data included in this document is from www.openstreetmap.org. The data is made available under ODbL.",
  "timestamp": "2026-08-26T10:15:49Z",
  "features": [
    {
      "type": "Feature",
      "properties": {
        "@id": "way/129533374",
        "branch": "溝ノ口店",
        "brand": "イトーヨーカドー",
        "brand:en": "Ito-Yokado",
        "brand:ja": "イトーヨーカドー",
        "brand:website": "https://www.itoyokado.co.jp/",
        "brand:wikidata": "Q3088746",
        "building": "retail",
        "building:levels": "3",
        "building:levels:underground": "1",
        "int_name": "Ito-Yokado",
        "name": "イトーヨーカドー",
        "name:en": "Ito-Yokado",
        "name:ja": "イトーヨーカドー",
        "name:ja-Hira": "いとーよーかどー",
        "name:ja-Latn": "Itō-yōkadō",
        "opening_hours": "10:00-21:00",
        "shop": "supermarket",
        "source": "Bing",
        "website": "https://stores.itoyokado.co.jp/131",
        "@geometry": "center"
      },
      "geometry": {
        "type": "Point",
        "coordinates": [
          139.6158532,
          35.5990147
        ]
      },
      "id": "way/129533374"
    },
    {
      "type": "Feature",
      "properties": {
        "@id": "way/151498184",
        "addr:block_number": "6",
        "addr:city": "大和市",
        "addr:housenumber": "1",
        "addr:neighbourhood": "渋谷六丁目",
        "addr:province": "神奈川県",
        "branch": "大和ショッピングセンター",
        "building": "retail",
        "building:levels": "3",
        "building:levels:underground": "1",
        "name": "イオン",
        "name:en": "AEON",
        "name:ja": "イオン",
        "name:ja_rm": "Ion",
        "shop": "mall",
        "source": "Bing",
        "website": "https://www.aeon.jp/aeon/yamato/",
        "wheelchair": "yes",
        "wikipedia": "ja:イオン大和ショッピングセンター",
        "@geometry": "center"
      },
      "geometry": {
        "type": "Point",
        "coordinates": [
          139.4662384,
          35.4347337
        ]
      },
      "id": "way/151498184"
    },
    {
      "type": "Feature",
      "properties": {
        "@id": "way/168586244",
        "highway": "services",
        "name": "道の駅 箱根峠",
        "source": "Bing",
        "@geometry": "center"
      },
      "geometry": {
        "type": "Point",
        "coordinates": [
          139.0156485,
          35.1866163
        ]
      },
      "id": "way/168586244"
    },
    {
      "type": "Feature",
      "properties": {
        "@id": "way/171674045",
        "addr:block_number": "2",
        "addr:city": "海老名市",
        "addr:housenumber": "5",
        "addr:neighbourhood": "3丁目",
        "addr:postcode": "243-0432",
        "addr:province": "神奈川県",
        "addr:quarter": "中央",
        "building": "retail",
        "building:colour": "#d3d6dd",
        "building:levels": "4",
        "description": "旧ショッパーズプラザ海老名\n総合スーパー部分は2026年6月4日開店予定",
        "name": "イオン海老名",
        "name:ja": "イオン海老名",
        "old_name": "ショッパーズプラザ海老名",
        "old_name:en": "SHOPPERS PLAZA EBINA",
        "old_name:ja": "ショッパーズプラザ海老名",
        "opening_hours": "Mo-Su 07:00-23:00",
        "shop": "mall",
        "source": "Bing;GSImaps/seamlessphoto;survey",
        "start_date": "2026-06-04",
        "website": "http://www.shoppers-plaza.jp/ebina/index.php",
        "wikidata": "Q11308176",
        "wikipedia": "ja:ショッパーズプラザ海老名",
        "@geometry": "center"
      },
      "geometry": {
        "type": "Point",
        "coordinates": [
          139.3905936,
          35.4505647
        ]
      },
      "id": "way/171674045"
    },
    {
      "type": "Feature",
      "properties": {
        "@id": "node/172522965",
        "name": "新子安",
        "name:en": "Shin-Koyasu",
        "name:ja": "新子安",
        "name:ja-Hira": "しんこやす",
        "name:ja_rm": "Shin-Koyasu",
        "name:ko": "신코야스",
        "name:ru": "Син-Коясу",
        "operator": "東日本旅客鉄道",
        "public_transport": "station",
        "railway": "station",
        "wikidata": "Q128314",
        "wikipedia": "ja:新子安駅"
      },
      "geometry": {
        "type": "Point",
        "coordinates": [
          139.6541635,
          35.4868754
        ]
      },
      "id": "node/172522965"
    },
    {
      "type": "Feature",
      "properties": {
        "@id": "node/207681395",
        "highway": "motorway_junction",
        "name": "横浜青葉IC/JCT",
        "name:en": "Yokohama-Aoba IC/JCT",
        "ref": "3-1",
        "source": "URL 2013",
        "wikidata": "Q11122297",
        "wikipedia": "ja:横浜青葉インターチェンジ"
      },
      "geometry": {
        "type": "Point",
        "coordinates": [
          139.5364155,
          35.5393123
        ]
      },
      "id": "node/207681395"
    },
    {
      "type": "Feature",
      "properties": {
        "@id": "node/243828552",
        "highway": "motorway_junction",
        "name": "綾瀬SIC",
        "ref": "4-1"
      },
      "geometry": {
        "type": "Point",
        "coordinates": [
          139.4149787,
          35.4459075
        ]
      },
      "id": "node/243828552"
    },
    {
      "type": "Feature",
      "properties": {
        "@id": "node/243829253",
        "highway": "motorway_junction",
        "name": "秦野中井ＩＣ",
        "ref": "5-2"
      },
      "geometry": {
        "type": "Point",
        "coordinates": [
          139.2303475,
          35.3509923
        ]
      },
      "id": "node/243829253"
    },
    {
      "type": "Feature",
      "properties": {
        "@id": "node/243829290",
        "highway": "motorway_junction",
        "name": "大井松田ＩＣ",
        "ref": "6"
      },
      "geometry": {
        "type": "Point",
        "coordinates": [
          139.1542628,
          35.3457671
        ]
      },
      "id": "node/243829290"
    },
    {
      "type": "Feature",
      "properties": {
        "@id": "node/252681887",
        "highway": "motorway_junction",
        "name": "東名川崎IC",
        "name:en": "Tomei-kawasaki",
        "ref": "3",
        "source": "URL 2013",
        "wikidata": "Q11103159",
        "wikipedia": "ja:東名川崎インターチェンジ"
      },
      "geometry": {
        "type": "Point",
        "coordinates": [
          139.5660168,
          35.584252
        ]
      },
      "id": "node/252681887"
    },
    {
      "type": "Feature",
      "properties": {
        "@id": "node/252835408",
        "highway": "motorway_junction",
        "name": "東名川崎IC",
        "name:en": "Tomei-kawasaki",
        "name:ja": "東名川崎IC",
        "ref": "3",
        "source": "URL 2013",
        "wikidata": "Q11103159",
        "wikipedia": "ja:東名川崎インターチェンジ"
      },
      "geometry": {
        "type": "Point",
        "coordinates": [
          139.5694304,
          35.5899404
        ]
      },
      "id": "node/252835408"
    },
    {
      "type": "Feature",
      "properties": {
        "@id": "node/253713768",
        "highway": "motorway_junction",
        "name": "日野ＩＣ",
        "name:en": "Hino IC",
        "name:es": "Hino IC",
        "ref": "5"
      },
      "geometry": {
        "type": "Point",
        "coordinates": [
          139.5859779,
          35.3805166
        ]
      },
      "id": "node/253713768"
    },
    {
      "type": "Feature",
      "properties": {
        "@id": "node/255525698",
        "highway": "motorway_junction",
        "name": "朝比奈ＩＣ",
        "name:en": "Asahina",
        "ref": "5"
      },
      "geometry": {
        "type": "Point",
        "coordinates": [
          139.590665,
          35.3390167
        ]
      },
      "id": "node/255525698"
    },
    {
      "type": "Feature",
      "properties": {
        "@id": "node/255526107",
        "highway": "motorway_junction",
        "name": "横須賀ＩＣ",
        "name:en": "Yokosuka",
        "ref": "7"
      },
      "geometry": {
        "type": "Point",
        "coordinates": [
          139.6315626,
          35.2798372
        ]
      },
      "id": "node/255526107"
    },
    {
      "type": "Feature",
      "properties": {
        "@id": "node/255526339",
        "highway": "motorway_junction",
        "name": "衣笠ＩＣ",
        "name:en": "Kinugasa",
        "ref": "8"
      },
      "geometry": {
        "type": "Point",
        "coordinates": [
          139.6562048,
          35.2425352
        ]
      },
      "id": "node/255526339"
    },
    {
      "type": "Feature",
      "properties": {
        "@id": "node/257059013",
        "highway": "motorway_junction",
        "name": "厚木西IC",
        "name:en": "Atsugi-nishi",
        "ref": "8"
      },
      "geometry": {
        "type": "Point",
        "coordinates": [
          139.3586018,
          35.4188823
        ]
      },
      "id": "node/257059013"
    },
    {
      "type": "Feature",
      "properties": {
        "@id": "node/257059180",
        "highway": "motorway_junction",
        "name": "小田原西IC",
        "ref": "1"
      },
      "geometry": {
        "type": "Point",
        "coordinates": [
          139.1329464,
          35.2480566
        ]
      },
      "id": "node/257059180"
    },
    {
      "type": "Feature",
      "properties": {
        "@id": "node/260714640",
        "highway": "motorway_junction",
        "name": "相模湖東ＩＣ",
        "name:en": "Sagamikohigashi IC",
        "ref": "7",
        "wikidata": "Q11582171",
        "wikipedia": "ja:相模湖東出口"
      },
      "geometry": {
        "type": "Point",
        "coordinates": [
          139.1970636,
          35.6223104
        ]
      },
      "id": "node/260714640"
    },
    {
      "type": "Feature",
      "properties": {
        "@id": "node/263262699",
        "contact:website": "https://www.shonan-monorail.co.jp/station/detail/nishikamakura.html",
        "monorail": "yes",
        "name": "西鎌倉",
        "name:en": "Nishi-Kamakura",
        "name:ja": "西鎌倉",
        "name:ja-Hira": "にしかまくら",
        "name:ja-Latn": "Nishi-Kamakura",
        "name:ko": "니시카마쿠라",
        "operator": "湘南モノレール",
        "public_transport": "station",
        "railway": "station",
        "ref": "SMR5",
        "source": "KSJ2",
        "station": "monorail",
        "wheelchair": "yes",
        "wikidata": "Q1094928",
        "wikipedia": "ja:西鎌倉駅"
      },
      "geometry": {
        "type": "Point",
        "coordinates": [
          139.504306,
          35.319383
        ]
      },
      "id": "node/263262699"
    },
    {
      "type": "Feature",
      "properties": {
        "@id": "node/263262703",
        "contact:website": "https://www.shonan-monorail.co.jp/station/detail/kataseyama.html",
        "monorail": "yes",
        "name": "片瀬山",
        "name:en": "Kataseyama",
        "name:ja": "片瀬山",
        "name:ja-Hira": "かたせやま",
        "name:ja_rm": "Kataseyama",
        "name:ko": "가타세야마",
        "operator": "湘南モノレール",
        "railway": "station",
        "ref": "SMR6",
        "source": "KSJ2",
        "station": "monorail",
        "wikidata": "Q4251612",
        "wikipedia": "ja:片瀬山駅"
      },
      "geometry": {
        "type": "Point",
        "coordinates": [
          139.4961078,
          35.3172662
        ]
      },
      "id": "node/263262703"
    },
    {
      "type": "Feature",
      "properties": {
        "@id": "node/263262803",
        "KSJ2:LIN": "江の島線",
        "contact:website": "https://www.shonan-monorail.co.jp/station/detail/fukasawa.html",
        "monorail": "yes",
        "name": "湘南深沢",
        "name:en": "Shonan-Fukasawa",
        "name:ja": "湘南深沢",
        "name:ja-Hira": "しょうなんふかさわ",
        "name:ja-Latn": "Shōnan-Fukasawa",
        "name:ko": "쇼난후카사와",
        "note": "National-Land Numerical Information (Railway) 2007, MLIT Japan",
        "note:ja": "国土数値情報（鉄道データ）平成19年 国土交通省",
        "operator": "湘南モノレール",
        "public_transport": "station",
        "railway": "station",
        "ref": "SMR4",
        "source": "KSJ2",
        "source_ref": "http://nlftp.mlit.go.jp/ksj/jpgis/datalist/KsjTmplt-N02-v1_1.html",
        "station": "monorail",
        "wheelchair": "no",
        "wikidata": "Q1094911",
        "wikipedia": "ja:湘南深沢駅"
      },
      "geometry": {
        "type": "Point",
        "coordinates": [
          139.5188738,
          35.332876
        ]
      },
      "id": "node/263262803"
    },
    {
      "type": "Feature",
      "properties": {
        "@id": "node/263262808",
        "contact:website": "https://www.shonan-monorail.co.jp/station/detail/shonanenoshima.html",
        "monorail": "yes",
        "name": "湘南江の島",
        "name:en": "Shonan-Enoshima",
        "name:es": "Shonan-Enoshima",
        "name:ja": "湘南江の島",
        "name:ja-Hira": "しょうなんえのしま",
        "name:ja-Latn": "Shōnan-Enoshima",
        "name:ko": "쇼난에노시마",
        "name:zh": "湘南江之岛",
        "operator": "湘南モノレール",
        "public_transport": "station",
        "railway": "station",
        "ref": "SMR8",
        "source": "KSJ2",
        "station": "monorail",
        "toilets:wheelchair": "yes",
        "wheelchair": "yes",
        "wikidata": "Q1058486",
        "wikipedia": "ja:湘南江の島駅"
      },
      "geometry": {
        "type": "Point",
        "coordinates": [
          139.4876121,
          35.311723
        ]
      },
      "id": "node/263262808"
    },
    {
      "type": "Feature",
      "properties": {
        "@id": "node/263266685",
        "contact:website": "https://www.jreast.co.jp/estation/station/info.aspx?StationCd=1287",
        "name": "東逗子",
        "name:en": "Higashi-Zushi",
        "name:ja": "東逗子",
        "name:ja-Hira": "ひがしずし",
        "name:ja-Latn": "Higashi-Zushi",
        "name:ko": "히가시즈시",
        "operator": "東日本旅客鉄道",
        "public_transport": "station",
        "railway": "station",
        "ref": "JO05",
        "source": "KSJ2",
        "source_ref": "http://nlftp.mlit.go.jp/ksj/jpgis/datalist/KsjTmplt-N02-v1_1.html",
        "wikidata": "Q844310",
        "wikipedia": "ja:東逗子駅"
      },
      "geometry": {
        "type": "Point",
        "coordinates": [
          139.6016477,
          35.2988167
        ]
      },
      "id": "node/263266685"
    },
    {
      "type": "Feature",
      "properties": {
        "@id": "node/263267206",
        "KSJ2:LIN": "横須賀線",
        "KSJ2:STN": "大船",
        "contact:website": "https://www.jreast.co.jp/estation/station/info.aspx?StationCd=342",
        "name": "大船",
        "name:de": "Ofuna",
        "name:en": "Ofuna",
        "name:fr": "Ofuna",
        "name:it": "Ofuna",
        "name:ja": "大船",
        "name:ja-Hira": "おおふな",
        "name:ja-Latn": "Ōfuna",
        "name:ko": "오후나",
        "name:ru": "Офуна",
        "network": "東海道本線",
        "operator": "東日本旅客鉃道",
        "public_transport": "station",
        "railway": "station",
        "ref": "OFN",
        "wikidata": "Q1143863",
        "wikipedia": "ja:大船駅"
      },
      "geometry": {
        "type": "Point",
        "coordinates": [
          139.5314119,
          35.3543127
        ]
      },
      "id": "node/263267206"
    },
    {
      "type": "Feature",
      "properties": {
        "@id": "node/263271899",
        "gauge": "1435",
        "name": "子安",
        "name:en": "Koyasu",
        "name:es": "Koyasu",
        "name:ja": "子安",
        "name:ja-Hira": "こやす",
        "name:ja_rm": "Koyasu",
        "name:ko": "고야스",
        "operator": "京浜急行電鉄",
        "operator:en": "Keikyu Corporation",
        "operator:ja": "京浜急行電鉄",
        "public_transport": "station",
        "railway": "station",
        "ref": "KK33",
        "source": "Bing",
        "source_ref": "http://nlftp.mlit.go.jp/ksj/jpgis/datalist/KsjTmplt-N02-v1_1.html",
        "wikidata": "Q6435147",
        "wikipedia": "ja:子安駅"
      },
      "geometry": {
        "type": "Point",
        "coordinates": [
          139.6451231,
          35.4846434
        ]
      },
      "id": "node/263271899"
    },
    {
      "type": "Feature",
      "properties": {
        "@id": "node/263274493",
        "gauge": "1435",
        "name": "神奈川新町",
        "name:en": "Kanagawa-shimmachi",
        "name:ja": "神奈川新町",
        "name:ja-Hira": "かながわしんまち",
        "name:ja_rm": "Kanagawa-shimmachi",
        "name:ko": "가나가와신마치",
        "note": "National-Land Numerical Information (Railway) 2007, MLIT Japan",
        "operator": "京浜急行電鉄 (Keikyu Corporation)",
        "operator:en": "Keikyu Corporation",
        "operator:ja": "京浜急行電鉄",
        "public_transport": "station",
        "railway": "station",
        "ref": "KK34",
        "source": "Bing",
        "source_ref": "http://nlftp.mlit.go.jp/ksj/jpgis/datalist/KsjTmplt-N02-v1_1.html",
        "wikidata": "Q5368901",
        "wikipedia": "ja:神奈川新町駅"
      },
      "geometry": {
        "type": "Point",
        "coordinates": [
          139.6399999,
          35.4814272
        ]
      },
      "id": "node/263274493"
    },
    {
      "type": "Feature",
      "properties": {
        "@id": "node/263274999",
        "contact:website": "https://www.keikyu.co.jp/ride/kakueki/KK37.html",
        "gauge": "1435",
        "name": "横浜",
        "name:en": "Yokohama",
        "name:es": "Yokohama",
        "name:ja": "横浜",
        "name:ja-Hira": "よこはま",
        "name:ja-Latn": "Yokohama",
        "name:ko": "요코하마",
        "network": "京浜急行電鉄本線",
        "note": "National-Land Numerical Information (Railway) 2007, MLIT Japan",
        "operator": "京浜急行電鉄",
        "operator:en": "Keikyu Corporation",
        "operator:ja": "京浜急行電鉄",
        "public_transport": "station",
        "railway": "station",
        "ref": "KK37",
        "source": "Bing",
        "source_ref": "http://nlftp.mlit.go.jp/ksj/jpgis/datalist/KsjTmplt-N02-v1_1.html",
        "wheelchair": "yes",
        "wikidata": "Q801658",
        "wikipedia": "ja:横浜駅"
      },
      "geometry": {
        "type": "Point",
        "coordinates": [
          139.6231953,
          35.4662066
        ]
      },
      "id": "node/263274999"
    },
    {
      "type": "Feature",
      "properties": {
        "@id": "node/263275159",
        "name": "神奈川",
        "name:en": "Kanagawa",
        "name:ja": "神奈川",
        "name:ja-Hira": "かながわ",
        "name:ja_rm": "Kanagawa",
        "name:ko": "가나가와",
        "note": "National-Land Numerical Information (Railway) 2007, MLIT Japan",
        "public_transport": "station",
        "railway": "station",
        "ref": "KK36",
        "source": "KSJ2",
        "source_ref": "http://nlftp.mlit.go.jp/ksj/jpgis/datalist/KsjTmplt-N02-v1_1.html",
        "wheelchair": "limited",
        "wikidata": "Q5362069",
        "wikipedia": "ja:神奈川駅"
      },
      "geometry": {
        "type": "Point",
        "coordinates": [
          139.6275201,
          35.4715259
        ]
      },
      "id": "node/263275159"
    },
    {
      "type": "Feature",
      "properties": {
        "@id": "node/263298361",
        "name": "六浦",
        "name:en": "Mutsuura",
        "name:ja": "六浦",
        "name:ja-Hira": "むつうら",
        "name:ja_rm": "Mutsuura",
        "name:ko": "무쓰우라",
        "operator": "京浜急行電鉄",
        "operator:en": "Keikyu Corporation",
        "operator:ja": "京浜急行電鉄",
        "public_transport": "station",
        "railway": "station",
        "ref": "KK51",
        "source": "Bing",
        "source_ref": "http://nlftp.mlit.go.jp/ksj/jpgis/datalist/KsjTmplt-N02-v1_1.html",
        "wikidata": "Q11312859",
        "wikipedia": "ja:六浦駅"
      },
      "geometry": {
        "type": "Point",
        "coordinates": [
          139.6112899,
          35.3225918
        ]
      },
      "id": "node/263298361"
    },
    {
      "type": "Feature",
      "properties": {
        "@id": "node/264199875",
        "name": "穴部",
        "name:en": "Anabe",
        "name:ja": "穴部",
        "name:ja_rm": "Anabe",
        "name:ko": "아나베",
        "note": "National-Land Numerical Information (Railway) 2007, MLIT Japan",
        "public_transport": "station",
        "railway": "station",
        "ref": "ID05",
        "source": "KSJ2",
        "wikidata": "Q4750577",
        "wikipedia": "ja:穴部駅"
      },
      "geometry": {
        "type": "Point",
        "coordinates": [
          139.1484713,
          35.2801068
        ]
      },
      "id": "node/264199875"
    },
    {
      "type": "Feature",
      "properties": {
        "@id": "node/264199894",
        "KSJ2:LIN": "大雄山線",
        "KSJ2:STN": "和田河原",
        "name": "和田河原",
        "name:en": "Wadagahara",
        "name:ja": "和田河原",
        "name:ja_rm": "Wadagahara",
        "name:ko": "와다가하라",
        "note": "National-Land Numerical Information (Railway) 2007, MLIT Japan",
        "note:ja": "国土数値情報（鉄道データ）平成19年　国土交通省",
        "public_transport": "station",
        "railway": "station",
        "ref": "ID10",
        "source": "KSJ2",
        "source_ref": "http://nlftp.mlit.go.jp/ksj/jpgis/datalist/KsjTmplt-N02-v1_1.html",
        "wheelchair": "yes",
        "wikidata": "Q254831",
        "wikipedia": "ja:和田河原駅"
      },
      "geometry": {
        "type": "Point",
        "coordinates": [
          139.1180895,
          35.3158517
        ]
      },
      "id": "node/264199894"
    },
    {
      "type": "Feature",
      "properties": {
        "@id": "node/264199904",
        "KSJ2:LIN": "大雄山線",
        "KSJ2:STN": "富士フイルム前",
        "alt_name:ko": "후지필름마에",
        "name": "富士フイルム前",
        "name:en": "Fujifilm-mae",
        "name:ja": "富士フイルム前",
        "name:ja_rm": "Fujifilm-Mae",
        "name:ko": "후지필름앞",
        "note": "National-Land Numerical Information (Railway) 2007, MLIT Japan",
        "note:ja": "国土数値情報（鉄道データ）平成19年　国土交通省",
        "public_transport": "station",
        "railway": "station",
        "ref": "ID11",
        "source": "KSJ2",
        "source_ref": "http://nlftp.mlit.go.jp/ksj/jpgis/datalist/KsjTmplt-N02-v1_1.html",
        "wikidata": "Q5507389",
        "wikipedia": "ja:富士フイルム前駅"
      },
      "geometry": {
        "type": "Point",
        "coordinates": [
          139.1088944,
          35.3176549
        ]
      },
      "id": "node/264199904"
    },
    {
      "type": "Feature",
      "properties": {
        "@id": "node/264199924",
        "name": "五百羅漢",
        "name:en": "Gohyakurakan",
        "name:ja": "五百羅漢",
        "name:ja_rm": "Gohyakurakan",
        "name:ko": "고햐쿠라칸",
        "note": "National-Land Numerical Information (Railway) 2007, MLIT Japan",
        "public_transport": "station",
        "railway": "station",
        "ref": "ID04",
        "source": "KSJ2",
        "wikidata": "Q5577610",
        "wikipedia": "ja:五百羅漢駅"
      },
      "geometry": {
        "type": "Point",
        "coordinates": [
          139.1557022,
          35.2752622
        ]
      },
      "id": "node/264199924"
    },
    {
      "type": "Feature",
      "properties": {
        "@id": "node/264199929",
        "name": "飯田岡",
        "name:en": "Iidaoka",
        "name:ja": "飯田岡",
        "name:ja_rm": "Iidaoka",
        "name:ko": "이다오카",
        "note": "National-Land Numerical Information (Railway) 2007, MLIT Japan",
        "public_transport": "station",
        "railway": "station",
        "ref": "ID06",
        "source": "KSJ2",
        "wheelchair": "yes",
        "wikidata": "Q5994936",
        "wikipedia": "ja:飯田岡駅"
      },
      "geometry": {
        "type": "Point",
        "coordinates": [
          139.1390988,
          35.288028
        ]
      },
      "id": "node/264199929"
    },
    {
      "type": "Feature",
      "properties": {
        "@id": "node/264199933",
        "name": "相模沼田",
        "name:en": "Sagami-Numata",
        "name:ja": "相模沼田",
        "name:ja_rm": "Sagami-Numata",
        "name:ko": "사가미누마타",
        "note": "National-Land Numerical Information (Railway) 2007, MLIT Japan",
        "public_transport": "station",
        "railway": "station",
        "ref": "ID07",
        "source": "KSJ2",
        "wikidata": "Q7398953",
        "wikipedia": "ja:相模沼田駅"
      },
      "geometry": {
        "type": "Point",
        "coordinates": [
          139.1339921,
          35.2921114
        ]
      },
      "id": "node/264199933"
    },
    {
      "type": "Feature",
      "properties": {
        "@id": "node/264199946",
        "name": "塚原",
        "name:en": "Tsukahara",
        "name:ja": "塚原",
        "name:ja_rm": "Tsukahara",
        "name:ko": "쓰카하라",
        "note": "National-Land Numerical Information (Railway) 2007, MLIT Japan",
        "public_transport": "station",
        "railway": "station",
        "ref": "ID09",
        "source": "KSJ2",
        "wikidata": "Q7850037",
        "wikipedia": "ja:塚原駅"
      },
      "geometry": {
        "type": "Point",
        "coordinates": [
          139.1263317,
          35.3017259
        ]
      },
      "id": "node/264199946"
    },
    {
      "type": "Feature",
      "properties": {
        "@id": "node/264199961",
        "name": "井細田",
        "name:en": "Isaida",
        "name:ja": "井細田",
        "name:ja_rm": "Isaida",
        "name:ko": "이사이다",
        "note": "National-Land Numerical Information (Railway) 2007, MLIT Japan",
        "public_transport": "station",
        "railway": "station",
        "ref": "ID03",
        "source": "KSJ2",
        "wikidata": "Q6078639",
        "wikipedia": "ja:井細田駅"
      },
      "geometry": {
        "type": "Point",
        "coordinates": [
          139.1572985,
          35.2685194
        ]
      },
      "id": "node/264199961"
    },
    {
      "type": "Feature",
      "properties": {
        "@id": "node/264199994",
        "KSJ2:LIN": "大雄山線",
        "KSJ2:STN": "大雄山",
        "name": "大雄山",
        "name:en": "Daiyuzan",
        "name:ja": "大雄山",
        "name:ja-Hira": "だいゆうざん",
        "name:ja_rm": "Daiyūzan",
        "name:ko": "다이유잔",
        "network": "大雄山線",
        "note": "National-Land Numerical Information (Railway) 2007, MLIT Japan",
        "note:ja": "国土数値情報（鉄道データ）平成19年 国土交通省",
        "operator": "伊豆箱根鉄道",
        "public_transport": "station",
        "railway": "station",
        "ref": "ID12",
        "source": "KSJ2",
        "source_ref": "http://nlftp.mlit.go.jp/ksj/jpgis/datalist/KsjTmplt-N02-v1_1.html",
        "train": "yes",
        "wikidata": "Q5209846",
        "wikipedia": "ja:大雄山駅"
      },
      "geometry": {
        "type": "Point",
        "coordinates": [
          139.1031699,
          35.3191857
        ]
      },
      "id": "node/264199994"
    },
    {
      "type": "Feature",
      "properties": {
        "@id": "node/264199996",
        "name": "岩原",
        "name:en": "Iwahara",
        "name:ja": "岩原",
        "name:ja_rm": "Iwahara",
        "name:ko": "이와하라",
        "note": "National-Land Numerical Information (Railway) 2007, MLIT Japan",
        "public_transport": "station",
        "railway": "station",
        "ref": "ID08",
        "source": "KSJ2",
        "wikidata": "Q6100298",
        "wikipedia": "ja:岩原駅"
      },
      "geometry": {
        "type": "Point",
        "coordinates": [
          139.1284897,
          35.2991273
        ]
      },
      "id": "node/264199996"
    },
    {
      "type": "Feature",
      "properties": {
        "@id": "node/264200042",
        "name": "緑町",
        "name:en": "Midoricho",
        "name:ja": "緑町",
        "name:ja_rm": "Midorichō",
        "name:ko": "미도리초",
        "public_transport": "station",
        "railway": "station",
        "ref": "ID02",
        "source": "KSJ2",
        "wheelchair": "limited",
        "wikidata": "Q11607855",
        "wikipedia": "ja:緑町駅"
      },
      "geometry": {
        "type": "Point",
        "coordinates": [
          139.1589825,
          35.2596033
        ]
      },
      "id": "node/264200042"
    },
    {
      "type": "Feature",
      "properties": {
        "@id": "node/264202768",
        "ele": "436",
        "name": "宮ノ下",
        "name:en": "Miyanoshita",
        "name:fr": "Miyanoshita",
        "name:ja": "宮ノ下",
        "name:ja-Hira": "みやのした",
        "name:ja_rm": "Miyanoshita",
        "name:ko": "미야노시타",
        "name:ru": "Мияносита",
        "operator": "箱根登山鉄道",
        "public_transport": "station",
        "railway": "station",
        "ref": "OH54",
        "source": "KSJ2",
        "train": "yes",
        "wikidata": "Q997348",
        "wikipedia": "ja:宮ノ下駅"
      },
      "geometry": {
        "type": "Point",
        "coordinates": [
          139.0628686,
          35.2421498
        ]
      },
      "id": "node/264202768"
    },
    {
      "type": "Feature",
      "properties": {
        "@id": "node/264205533",
        "funicular": "yes",
        "name": "中強羅",
        "name:en": "Naka Gora",
        "name:fr": "Gōra intermédiaire",
        "name:ja-Hira": "なかごうら",
        "name:ja-Latn": "Naka Gōra",
        "name:ko": "나카고라",
        "note": "National-Land Numerical Information (Railway) 2007, MLIT Japan",
        "operator": "箱根登山鉄道",
        "public_transport": "stop_position",
        "railway": "station",
        "ref": "OH60",
        "source": "KSJ2",
        "start_date": "1921-12-01",
        "station": "funicular",
        "wikidata": "Q6960082",
        "wikimedia_commons": "Category:Naka-Gōra Station",
        "wikipedia": "ja:中強羅駅"
      },
      "geometry": {
        "type": "Point",
        "coordinates": [
          139.0406145,
          35.2481695
        ]
      },
      "id": "node/264205533"
    },
    {
      "type": "Feature",
      "properties": {
        "@id": "node/264205538",
        "ele": "574",
        "funicular": "yes",
        "name": "公園下",
        "name:en": "Koen-Shimo",
        "name:fr": "Parc inférieure",
        "name:ja-Hira": "こうえんしも",
        "name:ja-Latn": "Kōen-shimo",
        "name:ko": "고엔시모",
        "note": "National-Land Numerical Information (Railway) 2007, MLIT Japan",
        "operator": "箱根登山鉄道",
        "public_transport": "stop_position",
        "railway": "station",
        "ref": "OH58",
        "source": "KSJ2",
        "source_ref": "http://nlftp.mlit.go.jp/ksj/jpgis/datalist/KsjTmplt-N02-v1_1.html",
        "start_date": "1921-12-01",
        "station": "funicular",
        "wikidata": "Q6455101",
        "wikimedia_commons": "Category:Kōen-Shimo Station",
        "wikipedia": "ja:公園下駅"
      },
      "geometry": {
        "type": "Point",
        "coordinates": [
          139.0457134,
          35.2499558
        ]
      },
      "id": "node/264205538"
    },
    {
      "type": "Feature",
      "properties": {
        "@id": "node/264205547",
        "ele": "750",
        "funicular": "yes",
        "name": "早雲山",
        "name:en": "Sōunzan",
        "name:fr": "Sōunzan",
        "name:ja-Hira": "そううんざん",
        "name:ja-Latn": "Sōunzan",
        "name:ko": "소운잔",
        "note": "National-Land Numerical Information (Railway) 2007, MLIT Japan",
        "operator": "箱根登山鉄道",
        "public_transport": "stop_position",
        "railway": "station",
        "ref": "OH62",
        "source": "KSJ2",
        "station": "funicular"
      },
      "geometry": {
        "type": "Point",
        "coordinates": [
          139.0359155,
          35.246524
        ]
      },
      "id": "node/264205547"
    },
    {
      "type": "Feature",
      "properties": {
        "@id": "node/264205549",
        "ele": "703",
        "funicular": "yes",
        "name": "上強羅",
        "name:en": "Kami-Gora",
        "name:fr": "Gōra supérieur",
        "name:ja-Hira": "かみごうら",
        "name:ja-Latn": "Kami Gōra",
        "name:ko": "가미고라",
        "note": "National-Land Numerical Information (Railway) 2007, MLIT Japan",
        "operator": "箱根登山鉄道",
        "public_transport": "stop_position",
        "railway": "station",
        "ref": "OH61",
        "source": "KSJ2",
        "start_date": "1921-12-01",
        "station": "funicular",
        "wikidata": "Q6357118",
        "wikimedia_commons": "Category:Kami-Gōra Station",
        "wikipedia": "ja:上強羅駅"
      },
      "geometry": {
        "type": "Point",
        "coordinates": [
          139.0381966,
          35.2473203
        ]
      },
      "id": "node/264205549"
    },
    {
      "type": "Feature",
      "properties": {
        "@id": "node/264206294",
        "name": "国府津",
        "name:de": "Kōzu",
        "name:en": "Kōzu",
        "name:fr": "Kōzu",
        "name:ja": "国府津",
        "name:ja_rm": "Kōzu",
        "name:ko": "고즈",
        "name:ru": "Коудзу",
        "public_transport": "station",
        "railway": "station",
        "wikidata": "Q865280",
        "wikipedia": "ja:国府津駅"
      },
      "geometry": {
        "type": "Point",
        "coordinates": [
          139.214209,
          35.2812891
        ]
      },
      "id": "node/264206294"
    },
    {
      "type": "Feature",
      "properties": {
        "@id": "node/264240113",
        "contact:website": "https://www.odakyu.jp/station/sagami_ono/",
        "name": "相模大野",
        "name:de": "Sagami-Ono",
        "name:en": "Sagami-Ono",
        "name:ja": "相模大野",
        "name:ja-Hira": "さがみおおの",
        "name:ja-Latn": "Sagami Ōno",
        "name:ko": "사가미오노",
        "name:ru": "Сагами-Оно",
        "name:zh": "相模大野",
        "operator": "小田急電鉄",
        "operator:en": "Odakyu Electric Railway",
        "operator:ja": "小田急電鉄",
        "operator:wikidata": "Q83584",
        "public_transport": "station",
        "railway": "station",
        "ref": "OH28",
        "source": "KSJ2",
        "wheelchair": "yes",
        "wikidata": "Q1054659",
        "wikipedia": "ja:相模大野駅"
      },
      "geometry": {
        "type": "Point",
        "coordinates": [
          139.4378867,
          35.5321708
        ]
      },
      "id": "node/264240113"
    },
    {
      "type": "Feature",
      "properties": {
        "@id": "node/264240233",
        "addr:city": "藤沢市",
        "addr:province": "神奈川県",
        "contact:website": "https://www.odakyu.jp/station/katase_enoshima/",
        "name": "片瀬江ノ島",
        "name:en": "Katase-Enoshima",
        "name:fr": "Katase-Enoshima",
        "name:ja": "片瀬江ノ島",
        "name:ja-Hira": "かたせえのしま",
        "name:ja-Latn": "Katase-Enoshima",
        "name:ko": "가타세에노시마",
        "name:ru": "Катасэ-Эносима",
        "name:zh": "片瀨江之島",
        "operator": "小田急電鉄",
        "operator:en": "Odakyu Electric Railway",
        "operator:ja": "小田急電鉄",
        "operator:wikidata": "Q83584",
        "public_transport": "station",
        "railway": "station",
        "ref": "OE16",
        "source": "KSJ2",
        "toilets:wheelchair": "yes",
        "train": "yes",
        "wheelchair": "yes",
        "wikidata": "Q1058370",
        "wikipedia": "ja:片瀬江ノ島駅"
      },
      "geometry": {
        "type": "Point",
        "coordinates": [
          139.483502,
          35.308873
        ]
      },
      "id": "node/264240233"
    },
    {
      "type": "Feature",
      "properties": {
        "@id": "node/264813889",
        "contact:website": "https://www.jreast.co.jp/estation/station/info.aspx?StationCd=1212",
        "name": "登戸",
        "name:en": "Noborito",
        "name:es": "Noborito",
        "name:ja": "登戸",
        "name:ja-Hira": "のぼりと",
        "name:ja-Latn": "Noborito",
        "name:ko": "노보리토",
        "note": "National-Land Numerical Information (Railway) 2007, MLIT Japan",
        "operator": "東日本旅客鉄道",
        "operator:en": "East Japan Railway Company",
        "operator:ja": "東日本旅客鉄道",
        "operator:wikidata": "Q499071",
        "public_transport": "station",
        "railway": "station",
        "ref": "JN14",
        "source": "KSJ2",
        "train": "yes",
        "wheelchair": "yes",
        "wikidata": "Q801266",
        "wikipedia": "ja:登戸駅"
      },
      "geometry": {
        "type": "Point",
        "coordinates": [
          139.570006,
          35.6208193
        ]
      },
      "id": "node/264813889"
    },
    {
      "type": "Feature",
      "properties": {
        "@id": "node/264814064",
        "contact:website": "https://www.jreast.co.jp/estation/station/info.aspx?StationCd=528",
        "name": "川崎新町",
        "name:en": "Kawasaki-Shimmachi",
        "name:ja": "川崎新町",
        "name:ja-Hira": "かわさきしんまち",
        "name:ja-Latn": "Kawasaki Shimmachi",
        "name:ko": "가와사키신마치",
        "note": "National-Land Numerical Information (Railway) 2007, MLIT Japan",
        "operator": "東日本旅客鉄道",
        "operator:en": "East Japan Railway Company",
        "operator:ja": "東日本旅客鉄道",
        "operator:wikidata": "Q499071",
        "public_transport": "station",
        "railway": "station",
        "ref": "JN52",
        "source": "KSJ2",
        "source_ref": "http://nlftp.mlit.go.jp/ksj/jpgis/datalist/KsjTmplt-N02-v1_1.html",
        "wikidata": "Q6379722",
        "wikipedia": "ja:川崎新町駅"
      },
      "geometry": {
        "type": "Point",
        "coordinates": [
          139.6991819,
          35.5182574
        ]
      },
      "id": "node/264814064"
    },
    {
      "type": "Feature",
      "properties": {
        "@id": "node/264814072",
        "name": "浜川崎",
        "name:en": "Hama-Kawasaki",
        "name:ja": "浜川崎",
        "name:ja-Hira": "はまかわさき",
        "name:ja-Latn": "Hama-Kawasaki",
        "name:ko": "하마카와사키",
        "note": "National-Land Numerical Information (Railway) 2007, MLIT Japan",
        "operator": "東日本旅客鉄道",
        "operator:en": "East Japan Railway Company",
        "operator:ja": "東日本旅客鉄道",
        "operator:wikidata": "Q499071",
        "public_transport": "station",
        "railway": "station",
        "ref": "JN54",
        "source": "KSJ2",
        "source_ref": "http://nlftp.mlit.go.jp/ksj/jpgis/datalist/KsjTmplt-N02-v1_1.html",
        "wikidata": "Q1581467",
        "wikipedia": "ja:浜川崎駅"
      },
      "geometry": {
        "type": "Point",
        "coordinates": [
          139.7137564,
          35.5103253
        ]
      },
      "id": "node/264814072"
    },
    {
      "type": "Feature",
      "properties": {
        "@id": "node/266084129",
        "name": "青葉台",
        "name:en": "Aobadai",
        "name:ja": "青葉台",
        "name:ja-Hira": "あおばだい",
        "name:ja_rm": "Aobadai",
        "name:ko": "아오바다이",
        "name:ru": "Аобадай",
        "operator": "東京急行電鉄",
        "public_transport": "station",
        "railway": "station",
        "ref": "DT20",
        "source": "KSJ2",
        "train": "yes",
        "wheelchair": "yes",
        "wikidata": "Q857586",
        "wikipedia": "ja:青葉台駅"
      },
      "geometry": {
        "type": "Point",
        "coordinates": [
          139.5172312,
          35.5428783
        ]
      },
      "id": "node/266084129"
    },
    {
      "type": "Feature",
      "properties": {
        "@id": "node/266084310",
        "name": "梶が谷",
        "name:en": "Kajigaya",
        "name:ja": "梶が谷",
        "name:ja-Hira": "かじがや",
        "name:ja_rm": "Kajigaya",
        "name:ko": "가지가야",
        "name:ru": "Кадзигая",
        "note": "National-Land Numerical Information (Railway) 2007, MLIT Japan",
        "operator": "東京急行電鉄",
        "public_transport": "station",
        "railway": "station",
        "ref": "DT11",
        "source_ref": "http://nlftp.mlit.go.jp/ksj/jpgis/datalist/KsjTmplt-N02-v1_1.html",
        "train": "yes",
        "wheelchair": "yes",
        "wikidata": "Q11538785",
        "wikipedia": "ja:梶が谷駅"
      },
      "geometry": {
        "type": "Point",
        "coordinates": [
          139.6054789,
          35.5936505
        ]
      },
      "id": "node/266084310"
    },
    {
      "type": "Feature",
      "properties": {
        "@id": "node/266084537",
        "name": "江田",
        "name:en": "Eda",
        "name:ja": "江田",
        "name:ja-Hira": "えだ",
        "name:ja-Latn": "Eda",
        "name:ko": "에다",
        "name:ru": "Эда",
        "name:zh-Hans": "江田",
        "note": "National-Land Numerical Information (Railway) 2007, MLIT Japan",
        "operator": "東急電鉄",
        "public_transport": "station",
        "railway": "station",
        "ref": "DT17",
        "source": "KSJ2",
        "train": "yes",
        "wheelchair": "yes",
        "wikidata": "Q5335639",
        "wikipedia": "ja:江田駅 (神奈川県)"
      },
      "geometry": {
        "type": "Point",
        "coordinates": [
          139.5514544,
          35.5585746
        ]
      },
      "id": "node/266084537"
    },
    {
      "type": "Feature",
      "properties": {
        "@id": "node/266084776",
        "addr:block_number": "1番",
        "addr:city": "川崎市",
        "addr:housenumber": "1号",
        "addr:neighbourhood": "溝口二丁目",
        "addr:province": "神奈川県",
        "addr:suburb": "高津区",
        "name": "溝の口",
        "name:en": "Mizonokuchi",
        "name:ja": "溝の口",
        "name:ja-Hira": "みぞのくち",
        "name:ja_rm": "Mizonokuchi",
        "name:ko": "미조노쿠치",
        "name:ru": "Мидзонокути",
        "name:zh": "沟之口",
        "network": "東急電鉄",
        "network:en": "Tokyu Railways",
        "network:ja": "東急電鉄",
        "network:wikidata": "Q80229029",
        "operator": "東急電鉄",
        "public_transport": "station",
        "railway": "station",
        "ref": "DT10;OM12",
        "toilets:wheelchair": "yes",
        "train": "yes",
        "wheelchair": "yes",
        "wikidata": "Q5366296",
        "wikipedia": "ja:溝の口駅"
      },
      "geometry": {
        "type": "Point",
        "coordinates": [
          139.6105114,
          35.5999254
        ]
      },
      "id": "node/266084776"
    },
    {
      "type": "Feature",
      "properties": {
        "@id": "node/266084909",
        "KSJ2:LIN": "田園都市線",
        "name": "中央林間",
        "name:en": "Chuo-rinkan",
        "name:ja": "中央林間",
        "name:ja-Hira": "ちゅうおうりんかん",
        "name:ja_rm": "Chūō Rinkan",
        "name:ko": "주오린칸",
        "name:ru": "Тюо-Ринкан",
        "network": "東急田園都市線",
        "note": "National-Land Numerical Information (Railway) 2007, MLIT Japan",
        "note:ja": "国土数値情報（鉄道データ）平成19年 国土交通省",
        "operator": "東京急行電鉄",
        "public_transport": "station",
        "railway": "station",
        "ref": "DT27",
        "source": "KSJ2",
        "source_ref": "http://nlftp.mlit.go.jp/ksj/jpgis/datalist/KsjTmplt-N02-v1_1.html",
        "train": "yes",
        "wheelchair": "yes",
        "wikidata": "Q906671",
        "wikipedia": "ja:中央林間駅"
      },
      "geometry": {
        "type": "Point",
        "coordinates": [
          139.4445901,
          35.5075814
        ]
      },
      "id": "node/266084909"
    },
    {
      "type": "Feature",
      "properties": {
        "@id": "node/266085013",
        "KSJ2:LIN": "田園都市線",
        "name": "つきみ野",
        "name:en": "Tsukimino",
        "name:ja": "つきみ野",
        "name:ja-Hira": "つきみの",
        "name:ja_rm": "Tsukimino",
        "name:ko": "쓰키미노",
        "name:ru": "Цукимино",
        "note": "National-Land Numerical Information (Railway) 2007, MLIT Japan",
        "note:ja": "国土数値情報（鉄道データ）平成19年 国土交通省",
        "operator": "東京急行電鉄",
        "platforms": "2",
        "public_transport": "station",
        "railway": "station",
        "ref": "DT26",
        "source": "KSJ2",
        "source_ref": "http://nlftp.mlit.go.jp/ksj/jpgis/datalist/KsjTmplt-N02-v1_1.html",
        "toilets:wheelchair": "yes",
        "train": "yes",
        "wheelchair": "yes",
        "wikidata": "Q7850073",
        "wikipedia": "ja:つきみ野駅"
      },
      "geometry": {
        "type": "Point",
        "coordinates": [
          139.4582718,
          35.5103897
        ]
      },
      "id": "node/266085013"
    },
    {
      "type": "Feature",
      "properties": {
        "@id": "node/273331618",
        "highway": "motorway_junction",
        "name": "峰岡ＩＣ出口",
        "ref": "8",
        "source": "survey",
        "wikidata": "Q11476133",
        "wikipedia": "ja:峰岡インターチェンジ"
      },
      "geometry": {
        "type": "Point",
        "coordinates": [
          139.5916017,
          35.4660798
        ]
      },
      "id": "node/273331618"
    },
    {
      "type": "Feature",
      "properties": {
        "@id": "node/273331636",
        "highway": "motorway_junction",
        "name": "新保土ヶ谷ＩＣ",
        "ref": "12",
        "source": "GSI ortho"
      },
      "geometry": {
        "type": "Point",
        "coordinates": [
          139.5789423,
          35.4534612
        ]
      },
      "id": "node/273331636"
    },
    {
      "type": "Feature",
      "properties": {
        "@id": "node/280474787",
        "name": "鴨居",
        "name:en": "Kamoi",
        "name:ja": "鴨居",
        "name:ja-Hira": "かもい",
        "name:ja-Latn": "Kamoi",
        "name:ko": "가모이",
        "operator": "東日本旅客鉄道",
        "operator:en": "East Japan Railway Company",
        "public_transport": "station",
        "railway": "station",
        "ref": "JH18",
        "source": "KSJ2",
        "wikidata": "Q844702",
        "wikipedia": "ja:鴨居駅"
      },
      "geometry": {
        "type": "Point",
        "coordinates": [
          139.5670538,
          35.510947
        ]
      },
      "id": "node/280474787"
    },
    {
      "type": "Feature",
      "properties": {
        "@id": "node/280474931",
        "name": "中山",
        "name:en": "Nakayama",
        "name:ja": "中山",
        "name:ja-Hira": "なかやま",
        "name:ja-Latn": "Nakayama",
        "name:ko": "나카야마",
        "network": "JR横浜線",
        "operator": "東日本旅客鉄道",
        "operator:en": "East Japan Railway Company",
        "public_transport": "station",
        "railway": "station",
        "ref": "JH19",
        "source": "KSJ2",
        "train": "yes",
        "wheelchair": "yes",
        "wikidata": "Q844670",
        "wikipedia": "ja:中山駅 (神奈川県)"
      },
      "geometry": {
        "type": "Point",
        "coordinates": [
          139.5395328,
          35.5146971
        ]
      },
      "id": "node/280474931"
    },
    {
      "type": "Feature",
      "properties": {
        "@id": "node/280474943",
        "name": "大口",
        "name:en": "Oguchi",
        "name:ja": "大口",
        "name:ja-Hira": "おおぐち",
        "name:ja-Latn": "Ōguchi",
        "name:ko": "오구치",
        "operator": "東日本旅客鉄道",
        "public_transport": "station",
        "railway": "station",
        "ref": "JH14",
        "source": "KSJ2",
        "train": "yes",
        "wikidata": "Q801688",
        "wikipedia": "ja:大口駅"
      },
      "geometry": {
        "type": "Point",
        "coordinates": [
          139.6462868,
          35.4923774
        ]
      },
      "id": "node/280474943"
    },
    {
      "type": "Feature",
      "properties": {
        "@id": "node/280475163",
        "name": "十日市場",
        "name:en": "Tokaichiba",
        "name:ja": "十日市場",
        "name:ja-Hira": "とおかいちば",
        "name:ja_rm": "Tōkaichiba",
        "name:ko": "도카이치바",
        "operator": "東日本旅客鉄道",
        "operator:en": "East Japan Railway Company",
        "public_transport": "station",
        "railway": "station",
        "ref": "JH20",
        "source": "KSJ2",
        "train": "yes",
        "wikidata": "Q844640",
        "wikipedia": "ja:十日市場駅 (神奈川県)"
      },
      "geometry": {
        "type": "Point",
        "coordinates": [
          139.5165915,
          35.5263056
        ]
      },
      "id": "node/280475163"
    },
    {
      "type": "Feature",
      "properties": {
        "@id": "node/280475974",
        "name": "小机",
        "name:en": "Kozukue",
        "name:ja": "小机",
        "name:ja-Hira": "こづくえ",
        "name:ja-Latn": "Kozukue",
        "name:ko": "고즈쿠에",
        "operator": "東日本旅客鉄道",
        "operator:en": "East Japan Railway Company",
        "public_transport": "station",
        "railway": "station",
        "ref": "JH17",
        "source": "KSJ2",
        "train": "yes",
        "wikidata": "Q909994",
        "wikipedia": "ja:小机駅"
      },
      "geometry": {
        "type": "Point",
        "coordinates": [
          139.5997176,
          35.5086932
        ]
      },
      "id": "node/280475974"
    },
    {
      "type": "Feature",
      "properties": {
        "@id": "node/280476284",
        "name": "東神奈川",
        "name:en": "Higashi-Kanagawa",
        "name:ja": "東神奈川",
        "name:ja-Hira": "ひがしかながわ",
        "name:ja-Latn": "Higashi-kanagawa",
        "name:ko": "히가시카나가와",
        "name:ru": "Хигаси-Канагава",
        "operator": "東日本旅客鉄道",
        "public_transport": "station",
        "railway": "station",
        "ref": "JH13;JK13",
        "source": "KSJ2",
        "wheelchair": "yes",
        "wikidata": "Q128205",
        "wikimedia_commons": "File:JR Higashi-Kanagawa Station - 2023 March 14 various 20 01 39 301000.jpeg",
        "wikipedia": "ja:東神奈川駅"
      },
      "geometry": {
        "type": "Point",
        "coordinates": [
          139.6333271,
          35.4779431
        ]
      },
      "id": "node/280476284"
    },
    {
      "type": "Feature",
      "properties": {
        "@id": "node/280728684",
        "light_rail": "yes",
        "name": "海の公園柴口",
        "name:en": "Uminokoen-Shibaguchi",
        "name:es": "Uminokoen-Shibaguchi",
        "name:ja": "海の公園柴口",
        "name:ja-Hira": "うみのこうえんしばぐち",
        "name:ja_rm": "Uminokōen shibaguchi",
        "name:ko": "우미노코엔시바구치",
        "public_transport": "station",
        "railway": "station",
        "ref": "11",
        "source": "KSJ2",
        "source_ref": "http://nlftp.mlit.go.jp/ksj/jpgis/datalist/KsjTmplt-N02-v1_1.html",
        "station": "light_rail",
        "wikidata": "Q7881582",
        "wikipedia": "ja:海の公園柴口駅"
      },
      "geometry": {
        "type": "Point",
        "coordinates": [
          139.6359064,
          35.3421054
        ]
      },
      "id": "node/280728684"
    },
    {
      "type": "Feature",
      "properties": {
        "@id": "node/280728809",
        "light_rail": "yes",
        "name": "八景島",
        "name:en": "Hakkeijima",
        "name:es": "Hakkeijima",
        "name:ja": "八景島",
        "name:ja-Hira": "はっけいじま",
        "name:ja_rm": "Hakkeijima",
        "name:ko": "핫케이지마",
        "public_transport": "station",
        "railway": "station",
        "ref": "10",
        "source": "KSJ2",
        "source_ref": "http://nlftp.mlit.go.jp/ksj/jpgis/datalist/KsjTmplt-N02-v1_1.html",
        "station": "light_rail",
        "wikidata": "Q5640543",
        "wikipedia": "ja:八景島駅"
      },
      "geometry": {
        "type": "Point",
        "coordinates": [
          139.640836,
          35.3408226
        ]
      },
      "id": "node/280728809"
    },
    {
      "type": "Feature",
      "properties": {
        "@id": "node/280728896",
        "light_rail": "yes",
        "name": "海の公園南口",
        "name:en": "Uminokoen-Minamiguchi",
        "name:es": "Uminokoen-Minamiguchi",
        "name:ja": "海の公園南口",
        "name:ja-Hira": "うみのこうえんみなみぐち",
        "name:ja_rm": "Uminokōen minamiguchi",
        "name:ko": "우미노코엔미나미구치",
        "public_transport": "station",
        "railway": "station",
        "ref": "12",
        "source": "KSJ2",
        "source_ref": "http://nlftp.mlit.go.jp/ksj/jpgis/datalist/KsjTmplt-N02-v1_1.html",
        "station": "light_rail",
        "wikidata": "Q7881587",
        "wikipedia": "ja:海の公園南口駅"
      },
      "geometry": {
        "type": "Point",
        "coordinates": [
          139.6320353,
          35.3371661
        ]
      },
      "id": "node/280728896"
    },
    {
      "type": "Feature",
      "properties": {
        "@id": "node/280728933",
        "light_rail": "yes",
        "name": "幸浦",
        "name:en": "Sachiura",
        "name:es": "Sachiura",
        "name:ja": "幸浦",
        "name:ja-Hira": "さちうら",
        "name:ja_rm": "Sachiura",
        "name:ko": "사치우라",
        "public_transport": "station",
        "railway": "station",
        "ref": "6",
        "source": "KSJ2",
        "source_ref": "http://nlftp.mlit.go.jp/ksj/jpgis/datalist/KsjTmplt-N02-v1_1.html",
        "station": "light_rail",
        "wikidata": "Q7396765",
        "wikipedia": "ja:幸浦駅"
      },
      "geometry": {
        "type": "Point",
        "coordinates": [
          139.6437391,
          35.3583376
        ]
      },
      "id": "node/280728933"
    },
    {
      "type": "Feature",
      "properties": {
        "@id": "node/280728953",
        "light_rail": "yes",
        "name": "福浦",
        "name:en": "Fukuura",
        "name:ja": "福浦",
        "name:ja-Hira": "ふくうら",
        "name:ja_rm": "Fukuura",
        "name:ko": "후쿠우라",
        "public_transport": "station",
        "railway": "station",
        "ref": "8",
        "source": "KSJ2",
        "source_ref": "http://nlftp.mlit.go.jp/ksj/jpgis/datalist/KsjTmplt-N02-v1_1.html",
        "station": "light_rail",
        "wikidata": "Q5507751",
        "wikipedia": "ja:福浦駅"
      },
      "geometry": {
        "type": "Point",
        "coordinates": [
          139.6485436,
          35.3496489
        ]
      },
      "id": "node/280728953"
    },
    {
      "type": "Feature",
      "properties": {
        "@id": "node/280728980",
        "alt_name:ko": "산교신코센터",
        "light_rail": "yes",
        "name": "産業振興センター",
        "name:en": "Sangyoshinko Center",
        "name:ja": "産業振興センター",
        "name:ja-Hira": "さんぎょうしんこうせんたー",
        "name:ja_rm": "Sangyō shinkō sentā",
        "name:ko": "산업진흥센터",
        "public_transport": "station",
        "railway": "station",
        "ref": "7",
        "source": "KSJ2",
        "source_ref": "http://nlftp.mlit.go.jp/ksj/jpgis/datalist/KsjTmplt-N02-v1_1.html",
        "station": "light_rail",
        "wikidata": "Q7418197",
        "wikipedia": "ja:産業振興センター駅"
      },
      "geometry": {
        "type": "Point",
        "coordinates": [
          139.646291,
          35.3534255
        ]
      },
      "id": "node/280728980"
    },
    {
      "type": "Feature",
      "properties": {
        "@id": "node/281365135",
        "contact:website": "https://www.odakyu.jp/station/ikuta/",
        "name": "生田",
        "name:de": "Ikuta",
        "name:en": "Ikuta",
        "name:ja": "生田",
        "name:ja-Hira": "いくた",
        "name:ja-Latn": "Ikuta",
        "name:ko": "생전",
        "name:ru": "Икута",
        "operator": "小田急電鉄",
        "operator:en": "Odakyu Electric Railway",
        "operator:ja": "小田急電鉄",
        "operator:wikidata": "Q83584",
        "public_transport": "station",
        "railway": "station",
        "ref": "OH20",
        "source": "KSJ2",
        "train": "yes",
        "wheelchair": "yes",
        "wikidata": "Q4199128",
        "wikipedia": "ja:生田駅 (神奈川県)"
      },
      "geometry": {
        "type": "Point",
        "coordinates": [
          139.5419324,
          35.6149907
        ]
      },
      "id": "node/281365135"
    },
    {
      "type": "Feature",
      "properties": {
        "@id": "node/281365143",
        "contact:website": "https://www.odakyu.jp/station/yurigaoka/",
        "name": "百合ヶ丘",
        "name:de": "Yurigaoka",
        "name:en": "Yurigaoka",
        "name:ja": "百合ヶ丘",
        "name:ja-Hira": "ゆりがおか",
        "name:ja-Latn": "Yurigaoka",
        "name:ko": "유리가오카",
        "name:ru": "Юригаока",
        "operator": "小田急電鉄",
        "operator:en": "Odakyu Electric Railway",
        "operator:ja": "小田急電鉄",
        "operator:wikidata": "Q83584",
        "public_transport": "station",
        "railway": "station",
        "ref": "OH22",
        "source": "KSJ2",
        "wheelchair": "yes",
        "wikidata": "Q4534822",
        "wikipedia": "ja:百合ヶ丘駅"
      },
      "geometry": {
        "type": "Point",
        "coordinates": [
          139.5160744,
          35.6090225
        ]
      },
      "id": "node/281365143"
    },
    {
      "type": "Feature",
      "properties": {
        "@id": "node/281365561",
        "contact:website": "https://www.odakyu.jp/station/kakio/",
        "name": "柿生",
        "name:en": "Kakio",
        "name:ja": "柿生",
        "name:ja-Hira": "かきお",
        "name:ja-Latn": "Kakio",
        "name:ko": "가키오",
        "name:ru": "Какио",
        "network": "小田急電鉄",
        "network:en": "Odakyu Electric Railway",
        "network:ja": "小田急電鉄",
        "network:wikidata": "Q83584",
        "operator": "小田急電鉄",
        "operator:en": "Odakyu Electric Railway",
        "operator:ja": "小田急電鉄",
        "operator:wikidata": "Q83584",
        "public_transport": "station",
        "railway": "station",
        "ref": "OH24",
        "train": "yes",
        "wheelchair": "yes",
        "wikidata": "Q4208911",
        "wikipedia": "ja:柿生駅"
      },
      "geometry": {
        "type": "Point",
        "coordinates": [
          139.4975838,
          35.5896107
        ]
      },
      "id": "node/281365561"
    },
    {
      "type": "Feature",
      "properties": {
        "@id": "node/281366192",
        "addr:city": "厚木市 (Atsugi)",
        "addr:housename": "泉町",
        "addr:housenumber": "1-1",
        "alt_name": "本厚木駅",
        "name": "本厚木",
        "name:en": "Hon-Atsugi",
        "name:ja": "本厚木",
        "name:ja-Latn": "Hon-Atsugi",
        "name:ko": "혼아쓰기",
        "name:ru": "Хон-Ацуги",
        "public_transport": "station",
        "railway": "station",
        "ref": "OH34",
        "source": "KSJ2",
        "wheelchair": "yes",
        "wikidata": "Q4499730",
        "wikipedia": "ja:本厚木駅"
      },
      "geometry": {
        "type": "Point",
        "coordinates": [
          139.3642806,
          35.4393177
        ]
      },
      "id": "node/281366192"
    },
    {
      "type": "Feature",
      "properties": {
        "@id": "node/281366436",
        "alt_name:ko": "요미우리랜드마에",
        "contact:website": "https://www.odakyu.jp/station/yomiuriland_mae/",
        "name": "読売ランド前",
        "name:de": "Yomiuriland-mae",
        "name:en": "Yomiuriland-mae",
        "name:ja": "読売ランド前",
        "name:ja-Hira": "よみうりらんどまえ",
        "name:ja-Latn": "Yomiuri-rando-mae",
        "name:ko": "요미우리랜드앞",
        "name:ru": "Ёмиури-рандо-маэ",
        "network": "小田急電鉄",
        "network:en": "Odakyu Electric Railway",
        "network:ja": "小田急電鉄",
        "network:wikidata": "Q83584",
        "operator": "小田急電鉄",
        "operator:en": "Odakyu Electric Railway",
        "operator:ja": "小田急電鉄",
        "operator:wikidata": "Q83584",
        "public_transport": "station",
        "railway": "station",
        "ref": "OH21",
        "source": "KSJ2",
        "train": "yes",
        "wikidata": "Q4053762",
        "wikipedia": "ja:読売ランド前駅"
      },
      "geometry": {
        "type": "Point",
        "coordinates": [
          139.5278883,
          35.6147779
        ]
      },
      "id": "node/281366436"
    },
    {
      "type": "Feature",
      "properties": {
        "@id": "node/281366650",
        "alt_name:ko": "무코가오카유엔",
        "contact:website": "https://www.odakyu.jp/station/mukogaoka_yuen/",
        "name": "向ヶ丘遊園",
        "name:de": "Mukogaoka-Yuen",
        "name:en": "Mukogaoka-Yuen",
        "name:ja": "向ヶ丘遊園",
        "name:ja-Hira": "むこうがおかゆうえん",
        "name:ja-Latn": "Mukōgaoka-Yūen",
        "name:ko": "무코가오카유원",
        "name:ru": "Мукогаока-Юэн",
        "operator": "小田急電鉄",
        "operator:en": "Odakyu Electric Railway",
        "operator:ja": "小田急電鉄",
        "operator:wikidata": "Q83584",
        "public_transport": "station",
        "railway": "station",
        "ref": "OH19",
        "source": "KSJ2",
        "train": "yes",
        "wikidata": "Q801204",
        "wikipedia": "ja:向ヶ丘遊園駅"
      },
      "geometry": {
        "type": "Point",
        "coordinates": [
          139.5645472,
          35.6172082
        ]
      },
      "id": "node/281366650"
    },
    {
      "type": "Feature",
      "properties": {
        "@id": "node/281366968",
        "name": "伊勢原",
        "name:en": "Isehara",
        "name:ja": "伊勢原",
        "name:ja_rm": "Isehara",
        "name:ko": "이세하라",
        "name:ru": "Исэхара",
        "network": "小田急電鉄",
        "network:en": "Odakyu Electric Railway",
        "network:ja": "小田急電鉄",
        "network:wikidata": "Q83584",
        "operator": "小田急電鉄",
        "operator:ja": "小田急電鉄",
        "platforms": "5",
        "public_transport": "station",
        "railway": "station",
        "ref": "OH36",
        "source": "KSJ2",
        "train": "yes",
        "wheelchair": "limited",
        "wikidata": "Q4205219",
        "wikipedia": "ja:伊勢原駅"
      },
      "geometry": {
        "type": "Point",
        "coordinates": [
          139.3135001,
          35.3959932
        ]
      },
      "id": "node/281366968"
    },
    {
      "type": "Feature",
      "properties": {
        "@id": "node/281367140",
        "name": "座間",
        "name:en": "Zama",
        "name:ja": "座間",
        "name:ja-Hira": "Zama",
        "name:ja_rm": "ざま",
        "name:ko": "자마",
        "name:ru": "Дзама",
        "network": "小田急電鉄",
        "network:en": "Odakyu Electric Railway",
        "network:ja": "小田急電鉄",
        "network:wikidata": "Q83584",
        "operator": "小田急電鉄",
        "public_transport": "station",
        "railway": "station",
        "ref": "OH31",
        "source": "KSJ2",
        "train": "yes",
        "wikidata": "Q4160705",
        "wikipedia": "ja:座間駅"
      },
      "geometry": {
        "type": "Point",
        "coordinates": [
          139.3999256,
          35.4807147
        ]
      },
      "id": "node/281367140"
    },
    {
      "type": "Feature",
      "properties": {
        "@id": "node/281469427",
        "KSJ2:LIN": "相模線",
        "air_conditioning": "no",
        "internet_access": "no",
        "name": "入谷",
        "name:en": "Iriya",
        "name:ja": "入谷",
        "name:ja-Hira": "いりや",
        "name:ja-Latn": "Iriya",
        "name:ko": "이리야",
        "network": "相模線",
        "note": "National-Land Numerical Information (Railway) 2007, MLIT Japan",
        "note:ja": "国土数値情報（鉄道データ）平成19年　国土交通省",
        "operator": "東日本旅客鉄道",
        "public_transport": "station",
        "railway": "station",
        "source": "KSJ2",
        "source_ref": "http://nlftp.mlit.go.jp/ksj/jpgis/datalist/KsjTmplt-N02-v1_1.html",
        "train": "yes",
        "wheelchair": "yes",
        "wikidata": "Q8193653",
        "wikipedia": "ja:入谷駅 (神奈川県)"
      },
      "geometry": {
        "type": "Point",
        "coordinates": [
          139.3917746,
          35.478668
        ]
      },
      "id": "node/281469427"
    },
    {
      "type": "Feature",
      "properties": {
        "@id": "node/281469591",
        "name": "上溝",
        "name:en": "Kamimizo",
        "name:ja": "上溝",
        "name:ja-Hira": "かみみぞ",
        "name:ja_rm": "Kamimizo",
        "name:ko": "가미미조",
        "operator": "東日本旅客鉄道",
        "public_transport": "station",
        "railway": "station",
        "source": "KSJ2",
        "source_ref": "http://nlftp.mlit.go.jp/ksj/jpgis/datalist/KsjTmplt-N02-v1_1.html",
        "wheelchair": "yes",
        "wikidata": "Q6358129",
        "wikipedia": "ja:上溝駅"
      },
      "geometry": {
        "type": "Point",
        "coordinates": [
          139.3631816,
          35.5577447
        ]
      },
      "id": "node/281469591"
    },
    {
      "type": "Feature",
      "properties": {
        "@id": "node/281469605",
        "KSJ2:LIN": "相模線",
        "KSJ2:RAS": "eb03_7611",
        "KSJ2:STN": "海老名",
        "KSJ2:segment": "eb02_16072",
        "name": "海老名",
        "name:en": "Ebina",
        "name:ja": "海老名",
        "name:ja-Hira": "えびな",
        "name:ja_rm": "Ebina",
        "name:ko": "에비나",
        "network": "相模線",
        "note": "National-Land Numerical Information (Railway) 2007, MLIT Japan",
        "note:ja": "国土数値情報（鉄道データ）平成19年　国土交通省",
        "operator": "東日本旅客鉄道",
        "public_transport": "station",
        "railway": "station",
        "source": "KSJ2",
        "source_ref": "http://nlftp.mlit.go.jp/ksj/jpgis/datalist/KsjTmplt-N02-v1_1.html",
        "toilets:wheelchair": "yes",
        "wheelchair": "yes",
        "wikidata": "Q865932",
        "wikipedia": "ja:海老名駅"
      },
      "geometry": {
        "type": "Point",
        "coordinates": [
          139.3894064,
          35.4543232
        ]
      },
      "id": "node/281469605"
    },
    {
      "type": "Feature",
      "properties": {
        "@id": "node/281469762",
        "KSJ2:LIN": "相模線",
        "KSJ2:RAS": "eb03_7603",
        "KSJ2:STN": "香川",
        "KSJ2:segment": "eb02_16083",
        "mapillary": "987408762258380",
        "name": "香川",
        "name:en": "Kagawa",
        "name:ja": "香川",
        "name:ja_rm": "Kagawa",
        "name:ko": "가가와",
        "note": "National-Land Numerical Information (Railway) 2007, MLIT Japan",
        "note:ja": "国土数値情報（鉄道データ）平成19年　国土交通省",
        "public_transport": "station",
        "railway": "station",
        "source": "KSJ2",
        "source_ref": "http://nlftp.mlit.go.jp/ksj/jpgis/datalist/KsjTmplt-N02-v1_1.html",
        "wikidata": "Q6346410",
        "wikipedia": "ja:香川駅"
      },
      "geometry": {
        "type": "Point",
        "coordinates": [
          139.3997553,
          35.3565035
        ]
      },
      "id": "node/281469762"
    },
    {
      "type": "Feature",
      "properties": {
        "@id": "node/281469981",
        "KSJ2:LIN": "相模線",
        "KSJ2:RAS": "eb03_7604",
        "KSJ2:STN": "門沢橋",
        "KSJ2:segment": "eb02_16061",
        "addr:block_number": "4",
        "addr:city": "海老名市",
        "addr:housenumber": "1",
        "addr:neighbourhood": "2丁目",
        "addr:postcode": "243-0426",
        "addr:province": "神奈川県",
        "addr:quarter": "門沢橋",
        "mapillary": "214395331385356",
        "name": "門沢橋",
        "name:en": "Kadosawabashi",
        "name:ja": "門沢橋",
        "name:ja-Hira": "かどさわばし",
        "name:ja-Latn": "Kadosawabashi",
        "name:ko": "가도사와바시",
        "note": "National-Land Numerical Information (Railway) 2007, MLIT Japan",
        "note:ja": "国土数値情報（鉄道データ）平成19年　国土交通省",
        "public_transport": "station",
        "railway": "station",
        "source": "KSJ2;survey",
        "source_ref": "http://nlftp.mlit.go.jp/ksj/jpgis/datalist/KsjTmplt-N02-v1_1.html",
        "train": "yes",
        "wikidata": "Q6345663",
        "wikipedia": "ja:門沢橋駅"
      },
      "geometry": {
        "type": "Point",
        "coordinates": [
          139.3801795,
          35.4066798
        ]
      },
      "id": "node/281469981"
    },
    {
      "type": "Feature",
      "properties": {
        "@id": "node/281469983",
        "KSJ2:LIN": "相模線",
        "name": "番田",
        "name:en": "Banda",
        "name:ja": "番田",
        "name:ja-Hira": "ばんだ",
        "name:ja_rm": "Banda",
        "name:ko": "반다",
        "note": "National-Land Numerical Information (Railway) 2007, MLIT Japan",
        "note:ja": "国土数値情報（鉄道データ）平成19年 国土交通省",
        "operator": "東日本旅客鉄道",
        "public_transport": "station",
        "railway": "station",
        "source": "KSJ2",
        "source_ref": "http://nlftp.mlit.go.jp/ksj/jpgis/datalist/KsjTmplt-N02-v1_1.html",
        "wheelchair": "yes",
        "wikidata": "Q4854306",
        "wikipedia": "ja:番田駅 (神奈川県)"
      },
      "geometry": {
        "type": "Point",
        "coordinates": [
          139.3629739,
          35.5453357
        ]
      },
      "id": "node/281469983"
    },
    {
      "type": "Feature",
      "properties": {
        "@id": "node/281470396",
        "KSJ2:LIN": "相模線",
        "name": "相武台下",
        "name:en": "Sobudaishita",
        "name:ja": "相武台下",
        "name:ja-Hira": "そうぶだいした",
        "name:ja_rm": "Sōbudai Shita",
        "name:ko": "소부다이시타",
        "note": "National-Land Numerical Information (Railway) 2007, MLIT Japan",
        "note:ja": "国土数値情報（鉄道データ）平成19年 国土交通省",
        "operator": "東日本旅客鉄道",
        "public_transport": "station",
        "railway": "station",
        "source": "KSJ2",
        "source_ref": "http://nlftp.mlit.go.jp/ksj/jpgis/datalist/KsjTmplt-N02-v1_1.html",
        "wheelchair": "no",
        "wikidata": "Q7667566",
        "wikipedia": "ja:相武台下駅"
      },
      "geometry": {
        "type": "Point",
        "coordinates": [
          139.3862193,
          35.4931826
        ]
      },
      "id": "node/281470396"
    },
    {
      "type": "Feature",
      "properties": {
        "@id": "node/281470473",
        "KSJ2:LIN": "相模線",
        "KSJ2:RAS": "eb03_7605",
        "KSJ2:STN": "社家",
        "KSJ2:segment": "eb02_16074",
        "name": "社家",
        "name:en": "Shake",
        "name:ja": "社家",
        "name:ja_rm": "Shake",
        "name:ko": "샤케",
        "note": "National-Land Numerical Information (Railway) 2007, MLIT Japan",
        "note:ja": "国土数値情報（鉄道データ）平成19年　国土交通省",
        "public_transport": "station",
        "railway": "station",
        "source": "KSJ2",
        "source_ref": "http://nlftp.mlit.go.jp/ksj/jpgis/datalist/KsjTmplt-N02-v1_1.html",
        "train": "yes",
        "wikidata": "Q7462638",
        "wikipedia": "ja:社家駅"
      },
      "geometry": {
        "type": "Point",
        "coordinates": [
          139.377266,
          35.4204242
        ]
      },
      "id": "node/281470473"
    },
    {
      "type": "Feature",
      "properties": {
        "@id": "node/281470876",
        "KSJ2:LIN": "相模線",
        "name": "下溝",
        "name:en": "Shimomizo",
        "name:ja": "下溝",
        "name:ja-Hira": "しもみぞ",
        "name:ja_rm": "Shimomizo",
        "name:ko": "시모미조",
        "note": "National-Land Numerical Information (Railway) 2007, MLIT Japan",
        "note:ja": "国土数値情報（鉄道データ）平成19年 国土交通省",
        "operator": "東日本旅客鉄道",
        "public_transport": "station",
        "railway": "station",
        "source": "KSJ2",
        "source_ref": "http://nlftp.mlit.go.jp/ksj/jpgis/datalist/KsjTmplt-N02-v1_1.html",
        "wikidata": "Q7496979",
        "wikipedia": "ja:下溝駅"
      },
      "geometry": {
        "type": "Point",
        "coordinates": [
          139.380493,
          35.5181443
        ]
      },
      "id": "node/281470876"
    },
    {
      "type": "Feature",
      "properties": {
        "@id": "node/281470884",
        "KSJ2:LIN": "相模線",
        "KSJ2:RAS": "eb03_7610",
        "KSJ2:STN": "宮山",
        "KSJ2:segment": "eb02_16065",
        "name": "宮山",
        "name:en": "Miyayama",
        "name:ja": "宮山",
        "name:ja-Hira": "みややま",
        "name:ja_rm": "Miyayama",
        "name:ko": "미야야마",
        "note": "National-Land Numerical Information (Railway) 2007, MLIT Japan",
        "note:ja": "国土数値情報（鉄道データ）平成19年　国土交通省",
        "public_transport": "station",
        "railway": "station",
        "source": "KSJ2",
        "source_ref": "http://nlftp.mlit.go.jp/ksj/jpgis/datalist/KsjTmplt-N02-v1_1.html",
        "wikidata": "Q265686",
        "wikipedia": "ja:宮山駅"
      },
      "geometry": {
        "type": "Point",
        "coordinates": [
          139.3797406,
          35.3822048
        ]
      },
      "id": "node/281470884"
    },
    {
      "type": "Feature",
      "properties": {
        "@id": "node/288509478",
        "highway": "motorway_junction",
        "name": "秦野中井ＩＣ",
        "ref": "5-2",
        "source": "URL 2013",
        "wikidata": "Q11596082",
        "wikipedia": "ja:秦野中井インターチェンジ"
      },
      "geometry": {
        "type": "Point",
        "coordinates": [
          139.2385051,
          35.3540232
        ]
      },
      "id": "node/288509478"
    },
    {
      "type": "Feature",
      "properties": {
        "@id": "node/288509863",
        "highway": "motorway_junction",
        "name": "大井松田IC",
        "ref": "6",
        "source": "URL 2013",
        "wikidata": "Q10933470",
        "wikipedia": "ja:大井松田インターチェンジ"
      },
      "geometry": {
        "type": "Point",
        "coordinates": [
          139.1590351,
          35.3415618
        ]
      },
      "id": "node/288509863"
    },
    {
      "type": "Feature",
      "properties": {
        "@id": "node/289426438",
        "highway": "motorway_junction",
        "name": "厚木IC",
        "ref": "5"
      },
      "geometry": {
        "type": "Point",
        "coordinates": [
          139.3586255,
          35.4246167
        ]
      },
      "id": "node/289426438"
    },
    {
      "type": "Feature",
      "properties": {
        "@id": "node/293335046",
        "highway": "motorway_junction",
        "name": "酒匂IC",
        "ref": "4"
      },
      "geometry": {
        "type": "Point",
        "coordinates": [
          139.1864805,
          35.2630069
        ]
      },
      "id": "node/293335046"
    },
    {
      "type": "Feature",
      "properties": {
        "@id": "node/293335972",
        "highway": "motorway_junction",
        "name": "大磯港IC"
      },
      "geometry": {
        "type": "Point",
        "coordinates": [
          139.3117286,
          35.3064343
        ]
      },
      "id": "node/293335972"
    },
    {
      "type": "Feature",
      "properties": {
        "@id": "node/297138148",
        "highway": "motorway_junction",
        "name": "藤塚ＩＣ",
        "ref": "11",
        "wikidata": "Q11081089",
        "wikipedia": "ja:新保土ヶ谷インターチェンジ"
      },
      "geometry": {
        "type": "Point",
        "coordinates": [
          139.574139,
          35.4516644
        ]
      },
      "id": "node/297138148"
    },
    {
      "type": "Feature",
      "properties": {
        "@id": "node/304036448",
        "highway": "motorway_junction",
        "name": "今井ＩＣ",
        "name:en": "Imai IC",
        "name:es": "Imai IC",
        "ref": "13",
        "source": "Bing",
        "wikidata": "Q10883945",
        "wikipedia": "ja:今井インターチェンジ (神奈川県)"
      },
      "geometry": {
        "type": "Point",
        "coordinates": [
          139.563175,
          35.4445519
        ]
      },
      "id": "node/304036448"
    },
    {
      "type": "Feature",
      "properties": {
        "@id": "node/307882453",
        "name": "恩田",
        "name:en": "Onda",
        "name:ja": "恩田",
        "name:ja-Hira": "おんだ",
        "name:ja_rm": "Onda",
        "name:ko": "온다",
        "network": "東急電鉄",
        "network:en": "Tokyu Railways",
        "network:ja": "東急電鉄",
        "network:wikidata": "Q80229029",
        "operator": "東急電鉄",
        "public_transport": "station",
        "railway": "station",
        "ref": "KD02",
        "source": "KSJ2",
        "train": "yes",
        "wikidata": "Q7092149",
        "wikipedia": "ja:恩田駅"
      },
      "geometry": {
        "type": "Point",
        "coordinates": [
          139.4921288,
          35.5455896
        ]
      },
      "id": "node/307882453"
    },
    {
      "type": "Feature",
      "properties": {
        "@id": "node/355845276",
        "name": "上永谷",
        "name:en": "Kaminagaya",
        "name:es": "Kaminagaya",
        "name:ja": "上永谷",
        "name:ja-Hira": "かみながや",
        "name:ko": "가미나가야",
        "operator": "横浜市交通局",
        "public_transport": "station",
        "railway": "station",
        "ref": "B09",
        "source": "KSJ2",
        "source_ref": "http://nlftp.mlit.go.jp/ksj/jpgis/datalist/KsjTmplt-N02-v1_1.html",
        "station": "subway",
        "subway": "yes",
        "wheelchair": "yes",
        "wikidata": "Q841420",
        "wikipedia": "ja:上永谷駅"
      },
      "geometry": {
        "type": "Point",
        "coordinates": [
          139.5725338,
          35.4015158
        ]
      },
      "id": "node/355845276"
    },
    {
      "type": "Feature",
      "properties": {
        "@id": "node/357078500",
        "highway": "motorway_junction",
        "name": "横浜青葉IC/JCT",
        "name:en": "Yokohama-Aoba",
        "name:ja": "横浜青葉IC/JCT",
        "ref": "3-1",
        "source": "URL 2013",
        "wikidata": "Q11122297",
        "wikipedia": "ja:横浜青葉インターチェンジ"
      },
      "geometry": {
        "type": "Point",
        "coordinates": [
          139.5431723,
          35.5467493
        ]
      },
      "id": "node/357078500"
    },
    {
      "type": "Feature",
      "properties": {
        "@id": "node/357078640",
        "highway": "motorway_junction",
        "name": "横浜町田IC",
        "name:en": "Yokohama-Machida",
        "ref": "4",
        "source": "URL 2013",
        "wikidata": "Q11122293",
        "wikipedia": "ja:横浜町田インターチェンジ"
      },
      "geometry": {
        "type": "Point",
        "coordinates": [
          139.4866523,
          35.5110757
        ]
      },
      "id": "node/357078640"
    },
    {
      "type": "Feature",
      "properties": {
        "@id": "node/357094369",
        "highway": "motorway_junction",
        "name": "綾瀬SIC",
        "ref": "4-1",
        "wikidata": "Q11032590",
        "wikipedia": "ja:綾瀬スマートインターチェンジ"
      },
      "geometry": {
        "type": "Point",
        "coordinates": [
          139.4212809,
          35.4491628
        ]
      },
      "id": "node/357094369"
    },
    {
      "type": "Feature",
      "properties": {
        "@id": "node/357095195",
        "highway": "motorway_junction",
        "name": "厚木IC",
        "ref": "5"
      },
      "geometry": {
        "type": "Point",
        "coordinates": [
          139.3669684,
          35.4231341
        ]
      },
      "id": "node/357095195"
    },
    {
      "type": "Feature",
      "properties": {
        "@id": "node/358048867",
        "highway": "motorway_junction",
        "name": "箱根峠IC"
      },
      "geometry": {
        "type": "Point",
        "coordinates": [
          139.0158237,
          35.1837864
        ]
      },
      "id": "node/358048867"
    },
    {
      "type": "Feature",
      "properties": {
        "@id": "node/358057017",
        "highway": "motorway_junction",
        "name": "山崎IC",
        "source": "Bing"
      },
      "geometry": {
        "type": "Point",
        "coordinates": [
          139.1138125,
          35.2342592
        ]
      },
      "id": "node/358057017"
    },
    {
      "type": "Feature",
      "properties": {
        "@id": "node/358057496",
        "highway": "motorway_junction",
        "name": "芦ノ湖大観IC"
      },
      "geometry": {
        "type": "Point",
        "coordinates": [
          139.0291355,
          35.1841771
        ]
      },
      "id": "node/358057496"
    },
    {
      "type": "Feature",
      "properties": {
        "@id": "node/358057498",
        "highway": "motorway_junction",
        "name": "芦ノ湖大観IC"
      },
      "geometry": {
        "type": "Point",
        "coordinates": [
          139.0289053,
          35.1837969
        ]
      },
      "id": "node/358057498"
    },
    {
      "type": "Feature",
      "properties": {
        "@id": "node/358057542",
        "highway": "motorway_junction",
        "name": "箱根峠IC"
      },
      "geometry": {
        "type": "Point",
        "coordinates": [
          139.0174402,
          35.1844229
        ]
      },
      "id": "node/358057542"
    },
    {
      "type": "Feature",
      "properties": {
        "@id": "node/358058420",
        "highway": "motorway_junction",
        "name": "山崎IC",
        "source": "Bing"
      },
      "geometry": {
        "type": "Point",
        "coordinates": [
          139.1142,
          35.2346929
        ]
      },
      "id": "node/358058420"
    },
    {
      "type": "Feature",
      "properties": {
        "@id": "node/358059661",
        "highway": "motorway_junction",
        "name": "箱根口IC",
        "ref": "8"
      },
      "geometry": {
        "type": "Point",
        "coordinates": [
          139.1299385,
          35.244765
        ]
      },
      "id": "node/358059661"
    },
    {
      "type": "Feature",
      "properties": {
        "@id": "node/358059663",
        "highway": "motorway_junction",
        "name": "小田原西IC"
      },
      "geometry": {
        "type": "Point",
        "coordinates": [
          139.1313662,
          35.2448335
        ]
      },
      "id": "node/358059663"
    },
    {
      "type": "Feature",
      "properties": {
        "@id": "node/358059674",
        "highway": "motorway_junction",
        "name": "小田原西IC",
        "ref": "1"
      },
      "geometry": {
        "type": "Point",
        "coordinates": [
          139.1329973,
          35.2459106
        ]
      },
      "id": "node/358059674"
    },
    {
      "type": "Feature",
      "properties": {
        "@id": "node/360643783",
        "highway": "motorway_junction",
        "name": "横浜町田IC"
      },
      "geometry": {
        "type": "Point",
        "coordinates": [
          139.4850842,
          35.5042477
        ]
      },
      "id": "node/360643783"
    },
    {
      "type": "Feature",
      "properties": {
        "@id": "node/364358968",
        "highway": "motorway_junction",
        "name": "佐原ＩＣ",
        "name:en": "Sahara",
        "ref": "9"
      },
      "geometry": {
        "type": "Point",
        "coordinates": [
          139.672275,
          35.2374601
        ]
      },
      "id": "node/364358968"
    },
    {
      "type": "Feature",
      "properties": {
        "@id": "node/364359034",
        "highway": "motorway_junction",
        "name": "浦賀ＩＣ",
        "name:en": "Uraga",
        "ref": "10"
      },
      "geometry": {
        "type": "Point",
        "coordinates": [
          139.7056855,
          35.2509769
        ]
      },
      "id": "node/364359034"
    },
    {
      "type": "Feature",
      "properties": {
        "@id": "node/364359066",
        "highway": "motorway_junction",
        "name": "馬掘海岸ＩＣ"
      },
      "geometry": {
        "type": "Point",
        "coordinates": [
          139.7138963,
          35.2632563
        ]
      },
      "id": "node/364359066"
    },
    {
      "type": "Feature",
      "properties": {
        "@id": "node/364513564",
        "highway": "motorway_junction",
        "name": "並木ＩＣ",
        "name:en": "Namiki IC",
        "name:es": "Namiki IC",
        "ref": "4-3"
      },
      "geometry": {
        "type": "Point",
        "coordinates": [
          139.6353676,
          35.360946
        ]
      },
      "id": "node/364513564"
    },
    {
      "type": "Feature",
      "properties": {
        "@id": "node/373140052",
        "highway": "motorway_junction",
        "name": "大磯東IC"
      },
      "geometry": {
        "type": "Point",
        "coordinates": [
          139.3261423,
          35.3124774
        ]
      },
      "id": "node/373140052"
    },
    {
      "type": "Feature",
      "properties": {
        "@id": "node/373151903",
        "highway": "motorway_junction",
        "name": "小田原IC",
        "name:en": "Odawara",
        "ref": "5"
      },
      "geometry": {
        "type": "Point",
        "coordinates": [
          139.1733105,
          35.2555752
        ]
      },
      "id": "node/373151903"
    },
    {
      "type": "Feature",
      "properties": {
        "@id": "node/373155396",
        "highway": "motorway_junction",
        "name": "早川IC",
        "ref": "6"
      },
      "geometry": {
        "type": "Point",
        "coordinates": [
          139.1508769,
          35.2418564
        ]
      },
      "id": "node/373155396"
    },
    {
      "type": "Feature",
      "properties": {
        "@id": "node/373155466",
        "highway": "motorway_junction",
        "name": "小田原西IC"
      },
      "geometry": {
        "type": "Point",
        "coordinates": [
          139.1358222,
          35.2457161
        ]
      },
      "id": "node/373155466"
    },
    {
      "type": "Feature",
      "properties": {
        "@id": "node/373166556",
        "highway": "motorway_junction",
        "name": "伊勢原IC",
        "name:en": "Isehara",
        "name:ja": "伊勢原",
        "name:ja-Hira": "いせはら",
        "name:ja_rm": "Isehara",
        "ref": "7"
      },
      "geometry": {
        "type": "Point",
        "coordinates": [
          139.3306329,
          35.3842134
        ]
      },
      "id": "node/373166556"
    },
    {
      "type": "Feature",
      "properties": {
        "@id": "node/373690641",
        "highway": "motorway_junction",
        "name": "逗子ＩＣ",
        "name:en": "Zushi",
        "ref": "6"
      },
      "geometry": {
        "type": "Point",
        "coordinates": [
          139.6186949,
          35.293735
        ]
      },
      "id": "node/373690641"
    },
    {
      "type": "Feature",
      "properties": {
        "@id": "node/376452851",
        "highway": "motorway_junction",
        "name": "港南台IC",
        "name:en": "Kohandai",
        "ref": "4",
        "wikidata": "Q11563063"
      },
      "geometry": {
        "type": "Point",
        "coordinates": [
          139.5899303,
          35.3741341
        ]
      },
      "id": "node/376452851"
    },
    {
      "type": "Feature",
      "properties": {
        "@id": "node/376487256",
        "highway": "motorway_junction",
        "name": "別所ＩＣ",
        "name:en": "Bessho IC",
        "name:es": "Bessho IC"
      },
      "geometry": {
        "type": "Point",
        "coordinates": [
          139.5802771,
          35.4187184
        ]
      },
      "id": "node/376487256"
    },
    {
      "type": "Feature",
      "properties": {
        "@id": "way/384498886",
        "addr:block_number": "13",
        "addr:city": "海老名市",
        "addr:housenumber": "1",
        "addr:place": "扇町",
        "addr:postcode": "243-0482",
        "addr:province": "神奈川県",
        "branch": "海老名",
        "branch:en": "Ebina",
        "building": "yes",
        "building:levels": "4",
        "layer": "3",
        "name": "ららぽーと海老名",
        "name:en": "LaLaport",
        "name:ja": "ららぽーと海老名",
        "phone": "+81 46-234-1100",
        "shop": "mall",
        "source": "survey;bing",
        "start_date": "2015-10-29",
        "toilets:wheelchair": "yes",
        "website": "https://mitsui-shopping-park.com/lalaport/ebina/",
        "wheelchair": "yes",
        "wikidata": "Q21280817",
        "wikipedia": "ja:ららぽーと海老名",
        "@geometry": "center"
      },
      "geometry": {
        "type": "Point",
        "coordinates": [
          139.3894766,
          35.4559412
        ]
      },
      "id": "way/384498886"
    },
    {
      "type": "Feature",
      "properties": {
        "@id": "way/389483694",
        "addr:postcode": "239-0831",
        "branch": "横須賀久里浜店",
        "brand": "CAINZ HOME",
        "name": "カインズホーム (CAINZ HOME)",
        "name:en": "CAINZ HOME",
        "name:ja": "カインズホーム",
        "name:ja_rm": "Kainnzu Homu",
        "opening_hours": "Mo-Su 09:30-20:00",
        "operator": "カインズホーム",
        "phone": "+81-46-8378666",
        "shop": "doityourself",
        "source": "Bing",
        "website": "http://www.cainz.co.jp/",
        "@geometry": "center"
      },
      "geometry": {
        "type": "Point",
        "coordinates": [
          139.7129214,
          35.222087
        ]
      },
      "id": "way/389483694"
    },
    {
      "type": "Feature",
      "properties": {
        "@id": "node/392675932",
        "highway": "motorway_junction",
        "name": "藤沢IC"
      },
      "geometry": {
        "type": "Point",
        "coordinates": [
          139.4451638,
          35.3475815
        ]
      },
      "id": "node/392675932"
    },
    {
      "type": "Feature",
      "properties": {
        "@id": "node/392676062",
        "highway": "motorway_junction",
        "name": "茅ヶ崎西IC"
      },
      "geometry": {
        "type": "Point",
        "coordinates": [
          139.3864501,
          35.3361034
        ]
      },
      "id": "node/392676062"
    },
    {
      "type": "Feature",
      "properties": {
        "@id": "node/392676516",
        "highway": "motorway_junction",
        "name": "茅ヶ崎中央IC",
        "ref": "24"
      },
      "geometry": {
        "type": "Point",
        "coordinates": [
          139.3898201,
          35.3476842
        ]
      },
      "id": "node/392676516"
    },
    {
      "type": "Feature",
      "properties": {
        "@id": "node/430041193",
        "highway": "motorway_junction",
        "name": "厚木IC",
        "ref": "5",
        "source": "URL 2013",
        "wikidata": "Q10911044",
        "wikipedia": "ja:厚木インターチェンジ"
      },
      "geometry": {
        "type": "Point",
        "coordinates": [
          139.3555083,
          35.4248469
        ]
      },
      "id": "node/430041193"
    },
    {
      "type": "Feature",
      "properties": {
        "@id": "way/437012637",
        "area": "yes",
        "highway": "services",
        "name": "道の駅清川",
        "source": "digitalglobe",
        "wikidata": "Q30106191",
        "wikipedia": "ja:道の駅清川",
        "@geometry": "center"
      },
      "geometry": {
        "type": "Point",
        "coordinates": [
          139.2768897,
          35.482743
        ]
      },
      "id": "way/437012637"
    },
    {
      "type": "Feature",
      "properties": {
        "@id": "way/494068974",
        "building": "yes",
        "building:levels": "3",
        "level": "3",
        "name": "ららぽーと湘南平塚",
        "name:en": "LaLaport Shonan Hiratsuka",
        "operator": "三井不動産",
        "shop": "mall",
        "website": "http://www.lalaport-shonanhiratsuka.com/",
        "wikidata": "Q27168827",
        "wikipedia": "ja:ららぽーと湘南平塚",
        "@geometry": "center"
      },
      "geometry": {
        "type": "Point",
        "coordinates": [
          139.3550525,
          35.3364403
        ]
      },
      "id": "way/494068974"
    },
    {
      "type": "Feature",
      "properties": {
        "@id": "node/506122717",
        "contact:website": "http://www.jreast.co.jp/estation/station/info.aspx?StationCd=476",
        "name": "鎌倉",
        "name:en": "Kamakura",
        "name:es": "Kamakura",
        "name:fr": "Kamakura",
        "name:it": "Kamakura",
        "name:ja": "鎌倉",
        "name:ja-Hira": "かまくら",
        "name:ja-Latn": "Kamakura",
        "name:ko": "가마쿠라",
        "name:zh": "镰仓",
        "network": "JR横須賀線",
        "operator": "東日本旅客鉄道",
        "operator:wikidata": "Q499071",
        "public_transport": "station",
        "railway": "station",
        "ref": "JO07;JS07",
        "source": "KSJ2",
        "source_ref": "http://nlftp.mlit.go.jp/ksj/jpgis/datalist/KsjTmplt-N02-v1_1.html",
        "start_date": "1889-06-16",
        "train": "yes",
        "wikidata": "Q932895",
        "wikimedia_commons": "Category:Kamakura Station",
        "wikipedia": "ja:鎌倉駅"
      },
      "geometry": {
        "type": "Point",
        "coordinates": [
          139.5504271,
          35.3191831
        ]
      },
      "id": "node/506122717"
    },
    {
      "type": "Feature",
      "properties": {
        "@id": "way/537120519",
        "addr:block_number": "2",
        "addr:city": "横浜市",
        "addr:neighbourhood": "5",
        "addr:postcode": "236-0007",
        "addr:province": "神奈川県",
        "addr:quarter": "白帆",
        "addr:suburb": "金沢区",
        "amenity": "shop",
        "name": "三井アウトレットパーク 横浜ベイサイド",
        "name:en": "Mitsui Outlet Park Yokohama Bayside",
        "operator": "三井不動産",
        "phone": "045-775-4446",
        "shop": "mall",
        "wikidata": "Q11354194",
        "@geometry": "center"
      },
      "geometry": {
        "type": "Point",
        "coordinates": [
          139.6462241,
          35.3799855
        ]
      },
      "id": "way/537120519"
    },
    {
      "type": "Feature",
      "properties": {
        "@id": "way/541554911",
        "area": "yes",
        "highway": "services",
        "name": "道の駅 山北",
        "wikidata": "Q11641282",
        "wikipedia": "ja:道の駅山北",
        "@geometry": "center"
      },
      "geometry": {
        "type": "Point",
        "coordinates": [
          139.0312618,
          35.379505
        ]
      },
      "id": "way/541554911"
    },
    {
      "type": "Feature",
      "properties": {
        "@id": "way/569024020",
        "addr:block_number": "10",
        "addr:city": "座間市",
        "addr:housenumber": "4",
        "addr:neighbourhood": "2丁目",
        "addr:postcode": "252-0012",
        "addr:province": "神奈川県",
        "addr:quarter": "広野台",
        "building": "yes",
        "name": "イオンモール座間",
        "shop": "mall",
        "source": "survey",
        "website": "https://zama-aeonmall.com/",
        "@geometry": "center"
      },
      "geometry": {
        "type": "Point",
        "coordinates": [
          139.4251316,
          35.5006419
        ]
      },
      "id": "way/569024020"
    },
    {
      "type": "Feature",
      "properties": {
        "@id": "node/604137059",
        "name": "阿夫利神社",
        "name:ja": "阿夫利神社",
        "name:ja-Latn": "Afuri-Jinja",
        "old_name": "下社",
        "public_transport": "station",
        "railway": "station",
        "wikidata": "Q864604",
        "wikipedia": "ja:大山観光電鉄大山鋼索線"
      },
      "geometry": {
        "type": "Point",
        "coordinates": [
          139.2379321,
          35.4314913
        ]
      },
      "id": "node/604137059"
    },
    {
      "type": "Feature",
      "properties": {
        "@id": "node/604137060",
        "name": "大山ケーブル",
        "name:en": "Ōyama cable",
        "name:ja": "大山ケーブル",
        "old_name": "追分",
        "public_transport": "station",
        "railway": "station",
        "wheelchair": "limited",
        "wikidata": "Q864604",
        "wikipedia": "ja:大山観光電鉄大山鋼索線"
      },
      "geometry": {
        "type": "Point",
        "coordinates": [
          139.2444969,
          35.4278492
        ]
      },
      "id": "node/604137060"
    },
    {
      "type": "Feature",
      "properties": {
        "@id": "node/625658135",
        "highway": "motorway_junction",
        "name": "相模湖IC",
        "name:en": "Sagamiko IC",
        "ref": "8",
        "wikidata": "Q11582166",
        "wikipedia": "ja:相模湖インターチェンジ"
      },
      "geometry": {
        "type": "Point",
        "coordinates": [
          139.1651356,
          35.618685
        ]
      },
      "id": "node/625658135"
    },
    {
      "type": "Feature",
      "properties": {
        "@id": "node/648731160",
        "highway": "motorway_junction",
        "name": "二宮IC",
        "ref": "4"
      },
      "geometry": {
        "type": "Point",
        "coordinates": [
          139.2391318,
          35.3083376
        ]
      },
      "id": "node/648731160"
    },
    {
      "type": "Feature",
      "properties": {
        "@id": "node/648841153",
        "highway": "motorway_junction",
        "name": "海老名ＩＣ",
        "name:en": "Ebina IC",
        "name:ja": "海老名IC",
        "name:ja-Hira": "えびないんたーちぇんじ",
        "official_name:en": "National Highway Route 468",
        "ref": "31",
        "source:name": "wikipedia",
        "source:ref": "wikipedia",
        "wikidata": "Q11151240",
        "wikipedia": "ja:海老名インターチェンジ"
      },
      "geometry": {
        "type": "Point",
        "coordinates": [
          139.3767967,
          35.4357334
        ]
      },
      "id": "node/648841153"
    },
    {
      "type": "Feature",
      "properties": {
        "@id": "node/655124495",
        "highway": "motorway_junction",
        "name": "厚木IC",
        "ref": "5"
      },
      "geometry": {
        "type": "Point",
        "coordinates": [
          139.3672683,
          35.422941
        ]
      },
      "id": "node/655124495"
    },
    {
      "type": "Feature",
      "properties": {
        "@id": "node/666928567",
        "air_conditioning": "yes",
        "internet_access": "wlan",
        "internet_access:fee": "yes",
        "name": "小田急相模原",
        "name:en": "Odakyu-Sagamihara",
        "name:ja": "小田急相模原",
        "name:ja-Hira": "おだきゅうさがみはら",
        "name:ja_rm": "Odakyū Sagamihara",
        "name:ko": "오다큐사가미하라",
        "name:ru": "Одакю-Сагамихара",
        "operator": "小田急電鉄",
        "operator:ja": "小田急電鉄",
        "public_transport": "station",
        "railway": "station",
        "ref": "OH29",
        "train": "yes",
        "wheelchair": "yes",
        "wikidata": "Q4331335",
        "wikipedia": "ja:小田急相模原駅"
      },
      "geometry": {
        "type": "Point",
        "coordinates": [
          139.422646,
          35.5151962
        ]
      },
      "id": "node/666928567"
    },
    {
      "type": "Feature",
      "properties": {
        "@id": "node/694234836",
        "name": "大倉山",
        "name:en": "Okurayama",
        "name:es": "Okurayama",
        "name:ja": "大倉山",
        "name:ja-Hira": "おおくらやま",
        "name:ja_rm": "Ōkurayama",
        "name:ko": "오쿠라야마",
        "operator": "東京急行電鉄",
        "public_transport": "station",
        "railway": "station",
        "ref": "TY15",
        "train": "yes",
        "wikidata": "Q8081588",
        "wikipedia": "ja:大倉山駅 (神奈川県)"
      },
      "geometry": {
        "type": "Point",
        "coordinates": [
          139.6298585,
          35.52186
        ]
      },
      "id": "node/694234836"
    },
    {
      "type": "Feature",
      "properties": {
        "@id": "node/726507131",
        "highway": "motorway_junction",
        "name": "今井ＩＣ",
        "ref": "13",
        "source": "GSI ortho",
        "wikidata": "Q10883945",
        "wikipedia": "ja:今井インターチェンジ (神奈川県)"
      },
      "geometry": {
        "type": "Point",
        "coordinates": [
          139.5576654,
          35.4407467
        ]
      },
      "id": "node/726507131"
    },
    {
      "type": "Feature",
      "properties": {
        "@id": "node/726518878",
        "highway": "motorway_junction",
        "name": "藤塚ＩＣ",
        "ref": "11",
        "wikidata": "Q11081089",
        "wikipedia": "ja:新保土ヶ谷インターチェンジ"
      },
      "geometry": {
        "type": "Point",
        "coordinates": [
          139.5716052,
          35.4511873
        ]
      },
      "id": "node/726518878"
    },
    {
      "type": "Feature",
      "properties": {
        "@id": "node/733937846",
        "highway": "motorway_junction",
        "name": "小田原IC",
        "name:en": "Odawara",
        "ref": "5"
      },
      "geometry": {
        "type": "Point",
        "coordinates": [
          139.1732566,
          35.2556514
        ]
      },
      "id": "node/733937846"
    },
    {
      "type": "Feature",
      "properties": {
        "@id": "node/765896239",
        "highway": "motorway_junction",
        "name": "平塚IC・PA",
        "name:en": "Hiratsuka",
        "ref": "6"
      },
      "geometry": {
        "type": "Point",
        "coordinates": [
          139.3086874,
          35.3659589
        ]
      },
      "id": "node/765896239"
    },
    {
      "type": "Feature",
      "properties": {
        "@id": "node/768505509",
        "highway": "motorway_junction",
        "name": "平塚IC",
        "name:en": "Hiratsuka",
        "ref": "6"
      },
      "geometry": {
        "type": "Point",
        "coordinates": [
          139.3028037,
          35.358816
        ]
      },
      "id": "node/768505509"
    },
    {
      "type": "Feature",
      "properties": {
        "@id": "node/771485682",
        "addr:block_number": "10",
        "addr:city": "横浜市",
        "addr:housenumber": "3",
        "addr:neighbourhood": "三丁目",
        "addr:postcode": "235-0045",
        "addr:province": "神奈川県",
        "addr:quarter": "洋光台",
        "addr:suburb": "磯子区",
        "branch": "洋光台店",
        "brand": "イトーヨーカドー",
        "brand:en": "Ito-Yokado",
        "brand:ja": "イトーヨーカドー",
        "brand:wikidata": "Q3088746",
        "brand:wikipedia": "en:Ito-Yokado",
        "name": "イトーヨーカドー",
        "name:en": "Ito-Yokado",
        "name:ja": "イトーヨーカドー",
        "opening_hours": "Mo-Su 10:00-21:00",
        "payment:cash": "yes",
        "payment:credit_cards": "yes",
        "payment:nanaco": "yes",
        "phone": "+81-45-832-1661",
        "shop": "supermarket",
        "toilets": "yes",
        "website": "https://stores.itoyokado.co.jp/084"
      },
      "geometry": {
        "type": "Point",
        "coordinates": [
          139.59396,
          35.3801958
        ]
      },
      "id": "node/771485682"
    },
    {
      "type": "Feature",
      "properties": {
        "@id": "node/799026844",
        "highway": "motorway_junction",
        "name": "茅ヶ崎中央IC",
        "ref": "24"
      },
      "geometry": {
        "type": "Point",
        "coordinates": [
          139.402695,
          35.3503764
        ]
      },
      "id": "node/799026844"
    },
    {
      "type": "Feature",
      "properties": {
        "@id": "node/805132214",
        "highway": "motorway_junction",
        "name": "国府津IC",
        "ref": "3"
      },
      "geometry": {
        "type": "Point",
        "coordinates": [
          139.2091479,
          35.2782005
        ]
      },
      "id": "node/805132214"
    },
    {
      "type": "Feature",
      "properties": {
        "@id": "node/805132289",
        "highway": "motorway_junction",
        "name": "茅ヶ崎海岸IC",
        "ref": "3"
      },
      "geometry": {
        "type": "Point",
        "coordinates": [
          139.377264,
          35.3259004
        ]
      },
      "id": "node/805132289"
    },
    {
      "type": "Feature",
      "properties": {
        "@id": "node/805155293",
        "highway": "motorway_junction",
        "name": "大磯西IC"
      },
      "geometry": {
        "type": "Point",
        "coordinates": [
          139.2851765,
          35.3008313
        ]
      },
      "id": "node/805155293"
    },
    {
      "type": "Feature",
      "properties": {
        "@id": "node/805155311",
        "highway": "motorway_junction",
        "name": "橘IC",
        "name:en": "Tachibana Interchange",
        "ref": "2",
        "short_name": "橘IC",
        "short_name:en": "Tachibana I. C."
      },
      "geometry": {
        "type": "Point",
        "coordinates": [
          139.2341446,
          35.2872712
        ]
      },
      "id": "node/805155311"
    },
    {
      "type": "Feature",
      "properties": {
        "@id": "node/805155345",
        "highway": "motorway_junction",
        "name": "西湘二宮IC",
        "name:en": "Seishoninomiya",
        "ref": "1"
      },
      "geometry": {
        "type": "Point",
        "coordinates": [
          139.2615761,
          35.2961942
        ]
      },
      "id": "node/805155345"
    },
    {
      "type": "Feature",
      "properties": {
        "@id": "node/805155353",
        "highway": "motorway_junction",
        "name": "大磯西IC"
      },
      "geometry": {
        "type": "Point",
        "coordinates": [
          139.2887446,
          35.3015152
        ]
      },
      "id": "node/805155353"
    },
    {
      "type": "Feature",
      "properties": {
        "@id": "node/812644126",
        "highway": "motorway_junction",
        "name": "厚木PA/スマートIC（外回り）",
        "name:en": "atsugi PA/SIC",
        "name:ja": "厚木PA/スマートIC（外回り）",
        "name:ja-Hira": "あつぎぱーきんぐえりあ/すまーといんたーちぇんじ",
        "name:ja_rm": "atsugi PA/SIC",
        "official_name:en": "National Highway Route 468",
        "ref": "32-1",
        "source:name": "wikipedia",
        "wikipedia": "ja:厚木パーキングエリア"
      },
      "geometry": {
        "type": "Point",
        "coordinates": [
          139.3703018,
          35.4868912
        ]
      },
      "id": "node/812644126"
    },
    {
      "type": "Feature",
      "properties": {
        "@id": "node/823268950",
        "KSJ2:LIN": "いずみ野線",
        "KSJ2:RAS": "eb03_5067",
        "KSJ2:STN": "ゆめが丘",
        "KSJ2:segment": "eb02_10537",
        "name": "ゆめが丘",
        "name:de": "Yumegaoka",
        "name:en": "Yumegaoka",
        "name:ja": "ゆめが丘",
        "name:ja-Hira": "ゆめがおか",
        "name:ja_rm": "Yumegaoka",
        "name:ko": "유메가오카",
        "note": "National-Land Numerical Information (Railway) 2007, MLIT Japan",
        "note:ja": "国土数値情報（鉄道データ）平成19年　国土交通省",
        "platforms": "2",
        "public_transport": "station",
        "railway": "station",
        "ref": "SO36",
        "source": "KSJ2",
        "source_ref": "http://nlftp.mlit.go.jp/ksj/jpgis/datalist/KsjTmplt-N02-v1_1.html",
        "train": "yes",
        "wikidata": "Q5367513",
        "wikipedia": "ja:ゆめが丘駅"
      },
      "geometry": {
        "type": "Point",
        "coordinates": [
          139.4824589,
          35.4057234
        ]
      },
      "id": "node/823268950"
    },
    {
      "type": "Feature",
      "properties": {
        "@id": "node/823269102",
        "KSJ2:LIN": "いずみ野線",
        "KSJ2:RAS": "eb03_5065",
        "KSJ2:STN": "弥生台",
        "KSJ2:segment": "eb02_10532",
        "name": "弥生台",
        "name:de": "Yayoidai",
        "name:en": "Yayoidai",
        "name:ja": "弥生台",
        "name:ja-Hira": "やよいだい",
        "name:ja_rm": "Yayoidai",
        "name:ko": "야요이다이",
        "note": "National-Land Numerical Information (Railway) 2007, MLIT Japan",
        "note:ja": "国土数値情報（鉄道データ）平成19年　国土交通省",
        "platforms": "2",
        "public_transport": "station",
        "railway": "station",
        "ref": "SO33",
        "source": "KSJ2",
        "source_ref": "http://nlftp.mlit.go.jp/ksj/jpgis/datalist/KsjTmplt-N02-v1_1.html",
        "website": "https://www.sotetsu.co.jp/train/stations/yayoidai/",
        "wikidata": "Q8050550",
        "wikipedia": "ja:弥生台駅"
      },
      "geometry": {
        "type": "Point",
        "coordinates": [
          139.5063488,
          35.4298971
        ]
      },
      "id": "node/823269102"
    },
    {
      "type": "Feature",
      "properties": {
        "@id": "node/823269235",
        "KSJ2:LIN": "いずみ野線",
        "KSJ2:RAS": "eb03_5063",
        "KSJ2:STN": "南万騎が原",
        "KSJ2:segment": "eb02_10524",
        "name": "南万騎が原",
        "name:de": "Makigahara Süd",
        "name:en": "Minami-Makigahara",
        "name:ja": "南万騎が原",
        "name:ja-Hira": "みなみまきがはら",
        "name:ko": "미나미마키가하라",
        "note": "National-Land Numerical Information (Railway) 2007, MLIT Japan",
        "note:ja": "国土数値情報（鉄道データ）平成19年　国土交通省",
        "platforms": "2",
        "public_transport": "station",
        "railway": "station",
        "ref": "SO31",
        "source": "KSJ2",
        "source_ref": "http://nlftp.mlit.go.jp/ksj/jpgis/datalist/KsjTmplt-N02-v1_1.html",
        "wikidata": "Q6862945",
        "wikipedia": "ja:南万騎が原駅"
      },
      "geometry": {
        "type": "Point",
        "coordinates": [
          139.526377,
          35.452353
        ]
      },
      "id": "node/823269235"
    },
    {
      "type": "Feature",
      "properties": {
        "@id": "node/823269267",
        "KSJ2:LIN": "いずみ野線",
        "KSJ2:RAS": "eb03_5066",
        "KSJ2:STN": "緑園都市",
        "KSJ2:segment": "eb02_10528",
        "name": "緑園都市",
        "name:de": "Ryokuen-toshi",
        "name:en": "Ryokuen-toshi",
        "name:ja": "緑園都市",
        "name:ja-Hira": "りょくえんとし",
        "name:ja_rm": "Ryokuen Toshi",
        "name:ko": "료쿠엔토시",
        "note": "National-Land Numerical Information (Railway) 2007, MLIT Japan",
        "note:ja": "国土数値情報（鉄道データ）平成19年　国土交通省",
        "platforms": "2",
        "public_transport": "station",
        "railway": "station",
        "ref": "SO32",
        "source": "KSJ2",
        "source_ref": "http://nlftp.mlit.go.jp/ksj/jpgis/datalist/KsjTmplt-N02-v1_1.html",
        "website": "https://www.sotetsu.co.jp/train/stations/ryokuentoshi/",
        "wikidata": "Q7385303",
        "wikipedia": "ja:緑園都市駅"
      },
      "geometry": {
        "type": "Point",
        "coordinates": [
          139.5218816,
          35.4394435
        ]
      },
      "id": "node/823269267"
    },
    {
      "type": "Feature",
      "properties": {
        "@id": "node/823269414",
        "KSJ2:LIN": "いずみ野線",
        "KSJ2:RAS": "eb03_5070",
        "KSJ2:STN": "いずみ中央",
        "KSJ2:segment": "eb02_10521",
        "alt_name:ko": "이즈미추오",
        "name": "いずみ中央",
        "name:de": "Izumi Mitte",
        "name:en": "Izumi-Chuo",
        "name:ja": "いずみ中央",
        "name:ja-Hira": "いずみちゅうおう",
        "name:ja_rm": "Izumi Chūō",
        "name:ko": "이즈미중앙",
        "note": "National-Land Numerical Information (Railway) 2007, MLIT Japan",
        "note:ja": "国土数値情報（鉄道データ）平成19年　国土交通省",
        "platforms": "2",
        "public_transport": "station",
        "railway": "station",
        "ref": "SO35",
        "source": "KSJ2",
        "source_ref": "http://nlftp.mlit.go.jp/ksj/jpgis/datalist/KsjTmplt-N02-v1_1.html",
        "wheelchair": "limited",
        "wikidata": "Q6102271",
        "wikipedia": "ja:いずみ中央駅"
      },
      "geometry": {
        "type": "Point",
        "coordinates": [
          139.4872659,
          35.4151156
        ]
      },
      "id": "node/823269414"
    },
    {
      "type": "Feature",
      "properties": {
        "@id": "node/823269446",
        "KSJ2:LIN": "いずみ野線",
        "KSJ2:RAS": "eb03_5064",
        "KSJ2:STN": "いずみ野",
        "KSJ2:segment": "eb02_10533",
        "name": "いずみ野",
        "name:de": "Izumino",
        "name:en": "Izumino",
        "name:ja": "いずみ野",
        "name:ja-Hira": "いずみの",
        "name:ko": "이즈미노",
        "note": "National-Land Numerical Information (Railway) 2007, MLIT Japan",
        "note:ja": "国土数値情報（鉄道データ）平成19年　国土交通省",
        "platforms": "4",
        "public_transport": "station",
        "railway": "station",
        "ref": "SO34",
        "source": "KSJ2",
        "source_ref": "http://nlftp.mlit.go.jp/ksj/jpgis/datalist/KsjTmplt-N02-v1_1.html",
        "website": "https://www.sotetsu.co.jp/train/stations/izumino/",
        "wikidata": "Q6102365",
        "wikipedia": "ja:いずみ野駅"
      },
      "geometry": {
        "type": "Point",
        "coordinates": [
          139.4949527,
          35.429465
        ]
      },
      "id": "node/823269446"
    },
    {
      "type": "Feature",
      "properties": {
        "@id": "node/823271603",
        "name": "鶴ケ峰",
        "name:de": "Tsurugamine",
        "name:en": "Tsurugamine",
        "name:ja": "鶴ケ峰",
        "name:ja-Hira": "つるがみね",
        "name:ko": "쓰루가미네",
        "public_transport": "station",
        "railway": "station",
        "ref": "SO09",
        "source": "KSJ2",
        "wikidata": "Q11675875",
        "wikipedia": "ja:鶴ケ峰駅"
      },
      "geometry": {
        "type": "Point",
        "coordinates": [
          139.5493487,
          35.4749432
        ]
      },
      "id": "node/823271603"
    },
    {
      "type": "Feature",
      "properties": {
        "@id": "node/823272153",
        "KSJ2:LIN": "本線",
        "KSJ2:RAS": "eb03_5078",
        "KSJ2:STN": "三ツ境",
        "KSJ2:segment": "eb02_10571",
        "name": "三ツ境",
        "name:de": "Mitsukyo",
        "name:en": "Mitsukyo",
        "name:ja": "三ツ境",
        "name:ja-Hira": "みつきょう",
        "name:ko": "미쓰쿄",
        "note": "National-Land Numerical Information (Railway) 2007, MLIT Japan",
        "note:ja": "国土数値情報（鉄道データ）平成19年　国土交通省",
        "public_transport": "station",
        "railway": "station",
        "source": "KSJ2",
        "source_ref": "http://nlftp.mlit.go.jp/ksj/jpgis/datalist/KsjTmplt-N02-v1_1.html",
        "wikidata": "Q11354006",
        "wikipedia": "ja:三ツ境駅"
      },
      "geometry": {
        "type": "Point",
        "coordinates": [
          139.5025493,
          35.4678244
        ]
      },
      "id": "node/823272153"
    },
    {
      "type": "Feature",
      "properties": {
        "@id": "node/823272267",
        "name": "和田町",
        "name:de": "Wadamachi",
        "name:en": "Wadamachi",
        "name:ja": "和田町",
        "name:ja-Hira": "わだまち",
        "name:ko": "와다마치",
        "note": "National-Land Numerical Information (Railway) 2007, MLIT Japan",
        "public_transport": "station",
        "railway": "station",
        "ref": "SO06",
        "source": "KSJ2",
        "source_ref": "http://nlftp.mlit.go.jp/ksj/jpgis/datalist/KsjTmplt-N02-v1_1.html",
        "wikidata": "Q7958950",
        "wikipedia": "ja:和田町駅"
      },
      "geometry": {
        "type": "Point",
        "coordinates": [
          139.5868099,
          35.4636072
        ]
      },
      "id": "node/823272267"
    },
    {
      "type": "Feature",
      "properties": {
        "@id": "node/823272288",
        "KSJ2:LIN": "本線",
        "KSJ2:RAS": "eb03_5079",
        "KSJ2:STN": "相模大塚",
        "KSJ2:segment": "eb02_10566",
        "name": "相模大塚",
        "name:de": "Sagami-Otsuka",
        "name:en": "Sagami-Otsuka",
        "name:ja": "相模大塚",
        "name:ja-Hira": "さがみおおつか",
        "name:ko": "사가미오쓰카",
        "note": "National-Land Numerical Information (Railway) 2007, MLIT Japan",
        "note:ja": "国土数値情報（鉄道データ）平成19年　国土交通省",
        "public_transport": "station",
        "railway": "station",
        "source": "KSJ2",
        "source_ref": "http://nlftp.mlit.go.jp/ksj/jpgis/datalist/KsjTmplt-N02-v1_1.html",
        "wheelchair": "yes",
        "wikidata": "Q7398954",
        "wikipedia": "ja:相模大塚駅"
      },
      "geometry": {
        "type": "Point",
        "coordinates": [
          139.440843,
          35.4705798
        ]
      },
      "id": "node/823272288"
    },
    {
      "type": "Feature",
      "properties": {
        "@id": "node/823272622",
        "name": "西谷",
        "name:de": "Nishiya",
        "name:en": "Nishiya",
        "name:ja": "西谷",
        "name:ja-Hira": "にしや",
        "name:ko": "니시야",
        "note": "National-Land Numerical Information (Railway) 2007, MLIT Japan",
        "platforms": "4",
        "public_transport": "station",
        "railway": "station",
        "ref": "SO08",
        "source": "KSJ2",
        "source_ref": "http://nlftp.mlit.go.jp/ksj/jpgis/datalist/KsjTmplt-N02-v1_1.html",
        "wikidata": "Q7040756",
        "wikipedia": "ja:西谷駅"
      },
      "geometry": {
        "type": "Point",
        "coordinates": [
          139.5656561,
          35.4781303
        ]
      },
      "id": "node/823272622"
    },
    {
      "type": "Feature",
      "properties": {
        "@id": "node/823272628",
        "KSJ2:LIN": "本線",
        "KSJ2:RAS": "eb03_5087",
        "KSJ2:STN": "海老名",
        "KSJ2:segment": "eb02_10570",
        "name": "海老名",
        "name:ja": "相鉄海老名駅",
        "name:ja-Hira": "えびな",
        "name:ko": "에비나",
        "network": "相鉄線",
        "note": "National-Land Numerical Information (Railway) 2007, MLIT Japan",
        "note:ja": "国土数値情報（鉄道データ）平成19年 国土交通省",
        "operator": "相模鉄道",
        "public_transport": "station",
        "railway": "station",
        "source": "KSJ2",
        "source_ref": "http://nlftp.mlit.go.jp/ksj/jpgis/datalist/KsjTmplt-N02-v1_1.html",
        "wheelchair": "yes",
        "wikidata": "Q125230754"
      },
      "geometry": {
        "type": "Point",
        "coordinates": [
          139.3916744,
          35.4530142
        ]
      },
      "id": "node/823272628"
    },
    {
      "type": "Feature",
      "properties": {
        "@id": "node/823272743",
        "name": "西横浜",
        "name:de": "Yokohama West",
        "name:en": "Nishi-Yokohama",
        "name:ja": "西横浜",
        "name:ja-Hira": "にしよこはま",
        "name:ko": "니시요코하마",
        "note": "National-Land Numerical Information (Railway) 2007, MLIT Japan",
        "public_transport": "station",
        "railway": "station",
        "ref": "SO03",
        "source": "KSJ2",
        "source_ref": "http://nlftp.mlit.go.jp/ksj/jpgis/datalist/KsjTmplt-N02-v1_1.html",
        "wikidata": "Q11628832",
        "wikipedia": "ja:西横浜駅"
      },
      "geometry": {
        "type": "Point",
        "coordinates": [
          139.6084809,
          35.4532879
        ]
      },
      "id": "node/823272743"
    },
    {
      "type": "Feature",
      "properties": {
        "@id": "node/823272815",
        "alt_name": "横浜ビジネスパーク前",
        "name": "天王町",
        "name:en": "Tennocho",
        "name:ja": "天王町",
        "name:ja-Hira": "てんのうちょう",
        "name:ko": "덴노초",
        "note": "National-Land Numerical Information (Railway) 2007, MLIT Japan",
        "platforms": "2",
        "public_transport": "station",
        "railway": "station",
        "ref": "SO04",
        "source": "KSJ2",
        "source_ref": "http://nlftp.mlit.go.jp/ksj/jpgis/datalist/KsjTmplt-N02-v1_1.html",
        "wikidata": "Q7700532",
        "wikipedia": "ja:天王町駅"
      },
      "geometry": {
        "type": "Point",
        "coordinates": [
          139.6026308,
          35.4540049
        ]
      },
      "id": "node/823272815"
    },
    {
      "type": "Feature",
      "properties": {
        "@id": "node/823272907",
        "KSJ2:LIN": "本線",
        "KSJ2:RAS": "eb03_5084",
        "KSJ2:STN": "大和",
        "KSJ2:segment": "eb02_10553",
        "name": "大和",
        "name:en": "Yamato",
        "name:ja": "大和",
        "name:ja-Hira": "やまと",
        "name:ja_rm": "Yamato",
        "name:ko": "야마토",
        "network": "相鉄本線",
        "note": "National-Land Numerical Information (Railway) 2007, MLIT Japan",
        "note:ja": "国土数値情報（鉄道データ）平成19年　国土交通省",
        "operator": "相模鉄道",
        "public_transport": "station",
        "railway": "station",
        "source": "KSJ2",
        "source_ref": "http://nlftp.mlit.go.jp/ksj/jpgis/datalist/KsjTmplt-N02-v1_1.html",
        "website": "https://www.sotetsu.co.jp/train/stations/yamato/",
        "wheelchair": "yes",
        "wikidata": "Q1036368",
        "wikipedia": "ja:大和駅 (神奈川県)"
      },
      "geometry": {
        "type": "Point",
        "coordinates": [
          139.4614678,
          35.4699613
        ]
      },
      "id": "node/823272907"
    },
    {
      "type": "Feature",
      "properties": {
        "@id": "node/823272975",
        "alt_name": "ジョイナステラス前",
        "name": "二俣川",
        "name:de": "Futamatagawa",
        "name:en": "Futamatagawa",
        "name:ja": "二俣川",
        "name:ja-Hira": "ふたまたがわ",
        "name:ko": "후타마타가와",
        "note": "National-Land Numerical Information (Railway) 2007, MLIT Japan",
        "platforms": "4",
        "public_transport": "station",
        "railway": "station",
        "ref": "SO10",
        "source": "KSJ2",
        "source_ref": "http://nlftp.mlit.go.jp/ksj/jpgis/datalist/KsjTmplt-N02-v1_1.html",
        "wikidata": "Q846471",
        "wikipedia": "ja:二俣川駅"
      },
      "geometry": {
        "type": "Point",
        "coordinates": [
          139.5322366,
          35.4634653
        ]
      },
      "id": "node/823272975"
    },
    {
      "type": "Feature",
      "properties": {
        "@id": "node/823273031",
        "name": "星川",
        "name:en": "Hoshikawa",
        "name:ja": "星川",
        "name:ja-Hira": "ほしかわ",
        "name:ko": "호시카와",
        "note": "National-Land Numerical Information (Railway) 2007, MLIT Japan",
        "platforms": "4",
        "public_transport": "station",
        "railway": "station",
        "ref": "SO05",
        "source": "KSJ2;local knowledge",
        "source_ref": "http://nlftp.mlit.go.jp/ksj/jpgis/datalist/KsjTmplt-N02-v1_1.html",
        "wikidata": "Q5908047",
        "wikipedia": "ja:星川駅 (神奈川県)"
      },
      "geometry": {
        "type": "Point",
        "coordinates": [
          139.5946998,
          35.4588276
        ]
      },
      "id": "node/823273031"
    },
    {
      "type": "Feature",
      "properties": {
        "@id": "node/823273057",
        "KSJ2:LIN": "本線",
        "KSJ2:RAS": "eb03_5082",
        "KSJ2:STN": "瀬谷",
        "KSJ2:segment": "eb02_10553",
        "name": "瀬谷",
        "name:de": "Seya",
        "name:en": "Seya",
        "name:ja": "瀬谷",
        "name:ja-Hira": "せや",
        "name:ja_rm": "Seya",
        "name:ko": "세야",
        "note": "National-Land Numerical Information (Railway) 2007, MLIT Japan",
        "note:ja": "国土数値情報（鉄道データ）平成19年　国土交通省",
        "public_transport": "station",
        "railway": "station",
        "source": "KSJ2",
        "source_ref": "http://nlftp.mlit.go.jp/ksj/jpgis/datalist/KsjTmplt-N02-v1_1.html",
        "wikidata": "Q7458919",
        "wikipedia": "ja:瀬谷駅"
      },
      "geometry": {
        "type": "Point",
        "coordinates": [
          139.4825295,
          35.4703958
        ]
      },
      "id": "node/823273057"
    },
    {
      "type": "Feature",
      "properties": {
        "@id": "node/823273195",
        "KSJ2:LIN": "本線",
        "KSJ2:RAS": "eb03_5083",
        "KSJ2:STN": "かしわ台",
        "KSJ2:segment": "eb02_10560",
        "name": "かしわ台",
        "name:de": "Kashiwadai",
        "name:en": "Kashiwadai",
        "name:ja": "かしわ台",
        "name:ja-Hira": "かしわだい",
        "name:ko": "가시와다이",
        "note": "National-Land Numerical Information (Railway) 2007, MLIT Japan",
        "note:ja": "国土数値情報（鉄道データ）平成19年　国土交通省",
        "public_transport": "station",
        "railway": "station",
        "source": "KSJ2",
        "source_ref": "http://nlftp.mlit.go.jp/ksj/jpgis/datalist/KsjTmplt-N02-v1_1.html",
        "wikidata": "Q6374358",
        "wikipedia": "ja:かしわ台駅"
      },
      "geometry": {
        "type": "Point",
        "coordinates": [
          139.4153179,
          35.4667081
        ]
      },
      "id": "node/823273195"
    },
    {
      "type": "Feature",
      "properties": {
        "@id": "node/823273226",
        "name": "上星川",
        "name:en": "Kami-Hoshikawa",
        "name:ja": "上星川",
        "name:ja-Hira": "かみほしかわ",
        "name:ko": "가미호시카와",
        "note": "National-Land Numerical Information (Railway) 2007, MLIT Japan",
        "platforms": "2",
        "public_transport": "station",
        "railway": "station",
        "ref": "SO07",
        "source": "KSJ2",
        "source_ref": "http://nlftp.mlit.go.jp/ksj/jpgis/datalist/KsjTmplt-N02-v1_1.html",
        "wikidata": "Q11359095",
        "wikipedia": "ja:上星川駅"
      },
      "geometry": {
        "type": "Point",
        "coordinates": [
          139.5800137,
          35.467719
        ]
      },
      "id": "node/823273226"
    },
    {
      "type": "Feature",
      "properties": {
        "@id": "node/823273322",
        "KSJ2:LIN": "本線",
        "KSJ2:RAS": "eb03_5086",
        "KSJ2:STN": "さがみ野",
        "KSJ2:segment": "eb02_10569",
        "name": "さがみ野",
        "name:de": "Sagamino",
        "name:en": "Sagamino",
        "name:ja": "さがみ野",
        "name:ja-Hira": "さがみの",
        "name:ko": "사가미노",
        "note": "National-Land Numerical Information (Railway) 2007, MLIT Japan",
        "note:ja": "国土数値情報（鉄道データ）平成19年　国土交通省",
        "public_transport": "station",
        "railway": "station",
        "source": "KSJ2",
        "source_ref": "http://nlftp.mlit.go.jp/ksj/jpgis/datalist/KsjTmplt-N02-v1_1.html",
        "train": "yes",
        "wikidata": "Q7398969",
        "wikipedia": "ja:さがみ野駅"
      },
      "geometry": {
        "type": "Point",
        "coordinates": [
          139.4285691,
          35.4715574
        ]
      },
      "id": "node/823273322"
    },
    {
      "type": "Feature",
      "properties": {
        "@id": "node/823273354",
        "name": "平沼橋",
        "name:de": "Hiranuma-bashi",
        "name:en": "Hiranuma-bashi",
        "name:ja": "平沼橋",
        "name:ja-Hira": "ひらぬまばし",
        "name:ja_rm": "Hiranuma Bashi",
        "name:ko": "히라누마바시",
        "note": "National-Land Numerical Information (Railway) 2007, MLIT Japan",
        "operator": "相模鉄道",
        "public_transport": "station",
        "railway": "station",
        "ref": "SO02",
        "source": "KSJ2",
        "source_ref": "http://nlftp.mlit.go.jp/ksj/jpgis/datalist/KsjTmplt-N02-v1_1.html",
        "wikidata": "Q5769436",
        "wikipedia": "ja:平沼橋駅"
      },
      "geometry": {
        "type": "Point",
        "coordinates": [
          139.6163426,
          35.4596654
        ]
      },
      "id": "node/823273354"
    },
    {
      "type": "Feature",
      "properties": {
        "@id": "way/901154746",
        "addr:block_number": "1",
        "addr:city": "横浜市",
        "addr:housenumber": "2",
        "addr:neighbourhood": "三丁目",
        "addr:postcode": "234-0054",
        "addr:province": "神奈川県",
        "addr:quarter": "港南台",
        "addr:suburb": "港南区",
        "air_conditioning": "yes",
        "branch": "港南台店",
        "building": "yes",
        "building:levels": "4",
        "name": "イオンフードスタイル",
        "opening_hours": "Mo-Su 08:00-22:00",
        "operator": "株式会社ダイエー",
        "organic": "yes",
        "payment:cash": "yes",
        "payment:credit_cards": "yes",
        "shop": "supermarket",
        "start_date": "1977-10-25",
        "stroller": "yes",
        "toilets": "yes",
        "toilets:wheelchair": "limited",
        "website": "https://www.daiei.co.jp/stores/d0310/",
        "wheelchair": "yes",
        "wikidata": "Q11316687",
        "wikipedia": "ja:イオンフードスタイル港南台店",
        "@geometry": "center"
      },
      "geometry": {
        "type": "Point",
        "coordinates": [
          139.5772882,
          35.3758192
        ]
      },
      "id": "way/901154746"
    },
    {
      "type": "Feature",
      "properties": {
        "@id": "node/956052583",
        "name": "浜川崎",
        "name:en": "Hama-Kawasaki",
        "name:ja": "浜川崎",
        "name:ja-Hira": "はまかわさき",
        "name:ja_rm": "Hama Kawasaki",
        "name:ko": "하마카와사키",
        "operator": "東日本旅客鉄道",
        "public_transport": "station",
        "railway": "station",
        "ref": "JI08",
        "wikidata": "Q1581467",
        "wikipedia": "ja:浜川崎駅"
      },
      "geometry": {
        "type": "Point",
        "coordinates": [
          139.7138609,
          35.5099281
        ]
      },
      "id": "node/956052583"
    },
    {
      "type": "Feature",
      "properties": {
        "@id": "way/956256594",
        "area": "yes",
        "brand": "道の駅",
        "highway": "services",
        "name": "道の駅　足柄・金太郎のふるさと",
        "wikidata": "Q97310201",
        "wikipedia": "ja:道の駅足柄・金太郎のふるさと",
        "@geometry": "center"
      },
      "geometry": {
        "type": "Point",
        "coordinates": [
          139.1186163,
          35.3258079
        ]
      },
      "id": "way/956256594"
    },
    {
      "type": "Feature",
      "properties": {
        "@id": "node/1017449063",
        "name": "妙蓮寺",
        "name:en": "Myorenji",
        "name:es": "Myorenji",
        "name:ja": "妙蓮寺",
        "name:ja-Hira": "みょうれんじ",
        "name:ja_rm": "Myōrenji",
        "name:ko": "묘렌지",
        "operator": "東京急行電鉄",
        "public_transport": "station",
        "railway": "station",
        "ref": "TY17",
        "source": "Bing",
        "wheelchair": "yes",
        "wikidata": "Q6949405",
        "wikipedia": "ja:妙蓮寺駅"
      },
      "geometry": {
        "type": "Point",
        "coordinates": [
          139.6332256,
          35.4985364
        ]
      },
      "id": "node/1017449063"
    },
    {
      "type": "Feature",
      "properties": {
        "@id": "node/1059412724",
        "highway": "motorway_junction",
        "name": "衣笠ＩＣ",
        "name:en": "Kinugasa",
        "ref": "8"
      },
      "geometry": {
        "type": "Point",
        "coordinates": [
          139.6620393,
          35.239945
        ]
      },
      "id": "node/1059412724"
    },
    {
      "type": "Feature",
      "properties": {
        "@id": "node/1060494983",
        "highway": "motorway_junction",
        "name": "別所ＩＣ",
        "name:es": "Bessho IC"
      },
      "geometry": {
        "type": "Point",
        "coordinates": [
          139.5806361,
          35.4154309
        ]
      },
      "id": "node/1060494983"
    },
    {
      "type": "Feature",
      "properties": {
        "@id": "node/1060495130",
        "highway": "motorway_junction",
        "name": "朝比奈ＩＣ",
        "name:en": "Asahina",
        "ref": "5"
      },
      "geometry": {
        "type": "Point",
        "coordinates": [
          139.5921594,
          35.3336244
        ]
      },
      "id": "node/1060495130"
    },
    {
      "type": "Feature",
      "properties": {
        "@id": "node/1062180600",
        "highway": "motorway_junction",
        "name": "逗子ＩＣ",
        "name:en": "Zushi",
        "ref": "6"
      },
      "geometry": {
        "type": "Point",
        "coordinates": [
          139.6208002,
          35.2881246
        ]
      },
      "id": "node/1062180600"
    },
    {
      "type": "Feature",
      "properties": {
        "@id": "node/1078986955",
        "highway": "motorway_junction",
        "name": "相模原愛川ＩＣ",
        "name:en": "sagamihara-aikawa IC",
        "name:ja": "相模原愛川IC",
        "name:ja-Hira": "さがみはらあいかわいんたーちぇんじ",
        "name:ja_rm": "sagamihara-aikawa IC",
        "official_name:en": "National Highway Route 468",
        "ref": "33",
        "source:name": "wikipedia",
        "source:ref": "wikipedia",
        "wikipedia": "ja:相模原愛川インターチェンジ"
      },
      "geometry": {
        "type": "Point",
        "coordinates": [
          139.3511745,
          35.5248422
        ]
      },
      "id": "node/1078986955"
    },
    {
      "type": "Feature",
      "properties": {
        "@id": "node/1078987003",
        "highway": "motorway_junction",
        "name": "相模原愛川ＩＣ",
        "name:en": "sagamihara-aikawa IC",
        "name:ja": "相模原愛川IC",
        "name:ja-Hira": "さがみはらあいかわいんたーちぇんじ",
        "name:ja_rm": "sagamihara-aikawa IC",
        "official_name:en": "National Highway Route 468",
        "ref": "33",
        "source:name": "wikipedia",
        "source:ref": "wikipedia",
        "wikipedia": "ja:相模原愛川インターチェンジ"
      },
      "geometry": {
        "type": "Point",
        "coordinates": [
          139.357148,
          35.5205525
        ]
      },
      "id": "node/1078987003"
    },
    {
      "type": "Feature",
      "properties": {
        "@id": "node/1135519511",
        "name": "淵野辺",
        "name:en": "Fuchinobe",
        "name:ja": "淵野辺",
        "name:ja-Hira": "ふちのべ",
        "name:ja-Latn": "Fuchinobe",
        "name:ko": "후치노베",
        "official_name": "淵野辺駅",
        "operator": "東日本旅客鉄道",
        "operator:en": "East Japan Railway Company",
        "public_transport": "station",
        "railway": "station",
        "ref": "JH25",
        "source": "KSJ2",
        "train": "yes",
        "wheelchair": "yes",
        "wikidata": "Q844699",
        "wikipedia": "ja:淵野辺駅"
      },
      "geometry": {
        "type": "Point",
        "coordinates": [
          139.3948202,
          35.568732
        ]
      },
      "id": "node/1135519511"
    },
    {
      "type": "Feature",
      "properties": {
        "@id": "node/1135519820",
        "name": "相模原",
        "name:en": "Sagamihara",
        "name:ja": "相模原",
        "name:ja-Hira": "さがみはら",
        "name:ja-Latn": "Sagamihara",
        "name:ko": "사가미하라",
        "operator": "東日本旅客鉄道",
        "operator:en": "East Japan Railway Company",
        "public_transport": "station",
        "railway": "station",
        "ref": "JH27",
        "source": "KSJ2",
        "wikidata": "Q844696",
        "wikipedia": "ja:相模原駅"
      },
      "geometry": {
        "type": "Point",
        "coordinates": [
          139.37074,
          35.5814551
        ]
      },
      "id": "node/1135519820"
    },
    {
      "type": "Feature",
      "properties": {
        "@id": "node/1135521236",
        "name": "古淵",
        "name:en": "Kobuchi",
        "name:ja": "古淵",
        "name:ja-Hira": "こぶち",
        "name:ja-Latn": "Kobuchi",
        "name:ko": "고부치",
        "operator": "東日本旅客鉄道",
        "operator:en": "East Japan Railway Company",
        "public_transport": "station",
        "railway": "station",
        "ref": "JH24",
        "source": "KSJ2",
        "wikidata": "Q844706",
        "wikipedia": "ja:古淵駅"
      },
      "geometry": {
        "type": "Point",
        "coordinates": [
          139.4193144,
          35.5559505
        ]
      },
      "id": "node/1135521236"
    },
    {
      "type": "Feature",
      "properties": {
        "@id": "node/1135522062",
        "name": "矢部",
        "name:en": "Yabe",
        "name:ja": "矢部",
        "name:ja-Hira": "やべ",
        "name:ja-Latn": "Yabe",
        "name:ko": "야베",
        "operator": "東日本旅客鉄道",
        "operator:en": "East Japan Railway Company",
        "public_transport": "station",
        "railway": "station",
        "ref": "JH24",
        "source": "KSJ2",
        "train": "yes",
        "wikidata": "Q844663",
        "wikipedia": "ja:矢部駅"
      },
      "geometry": {
        "type": "Point",
        "coordinates": [
          139.3867585,
          35.5730985
        ]
      },
      "id": "node/1135522062"
    },
    {
      "type": "Feature",
      "properties": {
        "@id": "node/1218588914",
        "name": "反町",
        "name:en": "Tammachi",
        "name:ja": "反町",
        "name:ja-Hira": "たんまち",
        "name:ja_rm": "Tammachi",
        "name:ko": "단마치",
        "operator": "東京急行電鉄",
        "public_transport": "station",
        "railway": "station",
        "ref": "TY20",
        "source": "Bing",
        "wikidata": "Q7681523",
        "wikipedia": "ja:反町駅"
      },
      "geometry": {
        "type": "Point",
        "coordinates": [
          139.6252491,
          35.4746815
        ]
      },
      "id": "node/1218588914"
    },
    {
      "type": "Feature",
      "properties": {
        "@id": "node/1304796352",
        "highway": "motorway_junction",
        "name": "小田原東IC",
        "ref": "3"
      },
      "geometry": {
        "type": "Point",
        "coordinates": [
          139.1724707,
          35.2874153
        ]
      },
      "id": "node/1304796352"
    },
    {
      "type": "Feature",
      "properties": {
        "@id": "node/1307020186",
        "highway": "motorway_junction",
        "name": "川上ＩＣ",
        "name:en": "Kawakami IC",
        "name:es": "Kawakami IC",
        "ref": "14",
        "wikidata": "Q11054868",
        "wikipedia": "ja:川上インターチェンジ"
      },
      "geometry": {
        "type": "Point",
        "coordinates": [
          139.5535019,
          35.4331148
        ]
      },
      "id": "node/1307020186"
    },
    {
      "type": "Feature",
      "properties": {
        "@id": "way/1394925794",
        "area": "yes",
        "brand": "道の駅",
        "highway": "services",
        "name": "道の駅 湘南ちがさき",
        "start_date": "2025-07-07",
        "wikidata": "Q132173430",
        "wikipedia": "ja:道の駅湘南ちがさき",
        "@geometry": "center"
      },
      "geometry": {
        "type": "Point",
        "coordinates": [
          139.3783327,
          35.3202737
        ]
      },
      "id": "way/1394925794"
    },
    {
      "type": "Feature",
      "properties": {
        "@id": "node/1396633415",
        "highway": "motorway_junction",
        "name": "上矢部ＩＣ",
        "ref": "15",
        "wikidata": "Q10868184",
        "wikipedia": "ja:上矢部インターチェンジ"
      },
      "geometry": {
        "type": "Point",
        "coordinates": [
          139.5368383,
          35.4167106
        ]
      },
      "id": "node/1396633415"
    },
    {
      "type": "Feature",
      "properties": {
        "@id": "node/1396640850",
        "highway": "motorway_junction",
        "junction": "exit",
        "name": "川上ＩＣ",
        "ref": "14",
        "wikidata": "Q11054868",
        "wikipedia": "ja:川上インターチェンジ"
      },
      "geometry": {
        "type": "Point",
        "coordinates": [
          139.5485203,
          35.4293613
        ]
      },
      "id": "node/1396640850"
    },
    {
      "type": "Feature",
      "properties": {
        "@id": "node/1435632551",
        "highway": "motorway_junction",
        "name": "芦ノ湖大観IC"
      },
      "geometry": {
        "type": "Point",
        "coordinates": [
          139.0308613,
          35.1849654
        ]
      },
      "id": "node/1435632551"
    },
    {
      "type": "Feature",
      "properties": {
        "@id": "node/1435632581",
        "highway": "motorway_junction",
        "name": "芦ノ湖大観IC"
      },
      "geometry": {
        "type": "Point",
        "coordinates": [
          139.0325808,
          35.1854576
        ]
      },
      "id": "node/1435632581"
    },
    {
      "type": "Feature",
      "properties": {
        "@id": "node/1435658654",
        "highway": "motorway_junction",
        "name": "須雲川IC",
        "name:en": "Sukumogawa",
        "name:fr": "Sukumogawa",
        "name:ja-Hira": "すくもがわIC",
        "name:ja-Latn": "Sukumogawa IC"
      },
      "geometry": {
        "type": "Point",
        "coordinates": [
          139.0825109,
          35.2220984
        ]
      },
      "id": "node/1435658654"
    },
    {
      "type": "Feature",
      "properties": {
        "@id": "way/1442563381",
        "addr:city": "相模原市",
        "addr:housenumber": "17-1",
        "addr:postcode": "252-0313",
        "addr:province": "神奈川県",
        "addr:quarter": "松が枝町",
        "addr:street": "松が枝町",
        "addr:suburb": "南区",
        "branch": "相模原店",
        "brand": "イトーヨーカドー",
        "brand:en": "Ito-Yokado",
        "brand:ja": "イトーヨーカドー",
        "brand:wikidata": "Q3088746",
        "building": "yes",
        "currency:JPY": "yes",
        "name": "イトーヨーカドー",
        "name:en": "Ito-Yokado",
        "name:ja": "イトーヨーカドー",
        "name:ja-Latn": "Itō yōkadō",
        "opening_hours": "Mo-Su 10:00-22:00",
        "operator": "イトーヨーカドー",
        "payment:cash": "yes",
        "payment:credit_cards": "yes",
        "payment:electronic_purses": "yes",
        "phone": "+81-42-745-1211",
        "shop": "supermarket",
        "website": "http://blog.itoyokado.co.jp/shop/029/",
        "wheelchair": "limited",
        "@geometry": "center"
      },
      "geometry": {
        "type": "Point",
        "coordinates": [
          139.4251074,
          35.5155145
        ]
      },
      "id": "way/1442563381"
    },
    {
      "type": "Feature",
      "properties": {
        "@id": "node/1445559775",
        "highway": "motorway_junction",
        "name": "福浦IC"
      },
      "geometry": {
        "type": "Point",
        "coordinates": [
          139.1295829,
          35.150546
        ]
      },
      "id": "node/1445559775"
    },
    {
      "type": "Feature",
      "properties": {
        "@id": "node/1654905599",
        "highway": "motorway_junction",
        "name": "相模湖IC",
        "name:en": "Sagamiko IC",
        "ref": "8",
        "wikidata": "Q11582166",
        "wikipedia": "ja:相模湖インターチェンジ"
      },
      "geometry": {
        "type": "Point",
        "coordinates": [
          139.1700942,
          35.6228006
        ]
      },
      "id": "node/1654905599"
    },
    {
      "type": "Feature",
      "properties": {
        "@id": "node/1656240306",
        "contact:website": "https://www.jreast.co.jp/estation/station/info.aspx?StationCd=1292",
        "name": "東戸塚",
        "name:de": "Higashi-Totsuka",
        "name:en": "Higashi-Totsuka",
        "name:es": "Higashi-Totsuka",
        "name:ja": "東戸塚",
        "name:ja-Hira": "ひがしとつか",
        "name:ja-Latn": "Higashi-Totsuka",
        "name:ko": "히가시토쓰카",
        "note": "National-Land Numerical Information (Railway) 2007, MLIT Japan",
        "operator": "東日本旅客鉄道",
        "public_transport": "station",
        "railway": "station",
        "ref": "JO11;JS11",
        "source": "KSJ2",
        "source_ref": "http://nlftp.mlit.go.jp/ksj/jpgis/datalist/KsjTmplt-N02-v1_1.html",
        "wheelchair": "yes",
        "wikidata": "Q844252",
        "wikipedia": "ja:東戸塚駅"
      },
      "geometry": {
        "type": "Point",
        "coordinates": [
          139.5567516,
          35.4303645
        ]
      },
      "id": "node/1656240306"
    },
    {
      "type": "Feature",
      "properties": {
        "@id": "node/1668591003",
        "highway": "motorway_junction",
        "name": "堀口能見台ＩＣ",
        "name:en": "Horiguchi-Nokendai",
        "name:ja": "堀口能見台",
        "name:ja-Hira": "ほりぐちのうけんだい",
        "ref": "4-2",
        "wikidata": "Q10930487"
      },
      "geometry": {
        "type": "Point",
        "coordinates": [
          139.6210299,
          35.3558364
        ]
      },
      "id": "node/1668591003"
    },
    {
      "type": "Feature",
      "properties": {
        "@id": "node/1705352003",
        "name": "希望ヶ丘",
        "name:de": "Kibogaoka",
        "name:en": "Kibogaoka",
        "name:ja": "希望ヶ丘",
        "name:ja-Hira": "きぼうがおか",
        "name:ko": "기보가오카",
        "platforms": "2",
        "public_transport": "station",
        "railway": "station",
        "wikidata": "Q6404108",
        "wikipedia": "ja:希望ヶ丘駅"
      },
      "geometry": {
        "type": "Point",
        "coordinates": [
          139.5142614,
          35.4604534
        ]
      },
      "id": "node/1705352003"
    },
    {
      "type": "Feature",
      "properties": {
        "@id": "node/1705692681",
        "highway": "motorway_junction",
        "name": "星川ＩＣ入口",
        "ref": "10",
        "source": "survey",
        "wikidata": "Q11088482",
        "wikipedia": "ja:星川インターチェンジ"
      },
      "geometry": {
        "type": "Point",
        "coordinates": [
          139.5868151,
          35.4596308
        ]
      },
      "id": "node/1705692681"
    },
    {
      "type": "Feature",
      "properties": {
        "@id": "node/1737948546",
        "name": "大山寺",
        "name:ja": "大山寺",
        "name:ko": "오야마데라",
        "old_name": "不動前",
        "public_transport": "station",
        "railway": "station",
        "wikidata": "Q864604",
        "wikipedia": "ja:大山観光電鉄大山鋼索線"
      },
      "geometry": {
        "type": "Point",
        "coordinates": [
          139.2409705,
          35.42958
        ]
      },
      "id": "node/1737948546"
    },
    {
      "type": "Feature",
      "properties": {
        "@id": "node/1784635854",
        "addr:block_number": "7",
        "addr:city": "横浜市",
        "addr:housenumber": "1",
        "addr:postcode": "246-0022",
        "addr:province": "神奈川県",
        "addr:quarter": "三ツ境",
        "addr:suburb": "瀬谷区",
        "branch": "三ツ境店",
        "name": "イオン フードスタイル",
        "shop": "supermarket",
        "website": "http://shop.daiei.co.jp/shop/ShopPageTop.do?shopid=0558"
      },
      "geometry": {
        "type": "Point",
        "coordinates": [
          139.5040486,
          35.466001
        ]
      },
      "id": "node/1784635854"
    },
    {
      "type": "Feature",
      "properties": {
        "@id": "node/1802945739",
        "highway": "motorway_junction",
        "name": "常盤台ＩＣ出口",
        "name:en": "Tokiwadai",
        "ref": "8",
        "source": "survey",
        "wikidata": "Q10887568",
        "wikipedia": "ja:保土ヶ谷インターチェンジ"
      },
      "geometry": {
        "type": "Point",
        "coordinates": [
          139.5926913,
          35.4683201
        ]
      },
      "id": "node/1802945739"
    },
    {
      "type": "Feature",
      "properties": {
        "@id": "node/1909930115",
        "addr:postcode": "252-0245",
        "branch": "相模原塩田店",
        "brand": "カインズホーム",
        "brand:en": "Cainz Home",
        "brand:ja": "カインズホーム",
        "brand:wikidata": "Q11293852",
        "name": "カインズホーム",
        "name:en": "Cainz Home",
        "name:ja": "カインズホーム",
        "name:ja_rm": "Kainnzu Homu",
        "opening_hours": "Mo-Su 10:00-20:00",
        "operator": "カインズホーム",
        "phone": "+81-42-7776222",
        "shop": "doityourself",
        "source": "Bing 2010;(URL)",
        "website": "http://www.cainz.co.jp/"
      },
      "geometry": {
        "type": "Point",
        "coordinates": [
          139.3514666,
          35.5346885
        ]
      },
      "id": "node/1909930115"
    },
    {
      "type": "Feature",
      "properties": {
        "@id": "node/1910047803",
        "branch": "大井松田店",
        "brand": "カインズホーム",
        "brand:en": "Cainz Home",
        "brand:ja": "カインズホーム",
        "brand:wikidata": "Q11293852",
        "brand:wikipedia": "ja:カインズ",
        "name": "カインズホーム",
        "name:en": "Cainz Home",
        "name:ja": "カインズホーム",
        "name:ja_rm": "Kainnzu Homu",
        "opening_hours": "Mo-Su 09:30-20:00",
        "operator": "カインズホーム",
        "phone": "+81-465-845550",
        "shop": "doityourself",
        "source": "(URL)",
        "website": "http://www.cainz.co.jp/"
      },
      "geometry": {
        "type": "Point",
        "coordinates": [
          139.1575345,
          35.3219999
        ]
      },
      "id": "node/1910047803"
    },
    {
      "type": "Feature",
      "properties": {
        "@id": "node/1927385340",
        "contact:website": "https://www.jreast.co.jp/estation/station/info.aspx?StationCd=858",
        "name": "新川崎",
        "name:en": "Shin-Kawasaki",
        "name:ja": "新川崎",
        "name:ja-Hira": "しんかわさき",
        "name:ja-Latn": "Shin-Kawasaki",
        "name:ko": "신카와사키",
        "operator": "東日本旅客鉄道",
        "public_transport": "station",
        "railway": "station",
        "ref": "JO14;JS14",
        "wheelchair": "yes",
        "wikidata": "Q801434",
        "wikipedia": "ja:新川崎駅"
      },
      "geometry": {
        "type": "Point",
        "coordinates": [
          139.6717821,
          35.5515835
        ]
      },
      "id": "node/1927385340"
    },
    {
      "type": "Feature",
      "properties": {
        "@id": "node/1947419823",
        "branch": "イオン東神奈川店",
        "brand": "イオン",
        "brand:en": "AEON",
        "brand:ja": "イオン",
        "brand:wikidata": "Q11285951",
        "brand:wikipedia": "ja:イオン (店舗ブランド)",
        "fax": "045-431-9771",
        "name": "イオン",
        "name:en": "AEON",
        "name:ja": "イオン",
        "name:ja_rm": "Ion",
        "phone": "045-434-2121",
        "shop": "supermarket"
      },
      "geometry": {
        "type": "Point",
        "coordinates": [
          139.633269,
          35.4801153
        ]
      },
      "id": "node/1947419823"
    },
    {
      "type": "Feature",
      "properties": {
        "@id": "node/2091354340",
        "contact:website": "https://www.odakyu.jp/station/noborito/",
        "name": "登戸",
        "name:de": "Noborito",
        "name:en": "Noborito",
        "name:es": "Noborito",
        "name:ja": "登戸",
        "name:ja-Hira": "のぼりと",
        "name:ja-Latn": "Noborito",
        "name:ko": "노보리토 역",
        "name:ru": "Ноборито",
        "name:zh": "登戶",
        "operator": "小田急電鉄",
        "operator:en": "Odakyu Electric Railway",
        "operator:ja": "小田急電鉄",
        "operator:wikidata": "Q83584",
        "public_transport": "station",
        "railway": "station",
        "ref": "OH18",
        "source": "KSJ2",
        "wheelchair": "yes",
        "wikidata": "Q801266",
        "wikipedia": "ja:登戸駅"
      },
      "geometry": {
        "type": "Point",
        "coordinates": [
          139.5693852,
          35.6209079
        ]
      },
      "id": "node/2091354340"
    },
    {
      "type": "Feature",
      "properties": {
        "@id": "node/2166270326",
        "highway": "motorway_junction",
        "name": "寒川南IC",
        "name:en": "Samukawa-minami IC",
        "name:ja": "寒川南IC",
        "name:ja-Hira": "さむかわみなみいんたーちぇんじ",
        "name:ja_rm": "samukawa-minami IC",
        "official_name:en": "National Highway Route 468",
        "ref": "26",
        "source:name": "wikipedia",
        "source:ref": "wikipedia",
        "wikipedia": "ja:寒川南インターチェンジ"
      },
      "geometry": {
        "type": "Point",
        "coordinates": [
          139.3763639,
          35.3581659
        ]
      },
      "id": "node/2166270326"
    },
    {
      "type": "Feature",
      "properties": {
        "@id": "node/2238384137",
        "highway": "motorway_junction",
        "name": "海老名ＩＣ",
        "name:en": "Ebina IC",
        "name:ja": "海老名IC",
        "name:ja-Hira": "えびないんたーちぇんじ",
        "name:ja_rm": "Ebina IC",
        "official_name:en": "National Highway Route 468",
        "ref": "31",
        "source:name": "wikipedia",
        "source:ref": "wikipedia",
        "wikidata": "Q11151240",
        "wikipedia": "ja:海老名インターチェンジ"
      },
      "geometry": {
        "type": "Point",
        "coordinates": [
          139.3758992,
          35.4418974
        ]
      },
      "id": "node/2238384137"
    },
    {
      "type": "Feature",
      "properties": {
        "@id": "node/2238384227",
        "highway": "motorway_junction",
        "name": "圏央厚木ＩＣ",
        "name:en": "ken'oh-atsugi IC",
        "name:ja": "圏央厚木IC",
        "name:ja-Hira": "けんおうあつぎいんたーちぇんじ",
        "name:ja_rm": "ken'oh-atsugi IC",
        "official_name:en": "National Highway Route 468",
        "ref": "32",
        "source:name": "wikipedia",
        "source:ref": "wikipedia",
        "wikipedia": "ja:圏央厚木インターチェンジ"
      },
      "geometry": {
        "type": "Point",
        "coordinates": [
          139.3716994,
          35.4834218
        ]
      },
      "id": "node/2238384227"
    },
    {
      "type": "Feature",
      "properties": {
        "@id": "node/2238384376",
        "highway": "motorway_junction",
        "name": "圏央厚木ＩＣ",
        "name:en": "ken'oh-atsugi IC",
        "name:ja": "圏央厚木IC",
        "name:ja-Hira": "けんおうあつぎいんたーちぇんじ",
        "name:ja_rm": "ken'oh-atsugi IC",
        "official_name:en": "National Highway Route 468",
        "ref": "32",
        "source:name": "wikipedia",
        "source:ref": "wikipedia",
        "wikipedia": "ja:圏央厚木インターチェンジ"
      },
      "geometry": {
        "type": "Point",
        "coordinates": [
          139.3739121,
          35.4769571
        ]
      },
      "id": "node/2238384376"
    },
    {
      "type": "Feature",
      "properties": {
        "@id": "node/2341274088",
        "contact:website": "https://www.jreast.co.jp/estation/station/info.aspx?StationCd=786",
        "name": "尻手",
        "name:en": "Shitte",
        "name:es": "Shitte",
        "name:ja": "尻手",
        "name:ja-Hira": "しって",
        "name:ja-Latn": "Shitte",
        "name:ko": "싯테",
        "note": "National-Land Numerical Information (Railway) 2007, MLIT Japan",
        "operator": "東日本旅客鉄道",
        "operator:en": "East Japan Railway Company",
        "operator:ja": "東日本旅客鉄道",
        "operator:wikidata": "Q499071",
        "public_transport": "station",
        "railway": "station",
        "ref": "JN02",
        "source": "KSJ2",
        "source_ref": "http://nlftp.mlit.go.jp/ksj/jpgis/datalist/KsjTmplt-N02-v1_1.html",
        "wikidata": "Q5367537",
        "wikipedia": "ja:尻手駅"
      },
      "geometry": {
        "type": "Point",
        "coordinates": [
          139.6842689,
          35.5310748
        ]
      },
      "id": "node/2341274088"
    },
    {
      "type": "Feature",
      "properties": {
        "@id": "node/2421938512",
        "highway": "motorway_junction",
        "name": "厚木PA/スマートIC（内回り）",
        "name:en": "atsugi PA/SIC",
        "name:ja": "厚木PA/スマートIC（内回り）",
        "name:ja-Hira": "あつぎぱーきんぐえりあ/すまーといんたーちぇんじ",
        "name:ja_rm": "atsugi PA/SIC",
        "official_name:en": "National Highway Route 468",
        "ref": "32-1",
        "source:name": "wikipedia",
        "wikipedia": "ja:厚木パーキングエリア"
      },
      "geometry": {
        "type": "Point",
        "coordinates": [
          139.3677932,
          35.4945191
        ]
      },
      "id": "node/2421938512"
    },
    {
      "type": "Feature",
      "properties": {
        "@id": "node/2440021673",
        "ele": "96",
        "name": "箱根湯本",
        "name:en": "Hakone-Yumoto",
        "name:fr": "Hakone-Yumoto",
        "name:ja": "箱根湯本",
        "name:ja-Hira": "はこねゆもと",
        "name:ja-Latn": "Hakone Yumoto",
        "name:ko": "하코네유모토",
        "operator": "小田急箱根",
        "operator:wikidata": "Q604174",
        "public_transport": "station",
        "railway": "station",
        "ref": "OH50",
        "start_date": "1919-06-01",
        "wheelchair": "yes",
        "wikidata": "Q2593075",
        "wikipedia": "ja:箱根湯本駅"
      },
      "geometry": {
        "type": "Point",
        "coordinates": [
          139.1036639,
          35.2333709
        ]
      },
      "id": "node/2440021673"
    },
    {
      "type": "Feature",
      "properties": {
        "@id": "node/2440206278",
        "ele": "611",
        "funicular": "yes",
        "name": "公園上",
        "name:en": "Koen-Kami",
        "name:fr": "Parc supérieure",
        "name:ja-Hira": "こうえんかみ",
        "name:ja-Latn": "Kōen-kami",
        "name:ko": "고엔카미",
        "note": "National-Land Numerical Information (Railway) 2007, MLIT Japan",
        "operator": "箱根登山鉄道",
        "public_transport": "stop_position",
        "railway": "station",
        "ref": "OH59",
        "source": "KSJ2",
        "source_ref": "http://nlftp.mlit.go.jp/ksj/jpgis/datalist/KsjTmplt-N02-v1_1.html",
        "start_date": "1921-12-01",
        "station": "funicular",
        "wikidata": "Q6455099",
        "wikimedia_commons": "Category:Kōen-Kami Station",
        "wikipedia": "ja:公園上駅"
      },
      "geometry": {
        "type": "Point",
        "coordinates": [
          139.0432216,
          35.2490792
        ]
      },
      "id": "node/2440206278"
    },
    {
      "type": "Feature",
      "properties": {
        "@id": "node/2440206295",
        "ele": "541",
        "internet_access": "wlan",
        "name": "強羅",
        "name:en": "Gōra",
        "name:fr": "Gōra",
        "name:ja-Hira": "ごうら",
        "name:ja-Latn": "Gōra",
        "name:ko": "고라",
        "name:ru": "Гора",
        "note": "National-Land Numerical Information (Railway) 2007, MLIT Japan",
        "operator": "箱根登山鉄道",
        "public_transport": "station",
        "railway": "station",
        "ref": "OH57",
        "source": "KSJ2",
        "source_ref": "http://nlftp.mlit.go.jp/ksj/jpgis/datalist/KsjTmplt-N02-v1_1.html",
        "start_date": "1919-06-01",
        "train": "yes",
        "wikidata": "Q997926",
        "wikimedia_commons": "Category:Gōra Station",
        "wikipedia": "ja:強羅駅"
      },
      "geometry": {
        "type": "Point",
        "coordinates": [
          139.0482584,
          35.2508461
        ]
      },
      "id": "node/2440206295"
    },
    {
      "type": "Feature",
      "properties": {
        "@id": "node/2461068499",
        "addr:city": "川崎市",
        "addr:country": "JP",
        "addr:neighbourhood": "万福寺",
        "addr:postcode": "215-0004",
        "addr:province": "神奈川県",
        "addr:suburb": "麻生区",
        "contact:website": "https://www.odakyu.jp/station/shin_yurigaoka/",
        "name": "新百合ヶ丘",
        "name:de": "Shin-Yurigaoka",
        "name:en": "Shin-Yurigaoka",
        "name:fr": "Shin-Yurigaoka",
        "name:ja": "新百合ヶ丘",
        "name:ja-Hira": "しんゆりがおか",
        "name:ja-Latn": "Shin-Yurigaoka",
        "name:ko": "신유리가오카",
        "name:ru": "Син-Юригаока",
        "operator": "小田急電鉄",
        "operator:en": "Odakyu Electric Railway",
        "operator:ja": "小田急電鉄",
        "operator:wikidata": "Q83584",
        "platforms": "3",
        "public_transport": "station",
        "railway": "station",
        "ref": "OH23",
        "start_date": "1974-06-01",
        "toilets": "yes",
        "train": "yes",
        "wheelchair": "yes",
        "wikidata": "Q1061373",
        "wikipedia": "ja:新百合ヶ丘駅"
      },
      "geometry": {
        "type": "Point",
        "coordinates": [
          139.507684,
          35.6038674
        ]
      },
      "id": "node/2461068499"
    },
    {
      "type": "Feature",
      "properties": {
        "@id": "node/2468944535",
        "alt_name": "モザイクモール港北前",
        "name": "センター北",
        "name:en": "Center Kita",
        "name:ja": "センター北",
        "name:ja-Hira": "せんたーきた",
        "name:ja_rm": "Sentā kita",
        "name:ko": "센터기타",
        "network": "横浜市営地下鉄",
        "operator": "横浜市交通局",
        "public_transport": "station",
        "railway": "station",
        "ref": "B30",
        "station": "subway",
        "subway": "yes",
        "wheelchair": "yes",
        "wikidata": "Q847363",
        "wikipedia": "ja:センター北駅"
      },
      "geometry": {
        "type": "Point",
        "coordinates": [
          139.5782611,
          35.5534049
        ]
      },
      "id": "node/2468944535"
    },
    {
      "type": "Feature",
      "properties": {
        "@id": "node/2550872353",
        "name": "東門前",
        "name:en": "Higashimonzen",
        "name:ja": "東門前",
        "name:ja-Hira": "ひがしもんぜん",
        "name:ja_rm": "Higashimonzen",
        "name:ko": "히가시몬젠",
        "note": "National-Land Numerical Information (Railway) 2007, MLIT Japan",
        "operator": "京浜急行電鉄 (Keikyu Corporation)",
        "operator:en": "Keikyu Corporation",
        "operator:ja": "京浜急行電鉄",
        "platforms": "2",
        "public_transport": "station",
        "railway": "station",
        "ref": "KK24",
        "source": "Bing",
        "source_ref": "http://nlftp.mlit.go.jp/ksj/jpgis/datalist/KsjTmplt-N02-v1_1.html",
        "wheelchair": "yes",
        "wikidata": "Q5754076",
        "wikipedia": "ja:東門前駅"
      },
      "geometry": {
        "type": "Point",
        "coordinates": [
          139.7343911,
          35.5365833
        ]
      },
      "id": "node/2550872353"
    },
    {
      "type": "Feature",
      "properties": {
        "@id": "node/2550872371",
        "KSJ2:LIN": "本線",
        "gauge": "1435",
        "name": "堀ノ内",
        "name:en": "Horinouchi",
        "name:ja": "堀ノ内",
        "name:ja-Hira": "ほりのうち",
        "name:ja_rm": "Horinouchi",
        "name:ko": "호리노우치",
        "note": "National-Land Numerical Information (Railway) 2007, MLIT Japan",
        "note:ja": "国土数値情報（鉄道データ）平成19年 国土交通省",
        "operator": "京浜急行電鉄 (Keikyu Corporation)",
        "operator:en": "Keikyu Corporation",
        "operator:ja": "京浜急行電鉄",
        "public_transport": "station",
        "railway": "station",
        "ref": "KK61",
        "source": "Bing",
        "source_ref": "http://nlftp.mlit.go.jp/ksj/jpgis/datalist/KsjTmplt-N02-v1_1.html",
        "wikidata": "Q5370292",
        "wikipedia": "ja:堀ノ内駅"
      },
      "geometry": {
        "type": "Point",
        "coordinates": [
          139.686646,
          35.2636035
        ]
      },
      "id": "node/2550872371"
    },
    {
      "type": "Feature",
      "properties": {
        "@id": "node/2550872398",
        "name": "金沢文庫",
        "name:en": "Kanazawa-bunko",
        "name:ja": "金沢文庫",
        "name:ja-Hira": "かなざわぶんこ",
        "name:ja_rm": "Kanazawa bunko",
        "name:ko": "가나자와분코",
        "operator": "京浜急行電鉄",
        "operator:en": "Keikyu Corporation",
        "operator:ja": "京浜急行電鉄",
        "public_transport": "station",
        "railway": "station",
        "ref": "KK49",
        "source_ref": "http://nlftp.mlit.go.jp/ksj/jpgis/datalist/KsjTmplt-N02-v1_1.html",
        "wikidata": "Q6360872",
        "wikipedia": "ja:金沢文庫駅"
      },
      "geometry": {
        "type": "Point",
        "coordinates": [
          139.6216115,
          35.3430205
        ]
      },
      "id": "node/2550872398"
    },
    {
      "type": "Feature",
      "properties": {
        "@id": "node/2550872399",
        "contact:website": "https://www.keikyu.co.jp/ride/kakueki/KK50.html",
        "name": "金沢八景",
        "name:en": "Kanazawa-Hakkei",
        "name:es": "Kanazawa-Hakkei",
        "name:ja": "金沢八景",
        "name:ja-Hira": "かなざわはっけい",
        "name:ja-Latn": "Kanazawa-Hakkei",
        "name:ko": "가나자와핫케이",
        "network": "京浜急行電鉄本線",
        "operator": "京浜急行電鉄",
        "operator:en": "Keikyu Corporation",
        "operator:ja": "京浜急行電鉄",
        "public_transport": "station",
        "railway": "station",
        "ref": "KK50",
        "source_ref": "http://nlftp.mlit.go.jp/ksj/jpgis/datalist/KsjTmplt-N02-v1_1.html",
        "train": "yes",
        "wikidata": "Q6360870",
        "wikipedia": "ja:金沢八景駅"
      },
      "geometry": {
        "type": "Point",
        "coordinates": [
          139.6201441,
          35.3311864
        ]
      },
      "id": "node/2550872399"
    },
    {
      "type": "Feature",
      "properties": {
        "@id": "node/2550872453",
        "KSJ2:LIN": "久里浜線",
        "name": "三浦海岸",
        "name:en": "Miurakaigan",
        "name:ja": "三浦海岸",
        "name:ja-Hira": "みうらかいがん",
        "name:ja_rm": "Miura kaigan",
        "name:ko": "미우라카이간",
        "note": "National-Land Numerical Information (Railway) 2007, MLIT Japan",
        "note:ja": "国土数値情報（鉄道データ）平成19年 国土交通省",
        "operator": "京浜急行電鉄 (Keikyu Corporation)",
        "operator:en": "Keikyu Corporation",
        "operator:ja": "京浜急行電鉄",
        "public_transport": "station",
        "railway": "station",
        "ref": "KK71",
        "source": "Bing",
        "source_ref": "http://nlftp.mlit.go.jp/ksj/jpgis/datalist/KsjTmplt-N02-v1_1.html",
        "wikidata": "Q5371356",
        "wikipedia": "ja:三浦海岸駅"
      },
      "geometry": {
        "type": "Point",
        "coordinates": [
          139.6532667,
          35.1882147
        ]
      },
      "id": "node/2550872453"
    },
    {
      "type": "Feature",
      "properties": {
        "@id": "node/2550872461",
        "KSJ2:LIN": "久里浜線",
        "name": "三崎口",
        "name:en": "Misakiguchi",
        "name:ja": "三崎口",
        "name:ja-Hira": "みさきぐち",
        "name:ja_rm": "Misakiguchi",
        "name:ko": "미사키구치",
        "note": "National-Land Numerical Information (Railway) 2007, MLIT Japan",
        "note:ja": "国土数値情報（鉄道データ）平成19年 国土交通省",
        "operator": "京浜急行電鉄 (Keikyu Corporation)",
        "operator:en": "Keikyu Corporation",
        "operator:ja": "京浜急行電鉄",
        "public_transport": "station",
        "railway": "station",
        "ref": "KK72",
        "source": "Bing",
        "source_ref": "http://nlftp.mlit.go.jp/ksj/jpgis/datalist/KsjTmplt-N02-v1_1.html",
        "wikidata": "Q846713",
        "wikipedia": "ja:三崎口駅"
      },
      "geometry": {
        "type": "Point",
        "coordinates": [
          139.6330533,
          35.1778307
        ]
      },
      "id": "node/2550872461"
    },
    {
      "type": "Feature",
      "properties": {
        "@id": "node/2550872468",
        "KSJ2:LIN": "久里浜線",
        "name": "京急長沢",
        "name:en": "Keikyu Nagasawa",
        "name:ja": "京急長沢",
        "name:ja-Hira": "けいきゅうながさわ",
        "name:ja_rm": "Keikyū Nagasawa",
        "name:ko": "게이큐나가사와",
        "note": "National-Land Numerical Information (Railway) 2007, MLIT Japan",
        "note:ja": "国土数値情報（鉄道データ）平成19年 国土交通省",
        "operator": "京浜急行電鉄 (Keikyu Corporation)",
        "operator:en": "Keikyu Corporation",
        "operator:ja": "京浜急行電鉄",
        "public_transport": "station",
        "railway": "station",
        "ref": "KK69",
        "source": "Bing",
        "source_ref": "http://nlftp.mlit.go.jp/ksj/jpgis/datalist/KsjTmplt-N02-v1_1.html",
        "wikidata": "Q6383708",
        "wikipedia": "ja:京急長沢駅"
      },
      "geometry": {
        "type": "Point",
        "coordinates": [
          139.6743929,
          35.2056376
        ]
      },
      "id": "node/2550872468"
    },
    {
      "type": "Feature",
      "properties": {
        "@id": "node/2550872475",
        "gauge": "1435",
        "name": "生麦",
        "name:en": "Namamugi",
        "name:ja": "生麦",
        "name:ja-Hira": "なまむぎ",
        "name:ja_rm": "Namamugi",
        "name:ko": "나마무기",
        "note": "National-Land Numerical Information (Railway) 2007, MLIT Japan",
        "operator": "京浜急行電鉄",
        "operator:en": "Keikyu Corporation",
        "operator:ja": "京浜急行電鉄",
        "public_transport": "station",
        "railway": "station",
        "ref": "KK31",
        "source": "Bing",
        "source_ref": "http://nlftp.mlit.go.jp/ksj/jpgis/datalist/KsjTmplt-N02-v1_1.html",
        "wikidata": "Q6961267",
        "wikipedia": "ja:生麦駅"
      },
      "geometry": {
        "type": "Point",
        "coordinates": [
          139.6669214,
          35.4952868
        ]
      },
      "id": "node/2550872475"
    },
    {
      "type": "Feature",
      "properties": {
        "@id": "node/2550872524",
        "gauge": "1435",
        "name": "京急新子安",
        "name:en": "Keikyu Shinkoyasu",
        "name:ja": "京急新子安",
        "name:ja-Hira": "けいきゅうしんこやす",
        "name:ja_rm": "Keikyū Shinkoyasu",
        "name:ko": "게이큐신코야스",
        "operator": "京浜急行電鉄",
        "operator:en": "Keikyu Corporation",
        "operator:ja": "京浜急行電鉄",
        "public_transport": "station",
        "railway": "station",
        "ref": "KK32",
        "source": "Bing",
        "source_ref": "http://nlftp.mlit.go.jp/ksj/jpgis/datalist/KsjTmplt-N02-v1_1.html",
        "wikidata": "Q6383710",
        "wikipedia": "ja:京急新子安駅"
      },
      "geometry": {
        "type": "Point",
        "coordinates": [
          139.6554751,
          35.4870984
        ]
      },
      "id": "node/2550872524"
    },
    {
      "type": "Feature",
      "properties": {
        "@id": "node/2550872526",
        "name": "鈴木町",
        "name:en": "Suzukicho",
        "name:ja": "鈴木町",
        "name:ja-Hira": "すずきちょう",
        "name:ja_rm": "Suzukichō",
        "name:ko": "스즈키초",
        "note": "National-Land Numerical Information (Railway) 2007, MLIT Japan",
        "operator": "京浜急行電鉄 (Keikyu Corporation)",
        "operator:en": "Keikyu Corporation",
        "operator:ja": "京浜急行電鉄",
        "platforms": "2",
        "public_transport": "station",
        "railway": "station",
        "ref": "KK22",
        "source": "Bing",
        "source_ref": "http://nlftp.mlit.go.jp/ksj/jpgis/datalist/KsjTmplt-N02-v1_1.html",
        "wikidata": "Q7651381",
        "wikipedia": "ja:鈴木町駅"
      },
      "geometry": {
        "type": "Point",
        "coordinates": [
          139.7206509,
          35.5354136
        ]
      },
      "id": "node/2550872526"
    },
    {
      "type": "Feature",
      "properties": {
        "@id": "node/2550872535",
        "KSJ2:LIN": "久里浜線",
        "name": "津久井浜",
        "name:en": "Tsukuihama",
        "name:ja": "津久井浜",
        "name:ja-Hira": "つくいはま",
        "name:ja_rm": "Tsukuihama",
        "name:ko": "쓰쿠이하마",
        "note": "National-Land Numerical Information (Railway) 2007, MLIT Japan",
        "note:ja": "国土数値情報（鉄道データ）平成19年 国土交通省",
        "operator": "京浜急行電鉄 (Keikyu Corporation)",
        "operator:en": "Keikyu Corporation",
        "operator:ja": "京浜急行電鉄",
        "public_transport": "station",
        "railway": "station",
        "ref": "KK70",
        "source": "Bing",
        "source_ref": "http://nlftp.mlit.go.jp/ksj/jpgis/datalist/KsjTmplt-N02-v1_1.html",
        "wikidata": "Q7850103",
        "wikipedia": "ja:津久井浜駅"
      },
      "geometry": {
        "type": "Point",
        "coordinates": [
          139.6652683,
          35.1984199
        ]
      },
      "id": "node/2550872535"
    },
    {
      "type": "Feature",
      "properties": {
        "@id": "node/2574447314",
        "name": "二子新地",
        "name:en": "Futako-shinchi",
        "name:ja": "二子新地",
        "name:ja-Hira": "ふたこしんち",
        "name:ja-Latn": "Futako shinchi",
        "name:ko": "후타코신치",
        "name:ru": "Футако-Синти",
        "note": "National-Land Numerical Information (Railway) 2007, MLIT Japan",
        "operator": "東急電鉄",
        "operator:wikidata": "Q80229029",
        "public_transport": "station",
        "railway": "station",
        "ref": "DT08",
        "source": "KSJ2",
        "source_ref": "http://nlftp.mlit.go.jp/ksj/jpgis/datalist/KsjTmplt-N02-v1_1.html",
        "train": "yes",
        "wheelchair": "yes",
        "wikidata": "Q5510461",
        "wikipedia": "ja:二子新地駅"
      },
      "geometry": {
        "type": "Point",
        "coordinates": [
          139.6224456,
          35.6071968
        ]
      },
      "id": "node/2574447314"
    },
    {
      "type": "Feature",
      "properties": {
        "@id": "node/2574447319",
        "name": "高津",
        "name:en": "Takatsu",
        "name:ja": "高津",
        "name:ja-Hira": "たかつ",
        "name:ja_rm": "Takatsu",
        "name:ko": "다카쓰",
        "name:ru": "Такацу",
        "operator": "東京急行電鉄",
        "public_transport": "station",
        "railway": "station",
        "ref": "DT09",
        "source": "KSJ2",
        "toilets:wheelchair": "yes",
        "train": "yes",
        "wheelchair": "yes",
        "wikidata": "Q7677439",
        "wikipedia": "ja:高津駅 (神奈川県)"
      },
      "geometry": {
        "type": "Point",
        "coordinates": [
          139.6169636,
          35.603179
        ]
      },
      "id": "node/2574447319"
    },
    {
      "type": "Feature",
      "properties": {
        "@id": "node/2735617195",
        "highway": "motorway_junction",
        "name": "日野IC",
        "name:en": "Hino IC",
        "name:es": "Hino IC"
      },
      "geometry": {
        "type": "Point",
        "coordinates": [
          139.5825538,
          35.3841321
        ]
      },
      "id": "node/2735617195"
    },
    {
      "type": "Feature",
      "properties": {
        "@id": "node/2738954706",
        "name": "桜木町",
        "name:en": "Sakuragicho",
        "name:es": "Sakuragicho",
        "name:fr": "Sakuragicho",
        "name:ja": "桜木町",
        "name:ja-Hira": "さくらぎちょう",
        "name:ja_rm": "Sakuragicho",
        "name:ko": "사쿠라기초",
        "network": "根岸線",
        "note": "National-Land Numerical Information (Railway) 2007, MLIT Japan",
        "operator": "東日本旅客鉄道",
        "public_transport": "station",
        "railway": "station",
        "source": "KSJ2",
        "source_ref": "http://nlftp.mlit.go.jp/ksj/jpgis/datalist/KsjTmplt-N02-v1_1.html",
        "wheelchair": "yes",
        "wikidata": "Q801396",
        "wikipedia": "ja:桜木町駅"
      },
      "geometry": {
        "type": "Point",
        "coordinates": [
          139.6310016,
          35.4510054
        ]
      },
      "id": "node/2738954706"
    },
    {
      "type": "Feature",
      "properties": {
        "@id": "node/2738954712",
        "contact:website": "https://www.jreast.co.jp/estation/station/info.aspx?StationCd=1010",
        "name": "津田山",
        "name:en": "Tsudayama",
        "name:ja": "津田山",
        "name:ja-Hira": "つだやま",
        "name:ja-Latn": "Tsudayama",
        "name:ko": "쓰다야마",
        "note": "National-Land Numerical Information (Railway) 2007, MLIT Japan",
        "operator": "東日本旅客鉄道",
        "operator:en": "East Japan Railway Company",
        "operator:ja": "東日本旅客鉄道",
        "operator:wikidata": "Q499071",
        "public_transport": "station",
        "railway": "station",
        "ref": "JN11",
        "source": "KSJ2",
        "source_ref": "http://nlftp.mlit.go.jp/ksj/jpgis/datalist/KsjTmplt-N02-v1_1.html",
        "wikidata": "Q211015",
        "wikipedia": "ja:津田山駅"
      },
      "geometry": {
        "type": "Point",
        "coordinates": [
          139.6004567,
          35.6038824
        ]
      },
      "id": "node/2738954712"
    },
    {
      "type": "Feature",
      "properties": {
        "@id": "node/2841304384",
        "highway": "motorway_junction",
        "name": "馬掘海岸ＩＣ"
      },
      "geometry": {
        "type": "Point",
        "coordinates": [
          139.7139735,
          35.2632562
        ]
      },
      "id": "node/2841304384"
    },
    {
      "type": "Feature",
      "properties": {
        "@id": "node/2977499479",
        "branch": "りんかんモール店",
        "brand": "カインズホーム",
        "brand:en": "Cainz Home",
        "brand:ja": "カインズホーム",
        "brand:wikidata": "Q11293852",
        "brand:wikipedia": "ja:カインズ",
        "check_date": "2024-12-12",
        "name": "カインズホーム",
        "name:en": "Cainz Home",
        "name:ja": "カインズホーム",
        "name:ja-Hira": "かいんずほーむ",
        "name:ja_rm": "Kainzu hōmu",
        "operator": "カインズ",
        "phone": "+81-46-275-5000",
        "shop": "doityourself"
      },
      "geometry": {
        "type": "Point",
        "coordinates": [
          139.4508402,
          35.5035738
        ]
      },
      "id": "node/2977499479"
    },
    {
      "type": "Feature",
      "properties": {
        "@id": "node/3032284233",
        "brand": "イオン",
        "brand:en": "AEON",
        "brand:ja": "イオン",
        "brand:wikidata": "Q11285951",
        "fax": "044-233-7162",
        "name": "イオン",
        "name:en": "AEON",
        "name:ja": "イオン",
        "opening_hours": "07:00-24:00",
        "operator": "AEON",
        "phone": "044-233-7161",
        "shop": "supermarket"
      },
      "geometry": {
        "type": "Point",
        "coordinates": [
          139.702592,
          35.529323
        ]
      },
      "id": "node/3032284233"
    },
    {
      "type": "Feature",
      "properties": {
        "@id": "node/3041717580",
        "highway": "motorway_junction",
        "name": "大磯IC",
        "name:en": "Oiso",
        "ref": "5"
      },
      "geometry": {
        "type": "Point",
        "coordinates": [
          139.2756296,
          35.3206512
        ]
      },
      "id": "node/3041717580"
    },
    {
      "type": "Feature",
      "properties": {
        "@id": "node/3063622704",
        "highway": "motorway_junction",
        "name": "二宮IC",
        "ref": "4"
      },
      "geometry": {
        "type": "Point",
        "coordinates": [
          139.2386942,
          35.308256
        ]
      },
      "id": "node/3063622704"
    },
    {
      "type": "Feature",
      "properties": {
        "@id": "node/3077638401",
        "addr:block_number": "2",
        "addr:city": "横浜市",
        "addr:housenumber": "8",
        "addr:neighbourhood": "新山下一丁目",
        "addr:postcode": "231-0801",
        "addr:province": "神奈川県",
        "addr:suburb": "中区",
        "branch": "山下公園店",
        "branch:en": "Yamashita",
        "brand": "ドン・キホーテ",
        "brand:en": "Don Quijote",
        "brand:ja": "ドン・キホーテ",
        "brand:wikidata": "Q1185381",
        "brand:wikipedia": "ja:ドン・キホーテ (企業)",
        "name": "MEGAドン・キホーテ",
        "name:en": "MEGA Don Quijote",
        "name:fr": "MEGA Don Quijote Yamashita",
        "name:ja": "MEGAドン・キホーテ",
        "opening_hours": "24/7",
        "phone": "+81-456285211",
        "shop": "supermarket",
        "short_name": "MEGAドンキ",
        "short_name:en": "MegaDonki",
        "short_name:ja": "MEGAドンキ",
        "website": "https://www.donki.com/search/shop_detail.php?st_store_id=23;http://donki.com"
      },
      "geometry": {
        "type": "Point",
        "coordinates": [
          139.6541021,
          35.4424864
        ]
      },
      "id": "node/3077638401"
    },
    {
      "type": "Feature",
      "properties": {
        "@id": "node/3162565032",
        "name": "ダム上 山頂",
        "public_transport": "station",
        "railway": "station"
      },
      "geometry": {
        "type": "Point",
        "coordinates": [
          139.2486323,
          35.5405048
        ]
      },
      "id": "node/3162565032"
    },
    {
      "type": "Feature",
      "properties": {
        "@id": "node/3162565033",
        "name": "ダム下 山麓",
        "public_transport": "station",
        "railway": "station"
      },
      "geometry": {
        "type": "Point",
        "coordinates": [
          139.2500205,
          35.5416373
        ]
      },
      "id": "node/3162565033"
    },
    {
      "type": "Feature",
      "properties": {
        "@id": "node/3205664660",
        "name": "鶴見",
        "name:en": "Tsurumi",
        "name:ja": "鶴見",
        "name:ja-Hira": "つるみ",
        "name:ja_rm": "Tsurumi",
        "name:ko": "쓰루미",
        "name:ru": "Цуруми",
        "operator": "東日本旅客鉄道",
        "public_transport": "station",
        "railway": "station",
        "wikidata": "Q128164",
        "wikipedia": "ja:鶴見駅"
      },
      "geometry": {
        "type": "Point",
        "coordinates": [
          139.6759759,
          35.5083388
        ]
      },
      "id": "node/3205664660"
    },
    {
      "type": "Feature",
      "properties": {
        "@id": "node/3213632950",
        "name": "菊名",
        "name:en": "Kikuna",
        "name:ja": "菊名",
        "name:ja-Hira": "きくな",
        "name:ja-Latn": "Kikuna",
        "name:ko": "기쿠나",
        "network": "JR横浜線",
        "operator": "東日本旅客鉄道",
        "public_transport": "station",
        "railway": "station",
        "train": "yes",
        "wheelchair": "yes",
        "wikidata": "Q801006",
        "wikipedia": "ja:菊名駅"
      },
      "geometry": {
        "type": "Point",
        "coordinates": [
          139.6302732,
          35.5096856
        ]
      },
      "id": "node/3213632950"
    },
    {
      "type": "Feature",
      "properties": {
        "@id": "node/3336354909",
        "highway": "motorway_junction",
        "name": "岩IC"
      },
      "geometry": {
        "type": "Point",
        "coordinates": [
          139.1437063,
          35.1600533
        ]
      },
      "id": "node/3336354909"
    },
    {
      "type": "Feature",
      "properties": {
        "@id": "node/3343104540",
        "highway": "motorway_junction",
        "name": "箱根口IC",
        "ref": "8"
      },
      "geometry": {
        "type": "Point",
        "coordinates": [
          139.1299604,
          35.2446754
        ]
      },
      "id": "node/3343104540"
    },
    {
      "type": "Feature",
      "properties": {
        "@id": "node/3357596416",
        "contact:website": "https://www.jreast.co.jp/estation/station/info.aspx?StationCd=1100",
        "name": "長津田",
        "name:en": "Nagatsuta",
        "name:ja": "長津田",
        "name:ja-Hira": "ながつた",
        "name:ja-Latn": "Nagatsuta",
        "name:ko": "나가쓰다",
        "name:ru": "Нагацута",
        "network": "JR横浜線",
        "operator": "東日本旅客鉄道",
        "operator:en": "East Japan Railway Company",
        "operator:ja": "東日本旅客鉄道",
        "public_transport": "station",
        "railway": "station",
        "ref": "JH21",
        "source": "KSJ2",
        "train": "yes",
        "wheelchair": "yes",
        "wikidata": "Q801229",
        "wikipedia": "ja:長津田駅"
      },
      "geometry": {
        "type": "Point",
        "coordinates": [
          139.4952527,
          35.5317037
        ]
      },
      "id": "node/3357596416"
    },
    {
      "type": "Feature",
      "properties": {
        "@id": "node/3389459028",
        "highway": "motorway_junction",
        "name": "寒川北IC",
        "name:en": "Samukawa-kita IC",
        "name:ja": "寒川北インターチェンジ",
        "name:ja-Hira": "さむかわきた",
        "name:ja_rm": "samukawa-kita IC",
        "official_name:en": "National Highway Route 468",
        "ref": "27",
        "source:name": "wikipedia",
        "source:ref": "wikipedia",
        "wikipedia": "ja:寒川北インターチェンジ"
      },
      "geometry": {
        "type": "Point",
        "coordinates": [
          139.3786031,
          35.3869587
        ]
      },
      "id": "node/3389459028"
    },
    {
      "type": "Feature",
      "properties": {
        "@id": "node/3438521444",
        "highway": "motorway_junction",
        "name": "相模原ＩＣ",
        "name:en": "sagamihara IC",
        "name:ja": "相模原IC",
        "name:ja-Hira": "さがみはらいんたーちぇんじ",
        "name:ja_rm": "sagamihara IC",
        "official_name:en": "National Highway Route 468",
        "ref": "34",
        "source:name": "wikipedia",
        "source:ref": "wikipedia",
        "wikipedia": "ja:相模原インターチェンジ"
      },
      "geometry": {
        "type": "Point",
        "coordinates": [
          139.296359,
          35.5781396
        ]
      },
      "id": "node/3438521444"
    },
    {
      "type": "Feature",
      "properties": {
        "@id": "node/3547330604",
        "contact:website": "https://www.jreast.co.jp/estation/station/info.aspx?StationCd=526",
        "name": "川崎",
        "name:de": "Kawasaki",
        "name:en": "Kawasaki",
        "name:it": "Kawasaki",
        "name:ja": "川崎",
        "name:ja-Hira": "かわさき",
        "name:ja-Latn": "Kawasaki",
        "name:ko": "가와사키",
        "name:ru": "Кавасаки",
        "operator": "東日本旅客鉄道",
        "operator:en": "East Japan Railway Company",
        "operator:ja": "東日本旅客鉄道",
        "operator:wikidata": "Q499071",
        "public_transport": "station",
        "railway": "station",
        "ref": "KWS",
        "wikidata": "Q80562",
        "wikipedia": "ja:川崎駅"
      },
      "geometry": {
        "type": "Point",
        "coordinates": [
          139.696893,
          35.531404
        ]
      },
      "id": "node/3547330604"
    },
    {
      "type": "Feature",
      "properties": {
        "@id": "node/3558156193",
        "contact:website": "https://www.odakyu.jp/station/fujisawa/",
        "name": "藤沢",
        "name:de": "Fujisama",
        "name:en": "Fujisawa",
        "name:fr": "Fujisawa",
        "name:ja": "藤沢",
        "name:ja-Hira": "ふじさわ",
        "name:ja-Latn": "Fujisawa",
        "name:ko": "후지사와",
        "name:ru": "Фудзисава",
        "name:zh": "藤澤",
        "network": "小田急江ノ島線",
        "network:en": "Odakyu Electric Railway",
        "network:ja": "小田急江ノ島線",
        "network:wikidata": "Q83584",
        "operator": "小田急電鉄",
        "operator:en": "Odakyu Electric Railway",
        "operator:ja": "小田急電鉄",
        "operator:wikidata": "Q83584",
        "public_transport": "station",
        "railway": "station",
        "ref": "OE13",
        "source": "KSJ2",
        "train": "yes",
        "wikidata": "Q1133110",
        "wikipedia": "ja:藤沢駅"
      },
      "geometry": {
        "type": "Point",
        "coordinates": [
          139.4875052,
          35.3385903
        ]
      },
      "id": "node/3558156193"
    },
    {
      "type": "Feature",
      "properties": {
        "@id": "node/3585794198",
        "highspeed": "yes",
        "name": "新横浜",
        "name:en": "Shin-Yokohama",
        "name:it": "Shin-Yokohama",
        "name:ja": "新横浜",
        "name:ja-Hira": "しんよこはま",
        "name:ja-Latn": "Shin-Yokohama",
        "name:ko": "신요코하마",
        "name:ru": "Син-Иокогама",
        "name:uk": "Сін-Йокохама",
        "network": "JR横浜線",
        "operator": "東日本旅客鉄道",
        "public_transport": "station",
        "railway": "station",
        "ref": "JH16",
        "source": "KSJ2",
        "wikidata": "Q801437",
        "wikipedia": "ja:新横浜駅"
      },
      "geometry": {
        "type": "Point",
        "coordinates": [
          139.6175837,
          35.5068329
        ]
      },
      "id": "node/3585794198"
    },
    {
      "type": "Feature",
      "properties": {
        "@id": "node/3656056036",
        "name": "新丸子",
        "name:en": "Shin-maruko",
        "name:ja": "新丸子",
        "name:ja-Hira": "しんまるこ",
        "name:ja_rm": "Shin Maruko",
        "name:ko": "신마루코",
        "operator": "東京急行電鉄",
        "public_transport": "station",
        "railway": "station",
        "ref": "TY10;MG10",
        "source": "survey;bing",
        "train": "yes",
        "wikidata": "Q7497117",
        "wikipedia": "ja:新丸子駅"
      },
      "geometry": {
        "type": "Point",
        "coordinates": [
          139.6620517,
          35.5806646
        ]
      },
      "id": "node/3656056036"
    },
    {
      "type": "Feature",
      "properties": {
        "@id": "node/3684970226",
        "name": "鴨宮",
        "name:de": "Kamonomiya",
        "name:en": "Kamonomiya",
        "name:ja": "鴨宮",
        "name:ko": "가모노미야",
        "name:ru": "Камономия",
        "operator": "東日本旅客鉄道",
        "public_transport": "station",
        "railway": "station",
        "toilets:wheelchair": "yes",
        "wheelchair": "yes",
        "wikidata": "Q865791",
        "wikipedia": "ja:鴨宮駅"
      },
      "geometry": {
        "type": "Point",
        "coordinates": [
          139.1802438,
          35.2757379
        ]
      },
      "id": "node/3684970226"
    },
    {
      "type": "Feature",
      "properties": {
        "@id": "node/3687740514",
        "name": "茅ヶ崎",
        "name:de": "Chigasaki",
        "name:en": "Chigasaki",
        "name:fr": "Chigasaki",
        "name:ja": "茅ヶ崎",
        "name:ja_rm": "Chigasaki",
        "name:ko": "지가사키",
        "name:ru": "Тигасаки",
        "operator": "東日本旅客鉄道",
        "public_transport": "station",
        "railway": "station",
        "ref": "JT-10",
        "wikidata": "Q800622",
        "wikipedia": "ja:茅ヶ崎駅"
      },
      "geometry": {
        "type": "Point",
        "coordinates": [
          139.4074613,
          35.3306242
        ]
      },
      "id": "node/3687740514"
    },
    {
      "type": "Feature",
      "properties": {
        "@id": "node/3708276983",
        "contact:website": "http://www.jreast.co.jp/estation/station/info.aspx?StationCd=1404",
        "name": "保土ヶ谷",
        "name:en": "Hodogaya",
        "name:fr": "Hodogaya",
        "name:ja": "保土ヶ谷",
        "name:ja-Hira": "ほどがや",
        "name:ja-Latn": "Hodogaya",
        "name:ko": "호도가야",
        "operator": "東日本旅客鉄道",
        "public_transport": "station",
        "railway": "station",
        "ref": "JO12;JS12",
        "wikidata": "Q844185",
        "wikipedia": "ja:保土ケ谷駅"
      },
      "geometry": {
        "type": "Point",
        "coordinates": [
          139.5997178,
          35.446676
        ]
      },
      "id": "node/3708276983"
    },
    {
      "type": "Feature",
      "properties": {
        "@id": "node/3726938328",
        "branch": "武蔵小杉店",
        "brand": "イトーヨーカドー",
        "brand:en": "Ito-Yokado",
        "brand:ja": "イトーヨーカドー",
        "brand:wikidata": "Q3088746",
        "brand:wikipedia": "en:Ito-Yokado",
        "level": "0",
        "name": "イトーヨーカドー",
        "name:en": "Ito-Yokado",
        "name:ja": "イトーヨーカドー",
        "opening_hours": "Mo-Su 10:00-22:00",
        "phone": "+81 44-422-3111",
        "shop": "supermarket",
        "wheelchair": "yes"
      },
      "geometry": {
        "type": "Point",
        "coordinates": [
          139.6594381,
          35.5737041
        ]
      },
      "id": "node/3726938328"
    },
    {
      "type": "Feature",
      "properties": {
        "@id": "node/3741112665",
        "light_rail": "yes",
        "name": "並木中央",
        "name:en": "Namiki-Chuo",
        "name:ja": "並木中央",
        "name:ja-Hira": "なみきちゅうおう",
        "name:ja_rm": "Namiki chūō",
        "name:ko": "나미키추오",
        "public_transport": "station",
        "railway": "station",
        "ref": "5",
        "source": "KSJ2",
        "source_ref": "http://nlftp.mlit.go.jp/ksj/jpgis/datalist/KsjTmplt-N02-v1_1.html",
        "station": "light_rail",
        "wikidata": "Q6961853",
        "wikipedia": "ja:並木中央駅"
      },
      "geometry": {
        "type": "Point",
        "coordinates": [
          139.6429378,
          35.3654383
        ]
      },
      "id": "node/3741112665"
    },
    {
      "type": "Feature",
      "properties": {
        "@id": "node/3741112666",
        "light_rail": "yes",
        "name": "並木北",
        "name:en": "Namiki-Kita",
        "name:es": "Namiki-Kita",
        "name:ja": "並木北",
        "name:ja-Hira": "なみききた",
        "name:ja_rm": "Namiki kita",
        "name:ko": "나미키키타",
        "public_transport": "station",
        "railway": "station",
        "ref": "4",
        "source": "KSJ2",
        "source_ref": "http://nlftp.mlit.go.jp/ksj/jpgis/datalist/KsjTmplt-N02-v1_1.html",
        "station": "light_rail",
        "wikidata": "Q6961854",
        "wikipedia": "ja:並木北駅"
      },
      "geometry": {
        "type": "Point",
        "coordinates": [
          139.642701,
          35.371877
        ]
      },
      "id": "node/3741112666"
    },
    {
      "type": "Feature",
      "properties": {
        "@id": "node/3741112672",
        "alt_name": "ニッパツ前",
        "light_rail": "yes",
        "name": "市大医学部",
        "name:en": "Shidai-Igakubu",
        "name:ja": "市大医学部",
        "name:ja-Hira": "しだいいがくぶ",
        "name:ja_rm": "Shidai igakubu",
        "name:ko": "시다이이가쿠부",
        "public_transport": "station",
        "railway": "station",
        "ref": "9",
        "source": "KSJ2",
        "source_ref": "http://nlftp.mlit.go.jp/ksj/jpgis/datalist/KsjTmplt-N02-v1_1.html",
        "station": "light_rail",
        "wikidata": "Q7496125",
        "wikipedia": "ja:市大医学部駅"
      },
      "geometry": {
        "type": "Point",
        "coordinates": [
          139.6501527,
          35.3439482
        ]
      },
      "id": "node/3741112672"
    },
    {
      "type": "Feature",
      "properties": {
        "@id": "node/3741112678",
        "light_rail": "yes",
        "name": "新杉田",
        "name:en": "Shin-Sugita",
        "name:es": "Shin-Sugita",
        "name:ja": "新杉田",
        "name:ja-Hira": "しんすぎた",
        "name:ja_rm": "Shin Sugita",
        "name:ko": "신스기타",
        "network": "横浜シーサイドライン",
        "operator": "横浜シーサイドライン",
        "public_transport": "station",
        "railway": "station",
        "ref": "1",
        "station": "light_rail",
        "toilets:wheelchair": "no",
        "wheelchair": "limited",
        "wikidata": "Q844465",
        "wikipedia": "ja:新杉田駅"
      },
      "geometry": {
        "type": "Point",
        "coordinates": [
          139.6204103,
          35.3860018
        ]
      },
      "id": "node/3741112678"
    },
    {
      "type": "Feature",
      "properties": {
        "@id": "node/3741112687",
        "alt_name:ko": "노지마코엔",
        "light_rail": "yes",
        "name": "野島公園",
        "name:en": "Nojimakoen",
        "name:es": "Nojimakoen",
        "name:ja": "野島公園",
        "name:ja-Hira": "のじまこうえん",
        "name:ja_rm": "Nojima kōen",
        "name:ko": "노지마공원",
        "operator": "横浜シーサイドライン",
        "public_transport": "station",
        "railway": "station",
        "ref": "13",
        "source": "KSJ2",
        "source_ref": "http://nlftp.mlit.go.jp/ksj/jpgis/datalist/KsjTmplt-N02-v1_1.html",
        "station": "light_rail",
        "wikidata": "Q7047813",
        "wikipedia": "ja:野島公園駅"
      },
      "geometry": {
        "type": "Point",
        "coordinates": [
          139.6314529,
          35.3305191
        ]
      },
      "id": "node/3741112687"
    },
    {
      "type": "Feature",
      "properties": {
        "@id": "node/3741112689",
        "light_rail": "yes",
        "name": "金沢八景",
        "name:en": "Kanazawa-Hakkei",
        "name:ja": "金沢八景",
        "name:ja-Hira": "かなざわはっけい",
        "name:ja_rm": "Kanazawa hakkei",
        "name:ko": "가나자와핫케이",
        "network": "横浜シーサイドライン",
        "operator": "横浜シーサイドライン",
        "phone": "+81 45 7865030",
        "public_transport": "station",
        "railway": "station",
        "ref": "14",
        "source": "KSJ2",
        "source_ref": "http://nlftp.mlit.go.jp/ksj/jpgis/datalist/KsjTmplt-N02-v1_1.html",
        "station": "light_rail",
        "website": "https://www.seasideline.co.jp/station_guide/kanazawa_hakkei/",
        "wikidata": "Q6360870",
        "wikipedia": "ja:金沢八景駅"
      },
      "geometry": {
        "type": "Point",
        "coordinates": [
          139.6208936,
          35.3315684
        ]
      },
      "id": "node/3741112689"
    },
    {
      "type": "Feature",
      "properties": {
        "@id": "node/3805130763",
        "highway": "motorway_junction",
        "name": "林IC"
      },
      "geometry": {
        "type": "Point",
        "coordinates": [
          139.6373552,
          35.2154045
        ]
      },
      "id": "node/3805130763"
    },
    {
      "type": "Feature",
      "properties": {
        "@id": "node/3827565893",
        "highway": "motorway_junction",
        "name": "荻窪IC",
        "ref": "2"
      },
      "geometry": {
        "type": "Point",
        "coordinates": [
          139.1375881,
          35.2593829
        ]
      },
      "id": "node/3827565893"
    },
    {
      "type": "Feature",
      "properties": {
        "@id": "node/3827566031",
        "highway": "motorway_junction",
        "name": "小田原東IC",
        "ref": "3"
      },
      "geometry": {
        "type": "Point",
        "coordinates": [
          139.1671731,
          35.2852136
        ]
      },
      "id": "node/3827566031"
    },
    {
      "type": "Feature",
      "properties": {
        "@id": "node/3827607700",
        "highway": "motorway_junction",
        "name": "国府津IC",
        "ref": "3"
      },
      "geometry": {
        "type": "Point",
        "coordinates": [
          139.2034883,
          35.2752012
        ]
      },
      "id": "node/3827607700"
    },
    {
      "type": "Feature",
      "properties": {
        "@id": "node/3853932993",
        "branch": "大和鶴間店",
        "brand": "イオン",
        "brand:en": "AEON",
        "brand:ja": "イオン",
        "brand:wikidata": "Q11285951",
        "brand:wikipedia": "ja:イオン (店舗ブランド)",
        "name": "イオン",
        "name:en": "AEON",
        "name:ja": "イオン",
        "operator": "イオンリテール",
        "phone": "+81-46-3300",
        "shop": "supermarket",
        "source": "survey"
      },
      "geometry": {
        "type": "Point",
        "coordinates": [
          139.4581646,
          35.4885834
        ]
      },
      "id": "node/3853932993"
    },
    {
      "type": "Feature",
      "properties": {
        "@id": "node/3893393985",
        "name": "厚木",
        "name:en": "Atsugi",
        "name:ja": "厚木",
        "name:ja-Hira": "あつぎ",
        "name:ja_rm": "Atsugi",
        "name:ko": "아쓰기",
        "name:ru": "Ацуги",
        "name:zh": "厚木站",
        "operator": "小田急電鉄;JR東日本",
        "public_transport": "station",
        "railway": "station",
        "source": "KSJ2",
        "wikidata": "Q994477",
        "wikipedia": "ja:厚木駅"
      },
      "geometry": {
        "type": "Point",
        "coordinates": [
          139.3784329,
          35.4433977
        ]
      },
      "id": "node/3893393985"
    },
    {
      "type": "Feature",
      "properties": {
        "@id": "node/3893393986",
        "name": "橋本",
        "name:en": "Hashimoto",
        "name:ja": "橋本",
        "name:ja-Hira": "はしもと",
        "name:ja-Latn": "Hashimoto",
        "name:ko": "하시모토",
        "operator": "東日本旅客鉄道",
        "operator:en": "East Japan Railway Company",
        "public_transport": "station",
        "railway": "station",
        "ref": "JH28",
        "source": "KSJ2",
        "toilets:wheelchair": "yes",
        "train": "yes",
        "wheelchair": "yes",
        "wikidata": "Q800895",
        "wikipedia": "ja:橋本駅 (神奈川県)"
      },
      "geometry": {
        "type": "Point",
        "coordinates": [
          139.3449124,
          35.5948686
        ]
      },
      "id": "node/3893393986"
    },
    {
      "type": "Feature",
      "properties": {
        "@id": "node/3995628350",
        "contact:website": "https://www.jreast.co.jp/estation/station/info.aspx?StationCd=899",
        "name": "逗子",
        "name:en": "Zushi",
        "name:ja": "逗子",
        "name:ja-Hira": "ずし",
        "name:ja-Latn": "Zushi",
        "name:ko": "즈시",
        "operator": "東日本旅客鉄道",
        "public_transport": "station",
        "railway": "station",
        "ref": "JO06;JS06",
        "source": "KSJ2",
        "source_ref": "http://nlftp.mlit.go.jp/ksj/jpgis/datalist/KsjTmplt-N02-v1_1.html",
        "wikidata": "Q844325",
        "wikipedia": "ja:逗子駅"
      },
      "geometry": {
        "type": "Point",
        "coordinates": [
          139.5790837,
          35.2976751
        ]
      },
      "id": "node/3995628350"
    },
    {
      "type": "Feature",
      "properties": {
        "@id": "node/3995909013",
        "name": "山手",
        "name:en": "Yamate",
        "name:ja": "山手",
        "name:ja-Hira": "やまて",
        "name:ja_rm": "Yamate",
        "name:ko": "야마테",
        "note": "National-Land Numerical Information (Railway) 2007, MLIT Japan",
        "operator": "東日本旅客鉄道",
        "public_transport": "station",
        "railway": "station",
        "source": "KSJ2",
        "source_ref": "http://nlftp.mlit.go.jp/ksj/jpgis/datalist/KsjTmplt-N02-v1_1.html",
        "wheelchair": "yes",
        "wikidata": "Q801651",
        "wikipedia": "ja:山手駅"
      },
      "geometry": {
        "type": "Point",
        "coordinates": [
          139.6462837,
          35.4272033
        ]
      },
      "id": "node/3995909013"
    },
    {
      "type": "Feature",
      "properties": {
        "@id": "node/3995909014",
        "name": "新杉田",
        "name:en": "Shin-Sugita",
        "name:ja": "新杉田",
        "name:ja-Hira": "しんすぎた",
        "name:ja_rm": "Shin Sugita",
        "name:ko": "신스기타",
        "network": "根岸線",
        "operator": "東日本旅客鉄道",
        "public_transport": "station",
        "railway": "station",
        "source": "KSJ2",
        "source_ref": "http://nlftp.mlit.go.jp/ksj/jpgis/datalist/KsjTmplt-N02-v1_1.html",
        "wikidata": "Q844465",
        "wikipedia": "ja:新杉田駅"
      },
      "geometry": {
        "type": "Point",
        "coordinates": [
          139.6195735,
          35.386554
        ]
      },
      "id": "node/3995909014"
    },
    {
      "type": "Feature",
      "properties": {
        "@id": "node/3995909015",
        "name": "本郷台",
        "name:en": "Hongodai",
        "name:ja": "本郷台",
        "name:ja-Hira": "ほんごうだい",
        "name:ja_rm": "Hongōdai",
        "name:ko": "혼고다이",
        "operator": "東日本旅客鉄道",
        "public_transport": "station",
        "railway": "station",
        "source": "KSJ2",
        "source_ref": "http://nlftp.mlit.go.jp/ksj/jpgis/datalist/KsjTmplt-N02-v1_1.html",
        "wikidata": "Q844379",
        "wikipedia": "ja:本郷台駅"
      },
      "geometry": {
        "type": "Point",
        "coordinates": [
          139.5503004,
          35.3674374
        ]
      },
      "id": "node/3995909015"
    },
    {
      "type": "Feature",
      "properties": {
        "@id": "node/3995909016",
        "name": "根岸",
        "name:en": "Negishi",
        "name:es": "Negishi",
        "name:ja": "根岸",
        "name:ja-Hira": "ねぎし",
        "name:ja-Latn": "Negishi",
        "name:ko": "네기시",
        "operator": "東日本旅客鉄道",
        "public_transport": "station",
        "railway": "station",
        "source": "KSJ2",
        "source_ref": "http://nlftp.mlit.go.jp/ksj/jpgis/datalist/KsjTmplt-N02-v1_1.html",
        "wikidata": "Q801241",
        "wikipedia": "ja:根岸駅 (神奈川県)"
      },
      "geometry": {
        "type": "Point",
        "coordinates": [
          139.6350502,
          35.4156572
        ]
      },
      "id": "node/3995909016"
    },
    {
      "type": "Feature",
      "properties": {
        "@id": "node/3995909017",
        "name": "横浜",
        "name:de": "Yokohama",
        "name:en": "Yokohama",
        "name:es": "Yokohama",
        "name:it": "Yokohama",
        "name:ja": "横浜",
        "name:ja-Hira": "よこはま",
        "name:ja-Latn": "Yokohama",
        "name:ko": "요코하마",
        "name:ru": "Йокогама",
        "network": "京浜東北線",
        "note": "National-Land Numerical Information (Railway) 2007, MLIT Japan",
        "operator": "東日本旅客鉄道",
        "public_transport": "station",
        "railway": "station",
        "ref": "YHM",
        "source": "KSJ2",
        "source_ref": "http://nlftp.mlit.go.jp/ksj/jpgis/datalist/KsjTmplt-N02-v1_1.html",
        "wheelchair": "yes",
        "wikidata": "Q801658",
        "wikipedia": "ja:横浜駅"
      },
      "geometry": {
        "type": "Point",
        "coordinates": [
          139.622266,
          35.465807
        ]
      },
      "id": "node/3995909017"
    },
    {
      "type": "Feature",
      "properties": {
        "@id": "node/3995909018",
        "name": "洋光台",
        "name:en": "Yokodai",
        "name:ja": "洋光台",
        "name:ja-Hira": "ようこうだい",
        "name:ja_rm": "Yōkōdai",
        "name:ko": "요코다이",
        "operator": "東日本旅客鉄道",
        "public_transport": "station",
        "railway": "station",
        "source": "KSJ2",
        "source_ref": "http://nlftp.mlit.go.jp/ksj/jpgis/datalist/KsjTmplt-N02-v1_1.html",
        "wikidata": "Q844428",
        "wikipedia": "ja:洋光台駅"
      },
      "geometry": {
        "type": "Point",
        "coordinates": [
          139.5964654,
          35.3786975
        ]
      },
      "id": "node/3995909018"
    },
    {
      "type": "Feature",
      "properties": {
        "@id": "node/3995909019",
        "air_conditioning": "no",
        "internet_access": "no",
        "name": "港南台",
        "name:en": "Konandai",
        "name:ja": "港南台",
        "name:ja-Hira": "こうなんだい",
        "name:ja_rm": "Kōnandai",
        "name:ko": "고난다이",
        "operator": "東日本旅客鉄道",
        "public_transport": "station",
        "railway": "station",
        "source": "KSJ2",
        "source_ref": "http://nlftp.mlit.go.jp/ksj/jpgis/datalist/KsjTmplt-N02-v1_1.html",
        "start_date": "1973-10-3",
        "wheelchair": "yes",
        "wikidata": "Q844457",
        "wikipedia": "ja:港南台駅"
      },
      "geometry": {
        "type": "Point",
        "coordinates": [
          139.5766957,
          35.3752947
        ]
      },
      "id": "node/3995909019"
    },
    {
      "type": "Feature",
      "properties": {
        "@id": "node/3995909020",
        "name": "磯子",
        "name:en": "Isogo",
        "name:ja": "磯子",
        "name:ja-Hira": "いそご",
        "name:ja_rm": "Isogo",
        "name:ko": "이소고",
        "operator": "東日本旅客鉄道",
        "public_transport": "station",
        "railway": "station",
        "source": "KSJ2",
        "source_ref": "http://nlftp.mlit.go.jp/ksj/jpgis/datalist/KsjTmplt-N02-v1_1.html",
        "wikidata": "Q79378",
        "wikipedia": "ja:磯子駅"
      },
      "geometry": {
        "type": "Point",
        "coordinates": [
          139.6181583,
          35.4001372
        ]
      },
      "id": "node/3995909020"
    },
    {
      "type": "Feature",
      "properties": {
        "@id": "node/4011607028",
        "name": "藤沢",
        "name:de": "Fujisawa",
        "name:en": "Fujisawa",
        "name:ja": "藤沢",
        "name:ja-Hira": "ふじさわ",
        "name:ja-Latn": "Fujisawa",
        "name:ko": "후지사와",
        "name:ru": "Фудзисава",
        "network": "東海道本線",
        "operator": "東日本旅客鉄道",
        "operator:ja": "東日本旅客鉃道",
        "public_transport": "station",
        "railway": "station",
        "wheelchair": "yes",
        "wikidata": "Q1133110",
        "wikipedia": "ja:藤沢駅"
      },
      "geometry": {
        "type": "Point",
        "coordinates": [
          139.4872148,
          35.338819
        ]
      },
      "id": "node/4011607028"
    },
    {
      "type": "Feature",
      "properties": {
        "@id": "node/4011607029",
        "name": "早川",
        "name:de": "Hayakawa",
        "name:en": "Hayakawa",
        "name:ja": "早川",
        "name:ko": "하야카와",
        "name:ru": "Хаякава",
        "name:zh": "早川",
        "public_transport": "station",
        "railway": "station",
        "ref": "JT17",
        "wikidata": "Q865781",
        "wikipedia": "ja:早川駅"
      },
      "geometry": {
        "type": "Point",
        "coordinates": [
          139.1451992,
          35.2391784
        ]
      },
      "id": "node/4011607029"
    },
    {
      "type": "Feature",
      "properties": {
        "@id": "node/4011607030",
        "name": "平塚",
        "name:de": "Hiratsuka",
        "name:en": "Hiratsuka",
        "name:fr": "Hiratsuka",
        "name:ja": "平塚",
        "name:ja-Hira": "ひらつか",
        "name:ko": "히라쓰카",
        "name:ru": "Хирацука",
        "operator": "東日本旅客鉄道",
        "operator:ja": "東日本旅客鉃道",
        "public_transport": "station",
        "railway": "station",
        "wikidata": "Q372513",
        "wikipedia": "ja:平塚駅"
      },
      "geometry": {
        "type": "Point",
        "coordinates": [
          139.3492322,
          35.3274105
        ]
      },
      "id": "node/4011607030"
    },
    {
      "type": "Feature",
      "properties": {
        "@id": "node/4011607034",
        "name": "根府川",
        "name:de": "Nebukawa",
        "name:en": "Nebukawa",
        "name:ja": "根府川",
        "name:ko": "네부카와",
        "name:ru": "Небукава",
        "name:zh": "根府川",
        "public_transport": "station",
        "railway": "station",
        "ref": "JT18",
        "wikidata": "Q865785",
        "wikipedia": "ja:根府川駅"
      },
      "geometry": {
        "type": "Point",
        "coordinates": [
          139.1387321,
          35.2026663
        ]
      },
      "id": "node/4011607034"
    },
    {
      "type": "Feature",
      "properties": {
        "@id": "node/4011607035",
        "name": "二宮",
        "name:de": "Ninomiya",
        "name:en": "Ninomiya",
        "name:fr": "Ninomiya",
        "name:ja": "二宮",
        "name:ko": "니노미야",
        "name:ru": "Ниномия",
        "public_transport": "station",
        "railway": "station",
        "wikidata": "Q511262",
        "wikipedia": "ja:二宮駅"
      },
      "geometry": {
        "type": "Point",
        "coordinates": [
          139.2575905,
          35.2987535
        ]
      },
      "id": "node/4011607035"
    },
    {
      "type": "Feature",
      "properties": {
        "@id": "node/4011607036",
        "ele": "14",
        "name": "小田原",
        "name:de": "Odawara",
        "name:en": "Odawara",
        "name:fr": "Odawara",
        "name:it": "Odawara",
        "name:ja": "小田原",
        "name:ja-Hira": "おだわら",
        "name:ja-Latn": "Odawara",
        "name:ko": "오다와라",
        "name:ru": "Одавара",
        "name:uk": "Одавара",
        "network": "小田急小田原線",
        "operator": "小田急電鉄",
        "public_transport": "station",
        "railway": "station",
        "ref": "OH47",
        "wheelchair": "yes",
        "wikidata": "Q801290",
        "wikipedia": "ja:小田原駅"
      },
      "geometry": {
        "type": "Point",
        "coordinates": [
          139.1552509,
          35.2561819
        ]
      },
      "id": "node/4011607036"
    },
    {
      "type": "Feature",
      "properties": {
        "@id": "node/4011607037",
        "name": "辻堂",
        "name:de": "Tsujidō",
        "name:en": "Tsujidō",
        "name:fr": "Tsujidō",
        "name:ja": "辻堂",
        "name:ko": "쓰지도",
        "name:ru": "Цудзидо",
        "public_transport": "station",
        "railway": "station",
        "ref": "JT-09",
        "wikidata": "Q1049779",
        "wikipedia": "ja:辻堂駅"
      },
      "geometry": {
        "type": "Point",
        "coordinates": [
          139.447065,
          35.3368525
        ]
      },
      "id": "node/4011607037"
    },
    {
      "type": "Feature",
      "properties": {
        "@id": "node/4011607038",
        "name": "湯河原",
        "name:de": "Yugawara",
        "name:en": "Yugawara",
        "name:ja": "湯河原",
        "name:ko": "유가와라",
        "name:ru": "Югавара",
        "public_transport": "station",
        "railway": "station",
        "ref": "JT20",
        "wikidata": "Q841936",
        "wikipedia": "ja:湯河原駅"
      },
      "geometry": {
        "type": "Point",
        "coordinates": [
          139.1021928,
          35.1462344
        ]
      },
      "id": "node/4011607038"
    },
    {
      "type": "Feature",
      "properties": {
        "@id": "node/4011607039",
        "name": "大磯",
        "name:de": "Ōiso",
        "name:en": "Ōiso",
        "name:fr": "Ōiso",
        "name:ja": "大磯",
        "name:ko": "오이소",
        "name:ru": "Оисо",
        "operator": "東日本旅客鉄道",
        "operator:ja": "東日本旅客鉃道",
        "public_transport": "station",
        "railway": "station",
        "wikidata": "Q865175",
        "wikipedia": "ja:大磯駅"
      },
      "geometry": {
        "type": "Point",
        "coordinates": [
          139.3133818,
          35.3113033
        ]
      },
      "id": "node/4011607039"
    },
    {
      "type": "Feature",
      "properties": {
        "@id": "node/4011643455",
        "name": "戸塚",
        "name:de": "Totsuka",
        "name:en": "Totsuka",
        "name:fr": "Totsuka",
        "name:ja": "戸塚",
        "name:ja-Hira": "とつか",
        "name:ja-Latn": "Totsuka",
        "name:ko": "도쓰카",
        "name:ru": "Тоцука",
        "network": "東海道本線",
        "operator": "東日本旅客鉄道",
        "public_transport": "station",
        "railway": "station",
        "ref": "TTK",
        "wikidata": "Q801522",
        "wikipedia": "ja:戸塚駅"
      },
      "geometry": {
        "type": "Point",
        "coordinates": [
          139.534273,
          35.4005763
        ]
      },
      "id": "node/4011643455"
    },
    {
      "type": "Feature",
      "properties": {
        "@id": "node/4018469544",
        "KSJ2:LIN": "本線",
        "gauge": "1435",
        "name": "浦賀",
        "name:en": "Uraga",
        "name:ja": "浦賀",
        "name:ja-Hira": "うらが",
        "name:ja_rm": "Uraga",
        "name:ko": "우라가",
        "note": "National-Land Numerical Information (Railway) 2007, MLIT Japan",
        "note:ja": "国土数値情報（鉄道データ）平成19年 国土交通省",
        "operator": "京浜急行電鉄 (Keikyu Corporation)",
        "operator:en": "Keikyu Corporation",
        "operator:ja": "京浜急行電鉄",
        "public_transport": "station",
        "railway": "station",
        "ref": "KK64",
        "source": "Bing",
        "source_ref": "http://nlftp.mlit.go.jp/ksj/jpgis/datalist/KsjTmplt-N02-v1_1.html",
        "wikidata": "Q268790",
        "wikipedia": "ja:浦賀駅"
      },
      "geometry": {
        "type": "Point",
        "coordinates": [
          139.7150623,
          35.2515189
        ]
      },
      "id": "node/4018469544"
    },
    {
      "type": "Feature",
      "properties": {
        "@id": "node/4068349997",
        "highway": "motorway_junction",
        "name": "大磯IC・大磯PA（上り）",
        "name:en": "Oiso",
        "ref": "5",
        "short_name": "大磯IC",
        "source": "survey"
      },
      "geometry": {
        "type": "Point",
        "coordinates": [
          139.2646381,
          35.3151151
        ]
      },
      "id": "node/4068349997"
    },
    {
      "type": "Feature",
      "properties": {
        "@id": "node/4079568704",
        "contact:website": "https://www.jreast.co.jp/estation/station/info.aspx?StationCd=1736",
        "destination": "八丁畷・尻手",
        "name": "小田栄",
        "name:en": "Odasakae",
        "name:ja": "小田栄",
        "name:ja-Hira": "おださかえ",
        "name:ja-Latn": "Odasakae",
        "name:ja_rm": "Odasakae",
        "name:ko": "오다사카에",
        "operator": "東日本旅客鉄道",
        "operator:en": "East Japan Railway Company",
        "operator:ja": "東日本旅客鉄道",
        "operator:wikidata": "Q499071",
        "public_transport": "station",
        "railway": "station",
        "ref": "JN53",
        "wikidata": "Q21020014",
        "wikipedia": "ja:小田栄駅"
      },
      "geometry": {
        "type": "Point",
        "coordinates": [
          139.705298,
          35.5142066
        ]
      },
      "id": "node/4079568704"
    },
    {
      "type": "Feature",
      "properties": {
        "@id": "node/4330474740",
        "highway": "motorway_junction",
        "name": "平塚IC",
        "name:en": "Hiratsuka",
        "ref": "6"
      },
      "geometry": {
        "type": "Point",
        "coordinates": [
          139.3049779,
          35.3616329
        ]
      },
      "id": "node/4330474740"
    },
    {
      "type": "Feature",
      "properties": {
        "@id": "node/4423997227",
        "highway": "motorway_junction",
        "name": "相模原ＩＣ",
        "name:en": "sagamihara IC",
        "name:ja": "相模原IC",
        "name:ja-Hira": "さがみはらいんたーちぇんじ",
        "name:ja_rm": "sagamihara IC",
        "official_name:en": "National Highway Route 468",
        "ref": "34",
        "source:name": "wikipedia",
        "source:ref": "wikipedia",
        "wikipedia": "ja:相模原インターチェンジ"
      },
      "geometry": {
        "type": "Point",
        "coordinates": [
          139.2905043,
          35.585509
        ]
      },
      "id": "node/4423997227"
    },
    {
      "type": "Feature",
      "properties": {
        "@id": "node/4640784411",
        "branch": "桂台店",
        "brand": "イトーヨーカドー",
        "brand:en": "Ito-Yokado",
        "brand:ja": "イトーヨーカドー",
        "brand:wikidata": "Q3088746",
        "name": "イトーヨーカドー",
        "name:en": "Ito-Yokado",
        "name:ja": "イトーヨーカドー",
        "opening_hours": "Mo-Su 10:00-20:00; Sa-Su 09:00-20:00; PH 09:00-20:00; 08 09:00-20:00; 18  09:00-20:00; 28 09:00-20:00; 15 09:00-20:00; 25 09:00-20:00",
        "shop": "supermarket",
        "website": "http://blog.itoyokado.co.jp/shop/087/index.html"
      },
      "geometry": {
        "type": "Point",
        "coordinates": [
          139.5664354,
          35.3530978
        ]
      },
      "id": "node/4640784411"
    },
    {
      "type": "Feature",
      "properties": {
        "@id": "node/4714311690",
        "addr:block_number": "6214",
        "addr:city": "横浜市",
        "addr:housenumber": "1",
        "addr:postcode": "245-0016",
        "addr:province": "神奈川県",
        "addr:quarter": "和泉町",
        "addr:suburb": "泉区",
        "branch": "横浜いずみ野店",
        "brand": "カインズホーム",
        "brand:en": "Cainz Home",
        "brand:ja": "カインズホーム",
        "brand:wikidata": "Q11293852",
        "brand:wikipedia": "ja:カインズ",
        "name": "カインズホーム",
        "name:en": "Cainz Home",
        "name:ja": "カインズホーム",
        "shop": "doityourself",
        "website": "https://map.cainz.com/map/832"
      },
      "geometry": {
        "type": "Point",
        "coordinates": [
          139.4952691,
          35.4306936
        ]
      },
      "id": "node/4714311690"
    },
    {
      "type": "Feature",
      "properties": {
        "@id": "node/4717767187",
        "highway": "motorway_junction",
        "name": "荻窪IC",
        "ref": "2"
      },
      "geometry": {
        "type": "Point",
        "coordinates": [
          139.1365865,
          35.2586184
        ]
      },
      "id": "node/4717767187"
    },
    {
      "type": "Feature",
      "properties": {
        "@id": "node/4717771465",
        "branch": "ららぽーと横浜店",
        "brand": "イトーヨーカドー",
        "brand:en": "Ito-Yokado",
        "brand:ja": "イトーヨーカドー",
        "brand:wikidata": "Q3088746",
        "brand:wikipedia": "en:Ito-Yokado",
        "name": "イトーヨーカドー",
        "name:en": "Ito-Yokado",
        "name:ja": "イトーヨーカドー",
        "phone": "045-931-9911",
        "shop": "supermarket"
      },
      "geometry": {
        "type": "Point",
        "coordinates": [
          139.5672274,
          35.5181227
        ]
      },
      "id": "node/4717771465"
    },
    {
      "type": "Feature",
      "properties": {
        "@id": "node/4900640367",
        "contact:website": "https://www.jreast.co.jp/estation/station/info.aspx?StationCd=615",
        "name": "久地",
        "name:en": "Kuji",
        "name:ja": "久地",
        "name:ja-Hira": "くじ",
        "name:ja-Latn": "Kuji",
        "name:ko": "구지",
        "operator": "東日本旅客鉄道",
        "operator:en": "East Japan Railway Company",
        "operator:ja": "東日本旅客鉄道",
        "operator:wikidata": "Q499071",
        "public_transport": "station",
        "railway": "station",
        "ref": "JN12",
        "train": "yes",
        "wheelchair": "yes",
        "wikidata": "Q5366826",
        "wikipedia": "ja:久地駅"
      },
      "geometry": {
        "type": "Point",
        "coordinates": [
          139.5925023,
          35.610598
        ]
      },
      "id": "node/4900640367"
    },
    {
      "type": "Feature",
      "properties": {
        "@id": "node/4920131710",
        "name": "小島新田",
        "name:en": "Kojimashinden",
        "name:ja": "小島新田",
        "name:ja-Hira": "こじましんでん",
        "name:ja_rm": "Kojima shinden",
        "name:ko": "고지마신덴",
        "operator": "京浜急行電鉄",
        "operator:en": "Keikyu Corporation",
        "operator:ja": "京浜急行電鉄",
        "public_transport": "station",
        "railway": "station",
        "ref": "KK26",
        "source": "Bing",
        "wikidata": "Q6426486",
        "wikipedia": "ja:小島新田駅"
      },
      "geometry": {
        "type": "Point",
        "coordinates": [
          139.7479108,
          35.5347674
        ]
      },
      "id": "node/4920131710"
    },
    {
      "type": "Feature",
      "properties": {
        "@id": "node/5039370142",
        "highway": "motorway_junction",
        "name": "箱根口IC"
      },
      "geometry": {
        "type": "Point",
        "coordinates": [
          139.1254512,
          35.2425203
        ]
      },
      "id": "node/5039370142"
    },
    {
      "type": "Feature",
      "properties": {
        "@id": "node/5039370156",
        "highway": "motorway_junction",
        "name": "箱根口IC"
      },
      "geometry": {
        "type": "Point",
        "coordinates": [
          139.1254494,
          35.2423717
        ]
      },
      "id": "node/5039370156"
    },
    {
      "type": "Feature",
      "properties": {
        "@id": "node/5227138561",
        "alt_name": "モザイクモール港北前",
        "name": "センター北",
        "name:en": "Center Kita",
        "name:ja": "センター北",
        "name:ja-Hira": "せんたーきた",
        "name:ja_rm": "Sentā kita",
        "name:ko": "센터기타",
        "network": "横浜市営地下鉄",
        "operator": "横浜市交通局",
        "public_transport": "station",
        "railway": "station",
        "ref": "G05",
        "station": "subway",
        "subway": "yes",
        "wheelchair": "yes",
        "wikidata": "Q847363",
        "wikipedia": "ja:センター北駅"
      },
      "geometry": {
        "type": "Point",
        "coordinates": [
          139.578635,
          35.5533142
        ]
      },
      "id": "node/5227138561"
    },
    {
      "type": "Feature",
      "properties": {
        "@id": "node/5227138562",
        "name": "センター南",
        "name:en": "Center Minami",
        "name:es": "Center Minami",
        "name:ja": "センター南",
        "name:ja-Hira": "せんたーみなみ",
        "name:ja_rm": "Sentā minami",
        "name:ko": "센터미나미",
        "network": "横浜市営地下鉄",
        "note": "National-Land Numerical Information (Railway) 2007, MLIT Japan",
        "operator": "横浜市交通局",
        "public_transport": "station",
        "railway": "station",
        "ref": "G04",
        "source": "KSJ2",
        "station": "subway",
        "subway": "yes",
        "wheelchair": "yes",
        "wikidata": "Q844629",
        "wikipedia": "ja:センター南駅"
      },
      "geometry": {
        "type": "Point",
        "coordinates": [
          139.5746375,
          35.5452895
        ]
      },
      "id": "node/5227138562"
    },
    {
      "type": "Feature",
      "properties": {
        "@id": "node/5265015736",
        "highway": "motorway_junction",
        "name": "箱根口IC"
      },
      "geometry": {
        "type": "Point",
        "coordinates": [
          139.1231806,
          35.2404236
        ]
      },
      "id": "node/5265015736"
    },
    {
      "type": "Feature",
      "properties": {
        "@id": "node/5372134478",
        "highway": "motorway_junction",
        "name": "厚木南IC",
        "ref": "2"
      },
      "geometry": {
        "type": "Point",
        "coordinates": [
          139.3613745,
          35.4062974
        ]
      },
      "id": "node/5372134478"
    },
    {
      "type": "Feature",
      "properties": {
        "@id": "node/5375621968",
        "highway": "motorway_junction",
        "name": "厚木南IC",
        "ref": "2"
      },
      "geometry": {
        "type": "Point",
        "coordinates": [
          139.3511093,
          35.4062512
        ]
      },
      "id": "node/5375621968"
    },
    {
      "type": "Feature",
      "properties": {
        "@id": "node/5454949004",
        "name": "港南中央",
        "name:en": "Konan-chuo",
        "name:es": "Konan-chuo",
        "name:ja-Hira": "こうなんちゅうおう",
        "name:ko": "고난추오",
        "public_transport": "station",
        "railway": "station",
        "station": "subway",
        "subway": "yes",
        "wikidata": "Q573434"
      },
      "geometry": {
        "type": "Point",
        "coordinates": [
          139.5911667,
          35.4011996
        ]
      },
      "id": "node/5454949004"
    },
    {
      "type": "Feature",
      "properties": {
        "@id": "node/5554659328",
        "highway": "motorway_junction",
        "name": "寒川北IC",
        "name:en": "Samukawa-kita IC",
        "name:ja": "寒川北インターチェンジ",
        "name:ja-Hira": "さむかわきたいんたーちぇんじ",
        "name:ja-Latn": "Samukawa-kita IC",
        "official_name:en": "National Highway Route 468",
        "wikipedia": "ja:寒川北インターチェンジ"
      },
      "geometry": {
        "type": "Point",
        "coordinates": [
          139.3778955,
          35.3819943
        ]
      },
      "id": "node/5554659328"
    },
    {
      "type": "Feature",
      "properties": {
        "@id": "node/5591788441",
        "name": "上大岡",
        "name:en": "Kamiooka",
        "name:ja": "上大岡",
        "name:ja-Hira": "かみおおおか",
        "name:ja_rm": "Kamiōoka",
        "name:ko": "가미오오카",
        "network": "横浜市営地下鉄",
        "operator": "横浜市交通局",
        "public_transport": "station",
        "railway": "station",
        "ref": "B11",
        "source": "KSJ2",
        "source_ref": "http://nlftp.mlit.go.jp/ksj/jpgis/datalist/KsjTmplt-N02-v1_1.html",
        "station": "subway",
        "subway": "yes",
        "wikidata": "Q865627",
        "wikipedia": "ja:上大岡駅"
      },
      "geometry": {
        "type": "Point",
        "coordinates": [
          139.5959771,
          35.4090326
        ]
      },
      "id": "node/5591788441"
    },
    {
      "type": "Feature",
      "properties": {
        "@id": "node/5591788444",
        "KSJ2:LIN": "1号線",
        "KSJ2:STN": "踊場",
        "name": "踊場",
        "name:en": "Odoriba",
        "name:ja": "踊場",
        "name:ja-Hira": "おどりば",
        "name:ja_rm": "Odoriba",
        "name:ko": "오도리바",
        "note": "National-Land Numerical Information (Railway) 2007, MLIT Japan",
        "note:ja": "国土数値情報（鉄道データ）平成19年　国土交通省",
        "operator": "横浜市交通局",
        "public_transport": "station",
        "railway": "station",
        "ref": "B05",
        "source": "KSJ2",
        "source_ref": "http://nlftp.mlit.go.jp/ksj/jpgis/datalist/KsjTmplt-N02-v1_1.html",
        "station": "subway",
        "subway": "yes",
        "wikidata": "Q852877",
        "wikipedia": "ja:踊場駅"
      },
      "geometry": {
        "type": "Point",
        "coordinates": [
          139.5185313,
          35.4056591
        ]
      },
      "id": "node/5591788444"
    },
    {
      "type": "Feature",
      "properties": {
        "@id": "node/5591788445",
        "name": "舞岡",
        "name:en": "Maioka",
        "name:es": "Maioka",
        "name:ja": "舞岡",
        "name:ja-Hira": "まいおか",
        "name:ko": "마이오카",
        "operator": "横浜市交通局",
        "public_transport": "station",
        "railway": "station",
        "source": "KSJ2",
        "source_ref": "http://nlftp.mlit.go.jp/ksj/jpgis/datalist/KsjTmplt-N02-v1_1.html",
        "station": "subway",
        "subway": "yes",
        "website": "https://navi.hamabus.city.yokohama.lg.jp/koutuu/pc/detail/Station?id=00007982",
        "wikidata": "Q904116",
        "wikipedia": "ja:舞岡駅"
      },
      "geometry": {
        "type": "Point",
        "coordinates": [
          139.5509416,
          35.4024586
        ]
      },
      "id": "node/5591788445"
    },
    {
      "type": "Feature",
      "properties": {
        "@id": "node/5591788446",
        "name": "下永谷",
        "name:en": "Shimonagaya",
        "name:es": "Shimonagaya",
        "name:ja": "下永谷",
        "name:ja-Hira": "しもながや",
        "name:ko": "시모나가야",
        "operator": "横浜市交通局",
        "public_transport": "station",
        "railway": "station",
        "source": "KSJ2",
        "source_ref": "http://nlftp.mlit.go.jp/ksj/jpgis/datalist/KsjTmplt-N02-v1_1.html",
        "station": "subway",
        "subway": "yes",
        "wikidata": "Q579066",
        "wikipedia": "ja:下永谷駅"
      },
      "geometry": {
        "type": "Point",
        "coordinates": [
          139.5594212,
          35.4025885
        ]
      },
      "id": "node/5591788446"
    },
    {
      "type": "Feature",
      "properties": {
        "@id": "node/5663638562",
        "highway": "motorway_junction",
        "name": "伊勢原大山IC",
        "ref": "3"
      },
      "geometry": {
        "type": "Point",
        "coordinates": [
          139.2817098,
          35.415266
        ]
      },
      "id": "node/5663638562"
    },
    {
      "type": "Feature",
      "properties": {
        "@id": "node/5663638566",
        "highway": "motorway_junction",
        "name": "伊勢原大山IC",
        "ref": "3"
      },
      "geometry": {
        "type": "Point",
        "coordinates": [
          139.2911554,
          35.4162828
        ]
      },
      "id": "node/5663638566"
    },
    {
      "type": "Feature",
      "properties": {
        "@id": "node/5901902868",
        "name": "冒険の丘",
        "public_transport": "station",
        "railway": "station"
      },
      "geometry": {
        "type": "Point",
        "coordinates": [
          139.1247097,
          35.2596504
        ]
      },
      "id": "node/5901902868"
    },
    {
      "type": "Feature",
      "properties": {
        "@id": "node/5901902869",
        "name": "エントランス広場",
        "railway": "station"
      },
      "geometry": {
        "type": "Point",
        "coordinates": [
          139.1280266,
          35.259505
        ]
      },
      "id": "node/5901902869"
    },
    {
      "type": "Feature",
      "properties": {
        "@id": "node/6002078831",
        "name": "藤野",
        "name:en": "Fujino",
        "name:ja": "藤野",
        "name:ja-Hira": "ふじの",
        "name:ja-Latn": "Fujino",
        "name:ko": "후지노",
        "operator": "東日本旅客鉄道",
        "platforms": "2",
        "public_transport": "station",
        "railway": "station",
        "ref": "JC26",
        "train": "yes",
        "wikidata": "Q5507458",
        "wikipedia": "ja:藤野駅"
      },
      "geometry": {
        "type": "Point",
        "coordinates": [
          139.1524443,
          35.6158851
        ]
      },
      "id": "node/6002078831"
    },
    {
      "type": "Feature",
      "properties": {
        "@id": "node/6002437670",
        "name": "相模湖",
        "name:en": "Sagamiko",
        "name:ja": "相模湖",
        "name:ja-Hira": "さがみこ",
        "name:ko": "사가미코",
        "operator": "東日本旅客鉄道",
        "platforms": "2",
        "public_transport": "station",
        "railway": "station",
        "ref": "JC25",
        "train": "yes",
        "wikidata": "Q7398971",
        "wikipedia": "ja:相模湖駅"
      },
      "geometry": {
        "type": "Point",
        "coordinates": [
          139.1884919,
          35.6173978
        ]
      },
      "id": "node/6002437670"
    },
    {
      "type": "Feature",
      "properties": {
        "@id": "node/6042920728",
        "highway": "motorway_junction",
        "name": "厚木西IC",
        "name:en": "Atsugi-nishi",
        "ref": "8"
      },
      "geometry": {
        "type": "Point",
        "coordinates": [
          139.3490083,
          35.4144298
        ]
      },
      "id": "node/6042920728"
    },
    {
      "type": "Feature",
      "properties": {
        "@id": "node/6054866431",
        "light_rail": "yes",
        "name": "鳥浜",
        "name:en": "Torihama",
        "name:es": "Torihama",
        "name:ja": "鳥浜",
        "name:ja-Hira": "とりはま",
        "name:ja_rm": "Torihama",
        "name:ko": "도리하마",
        "public_transport": "station",
        "railway": "station",
        "ref": "3",
        "source": "KSJ2",
        "source_ref": "http://nlftp.mlit.go.jp/ksj/jpgis/datalist/KsjTmplt-N02-v1_1.html",
        "station": "light_rail",
        "toilets:wheelchair": "yes",
        "wheelchair": "yes",
        "wikidata": "Q7825788",
        "wikipedia": "ja:鳥浜駅"
      },
      "geometry": {
        "type": "Point",
        "coordinates": [
          139.6417394,
          35.3770641
        ]
      },
      "id": "node/6054866431"
    },
    {
      "type": "Feature",
      "properties": {
        "@id": "node/6054869524",
        "light_rail": "yes",
        "name": "南部市場",
        "name:en": "Nambu-Shijo",
        "name:es": "Nambu-Shijo",
        "name:ja": "南部市場",
        "name:ja-Hira": "なんぶしじょう",
        "name:ja_rm": "Nambu shijō",
        "name:ko": "난부시조",
        "public_transport": "station",
        "railway": "station",
        "ref": "2",
        "station": "light_rail",
        "wikidata": "Q11408539",
        "wikipedia": "ja:南部市場駅"
      },
      "geometry": {
        "type": "Point",
        "coordinates": [
          139.6332331,
          35.3801794
        ]
      },
      "id": "node/6054869524"
    },
    {
      "type": "Feature",
      "properties": {
        "@id": "node/6057309189",
        "name": "相武台前",
        "name:en": "Soubudai-Mae",
        "name:ja": "相武台前",
        "name:ja-Hira": "そうぶだいまえ",
        "name:ja_rm": "Sōbudai Mae",
        "name:ko": "소부다이마에",
        "name:ru": "Собудай-маэ",
        "operator": "小田急電鉄",
        "public_transport": "station",
        "railway": "station",
        "ref": "OH30",
        "source": "Bing",
        "wikipedia": "ja:相武台前駅"
      },
      "geometry": {
        "type": "Point",
        "coordinates": [
          139.4084707,
          35.4991453
        ]
      },
      "id": "node/6057309189"
    },
    {
      "type": "Feature",
      "properties": {
        "@id": "node/6131416650",
        "name": "日吉",
        "name:en": "Hiyoshi",
        "name:es": "Hiyoshi",
        "name:ja": "日吉",
        "name:ja-Hira": "ひよし",
        "name:ja_rm": "Hiyoshi",
        "name:ko": "히요시",
        "network": "東急電鉄",
        "network:en": "Tokyu Railways",
        "network:ja": "東急電鉄",
        "network:wikidata": "Q80229029",
        "operator": "東急電鉄",
        "public_transport": "station",
        "railway": "station",
        "ref": "TY13;MG13;SH03",
        "train": "yes",
        "wheelchair": "yes",
        "wikidata": "Q390392",
        "wikipedia": "ja:日吉駅 (神奈川県)"
      },
      "geometry": {
        "type": "Point",
        "coordinates": [
          139.6468752,
          35.5534689
        ]
      },
      "id": "node/6131416650"
    },
    {
      "type": "Feature",
      "properties": {
        "@id": "node/6131491522",
        "name": "海老名",
        "name:en": "Ebina",
        "name:ja": "海老名",
        "name:ja-Hira": "えびな",
        "name:ko": "에비나",
        "name:ru": "Эбина",
        "name:zh": "海老名",
        "network": "小田急小田原線",
        "operator": "小田急電鉄",
        "public_transport": "station",
        "railway": "station",
        "source": "KSJ2",
        "wheelchair": "yes",
        "wikidata": "Q865932",
        "wikipedia": "ja:海老名駅"
      },
      "geometry": {
        "type": "Point",
        "coordinates": [
          139.3909319,
          35.4527491
        ]
      },
      "id": "node/6131491522"
    },
    {
      "type": "Feature",
      "properties": {
        "@id": "node/6140348813",
        "highway": "motorway_junction",
        "name": "石橋IC",
        "ref": "9"
      },
      "geometry": {
        "type": "Point",
        "coordinates": [
          139.1423286,
          35.2284376
        ]
      },
      "id": "node/6140348813"
    },
    {
      "type": "Feature",
      "properties": {
        "@id": "node/6149803344",
        "contact:website": "https://www.shonan-monorail.co.jp/station/detail/mejiroyamashita.html",
        "monorail": "yes",
        "name": "目白山下",
        "name:en": "Mejiroyamashita",
        "name:ja": "目白山下",
        "name:ja-Hira": "めじろやました",
        "name:ja-Latn": "Mejiroyamashita",
        "name:ko": "메지로야마시타",
        "operator": "湘南モノレール",
        "public_transport": "station",
        "railway": "station",
        "ref": "SMR7",
        "source": "KSJ2",
        "station": "monorail",
        "wikidata": "Q1094934",
        "wikipedia": "ja:目白山下駅"
      },
      "geometry": {
        "type": "Point",
        "coordinates": [
          139.4914141,
          35.3139868
        ]
      },
      "id": "node/6149803344"
    },
    {
      "type": "Feature",
      "properties": {
        "@id": "node/6254516169",
        "name": "武蔵小杉",
        "name:en": "Musashi-kosugi",
        "name:es": "Musashi-Kosugi",
        "name:ja": "武蔵小杉",
        "name:ja-Hira": "むさしこすぎ",
        "name:ja_rm": "Musashi Kosugi",
        "name:ko": "무사시코스기",
        "operator": "東京急行電鉄",
        "public_transport": "station",
        "railway": "station",
        "ref": "TY11;MG11",
        "train": "yes",
        "wheelchair": "yes",
        "wikidata": "Q801207",
        "wikipedia": "ja:武蔵小杉駅"
      },
      "geometry": {
        "type": "Point",
        "coordinates": [
          139.6596755,
          35.5757446
        ]
      },
      "id": "node/6254516169"
    },
    {
      "type": "Feature",
      "properties": {
        "@id": "node/6254520499",
        "name": "元住吉",
        "name:en": "Motosumiyoshi",
        "name:ja": "元住吉",
        "name:ja-Hira": "もとすみよし",
        "name:ja_rm": "Motosumiyoshi",
        "name:ko": "모토스미요시",
        "operator": "東京急行電鉄",
        "public_transport": "station",
        "railway": "station",
        "ref": "TY12;MG12",
        "train": "yes",
        "wikidata": "Q7937375",
        "wikipedia": "ja:元住吉駅"
      },
      "geometry": {
        "type": "Point",
        "coordinates": [
          139.6540638,
          35.5644487
        ]
      },
      "id": "node/6254520499"
    },
    {
      "type": "Feature",
      "properties": {
        "@id": "node/6254629280",
        "name": "綱島",
        "name:en": "Tsunashima",
        "name:es": "Tsunashima",
        "name:ja": "綱島",
        "name:ja-Hira": "つなしま",
        "name:ja_rm": "Tsunashima",
        "name:ko": "쓰나시마",
        "operator": "東京急行電鉄",
        "public_transport": "station",
        "railway": "station",
        "ref": "TY14",
        "train": "yes",
        "wheelchair": "yes",
        "wikidata": "Q7937387",
        "wikipedia": "ja:綱島駅"
      },
      "geometry": {
        "type": "Point",
        "coordinates": [
          139.634683,
          35.5367416
        ]
      },
      "id": "node/6254629280"
    },
    {
      "type": "Feature",
      "properties": {
        "@id": "node/6254638463",
        "name": "菊名",
        "name:en": "Kikuna",
        "name:ja": "菊名",
        "name:ja-Hira": "きくな",
        "name:ja_rm": "Kikuna",
        "name:ko": "기쿠나",
        "network": "東急東横線",
        "operator": "東京急行電鉄",
        "public_transport": "station",
        "railway": "station",
        "ref": "TY16",
        "train": "yes",
        "wikidata": "Q801006",
        "wikipedia": "ja:菊名駅"
      },
      "geometry": {
        "type": "Point",
        "coordinates": [
          139.6313313,
          35.5103853
        ]
      },
      "id": "node/6254638463"
    },
    {
      "type": "Feature",
      "properties": {
        "@id": "node/6254641022",
        "name": "白楽",
        "name:en": "Hakuraku",
        "name:ja": "白楽",
        "name:ja-Hira": "はくらく",
        "name:ja_rm": "Hakuraku",
        "name:ko": "하쿠라쿠",
        "operator": "東京急行電鉄",
        "public_transport": "station",
        "railway": "station",
        "ref": "TY18",
        "source": "survey, bing",
        "train": "yes",
        "wikidata": "Q5640648",
        "wikipedia": "ja:白楽駅"
      },
      "geometry": {
        "type": "Point",
        "coordinates": [
          139.6279215,
          35.4896753
        ]
      },
      "id": "node/6254641022"
    },
    {
      "type": "Feature",
      "properties": {
        "@id": "node/6254645691",
        "light_rail": "yes",
        "name": "東白楽",
        "name:en": "Higashi-hakuraku",
        "name:ja": "東白楽",
        "name:ja-Hira": "ひがしはくらく",
        "name:ja_rm": "Higashi Hakuraku",
        "name:ko": "히가시하쿠라쿠",
        "operator": "東京急行電鉄",
        "public_transport": "station",
        "railway": "station",
        "ref": "TY19",
        "station": "light_rail",
        "train": "yes",
        "wikidata": "Q5753538",
        "wikipedia": "ja:東白楽駅"
      },
      "geometry": {
        "type": "Point",
        "coordinates": [
          139.6294747,
          35.4832475
        ]
      },
      "id": "node/6254645691"
    },
    {
      "type": "Feature",
      "properties": {
        "@id": "node/6290166708",
        "name": "宮崎台",
        "name:en": "Miyazakidai",
        "name:ja": "宮崎台",
        "name:ja-Hira": "みやざきだい",
        "name:ja_rm": "Miyazakidai",
        "name:ko": "미야사키다이",
        "name:ru": "Миядзакидай",
        "note": "National-Land Numerical Information (Railway) 2007, MLIT Japan",
        "operator": "東京急行電鉄",
        "public_transport": "station",
        "railway": "station",
        "ref": "DT12",
        "source_ref": "http://nlftp.mlit.go.jp/ksj/jpgis/datalist/KsjTmplt-N02-v1_1.html",
        "train": "yes",
        "wheelchair": "yes",
        "wikidata": "Q6884463",
        "wikipedia": "ja:宮崎台駅"
      },
      "geometry": {
        "type": "Point",
        "coordinates": [
          139.5911245,
          35.5870526
        ]
      },
      "id": "node/6290166708"
    },
    {
      "type": "Feature",
      "properties": {
        "@id": "node/6295532485",
        "addr:block_number": "381",
        "addr:city": "箱根町",
        "addr:county": "足柄下郡",
        "addr:housenumber": "22",
        "addr:place": "箱根",
        "addr:postcode": "250-0521",
        "addr:province": "神奈川県",
        "highway": "services",
        "name": "道の駅 箱根峠"
      },
      "geometry": {
        "type": "Point",
        "coordinates": [
          139.0156483,
          35.1867217
        ]
      },
      "id": "node/6295532485"
    },
    {
      "type": "Feature",
      "properties": {
        "@id": "node/6349845585",
        "addr:housenumber": "本牧原7-1",
        "addr:postcode": "231-0821",
        "name": "イオン本牧店",
        "name:en": "AEON HOMMOKU",
        "opening_hours": "Mo-Su 07:00-22:00",
        "phone": "0456242121",
        "shop": "supermarket",
        "website": "http://www.aeon.com/store/イオン/イオン本牧店/",
        "wikidata": "Q11286273",
        "wikipedia": "ja:イオン本牧店"
      },
      "geometry": {
        "type": "Point",
        "coordinates": [
          139.6670974,
          35.4254653
        ]
      },
      "id": "node/6349845585"
    },
    {
      "type": "Feature",
      "properties": {
        "@id": "node/6361874685",
        "addr:block_number": "6",
        "addr:city": "横浜市",
        "addr:housenumber": "15",
        "addr:province": "神奈川県",
        "addr:quarter": "中央",
        "addr:suburb": "瀬谷区",
        "branch": "瀬谷店",
        "name": "イトーヨーカドー食品館",
        "opening_hours": "Mo-Su 10:00-22:00",
        "phone": "0453033311",
        "shop": "supermarket",
        "website": "https://blog.itoyokado.co.jp/shop/283/index.html"
      },
      "geometry": {
        "type": "Point",
        "coordinates": [
          139.4822592,
          35.4707615
        ]
      },
      "id": "node/6361874685"
    },
    {
      "type": "Feature",
      "properties": {
        "@id": "node/6449745750",
        "contact:website": "https://www.jreast.co.jp/estation/station/info.aspx?StationCd=1575",
        "name": "矢向",
        "name:en": "Yako",
        "name:ja": "矢向",
        "name:ja-Hira": "やこう",
        "name:ja-Latn": "Yakō",
        "name:ko": "야코",
        "operator": "東日本旅客鉄道",
        "operator:en": "East Japan Railway Company",
        "operator:ja": "東日本旅客鉄道",
        "operator:wikidata": "Q499071",
        "public_transport": "station",
        "railway": "station",
        "ref": "JN03",
        "source": "KSJ2",
        "wikidata": "Q5367593",
        "wikipedia": "ja:矢向駅"
      },
      "geometry": {
        "type": "Point",
        "coordinates": [
          139.6805119,
          35.5391816
        ]
      },
      "id": "node/6449745750"
    },
    {
      "type": "Feature",
      "properties": {
        "@id": "node/6449758169",
        "contact:website": "https://www.jreast.co.jp/estation/station/info.aspx?StationCd=432",
        "name": "鹿島田",
        "name:en": "Kashimada",
        "name:ja": "鹿島田",
        "name:ja-Hira": "かしまだ",
        "name:ja-Latn": "Kashimada",
        "name:ko": "가시마다",
        "note": "National-Land Numerical Information (Railway) 2007, MLIT Japan",
        "operator": "東日本旅客鉄道",
        "operator:en": "East Japan Railway Company",
        "operator:ja": "東日本旅客鉄道",
        "operator:wikidata": "Q499071",
        "public_transport": "station",
        "railway": "station",
        "ref": "JN04",
        "source": "KSJ2",
        "source_ref": "http://nlftp.mlit.go.jp/ksj/jpgis/datalist/KsjTmplt-N02-v1_1.html",
        "toilets:wheelchair": "yes",
        "wheelchair": "yes",
        "wikidata": "Q5367917",
        "wikipedia": "ja:鹿島田駅"
      },
      "geometry": {
        "type": "Point",
        "coordinates": [
          139.6750133,
          35.5515471
        ]
      },
      "id": "node/6449758169"
    },
    {
      "type": "Feature",
      "properties": {
        "@id": "node/6449758171",
        "contact:website": "https://www.jreast.co.jp/estation/station/info.aspx?StationCd=1341",
        "name": "平間",
        "name:en": "Hirama",
        "name:ja": "平間",
        "name:ja-Hira": "ひらま",
        "name:ja-Latn": "Hirama",
        "name:ko": "히라마",
        "note": "National-Land Numerical Information (Railway) 2007, MLIT Japan",
        "operator": "東日本旅客鉄道",
        "operator:en": "East Japan Railway Company",
        "operator:ja": "東日本旅客鉄道",
        "operator:wikidata": "Q499071",
        "public_transport": "station",
        "railway": "station",
        "ref": "JN05",
        "source": "KSJ2",
        "source_ref": "http://nlftp.mlit.go.jp/ksj/jpgis/datalist/KsjTmplt-N02-v1_1.html",
        "train": "yes",
        "wikidata": "Q5366557",
        "wikipedia": "ja:平間駅"
      },
      "geometry": {
        "type": "Point",
        "coordinates": [
          139.6709343,
          35.5609755
        ]
      },
      "id": "node/6449758171"
    },
    {
      "type": "Feature",
      "properties": {
        "@id": "node/6449763668",
        "contact:website": "https://www.jreast.co.jp/estation/station/info.aspx?StationCd=1521",
        "name": "向河原",
        "name:en": "Mukaigawara",
        "name:ja": "向河原",
        "name:ja-Hira": "むかいがわら",
        "name:ja-Latn": "Mukaigawara",
        "name:ko": "무카이가와라",
        "network": "南武線",
        "operator": "東日本旅客鉄道",
        "operator:en": "East Japan Railway Company",
        "operator:ja": "東日本旅客鉄道",
        "operator:wikidata": "Q499071",
        "public_transport": "station",
        "railway": "station",
        "ref": "JN06",
        "source": "KSJ2",
        "wheelchair": "yes",
        "wikidata": "Q5366346",
        "wikipedia": "ja:向河原駅"
      },
      "geometry": {
        "type": "Point",
        "coordinates": [
          139.6672188,
          35.5729577
        ]
      },
      "id": "node/6449763668"
    },
    {
      "type": "Feature",
      "properties": {
        "@id": "node/6449776501",
        "contact:website": "https://www.jreast.co.jp/estation/station/info.aspx?StationCD=1527",
        "name": "武蔵小杉",
        "name:en": "Musashi-Kosugi",
        "name:es": "Musashi-Kosugi",
        "name:ja": "武蔵小杉",
        "name:ja-Hira": "むさしこすぎ",
        "name:ja-Latn": "Musashi-Kosugi",
        "name:ko": "무사시코스기",
        "operator": "東日本旅客鉄道",
        "operator:en": "East Japan Railway Company",
        "operator:ja": "東日本旅客鉄道",
        "operator:wikidata": "Q499071",
        "public_transport": "station",
        "railway": "station",
        "ref": "MKG",
        "source": "KSJ2",
        "wikidata": "Q801207",
        "wikipedia": "ja:武蔵小杉駅"
      },
      "geometry": {
        "type": "Point",
        "coordinates": [
          139.6607166,
          35.5766239
        ]
      },
      "id": "node/6449776501"
    },
    {
      "type": "Feature",
      "properties": {
        "@id": "node/6545240354",
        "contact:website": "https://www.shonan-monorail.co.jp/station/detail/fujimicho.html",
        "monorail": "yes",
        "name": "富士見町",
        "name:en": "Fujimicho",
        "name:ja": "富士見町",
        "name:ja-Hira": "ふじみちょう",
        "name:ja-Latn": "Fujimichō",
        "name:ko": "후지미초",
        "operator": "湘南モノレール",
        "public_transport": "station",
        "railway": "station",
        "ref": "SMR2",
        "source": "KSJ2",
        "source_ref": "http://nlftp.mlit.go.jp/ksj/jpgis/datalist/KsjTmplt-N02-v1_1.html",
        "station": "monorail",
        "wikidata": "Q1094940",
        "wikipedia": "ja:富士見町駅 (神奈川県)"
      },
      "geometry": {
        "type": "Point",
        "coordinates": [
          139.5293956,
          35.3455078
        ]
      },
      "id": "node/6545240354"
    },
    {
      "type": "Feature",
      "properties": {
        "@id": "node/6545240356",
        "contact:website": "https://www.shonan-monorail.co.jp/station/detail/ofuna.html",
        "monorail": "yes",
        "name": "大船",
        "name:en": "Ōfuna",
        "name:es": "Ofuna",
        "name:ja": "大船",
        "name:ja-Hira": "おおふな",
        "name:ja-Latn": "Ōfuna",
        "name:ko": "오후나",
        "network": "湘南モノレール江ノ島線",
        "operator": "湘南モノレール",
        "public_transport": "station",
        "railway": "station",
        "ref": "SMR1",
        "station": "monorail"
      },
      "geometry": {
        "type": "Point",
        "coordinates": [
          139.5313801,
          35.3523426
        ]
      },
      "id": "node/6545240356"
    },
    {
      "type": "Feature",
      "properties": {
        "@id": "node/6545284341",
        "KSJ2:LIN": "江の島線",
        "alt_name": "三菱電機前",
        "contact:website": "https://www.shonan-monorail.co.jp/station/detail/shonanmachiya.html",
        "monorail": "yes",
        "name": "湘南町屋",
        "name:en": "Shonan-Machiya",
        "name:es": "Shonan-Machiya",
        "name:ja": "湘南町屋",
        "name:ja-Hira": "しょうなんまちや",
        "name:ja-Latn": "Shōnan Machiya",
        "name:ko": "쇼난마치야",
        "note": "National-Land Numerical Information (Railway) 2007, MLIT Japan",
        "note:ja": "国土数値情報（鉄道データ）平成19年 国土交通省",
        "operator": "湘南モノレール",
        "public_transport": "station",
        "railway": "station",
        "ref": "SMR3",
        "source": "KSJ2",
        "source_ref": "http://nlftp.mlit.go.jp/ksj/jpgis/datalist/KsjTmplt-N02-v1_1.html",
        "wheelchair": "yes",
        "wikidata": "Q1093346",
        "wikipedia": "ja:湘南町屋駅"
      },
      "geometry": {
        "type": "Point",
        "coordinates": [
          139.5226788,
          35.3379091
        ]
      },
      "id": "node/6545284341"
    },
    {
      "type": "Feature",
      "properties": {
        "@id": "node/6565417732",
        "highway": "motorway_junction",
        "name": "綾瀬スマートインター南側",
        "name:en": "Ayase Smart IC-S.",
        "name:ja": "綾瀬スマートインター南側",
        "wikidata": "Q11032590"
      },
      "geometry": {
        "type": "Point",
        "coordinates": [
          139.4214259,
          35.446421
        ]
      },
      "id": "node/6565417732"
    },
    {
      "type": "Feature",
      "properties": {
        "@id": "node/6679881387",
        "name": "羽沢横浜国大",
        "name:de": "Hazawa yokohama-kokudai",
        "name:en": "Hazawa yokohama-kokudai",
        "name:ja": "羽沢横浜国大",
        "name:ja-Hira": "はざわよこはまこくだい",
        "name:ko": "하자와요코하마코쿠다이",
        "name:kr": "하자와요코하마코쿠다이",
        "name:zh": "羽泽横滨国大",
        "operator": "相模鉄道;東日本旅客鉄道",
        "public_transport": "station",
        "railway": "station",
        "ref": "SO51",
        "start_date": "2019-11-30",
        "wikidata": "Q48755701",
        "wikipedia": "ja:羽沢横浜国大駅",
        "wikipedia:en": "Hazawa_Yokohama-Kokudai_Station"
      },
      "geometry": {
        "type": "Point",
        "coordinates": [
          139.5861148,
          35.4812012
        ]
      },
      "id": "node/6679881387"
    },
    {
      "type": "Feature",
      "properties": {
        "@id": "node/6780107531",
        "contact:website": "https://www.jreast.co.jp/estation/station/info.aspx?StationCd=1107",
        "name": "中野島",
        "name:en": "Nakanoshima",
        "name:ja": "中野島",
        "name:ja-Latn": "Nakanoshima",
        "name:ko": "나카노시마",
        "operator": "東日本旅客鉄道",
        "operator:en": "East Japan Railway Company",
        "operator:ja": "東日本旅客鉄道",
        "operator:wikidata": "Q499071",
        "public_transport": "station",
        "railway": "station",
        "ref": "JN15",
        "source": "ground truth",
        "source_ref": "http://nlftp.mlit.go.jp/ksj/jpgis/datalist/KsjTmplt-N02-v1_1.html",
        "wikidata": "Q5366675",
        "wikipedia": "ja:中野島駅"
      },
      "geometry": {
        "type": "Point",
        "coordinates": [
          139.5506829,
          35.6301147
        ]
      },
      "id": "node/6780107531"
    },
    {
      "type": "Feature",
      "properties": {
        "@id": "node/6802293266",
        "name": "市が尾",
        "name:en": "Ichigao",
        "name:ja": "市が尾",
        "name:ja-Hira": "いちがお",
        "name:ja-Latn": "Ichigao",
        "name:ko": "이치가오",
        "name:ru": "Итигао",
        "note": "National-Land Numerical Information (Railway) 2007, MLIT Japan",
        "operator": "東急電鉄",
        "public_transport": "station",
        "railway": "station",
        "ref": "DT18",
        "source": "KSJ2",
        "source_ref": "http://nlftp.mlit.go.jp/ksj/jpgis/datalist/KsjTmplt-N02-v1_1.html",
        "train": "yes",
        "wheelchair": "yes",
        "wikidata": "Q11479967",
        "wikipedia": "ja:市が尾駅"
      },
      "geometry": {
        "type": "Point",
        "coordinates": [
          139.5412811,
          35.5513481
        ]
      },
      "id": "node/6802293266"
    },
    {
      "type": "Feature",
      "properties": {
        "@id": "node/6802306080",
        "name": "たまプラーザ",
        "name:en": "Tama-plaza",
        "name:ja": "たまプラーザ",
        "name:ja-Hira": "たまぷらーざ",
        "name:ja-Latn": "Tamapuraza",
        "name:ko": "다마 광장",
        "name:ru": "Тама-Плаза",
        "name:zh": "多摩廣場",
        "note": "National-Land Numerical Information (Railway) 2007, MLIT Japan",
        "operator": "東急電鉄",
        "public_transport": "station",
        "railway": "station",
        "ref": "DT15",
        "source": "KSJ2",
        "source_ref": "http://nlftp.mlit.go.jp/ksj/jpgis/datalist/KsjTmplt-N02-v1_1.html",
        "train": "yes",
        "wikidata": "Q3299307",
        "wikipedia": "ja:たまプラーザ駅"
      },
      "geometry": {
        "type": "Point",
        "coordinates": [
          139.5588739,
          35.5775269
        ]
      },
      "id": "node/6802306080"
    },
    {
      "type": "Feature",
      "properties": {
        "@id": "node/6802316527",
        "name": "あざみ野",
        "name:en": "Azamino",
        "name:ja": "あざみ野",
        "name:ja-Latn": "あざみの",
        "name:ko": "아자미노",
        "name:ru": "Адзамино",
        "network": "東急田園都市線",
        "note": "National-Land Numerical Information (Railway) 2007, MLIT Japan",
        "operator": "東急電鉄",
        "public_transport": "station",
        "railway": "station",
        "ref": "DT16",
        "source": "KSJ2",
        "source_ref": "http://nlftp.mlit.go.jp/ksj/jpgis/datalist/KsjTmplt-N02-v1_1.html",
        "toilets:wheelchair": "yes",
        "train": "yes",
        "wikidata": "Q852232",
        "wikipedia": "ja:あざみ野駅"
      },
      "geometry": {
        "type": "Point",
        "coordinates": [
          139.5534305,
          35.5686778
        ]
      },
      "id": "node/6802316527"
    },
    {
      "type": "Feature",
      "properties": {
        "@id": "node/6802356976",
        "name": "鷺沼",
        "name:en": "Saginuma",
        "name:ja": "鷺沼",
        "name:ja-Hira": "さぎぬま",
        "name:ja_rm": "Saginuma",
        "name:ko": "사기누마",
        "name:ru": "Сагинума",
        "network": "東急電鉄",
        "network:en": "Tokyu Railways",
        "network:ja": "東急電鉄",
        "network:wikidata": "Q80229029",
        "note": "National-Land Numerical Information (Railway) 2007, MLIT Japan",
        "operator": "東急電鉄",
        "public_transport": "station",
        "railway": "station",
        "source_ref": "http://nlftp.mlit.go.jp/ksj/jpgis/datalist/KsjTmplt-N02-v1_1.html",
        "toilets:wheelchair": "yes",
        "train": "yes",
        "wheelchair": "yes",
        "wheelchair:description": "谷のホームから、エレベーターで改札階へ昇る。ドアは、90cm幅の出入り口１方向、車椅子用操作卓。 多目的トイレ１つが、改札階に。 北改札は、改札を出でてもすぐに車道へのアクセス不可。北改札は、左手から右手への下り坂に面し、腰高の柵が歩道と車道を仕切る。このため、車道に出るには、歩道をしばらく下るか上るかしない。 中央改札は、平坦なまま、タクシー乗り場やバス停留所があるロータリーに出られる。両改札とも、ワイド改札機あり。",
        "wikidata": "Q7399289",
        "wikipedia": "ja:鷺沼駅"
      },
      "geometry": {
        "type": "Point",
        "coordinates": [
          139.572855,
          35.5794438
        ]
      },
      "id": "node/6802356976"
    },
    {
      "type": "Feature",
      "properties": {
        "@id": "node/6802358403",
        "name": "宮前平",
        "name:en": "Miyamaedaira",
        "name:ja": "宮前平",
        "name:ja-Hira": "みやまえだいら",
        "name:ja_rm": "Miyamaedaira",
        "name:ko": "미야마에다이라",
        "name:ru": "Миямиэдайра",
        "note": "National-Land Numerical Information (Railway) 2007, MLIT Japan",
        "operator": "東京急行電鉄",
        "public_transport": "station",
        "railway": "station",
        "ref": "DT13",
        "source_ref": "http://nlftp.mlit.go.jp/ksj/jpgis/datalist/KsjTmplt-N02-v1_1.html",
        "train": "yes",
        "wheelchair": "yes",
        "wikidata": "Q6884310",
        "wikipedia": "ja:宮前平駅"
      },
      "geometry": {
        "type": "Point",
        "coordinates": [
          139.5820388,
          35.5849617
        ]
      },
      "id": "node/6802358403"
    },
    {
      "type": "Feature",
      "properties": {
        "@id": "node/7047979337",
        "name": "石川町",
        "name:en": "Ishikawacho",
        "name:es": "Ishikawacho",
        "name:fr": "Ishikawacho",
        "name:ja": "石川町",
        "name:ja-Hira": "いしかわちょう",
        "name:ja_rm": "Ishikawachō",
        "name:ko": "이시카와초",
        "note": "National-Land Numerical Information (Railway) 2007, MLIT Japan",
        "operator": "東日本旅客鉄道",
        "public_transport": "station",
        "railway": "station",
        "source": "KSJ2",
        "source_ref": "http://nlftp.mlit.go.jp/ksj/jpgis/datalist/KsjTmplt-N02-v1_1.html",
        "wikidata": "Q800960",
        "wikipedia": "ja:石川町駅"
      },
      "geometry": {
        "type": "Point",
        "coordinates": [
          139.6427467,
          35.4392259
        ]
      },
      "id": "node/7047979337"
    },
    {
      "type": "Feature",
      "properties": {
        "@id": "node/7048013177",
        "name": "関内",
        "name:en": "Kannai",
        "name:ja": "関内",
        "name:ja-Hira": "かんない",
        "name:ja_rm": "Kan-nai",
        "name:ko": "간나이",
        "network": "根岸線",
        "note": "National-Land Numerical Information (Railway) 2007, MLIT Japan",
        "operator": "東日本旅客鉄道",
        "public_transport": "station",
        "railway": "station",
        "source": "KSJ2",
        "source_ref": "http://nlftp.mlit.go.jp/ksj/jpgis/datalist/KsjTmplt-N02-v1_1.html",
        "wikidata": "Q800982",
        "wikipedia": "ja:関内駅"
      },
      "geometry": {
        "type": "Point",
        "coordinates": [
          139.6360365,
          35.4440822
        ]
      },
      "id": "node/7048013177"
    },
    {
      "type": "Feature",
      "properties": {
        "@id": "node/7096836747",
        "name": "藤が丘",
        "name:en": "Fujigaoka",
        "name:ja": "藤が丘",
        "name:ja-Hira": "ふじがおか",
        "name:ja_rm": "Fujigaoka",
        "name:ko": "후지가오카",
        "name:ru": "Фудзигаока",
        "note": "National-Land Numerical Information (Railway) 2007, MLIT Japan",
        "operator": "東京急行電鉄",
        "public_transport": "station",
        "railway": "station",
        "ref": "DT19",
        "source": "KSJ2",
        "source_ref": "http://nlftp.mlit.go.jp/ksj/jpgis/datalist/KsjTmplt-N02-v1_1.html",
        "wikidata": "Q5366756",
        "wikipedia": "ja:藤が丘駅 (神奈川県)"
      },
      "geometry": {
        "type": "Point",
        "coordinates": [
          139.527979,
          35.5434977
        ]
      },
      "id": "node/7096836747"
    },
    {
      "type": "Feature",
      "properties": {
        "@id": "node/7096971520",
        "name": "田奈",
        "name:en": "Tana",
        "name:ja": "田奈",
        "name:ja-Hira": "たな",
        "name:ja_rm": "Tana",
        "name:ko": "다나",
        "name:ru": "Тана",
        "operator": "東京急行電鉄",
        "public_transport": "station",
        "railway": "station",
        "ref": "DT21",
        "source": "KSJ2",
        "train": "yes",
        "wikidata": "Q7682183",
        "wikipedia": "ja:田奈駅"
      },
      "geometry": {
        "type": "Point",
        "coordinates": [
          139.5049076,
          35.5362568
        ]
      },
      "id": "node/7096971520"
    },
    {
      "type": "Feature",
      "properties": {
        "@id": "node/7328128663",
        "highway": "motorway_junction",
        "name": "新秦野IC",
        "ref": "4"
      },
      "geometry": {
        "type": "Point",
        "coordinates": [
          139.1534361,
          35.3837123
        ]
      },
      "id": "node/7328128663"
    },
    {
      "type": "Feature",
      "properties": {
        "@id": "node/7328142399",
        "highway": "motorway_junction",
        "name": "新秦野IC",
        "ref": "4"
      },
      "geometry": {
        "type": "Point",
        "coordinates": [
          139.1565009,
          35.3861512
        ]
      },
      "id": "node/7328142399"
    },
    {
      "type": "Feature",
      "properties": {
        "@id": "node/7580612129",
        "name": "橋本",
        "name:en": "Hashimoto",
        "name:ja": "橋本",
        "name:ja-Hira": "はしもと",
        "name:ja_rm": "Hashimoto",
        "name:ko": "하시모토",
        "operator": "京王電鉄",
        "public_transport": "station",
        "railway": "station",
        "ref": "KO45",
        "source": "KSJ2",
        "source_ref": "http://nlftp.mlit.go.jp/ksj/jpgis/datalist/KsjTmplt-N02-v1_1.html",
        "wikidata": "Q800895",
        "wikipedia": "ja:橋本駅 (神奈川県)"
      },
      "geometry": {
        "type": "Point",
        "coordinates": [
          139.3439652,
          35.594997
        ]
      },
      "id": "node/7580612129"
    },
    {
      "type": "Feature",
      "properties": {
        "@id": "node/7597894627",
        "addr:block_number": "6番地",
        "addr:city": "横浜市",
        "addr:housenumber": "1",
        "addr:neighbourhood": "美しが丘一丁目",
        "addr:province": "神奈川県",
        "addr:suburb": "青葉区",
        "brand": "イトーヨーカドー",
        "brand:en": "Ito-Yokado",
        "brand:ja": "イトーヨーカドー",
        "brand:wikidata": "Q3088746",
        "name": "イトーヨーカドー",
        "name:en": "Ito-Yokado",
        "name:ja": "イトーヨーカドー",
        "name:ja-Latn": "Itoh yohka do",
        "opening_hours": "Mo-Su,PH 10:00-22:00",
        "operator": "イトーヨーカ堂",
        "phone": "+81 45 901 9311",
        "shop": "supermarket"
      },
      "geometry": {
        "type": "Point",
        "coordinates": [
          139.5570134,
          35.5781169
        ]
      },
      "id": "node/7597894627"
    },
    {
      "type": "Feature",
      "properties": {
        "@id": "node/7601088838",
        "name": "仲町台",
        "name:en": "Nakamachidai",
        "name:ja": "仲町台",
        "name:ja-Hira": "なかまちだい",
        "name:ja_rm": "Nakamachidai",
        "name:ko": "나카마치다이",
        "network": "横浜市営地下鉄",
        "note": "National-Land Numerical Information (Railway) 2007, MLIT Japan",
        "operator": "横浜市交通局",
        "public_transport": "station",
        "railway": "station",
        "ref": "B28",
        "source": "KSJ2",
        "station": "subway",
        "subway": "yes",
        "wikidata": "Q851025",
        "wikipedia": "ja:仲町台駅"
      },
      "geometry": {
        "type": "Point",
        "coordinates": [
          139.5896008,
          35.5353094
        ]
      },
      "id": "node/7601088838"
    },
    {
      "type": "Feature",
      "properties": {
        "@id": "node/7601120732",
        "KSJ2:LIN": "1号線",
        "KSJ2:STN": "立場",
        "name": "立場",
        "name:en": "Tateba",
        "name:ja": "立場",
        "name:ja-Hira": "たてば",
        "name:ja_rm": "Tateba",
        "name:ko": "다테바",
        "note": "National-Land Numerical Information (Railway) 2007, MLIT Japan",
        "note:ja": "国土数値情報（鉄道データ）平成19年　国土交通省",
        "operator": "横浜市交通局",
        "public_transport": "station",
        "railway": "station",
        "source": "KSJ2",
        "source_ref": "http://nlftp.mlit.go.jp/ksj/jpgis/datalist/KsjTmplt-N02-v1_1.html",
        "station": "subway",
        "subway": "yes",
        "wikidata": "Q573441",
        "wikipedia": "ja:立場駅"
      },
      "geometry": {
        "type": "Point",
        "coordinates": [
          139.5001991,
          35.4142695
        ]
      },
      "id": "node/7601120732"
    },
    {
      "type": "Feature",
      "properties": {
        "@id": "node/7601124723",
        "KSJ2:LIN": "1号線",
        "KSJ2:STN": "下飯田",
        "name": "下飯田",
        "name:en": "Shimoiida",
        "name:ja": "下飯田",
        "name:ja-Hira": "しもいいだ",
        "name:ja_rm": "Shimo Iida",
        "name:ko": "시모이다",
        "note": "National-Land Numerical Information (Railway) 2007, MLIT Japan",
        "note:ja": "国土数値情報（鉄道データ）平成19年　国土交通省",
        "operator": "横浜市交通局",
        "platforms": "2",
        "public_transport": "station",
        "railway": "station",
        "ref": "B02",
        "source": "KSJ2",
        "source_ref": "http://nlftp.mlit.go.jp/ksj/jpgis/datalist/KsjTmplt-N02-v1_1.html",
        "station": "subway",
        "subway": "yes",
        "wikidata": "Q573742",
        "wikipedia": "ja:下飯田駅"
      },
      "geometry": {
        "type": "Point",
        "coordinates": [
          139.4832081,
          35.4034432
        ]
      },
      "id": "node/7601124723"
    },
    {
      "type": "Feature",
      "properties": {
        "@id": "node/7674844435",
        "name": "五月台",
        "name:de": "Satsukidai",
        "name:en": "Satsukidai",
        "name:ja": "五月台",
        "name:ja-Latn": "さつきだい",
        "name:ko": "사쓰키다이",
        "name:ru": "Сацукидай",
        "network": "小田急電鉄",
        "network:en": "Odakyu Electric Railway",
        "network:ja": "小田急電鉄",
        "network:wikidata": "Q83584",
        "operator": "小田急電鉄",
        "public_transport": "station",
        "railway": "station",
        "ref": "OT01",
        "source": "Knowledge",
        "train": "yes",
        "wheelchair": "yes",
        "wikidata": "Q4409583",
        "wikipedia": "ja:五月台駅"
      },
      "geometry": {
        "type": "Point",
        "coordinates": [
          139.4936136,
          35.600175
        ]
      },
      "id": "node/7674844435"
    },
    {
      "type": "Feature",
      "properties": {
        "@id": "node/7674874324",
        "name": "はるひ野",
        "name:de": "Haruhino",
        "name:en": "Haruhino",
        "name:ja": "はるひ野",
        "name:ja-Latn": "はるひの",
        "name:ko": "하루히노",
        "name:ru": "Харухино",
        "network": "小田急電鉄",
        "network:en": "Odakyu Electric Railway",
        "network:ja": "小田急電鉄",
        "network:wikidata": "Q83584",
        "operator": "小田急電鉄",
        "public_transport": "station",
        "railway": "station",
        "ref": "OT04",
        "source": "KSJ2",
        "train": "yes",
        "wikidata": "Q4496149",
        "wikipedia": "ja:はるひ野駅"
      },
      "geometry": {
        "type": "Point",
        "coordinates": [
          139.4646185,
          35.6188401
        ]
      },
      "id": "node/7674874324"
    },
    {
      "type": "Feature",
      "properties": {
        "@id": "node/7674885449",
        "name": "黒川",
        "name:de": "Kurokawa",
        "name:en": "Kurokawa",
        "name:ja": "黒川",
        "name:ja-Latn": "くろかわ",
        "name:ko": "구로카와",
        "name:ru": "Курокава",
        "operator": "小田急電鉄",
        "public_transport": "station",
        "railway": "station",
        "ref": "OT03",
        "source": "KSJ2",
        "source_ref": "http://nlftp.mlit.go.jp/ksj/jpgis/datalist/KsjTmplt-N02-v1_1.html",
        "wikidata": "Q4248710",
        "wikipedia": "ja:黒川駅 (神奈川県)"
      },
      "geometry": {
        "type": "Point",
        "coordinates": [
          139.4707421,
          35.6132327
        ]
      },
      "id": "node/7674885449"
    },
    {
      "type": "Feature",
      "properties": {
        "@id": "node/7674893894",
        "name": "栗平",
        "name:de": "Kurihira",
        "name:en": "Kurihira",
        "name:ja": "栗平",
        "name:ja-Latn": "くりひら",
        "name:ko": "구리히라",
        "name:ru": "Курихира",
        "operator": "小田急電鉄",
        "public_transport": "station",
        "railway": "station",
        "ref": "OT02",
        "source": "KSJ2",
        "source_ref": "http://nlftp.mlit.go.jp/ksj/jpgis/datalist/KsjTmplt-N02-v1_1.html",
        "wikidata": "Q4248427",
        "wikipedia": "ja:栗平駅"
      },
      "geometry": {
        "type": "Point",
        "coordinates": [
          139.4808891,
          35.6060805
        ]
      },
      "id": "node/7674893894"
    },
    {
      "type": "Feature",
      "properties": {
        "@id": "node/7729930331",
        "name": "千鳥町",
        "name:en": "Chidoricho station",
        "name:ja": "千鳥",
        "name:ja-Hira": "ちどりちょう",
        "name:ja-Latn": "Chidorichō",
        "name:ko": "지도리초",
        "operator": "神奈川臨海鉄道",
        "public_transport": "station",
        "railway": "station",
        "wikidata": "Q11406912",
        "wikipedia": "ja:千鳥町駅 (神奈川県)"
      },
      "geometry": {
        "type": "Point",
        "coordinates": [
          139.7514772,
          35.5193928
        ]
      },
      "id": "node/7729930331"
    },
    {
      "type": "Feature",
      "properties": {
        "@id": "node/7729930380",
        "name": "浮島町",
        "name:en": "Ukishimachō",
        "name:ja": "浮島町駅",
        "name:ko": "우키시마초",
        "operator": "神奈川臨海鉄道",
        "railway": "station",
        "source": "survey",
        "wikidata": "Q11558525",
        "wikipedia": "ja:浮島町駅"
      },
      "geometry": {
        "type": "Point",
        "coordinates": [
          139.778083,
          35.5261072
        ]
      },
      "id": "node/7729930380"
    },
    {
      "type": "Feature",
      "properties": {
        "@id": "node/7749849503",
        "baby_feeding": "room",
        "name": "あざみ野",
        "name:en": "Azamino",
        "name:ja": "あざみ野",
        "name:ja-Hira": "あざみの",
        "name:ja-Latn": "Azamino",
        "name:ko": "아자미노",
        "network": "横浜市営地下鉄",
        "network:wikidata": "Q1341305",
        "note": "National-Land Numerical Information (Railway) 2007, MLIT Japan",
        "operator": "横浜市交通局",
        "operator:type": "public",
        "operator:wikidata": "Q8015416",
        "public_transport": "station",
        "railway": "station",
        "ref": "B32",
        "source": "KSJ2",
        "source_ref": "http://nlftp.mlit.go.jp/ksj/jpgis/datalist/KsjTmplt-N02-v1_1.html",
        "station": "subway",
        "subway": "yes",
        "toilets:wheelchair": "yes",
        "wheelchair": "yes",
        "wikidata": "Q852232",
        "wikipedia": "ja:あざみ野駅"
      },
      "geometry": {
        "type": "Point",
        "coordinates": [
          139.5536107,
          35.5680456
        ]
      },
      "id": "node/7749849503"
    },
    {
      "type": "Feature",
      "properties": {
        "@id": "node/7749857151",
        "name": "湘南台",
        "name:de": "Shonandai",
        "name:en": "Shonandai",
        "name:ja": "湘南台",
        "name:ja-Hira": "しょうなんだい",
        "name:ja_rm": "Shōnandai",
        "name:ko": "쇼난다이 역",
        "name:ru": "Сёнандай",
        "name:zh": "湘南台站",
        "network": "相鉄いずみ野線",
        "operator": "相模鉄道",
        "platforms": "2",
        "public_transport": "station",
        "railway": "station",
        "ref": "SO37",
        "station": "subway",
        "subway": "yes",
        "wheelchair": "limited",
        "wikidata": "Q126091414"
      },
      "geometry": {
        "type": "Point",
        "coordinates": [
          139.4670779,
          35.3964453
        ]
      },
      "id": "node/7749857151"
    },
    {
      "type": "Feature",
      "properties": {
        "@id": "node/7749865377",
        "name": "戸塚",
        "name:en": "Totsuka",
        "name:es": "Totsuka",
        "name:ja": "戸塚",
        "name:ja-Hira": "とつか",
        "name:ja_rm": "Totsuka",
        "name:ko": "도쓰카",
        "network": "横浜市営地下鉄",
        "operator": "横浜市交通局",
        "public_transport": "station",
        "railway": "station",
        "ref": "B06",
        "source": "KSJ2",
        "source_ref": "http://nlftp.mlit.go.jp/ksj/jpgis/datalist/KsjTmplt-N02-v1_1.html",
        "station": "subway",
        "subway": "yes",
        "wikidata": "Q801522",
        "wikipedia": "ja:戸塚駅"
      },
      "geometry": {
        "type": "Point",
        "coordinates": [
          139.5350787,
          35.4011056
        ]
      },
      "id": "node/7749865377"
    },
    {
      "type": "Feature",
      "properties": {
        "@id": "node/7749865378",
        "KSJ2:LIN": "1号線",
        "KSJ2:STN": "中田",
        "name": "中田",
        "name:en": "Nakada",
        "name:ja": "中田",
        "name:ja-Hira": "なかだ",
        "name:ja_rm": "Nakada",
        "name:ko": "나카다",
        "note": "National-Land Numerical Information (Railway) 2007, MLIT Japan",
        "note:ja": "国土数値情報（鉄道データ）平成19年　国土交通省",
        "operator": "横浜市交通局",
        "public_transport": "station",
        "railway": "station",
        "source": "KSJ2",
        "source_ref": "http://nlftp.mlit.go.jp/ksj/jpgis/datalist/KsjTmplt-N02-v1_1.html",
        "station": "subway",
        "wikidata": "Q573641",
        "wikipedia": "ja:中田駅 (神奈川県)"
      },
      "geometry": {
        "type": "Point",
        "coordinates": [
          139.5113307,
          35.4111454
        ]
      },
      "id": "node/7749865378"
    },
    {
      "type": "Feature",
      "properties": {
        "@id": "node/7749869512",
        "alt_name": "東京都市大 横浜キャンパス前",
        "name": "中川",
        "name:en": "Nakagawa",
        "name:ja": "中川",
        "name:ja-Hira": "なかがわ",
        "name:ko": "나카가와",
        "network": "横浜市営地下鉄",
        "note": "National-Land Numerical Information (Railway) 2007, MLIT Japan",
        "operator": "横浜市交通局",
        "platforms": "2",
        "public_transport": "station",
        "railway": "station",
        "ref": "B31",
        "source": "KSJ2",
        "source_ref": "http://nlftp.mlit.go.jp/ksj/jpgis/datalist/KsjTmplt-N02-v1_1.html",
        "station": "subway",
        "subway": "yes",
        "wikidata": "Q573443",
        "wikipedia": "ja:中川駅 (神奈川県)"
      },
      "geometry": {
        "type": "Point",
        "coordinates": [
          139.5699517,
          35.5629066
        ]
      },
      "id": "node/7749869512"
    },
    {
      "type": "Feature",
      "properties": {
        "@id": "node/7750187059",
        "name": "新羽",
        "name:en": "Nippa",
        "name:ja": "新羽",
        "name:ja-Hira": "にっぱ",
        "name:ja_rm": "Nippa",
        "name:ko": "닛파",
        "network": "横浜市営地下鉄",
        "note": "National-Land Numerical Information (Railway) 2007, MLIT Japan",
        "operator": "横浜市交通局",
        "public_transport": "station",
        "railway": "station",
        "ref": "B27",
        "source": "KSJ2",
        "station": "subway",
        "wheelchair": "yes",
        "wikidata": "Q841479",
        "wikipedia": "ja:新羽駅"
      },
      "geometry": {
        "type": "Point",
        "coordinates": [
          139.6120343,
          35.5274961
        ]
      },
      "id": "node/7750187059"
    },
    {
      "type": "Feature",
      "properties": {
        "@id": "node/7750187061",
        "name": "センター南",
        "name:en": "Center Minami",
        "name:es": "Center Minami",
        "name:ja": "センター南",
        "name:ja-Hira": "せんたーみなみ",
        "name:ja_rm": "Sentā minami",
        "name:ko": "센터미나미",
        "network": "横浜市営地下鉄",
        "note": "National-Land Numerical Information (Railway) 2007, MLIT Japan",
        "operator": "横浜市交通局",
        "public_transport": "station",
        "railway": "station",
        "ref": "B29",
        "source": "KSJ2",
        "station": "subway",
        "subway": "yes",
        "wheelchair": "yes",
        "wikidata": "Q844629",
        "wikipedia": "ja:センター南駅"
      },
      "geometry": {
        "type": "Point",
        "coordinates": [
          139.5742694,
          35.5454101
        ]
      },
      "id": "node/7750187061"
    },
    {
      "type": "Feature",
      "properties": {
        "@id": "node/7750247043",
        "name": "蒔田",
        "name:en": "Maita",
        "name:ja": "蒔田",
        "name:ja-Hira": "まいた",
        "name:ja_rm": "Maita",
        "name:ko": "마이타",
        "network": "横浜市営地下鉄",
        "note": "National-Land Numerical Information (Railway) 2007, MLIT Japan",
        "operator": "横浜市交通局",
        "public_transport": "station",
        "railway": "station",
        "ref": "B13",
        "source": "KSJ2",
        "source_ref": "http://nlftp.mlit.go.jp/ksj/jpgis/datalist/KsjTmplt-N02-v1_1.html",
        "station": "subway",
        "wikidata": "Q579091",
        "wikipedia": "ja:蒔田駅"
      },
      "geometry": {
        "type": "Point",
        "coordinates": [
          139.6099757,
          35.429909
        ]
      },
      "id": "node/7750247043"
    },
    {
      "type": "Feature",
      "properties": {
        "@id": "node/7750247044",
        "name": "弘明寺",
        "name:en": "Gumyoji",
        "name:es": "Gumyoji",
        "name:ja": "弘明寺",
        "name:ja-Hira": "ぐみょうじ",
        "name:ja_rm": "Gumyōji",
        "name:ko": "구묘지",
        "network": "横浜市営地下鉄",
        "note": "National-Land Numerical Information (Railway) 2007, MLIT Japan",
        "operator": "横浜市交通局",
        "public_transport": "station",
        "railway": "station",
        "ref": "B12",
        "source": "KSJ2",
        "source_ref": "http://nlftp.mlit.go.jp/ksj/jpgis/datalist/KsjTmplt-N02-v1_1.html",
        "station": "subway",
        "wikidata": "Q580349",
        "wikipedia": "ja:弘明寺駅 (横浜市営地下鉄)"
      },
      "geometry": {
        "type": "Point",
        "coordinates": [
          139.6020598,
          35.4232893
        ]
      },
      "id": "node/7750247044"
    },
    {
      "type": "Feature",
      "properties": {
        "@id": "node/7750247045",
        "alt_name": "ビックカメラ 新横浜店前",
        "name": "新横浜",
        "name:en": "Shin-yokohama",
        "name:ja": "新横浜",
        "name:ja-Hira": "しんよこはま",
        "name:ja_rm": "Shin Yokohama",
        "name:ko": "신요코하마",
        "network": "横浜市営地下鉄",
        "operator": "横浜市交通局",
        "public_transport": "station",
        "railway": "station",
        "ref": "B25",
        "source": "KSJ2",
        "station": "subway",
        "subway": "yes",
        "wikidata": "Q801437",
        "wikipedia": "ja:新横浜駅"
      },
      "geometry": {
        "type": "Point",
        "coordinates": [
          139.6173113,
          35.5088883
        ]
      },
      "id": "node/7750247045"
    },
    {
      "type": "Feature",
      "properties": {
        "@id": "node/7750247047",
        "name": "北新横浜",
        "name:en": "Kita-shin-yokohama",
        "name:ja": "北新横浜",
        "name:ja-Hira": "きたしんよこはま",
        "name:ja_rm": "Kita Shin Yokohama",
        "name:ko": "기타신요코하마",
        "network": "横浜市営地下鉄",
        "operator": "横浜市交通局",
        "public_transport": "station",
        "railway": "station",
        "ref": "B26",
        "source": "KSJ2",
        "station": "subway",
        "wikidata": "Q852295",
        "wikipedia": "ja:北新横浜駅"
      },
      "geometry": {
        "type": "Point",
        "coordinates": [
          139.6128054,
          35.5192766
        ]
      },
      "id": "node/7750247047"
    },
    {
      "type": "Feature",
      "properties": {
        "@id": "node/7750338822",
        "name": "高島町",
        "name:en": "Takashimacho",
        "name:ja": "高島町",
        "name:ja-Hira": "たかしまちょう",
        "name:ja_rm": "Takashimachō",
        "name:ko": "다카시마초",
        "network": "横浜市営地下鉄",
        "note": "National-Land Numerical Information (Railway) 2007, MLIT Japan",
        "operator": "横浜市交通局",
        "public_transport": "station",
        "railway": "station",
        "ref": "B19",
        "source": "KSJ2",
        "source_ref": "http://nlftp.mlit.go.jp/ksj/jpgis/datalist/KsjTmplt-N02-v1_1.html",
        "station": "subway",
        "subway": "yes",
        "wikidata": "Q850673",
        "wikipedia": "ja:高島町駅"
      },
      "geometry": {
        "type": "Point",
        "coordinates": [
          139.6238581,
          35.4584508
        ]
      },
      "id": "node/7750338822"
    },
    {
      "type": "Feature",
      "properties": {
        "@id": "node/7750338823",
        "alt_name": "県民共済プラザ前",
        "name": "桜木町",
        "name:en": "Sakuragicho",
        "name:es": "Sakuragicho",
        "name:ja": "桜木町",
        "name:ja-Hira": "さくらぎちょう",
        "name:ja_rm": "Sakuragicho",
        "name:ko": "사쿠라기초",
        "network": "横浜市営地下鉄",
        "note": "National-Land Numerical Information (Railway) 2007, MLIT Japan",
        "operator": "横浜市交通局",
        "public_transport": "station",
        "railway": "station",
        "ref": "B18",
        "source": "KSJ2",
        "source_ref": "http://nlftp.mlit.go.jp/ksj/jpgis/datalist/KsjTmplt-N02-v1_1.html",
        "station": "subway",
        "subway": "yes",
        "wikidata": "Q801396",
        "wikipedia": "ja:桜木町駅"
      },
      "geometry": {
        "type": "Point",
        "coordinates": [
          139.630787,
          35.4496272
        ]
      },
      "id": "node/7750338823"
    },
    {
      "type": "Feature",
      "properties": {
        "@id": "node/7750338824",
        "alt_name": "リスト本社前",
        "name": "関内",
        "name:en": "Kannai",
        "name:es": "Kannai",
        "name:ja": "関内",
        "name:ja-Hira": "かんない",
        "name:ja_rm": "Kan-nai",
        "name:ko": "간나이",
        "network": "横浜市営地下鉄",
        "note": "National-Land Numerical Information (Railway) 2007, MLIT Japan",
        "operator": "横浜市交通局",
        "public_transport": "station",
        "railway": "station",
        "ref": "B17",
        "source": "KSJ2",
        "source_ref": "http://nlftp.mlit.go.jp/ksj/jpgis/datalist/KsjTmplt-N02-v1_1.html",
        "station": "subway",
        "subway": "yes",
        "wikidata": "Q800982",
        "wikipedia": "ja:関内駅"
      },
      "geometry": {
        "type": "Point",
        "coordinates": [
          139.6367037,
          35.44533
        ]
      },
      "id": "node/7750338824"
    },
    {
      "type": "Feature",
      "properties": {
        "@id": "node/7750338825",
        "name": "伊勢佐木長者町",
        "name:en": "Isezaki-chojamachi",
        "name:ja": "伊勢佐木長者町",
        "name:ja-Hira": "いせざきちょうじゃまち",
        "name:ja_rm": "Isezaki Chōjamachi",
        "name:ko": "이세자키초자마치",
        "network": "横浜市営地下鉄",
        "note": "National-Land Numerical Information (Railway) 2007, MLIT Japan",
        "operator": "横浜市交通局",
        "public_transport": "station",
        "railway": "station",
        "ref": "B16",
        "source": "KSJ2",
        "source_ref": "http://nlftp.mlit.go.jp/ksj/jpgis/datalist/KsjTmplt-N02-v1_1.html",
        "station": "subway",
        "wikidata": "Q841434",
        "wikipedia": "ja:伊勢佐木長者町駅"
      },
      "geometry": {
        "type": "Point",
        "coordinates": [
          139.6327993,
          35.4410015
        ]
      },
      "id": "node/7750338825"
    },
    {
      "type": "Feature",
      "properties": {
        "@id": "node/7750338826",
        "name": "阪東橋",
        "name:en": "Bandobashi",
        "name:ja": "阪東橋",
        "name:ja-Hira": "ばんどうばし",
        "name:ja_rm": "Bandōbashi",
        "name:ko": "반도바시",
        "network": "横浜市営地下鉄",
        "note": "National-Land Numerical Information (Railway) 2007, MLIT Japan",
        "operator": "横浜市交通局",
        "public_transport": "station",
        "railway": "station",
        "ref": "B15",
        "source": "KSJ2",
        "source_ref": "http://nlftp.mlit.go.jp/ksj/jpgis/datalist/KsjTmplt-N02-v1_1.html",
        "station": "subway",
        "wikidata": "Q852854",
        "wikipedia": "ja:阪東橋駅"
      },
      "geometry": {
        "type": "Point",
        "coordinates": [
          139.6251489,
          35.4376268
        ]
      },
      "id": "node/7750338826"
    },
    {
      "type": "Feature",
      "properties": {
        "@id": "node/7750342739",
        "alt_name:ko": "기시네코엔",
        "layer": "-1",
        "name": "岸根公園",
        "name:en": "Kishine-koen",
        "name:ja": "岸根公園",
        "name:ja-Hira": "きしねこうえん",
        "name:ja_rm": "Kishine kōen",
        "name:ko": "기시네공원",
        "operator": "横浜市交通局",
        "public_transport": "station",
        "railway": "station",
        "ref": "B24",
        "source": "KSJ2",
        "station": "subway",
        "subway": "yes",
        "wikidata": "Q589898",
        "wikipedia": "ja:岸根公園駅"
      },
      "geometry": {
        "type": "Point",
        "coordinates": [
          139.6168238,
          35.4961511
        ]
      },
      "id": "node/7750342739"
    },
    {
      "type": "Feature",
      "properties": {
        "@id": "node/7750342740",
        "name": "三ツ沢上町",
        "name:en": "Mitsuzawa-kamicho",
        "name:ja": "三ツ沢上町",
        "name:ja-Hira": "みつざわかみちょう",
        "name:ja_rm": "Mitsuzawa kamichō",
        "name:ko": "미쓰자와카미초",
        "network": "横浜市営地下鉄",
        "note": "National-Land Numerical Information (Railway) 2007, MLIT Japan",
        "operator": "横浜市交通局",
        "public_transport": "station",
        "railway": "station",
        "ref": "B22",
        "source": "KSJ2",
        "source_ref": "http://nlftp.mlit.go.jp/ksj/jpgis/datalist/KsjTmplt-N02-v1_1.html",
        "station": "subway",
        "wheelchair": "yes",
        "wikidata": "Q903553",
        "wikipedia": "ja:三ツ沢上町駅"
      },
      "geometry": {
        "type": "Point",
        "coordinates": [
          139.6056459,
          35.4764152
        ]
      },
      "id": "node/7750342740"
    },
    {
      "type": "Feature",
      "properties": {
        "@id": "node/7750342741",
        "name": "片倉町",
        "name:en": "Katakuracho",
        "name:ja": "片倉町",
        "name:ja-Hira": "かたくらちょう",
        "name:ja_rm": "Katakurachō",
        "name:ko": "가타쿠라초",
        "operator": "横浜市交通局",
        "public_transport": "station",
        "railway": "station",
        "ref": "B23",
        "source": "KSJ2",
        "station": "subway",
        "wikidata": "Q589860",
        "wikipedia": "ja:片倉町駅"
      },
      "geometry": {
        "type": "Point",
        "coordinates": [
          139.6064834,
          35.4900761
        ]
      },
      "id": "node/7750342741"
    },
    {
      "type": "Feature",
      "properties": {
        "@id": "node/7750342742",
        "name": "三ツ沢下町",
        "name:en": "Mitsuzawa-shimocho",
        "name:ja": "三ツ沢下町",
        "name:ja-Hira": "みつざわしもちょう",
        "name:ja_rm": "Mitsuzawa shimochō",
        "name:ko": "미쓰자와시모초",
        "network": "横浜市営地下鉄",
        "note": "National-Land Numerical Information (Railway) 2007, MLIT Japan",
        "operator": "横浜市交通局",
        "public_transport": "station",
        "railway": "station",
        "ref": "B21",
        "source": "KSJ2",
        "source_ref": "http://nlftp.mlit.go.jp/ksj/jpgis/datalist/KsjTmplt-N02-v1_1.html",
        "station": "subway",
        "subway": "yes",
        "wikidata": "Q589920",
        "wikipedia": "ja:三ツ沢下町駅"
      },
      "geometry": {
        "type": "Point",
        "coordinates": [
          139.6160911,
          35.4765085
        ]
      },
      "id": "node/7750342742"
    },
    {
      "type": "Feature",
      "properties": {
        "@id": "node/7750342743",
        "alt_name": "相鉄ジョイナス前",
        "name": "横浜",
        "name:en": "Yokohama",
        "name:ja": "横浜 (横浜市交通局)",
        "name:ja-Hira": "よこはま",
        "name:ja_rm": "Yokohama",
        "name:ko": "요코하마",
        "network": "横浜市営地下鉄",
        "note": "National-Land Numerical Information (Railway) 2007, MLIT Japan",
        "operator": "横浜市交通局",
        "public_transport": "station",
        "railway": "station",
        "ref": "B20",
        "source": "KSJ2",
        "source_ref": "http://nlftp.mlit.go.jp/ksj/jpgis/datalist/KsjTmplt-N02-v1_1.html",
        "station": "subway",
        "subway": "yes",
        "wikidata": "Q801658",
        "wikipedia": "ja:横浜駅"
      },
      "geometry": {
        "type": "Point",
        "coordinates": [
          139.6201667,
          35.4653773
        ]
      },
      "id": "node/7750342743"
    },
    {
      "type": "Feature",
      "properties": {
        "@id": "node/7750348391",
        "name": "吉野町",
        "name:en": "Yoshinocho",
        "name:ja": "吉野町",
        "name:ja-Hira": "よしのちょう",
        "name:ja_rm": "Yoshinochō",
        "name:ko": "요시노초",
        "network": "横浜市営地下鉄",
        "note": "National-Land Numerical Information (Railway) 2007, MLIT Japan",
        "operator": "横浜市交通局",
        "public_transport": "station",
        "railway": "station",
        "ref": "B14",
        "source": "KSJ2",
        "source_ref": "http://nlftp.mlit.go.jp/ksj/jpgis/datalist/KsjTmplt-N02-v1_1.html",
        "station": "subway",
        "wikidata": "Q579077",
        "wikipedia": "ja:吉野町駅"
      },
      "geometry": {
        "type": "Point",
        "coordinates": [
          139.618715,
          35.4354327
        ]
      },
      "id": "node/7750348391"
    },
    {
      "type": "Feature",
      "properties": {
        "@id": "node/7771245984",
        "name": "中山",
        "name:en": "Nakayama",
        "name:ja": "中山",
        "name:ja-Hira": "なかやま",
        "name:ja_rm": "Nakayama",
        "name:ko": "나카야마",
        "network": "横浜市営地下鉄",
        "operator": "横浜市交通局",
        "public_transport": "station",
        "railway": "station",
        "ref": "G01",
        "station": "subway",
        "subway": "yes",
        "wheelchair": "yes",
        "wikidata": "Q844670",
        "wikipedia": "ja:中山駅 (神奈川県)"
      },
      "geometry": {
        "type": "Point",
        "coordinates": [
          139.5401893,
          35.5148049
        ]
      },
      "id": "node/7771245984"
    },
    {
      "type": "Feature",
      "properties": {
        "@id": "node/7772733582",
        "name": "川和町",
        "name:en": "Kawawacho",
        "name:ja": "川和町",
        "name:ja-Hira": "かわわちょう",
        "name:ja_rm": "Kawawachō",
        "name:ko": "가와와초",
        "network": "横浜市営地下鉄",
        "operator": "横浜市交通局",
        "public_transport": "station",
        "railway": "station",
        "ref": "G02",
        "station": "subway",
        "subway": "yes",
        "wikidata": "Q6379900",
        "wikipedia": "ja:川和町駅"
      },
      "geometry": {
        "type": "Point",
        "coordinates": [
          139.5491595,
          35.5284798
        ]
      },
      "id": "node/7772733582"
    },
    {
      "type": "Feature",
      "properties": {
        "@id": "node/7772737929",
        "name": "都筑ふれあいの丘",
        "name:en": "Tsuzuki-fureainooka",
        "name:ja": "都筑ふれあいの丘",
        "name:ja-Hira": "つづきふれあいのおか",
        "name:ja_rm": "Tsuzuki fureainooka",
        "name:ko": "쓰즈키후레아이노오카",
        "network": "横浜市営地下鉄",
        "operator": "横浜市交通局",
        "public_transport": "station",
        "railway": "station",
        "ref": "G03",
        "station": "subway",
        "subway": "yes",
        "wheelchair": "yes",
        "wikidata": "Q7850400",
        "wikipedia": "ja:都筑ふれあいの丘駅"
      },
      "geometry": {
        "type": "Point",
        "coordinates": [
          139.5612977,
          35.5365525
        ]
      },
      "id": "node/7772737929"
    },
    {
      "type": "Feature",
      "properties": {
        "@id": "node/7772745205",
        "name": "日吉",
        "name:en": "Hiyoshi",
        "name:ja": "日吉",
        "name:ja-Hira": "ひよし",
        "name:ja_rm": "Hiyoshi",
        "name:ko": "히요시",
        "network": "横浜市営地下鉄",
        "operator": "横浜市交通局",
        "public_transport": "station",
        "railway": "station",
        "ref": "G10",
        "station": "subway",
        "subway": "yes",
        "wheelchair": "yes",
        "wikidata": "Q390392",
        "wikipedia": "ja:日吉駅 (神奈川県)"
      },
      "geometry": {
        "type": "Point",
        "coordinates": [
          139.6464819,
          35.5534441
        ]
      },
      "id": "node/7772745205"
    },
    {
      "type": "Feature",
      "properties": {
        "@id": "node/7772745206",
        "name": "日吉本町",
        "name:en": "Hiyoshi-honcho",
        "name:ja": "日吉本町",
        "name:ja-Hira": "ひよしほんちょう",
        "name:ja_rm": "Hiyoshi honchō",
        "name:ko": "히요시혼초",
        "network": "横浜市営地下鉄",
        "operator": "横浜市交通局",
        "public_transport": "station",
        "railway": "station",
        "ref": "G09",
        "source": "Bing",
        "station": "subway",
        "subway": "yes",
        "wheelchair": "yes",
        "wikidata": "Q5872965",
        "wikipedia": "ja:日吉本町駅"
      },
      "geometry": {
        "type": "Point",
        "coordinates": [
          139.6336227,
          35.5500655
        ]
      },
      "id": "node/7772745206"
    },
    {
      "type": "Feature",
      "properties": {
        "@id": "node/7772745207",
        "line": "横浜市営地下鉄グリーンライン",
        "name": "高田",
        "name:en": "Takata",
        "name:ja": "高田",
        "name:ja-Hira": "たかた",
        "name:ja_rm": "Takata",
        "name:ko": "다카타",
        "network": "横浜市営地下鉄",
        "operator": "横浜市交通局",
        "public_transport": "station",
        "railway": "station",
        "ref": "G08",
        "station": "subway",
        "subway": "yes",
        "wikidata": "Q7677418",
        "wikipedia": "ja:高田駅 (神奈川県)"
      },
      "geometry": {
        "type": "Point",
        "coordinates": [
          139.6200521,
          35.5496776
        ]
      },
      "id": "node/7772745207"
    },
    {
      "type": "Feature",
      "properties": {
        "@id": "node/7772745208",
        "name": "東山田",
        "name:en": "Higashi-yamata",
        "name:ja": "東山田",
        "name:ja-Hira": "ひがしやまた",
        "name:ja_rm": "Higashi Yamata",
        "name:ko": "히가시야마타",
        "network": "横浜市営地下鉄",
        "operator": "横浜市交通局",
        "public_transport": "station",
        "railway": "station",
        "ref": "G07",
        "station": "subway",
        "subway": "yes",
        "wikidata": "Q11103294",
        "wikipedia": "ja:東山田駅"
      },
      "geometry": {
        "type": "Point",
        "coordinates": [
          139.6046897,
          35.554173
        ]
      },
      "id": "node/7772745208"
    },
    {
      "type": "Feature",
      "properties": {
        "@id": "node/7772745209",
        "name": "北山田",
        "name:en": "Kita-yamata",
        "name:ja": "北山田",
        "name:ja-Hira": "きたやまた",
        "name:ja_rm": "Kita Yamata",
        "name:ko": "기타야마타",
        "network": "横浜市営地下鉄",
        "operator": "横浜市交通局",
        "public_transport": "station",
        "railway": "station",
        "ref": "G06",
        "station": "subway",
        "subway": "yes",
        "wikidata": "Q6417619",
        "wikipedia": "ja:北山田駅 (神奈川県)"
      },
      "geometry": {
        "type": "Point",
        "coordinates": [
          139.5927407,
          35.5609685
        ]
      },
      "id": "node/7772745209"
    },
    {
      "type": "Feature",
      "properties": {
        "@id": "node/7777425788",
        "KSJ2:LIN": "横須賀線",
        "contact:website": "https://www.jreast.co.jp/estation/station/info.aspx?StationCd=634",
        "name": "久里浜",
        "name:en": "Kurihama",
        "name:ja": "久里浜",
        "name:ja-Hira": "くりはま",
        "name:ja-Latn": "Kurihama",
        "name:ko": "구리하마",
        "note": "National-Land Numerical Information (Railway) 2007, MLIT Japan",
        "note:ja": "国土数値情報（鉄道データ）平成19年 国土交通省",
        "operator": "東日本旅客鉄道",
        "public_transport": "station",
        "railway": "station",
        "ref": "JO01",
        "source": "KSJ2",
        "source_ref": "http://nlftp.mlit.go.jp/ksj/jpgis/datalist/KsjTmplt-N02-v1_1.html",
        "wikidata": "Q844268",
        "wikipedia": "ja:久里浜駅"
      },
      "geometry": {
        "type": "Point",
        "coordinates": [
          139.7011399,
          35.2326573
        ]
      },
      "id": "node/7777425788"
    },
    {
      "type": "Feature",
      "properties": {
        "@id": "node/7777425988",
        "contact:website": "https://www.jreast.co.jp/estation/station/info.aspx?StationCd=929",
        "name": "田浦",
        "name:en": "Taura",
        "name:ja": "田浦",
        "name:ja-Hira": "たうら",
        "name:ja-Latn": "Taura",
        "name:ko": "다우라",
        "operator": "東日本旅客鉄道",
        "public_transport": "station",
        "railway": "station",
        "ref": "JO04",
        "source": "KSJ2",
        "source_ref": "http://nlftp.mlit.go.jp/ksj/jpgis/datalist/KsjTmplt-N02-v1_1.html",
        "wikidata": "Q844260",
        "wikipedia": "ja:田浦駅"
      },
      "geometry": {
        "type": "Point",
        "coordinates": [
          139.6369438,
          35.2928072
        ]
      },
      "id": "node/7777425988"
    },
    {
      "type": "Feature",
      "properties": {
        "@id": "node/7777425989",
        "contact:website": "https://www.jreast.co.jp/estation/station/info.aspx?StationCd=1635",
        "name": "横須賀",
        "name:en": "Yokosuka",
        "name:ja": "横須賀",
        "name:ja-Hira": "よこすか",
        "name:ja-Latn": "Yokosuka",
        "name:ko": "요코스카",
        "operator": "東日本旅客鉄道",
        "public_transport": "station",
        "railway": "station",
        "ref": "JO03",
        "source": "KSJ2",
        "source_ref": "http://nlftp.mlit.go.jp/ksj/jpgis/datalist/KsjTmplt-N02-v1_1.html",
        "wikidata": "Q844320",
        "wikipedia": "ja:横須賀駅"
      },
      "geometry": {
        "type": "Point",
        "coordinates": [
          139.6552299,
          35.284157
        ]
      },
      "id": "node/7777425989"
    },
    {
      "type": "Feature",
      "properties": {
        "@id": "node/7777425990",
        "KSJ2:LIN": "横須賀線",
        "contact:website": "https://www.jreast.co.jp/estation/station/info.aspx?StationCd=599",
        "name": "衣笠",
        "name:en": "Kinugasa",
        "name:ja": "衣笠",
        "name:ja-Hira": "きぬがさ",
        "name:ja-Latn": "Kinugasa",
        "name:ko": "기누가사",
        "note": "National-Land Numerical Information (Railway) 2007, MLIT Japan",
        "note:ja": "国土数値情報（鉄道データ）平成19年 国土交通省",
        "operator": "東日本旅客鉄道",
        "public_transport": "station",
        "railway": "station",
        "ref": "JO02",
        "source": "KSJ2",
        "source_ref": "http://nlftp.mlit.go.jp/ksj/jpgis/datalist/KsjTmplt-N02-v1_1.html",
        "wheelchair": "limited",
        "wikidata": "Q844272",
        "wikipedia": "ja:衣笠駅"
      },
      "geometry": {
        "type": "Point",
        "coordinates": [
          139.661167,
          35.2571051
        ]
      },
      "id": "node/7777425990"
    },
    {
      "type": "Feature",
      "properties": {
        "@id": "node/7777531687",
        "addr:block_number": "501",
        "addr:city": "鎌倉市",
        "addr:neighbourhood": "山ノ内",
        "addr:province": "神奈川県",
        "contact:website": "http://www.jreast.co.jp/estation/station/info.aspx?StationCd=563",
        "name": "北鎌倉",
        "name:en": "Kita-Kamakura",
        "name:es": "Kita-Kamakura",
        "name:fr": "Kita-Kamakura",
        "name:ja": "北鎌倉",
        "name:ja-Hira": "きたかまくら",
        "name:ja-Latn": "Kita-Kamakura",
        "name:ko": "기타카마쿠라",
        "operator": "東日本旅客鉄道",
        "operator:wikidata": "Q499071",
        "public_transport": "station",
        "railway": "station",
        "ref": "JO08;JS08",
        "source": "KSJ2",
        "source_ref": "http://nlftp.mlit.go.jp/ksj/jpgis/datalist/KsjTmplt-N02-v1_1.html",
        "start_date": "1927-05-20",
        "train": "yes",
        "wikidata": "Q910286",
        "wikimedia_commons": "Category:Kita-Kamakura Station",
        "wikipedia": "ja:北鎌倉駅"
      },
      "geometry": {
        "type": "Point",
        "coordinates": [
          139.5451594,
          35.3374045
        ]
      },
      "id": "node/7777531687"
    },
    {
      "type": "Feature",
      "properties": {
        "@id": "node/7804259443",
        "name": "横浜",
        "name:de": "Yokohama",
        "name:en": "Yokohama",
        "name:es": "Yokohama",
        "name:ja": "横浜 (相模鉄道)",
        "name:ja-Hira": "よこはま",
        "name:ja_rm": "Yokohama",
        "name:ko": "요코하마",
        "name:ru": "Йокогама",
        "network": "相鉄線",
        "operator": "相模鉄道",
        "platforms": "3",
        "public_transport": "station",
        "railway": "station",
        "ref": "SO01",
        "train": "yes"
      },
      "geometry": {
        "type": "Point",
        "coordinates": [
          139.6202973,
          35.4642692
        ]
      },
      "id": "node/7804259443"
    },
    {
      "type": "Feature",
      "properties": {
        "@id": "node/7810402933",
        "contact:website": "https://www.jreast.co.jp/estation/station/info.aspx?StationCd=839",
        "name": "宿河原",
        "name:en": "Shukugawara",
        "name:ja": "宿河原",
        "name:ja-Hira": "しゅくがわら",
        "name:ja-Latn": "Shukugawara",
        "name:ko": "슈쿠가와라",
        "operator": "東日本旅客鉄道",
        "operator:en": "East Japan Railway Company",
        "operator:ja": "東日本旅客鉄道",
        "operator:wikidata": "Q499071",
        "public_transport": "station",
        "railway": "station",
        "ref": "JN13",
        "train": "yes",
        "wikidata": "Q5366653",
        "wikipedia": "ja:宿河原駅"
      },
      "geometry": {
        "type": "Point",
        "coordinates": [
          139.5797649,
          35.6153368
        ]
      },
      "id": "node/7810402933"
    },
    {
      "type": "Feature",
      "properties": {
        "@id": "node/7810421031",
        "contact:website": "https://www.jreast.co.jp/estation/station/info.aspx?StationCd=1535",
        "name": "武蔵溝ノ口",
        "name:en": "Musashi-Mizonokuchi",
        "name:ja": "武蔵溝ノ口",
        "name:ja-Hira": "むさしみぞのくち",
        "name:ja-Latn": "Musashi-Mizonokuchi",
        "name:ko": "무사시미조노쿠치",
        "operator": "東日本旅客鉄道",
        "operator:en": "East Japan Railway Company",
        "operator:ja": "東日本旅客鉄道",
        "operator:wikidata": "Q499071",
        "public_transport": "station",
        "railway": "station",
        "ref": "JN10",
        "train": "yes",
        "wikidata": "Q5367854",
        "wikipedia": "ja:武蔵溝ノ口駅"
      },
      "geometry": {
        "type": "Point",
        "coordinates": [
          139.6112408,
          35.5990079
        ]
      },
      "id": "node/7810421031"
    },
    {
      "type": "Feature",
      "properties": {
        "@id": "node/7810489202",
        "contact:website": "https://www.jreast.co.jp/estation/station/info.aspx?StationCd=149",
        "name": "稲田堤",
        "name:en": "Inadazutsumi",
        "name:ja": "稲田堤",
        "name:ja-Hira": "いなだづつみ",
        "name:ja-Latn": "Inadazutsumi",
        "name:ko": "이나다즈쓰미",
        "note": "National-Land Numerical Information (Railway) 2007, MLIT Japan",
        "operator": "東日本旅客鉄道",
        "operator:en": "East Japan Railway Company",
        "operator:ja": "東日本旅客鉄道",
        "operator:wikidata": "Q499071",
        "public_transport": "station",
        "railway": "station",
        "ref": "JN16",
        "source": "KSJ2",
        "source_ref": "http://nlftp.mlit.go.jp/ksj/jpgis/datalist/KsjTmplt-N02-v1_1.html",
        "train": "yes",
        "wikidata": "Q5368291",
        "wikipedia": "ja:稲田堤駅"
      },
      "geometry": {
        "type": "Point",
        "coordinates": [
          139.5354697,
          35.6335119
        ]
      },
      "id": "node/7810489202"
    },
    {
      "type": "Feature",
      "properties": {
        "@id": "node/7810497426",
        "contact:website": "https://www.jreast.co.jp/estation/station/info.aspx?StationCd=1530",
        "name": "武蔵新城",
        "name:en": "Musashi-Shinjo",
        "name:ja": "武蔵新城",
        "name:ja-Hira": "むさししんじょう",
        "name:ja-Latn": "Musashi-Shinjō",
        "name:ko": "무사시신조",
        "operator": "東日本旅客鉄道",
        "operator:en": "East Japan Railway Company",
        "operator:ja": "東日本旅客鉄道",
        "operator:wikidata": "Q499071",
        "public_transport": "station",
        "railway": "station",
        "ref": "JN09",
        "source": "KSJ2",
        "wikidata": "Q5366887",
        "wikipedia": "ja:武蔵新城駅"
      },
      "geometry": {
        "type": "Point",
        "coordinates": [
          139.6298478,
          35.5871571
        ]
      },
      "id": "node/7810497426"
    },
    {
      "type": "Feature",
      "properties": {
        "@id": "node/7810500162",
        "contact:website": "https://www.jreast.co.jp/estation/station/info.aspx?StationCd=1532",
        "name": "武蔵中原",
        "name:en": "Musashi-Nakahara",
        "name:ja-Hira": "むさしなかはら",
        "name:ja-Latn": "Musashi-Nakahara",
        "name:ko": "무사시나카하라",
        "operator": "東日本旅客鉄道",
        "operator:en": "East Japan Railway Company",
        "operator:ja": "東日本旅客鉄道",
        "operator:wikidata": "Q499071",
        "public_transport": "station",
        "railway": "station",
        "ref": "JN08",
        "source": "KSJ2",
        "wheelchair": "yes",
        "wikidata": "Q5367238",
        "wikipedia": "ja:武蔵中原駅"
      },
      "geometry": {
        "type": "Point",
        "coordinates": [
          139.6417595,
          35.5809082
        ]
      },
      "id": "node/7810500162"
    },
    {
      "type": "Feature",
      "properties": {
        "@id": "node/7812486734",
        "name": "開成",
        "name:en": "Kaisei",
        "name:ja": "開成",
        "name:ko": "가이세이",
        "name:ru": "Кайсэй",
        "public_transport": "station",
        "railway": "station",
        "ref": "OH42",
        "source": "KSJ2",
        "wheelchair": "yes",
        "wikidata": "Q4208752",
        "wikipedia": "ja:開成駅"
      },
      "geometry": {
        "type": "Point",
        "coordinates": [
          139.1359048,
          35.326285
        ]
      },
      "id": "node/7812486734"
    },
    {
      "type": "Feature",
      "properties": {
        "@id": "node/7812486736",
        "name": "新松田",
        "name:en": "Shin-Matsuda",
        "name:ja": "新松田",
        "name:ja-Hira": "しんまつだ",
        "name:ko": "신마쓰다",
        "name:ru": "Син-Мацуда",
        "public_transport": "station",
        "railway": "station",
        "ref": "OH41",
        "source": "KSJ2",
        "wheelchair": "yes",
        "wikidata": "Q4419978",
        "wikipedia": "ja:新松田駅"
      },
      "geometry": {
        "type": "Point",
        "coordinates": [
          139.139586,
          35.3447258
        ]
      },
      "id": "node/7812486736"
    },
    {
      "type": "Feature",
      "properties": {
        "@id": "node/7812486741",
        "name": "渋沢",
        "name:en": "Shibusawa",
        "name:ja": "渋沢",
        "name:ko": "시부사와",
        "name:ru": "Сибусава",
        "public_transport": "station",
        "railway": "station",
        "ref": "OH40",
        "source": "KSJ2",
        "wheelchair": "yes",
        "wikidata": "Q4418411",
        "wikipedia": "ja:渋沢駅"
      },
      "geometry": {
        "type": "Point",
        "coordinates": [
          139.1845503,
          35.3741585
        ]
      },
      "id": "node/7812486741"
    },
    {
      "type": "Feature",
      "properties": {
        "@id": "node/7812486743",
        "name": "秦野",
        "name:en": "Hadano",
        "name:ja": "秦野",
        "name:ja-Hira": "はだの",
        "name:ko": "하다노",
        "name:ru": "Хадано",
        "public_transport": "station",
        "railway": "station",
        "ref": "OH39",
        "source": "KSJ2",
        "wheelchair": "yes",
        "wikidata": "Q4494514",
        "wikipedia": "ja:秦野駅"
      },
      "geometry": {
        "type": "Point",
        "coordinates": [
          139.2257281,
          35.3702949
        ]
      },
      "id": "node/7812486743"
    },
    {
      "type": "Feature",
      "properties": {
        "@id": "node/7812486745",
        "alt_name:ko": "도카이다이가쿠마에",
        "name": "東海大学前",
        "name:en": "Tokaidaigaku-mae",
        "name:ja": "東海大学前",
        "name:ja_rm": "Tōkaidaigaku-mae",
        "name:ko": "도카이대학앞",
        "name:ru": "Токайдайгаку-маэ",
        "public_transport": "station",
        "railway": "station",
        "ref": "OH38",
        "source": "KSJ2",
        "wheelchair": "yes",
        "wikidata": "Q4459449",
        "wikipedia": "ja:東海大学前駅"
      },
      "geometry": {
        "type": "Point",
        "coordinates": [
          139.2712335,
          35.37318
        ]
      },
      "id": "node/7812486745"
    },
    {
      "type": "Feature",
      "properties": {
        "@id": "node/7812486747",
        "alt_name:ko": "쓰루마키온센",
        "name": "鶴巻温泉",
        "name:en": "Tsurumaki-Onsen",
        "name:ja": "鶴巻温泉",
        "name:ja_rm": "Tsurumaki-Onsen",
        "name:ko": "쓰루마키온천",
        "name:ru": "Цурумаки-Онсэн",
        "public_transport": "station",
        "railway": "station",
        "ref": "OH37",
        "source": "KSJ2",
        "wheelchair": "yes",
        "wikidata": "Q4506211",
        "wikipedia": "ja:鶴巻温泉駅"
      },
      "geometry": {
        "type": "Point",
        "coordinates": [
          139.277533,
          35.3808042
        ]
      },
      "id": "node/7812486747"
    },
    {
      "type": "Feature",
      "properties": {
        "@id": "node/7812486749",
        "name": "愛甲石田",
        "name:en": "Aiko-Ishida",
        "name:ja": "愛甲石田",
        "name:ja-Hira": "あいこういしだ",
        "name:ja_rm": "Aikō-Ishida",
        "name:ko": "아이코이시다",
        "name:ru": "Аико-Исида",
        "name:zh": "爱甲石田",
        "public_transport": "station",
        "railway": "station",
        "ref": "OH35",
        "source": "KSJ2",
        "wikidata": "Q1107009",
        "wikipedia": "ja:愛甲石田駅"
      },
      "geometry": {
        "type": "Point",
        "coordinates": [
          139.3439291,
          35.4176172
        ]
      },
      "id": "node/7812486749"
    },
    {
      "type": "Feature",
      "properties": {
        "@id": "node/7812486751",
        "name": "栢山",
        "name:en": "Kayama",
        "name:ja": "栢山",
        "name:ko": "가야마",
        "name:ru": "Каяма",
        "network": "小田急電鉄",
        "network:en": "Odakyu Electric Railway",
        "network:ja": "小田急電鉄",
        "network:wikidata": "Q83584",
        "operator": "小田急電鉄",
        "public_transport": "station",
        "railway": "station",
        "ref": "OH43",
        "train": "yes",
        "wheelchair": "yes",
        "wikidata": "Q4218388",
        "wikipedia": "ja:栢山駅"
      },
      "geometry": {
        "type": "Point",
        "coordinates": [
          139.1424938,
          35.310934
        ]
      },
      "id": "node/7812486751"
    },
    {
      "type": "Feature",
      "properties": {
        "@id": "node/7812486753",
        "name": "富水",
        "name:en": "Tomizu",
        "name:ja": "富水",
        "name:ko": "도미즈",
        "name:ru": "Томидзу",
        "public_transport": "station",
        "railway": "station",
        "ref": "OH44",
        "source": "KSJ2",
        "wheelchair": "yes",
        "wikidata": "Q7818992",
        "wikipedia": "ja:富水駅"
      },
      "geometry": {
        "type": "Point",
        "coordinates": [
          139.1452993,
          35.2963033
        ]
      },
      "id": "node/7812486753"
    },
    {
      "type": "Feature",
      "properties": {
        "@id": "node/7812486755",
        "name": "螢田",
        "name:en": "Hotaruda",
        "name:ja": "螢田",
        "name:ko": "호타루다",
        "name:ru": "Хотаруда",
        "network": "小田急電鉄",
        "network:en": "Odakyu Electric Railway",
        "network:ja": "小田急電鉄",
        "network:wikidata": "Q83584",
        "operator": "小田急電鉄",
        "public_transport": "station",
        "railway": "station",
        "ref": "OH45",
        "source": "KSJ2",
        "train": "yes",
        "wikidata": "Q4500301",
        "wikipedia": "ja:螢田駅"
      },
      "geometry": {
        "type": "Point",
        "coordinates": [
          139.1520617,
          35.2850031
        ]
      },
      "id": "node/7812486755"
    },
    {
      "type": "Feature",
      "properties": {
        "@id": "node/7812486757",
        "name": "足柄",
        "name:en": "Ashigara",
        "name:ja": "足柄",
        "name:ko": "아시가라",
        "name:ru": "Асигара",
        "name:zh": "足柄",
        "network": "小田急電鉄",
        "network:en": "Odakyu Electric Railway",
        "network:ja": "小田急電鉄",
        "network:wikidata": "Q83584",
        "operator": "小田急電鉄",
        "public_transport": "station",
        "railway": "station",
        "ref": "OH46",
        "source": "KSJ2",
        "train": "yes",
        "wheelchair": "yes",
        "wikidata": "Q1108294",
        "wikipedia": "ja:足柄駅 (神奈川県)"
      },
      "geometry": {
        "type": "Point",
        "coordinates": [
          139.154451,
          35.2719382
        ]
      },
      "id": "node/7812486757"
    },
    {
      "type": "Feature",
      "properties": {
        "@id": "node/7834562492",
        "name": "若葉台",
        "name:en": "Wakabadai",
        "name:ja": "若葉台",
        "name:ja-Latn": "わかばだい",
        "name:ko": "와카바다이",
        "operator": "京王電鉄",
        "public_transport": "station",
        "railway": "station",
        "ref": "KO39",
        "source": "KSJ2",
        "wikidata": "Q4102591",
        "wikipedia": "ja:若葉台駅"
      },
      "geometry": {
        "type": "Point",
        "coordinates": [
          139.4726652,
          35.6193445
        ]
      },
      "id": "node/7834562492"
    },
    {
      "type": "Feature",
      "properties": {
        "@id": "node/7834562496",
        "name": "京王稲田堤",
        "name:en": "Keio-inadazutsumi",
        "name:ja": "京王稲田堤",
        "name:ja-Latn": "けいおういなだづつみ",
        "name:ja_rm": "Keiō Inadazutsumi",
        "name:ko": "게이오이나다즈쓰미",
        "note": "National-Land Numerical Information (Railway) 2007, MLIT Japan",
        "public_transport": "station",
        "railway": "station",
        "ref": "KO36",
        "source": "KSJ2",
        "source_ref": "http://nlftp.mlit.go.jp/ksj/jpgis/datalist/KsjTmplt-N02-v1_1.html",
        "wheelchair": "yes",
        "wikidata": "Q4251057",
        "wikipedia": "ja:京王稲田堤駅"
      },
      "geometry": {
        "type": "Point",
        "coordinates": [
          139.5309503,
          35.6337429
        ]
      },
      "id": "node/7834562496"
    },
    {
      "type": "Feature",
      "properties": {
        "@id": "node/7834575755",
        "contact:website": "https://www.jreast.co.jp/estation/station/info.aspx?StationCd=1235",
        "name": "八丁畷",
        "name:en": "Hatchonawate",
        "name:ja": "八丁畷",
        "name:ja-Hira": "はっちょうなわて",
        "name:ja-Latn": "Hatchōnawate",
        "name:ko": "핫초나와테",
        "operator": "東日本旅客鉄道",
        "operator:en": "East Japan Railway Company",
        "operator:ja": "東日本旅客鉄道",
        "operator:wikidata": "Q499071",
        "public_transport": "station",
        "railway": "station",
        "ref": "JN51",
        "wikidata": "Q5366338",
        "wikipedia": "ja:八丁畷駅"
      },
      "geometry": {
        "type": "Point",
        "coordinates": [
          139.6917276,
          35.5230147
        ]
      },
      "id": "node/7834575755"
    },
    {
      "type": "Feature",
      "properties": {
        "@id": "node/7834575757",
        "local_ref": "1",
        "name": "八丁畷",
        "name:en": "Hatchonawate",
        "name:ko": "핫초나와테",
        "public_transport": "lit",
        "railway": "station",
        "ref": "KK27",
        "wikidata": "Q5366338"
      },
      "geometry": {
        "type": "Point",
        "coordinates": [
          139.6913666,
          35.5229568
        ]
      },
      "id": "node/7834575757"
    },
    {
      "type": "Feature",
      "properties": {
        "@id": "node/7834808024",
        "gauge": "1435",
        "name": "京急川崎",
        "name:en": "Keikyu Kawasaki",
        "name:ja": "京急川崎",
        "name:ja-Hira": "けいきゅうかわさき",
        "name:ja-Latn": "Keikyū kawasaki",
        "name:ko": "게이큐가와사키",
        "note": "National-Land Numerical Information (Railway) 2007, MLIT Japan",
        "operator": "京浜急行電鉄",
        "operator:en": "Keikyu Corporation",
        "operator:ja": "京浜急行電鉄",
        "public_transport": "station",
        "railway": "station",
        "ref": "KK20",
        "source": "Bing",
        "source_ref": "http://nlftp.mlit.go.jp/ksj/jpgis/datalist/KsjTmplt-N02-v1_1.html",
        "website": "https://www.keikyu.co.jp/ride/kakueki/KK20.html",
        "wheelchair": "yes",
        "wikidata": "Q6383705",
        "wikipedia": "ja:京急川崎駅"
      },
      "geometry": {
        "type": "Point",
        "coordinates": [
          139.7007815,
          35.53283
        ]
      },
      "id": "node/7834808024"
    },
    {
      "type": "Feature",
      "properties": {
        "@id": "node/7834937707",
        "gauge": "1435",
        "name": "花月総持寺",
        "name:en": "Kagetsu-Sojiji",
        "name:ja": "花月総持寺",
        "name:ja-Hira": "かげつそうじじ",
        "name:ja_rm": "Kagetsu-Sojiji",
        "name:ko": "가게쓰소지지",
        "note": "National-Land Numerical Information (Railway) 2007, MLIT Japan",
        "old_name": "花月園前",
        "old_name:ko": "가게쓰엔마에",
        "operator": "京浜急行電鉄",
        "operator:en": "Keikyu Corporation",
        "operator:ja": "京浜急行電鉄",
        "public_transport": "station",
        "railway": "station",
        "ref": "KK30",
        "source": "Bing",
        "source_ref": "http://nlftp.mlit.go.jp/ksj/jpgis/datalist/KsjTmplt-N02-v1_1.html",
        "wikidata": "Q6346519",
        "wikipedia": "ja:花月総持寺駅"
      },
      "geometry": {
        "type": "Point",
        "coordinates": [
          139.6729989,
          35.5004391
        ]
      },
      "id": "node/7834937707"
    },
    {
      "type": "Feature",
      "properties": {
        "@id": "node/7834937709",
        "gauge": "1435",
        "name": "京急鶴見",
        "name:en": "Keikyu Tsurumi",
        "name:ja": "京急鶴見",
        "name:ja-Hira": "けいきゅうつるみ",
        "name:ja_rm": "Keikyū Tsurumi",
        "name:ko": "게이큐쓰루미",
        "note": "National-Land Numerical Information (Railway) 2007, MLIT Japan",
        "operator": "京浜急行電鉄",
        "operator:en": "Keikyu Corporation",
        "operator:ja": "京浜急行電鉄",
        "public_transport": "station",
        "railway": "station",
        "ref": "KK29",
        "source": "Bing",
        "source_ref": "http://nlftp.mlit.go.jp/ksj/jpgis/datalist/KsjTmplt-N02-v1_1.html",
        "wikidata": "Q5366409",
        "wikipedia": "ja:京急鶴見駅"
      },
      "geometry": {
        "type": "Point",
        "coordinates": [
          139.6780206,
          35.5072931
        ]
      },
      "id": "node/7834937709"
    },
    {
      "type": "Feature",
      "properties": {
        "@id": "node/7834937710",
        "gauge": "1435",
        "name": "鶴見市場",
        "name:en": "Tsurumi-ichiba",
        "name:ja": "鶴見市場",
        "name:ja-Hira": "つるみいちば",
        "name:ja_rm": "Tsurumi ichiba",
        "name:ko": "쓰루미이치바",
        "note": "National-Land Numerical Information (Railway) 2007, MLIT Japan",
        "operator": "京浜急行電鉄",
        "operator:en": "Keikyu Corporation",
        "operator:ja": "京浜急行電鉄",
        "public_transport": "station",
        "railway": "station",
        "ref": "KK28",
        "source": "Bing",
        "source_ref": "http://nlftp.mlit.go.jp/ksj/jpgis/datalist/KsjTmplt-N02-v1_1.html",
        "wikidata": "Q5361946",
        "wikipedia": "ja:鶴見市場駅"
      },
      "geometry": {
        "type": "Point",
        "coordinates": [
          139.6866962,
          35.5178357
        ]
      },
      "id": "node/7834937710"
    },
    {
      "type": "Feature",
      "properties": {
        "@id": "node/7841193477",
        "KSJ2:LIN": "相模線",
        "name": "原当麻",
        "name:en": "Harataima",
        "name:ja": "原当麻",
        "name:ja-Hira": "はらたいま",
        "name:ja_rm": "Harataima",
        "name:ko": "하라타이마",
        "public_transport": "station",
        "railway": "station",
        "wikidata": "Q5654301",
        "wikipedia": "ja:原当麻駅"
      },
      "geometry": {
        "type": "Point",
        "coordinates": [
          139.3751369,
          35.5292374
        ]
      },
      "id": "node/7841193477"
    },
    {
      "type": "Feature",
      "properties": {
        "@id": "node/7843726566",
        "ele": "337",
        "name": "大平台",
        "name:en": "Ohiradai",
        "name:fr": "Ohiradai",
        "name:ja": "大平台",
        "name:ja-Hira": "おおひらだい",
        "name:ja_rm": "Ōhiradai",
        "name:ko": "오히라다이",
        "name:ru": "Охирадай",
        "note": "National-Land Numerical Information (Railway) 2007, MLIT Japan",
        "note:ja": "国土数値情報（鉄道データ）平成19年 国土交通省",
        "operator": "箱根登山鉄道",
        "public_transport": "station",
        "railway": "station",
        "ref": "OH53",
        "source": "KSJ2",
        "source_ref": "http://nlftp.mlit.go.jp/ksj/jpgis/datalist/KsjTmplt-N02-v1_1.html",
        "wikidata": "Q8081501",
        "wikipedia": "ja:大平台駅"
      },
      "geometry": {
        "type": "Point",
        "coordinates": [
          139.0740227,
          35.2386538
        ]
      },
      "id": "node/7843726566"
    },
    {
      "type": "Feature",
      "properties": {
        "@id": "node/7843789528",
        "ele": "153",
        "name": "塔ノ沢",
        "name:en": "Tōnosawa",
        "name:fr": "Tōnosawa",
        "name:ja": "塔ノ沢",
        "name:ja-Hira": "とうのさわ",
        "name:ja-Latn": "Tōnosawa",
        "name:ko": "도노사와",
        "name:ru": "Тономсава",
        "note": "National-Land Numerical Information (Railway) 2007, MLIT Japan",
        "note:ja": "国土数値情報（鉄道データ）平成19年 国土交通省",
        "operator": "箱根登山鉄道",
        "operator:wikidata": "Q604174",
        "public_transport": "station",
        "railway": "station",
        "ref": "OH52",
        "source": "KSJ2",
        "source_ref": "http://nlftp.mlit.go.jp/ksj/jpgis/datalist/KsjTmplt-N02-v1_1.html",
        "start_date": "1920-10-21",
        "wikidata": "Q8189833",
        "wikipedia": "ja:塔ノ沢駅"
      },
      "geometry": {
        "type": "Point",
        "coordinates": [
          139.0940591,
          35.2345141
        ]
      },
      "id": "node/7843789528"
    },
    {
      "type": "Feature",
      "properties": {
        "@id": "node/7846698855",
        "KSJ2:LIN": "相模線",
        "KSJ2:RAS": "eb03_7606",
        "KSJ2:STN": "倉見",
        "KSJ2:segment": "eb02_16082",
        "mapillary": "575702131217318",
        "name": "倉見",
        "name:en": "Kurami",
        "name:ja": "倉見",
        "name:ja-Hira": "くらみ",
        "name:ja-Latn": "Kurami",
        "name:ko": "구라미",
        "public_transport": "station",
        "railway": "station",
        "wikidata": "Q6445569",
        "wikipedia": "ja:倉見駅"
      },
      "geometry": {
        "type": "Point",
        "coordinates": [
          139.3785759,
          35.3949502
        ]
      },
      "id": "node/7846698855"
    },
    {
      "type": "Feature",
      "properties": {
        "@id": "node/7856115775",
        "alt_name": "山下公園",
        "alt_name:en": "Yamashita-Koen",
        "name": "元町・中華街",
        "name:en": "Motomachi-chukagai",
        "name:es": "Motomachi-chukagai",
        "name:ja": "元町・中華街",
        "name:ja-Hira": "もとまち・ちゅうかがい",
        "name:ja_rm": "Motomachi chūkagai",
        "name:ko": "모토마치·주카가이",
        "operator": "横浜高速鉄道",
        "public_transport": "station",
        "railway": "station",
        "ref": "MM06",
        "train": "yes",
        "wikidata": "Q995359",
        "wikipedia": "ja:元町・中華街駅"
      },
      "geometry": {
        "type": "Point",
        "coordinates": [
          139.6509129,
          35.4421165
        ]
      },
      "id": "node/7856115775"
    },
    {
      "type": "Feature",
      "properties": {
        "@id": "node/7856115776",
        "alt_name": "県庁・大さん橋",
        "alt_name:en": "Kencho-Osambashi",
        "name": "日本大通り",
        "name:en": "Nihon-odori",
        "name:ja": "日本大通り",
        "name:ja-Hira": "にほんおおどおり",
        "name:ja_rm": "Nihon ōdōri",
        "name:ko": "니혼오도리",
        "note": "National-Land Numerical Information (Railway) 2007, MLIT Japan",
        "operator": "横浜高速鉄道",
        "public_transport": "station",
        "railway": "station",
        "ref": "MM05",
        "source": "KSJ2",
        "source_ref": "http://nlftp.mlit.go.jp/ksj/jpgis/datalist/KsjTmplt-N02-v1_1.html",
        "train": "yes",
        "wikidata": "Q7034272",
        "wikipedia": "ja:日本大通り駅"
      },
      "geometry": {
        "type": "Point",
        "coordinates": [
          139.6426718,
          35.4467354
        ]
      },
      "id": "node/7856115776"
    },
    {
      "type": "Feature",
      "properties": {
        "@id": "node/7856115777",
        "name": "馬車道",
        "name:en": "Bashamichi",
        "name:es": "Bashamichi",
        "name:ja": "馬車道",
        "name:ja-Hira": "ばしゃみち",
        "name:ja_rm": "Bashamichi",
        "name:ko": "바샤미치",
        "note": "National-Land Numerical Information (Railway) 2007, MLIT Japan",
        "operator": "横浜高速鉄道",
        "public_transport": "station",
        "railway": "station",
        "ref": "MM04",
        "source": "KSJ2",
        "source_ref": "http://nlftp.mlit.go.jp/ksj/jpgis/datalist/KsjTmplt-N02-v1_1.html",
        "train": "yes",
        "wheelchair": "yes",
        "wikidata": "Q4866771",
        "wikipedia": "ja:馬車道駅"
      },
      "geometry": {
        "type": "Point",
        "coordinates": [
          139.6362973,
          35.4501475
        ]
      },
      "id": "node/7856115777"
    },
    {
      "type": "Feature",
      "properties": {
        "@id": "node/7856115778",
        "name": "みなとみらい",
        "name:en": "Minatomirai",
        "name:ja": "みなとみらい",
        "name:ja-Hira": "みなとみらい",
        "name:ja_rm": "Minatomirai",
        "name:ko": "미나토미라이",
        "note": "National-Land Numerical Information (Railway) 2007, MLIT Japan",
        "operator": "横浜高速鉄道",
        "public_transport": "station",
        "railway": "station",
        "ref": "MM03",
        "source": "KSJ2",
        "source_ref": "http://nlftp.mlit.go.jp/ksj/jpgis/datalist/KsjTmplt-N02-v1_1.html",
        "train": "yes",
        "wheelchair": "no",
        "wikidata": "Q3299269",
        "wikipedia": "ja:みなとみらい駅"
      },
      "geometry": {
        "type": "Point",
        "coordinates": [
          139.6328453,
          35.4572327
        ]
      },
      "id": "node/7856115778"
    },
    {
      "type": "Feature",
      "properties": {
        "@id": "node/7856115779",
        "name": "新高島",
        "name:en": "Shin-Takashima",
        "name:ja": "新高島",
        "name:ja-Hira": "しんたかしま",
        "name:ja_rm": "Shin Takashima",
        "name:ko": "신타카시마",
        "note": "National-Land Numerical Information (Railway) 2007, MLIT Japan",
        "operator": "横浜高速鉄道",
        "public_transport": "station",
        "railway": "station",
        "ref": "MM02",
        "source": "KSJ2",
        "source_ref": "http://nlftp.mlit.go.jp/ksj/jpgis/datalist/KsjTmplt-N02-v1_1.html",
        "train": "yes",
        "wikidata": "Q854231",
        "wikipedia": "ja:新高島駅"
      },
      "geometry": {
        "type": "Point",
        "coordinates": [
          139.6266407,
          35.4619389
        ]
      },
      "id": "node/7856115779"
    },
    {
      "type": "Feature",
      "properties": {
        "@id": "node/7856860987",
        "gauge": "1435",
        "name": "京急富岡",
        "name:en": "Keikyu Tomioka",
        "name:ja": "京急富岡",
        "name:ja-Hira": "けいきゅうとみおか",
        "name:ja_rm": "Keikyū Tomioka",
        "name:ko": "게이큐도미오카",
        "operator": "京浜急行電鉄 (Keikyu Corporation)",
        "operator:en": "Keikyu Corporation",
        "operator:ja": "京浜急行電鉄",
        "public_transport": "station",
        "railway": "station",
        "ref": "KK47",
        "source": "KSJ2;Bing",
        "source_ref": "http://nlftp.mlit.go.jp/ksj/jpgis/datalist/KsjTmplt-N02-v1_1.html",
        "wikidata": "Q12060974",
        "wikipedia": "ja:京急富岡駅"
      },
      "geometry": {
        "type": "Point",
        "coordinates": [
          139.6297275,
          35.367138
        ]
      },
      "id": "node/7856860987"
    },
    {
      "type": "Feature",
      "properties": {
        "@id": "node/7856860988",
        "gauge": "1435",
        "name": "杉田",
        "name:en": "Sugita",
        "name:ja": "杉田",
        "name:ja-Hira": "すぎた",
        "name:ja_rm": "Sugita",
        "name:ko": "스기타",
        "operator": "京浜急行電鉄 (Keikyu Corporation)",
        "operator:en": "Keikyu Corporation",
        "operator:ja": "京浜急行電鉄",
        "public_transport": "station",
        "railway": "station",
        "ref": "KK46",
        "source": "Bing",
        "source_ref": "http://nlftp.mlit.go.jp/ksj/jpgis/datalist/KsjTmplt-N02-v1_1.html",
        "wheelchair": "yes",
        "wikidata": "Q7635125",
        "wikipedia": "ja:杉田駅 (神奈川県)"
      },
      "geometry": {
        "type": "Point",
        "coordinates": [
          139.6158657,
          35.3835666
        ]
      },
      "id": "node/7856860988"
    },
    {
      "type": "Feature",
      "properties": {
        "@id": "node/7856860990",
        "gauge": "1435",
        "name": "屏風浦",
        "name:en": "Byobugaura",
        "name:ja": "屏風浦",
        "name:ja-Hira": "びょうぶがうら",
        "name:ja_rm": "Byōbugaura",
        "name:ko": "뵤부가우라",
        "operator": "京浜急行電鉄 (Keikyu Corporation)",
        "operator:en": "Keikyu Corporation",
        "operator:ja": "京浜急行電鉄",
        "public_transport": "station",
        "railway": "station",
        "ref": "KK45",
        "source": "Bing",
        "source_ref": "http://nlftp.mlit.go.jp/ksj/jpgis/datalist/KsjTmplt-N02-v1_1.html",
        "toilets:wheelchair": "yes",
        "wheelchair": "yes",
        "wikidata": "Q5004739",
        "wikipedia": "ja:屏風浦駅"
      },
      "geometry": {
        "type": "Point",
        "coordinates": [
          139.6103847,
          35.3942114
        ]
      },
      "id": "node/7856860990"
    },
    {
      "type": "Feature",
      "properties": {
        "@id": "node/7856860992",
        "gauge": "1435",
        "name": "上大岡",
        "name:en": "Kamiooka",
        "name:ja": "上大岡",
        "name:ja-Hira": "かみおおおか",
        "name:ja_rm": "Kamiōoka",
        "name:ko": "가미오오카",
        "network": "京浜急行電鉄本線",
        "operator": "京浜急行電鉄",
        "operator:en": "Keikyu Corporation",
        "operator:ja": "京浜急行電鉄",
        "public_transport": "station",
        "railway": "station",
        "ref": "KK44",
        "source": "Bing",
        "source_ref": "http://nlftp.mlit.go.jp/ksj/jpgis/datalist/KsjTmplt-N02-v1_1.html",
        "wikidata": "Q865627",
        "wikipedia": "ja:上大岡駅"
      },
      "geometry": {
        "type": "Point",
        "coordinates": [
          139.5966277,
          35.4090607
        ]
      },
      "id": "node/7856860992"
    },
    {
      "type": "Feature",
      "properties": {
        "@id": "node/7856860996",
        "gauge": "1435",
        "name": "弘明寺",
        "name:en": "Gumyoji",
        "name:ja": "弘明寺",
        "name:ja-Hira": "ぐみょうじ",
        "name:ja_rm": "Gumyōji",
        "name:ko": "구묘지",
        "network": "京浜急行電鉄本線",
        "note": "National-Land Numerical Information (Railway) 2007, MLIT Japan",
        "operator": "京浜急行電鉄",
        "operator:en": "Keikyu Corporation",
        "operator:ja": "京浜急行電鉄",
        "public_transport": "station",
        "railway": "station",
        "ref": "KK43",
        "source": "Bing",
        "source_ref": "http://nlftp.mlit.go.jp/ksj/jpgis/datalist/KsjTmplt-N02-v1_1.html",
        "wheelchair": "limited",
        "wikidata": "Q5362509",
        "wikipedia": "ja:弘明寺駅 (京急)"
      },
      "geometry": {
        "type": "Point",
        "coordinates": [
          139.5967939,
          35.4243499
        ]
      },
      "id": "node/7856860996"
    },
    {
      "type": "Feature",
      "properties": {
        "@id": "node/7856860997",
        "gauge": "1435",
        "name": "井土ヶ谷",
        "name:en": "Idogaya",
        "name:es": "Idogaya",
        "name:ja": "井土ヶ谷",
        "name:ja-Hira": "いどがや",
        "name:ja_rm": "Idogaya",
        "name:ko": "이도가야",
        "note": "National-Land Numerical Information (Railway) 2007, MLIT Japan",
        "operator": "京浜急行電鉄",
        "operator:en": "Keikyu Corporation",
        "operator:ja": "京浜急行電鉄",
        "public_transport": "station",
        "railway": "station",
        "ref": "KK42",
        "source": "Bing",
        "source_ref": "http://nlftp.mlit.go.jp/ksj/jpgis/datalist/KsjTmplt-N02-v1_1.html",
        "wikidata": "Q5989285",
        "wikipedia": "ja:井土ヶ谷駅"
      },
      "geometry": {
        "type": "Point",
        "coordinates": [
          139.6005383,
          35.4339314
        ]
      },
      "id": "node/7856860997"
    },
    {
      "type": "Feature",
      "properties": {
        "@id": "node/7856860998",
        "gauge": "1435",
        "name": "南太田",
        "name:en": "Minamiota",
        "name:ja": "南太田",
        "name:ja-Hira": "みなみおおた",
        "name:ja_rm": "Minami Ōta",
        "name:ko": "미나미오타",
        "note": "National-Land Numerical Information (Railway) 2007, MLIT Japan",
        "operator": "京浜急行電鉄",
        "operator:en": "Keikyu Corporation",
        "operator:ja": "京浜急行電鉄",
        "public_transport": "station",
        "railway": "station",
        "ref": "KK41",
        "source": "Bing",
        "source_ref": "http://nlftp.mlit.go.jp/ksj/jpgis/datalist/KsjTmplt-N02-v1_1.html",
        "wheelchair": "yes",
        "wikidata": "Q6863036",
        "wikipedia": "ja:南太田駅"
      },
      "geometry": {
        "type": "Point",
        "coordinates": [
          139.6131635,
          35.4368194
        ]
      },
      "id": "node/7856860998"
    },
    {
      "type": "Feature",
      "properties": {
        "@id": "node/7856861001",
        "gauge": "1435",
        "name": "黄金町",
        "name:en": "Koganecho",
        "name:ja": "黄金町",
        "name:ja-Hira": "こがねちょう",
        "name:ja_rm": "Koganechō",
        "name:ko": "고가네초",
        "note": "National-Land Numerical Information (Railway) 2007, MLIT Japan",
        "operator": "京浜急行電鉄",
        "operator:en": "Keikyu Corporation",
        "operator:ja": "京浜急行電鉄",
        "public_transport": "station",
        "railway": "station",
        "ref": "KK40",
        "source": "Bing",
        "source_ref": "http://nlftp.mlit.go.jp/ksj/jpgis/datalist/KsjTmplt-N02-v1_1.html",
        "wikidata": "Q6425766",
        "wikipedia": "ja:黄金町駅"
      },
      "geometry": {
        "type": "Point",
        "coordinates": [
          139.623152,
          35.4399236
        ]
      },
      "id": "node/7856861001"
    },
    {
      "type": "Feature",
      "properties": {
        "@id": "node/7856861002",
        "gauge": "1435",
        "name": "日ノ出町",
        "name:en": "Hinodecho",
        "name:ja": "日ノ出町",
        "name:ja-Hira": "ひのでちょう",
        "name:ja_rm": "Hinodechō",
        "name:ko": "히노데초",
        "note": "National-Land Numerical Information (Railway) 2007, MLIT Japan",
        "operator": "京浜急行電鉄",
        "operator:en": "Keikyu Corporation",
        "operator:ja": "京浜急行電鉄",
        "public_transport": "station",
        "railway": "station",
        "ref": "KK39",
        "source": "Bing",
        "source_ref": "http://nlftp.mlit.go.jp/ksj/jpgis/datalist/KsjTmplt-N02-v1_1.html",
        "wikidata": "Q5767411",
        "wikipedia": "ja:日ノ出町駅"
      },
      "geometry": {
        "type": "Point",
        "coordinates": [
          139.6267113,
          35.4455466
        ]
      },
      "id": "node/7856861002"
    },
    {
      "type": "Feature",
      "properties": {
        "@id": "node/7856861003",
        "gauge": "1435",
        "name": "戸部",
        "name:en": "Tobe",
        "name:ja": "戸部",
        "name:ja-Hira": "とべ",
        "name:ja_rm": "Tobe",
        "name:ko": "도베",
        "note": "National-Land Numerical Information (Railway) 2007, MLIT Japan",
        "operator": "京浜急行電鉄",
        "operator:en": "Keikyu Corporation",
        "operator:ja": "京浜急行電鉄",
        "public_transport": "station",
        "railway": "station",
        "ref": "KK38",
        "source": "Bing",
        "source_ref": "http://nlftp.mlit.go.jp/ksj/jpgis/datalist/KsjTmplt-N02-v1_1.html",
        "wikidata": "Q7811562",
        "wikipedia": "ja:戸部駅"
      },
      "geometry": {
        "type": "Point",
        "coordinates": [
          139.6195351,
          35.4567461
        ]
      },
      "id": "node/7856861003"
    },
    {
      "type": "Feature",
      "properties": {
        "@id": "node/7856861004",
        "gauge": "1435",
        "name": "京急東神奈川",
        "name:en": "Keikyu Higashi-Kanagawa",
        "name:ja": "京急東神奈川",
        "name:ja-Hira": "けいきゅうひがしかながわ",
        "name:ja-Latn": "Keikyū Higashi-Kanagawa",
        "name:ko": "게이큐 히가시카나가와",
        "old_name": "仲木戸",
        "operator": "京浜急行電鉄",
        "operator:en": "Keikyu Corporation",
        "operator:ja": "京浜急行電鉄",
        "public_transport": "station",
        "railway": "station",
        "ref": "KK35",
        "source": "Bing",
        "wikidata": "Q6960205",
        "wikipedia": "ja:京急東神奈川駅"
      },
      "geometry": {
        "type": "Point",
        "coordinates": [
          139.6345454,
          35.477267
        ]
      },
      "id": "node/7856861004"
    },
    {
      "type": "Feature",
      "properties": {
        "@id": "node/7857842365",
        "KSJ2:LIN": "本線",
        "gauge": "1435",
        "name": "馬堀海岸",
        "name:en": "Maborikaigan",
        "name:ja": "馬堀海岸",
        "name:ja-Hira": "まぼりかいがん",
        "name:ja_rm": "Mabori kaigan",
        "name:ko": "마보리카이간",
        "note": "National-Land Numerical Information (Railway) 2007, MLIT Japan",
        "note:ja": "国土数値情報（鉄道データ）平成19年 国土交通省",
        "operator": "京浜急行電鉄 (Keikyu Corporation)",
        "operator:en": "Keikyu Corporation",
        "operator:ja": "京浜急行電鉄",
        "public_transport": "station",
        "railway": "station",
        "ref": "KK63",
        "source": "Bing",
        "source_ref": "http://nlftp.mlit.go.jp/ksj/jpgis/datalist/KsjTmplt-N02-v1_1.html",
        "wikidata": "Q5370891",
        "wikipedia": "ja:馬堀海岸駅"
      },
      "geometry": {
        "type": "Point",
        "coordinates": [
          139.7076389,
          35.2595912
        ]
      },
      "id": "node/7857842365"
    },
    {
      "type": "Feature",
      "properties": {
        "@id": "node/7857842367",
        "KSJ2:LIN": "本線",
        "gauge": "1435",
        "name": "京急大津",
        "name:en": "Keikyu Otsu",
        "name:ja": "京急大津",
        "name:ja-Hira": "けいきゅうおおつ",
        "name:ja_rm": "Keikyū Ōtsu",
        "name:ko": "게이큐오쓰",
        "note": "National-Land Numerical Information (Railway) 2007, MLIT Japan",
        "note:ja": "国土数値情報（鉄道データ）平成19年 国土交通省",
        "operator": "京浜急行電鉄 (Keikyu Corporation)",
        "operator:en": "Keikyu Corporation",
        "operator:ja": "京浜急行電鉄",
        "public_transport": "station",
        "railway": "station",
        "ref": "KK62",
        "source": "Bing",
        "source_ref": "http://nlftp.mlit.go.jp/ksj/jpgis/datalist/KsjTmplt-N02-v1_1.html",
        "wikidata": "Q5370884",
        "wikipedia": "ja:京急大津駅"
      },
      "geometry": {
        "type": "Point",
        "coordinates": [
          139.6958245,
          35.2608571
        ]
      },
      "id": "node/7857842367"
    },
    {
      "type": "Feature",
      "properties": {
        "@id": "node/7857842369",
        "KSJ2:LIN": "本線",
        "alt_name:ko": "겐리쓰다이가쿠",
        "gauge": "1435",
        "name": "県立大学",
        "name:en": "Kenritsudaigaku",
        "name:ja": "県立大学",
        "name:ja-Hira": "けんりつだいがく",
        "name:ja_rm": "Kenritsu daigaku",
        "name:ko": "현립대학",
        "note": "National-Land Numerical Information (Railway) 2007, MLIT Japan",
        "note:ja": "国土数値情報（鉄道データ）平成19年 国土交通省",
        "operator": "京浜急行電鉄 (Keikyu Corporation)",
        "operator:en": "Keikyu Corporation",
        "operator:ja": "京浜急行電鉄",
        "public_transport": "station",
        "railway": "station",
        "ref": "KK60",
        "source": "Bing",
        "source_ref": "http://nlftp.mlit.go.jp/ksj/jpgis/datalist/KsjTmplt-N02-v1_1.html",
        "wikidata": "Q6391354",
        "wikipedia": "ja:県立大学駅"
      },
      "geometry": {
        "type": "Point",
        "coordinates": [
          139.6766355,
          35.2702905
        ]
      },
      "id": "node/7857842369"
    },
    {
      "type": "Feature",
      "properties": {
        "@id": "node/7857842370",
        "gauge": "1435",
        "name": "横須賀中央",
        "name:en": "Yokosuka-chuo",
        "name:ja": "横須賀中央",
        "name:ja-Hira": "よこすかちゅうおう",
        "name:ja_rm": "Yokosuka chūō",
        "name:ko": "요코스카추오",
        "operator": "京浜急行電鉄 (Keikyu Corporation)",
        "operator:en": "Keikyu Corporation",
        "operator:ja": "京浜急行電鉄",
        "public_transport": "station",
        "railway": "station",
        "ref": "KK59",
        "source": "Bing",
        "source_ref": "http://nlftp.mlit.go.jp/ksj/jpgis/datalist/KsjTmplt-N02-v1_1.html",
        "toilets:wheelchair": "yes",
        "wheelchair": "yes",
        "wikidata": "Q8054669",
        "wikipedia": "ja:横須賀中央駅"
      },
      "geometry": {
        "type": "Point",
        "coordinates": [
          139.670433,
          35.2784995
        ]
      },
      "id": "node/7857842370"
    },
    {
      "type": "Feature",
      "properties": {
        "@id": "node/7857842371",
        "gauge": "1435",
        "name": "汐入",
        "name:en": "Shioiri",
        "name:ja": "汐入",
        "name:ja-Hira": "しおいり",
        "name:ja_rm": "Shioiri",
        "name:ko": "시오이리",
        "public_transport": "station",
        "railway": "station",
        "ref": "KK58",
        "source": "KSJ2",
        "source_ref": "http://nlftp.mlit.go.jp/ksj/jpgis/datalist/KsjTmplt-N02-v1_1.html",
        "wikidata": "Q7497872",
        "wikipedia": "ja:汐入駅"
      },
      "geometry": {
        "type": "Point",
        "coordinates": [
          139.6621587,
          35.2802909
        ]
      },
      "id": "node/7857842371"
    },
    {
      "type": "Feature",
      "properties": {
        "@id": "node/7857842373",
        "gauge": "1435",
        "name": "逸見",
        "name:en": "Hemi",
        "name:ja": "逸見",
        "name:ja-Hira": "へみ",
        "name:ja_rm": "Hemi",
        "name:ko": "헤미",
        "operator": "京浜急行電鉄 (Keikyu Corporation)",
        "operator:en": "Keikyu Corporation",
        "operator:ja": "京浜急行電鉄",
        "public_transport": "station",
        "railway": "station",
        "ref": "KK57",
        "source": "Bing",
        "source_ref": "http://nlftp.mlit.go.jp/ksj/jpgis/datalist/KsjTmplt-N02-v1_1.html",
        "wikidata": "Q5711388",
        "wikipedia": "ja:逸見駅"
      },
      "geometry": {
        "type": "Point",
        "coordinates": [
          139.6528199,
          35.2805449
        ]
      },
      "id": "node/7857842373"
    },
    {
      "type": "Feature",
      "properties": {
        "@id": "node/7857842374",
        "gauge": "1435",
        "name": "安針塚",
        "name:en": "Anjinzuka",
        "name:ja": "安針塚",
        "name:ja-Hira": "あんじんづか",
        "name:ja_rm": "Anjinzuka",
        "name:ko": "안진즈카",
        "operator": "京浜急行電鉄",
        "operator:en": "Keikyu Corporation",
        "operator:ja": "京浜急行電鉄",
        "public_transport": "station",
        "railway": "station",
        "ref": "KK56",
        "source": "Bing",
        "source_ref": "http://nlftp.mlit.go.jp/ksj/jpgis/datalist/KsjTmplt-N02-v1_1.html",
        "wikidata": "Q4765822",
        "wikipedia": "ja:安針塚駅"
      },
      "geometry": {
        "type": "Point",
        "coordinates": [
          139.6430319,
          35.2866492
        ]
      },
      "id": "node/7857842374"
    },
    {
      "type": "Feature",
      "properties": {
        "@id": "node/7857842376",
        "gauge": "1435",
        "name": "京急田浦",
        "name:en": "Keikyu-Taura",
        "name:ja": "京急田浦",
        "name:ja-Hira": "けいきゅうたうら",
        "name:ja_rm": "Keikyū Taura",
        "name:ko": "게이큐다우라",
        "operator": "京浜急行電鉄 (Keikyu Corporation)",
        "operator:en": "Keikyu Corporation",
        "operator:ja": "京浜急行電鉄",
        "public_transport": "station",
        "railway": "station",
        "ref": "KK55",
        "source": "KSJ2;Bing",
        "source_ref": "http://nlftp.mlit.go.jp/ksj/jpgis/datalist/KsjTmplt-N02-v1_1.html",
        "wikidata": "Q6383711",
        "wikipedia": "ja:京急田浦駅"
      },
      "geometry": {
        "type": "Point",
        "coordinates": [
          139.6255173,
          35.3008945
        ]
      },
      "id": "node/7857842376"
    },
    {
      "type": "Feature",
      "properties": {
        "@id": "node/7857842377",
        "gauge": "1435",
        "name": "追浜",
        "name:en": "Oppama",
        "name:ja": "追浜",
        "name:ja-Hira": "おっぱま",
        "name:ja_rm": "Oppama",
        "name:ko": "옷파마",
        "operator": "京浜急行電鉄",
        "operator:en": "Keikyu Corporation",
        "operator:ja": "京浜急行電鉄",
        "public_transport": "station",
        "railway": "station",
        "ref": "KK54",
        "source": "Bing",
        "source_ref": "http://nlftp.mlit.go.jp/ksj/jpgis/datalist/KsjTmplt-N02-v1_1.html",
        "wikidata": "Q7098536",
        "wikipedia": "ja:追浜駅"
      },
      "geometry": {
        "type": "Point",
        "coordinates": [
          139.6248191,
          35.315811
        ]
      },
      "id": "node/7857842377"
    },
    {
      "type": "Feature",
      "properties": {
        "@id": "node/7857902092",
        "gauge": "1435",
        "name": "能見台",
        "name:en": "Nokendai",
        "name:ja": "能見台",
        "name:ja-Hira": "のうけんだい",
        "name:ja_rm": "Nōkendai",
        "name:ko": "노켄다이",
        "operator": "京浜急行電鉄 (Keikyu Corporation)",
        "operator:en": "Keikyu Corporation",
        "operator:ja": "京浜急行電鉄",
        "public_transport": "station",
        "railway": "station",
        "ref": "KK48",
        "source": "Bing",
        "source_ref": "http://nlftp.mlit.go.jp/ksj/jpgis/datalist/KsjTmplt-N02-v1_1.html",
        "wikidata": "Q7071606",
        "wikipedia": "ja:能見台駅"
      },
      "geometry": {
        "type": "Point",
        "coordinates": [
          139.6294203,
          35.3608505
        ]
      },
      "id": "node/7857902092"
    },
    {
      "type": "Feature",
      "properties": {
        "@id": "node/7865831100",
        "contact:website": "https://www.keikyu.co.jp/ride/kakueki/KK53.html",
        "name": "逗子・葉山",
        "name:en": "Zushi・Hayama",
        "name:ja": "逗子・葉山",
        "name:ja-Hira": "ずし・はやま",
        "name:ja_rm": "Zushi・Hayama",
        "name:ko": "즈시 ・하야마",
        "old_name": "新逗子",
        "operator": "京浜急行電鉄",
        "operator:en": "Keikyu Corporation",
        "operator:ja": "京浜急行電鉄",
        "public_transport": "station",
        "railway": "station",
        "ref": "KK53",
        "source": "Bing",
        "source_ref": "http://nlftp.mlit.go.jp/ksj/jpgis/datalist/KsjTmplt-N02-v1_1.html",
        "wheelchair": "yes",
        "wikidata": "Q3266545",
        "wikipedia": "ja:逗子・葉山駅"
      },
      "geometry": {
        "type": "Point",
        "coordinates": [
          139.5803465,
          35.294047
        ]
      },
      "id": "node/7865831100"
    },
    {
      "type": "Feature",
      "properties": {
        "@id": "node/7865832908",
        "name": "神武寺",
        "name:en": "Jimmuji",
        "name:ja": "神武寺",
        "name:ja-Hira": "じんむじ",
        "name:ja_rm": "Jimmuji",
        "name:ko": "진무지",
        "operator": "京浜急行電鉄",
        "operator:en": "Keikyu Corporation",
        "operator:ja": "京浜急行電鉄",
        "public_transport": "station",
        "railway": "station",
        "ref": "KK52",
        "source": "Bing",
        "source_ref": "http://nlftp.mlit.go.jp/ksj/jpgis/datalist/KsjTmplt-N02-v1_1.html",
        "wikidata": "Q6199430",
        "wikipedia": "ja:神武寺駅"
      },
      "geometry": {
        "type": "Point",
        "coordinates": [
          139.5932669,
          35.306427
        ]
      },
      "id": "node/7865832908"
    },
    {
      "type": "Feature",
      "properties": {
        "@id": "node/7878805491",
        "name": "港町",
        "name:en": "Minatocho",
        "name:ja": "港町",
        "name:ja-Hira": "みなとちょう",
        "name:ja_rm": "Minatochō",
        "name:ko": "미나토초",
        "note": "National-Land Numerical Information (Railway) 2007, MLIT Japan",
        "operator": "京浜急行電鉄 (Keikyu Corporation)",
        "operator:en": "Keikyu Corporation",
        "operator:ja": "京浜急行電鉄",
        "public_transport": "station",
        "railway": "station",
        "ref": "KK21",
        "source": "Bing",
        "source_ref": "http://nlftp.mlit.go.jp/ksj/jpgis/datalist/KsjTmplt-N02-v1_1.html",
        "wikidata": "Q6863265",
        "wikipedia": "ja:港町駅"
      },
      "geometry": {
        "type": "Point",
        "coordinates": [
          139.7124679,
          35.5350326
        ]
      },
      "id": "node/7878805491"
    },
    {
      "type": "Feature",
      "properties": {
        "@id": "node/7878805493",
        "name": "川崎大師",
        "name:en": "Kawasakidaishi",
        "name:ja": "川崎大師",
        "name:ja-Hira": "かわさきだいし",
        "name:ja_rm": "Kawasaki daishi",
        "name:ko": "가와사키다이시",
        "note": "National-Land Numerical Information (Railway) 2007, MLIT Japan",
        "operator": "京浜急行電鉄",
        "operator:en": "Keikyu Corporation",
        "operator:ja": "京浜急行電鉄",
        "platforms": "2",
        "public_transport": "station",
        "railway": "station",
        "ref": "KK23",
        "source": "Bing",
        "source_ref": "http://nlftp.mlit.go.jp/ksj/jpgis/datalist/KsjTmplt-N02-v1_1.html",
        "wikidata": "Q6379720",
        "wikipedia": "ja:川崎大師駅"
      },
      "geometry": {
        "type": "Point",
        "coordinates": [
          139.7260897,
          35.5357943
        ]
      },
      "id": "node/7878805493"
    },
    {
      "type": "Feature",
      "properties": {
        "@id": "node/7878805495",
        "name": "大師橋",
        "name:en": "Daishibashi",
        "name:es": "Daishibashi",
        "name:ja": "大師橋",
        "name:ja-Hira": "だいしばし",
        "name:ja_rm": "Daishibashi",
        "name:ko": "대사 교",
        "note": "National-Land Numerical Information (Railway) 2007, MLIT Japan",
        "old_name": "産業道路",
        "operator": "京浜急行電鉄",
        "operator:en": "Keikyu Corporation",
        "operator:ja": "京浜急行電鉄",
        "platforms": "2",
        "public_transport": "station",
        "railway": "station",
        "ref": "KK25",
        "source": "Bing",
        "source_ref": "http://nlftp.mlit.go.jp/ksj/jpgis/datalist/KsjTmplt-N02-v1_1.html",
        "wikidata": "Q7418195",
        "wikipedia": "ja:大師橋駅"
      },
      "geometry": {
        "type": "Point",
        "coordinates": [
          139.7405764,
          35.5366217
        ]
      },
      "id": "node/7878805495"
    },
    {
      "type": "Feature",
      "properties": {
        "@id": "node/7880004770",
        "ele": "36",
        "name": "風祭",
        "name:en": "Kazamatsuri",
        "name:fr": "Kanazamatsuri",
        "name:ja": "風祭",
        "name:ja-Hira": "かざまつり",
        "name:ja-Latn": "Kazamatsuri",
        "name:ko": "가자마쓰리",
        "name:ru": "Кадзамацури",
        "operator": "箱根登山鉄道",
        "public_transport": "station",
        "railway": "station",
        "ref": "OH49",
        "source": "KSJ2",
        "wheelchair": "yes",
        "wikidata": "Q6380859",
        "wikipedia": "ja:風祭駅"
      },
      "geometry": {
        "type": "Point",
        "coordinates": [
          139.129344,
          35.2462728
        ]
      },
      "id": "node/7880004770"
    },
    {
      "type": "Feature",
      "properties": {
        "@id": "node/7880012700",
        "funicular": "yes",
        "name:en": "Gōra",
        "name:fr": "Gōra",
        "name:ja-Hira": "ごうら",
        "name:ja-Latn": "Gōra",
        "public_transport": "stop_position",
        "railway": "station",
        "start_date": "1919-06-01",
        "station": "funicular"
      },
      "geometry": {
        "type": "Point",
        "coordinates": [
          139.0480501,
          35.2507799
        ]
      },
      "id": "node/7880012700"
    },
    {
      "type": "Feature",
      "properties": {
        "@id": "node/7880016360",
        "ele": "16",
        "name": "箱根板橋",
        "name:en": "Hakone-Itabashi",
        "name:fr": "Hakone-Itabashi",
        "name:ja": "箱根板橋",
        "name:ja-Hira": "はこねいたばし",
        "name:ja-Latn": "Hakone Itabashi",
        "name:ko": "하코네이타바시",
        "name:ru": "Хаконэ-Итабаси",
        "operator": "箱根登山鉄道",
        "public_transport": "station",
        "railway": "station",
        "ref": "OH48",
        "source": "KSJ2",
        "wikidata": "Q8281276",
        "wikipedia": "ja:箱根板橋駅"
      },
      "geometry": {
        "type": "Point",
        "coordinates": [
          139.1450197,
          35.2451989
        ]
      },
      "id": "node/7880016360"
    },
    {
      "type": "Feature",
      "properties": {
        "@id": "node/7880040119",
        "ele": "523",
        "name": "小涌谷",
        "name:en": "Kowakidani",
        "name:fr": "Kowakidani",
        "name:ja": "小涌谷",
        "name:ja-Hira": "こわきだに",
        "name:ja_rm": "Kowakidani",
        "name:ko": "고와키다니",
        "name:ru": "Ковакидани",
        "note": "National-Land Numerical Information (Railway) 2007, MLIT Japan",
        "operator": "箱根登山鉄道",
        "public_transport": "station",
        "railway": "station",
        "ref": "OH55",
        "source": "KSJ2",
        "source_ref": "http://nlftp.mlit.go.jp/ksj/jpgis/datalist/KsjTmplt-N02-v1_1.html",
        "train": "yes",
        "wikidata": "Q994123",
        "wikipedia": "ja:小涌谷駅"
      },
      "geometry": {
        "type": "Point",
        "coordinates": [
          139.0528473,
          35.2405028
        ]
      },
      "id": "node/7880040119"
    },
    {
      "type": "Feature",
      "properties": {
        "@id": "node/7880051246",
        "ele": "54",
        "name": "入生田",
        "name:en": "Iriuda",
        "name:fr": "Iriuda",
        "name:ja": "入生田",
        "name:ja-Hira": "いりうだ",
        "name:ja-Latn": "Iriuda",
        "name:ko": "이리우다",
        "name:ru": "Ируида",
        "operator": "箱根登山鉄道",
        "public_transport": "station",
        "railway": "station",
        "ref": "OH50",
        "source": "KSJ2",
        "wikidata": "Q6071878",
        "wikipedia": "ja:入生田駅"
      },
      "geometry": {
        "type": "Point",
        "coordinates": [
          139.1212431,
          35.2408643
        ]
      },
      "id": "node/7880051246"
    },
    {
      "type": "Feature",
      "properties": {
        "@id": "node/7888589498",
        "KSJ2:LIN": "久里浜線",
        "name": "新大津",
        "name:en": "Shin-otsu",
        "name:ja": "新大津",
        "name:ja-Hira": "しんおおつ",
        "name:ja_rm": "Shin Ōtsu",
        "name:ko": "신오쓰",
        "note": "National-Land Numerical Information (Railway) 2007, MLIT Japan",
        "note:ja": "国土数値情報（鉄道データ）平成19年 国土交通省",
        "operator": "京浜急行電鉄",
        "operator:en": "Keikyu Corporation",
        "operator:ja": "京浜急行電鉄",
        "public_transport": "station",
        "railway": "station",
        "ref": "KK62",
        "source": "Bing",
        "source_ref": "http://nlftp.mlit.go.jp/ksj/jpgis/datalist/KsjTmplt-N02-v1_1.html",
        "wikidata": "Q5370229",
        "wikipedia": "ja:新大津駅"
      },
      "geometry": {
        "type": "Point",
        "coordinates": [
          139.6900836,
          35.2568206
        ]
      },
      "id": "node/7888589498"
    },
    {
      "type": "Feature",
      "properties": {
        "@id": "node/7888589500",
        "KSJ2:LIN": "久里浜線",
        "name": "京急久里浜",
        "name:en": "Keikyu Kurihama",
        "name:ja": "京急久里浜",
        "name:ja-Hira": "けいきゅうくりはま",
        "name:ja_rm": "Keikyū Kurihama",
        "name:ko": "게이큐구리하마",
        "note": "National-Land Numerical Information (Railway) 2007, MLIT Japan",
        "note:ja": "国土数値情報（鉄道データ）平成19年 国土交通省",
        "operator": "京浜急行電鉄",
        "operator:en": "Keikyu Corporation",
        "operator:ja": "京浜急行電鉄",
        "public_transport": "station",
        "railway": "station",
        "ref": "KK67",
        "source": "Bing",
        "source_ref": "http://nlftp.mlit.go.jp/ksj/jpgis/datalist/KsjTmplt-N02-v1_1.html",
        "toilets:wheelchair": "yes",
        "wheelchair": "yes",
        "wikidata": "Q6383706",
        "wikipedia": "ja:京急久里浜駅"
      },
      "geometry": {
        "type": "Point",
        "coordinates": [
          139.702245,
          35.2313499
        ]
      },
      "id": "node/7888589500"
    },
    {
      "type": "Feature",
      "properties": {
        "@id": "node/7888589503",
        "KSJ2:LIN": "久里浜線",
        "name": "YRP野比",
        "name:en": "YRP Nobi",
        "name:ja": "YRP野比",
        "name:ja-Hira": "わいあーるぴーのび",
        "name:ja_rm": "YRP Nobi",
        "name:ko": "YRP노비",
        "note": "National-Land Numerical Information (Railway) 2007, MLIT Japan",
        "note:ja": "国土数値情報（鉄道データ）平成19年 国土交通省",
        "operator": "京浜急行電鉄",
        "operator:en": "Keikyu Corporation",
        "operator:ja": "京浜急行電鉄",
        "public_transport": "station",
        "railway": "station",
        "ref": "KK68",
        "source": "Bing",
        "source_ref": "http://nlftp.mlit.go.jp/ksj/jpgis/datalist/KsjTmplt-N02-v1_1.html",
        "wheelchair": "yes",
        "wikidata": "Q8046018",
        "wikipedia": "ja:YRP野比駅"
      },
      "geometry": {
        "type": "Point",
        "coordinates": [
          139.6849914,
          35.2121005
        ]
      },
      "id": "node/7888589503"
    },
    {
      "type": "Feature",
      "properties": {
        "@id": "node/7888589505",
        "KSJ2:LIN": "久里浜線",
        "name": "北久里浜",
        "name:en": "Kitakurihama",
        "name:ja": "北久里浜",
        "name:ja-Hira": "きたくりはま",
        "name:ja_rm": "Kita Kurihama",
        "name:ko": "기타쿠리하마",
        "note": "National-Land Numerical Information (Railway) 2007, MLIT Japan",
        "note:ja": "国土数値情報（鉄道データ）平成19年 国土交通省",
        "operator": "京浜急行電鉄",
        "operator:en": "Keikyu Corporation",
        "operator:ja": "京浜急行電鉄",
        "public_transport": "station",
        "railway": "station",
        "ref": "KK63",
        "source": "Bing",
        "source_ref": "http://nlftp.mlit.go.jp/ksj/jpgis/datalist/KsjTmplt-N02-v1_1.html",
        "wikidata": "Q5370713",
        "wikipedia": "ja:北久里浜駅"
      },
      "geometry": {
        "type": "Point",
        "coordinates": [
          139.6864169,
          35.249514
        ]
      },
      "id": "node/7888589505"
    },
    {
      "type": "Feature",
      "properties": {
        "@id": "node/7896661669",
        "name": "小田原",
        "name:de": "Odawara",
        "name:en": "Odawara",
        "name:fr": "Odawara",
        "name:it": "Odawara",
        "name:ja": "小田原",
        "name:ja-Hira": "おだわら",
        "name:ja-Latn": "Odawara",
        "name:ko": "오다와라",
        "name:ru": "Одавара",
        "name:uk": "Одавара",
        "network": "東海道新幹線",
        "operator": "東海旅客鉄道",
        "operator:ja": "東海旅客鉄道",
        "public_transport": "station",
        "railway": "station",
        "wikidata": "Q801290",
        "wikipedia": "ja:小田原駅"
      },
      "geometry": {
        "type": "Point",
        "coordinates": [
          139.1545547,
          35.2561225
        ]
      },
      "id": "node/7896661669"
    },
    {
      "type": "Feature",
      "properties": {
        "@id": "node/7896661670",
        "name": "小田原",
        "name:de": "Odawara",
        "name:en": "Odawara",
        "name:fr": "Odawara",
        "name:it": "Odawara",
        "name:ja": "小田原",
        "name:ja-Hira": "おだわら",
        "name:ja-Latn": "Odawara",
        "name:ko": "오다와라",
        "name:ru": "Одавара",
        "name:uk": "Одавара",
        "network": "東海道本線",
        "operator": "東日本旅客鉄道",
        "operator:ja": "東日本旅客鉃道",
        "public_transport": "station",
        "railway": "station",
        "ref": "JT16",
        "wheelchair": "yes",
        "wikidata": "Q801290",
        "wikipedia": "ja:小田原駅"
      },
      "geometry": {
        "type": "Point",
        "coordinates": [
          139.1557825,
          35.2561088
        ]
      },
      "id": "node/7896661670"
    },
    {
      "type": "Feature",
      "properties": {
        "@id": "node/7899706331",
        "contact:website": "https://www.odakyu.jp/station/shonandai/",
        "name": "湘南台",
        "name:de": "Shonandai",
        "name:en": "Shonandai",
        "name:ja": "湘南台",
        "name:ja-Hira": "しょうなんだい",
        "name:ja-Latn": "Shōnandai",
        "name:ko": "쇼난다이 역",
        "name:ru": "Сёнандай",
        "name:zh": "湘南台",
        "network": "小田急江ノ島線",
        "operator": "小田急電鉄",
        "operator:en": "Odakyu Electric Railway",
        "operator:ja": "小田急電鉄",
        "operator:wikidata": "Q83584",
        "public_transport": "station",
        "railway": "station",
        "ref": "OE09",
        "source": "KSJ2",
        "wheelchair": "limited",
        "wikidata": "Q1036357",
        "wikipedia": "ja:湘南台駅"
      },
      "geometry": {
        "type": "Point",
        "coordinates": [
          139.4665279,
          35.3964559
        ]
      },
      "id": "node/7899706331"
    },
    {
      "type": "Feature",
      "properties": {
        "@id": "node/7899706337",
        "contact:website": "https://www.odakyu.jp/station/koza_shibuya/",
        "name": "高座渋谷",
        "name:de": "Koza-Shibuya",
        "name:en": "Koza-Shibuya",
        "name:ja": "高座渋谷",
        "name:ja-Latn": "Kōza-shibuya",
        "name:ko": "고자시부야",
        "name:ru": "Кодза-Сибуя",
        "operator": "小田急電鉄",
        "operator:en": "Odakyu Electric Railway",
        "operator:ja": "小田急電鉄",
        "operator:wikidata": "Q83584",
        "public_transport": "station",
        "railway": "station",
        "ref": "OE07",
        "source": "KSJ2",
        "wheelchair": "yes",
        "wikidata": "Q4226172",
        "wikipedia": "ja:高座渋谷駅"
      },
      "geometry": {
        "type": "Point",
        "coordinates": [
          139.4646902,
          35.4319521
        ]
      },
      "id": "node/7899706337"
    },
    {
      "type": "Feature",
      "properties": {
        "@id": "node/7899706341",
        "addr:block_number": "1",
        "addr:city": "大和市",
        "addr:housenumber": "1",
        "addr:neighbourhood": "1",
        "addr:province": "神奈川県",
        "addr:quarter": "大和南",
        "contact:website": "https://www.odakyu.jp/station/yamato/",
        "name": "大和",
        "name:de": "Yamato",
        "name:en": "Yamato",
        "name:ja": "大和",
        "name:ja-Hira": "やまと",
        "name:ja-Latn": "Yamato",
        "name:ko": "야마토",
        "name:ru": "Ямато",
        "name:zh": "大和",
        "network": "小田急江ノ島線",
        "operator": "小田急電鉄",
        "operator:en": "Odakyu Electric Railway",
        "operator:ja": "小田急電鉄",
        "operator:wikidata": "Q83584",
        "public_transport": "station",
        "railway": "station",
        "ref": "OE05",
        "source": "KSJ2",
        "wikidata": "Q1036368",
        "wikipedia": "ja:大和駅 (神奈川県)"
      },
      "geometry": {
        "type": "Point",
        "coordinates": [
          139.4614816,
          35.4697787
        ]
      },
      "id": "node/7899706341"
    },
    {
      "type": "Feature",
      "properties": {
        "@id": "node/7899706349",
        "contact:website": "https://www.odakyu.jp/station/chuo_rinkan/",
        "name": "中央林間",
        "name:de": "Chuo-Rinkan",
        "name:en": "Chuo-Rinkan",
        "name:ja": "中央林間",
        "name:ja-Hira": "ちゅうおうりんかん",
        "name:ja-Latn": "Chūō-Rinkan",
        "name:ko": "주오린칸",
        "name:ru": "Тюо-Ринкан",
        "name:zh": "中央林間",
        "network": "小田急江ノ島線",
        "operator": "小田急電鉄",
        "operator:en": "Odakyu Electric Railway",
        "operator:ja": "小田急電鉄",
        "operator:wikidata": "Q83584",
        "public_transport": "station",
        "railway": "station",
        "ref": "OE02",
        "source": "KSJ2",
        "wheelchair": "yes",
        "wikipedia": "ja:中央林間駅"
      },
      "geometry": {
        "type": "Point",
        "coordinates": [
          139.4441214,
          35.5075207
        ]
      },
      "id": "node/7899706349"
    },
    {
      "type": "Feature",
      "properties": {
        "@id": "node/7967959831",
        "name": "横浜",
        "name:en": "Yokohama",
        "name:es": "Yokohama",
        "name:ja": "横浜",
        "name:ja-Hira": "よこはま",
        "name:ja_rm": "Yokohama",
        "name:ko": "요코하마혼모쿠",
        "network": "みなとみらい線;東急電鉄",
        "operator": "東急電鉄",
        "public_transport": "station",
        "railway": "station",
        "ref": "MM01;TY21",
        "source": "KSJ2",
        "source_ref": "http://nlftp.mlit.go.jp/ksj/jpgis/datalist/KsjTmplt-N02-v1_1.html"
      },
      "geometry": {
        "type": "Point",
        "coordinates": [
          139.6220811,
          35.466292
        ]
      },
      "id": "node/7967959831"
    },
    {
      "type": "Feature",
      "properties": {
        "@id": "node/7977123012",
        "name": "真鶴",
        "name:de": "Manazuru",
        "name:en": "Manazuru",
        "name:ja": "真鶴",
        "name:ko": "마나즈루",
        "name:ru": "Манадзуру",
        "public_transport": "station",
        "railway": "station",
        "railway:traffic_mode": "freight",
        "ref": "JT19",
        "wikidata": "Q865802",
        "wikipedia": "ja:真鶴駅"
      },
      "geometry": {
        "type": "Point",
        "coordinates": [
          139.1322796,
          35.1569433
        ]
      },
      "id": "node/7977123012"
    },
    {
      "type": "Feature",
      "properties": {
        "@id": "node/8026378907",
        "name": "昭和",
        "name:en": "Showa",
        "name:ja": "昭和",
        "name:ja-Hira": "しょうわ",
        "name:ja-Latn": "Shōwa",
        "name:ko": "쇼와",
        "operator": "東日本旅客鉄道",
        "public_transport": "station",
        "railway": "station",
        "wikidata": "Q1581652",
        "wikipedia": "ja:昭和駅"
      },
      "geometry": {
        "type": "Point",
        "coordinates": [
          139.7240507,
          35.5064693
        ]
      },
      "id": "node/8026378907"
    },
    {
      "type": "Feature",
      "properties": {
        "@id": "node/8026383420",
        "name": "浅野",
        "name:en": "Asano",
        "name:ja": "浅野",
        "name:ja-Hira": "あさの",
        "name:ja_rm": "Asano",
        "name:ko": "아사노",
        "operator": "東日本旅客鉄道",
        "public_transport": "station",
        "railway": "station",
        "wikidata": "Q4803534",
        "wikipedia": "ja:浅野駅"
      },
      "geometry": {
        "type": "Point",
        "coordinates": [
          139.6957044,
          35.4974338
        ]
      },
      "id": "node/8026383420"
    },
    {
      "type": "Feature",
      "properties": {
        "@id": "node/8026383421",
        "name": "安善",
        "name:en": "Anzen",
        "name:ja": "安善",
        "name:ja-Hira": "あんぜん",
        "name:ja_rm": "Anzen",
        "name:ko": "안젠",
        "operator": "東日本旅客鉄道",
        "public_transport": "station",
        "railway": "station",
        "train": "yes",
        "wikidata": "Q1581479",
        "wikipedia": "ja:安善駅"
      },
      "geometry": {
        "type": "Point",
        "coordinates": [
          139.7008868,
          35.4996481
        ]
      },
      "id": "node/8026383421"
    },
    {
      "type": "Feature",
      "properties": {
        "@id": "node/8026383422",
        "name": "武蔵白石",
        "name:en": "Musashi-Shiraishi",
        "name:ja": "武蔵白石",
        "name:ja-Hira": "むさししらいし",
        "name:ja_rm": "Musashi-shiraishi",
        "name:ko": "무사시시라이시",
        "operator": "東日本旅客鉄道",
        "public_transport": "station",
        "railway": "station",
        "wikidata": "Q1581531",
        "wikipedia": "ja:武蔵白石駅"
      },
      "geometry": {
        "type": "Point",
        "coordinates": [
          139.7062924,
          35.5018116
        ]
      },
      "id": "node/8026383422"
    },
    {
      "type": "Feature",
      "properties": {
        "@id": "node/8026407444",
        "name": "扇町",
        "name:en": "Ogimachi",
        "name:ja": "扇町",
        "name:ja-Hira": "おうぎまち",
        "name:ja_rm": "Ōgimachi",
        "name:ko": "오기마치",
        "operator": "東日本旅客鉄道",
        "public_transport": "station",
        "railway": "station",
        "wikidata": "Q1581492",
        "wikipedia": "ja:扇町駅 (神奈川県)"
      },
      "geometry": {
        "type": "Point",
        "coordinates": [
          139.7222348,
          35.5012754
        ]
      },
      "id": "node/8026407444"
    },
    {
      "type": "Feature",
      "properties": {
        "@id": "node/8026421430",
        "name": "海芝浦",
        "name:en": "Umi-Shibaura",
        "name:ja": "海芝浦",
        "name:ja-Hira": "うみしばうら",
        "name:ja_rm": "Umi Shibaura",
        "name:ko": "우미시바우라",
        "operator": "東日本旅客鉄道",
        "public_transport": "station",
        "railway": "station",
        "wikidata": "Q1052602",
        "wikipedia": "ja:海芝浦駅"
      },
      "geometry": {
        "type": "Point",
        "coordinates": [
          139.700285,
          35.485904
        ]
      },
      "id": "node/8026421430"
    },
    {
      "type": "Feature",
      "properties": {
        "@id": "node/8026421469",
        "name": "鶴見小野",
        "name:en": "Tsurumiono",
        "name:ja": "鶴見小野",
        "name:ja-Hira": "つるみおの",
        "name:ja_rm": "Tsurumiono",
        "name:ko": "쓰루미오노",
        "operator": "東日本旅客鉄道",
        "public_transport": "station",
        "railway": "station",
        "wheelchair": "yes",
        "wikidata": "Q869061",
        "wikipedia": "ja:鶴見小野駅"
      },
      "geometry": {
        "type": "Point",
        "coordinates": [
          139.680911,
          35.4972947
        ]
      },
      "id": "node/8026421469"
    },
    {
      "type": "Feature",
      "properties": {
        "@id": "node/8026421612",
        "name": "大川",
        "name:en": "Okawa",
        "name:ja": "大川",
        "name:ja-Hira": "おおかわ",
        "name:ja_rm": "Ōkawa",
        "name:ko": "오카와",
        "operator": "東日本旅客鉄道",
        "public_transport": "station",
        "railway": "station",
        "wikidata": "Q1581453",
        "wikipedia": "ja:大川駅"
      },
      "geometry": {
        "type": "Point",
        "coordinates": [
          139.7111242,
          35.4954947
        ]
      },
      "id": "node/8026421612"
    },
    {
      "type": "Feature",
      "properties": {
        "@id": "node/8026429248",
        "name": "新芝浦",
        "name:en": "Shin-Shibaura",
        "name:ja": "新芝浦",
        "name:ja-Hira": "しんしばうら",
        "name:ja_rm": "Shin Shibaura",
        "name:ko": "신시바우라",
        "operator": "東日本旅客鉄道",
        "public_transport": "station",
        "railway": "station",
        "wikidata": "Q1581516",
        "wikipedia": "ja:新芝浦駅"
      },
      "geometry": {
        "type": "Point",
        "coordinates": [
          139.7000251,
          35.4919545
        ]
      },
      "id": "node/8026429248"
    },
    {
      "type": "Feature",
      "properties": {
        "@id": "node/8026433198",
        "name": "弁天橋",
        "name:en": "Bentembashi",
        "name:ja": "弁天橋",
        "name:ja-Hira": "べんてんばし",
        "name:ja_rm": "Bentembashi",
        "name:ko": "벤텐바시",
        "operator": "東日本旅客鉄道",
        "public_transport": "station",
        "railway": "station",
        "wikidata": "Q1392590",
        "wikipedia": "ja:弁天橋駅"
      },
      "geometry": {
        "type": "Point",
        "coordinates": [
          139.6893894,
          35.4957391
        ]
      },
      "id": "node/8026433198"
    },
    {
      "type": "Feature",
      "properties": {
        "@id": "node/8026435189",
        "name": "国道",
        "name:en": "Kokudo",
        "name:ja": "国道",
        "name:ja-Hira": "こくどう",
        "name:ja_rm": "Kokudō",
        "name:ko": "고쿠도",
        "operator": "東日本旅客鉄道",
        "public_transport": "station",
        "railway": "station",
        "wikidata": "Q77872",
        "wikipedia": "ja:国道駅"
      },
      "geometry": {
        "type": "Point",
        "coordinates": [
          139.675399,
          35.5009768
        ]
      },
      "id": "node/8026435189"
    },
    {
      "type": "Feature",
      "properties": {
        "@id": "node/8062656936",
        "KSJ2:LIN": "江ノ島電鉄線",
        "name": "稲村ヶ崎",
        "name:en": "Inamuragasaki",
        "name:ja": "稲村ヶ崎",
        "name:ja-Hira": "いなむらがさき",
        "name:ja_rm": "Inamuragasaki",
        "name:ko": "이나무라가사키",
        "name:zh": "稻村崎",
        "note": "National-Land Numerical Information (Railway) 2007, MLIT Japan",
        "note:ja": "国土数値情報（鉄道データ）平成19年 国土交通省",
        "operator": "江ノ島電鉄",
        "public_transport": "station",
        "railway": "station",
        "ref": "EN-10",
        "source": "KSJ2",
        "source_ref": "http://nlftp.mlit.go.jp/ksj/jpgis/datalist/KsjTmplt-N02-v1_1.html",
        "station": "light_rail",
        "wheelchair": "yes",
        "wikidata": "Q858991",
        "wikipedia": "ja:稲村ヶ崎駅"
      },
      "geometry": {
        "type": "Point",
        "coordinates": [
          139.5219,
          35.3043634
        ]
      },
      "id": "node/8062656936"
    },
    {
      "type": "Feature",
      "properties": {
        "@id": "node/8062865731",
        "name": "長谷",
        "name:en": "Hase",
        "name:es": "Hase",
        "name:fr": "Hase",
        "name:ja": "長谷",
        "name:ja-Hira": "はせ",
        "name:ja_rm": "Hase",
        "name:ko": "하세",
        "name:zh": "長谷 (神奈川縣)",
        "operator": "江ノ島電鉄",
        "public_transport": "station",
        "railway": "station",
        "ref": "EN-12",
        "source": "KSJ2",
        "source_ref": "http://nlftp.mlit.go.jp/ksj/jpgis/datalist/KsjTmplt-N02-v1_1.html",
        "station": "light_rail",
        "train": "yes",
        "wheelchair": "yes",
        "wikidata": "Q858830",
        "wikipedia": "ja:長谷駅 (神奈川県)"
      },
      "geometry": {
        "type": "Point",
        "coordinates": [
          139.5358669,
          35.3112923
        ]
      },
      "id": "node/8062865731"
    },
    {
      "type": "Feature",
      "properties": {
        "@id": "node/8062865734",
        "light_rail": "yes",
        "name": "鵠沼",
        "name:en": "Kugenuma",
        "name:ja": "鵠沼",
        "name:ja-Hira": "くげぬま",
        "name:ja-Latn": "Kugenuma",
        "name:ko": "구게누마",
        "name:zh": "鵠沼",
        "operator": "江ノ島電鉄",
        "public_transport": "station",
        "railway": "station",
        "ref": "EN-04",
        "source": "KSJ2",
        "station": "light_rail",
        "wikidata": "Q858839",
        "wikipedia": "ja:鵠沼駅"
      },
      "geometry": {
        "type": "Point",
        "coordinates": [
          139.4826015,
          35.3214239
        ]
      },
      "id": "node/8062865734"
    },
    {
      "type": "Feature",
      "properties": {
        "@id": "node/8062865735",
        "loc_ref": "2",
        "local_ref": "2",
        "name": "江ノ島",
        "name:en": "Enoshima",
        "name:ja": "江ノ島",
        "name:ja-Hira": "えのしま",
        "name:ja_rm": "Enoshima",
        "name:ko": "에노시마",
        "name:zh": "江之島",
        "operator": "江ノ島電鉄",
        "public_transport": "station",
        "railway": "station",
        "ref": "EN-06",
        "source": "KSJ2",
        "station": "light_rail",
        "wheelchair": "yes",
        "wikidata": "Q846972",
        "wikipedia": "ja:江ノ島駅"
      },
      "geometry": {
        "type": "Point",
        "coordinates": [
          139.4875422,
          35.3110438
        ]
      },
      "id": "node/8062865735"
    },
    {
      "type": "Feature",
      "properties": {
        "@id": "node/8062865737",
        "KSJ2:LIN": "江ノ島電鉄線",
        "light_rail": "yes",
        "name": "藤沢",
        "name:en": "Fujisawa",
        "name:ja": "藤沢",
        "name:ja-Hira": "ふじさわ",
        "name:ja-Latn": "Fujisawa",
        "name:ko": "후지사와",
        "name:ru": "Фудзисава",
        "name:zh": "藤澤",
        "network": "江ノ島電鉄",
        "note": "National-Land Numerical Information (Railway) 2007, MLIT Japan",
        "note:ja": "国土数値情報（鉄道データ）平成19年　国土交通省",
        "operator": "江ノ島電鉄",
        "public_transport": "station",
        "railway": "station",
        "ref": "EN01",
        "source": "KSJ2",
        "source_ref": "http://nlftp.mlit.go.jp/ksj/jpgis/datalist/KsjTmplt-N02-v1_1.html",
        "station": "light_rail",
        "wikidata": "Q1133110",
        "wikipedia": "ja:藤沢駅"
      },
      "geometry": {
        "type": "Point",
        "coordinates": [
          139.4871854,
          35.3371805
        ]
      },
      "id": "node/8062865737"
    },
    {
      "type": "Feature",
      "properties": {
        "@id": "node/8062865738",
        "addr:block_number": "1",
        "addr:city": "鎌倉市",
        "addr:housenumber": "15",
        "addr:postcode": "248-0012",
        "addr:province": "神奈川県",
        "addr:quarter": "御成町",
        "name": "鎌倉",
        "name:en": "Kamakura",
        "name:es": "Kamakura Enoden",
        "name:it": "Kamakura",
        "name:ja": "鎌倉",
        "name:ja-Hira": "かまくら",
        "name:ja-Latn": "Kamakura",
        "name:ko": "가마쿠라",
        "name:zh": "镰仓",
        "network": "江ノ島電鉄",
        "operator": "江ノ島電鉄",
        "public_transport": "station",
        "railway": "station",
        "ref": "EN-15",
        "source": "KSJ2",
        "source_ref": "http://nlftp.mlit.go.jp/ksj/jpgis/datalist/KsjTmplt-N02-v1_1.html",
        "train": "yes",
        "wikidata": "Q932895",
        "wikipedia": "ja:鎌倉駅"
      },
      "geometry": {
        "type": "Point",
        "coordinates": [
          139.5500883,
          35.31839
        ]
      },
      "id": "node/8062865738"
    },
    {
      "type": "Feature",
      "properties": {
        "@id": "node/8063948626",
        "name": "七里ヶ浜",
        "name:en": "Shichirigahama",
        "name:ja": "七里ヶ浜",
        "name:ja-Hira": "しちりがはま",
        "name:ja_rm": "Shichirigahama",
        "name:ko": "시치리가하마",
        "name:zh": "七里濱",
        "operator": "江ノ島電鉄",
        "public_transport": "station",
        "railway": "station",
        "ref": "EN09",
        "source": "KSJ2",
        "station": "light_rail",
        "wikidata": "Q858960",
        "wikipedia": "ja:七里ヶ浜駅"
      },
      "geometry": {
        "type": "Point",
        "coordinates": [
          139.510117,
          35.3062815
        ]
      },
      "id": "node/8063948626"
    },
    {
      "type": "Feature",
      "properties": {
        "@id": "node/8063948628",
        "addr:block_number": "4",
        "addr:city": "鎌倉市",
        "addr:neighbourhood": "３丁目",
        "addr:postcode": "248-0014",
        "addr:province": "神奈川県",
        "addr:quarter": "由比ガ浜",
        "name": "和田塚",
        "name:en": "Wadazuka",
        "name:ja": "和田塚",
        "name:ja-Hira": "わだづか",
        "name:ja_rm": "Wadazuka",
        "name:ko": "와다즈카",
        "name:zh": "和田塚",
        "operator": "江ノ島電鉄",
        "public_transport": "station",
        "railway": "station",
        "ref": "EN14",
        "source": "KSJ2",
        "source_ref": "http://nlftp.mlit.go.jp/ksj/jpgis/datalist/KsjTmplt-N02-v1_1.html",
        "train": "yes",
        "wikidata": "Q858969",
        "wikipedia": "ja:和田塚駅"
      },
      "geometry": {
        "type": "Point",
        "coordinates": [
          139.5455001,
          35.3137097
        ]
      },
      "id": "node/8063948628"
    },
    {
      "type": "Feature",
      "properties": {
        "@id": "node/8063948629",
        "name": "由比ヶ浜",
        "name:en": "Yuigahama",
        "name:ja": "由比ヶ浜",
        "name:ja-Hira": "ゆいがはま",
        "name:ja_rm": "Yuigahama",
        "name:ko": "유이가하마",
        "name:zh": "由比濱",
        "operator": "江ノ島電鉄",
        "public_transport": "station",
        "railway": "station",
        "ref": "EN13",
        "source": "KSJ2",
        "source_ref": "http://nlftp.mlit.go.jp/ksj/jpgis/datalist/KsjTmplt-N02-v1_1.html",
        "train": "yes",
        "wikidata": "Q859070",
        "wikipedia": "ja:由比ヶ浜駅"
      },
      "geometry": {
        "type": "Point",
        "coordinates": [
          139.5413644,
          35.312772
        ]
      },
      "id": "node/8063948629"
    },
    {
      "type": "Feature",
      "properties": {
        "@id": "node/8063948630",
        "KSJ2:LIN": "江ノ島電鉄線",
        "name": "極楽寺",
        "name:en": "Gokurakuji",
        "name:ja": "極楽寺",
        "name:ja-Hira": "ごくらくじ",
        "name:ja_rm": "Gokurakuji",
        "name:ko": "고쿠라쿠지",
        "name:zh": "極樂寺",
        "note": "National-Land Numerical Information (Railway) 2007, MLIT Japan",
        "note:ja": "国土数値情報（鉄道データ）平成19年 国土交通省",
        "operator": "江ノ島電鉄",
        "public_transport": "station",
        "railway": "station",
        "ref": "EN11",
        "source": "KSJ2",
        "source_ref": "http://nlftp.mlit.go.jp/ksj/jpgis/datalist/KsjTmplt-N02-v1_1.html",
        "station": "light_rail",
        "wikidata": "Q858997",
        "wikipedia": "ja:極楽寺駅"
      },
      "geometry": {
        "type": "Point",
        "coordinates": [
          139.5286725,
          35.3092118
        ]
      },
      "id": "node/8063948630"
    },
    {
      "type": "Feature",
      "properties": {
        "@id": "node/8063951768",
        "KSJ2:LIN": "江ノ島電鉄線",
        "name": "石上",
        "name:en": "Ishigami",
        "name:ja": "石上",
        "name:ja-Hira": "いしがみ",
        "name:ja_rm": "Ishigami",
        "name:ko": "이시가미",
        "name:zh": "石上",
        "note": "National-Land Numerical Information (Railway) 2007, MLIT Japan",
        "note:ja": "国土数値情報（鉄道データ）平成19年 国土交通省",
        "operator": "江ノ島電鉄",
        "public_transport": "station",
        "railway": "station",
        "ref": "EN02",
        "source": "KSJ2",
        "source_ref": "http://nlftp.mlit.go.jp/ksj/jpgis/datalist/KsjTmplt-N02-v1_1.html",
        "station": "light_rail",
        "wikidata": "Q859782",
        "wikipedia": "ja:石上駅"
      },
      "geometry": {
        "type": "Point",
        "coordinates": [
          139.4855196,
          35.3321271
        ]
      },
      "id": "node/8063951768"
    },
    {
      "type": "Feature",
      "properties": {
        "@id": "node/8063951769",
        "KSJ2:LIN": "江ノ島電鉄線",
        "name": "柳小路",
        "name:en": "Yanagikoji",
        "name:ja": "柳小路",
        "name:ja-Hira": "やなぎこうじ",
        "name:ja_rm": "Yanagikōji",
        "name:ko": "야나기코지",
        "name:zh": "柳小路",
        "note": "National-Land Numerical Information (Railway) 2007, MLIT Japan",
        "note:ja": "国土数値情報（鉄道データ）平成19年 国土交通省",
        "operator": "江ノ島電鉄",
        "public_transport": "station",
        "railway": "station",
        "ref": "EN03",
        "source": "KSJ2",
        "source_ref": "http://nlftp.mlit.go.jp/ksj/jpgis/datalist/KsjTmplt-N02-v1_1.html",
        "station": "light_rail",
        "wikidata": "Q859740",
        "wikipedia": "ja:柳小路駅"
      },
      "geometry": {
        "type": "Point",
        "coordinates": [
          139.4851812,
          35.3276307
        ]
      },
      "id": "node/8063951769"
    },
    {
      "type": "Feature",
      "properties": {
        "@id": "node/8063964898",
        "name": "腰越",
        "name:en": "Koshigoe",
        "name:ja": "腰越",
        "name:ja-Hira": "こしごえ",
        "name:ja_rm": "Koshigoe",
        "name:ko": "고시고에",
        "name:zh": "腰越",
        "operator": "江ノ島電鉄",
        "public_transport": "station",
        "railway": "station",
        "ref": "EN07",
        "source": "KSJ2",
        "station": "light_rail",
        "wheelchair": "no",
        "wikidata": "Q858923",
        "wikipedia": "ja:腰越駅"
      },
      "geometry": {
        "type": "Point",
        "coordinates": [
          139.4932077,
          35.3083817
        ]
      },
      "id": "node/8063964898"
    },
    {
      "type": "Feature",
      "properties": {
        "@id": "node/8063964899",
        "alt_name:ko": "가마쿠라코코마에",
        "name": "鎌倉高校前",
        "name:en": "Kamakurakokomae",
        "name:ja": "鎌倉高校前",
        "name:ja-Hira": "かまくらこうこうまえ",
        "name:ja_rm": "Kamakura kōkō mae",
        "name:ko": "가마쿠라고교앞",
        "name:zh": "鎌倉高校前",
        "operator": "江ノ島電鉄",
        "public_transport": "station",
        "railway": "station",
        "ref": "EN08",
        "source": "KSJ2",
        "station": "light_rail",
        "wheelchair": "limited",
        "wikidata": "Q859202",
        "wikipedia": "ja:鎌倉高校前駅"
      },
      "geometry": {
        "type": "Point",
        "coordinates": [
          139.5007098,
          35.3067209
        ]
      },
      "id": "node/8063964899"
    },
    {
      "type": "Feature",
      "properties": {
        "@id": "node/8063967424",
        "name": "湘南海岸公園",
        "name:en": "Shonankaigankoen",
        "name:ja": "湘南海岸公園",
        "name:ja-Hira": "しょうなんかいがんこうえん",
        "name:ja_rm": "Shōnan kaigan kōen",
        "name:ko": "쇼난해안공원",
        "name:zh": "湘南海岸公園",
        "operator": "江ノ島電鉄",
        "public_transport": "station",
        "railway": "station",
        "ref": "EN05",
        "source": "KSJ2",
        "station": "light_rail",
        "wheelchair": "no",
        "wikidata": "Q858964",
        "wikipedia": "ja:湘南海岸公園駅"
      },
      "geometry": {
        "type": "Point",
        "coordinates": [
          139.4836473,
          35.3149457
        ]
      },
      "id": "node/8063967424"
    },
    {
      "type": "Feature",
      "properties": {
        "@id": "node/8076209964",
        "ele": "539",
        "name": "彫刻の森",
        "name:en": "Chōkokunomori",
        "name:fr": "Chōkokunomori",
        "name:ja": "彫刻の森",
        "name:ja-Hira": "ちょうこくのもり",
        "name:ja-Latn": "Chōkoku no mori",
        "name:ko": "조코쿠노모리",
        "name:ru": "Тёкокуномори",
        "note": "National-Land Numerical Information (Railway) 2007, MLIT Japan",
        "operator": "箱根登山鉄道",
        "public_transport": "station",
        "railway": "station",
        "ref": "OH56",
        "source": "KSJ2",
        "source_ref": "http://nlftp.mlit.go.jp/ksj/jpgis/datalist/KsjTmplt-N02-v1_1.html",
        "wikidata": "Q3096249",
        "wikipedia": "ja:彫刻の森駅"
      },
      "geometry": {
        "type": "Point",
        "coordinates": [
          139.050778,
          35.2465901
        ]
      },
      "id": "node/8076209964"
    },
    {
      "type": "Feature",
      "properties": {
        "@id": "node/8238086184",
        "name": "松田",
        "name:en": "Matsuda",
        "name:ja": "松田",
        "name:ja-Hira": "まつだ",
        "name:ja-Latn": "Matsuda",
        "name:ko": "마쓰다",
        "old_operator": "日本国有鉄道",
        "public_transport": "station",
        "railway": "station",
        "source": "KSJ2",
        "wikidata": "Q5357522",
        "wikipedia": "ja:松田駅"
      },
      "geometry": {
        "type": "Point",
        "coordinates": [
          139.1385751,
          35.3462321
        ]
      },
      "id": "node/8238086184"
    },
    {
      "type": "Feature",
      "properties": {
        "@id": "node/8238086588",
        "name": "山北",
        "name:en": "Yamakita",
        "name:ja": "山北",
        "name:ja_rm": "Yamakita",
        "name:ko": "야마키타",
        "public_transport": "station",
        "railway": "station",
        "source": "KSJ2",
        "wikidata": "Q5357538",
        "wikipedia": "ja:山北駅"
      },
      "geometry": {
        "type": "Point",
        "coordinates": [
          139.0801532,
          35.3607725
        ]
      },
      "id": "node/8238086588"
    },
    {
      "type": "Feature",
      "properties": {
        "@id": "node/8244080357",
        "name": "上大井",
        "name:en": "Kami-Oi",
        "name:ja": "上大井",
        "name:ja_rm": "Kami-Oi",
        "name:ko": "가미오이",
        "note": "National-Land Numerical Information (Railway) 2007, MLIT Japan",
        "public_transport": "station",
        "railway": "station",
        "source": "KSJ2",
        "train": "yes",
        "wikidata": "Q5357556",
        "wikipedia": "ja:上大井駅"
      },
      "geometry": {
        "type": "Point",
        "coordinates": [
          139.1631854,
          35.3222008
        ]
      },
      "id": "node/8244080357"
    },
    {
      "type": "Feature",
      "properties": {
        "@id": "node/8244080364",
        "name": "相模金子",
        "name:en": "Sagami-Kaneko",
        "name:ja": "相模金子",
        "name:ja_rm": "Sagami-Kaneko",
        "name:ko": "사가미카네코",
        "note": "National-Land Numerical Information (Railway) 2007, MLIT Japan",
        "public_transport": "station",
        "railway": "station",
        "source": "KSJ2",
        "train": "yes",
        "wikidata": "Q5357284",
        "wikipedia": "ja:相模金子駅"
      },
      "geometry": {
        "type": "Point",
        "coordinates": [
          139.1504435,
          35.333895
        ]
      },
      "id": "node/8244080364"
    },
    {
      "type": "Feature",
      "properties": {
        "@id": "node/8244080365",
        "name": "東山北",
        "name:en": "Higashi-Yamakita",
        "name:ja": "東山北",
        "name:ja_rm": "Higashi-Yamakita",
        "name:ko": "히가시야마키타",
        "public_transport": "station",
        "railway": "station",
        "source": "KSJ2",
        "train": "yes",
        "wikidata": "Q5357345",
        "wikipedia": "ja:東山北駅"
      },
      "geometry": {
        "type": "Point",
        "coordinates": [
          139.1078326,
          35.3574053
        ]
      },
      "id": "node/8244080365"
    },
    {
      "type": "Feature",
      "properties": {
        "@id": "node/8244080366",
        "name": "谷峨",
        "name:en": "Yaga",
        "name:ja": "谷峨",
        "name:ja-Hira": "やが",
        "name:ja-Latn": "Yaga",
        "name:ko": "야가",
        "public_transport": "station",
        "railway": "station",
        "source": "KSJ2",
        "train": "yes",
        "wikidata": "Q5357267",
        "wikipedia": "ja:谷峨駅"
      },
      "geometry": {
        "type": "Point",
        "coordinates": [
          139.0385217,
          35.365538
        ]
      },
      "id": "node/8244080366"
    },
    {
      "type": "Feature",
      "properties": {
        "@id": "node/8244174769",
        "name": "下曽我",
        "name:en": "Shimo-Soga",
        "name:ja": "下曽我",
        "name:ja_rm": "Shimo-Soga",
        "name:ko": "시모소가",
        "note": "National-Land Numerical Information (Railway) 2007, MLIT Japan",
        "note:ja": "国土数値情報（鉄道データ）平成19年　国土交通省",
        "public_transport": "station",
        "railway": "station",
        "source": "KSJ2",
        "source_ref": "http://nlftp.mlit.go.jp/ksj/jpgis/datalist/KsjTmplt-N02-v1_1.html",
        "train": "yes",
        "wikidata": "Q5357301",
        "wikipedia": "ja:下曽我駅"
      },
      "geometry": {
        "type": "Point",
        "coordinates": [
          139.1833268,
          35.3038808
        ]
      },
      "id": "node/8244174769"
    },
    {
      "type": "Feature",
      "properties": {
        "@id": "node/8263914794",
        "highway": "motorway_junction",
        "name": "岩IC"
      },
      "geometry": {
        "type": "Point",
        "coordinates": [
          139.1437661,
          35.1599162
        ]
      },
      "id": "node/8263914794"
    },
    {
      "type": "Feature",
      "properties": {
        "@id": "node/8317640068",
        "name": "こどもの国",
        "name:en": "Kodomonokuni",
        "name:ja": "こどもの国",
        "name:ja-Hira": "こどものくに",
        "name:ja_rm": "Kodomonokuni",
        "name:ko": "고도모노쿠니",
        "network": "こどもの国線",
        "operator": "東急電鉄",
        "public_transport": "station",
        "railway": "station",
        "ref": "KD03",
        "source": "KSJ2",
        "train": "yes",
        "wheelchair": "yes",
        "wikidata": "Q6425421",
        "wikipedia": "ja:こどもの国駅 (神奈川県)"
      },
      "geometry": {
        "type": "Point",
        "coordinates": [
          139.4864894,
          35.558128
        ]
      },
      "id": "node/8317640068"
    },
    {
      "type": "Feature",
      "properties": {
        "@id": "node/8577895543",
        "highway": "motorway_junction",
        "name": "綾瀬スマートインターチェンジ北側",
        "wikidata": "Q11032590"
      },
      "geometry": {
        "type": "Point",
        "coordinates": [
          139.4196235,
          35.4487887
        ]
      },
      "id": "node/8577895543"
    },
    {
      "type": "Feature",
      "properties": {
        "@id": "node/8856750411",
        "name": "南橋本",
        "name:en": "Minami-Hashimoto",
        "name:ja": "南橋本",
        "name:ja-Hira": "みなみはしもと",
        "name:ja_rm": "Minami Hashimoto",
        "name:ko": "미나미하시모토",
        "operator": "東日本旅客鉄道",
        "public_transport": "station",
        "railway": "station",
        "source": "KSJ2",
        "source_ref": "http://nlftp.mlit.go.jp/ksj/jpgis/datalist/KsjTmplt-N02-v1_1.html",
        "wikidata": "Q6862886",
        "wikipedia": "ja:南橋本駅"
      },
      "geometry": {
        "type": "Point",
        "coordinates": [
          139.3525575,
          35.5801657
        ]
      },
      "id": "node/8856750411"
    },
    {
      "type": "Feature",
      "properties": {
        "@id": "node/9216709063",
        "name": "川崎貨物",
        "name:ja": "川崎貨物",
        "name:ja-Hira": "かわさきかもつ",
        "name:ko": "가와사키화물",
        "public_transport": "station",
        "railway": "station",
        "source": "survey",
        "wikidata": "Q11478582",
        "wikipedia": "ja:川崎貨物駅"
      },
      "geometry": {
        "type": "Point",
        "coordinates": [
          139.7449434,
          35.5303722
        ]
      },
      "id": "node/9216709063"
    },
    {
      "type": "Feature",
      "properties": {
        "@id": "node/9235961228",
        "name": "横浜本牧",
        "name:en": "Yokohama-Hommoku",
        "name:ja": "横浜本牧駅",
        "name:ko": "요코하마혼모쿠",
        "railway": "station",
        "source": "survey",
        "start_date": "1969-10-01",
        "wikidata": "Q11543197",
        "wikipedia": "ja:横浜本牧駅"
      },
      "geometry": {
        "type": "Point",
        "coordinates": [
          139.6713722,
          35.4233951
        ]
      },
      "id": "node/9235961228"
    },
    {
      "type": "Feature",
      "properties": {
        "@id": "node/9235961237",
        "name": "本牧埠頭",
        "name:en": "Hommoku-Futō",
        "name:ja": "本牧埠頭",
        "name:ko": "혼모쿠후토",
        "railway": "station",
        "source": "survey",
        "start_date": "1969-10-01",
        "wikidata": "Q11520547",
        "wikipedia": "ja:本牧埠頭駅"
      },
      "geometry": {
        "type": "Point",
        "coordinates": [
          139.6741587,
          35.4319421
        ]
      },
      "id": "node/9235961237"
    },
    {
      "type": "Feature",
      "properties": {
        "@id": "node/9309987594",
        "highway": "motorway_junction",
        "name": "秦野丹沢SIC",
        "ref": "3-1"
      },
      "geometry": {
        "type": "Point",
        "coordinates": [
          139.1708094,
          35.3973497
        ]
      },
      "id": "node/9309987594"
    },
    {
      "type": "Feature",
      "properties": {
        "@id": "node/9309987602",
        "highway": "motorway_junction",
        "name": "秦野丹沢SIC",
        "ref": "3-1"
      },
      "geometry": {
        "type": "Point",
        "coordinates": [
          139.1867985,
          35.4025511
        ]
      },
      "id": "node/9309987602"
    },
    {
      "type": "Feature",
      "properties": {
        "@id": "node/9852326792",
        "KSJ2:LIN": "相模線",
        "KSJ2:RAS": "eb03_7608",
        "KSJ2:STN": "北茅ヶ崎",
        "KSJ2:segment": "eb02_16076",
        "name": "北茅ヶ崎",
        "name:en": "Kita-Chigasaki",
        "name:ja": "北茅ヶ崎",
        "name:ja_rm": "Kita Chigasaki",
        "name:ko": "기타치가사키",
        "note": "National-Land Numerical Information (Railway) 2007, MLIT Japan",
        "note:ja": "国土数値情報（鉄道データ）平成19年　国土交通省",
        "public_transport": "station",
        "railway": "station",
        "source": "KSJ2",
        "source_ref": "http://nlftp.mlit.go.jp/ksj/jpgis/datalist/KsjTmplt-N02-v1_1.html",
        "wikidata": "Q6417522",
        "wikipedia": "ja:北茅ケ崎駅"
      },
      "geometry": {
        "type": "Point",
        "coordinates": [
          139.4075744,
          35.3390948
        ]
      },
      "id": "node/9852326792"
    },
    {
      "type": "Feature",
      "properties": {
        "@id": "node/9852326798",
        "name": "寒川",
        "name:en": "Samukawa",
        "name:ja": "寒川",
        "name:ja_rm": "Samukawa",
        "name:ko": "사무카와",
        "public_transport": "station",
        "railway": "station",
        "source": "survey",
        "wheelchair": "yes",
        "wikidata": "Q8192986",
        "wikipedia": "ja:寒川駅"
      },
      "geometry": {
        "type": "Point",
        "coordinates": [
          139.3874365,
          35.3675758
        ]
      },
      "id": "node/9852326798"
    },
    {
      "type": "Feature",
      "properties": {
        "@id": "node/10082866963",
        "contact:website": "https://www.odakyu.jp/station/fujisawa_honmachi/",
        "name": "藤沢本町",
        "name:en": "Fujisawa-Hommachi",
        "name:ja": "藤沢本町",
        "name:ja-Latn": "Fujisawa-Honmachi",
        "name:ko": "후지사와혼마치",
        "name:ru": "Фудзисава-Хоммати",
        "operator": "小田急電鉄",
        "operator:en": "Odakyu Electric Railway",
        "operator:ja": "小田急電鉄",
        "operator:wikidata": "Q83584",
        "public_transport": "station",
        "railway": "station",
        "ref": "OE12",
        "wikidata": "Q4493282",
        "wikipedia": "ja:藤沢本町駅"
      },
      "geometry": {
        "type": "Point",
        "coordinates": [
          139.4760904,
          35.3479854
        ]
      },
      "id": "node/10082866963"
    },
    {
      "type": "Feature",
      "properties": {
        "@id": "node/10108140334",
        "contact:website": "https://www.odakyu.jp/station/higashi_rinkan/",
        "name": "東林間",
        "name:en": "Higashi-Rinkan",
        "name:ja": "東林間",
        "name:ja-Hira": "ひがしりんかん",
        "name:ja-Latn": "Higashi-Rinkan",
        "name:ko": "히가시린칸",
        "name:ru": "Хигаси-Ринкан",
        "network": "江ノ島線",
        "operator": "小田急電鉄",
        "operator:en": "Odakyu Electric Railway",
        "operator:ja": "小田急電鉄",
        "operator:wikidata": "Q83584",
        "public_transport": "station",
        "railway": "station",
        "ref": "OE01",
        "source": "KSJ2",
        "train": "yes",
        "wikidata": "Q4497459",
        "wikipedia": "ja:東林間駅"
      },
      "geometry": {
        "type": "Point",
        "coordinates": [
          139.439057,
          35.5202139
        ]
      },
      "id": "node/10108140334"
    },
    {
      "type": "Feature",
      "properties": {
        "@id": "node/10108140336",
        "contact:website": "https://www.odakyu.jp/station/mutsuai_nichidai_mae/",
        "name": "六会日大前",
        "name:en": "Mutsuai-Nichidaimae",
        "name:ja": "六会日大前",
        "name:ja-Latn": "Mutsuai-Nichidai-mae",
        "name:ko": "무쓰아이니치다이앞",
        "name:ru": "Муцуай-Нитидай-маэ",
        "operator": "小田急電鉄",
        "operator:en": "Odakyu Electric Railway",
        "operator:ja": "小田急電鉄",
        "operator:wikidata": "Q83584",
        "public_transport": "station",
        "railway": "station",
        "ref": "OE10",
        "train": "yes",
        "wikidata": "Q4309032",
        "wikipedia": "ja:六会日大前駅"
      },
      "geometry": {
        "type": "Point",
        "coordinates": [
          139.4708312,
          35.3835313
        ]
      },
      "id": "node/10108140336"
    },
    {
      "type": "Feature",
      "properties": {
        "@id": "node/10108140337",
        "contact:website": "https://www.odakyu.jp/station/chogo/",
        "name": "長後",
        "name:de": "Chogo",
        "name:en": "Chogo",
        "name:ja": "長後",
        "name:ja-Latn": "Chōgo",
        "name:ko": "조고",
        "name:ru": "Тёго",
        "operator": "小田急電鉄",
        "operator:en": "Odakyu Electric Railway",
        "operator:ja": "小田急電鉄",
        "operator:wikidata": "Q83584",
        "public_transport": "station",
        "railway": "station",
        "ref": "OE08",
        "train": "yes",
        "wikipedia": "ja:長後駅"
      },
      "geometry": {
        "type": "Point",
        "coordinates": [
          139.4654292,
          35.4125457
        ]
      },
      "id": "node/10108140337"
    },
    {
      "type": "Feature",
      "properties": {
        "@id": "node/10108140338",
        "contact:website": "https://www.odakyu.jp/station/hon_kugenuma/",
        "name": "本鵠沼",
        "name:en": "Hon-Kugenuma",
        "name:ja": "本鵠沼",
        "name:ja-Hira": "ほんくげぬま",
        "name:ja-Latn": "Hon-Kugenuma",
        "name:ko": "혼쿠게누마",
        "name:ru": "Хон-Кугэнума",
        "network": "小田急電鉄",
        "network:en": "Odakyu Electric Railway",
        "network:ja": "小田急電鉄",
        "network:wikidata": "Q83584",
        "operator": "小田急電鉄",
        "operator:en": "Odakyu Electric Railway",
        "operator:ja": "小田急電鉄",
        "operator:wikidata": "Q83584",
        "public_transport": "station",
        "railway": "station",
        "ref": "OE14",
        "source": "KSJ2",
        "train": "yes",
        "wikidata": "Q4499731",
        "wikipedia": "ja:本鵠沼駅"
      },
      "geometry": {
        "type": "Point",
        "coordinates": [
          139.4748737,
          35.3307774
        ]
      },
      "id": "node/10108140338"
    },
    {
      "type": "Feature",
      "properties": {
        "@id": "node/10108140339",
        "KSJ2:LIN": "江ノ島線",
        "contact:website": "https://www.odakyu.jp/station/kugenuma_kaigan/",
        "name": "鵠沼海岸",
        "name:en": "Kugenuma-Kaigan",
        "name:ja": "鵠沼海岸",
        "name:ja-Hira": "くげぬまかいがん",
        "name:ja-Latn": "Kugenuma-Kaigan",
        "name:ko": "쿠게누마 카이간",
        "name:ru": "Кугэнума-Кайган",
        "network": "小田急電鉄",
        "network:en": "Odakyu Electric Railway",
        "network:ja": "小田急電鉄",
        "network:wikidata": "Q83584",
        "note": "National-Land Numerical Information (Railway) 2007, MLIT Japan",
        "note:ja": "国土数値情報（鉄道データ）平成19年　国土交通省",
        "operator": "小田急電鉄",
        "operator:en": "Odakyu Electric Railway",
        "operator:ja": "小田急電鉄",
        "operator:wikidata": "Q83584",
        "public_transport": "station",
        "railway": "station",
        "ref": "OE15",
        "source": "KSJ2",
        "source_ref": "http://nlftp.mlit.go.jp/ksj/jpgis/datalist/KsjTmplt-N02-v1_1.html",
        "train": "yes",
        "wikidata": "Q4244329",
        "wikipedia": "ja:鵠沼海岸駅"
      },
      "geometry": {
        "type": "Point",
        "coordinates": [
          139.4712735,
          35.3207079
        ]
      },
      "id": "node/10108140339"
    },
    {
      "type": "Feature",
      "properties": {
        "@id": "node/10108140340",
        "contact:website": "https://www.odakyu.jp/station/tsuruma/",
        "name": "鶴間",
        "name:en": "Tsuruma",
        "name:ja": "鶴間",
        "name:ja-Latn": "Tsuruma",
        "name:ko": "쓰루마",
        "name:ru": "Цурума",
        "network": "小田急電鉄",
        "network:en": "Odakyu Electric Railway",
        "network:ja": "小田急電鉄",
        "network:wikidata": "Q83584",
        "operator": "小田急電鉄",
        "operator:en": "Odakyu Electric Railway",
        "operator:ja": "小田急電鉄",
        "operator:wikidata": "Q83584",
        "public_transport": "station",
        "railway": "station",
        "ref": "OE04",
        "source": "KSJ2",
        "train": "yes",
        "wheelchair": "yes",
        "wikidata": "Q4506209",
        "wikipedia": "ja:鶴間駅"
      },
      "geometry": {
        "type": "Point",
        "coordinates": [
          139.4508296,
          35.4902303
        ]
      },
      "id": "node/10108140340"
    },
    {
      "type": "Feature",
      "properties": {
        "@id": "node/10108140341",
        "KSJ2:LIN": "江ノ島線",
        "KSJ2:STN": "南林間",
        "contact:website": "https://www.odakyu.jp/station/minami_rinkan/",
        "name": "南林間",
        "name:en": "Minami-Rinkan",
        "name:ja": "南林間",
        "name:ja-Latn": "Minami-Rinkan",
        "name:ko": "미나미린칸",
        "name:ru": "Минами-Ринкан",
        "note": "National-Land Numerical Information (Railway) 2007, MLIT Japan",
        "note:ja": "国土数値情報（鉄道データ）平成19年　国土交通省",
        "operator": "小田急電鉄",
        "operator:en": "Odakyu Electric Railway",
        "operator:ja": "小田急電鉄",
        "operator:wikidata": "Q83584",
        "public_transport": "station",
        "railway": "station",
        "ref": "OE03",
        "source": "KSJ2;Bing",
        "source_ref": "http://nlftp.mlit.go.jp/ksj/jpgis/datalist/KsjTmplt-N02-v1_1.html",
        "train": "yes",
        "wheelchair": "yes",
        "wikidata": "Q999127",
        "wikipedia": "ja:南林間駅"
      },
      "geometry": {
        "type": "Point",
        "coordinates": [
          139.4479687,
          35.495726
        ]
      },
      "id": "node/10108140341"
    },
    {
      "type": "Feature",
      "properties": {
        "@id": "node/10108140342",
        "name": "新綱島",
        "name:en": "Shin-Tsunashima",
        "name:ja": "新綱島",
        "name:ko": "신쓰나시마",
        "public_transport": "station",
        "railway": "station",
        "ref": "SH02",
        "start_date": "2023-03-18",
        "train": "yes",
        "wheelchair": "yes",
        "wikidata": "Q72526734",
        "wikipedia": "ja:新綱島駅"
      },
      "geometry": {
        "type": "Point",
        "coordinates": [
          139.6361012,
          35.5358452
        ]
      },
      "id": "node/10108140342"
    },
    {
      "type": "Feature",
      "properties": {
        "@id": "node/10108140345",
        "contact:website": "https://www.odakyu.jp/station/zengyo/",
        "name": "善行",
        "name:en": "Zengyo",
        "name:ja": "善行",
        "name:ja-Latn": "Zengyō",
        "name:ko": "젠교",
        "name:ru": "Дзэнгё",
        "operator": "小田急電鉄",
        "operator:en": "Odakyu Electric Railway",
        "operator:ja": "小田急電鉄",
        "operator:wikidata": "Q83584",
        "public_transport": "station",
        "railway": "station",
        "ref": "OE11",
        "source": "KSJ2",
        "train": "yes",
        "wikidata": "Q4160904",
        "wikipedia": "ja:善行駅"
      },
      "geometry": {
        "type": "Point",
        "coordinates": [
          139.4732359,
          35.3627185
        ]
      },
      "id": "node/10108140345"
    },
    {
      "type": "Feature",
      "properties": {
        "@id": "node/10113292368",
        "contact:website": "https://www.odakyu.jp/station/sakuragaoka/",
        "name": "桜ヶ丘",
        "name:de": "Sakuragaoka",
        "name:en": "Sakuragaoka",
        "name:ja": "桜ヶ丘",
        "name:ja-Latn": "Sakuragaoka",
        "name:ko": "사쿠라가오카",
        "name:ru": "Сакурагаока",
        "network": "小田急電鉄",
        "network:en": "Odakyu Electric Railway",
        "network:ja": "小田急電鉄",
        "network:wikidata": "Q83584",
        "operator": "小田急電鉄",
        "operator:en": "Odakyu Electric Railway",
        "operator:ja": "小田急電鉄",
        "operator:wikidata": "Q83584",
        "public_transport": "station",
        "railway": "station",
        "ref": "OE06",
        "source": "KSJ2",
        "train": "yes",
        "wheelchair": "yes",
        "wikidata": "Q4405554",
        "wikipedia": "ja:桜ヶ丘駅"
      },
      "geometry": {
        "type": "Point",
        "coordinates": [
          139.4657711,
          35.4505637
        ]
      },
      "id": "node/10113292368"
    },
    {
      "type": "Feature",
      "properties": {
        "@id": "node/11221476056",
        "branch": "横浜西口店",
        "level": "0",
        "level:ref": "1",
        "name": "イオンフードスタイル",
        "name:en": "AEON FOOD STYLE",
        "name:ja": "イオンフードスタイル",
        "not:brand:wikidata": "Q11316644",
        "opening_hours": "Mo-Su 07:00-23:00",
        "operator": "ダイエー",
        "payment:credit_cards": "yes",
        "payment:rakuten_pay": "no",
        "phone": "+81 45 320 3300",
        "shop": "supermarket",
        "website": "https://www.daiei.co.jp/stores/d0895/"
      },
      "geometry": {
        "type": "Point",
        "coordinates": [
          139.6174773,
          35.4643798
        ]
      },
      "id": "node/11221476056"
    },
    {
      "type": "Feature",
      "properties": {
        "@id": "node/11329681981",
        "name": "新横浜",
        "name:en": "Shin-Yokohama",
        "name:ja": "新横浜",
        "name:ja-Hira": "しんよこはま",
        "name:ja_rm": "Shin-Yokohama",
        "name:ko": "신요코하마",
        "network": "東海道新幹線",
        "operator": "東日本旅客鉄道",
        "public_transport": "station",
        "railway": "station",
        "wikidata": "Q5359480",
        "wikipedia": "ja:新横浜"
      },
      "geometry": {
        "type": "Point",
        "coordinates": [
          139.6174221,
          35.5072282
        ]
      },
      "id": "node/11329681981"
    },
    {
      "type": "Feature",
      "properties": {
        "@id": "node/11329995699",
        "name": "小田原",
        "name:de": "Odawara",
        "name:en": "Odawara",
        "name:fr": "Odawara",
        "name:it": "Odawara",
        "name:ja": "小田原",
        "name:ja-Hira": "おだわら",
        "name:ja-Latn": "Odawara",
        "name:ko": "오다와라",
        "name:ru": "Одавара",
        "name:uk": "Одавара",
        "network": "大雄山線",
        "operator": "伊豆箱根鉄道",
        "public_transport": "station",
        "railway": "station",
        "ref": "ID01",
        "wikipedia": "ja:小田原駅"
      },
      "geometry": {
        "type": "Point",
        "coordinates": [
          139.1563953,
          35.2564779
        ]
      },
      "id": "node/11329995699"
    },
    {
      "type": "Feature",
      "properties": {
        "@id": "node/11841273438",
        "branch": "武蔵小杉駅前店",
        "brand": "イトーヨーカドー",
        "brand:en": "Ito-Yokado",
        "brand:ja": "イトーヨーカドー",
        "brand:wikidata": "Q3088746",
        "name": "イトーヨーカドー",
        "name:en": "Ito-Yokado",
        "name:ja": "イトーヨーカドー",
        "name:ja_rm": "Itoh-yohka-do",
        "payment:cash": "yes",
        "payment:credit_cards": "yes",
        "payment:nanaco": "yes",
        "phone": "+81-44-722-1011",
        "shop": "supermarket",
        "wheelchair": "yes"
      },
      "geometry": {
        "type": "Point",
        "coordinates": [
          139.6578985,
          35.5755112
        ]
      },
      "id": "node/11841273438"
    },
    {
      "type": "Feature",
      "properties": {
        "@id": "node/12209234608",
        "contact:website": "https://www.tokyu.co.jp/railway/station/info/Pid=50.html",
        "name": "長津田",
        "name:en": "Nagatsuta",
        "name:ja": "長津田",
        "name:ja-Hira": "ながつた",
        "name:ja-Latn": "Nagatsuta",
        "name:ko": "나가쓰다",
        "name:ru": "Нагацута",
        "network": "東急こどもの国線",
        "operator": "横浜高速鉄道",
        "operator:en": "Yokohama Minatomirai Railway",
        "operator:ja": "横浜高速鉄道",
        "public_transport": "station",
        "railway": "station",
        "ref": "KD01",
        "source": "KSJ2",
        "train": "yes",
        "wheelchair": "yes",
        "wikidata": "Q801229",
        "wikipedia": "ja:長津田駅"
      },
      "geometry": {
        "type": "Point",
        "coordinates": [
          139.4939258,
          35.5320827
        ]
      },
      "id": "node/12209234608"
    },
    {
      "type": "Feature",
      "properties": {
        "@id": "node/12209234609",
        "contact:website": "https://www.tokyu.co.jp/railway/station/info/Pid=50.html",
        "name": "長津田",
        "name:en": "Nagatsuta",
        "name:ja": "長津田",
        "name:ja-Hira": "ながつた",
        "name:ja-Latn": "Nagatsuta",
        "name:ko": "나가쓰다",
        "name:ru": "Нагацута",
        "network": "東急田園都市線",
        "operator": "東京急行電鉄",
        "operator:en": "Tokyu Corporation",
        "operator:ja": "東京急行電鉄",
        "public_transport": "station",
        "railway": "station",
        "ref": "DT22",
        "source": "KSJ2",
        "train": "yes",
        "wheelchair": "yes",
        "wikidata": "Q801229",
        "wikipedia": "ja:長津田駅"
      },
      "geometry": {
        "type": "Point",
        "coordinates": [
          139.4939318,
          35.5319095
        ]
      },
      "id": "node/12209234609"
    },
    {
      "type": "Feature",
      "properties": {
        "@id": "node/13051962814",
        "highway": "motorway_junction",
        "name": "須雲川IC",
        "name:en": "Sukumogawa",
        "name:fr": "Sukumogawa",
        "name:ja-Hira": "すくもがわIC",
        "name:ja-Latn": "Sukumogawa IC"
      },
      "geometry": {
        "type": "Point",
        "coordinates": [
          139.0820799,
          35.221981
        ]
      },
      "id": "node/13051962814"
    },
    {
      "type": "Feature",
      "properties": {
        "@id": "node/13324198562",
        "contact:website": "https://www.jreast.co.jp/estation/station/info.aspx?StationCd=1736",
        "destination": "浜川崎",
        "name": "小田栄",
        "name:en": "Odasakae",
        "name:ja": "小田栄",
        "name:ja-Hira": "おださかえ",
        "name:ja-Latn": "Odasakae",
        "name:ko": "오다사카에",
        "operator": "東日本旅客鉄道",
        "operator:en": "East Japan Railway Company",
        "operator:ja": "東日本旅客鉄道",
        "operator:wikidata": "Q499071",
        "public_transport": "station",
        "railway": "station",
        "ref": "JN53",
        "wikidata": "Q21020014",
        "wikipedia": "ja:小田栄駅"
      },
      "geometry": {
        "type": "Point",
        "coordinates": [
          139.7048669,
          35.5146193
        ]
      },
      "id": "node/13324198562"
    },
    {
      "type": "Feature",
      "properties": {
        "@id": "node/13733834130",
        "contact:website": "https://www.jreast.co.jp/estation/station/info.aspx?StationCd=1527",
        "name": "武蔵小杉",
        "name:en": "Musashi-Kosugi",
        "name:es": "Musashi-Kosugi",
        "name:ja": "武蔵小杉",
        "name:ja-Hira": "むさしこすぎ",
        "name:ja-Latn": "Musashi-Kosugi",
        "name:ko": "무사시코스기",
        "operator": "東日本旅客鉄道",
        "operator:en": "East Japan Railway Company",
        "operator:ja": "東日本旅客鉄道",
        "operator:wikidata": "Q499071",
        "public_transport": "station",
        "railway": "station",
        "ref": "MKG",
        "source": "KSJ2",
        "website": "https://www.jreast.co.jp/estation/station/info.aspx?StationCD=1527",
        "wikidata": "Q801207",
        "wikipedia": "ja:武蔵小杉駅"
      },
      "geometry": {
        "type": "Point",
        "coordinates": [
          139.6636134,
          35.5741154
        ]
      },
      "id": "node/13733834130"
    },
    {
      "type": "Feature",
      "properties": {
        "@id": "node/13762265259",
        "monorail": "yes",
        "public_transport": "station",
        "railway": "station"
      },
      "geometry": {
        "type": "Point",
        "coordinates": [
          139.5752525,
          35.4398997
        ]
      },
      "id": "node/13762265259"
    },
    {
      "type": "Feature",
      "properties": {
        "@id": "node/13762265260",
        "monorail": "yes",
        "public_transport": "station",
        "railway": "station"
      },
      "geometry": {
        "type": "Point",
        "coordinates": [
          139.575888,
          35.4407263
        ]
      },
      "id": "node/13762265260"
    }
  ]
}