{
  "type": "FeatureCollection",
  "generator": "overpass-turbo",
  "copyright": "The data included in this document is from www.openstreetmap.org. The data is made available under ODbL.",
  "timestamp": "2026-08-26T10:28:01Z",
  "features": [
    {
      "type": "Feature",
      "properties": {
        "@id": "way/26104679",
        "landuse": "retail",
        "name": "三井アウトレットパーク 入間",
        "name:en": "MITSUI OUTLET PARK IRUMA",
        "name:ja": "三井アウトレットパーク 入間",
        "shop": "mall",
        "website": "https://www.31op.com/iruma/",
        "wheelchair": "yes",
        "@geometry": "center"
      },
      "geometry": {
        "type": "Point",
        "coordinates": [
          139.3805795,
          35.8101457
        ]
      },
      "id": "way/26104679"
    },
    {
      "type": "Feature",
      "properties": {
        "@id": "way/63000120",
        "building": "no",
        "highway": "services",
        "name": "道の駅 はにゅう",
        "name:en": "Road Station Hanyu",
        "name:ja": "道の駅 はにゅう",
        "services": "road_station",
        "wikidata": "Q11640896",
        "wikipedia": "ja:道の駅はにゅう",
        "@geometry": "center"
      },
      "geometry": {
        "type": "Point",
        "coordinates": [
          139.5103193,
          36.1884439
        ]
      },
      "id": "way/63000120"
    },
    {
      "type": "Feature",
      "properties": {
        "@id": "way/65592591",
        "branch": "せんげん台店",
        "brand": "イオン",
        "brand:en": "AEON",
        "brand:ja": "イオン",
        "brand:wikidata": "Q11285951",
        "brand:wikipedia": "ja:イオン (店舗ブランド)",
        "building": "retail",
        "building:levels": "3",
        "ele": "3.6",
        "fax": "+81-48-9764392",
        "height": "21.1",
        "name": "イオン",
        "name:en": "AEON",
        "name:ja": "イオン",
        "name:ja_rm": "Ion",
        "phone": "+81-48-9788121",
        "shop": "supermarket",
        "source": "MLIT_PLATEAU bldg_2dc7b779-49a9-4ebe-970d-3f810aa15582",
        "website": "https://www.aeon.com/store/%E3%82%A4%E3%82%AA%E3%83%B3/%E3%82%A4%E3%82%AA%E3%83%B3%E3%82%B9%E3%82%BF%E3%82%A4%E3%83%AB%E3%81%9B%E3%82%93%E3%81%92%E3%82%93%E5%8F%B0/",
        "@geometry": "center"
      },
      "geometry": {
        "type": "Point",
        "coordinates": [
          139.7673761,
          35.9334364
        ]
      },
      "id": "way/65592591"
    },
    {
      "type": "Feature",
      "properties": {
        "@id": "way/77091077",
        "addr:block_number": "1",
        "addr:city": "三郷市",
        "addr:housenumber": "1",
        "addr:neighbourhood": "さつき平一丁目",
        "addr:postcode": "341-0021",
        "addr:province": "埼玉県",
        "branch": "三郷店",
        "brand": "ドン・キホーテ",
        "brand:en": "Don Quijote",
        "brand:ja": "ドン・キホーテ",
        "brand:wikidata": "Q1185381",
        "building": "retail",
        "internet_access": "wlan",
        "name": "MEGAドン・キホーテ",
        "name:en": "MEGA Don Quijote",
        "name:ja": "MEGAドン・キホーテ",
        "opening_hours": "24/7",
        "phone": "+81 48-959-3810",
        "shop": "supermarket",
        "short_name": "MEGAドンキ",
        "short_name:en": "MegaDonki",
        "short_name:ja": "MEGAドンキ",
        "website": "https://www.donki.com/",
        "@geometry": "center"
      },
      "geometry": {
        "type": "Point",
        "coordinates": [
          139.8672763,
          35.8527081
        ]
      },
      "id": "way/77091077"
    },
    {
      "type": "Feature",
      "properties": {
        "@id": "way/81050485",
        "addr:block_number": "1",
        "addr:city": "三郷市",
        "addr:housenumber": "1",
        "addr:neighbourhood": "ピアラシティ一丁目",
        "addr:postcode": "341-0050",
        "addr:province": "埼玉県",
        "branch": "三郷店",
        "building": "retail",
        "internet_access": "wlan",
        "name": "イトーヨーカドー",
        "name:en": "Ito Yokado Misato",
        "name:ja": "イトーヨーカドー",
        "phone": "+81 48-954-1111",
        "shop": "mall",
        "website": "http://blog.itoyokado.co.jp",
        "@geometry": "center"
      },
      "geometry": {
        "type": "Point",
        "coordinates": [
          139.8542339,
          35.8432498
        ]
      },
      "id": "way/81050485"
    },
    {
      "type": "Feature",
      "properties": {
        "@id": "way/161180465",
        "addr:block_number": "281",
        "addr:city": "羽生市",
        "addr:housenumber": "3",
        "addr:neighbourhood": "川崎二丁目",
        "addr:postcode": "3480039",
        "addr:province": "埼玉県",
        "air_conditioning": "yes",
        "brand": "イオンモール",
        "brand:en": "AEON MALL",
        "brand:ja": "イオンモール",
        "brand:wikidata": "Q11286068",
        "building": "retail",
        "building:levels": "3",
        "currency:JPY": "yes",
        "internet_access": "wlan",
        "name": "イオンモール羽生",
        "name:en": "AEON MALL HANYU",
        "name:ja": "イオンモール羽生",
        "payment:cash": "yes",
        "payment:credit_cards": "yes",
        "payment:mastercard": "yes",
        "payment:visa": "yes",
        "phone": "+81-48-560-1000",
        "shop": "mall",
        "start_date": "2007-11-02",
        "toilets": "yes",
        "toilets:wheelchair": "limited",
        "website": "https://hanyu-aeonmall.com/",
        "wheelchair": "yes",
        "wikidata": "Q14273516",
        "wikimedia_commons": "Category:AEON MALL Hanyū",
        "wikipedia": "ja:イオンモール羽生",
        "@geometry": "center"
      },
      "geometry": {
        "type": "Point",
        "coordinates": [
          139.5416559,
          36.1430611
        ]
      },
      "id": "way/161180465"
    },
    {
      "type": "Feature",
      "properties": {
        "@id": "way/168581143",
        "highway": "services",
        "name": "道の駅 あらかわ",
        "website": "http://www.michinoeki-network.jp/arakawa/index.html",
        "wikidata": "Q11640629",
        "wikipedia": "ja:道の駅あらかわ",
        "@geometry": "center"
      },
      "geometry": {
        "type": "Point",
        "coordinates": [
          139.0127773,
          35.9542206
        ]
      },
      "id": "way/168581143"
    },
    {
      "type": "Feature",
      "properties": {
        "@id": "way/168581144",
        "area": "yes",
        "highway": "services",
        "name": "道の駅 果樹公園あしがくぼ",
        "source": "Bing",
        "wikidata": "Q11641343",
        "wikipedia": "ja:道の駅果樹公園 あしがくぼ",
        "@geometry": "center"
      },
      "geometry": {
        "type": "Point",
        "coordinates": [
          139.1358861,
          35.9771393
        ]
      },
      "id": "way/168581144"
    },
    {
      "type": "Feature",
      "properties": {
        "@id": "way/168581868",
        "area": "yes",
        "highway": "services",
        "name": "道の駅 ちちぶ",
        "source": "Bing",
        "website": "http://www.michinoeki-network.jp/chichibu/",
        "wikidata": "Q11640824",
        "wikipedia": "ja:道の駅ちちぶ",
        "@geometry": "center"
      },
      "geometry": {
        "type": "Point",
        "coordinates": [
          139.0890974,
          35.9975596
        ]
      },
      "id": "way/168581868"
    },
    {
      "type": "Feature",
      "properties": {
        "@id": "way/168583438",
        "area": "yes",
        "highway": "services",
        "name": "道の駅 川口・あんぎょう",
        "name:en": "Rest Area Kawaguchi-Angyo",
        "source": "Bing",
        "wikidata": "Q11641287",
        "wikipedia": "ja:道の駅川口・あんぎょう",
        "@geometry": "center"
      },
      "geometry": {
        "type": "Point",
        "coordinates": [
          139.7657818,
          35.848219
        ]
      },
      "id": "way/168583438"
    },
    {
      "type": "Feature",
      "properties": {
        "@id": "node/224622697",
        "highway": "motorway_junction",
        "name": "和光北IC",
        "name:en": "Wakokita IC",
        "name:es": "Wakokita",
        "name:ja": "和光北IC",
        "name:ja-Hira": "わこうきたいんたーちぇんじ",
        "ref": "52",
        "wikidata": "Q10921361",
        "wikipedia": "ja:和光北インターチェンジ"
      },
      "geometry": {
        "type": "Point",
        "coordinates": [
          139.6249404,
          35.8071986
        ]
      },
      "id": "node/224622697"
    },
    {
      "type": "Feature",
      "properties": {
        "@id": "node/243887260",
        "name": "朝霞",
        "name:en": "Asaka",
        "name:ja": "朝霞",
        "name:ja-Hira": "あさか",
        "name:ja_rm": "Asaka",
        "name:ko": "아사카",
        "name:ru": "Асака",
        "name:th": "อาซากะ",
        "name:zh-Hans": "朝霞",
        "name:zh-Hant": "朝霞",
        "network": "東武鉄道",
        "network:en": "Tobu Railway",
        "network:ja": "東武鉄道",
        "network:wikidata": "Q1321914",
        "operator": "東武鉄道",
        "public_transport": "station",
        "railway": "station",
        "ref": "TJ-12",
        "train": "yes",
        "wheelchair": "yes",
        "wikidata": "Q4803419",
        "wikipedia": "ja:朝霞駅"
      },
      "geometry": {
        "type": "Point",
        "coordinates": [
          139.6002238,
          35.79703
        ]
      },
      "id": "node/243887260"
    },
    {
      "type": "Feature",
      "properties": {
        "@id": "node/244878145",
        "name": "蕨",
        "name:en": "Warabi",
        "name:ja": "蕨",
        "name:ja-Hira": "わらび",
        "name:ja_rm": "Warabi",
        "name:ko": "와라비",
        "name:ru": "Вараби",
        "operator": "東日本旅客鉄道",
        "public_transport": "station",
        "railway": "station",
        "wikidata": "Q786349",
        "wikipedia": "ja:蕨駅"
      },
      "geometry": {
        "type": "Point",
        "coordinates": [
          139.6903799,
          35.8281232
        ]
      },
      "id": "node/244878145"
    },
    {
      "type": "Feature",
      "properties": {
        "@id": "node/244878189",
        "name": "北浦和",
        "name:en": "Kita-Urawa",
        "name:ja": "北浦和",
        "name:ja-Hira": "きたうらわ",
        "name:ja_rm": "Kita Urawa",
        "name:ko": "기타우라와",
        "name:ru": "Кита-Урава",
        "name:th": "คิตะ-อุราวะ",
        "name:zh": "北浦和",
        "name:zh-Hans": "北浦和",
        "name:zh-Hant": "北浦和",
        "operator": "東日本旅客鉄道",
        "public_transport": "station",
        "railway": "station",
        "wikidata": "Q801021",
        "wikipedia": "ja:北浦和駅"
      },
      "geometry": {
        "type": "Point",
        "coordinates": [
          139.6461059,
          35.8721554
        ]
      },
      "id": "node/244878189"
    },
    {
      "type": "Feature",
      "properties": {
        "@id": "node/244878195",
        "name": "与野",
        "name:en": "Yono",
        "name:ja": "与野",
        "name:ja-Hira": "よの",
        "name:ja_rm": "Yono",
        "name:ko": "요노",
        "name:ru": "Йоно",
        "name:th": "โยโนะ",
        "name:zh": "與野",
        "name:zh-Hans": "与野",
        "name:zh-Hant": "與野",
        "operator": "東日本旅客鉄道",
        "public_transport": "station",
        "railway": "station",
        "wikidata": "Q801652",
        "wikipedia": "ja:与野駅"
      },
      "geometry": {
        "type": "Point",
        "coordinates": [
          139.6391522,
          35.8843981
        ]
      },
      "id": "node/244878195"
    },
    {
      "type": "Feature",
      "properties": {
        "@id": "node/244878198",
        "name": "さいたま新都心",
        "name:de": "Saitama-Shintoshin",
        "name:en": "Saitama-Shintoshin",
        "name:fr": "Saitama-Shintoshin",
        "name:ja": "さいたま新都心",
        "name:ja-Hira": "さいたましんとしん",
        "name:ja-Latn": "Saitama shintoshin",
        "name:ja_rm": "Saitama shintoshin",
        "name:ko": "사이타마신토신",
        "name:ru": "Сайтама-Синтосин",
        "name:th": "ไซตามะ ชินโตชิน",
        "name:zh-Hans": "埼玉新都心",
        "name:zh-Hant": "埼玉新都心",
        "operator": "東日本旅客鉄道",
        "platforms": "1",
        "public_transport": "station",
        "railway": "station",
        "wheelchair": "yes",
        "wikidata": "Q801393",
        "wikipedia": "ja:さいたま新都心駅"
      },
      "geometry": {
        "type": "Point",
        "coordinates": [
          139.6339481,
          35.8936374
        ]
      },
      "id": "node/244878198"
    },
    {
      "type": "Feature",
      "properties": {
        "@id": "node/251510846",
        "name": "岩槻",
        "name:en": "Iwatsuki",
        "name:ja": "岩槻",
        "name:ja_rm": "Iwatsuki",
        "name:ko": "이와쓰키",
        "public_transport": "station",
        "railway": "station",
        "ref": "TD06",
        "source": "Bing",
        "wikidata": "Q5368936",
        "wikipedia": "ja:岩槻駅"
      },
      "geometry": {
        "type": "Point",
        "coordinates": [
          139.6929146,
          35.9501595
        ]
      },
      "id": "node/251510846"
    },
    {
      "type": "Feature",
      "properties": {
        "@id": "node/252169274",
        "highway": "motorway_junction",
        "name": "嵐山小川IC",
        "name:en": "Ranzan-Ogawa IC",
        "name:ja": "嵐山小川IC",
        "name:ja-Hira": "らんざんおがわいんたーちぇんじ",
        "name:ja-Latn": "Ranzan-Ogawa IC",
        "ref": "6-1",
        "source:name": "wikipedia",
        "source:ref": "wikipedia",
        "wikidata": "Q11054465",
        "wikipedia": "ja:嵐山小川インターチェンジ"
      },
      "geometry": {
        "type": "Point",
        "coordinates": [
          139.3086656,
          36.069586
        ]
      },
      "id": "node/252169274"
    },
    {
      "type": "Feature",
      "properties": {
        "@id": "node/252169317",
        "highway": "motorway_junction",
        "name": "東松山IC",
        "name:en": "higashi-matsuyama IC",
        "name:ja": "東松山IC",
        "name:ja-Hira": "ひがしまつやまいんたーちぇんじ",
        "name:ja-Latn": "higashi-matsuyama IC",
        "ref": "6",
        "source:name": "wikipedia",
        "source:ref": "wikipedia",
        "wikidata": "Q11103558",
        "wikipedia": "ja:東松山インターチェンジ"
      },
      "geometry": {
        "type": "Point",
        "coordinates": [
          139.3806385,
          36.0305488
        ]
      },
      "id": "node/252169317"
    },
    {
      "type": "Feature",
      "properties": {
        "@id": "node/252174158",
        "highway": "motorway_junction",
        "name": "和光北IC",
        "name:en": "Wakokita IC",
        "name:es": "Wakokita",
        "name:ja": "和光北IC",
        "name:ja-Hira": "わこうきたいんたーちぇんじ",
        "ref": "52",
        "wikidata": "Q10921361",
        "wikipedia": "ja:和光北インターチェンジ"
      },
      "geometry": {
        "type": "Point",
        "coordinates": [
          139.6167702,
          35.7975679
        ]
      },
      "id": "node/252174158"
    },
    {
      "type": "Feature",
      "properties": {
        "@id": "node/252179488",
        "highway": "motorway_junction",
        "name": "鶴ヶ島IC",
        "name:en": "Tsurugashima IC",
        "name:ja": "鶴ヶ島IC",
        "name:ja-Hira": "つるがしまいんたーちぇんじ",
        "name:ja-Latn": "Tsurugashima IC",
        "ref": "5",
        "wikidata": "Q11174029",
        "wikipedia": "ja:鶴ヶ島インターチェンジ"
      },
      "geometry": {
        "type": "Point",
        "coordinates": [
          139.401261,
          35.9431733
        ]
      },
      "id": "node/252179488"
    },
    {
      "type": "Feature",
      "properties": {
        "@id": "node/252179711",
        "highway": "motorway_junction",
        "name": "本庄児玉ＩＣ",
        "name:en": "Honjo-Kodama IC",
        "name:ja": "本庄児玉IC",
        "name:ja-Hira": "ほんじょうこだまいんたーちぇんじ",
        "name:ja_rm": "Honjo-Kodama IC",
        "ref": "8",
        "source:name": "wikipedia",
        "source:ref": "wikipedia",
        "wikidata": "Q11093381",
        "wikipedia": "ja:本庄児玉インターチェンジ"
      },
      "geometry": {
        "type": "Point",
        "coordinates": [
          139.1666234,
          36.2153256
        ]
      },
      "id": "node/252179711"
    },
    {
      "type": "Feature",
      "properties": {
        "@id": "node/252398930",
        "highway": "motorway_junction",
        "name": "代IC"
      },
      "geometry": {
        "type": "Point",
        "coordinates": [
          139.3656911,
          36.173655
        ]
      },
      "id": "node/252398930"
    },
    {
      "type": "Feature",
      "properties": {
        "@id": "node/252682037",
        "highway": "motorway_junction",
        "name": "三芳PA(下り),スマートIC",
        "name:en": "Miyoshi PA/SIC",
        "name:ja": "三芳PA(下り),スマートIC",
        "name:ja-Hira": "みよしぱーきんぐえりあ",
        "name:ja-Latn": "miyoshi PA/SIC",
        "source:name": "wikipedia",
        "source:ref": "wikipedia",
        "wikidata": "Q10866728",
        "wikipedia": "ja:三芳パーキングエリア"
      },
      "geometry": {
        "type": "Point",
        "coordinates": [
          139.5044028,
          35.8374104
        ]
      },
      "id": "node/252682037"
    },
    {
      "type": "Feature",
      "properties": {
        "@id": "node/252682068",
        "highway": "motorway_junction",
        "name": "川越 IC",
        "name:en": "Kawagoe IC",
        "name:ja": "川越 IC",
        "name:ja-Hira": "かわごえいんたーちぇんじ",
        "name:ja-Latn": "Kawagoe IC",
        "ref": "4",
        "source:name": "wikipedia",
        "source:ref": "wikipedia",
        "wikidata": "Q11055949",
        "wikipedia": "ja:川越インターチェンジ"
      },
      "geometry": {
        "type": "Point",
        "coordinates": [
          139.4608789,
          35.8911507
        ]
      },
      "id": "node/252682068"
    },
    {
      "type": "Feature",
      "properties": {
        "@id": "node/252839034",
        "highway": "motorway_junction",
        "name": "代IC"
      },
      "geometry": {
        "type": "Point",
        "coordinates": [
          139.3741398,
          36.1716762
        ]
      },
      "id": "node/252839034"
    },
    {
      "type": "Feature",
      "properties": {
        "@id": "node/253117222",
        "highway": "motorway_junction",
        "name": "花園ＩＣ",
        "name:en": "Hanazono IC",
        "name:ja": "花園IC",
        "name:ja-Hira": "はなぞのいんたーちぇんじ",
        "name:ja_rm": "Hanazono IC",
        "ref": "7",
        "source:name": "wikipedia",
        "source:ref": "wikipedia",
        "wikidata": "Q11615194",
        "wikipedia": "ja:花園インターチェンジ"
      },
      "geometry": {
        "type": "Point",
        "coordinates": [
          139.2515222,
          36.1225156
        ]
      },
      "id": "node/253117222"
    },
    {
      "type": "Feature",
      "properties": {
        "@id": "node/253119566",
        "highway": "motorway_junction",
        "name": "青梅IC",
        "name:en": "Ome IC",
        "name:ja": "青梅IC",
        "name:ja-Hira": "おうめいんたーちぇんじ",
        "name:ja_rm": "Ome IC",
        "official_name:en": "National Highway Route 468",
        "ref": "44",
        "source:name": "wikipedia",
        "source:ref": "wikipedia",
        "wikidata": "Q11661975",
        "wikipedia": "ja:青梅インターチェンジ"
      },
      "geometry": {
        "type": "Point",
        "coordinates": [
          139.3249962,
          35.7982224
        ]
      },
      "id": "node/253119566"
    },
    {
      "type": "Feature",
      "properties": {
        "@id": "node/263988838",
        "highway": "motorway_junction",
        "name": "久喜IC",
        "name:en": "Kuki IC",
        "name:ja": "久喜IC",
        "ref": "4",
        "wikidata": "Q10877674",
        "wikipedia": "ja:久喜インターチェンジ"
      },
      "geometry": {
        "type": "Point",
        "coordinates": [
          139.6550867,
          36.0572618
        ]
      },
      "id": "node/263988838"
    },
    {
      "type": "Feature",
      "properties": {
        "@id": "node/264211486",
        "highspeed": "yes",
        "name": "大宮",
        "name:de": "Omiya",
        "name:en": "Omiya",
        "name:fr": "Omiya",
        "name:ja": "大宮",
        "name:ja-Hira": "おおみや",
        "name:ja-Latn": "Ōmiya",
        "name:ja_rm": "Ōmiya",
        "name:ko": "오미야",
        "name:ru": "Омия",
        "name:th": "โอมิยะ",
        "name:zh-Hans": "大宫",
        "name:zh-Hant": "大宮",
        "operator": "東日本旅客鉄道",
        "operator:en": "East Japan Railway Company",
        "public_transport": "station",
        "railway": "station",
        "ref": "OMY",
        "source": "KSJ2",
        "wheelchair": "yes",
        "wikidata": "Q801692",
        "wikipedia": "ja:大宮駅 (埼玉県)"
      },
      "geometry": {
        "type": "Point",
        "coordinates": [
          139.6243304,
          35.9063869
        ]
      },
      "id": "node/264211486"
    },
    {
      "type": "Feature",
      "properties": {
        "@id": "node/264889435",
        "name": "南栗橋",
        "name:en": "Minami-Kurihashi",
        "name:ja": "南栗橋",
        "name:ja_rm": "Minami-Kurihashi",
        "name:ko": "미나미쿠리하시",
        "note": "National-Land Numerical Information (Railway) 2007, MLIT Japan",
        "public_transport": "station",
        "railway": "station",
        "source": "KSJ2",
        "source_ref": "http://nlftp.mlit.go.jp/ksj/jpgis/datalist/KsjTmplt-N02-v1_1.html",
        "wikidata": "Q846777",
        "wikipedia": "ja:南栗橋駅"
      },
      "geometry": {
        "type": "Point",
        "coordinates": [
          139.7129197,
          36.1132043
        ]
      },
      "id": "node/264889435"
    },
    {
      "type": "Feature",
      "properties": {
        "@id": "node/270643843",
        "highway": "motorway_junction",
        "name": "花園ＩＣ",
        "name:en": "Hanazono IC",
        "name:ja": "花園IC",
        "name:ja-Hira": "はなぞのいんたーちぇんじ",
        "name:ja_rm": "Hanazono IC",
        "ref": "7",
        "source:name": "wikipedia",
        "source:ref": "wikipedia",
        "wikidata": "Q11615194",
        "wikipedia": "ja:花園インターチェンジ"
      },
      "geometry": {
        "type": "Point",
        "coordinates": [
          139.244814,
          36.1265031
        ]
      },
      "id": "node/270643843"
    },
    {
      "type": "Feature",
      "properties": {
        "@id": "node/270900508",
        "highway": "motorway_junction",
        "name": "狭山日高IC",
        "name:en": "Sayama-hidaka IC",
        "name:ja": "狭山日高IC",
        "name:ja-Hira": "さやまひだかいんたーちぇんじ",
        "name:ja_rm": "Sayama-hidaka IC",
        "official_name:en": "National Highway Route 468",
        "ref": "46",
        "source:name": "wikipedia",
        "source:ref": "wikipedia",
        "wikidata": "Q11571740",
        "wikipedia": "ja:狭山日高インターチェンジ"
      },
      "geometry": {
        "type": "Point",
        "coordinates": [
          139.3779926,
          35.864273
        ]
      },
      "id": "node/270900508"
    },
    {
      "type": "Feature",
      "properties": {
        "@id": "node/270901252",
        "highway": "motorway_junction",
        "name": "圏央鶴ヶ島ＩＣ",
        "name:en": "Kenoh-Tsurugashima IC",
        "name:ja": "圏央鶴ヶ島IC",
        "name:ja-Hira": "けんおうつるがしまいんたーちぇんじ",
        "name:ja_rm": "Kenoh-Tsurugashima IC",
        "official_name:en": "National Highway Route 468",
        "ref": "47",
        "source:name": "wikipedia",
        "source:ref": "wikipedia",
        "wikidata": "Q11422768",
        "wikipedia": "ja:圏央鶴ヶ島インターチェンジ"
      },
      "geometry": {
        "type": "Point",
        "coordinates": [
          139.3871776,
          35.9173622
        ]
      },
      "id": "node/270901252"
    },
    {
      "type": "Feature",
      "properties": {
        "@id": "node/271111869",
        "highway": "motorway_junction",
        "name": "本庄児玉ＩＣ",
        "name:en": "Honjo-Kodama IC",
        "name:ja": "本庄児玉IC",
        "name:ja-Hira": "ほんじょうこだまいんたーちぇんじ",
        "name:ja_rm": "Honjo-Kodama IC",
        "ref": "8",
        "source:name": "wikipedia",
        "source:ref": "wikipedia",
        "wikidata": "Q11093381",
        "wikipedia": "ja:本庄児玉インターチェンジ"
      },
      "geometry": {
        "type": "Point",
        "coordinates": [
          139.1623857,
          36.2212866
        ]
      },
      "id": "node/271111869"
    },
    {
      "type": "Feature",
      "properties": {
        "@id": "node/298329477",
        "KSJ2:LIN": "八高線",
        "KSJ2:RAS": "eb03_8264",
        "KSJ2:STN": "明覚",
        "KSJ2:segment": "eb02_17645",
        "name": "明覚",
        "name:en": "Myōkaku",
        "name:ja": "明覚",
        "name:ja_rm": "Myōkaku",
        "name:ko": "묘카쿠",
        "note": "National-Land Numerical Information (Railway) 2007, MLIT Japan",
        "note:ja": "国土数値情報（鉄道データ）平成19年　国土交通省",
        "public_transport": "station",
        "railway": "station",
        "source": "KSJ2",
        "source_ref": "http://nlftp.mlit.go.jp/ksj/jpgis/datalist/KsjTmplt-N02-v1_1.html",
        "wikidata": "Q845049",
        "wikipedia": "ja:明覚駅"
      },
      "geometry": {
        "type": "Point",
        "coordinates": [
          139.2888558,
          36.0033004
        ]
      },
      "id": "node/298329477"
    },
    {
      "type": "Feature",
      "properties": {
        "@id": "node/298329605",
        "KSJ2:LIN": "八高線",
        "KSJ2:RAS": "eb03_8256",
        "KSJ2:STN": "折原",
        "KSJ2:segment": "eb02_17608",
        "name": "折原",
        "name:en": "Orihara",
        "name:ja": "折原",
        "name:ja_rm": "Orihara",
        "name:ko": "오리하라",
        "note": "National-Land Numerical Information (Railway) 2007, MLIT Japan",
        "note:ja": "国土数値情報（鉄道データ）平成19年 国土交通省",
        "public_transport": "station",
        "railway": "station",
        "source": "KSJ2",
        "source_ref": "http://nlftp.mlit.go.jp/ksj/jpgis/datalist/KsjTmplt-N02-v1_1.html",
        "wikidata": "Q845030",
        "wikipedia": "ja:折原駅"
      },
      "geometry": {
        "type": "Point",
        "coordinates": [
          139.1952041,
          36.0962162
        ]
      },
      "id": "node/298329605"
    },
    {
      "type": "Feature",
      "properties": {
        "@id": "node/298329688",
        "KSJ2:LIN": "八高線",
        "KSJ2:RAS": "eb03_8268",
        "KSJ2:STN": "用土",
        "KSJ2:segment": "eb02_17615",
        "name": "用土",
        "name:en": "Yodo",
        "name:ja": "用土",
        "name:ja_rm": "Yodo",
        "name:ko": "요도",
        "note": "National-Land Numerical Information (Railway) 2007, MLIT Japan",
        "note:ja": "国土数値情報（鉄道データ）平成19年 国土交通省",
        "public_transport": "station",
        "railway": "station",
        "source": "KSJ2",
        "source_ref": "http://nlftp.mlit.go.jp/ksj/jpgis/datalist/KsjTmplt-N02-v1_1.html",
        "wheelchair": "yes",
        "wikidata": "Q844838",
        "wikipedia": "ja:用土駅"
      },
      "geometry": {
        "type": "Point",
        "coordinates": [
          139.2009366,
          36.1533786
        ]
      },
      "id": "node/298329688"
    },
    {
      "type": "Feature",
      "properties": {
        "@id": "node/298329690",
        "KSJ2:LIN": "八高線",
        "KSJ2:RAS": "eb03_8251",
        "KSJ2:STN": "松久",
        "KSJ2:segment": "eb02_17617",
        "name": "松久",
        "name:en": "Matsuhisa",
        "name:ja": "松久",
        "name:ja_rm": "Matsuhisa",
        "name:ko": "마쓰히사",
        "note": "National-Land Numerical Information (Railway) 2007, MLIT Japan",
        "note:ja": "国土数値情報（鉄道データ）平成19年 国土交通省",
        "public_transport": "station",
        "railway": "station",
        "source": "KSJ2",
        "source_ref": "http://nlftp.mlit.go.jp/ksj/jpgis/datalist/KsjTmplt-N02-v1_1.html",
        "wheelchair": "yes",
        "wikidata": "Q845010",
        "wikipedia": "ja:松久駅"
      },
      "geometry": {
        "type": "Point",
        "coordinates": [
          139.1821265,
          36.1729529
        ]
      },
      "id": "node/298329690"
    },
    {
      "type": "Feature",
      "properties": {
        "@id": "node/298329691",
        "KSJ2:LIN": "八高線",
        "KSJ2:RAS": "eb03_8262",
        "KSJ2:STN": "竹沢",
        "KSJ2:segment": "eb02_17619",
        "name": "竹沢",
        "name:en": "Takezawa",
        "name:ja": "竹沢",
        "name:ja_rm": "Takezawa",
        "name:ko": "다케자와",
        "note": "National-Land Numerical Information (Railway) 2007, MLIT Japan",
        "note:ja": "国土数値情報（鉄道データ）平成19年　国土交通省",
        "public_transport": "station",
        "railway": "station",
        "source": "KSJ2",
        "source_ref": "http://nlftp.mlit.go.jp/ksj/jpgis/datalist/KsjTmplt-N02-v1_1.html",
        "train": "yes",
        "wikidata": "Q845007",
        "wikipedia": "ja:竹沢駅"
      },
      "geometry": {
        "type": "Point",
        "coordinates": [
          139.2299283,
          36.075467
        ]
      },
      "id": "node/298329691"
    },
    {
      "type": "Feature",
      "properties": {
        "@id": "node/298329913",
        "KSJ2:LIN": "八高線",
        "KSJ2:RAS": "eb03_8260",
        "KSJ2:STN": "毛呂",
        "KSJ2:segment": "eb02_17638",
        "name": "毛呂",
        "name:en": "Moro",
        "name:ja": "毛呂",
        "name:ja_rm": "Moro",
        "name:ko": "모로",
        "note": "National-Land Numerical Information (Railway) 2007, MLIT Japan",
        "note:ja": "国土数値情報（鉄道データ）平成19年　国土交通省",
        "public_transport": "station",
        "railway": "station",
        "source": "KSJ2",
        "source_ref": "http://nlftp.mlit.go.jp/ksj/jpgis/datalist/KsjTmplt-N02-v1_1.html",
        "train": "yes",
        "wheelchair": "limited",
        "wikidata": "Q844988",
        "wikipedia": "ja:毛呂駅"
      },
      "geometry": {
        "type": "Point",
        "coordinates": [
          139.3093003,
          35.9403972
        ]
      },
      "id": "node/298329913"
    },
    {
      "type": "Feature",
      "properties": {
        "@id": "node/298329957",
        "KSJ2:LIN": "八高線",
        "KSJ2:RAS": "eb03_8253",
        "KSJ2:STN": "児玉",
        "KSJ2:segment": "eb02_17614",
        "name": "児玉",
        "name:en": "Kodama",
        "name:ja": "児玉",
        "name:ja_rm": "Kodama",
        "name:ko": "고다마",
        "note": "National-Land Numerical Information (Railway) 2007, MLIT Japan",
        "note:ja": "国土数値情報（鉄道データ）平成19年 国土交通省",
        "public_transport": "station",
        "railway": "station",
        "source": "KSJ2",
        "source_ref": "http://nlftp.mlit.go.jp/ksj/jpgis/datalist/KsjTmplt-N02-v1_1.html",
        "wikidata": "Q845035",
        "wikipedia": "ja:児玉駅"
      },
      "geometry": {
        "type": "Point",
        "coordinates": [
          139.1358924,
          36.192544
        ]
      },
      "id": "node/298329957"
    },
    {
      "type": "Feature",
      "properties": {
        "@id": "node/298330837",
        "KSJ2:LIN": "八高線",
        "KSJ2:RAS": "eb03_8257",
        "KSJ2:STN": "金子",
        "KSJ2:segment": "eb02_17635",
        "name": "金子",
        "name:en": "Kaneko",
        "name:ja": "金子",
        "name:ja_rm": "Kaneko",
        "name:ko": "가네코",
        "note": "National-Land Numerical Information (Railway) 2007, MLIT Japan",
        "note:ja": "国土数値情報（鉄道データ）平成19年　国土交通省",
        "public_transport": "station",
        "railway": "station",
        "source": "KSJ2",
        "source_ref": "http://nlftp.mlit.go.jp/ksj/jpgis/datalist/KsjTmplt-N02-v1_1.html",
        "wikidata": "Q844340",
        "wikipedia": "ja:金子駅"
      },
      "geometry": {
        "type": "Point",
        "coordinates": [
          139.3286556,
          35.8110878
        ]
      },
      "id": "node/298330837"
    },
    {
      "type": "Feature",
      "properties": {
        "@id": "node/298330913",
        "KSJ2:LIN": "八高線",
        "name": "小川町",
        "name:en": "Ogawamachi",
        "name:ja": "小川町",
        "name:ja-Hira": "おがわまち",
        "name:ja_rm": "Ogawamachi",
        "name:ko": "오가와마치",
        "name:ru": "Огавамати",
        "note": "National-Land Numerical Information (Railway) 2007, MLIT Japan",
        "note:ja": "国土数値情報（鉄道データ）平成19年 国土交通省",
        "operator": "東日本旅客鉄道",
        "public_transport": "station",
        "railway": "station",
        "source": "KSJ2",
        "source_ref": "http://nlftp.mlit.go.jp/ksj/jpgis/datalist/KsjTmplt-N02-v1_1.html",
        "wikidata": "Q844858",
        "wikipedia": "ja:小川町駅 (埼玉県)"
      },
      "geometry": {
        "type": "Point",
        "coordinates": [
          139.2608603,
          36.05888
        ]
      },
      "id": "node/298330913"
    },
    {
      "type": "Feature",
      "properties": {
        "@id": "node/300586424",
        "light_rail": "yes",
        "name": "大宮",
        "name:en": "Omiya",
        "name:es": "Omiya",
        "name:ja": "大宮",
        "name:ja_rm": "Ōmiya",
        "name:ko": "오미야",
        "operator": "東日本旅客鉄道",
        "operator:en": "East Japan Railway",
        "operator:ja": "東日本旅客鉄道",
        "operator:ja-Latn": "Higashi-Nihon Ryokaku Tetsudō",
        "operator:ja_rm": "Higashi-Nihon Ryokaku Tetsudō",
        "public_transport": "station",
        "railway": "station",
        "station": "light_rail",
        "wheelchair": "yes",
        "wikidata": "Q124416862"
      },
      "geometry": {
        "type": "Point",
        "coordinates": [
          139.6223198,
          35.9078395
        ]
      },
      "id": "node/300586424"
    },
    {
      "type": "Feature",
      "properties": {
        "@id": "node/308839580",
        "internet_access": "wlan",
        "internet_access:fee": "no",
        "name": "新越谷",
        "name:en": "Shin-koshigaya",
        "name:ja": "新越谷",
        "name:ja-Hira": "しんこしがや",
        "name:ja_rm": "Shin Koshigaya",
        "name:ko": "신코시가야",
        "name:th": "ชิง โคชิงายะ",
        "name:zh-Hans": "新越谷",
        "name:zh-Hant": "新越谷",
        "network": "東武鉄道",
        "network:en": "Tobu Railway",
        "network:ja": "東武鉄道",
        "network:wikidata": "Q1321914",
        "operator": "東武鉄道",
        "public_transport": "station",
        "railway": "station",
        "ref": "TS-20",
        "source_ref": "http://nlftp.mlit.go.jp/ksj/jpgis/datalist/KsjTmplt-N02-v1_1.html",
        "train": "yes",
        "wikidata": "Q280550",
        "wikipedia": "ja:新越谷駅"
      },
      "geometry": {
        "type": "Point",
        "coordinates": [
          139.7898394,
          35.8754965
        ]
      },
      "id": "node/308839580"
    },
    {
      "type": "Feature",
      "properties": {
        "@id": "node/308839760",
        "name": "谷塚",
        "name:en": "Yatsuka",
        "name:ja": "谷塚",
        "name:ja-Hira": "やつか",
        "name:ja_rm": "Yatsuka",
        "name:ko": "야쓰카",
        "name:th": "ยาตสึกะ",
        "network": "東武鉄道",
        "network:en": "Tobu Railway",
        "network:ja": "東武鉄道",
        "network:wikidata": "Q1321914",
        "note": "National-Land Numerical Information (Railway) 2007, MLIT Japan",
        "operator": "東武鉄道",
        "public_transport": "station",
        "railway": "station",
        "ref": "TS15",
        "source": "KSJ2",
        "source_ref": "http://nlftp.mlit.go.jp/ksj/jpgis/datalist/KsjTmplt-N02-v1_1.html",
        "train": "yes",
        "wikidata": "Q8050280",
        "wikipedia": "ja:谷塚駅"
      },
      "geometry": {
        "type": "Point",
        "coordinates": [
          139.8011329,
          35.8142116
        ]
      },
      "id": "node/308839760"
    },
    {
      "type": "Feature",
      "properties": {
        "@id": "node/308839965",
        "alt_name:en": "Tobu-dobutsu-koen",
        "name": "東武動物公園",
        "name:en": "Tobu Dobutsu Koen",
        "name:ja": "東武動物公園",
        "name:ja-Hira": "とうぶどうぶつこうえん",
        "name:ja_rm": "Tōbu-Dōbutsu-Kōen",
        "name:ko": "도부 도부쓰코엔 (도부동물공원)",
        "name:th": "โทบุโดบุตสึโคเอ็น (สวนสัตว์โทบุ)",
        "name:vi": "Tobu dobutsu-koen (Công viên Vườn thú Tobu)",
        "name:zh-Hans": "东武动物公园",
        "name:zh-Hant": "東武動物公園",
        "network": "東武本線",
        "network:wikidata": "Q11527535",
        "note": "National-Land Numerical Information (Railway) 2007, MLIT Japan",
        "public_transport": "station",
        "railway": "station",
        "source": "KSJ2",
        "source_ref": "http://nlftp.mlit.go.jp/ksj/jpgis/datalist/KsjTmplt-N02-v1_1.html",
        "train": "yes",
        "wikidata": "Q843158",
        "wikipedia": "ja:東武動物公園駅"
      },
      "geometry": {
        "type": "Point",
        "coordinates": [
          139.7265721,
          36.0249605
        ]
      },
      "id": "node/308839965"
    },
    {
      "type": "Feature",
      "properties": {
        "@id": "node/309302928",
        "highway": "motorway_junction",
        "name": "和光IC",
        "name:en": "Wako IC",
        "name:ja": "和光IC",
        "name:ja-Hira": "わこういんたーちぇんじ",
        "name:ja-Latn": "Wako IC",
        "ref": "51",
        "source:name": "wikipedia",
        "source:ref": "wikipedia",
        "wikidata": "Q10921360",
        "wikipedia": "ja:和光インターチェンジ"
      },
      "geometry": {
        "type": "Point",
        "coordinates": [
          139.6092426,
          35.7798989
        ]
      },
      "id": "node/309302928"
    },
    {
      "type": "Feature",
      "properties": {
        "@id": "node/309304366",
        "highway": "motorway_junction",
        "name": "和光IC",
        "name:en": "Wako IC",
        "name:ja": "和光IC",
        "name:ja-Hira": "わこういんたーちぇんじ",
        "name:ja-Latn": "Wako IC",
        "ref": "51"
      },
      "geometry": {
        "type": "Point",
        "coordinates": [
          139.6153324,
          35.7920876
        ]
      },
      "id": "node/309304366"
    },
    {
      "type": "Feature",
      "properties": {
        "@id": "node/309354649",
        "highway": "motorway_junction",
        "name": "浦和IC",
        "name:en": "Urawa",
        "ref": "2",
        "wikidata": "Q11558144",
        "wikipedia": "ja:浦和インターチェンジ"
      },
      "geometry": {
        "type": "Point",
        "coordinates": [
          139.7315136,
          35.8782404
        ]
      },
      "id": "node/309354649"
    },
    {
      "type": "Feature",
      "properties": {
        "@id": "node/334528197",
        "highway": "motorway_junction",
        "name": "上里ＳＡ（上り）、スマートＩＣ",
        "name:en": "kamisato SA/SIC",
        "name:ja": "上里SA (上り);スマートIC",
        "name:ja-Hira": "かみさとさーびすえりあ",
        "name:ja_rm": "kamisato SA/SIC",
        "ref": "8-1",
        "source:name": "wikipedia",
        "wikipedia": "ja:上里サービスエリア"
      },
      "geometry": {
        "type": "Point",
        "coordinates": [
          139.1150828,
          36.2569006
        ]
      },
      "id": "node/334528197"
    },
    {
      "type": "Feature",
      "properties": {
        "@id": "way/335519055",
        "branch": "新田店",
        "brand": "イトーヨーカドー",
        "brand:en": "Ito-Yokado",
        "brand:ja": "イトーヨーカドー",
        "brand:wikidata": "Q3088746",
        "brand:wikipedia": "en:Ito-Yokado",
        "building": "yes",
        "disused:shop": "yes",
        "level": "1",
        "name": "イトーヨーカドー",
        "name:en": "Ito-Yokado",
        "name:ja": "イトーヨーカドー",
        "operator": "イトーヨーカ堂",
        "phone": "+81 48-942-1281",
        "shop": "supermarket",
        "website": "http://blog.itoyokado.co.jp/shop/033/",
        "@geometry": "center"
      },
      "geometry": {
        "type": "Point",
        "coordinates": [
          139.7943041,
          35.8517299
        ]
      },
      "id": "way/335519055"
    },
    {
      "type": "Feature",
      "properties": {
        "@id": "node/361021508",
        "light_rail": "yes",
        "name": "伊奈中央",
        "name:en": "Ina-Chuo",
        "name:ja": "伊奈中央",
        "name:ja-Hira": "いなちゅうおう",
        "name:ja_rm": "Ina Chūō",
        "name:ko": "이나추오",
        "note": "National-Land Numerical Information (Railway) 2007, MLIT Japan",
        "operator": "埼玉新都市交通",
        "public_transport": "station",
        "railway": "station",
        "source": "KSJ2",
        "source_ref": "http://nlftp.mlit.go.jp/ksj/jpgis/datalist/KsjTmplt-N02-v1_1.html",
        "station": "light_rail",
        "wikidata": "Q11379278",
        "wikipedia": "ja:伊奈中央駅"
      },
      "geometry": {
        "type": "Point",
        "coordinates": [
          139.6172818,
          35.9993374
        ]
      },
      "id": "node/361021508"
    },
    {
      "type": "Feature",
      "properties": {
        "@id": "node/361021535",
        "light_rail": "yes",
        "name": "志久",
        "name:en": "Shiku",
        "name:ja": "志久",
        "name:ja-Hira": "しく",
        "name:ja_rm": "Shiku",
        "name:ko": "시쿠",
        "note": "National-Land Numerical Information (Railway) 2007, MLIT Japan",
        "operator": "埼玉新都市交通",
        "public_transport": "station",
        "railway": "station",
        "source": "KSJ2",
        "source_ref": "http://nlftp.mlit.go.jp/ksj/jpgis/datalist/KsjTmplt-N02-v1_1.html",
        "station": "light_rail",
        "wheelchair": "no",
        "wikidata": "Q11490824",
        "wikipedia": "ja:志久駅"
      },
      "geometry": {
        "type": "Point",
        "coordinates": [
          139.6222033,
          35.9912396
        ]
      },
      "id": "node/361021535"
    },
    {
      "type": "Feature",
      "properties": {
        "@id": "node/361021706",
        "alt_name": "大成",
        "alt_name:en": "Tetsudō-Hakubutsukan",
        "light_rail": "yes",
        "name": "鉄道博物館",
        "name:en": "Tetsudo Hakubutsukan",
        "name:ja": "鉄道博物館",
        "name:ja-Hira": "てつどうはくぶつかん",
        "name:ja_rm": "Tetsudō Hakubutsukan",
        "name:ko": "철도박물관",
        "name:zh": "鐡道博物館",
        "note": "National-Land Numerical Information (Railway) 2007, MLIT Japan",
        "old_name": "大成",
        "old_name:en": "Ōnari",
        "operator": "埼玉新都市交通",
        "public_transport": "station",
        "railway": "station",
        "source": "KSJ2",
        "source_ref": "http://nlftp.mlit.go.jp/ksj/jpgis/datalist/KsjTmplt-N02-v1_1.html",
        "station": "light_rail",
        "wheelchair": "yes",
        "wikidata": "Q7706853",
        "wikipedia": "ja:鉄道博物館駅"
      },
      "geometry": {
        "type": "Point",
        "coordinates": [
          139.6176711,
          35.9205193
        ]
      },
      "id": "node/361021706"
    },
    {
      "type": "Feature",
      "properties": {
        "@id": "node/361021857",
        "light_rail": "yes",
        "name": "丸山",
        "name:en": "Maruyama",
        "name:ja": "丸山",
        "name:ja-Hira": "まるやま",
        "name:ja_rm": "Maruyama",
        "name:ko": "마루야마",
        "note": "National-Land Numerical Information (Railway) 2007, MLIT Japan",
        "operator": "埼玉新都市交通",
        "public_transport": "station",
        "railway": "station",
        "source": "KSJ2",
        "source_ref": "http://nlftp.mlit.go.jp/ksj/jpgis/datalist/KsjTmplt-N02-v1_1.html",
        "station": "light_rail",
        "wikidata": "Q10877242",
        "wikipedia": "ja:丸山駅 (埼玉県)"
      },
      "geometry": {
        "type": "Point",
        "coordinates": [
          139.6247029,
          35.9799206
        ]
      },
      "id": "node/361021857"
    },
    {
      "type": "Feature",
      "properties": {
        "@id": "node/370267628",
        "highway": "motorway_junction",
        "name": "羽生IC",
        "name:en": "Hanyu IC",
        "ref": "5-1",
        "wikidata": "Q11610249",
        "wikipedia": "ja:羽生インターチェンジ"
      },
      "geometry": {
        "type": "Point",
        "coordinates": [
          139.5878983,
          36.1732363
        ]
      },
      "id": "node/370267628"
    },
    {
      "type": "Feature",
      "properties": {
        "@id": "node/370267980",
        "highway": "motorway_junction",
        "name": "加須IC",
        "name:en": "Kazo IC",
        "ref": "5",
        "wikidata": "Q10900948",
        "wikipedia": "ja:加須インターチェンジ"
      },
      "geometry": {
        "type": "Point",
        "coordinates": [
          139.6251533,
          36.1293481
        ]
      },
      "id": "node/370267980"
    },
    {
      "type": "Feature",
      "properties": {
        "@id": "node/370268583",
        "highway": "motorway_junction",
        "name": "蓮田SA (上り);蓮田スマートIC",
        "name:en": "Hasuda SA (inbound);Hasuda SIC",
        "name:ja": "蓮田SA (上り);蓮田スマートIC",
        "ref": "3-1"
      },
      "geometry": {
        "type": "Point",
        "coordinates": [
          139.6642955,
          35.9804694
        ]
      },
      "id": "node/370268583"
    },
    {
      "type": "Feature",
      "properties": {
        "@id": "node/370268989",
        "highway": "motorway_junction",
        "name": "浦和IC",
        "name:en": "Urawa IC",
        "ref": "2",
        "wikidata": "Q11558144",
        "wikipedia": "ja:浦和インターチェンジ"
      },
      "geometry": {
        "type": "Point",
        "coordinates": [
          139.7176035,
          35.8966843
        ]
      },
      "id": "node/370268989"
    },
    {
      "type": "Feature",
      "properties": {
        "@id": "way/374386244",
        "addr:block_number": "2876",
        "addr:city": "越谷市",
        "addr:housenumber": "1",
        "addr:neighbourhood": "南越谷1",
        "addr:postcode": "343-0845",
        "addr:province": "埼玉県",
        "building": "yes",
        "name": "イオン南越谷店",
        "name:en": "Aeon Minami-Koshigaya",
        "phone": "+81 48-985-6461",
        "shop": "supermarket",
        "website": "https://www.aeon.com/store/%E3%82%A4%E3%82%AA%E3%83%B3/%E3%82%A4%E3%82%AA%E3%83%B3%E5%8D%97%E8%B6%8A%E8%B0%B7%E5%BA%97/",
        "wikidata": "Q11316665",
        "wikipedia": "ja:イオン南越谷店",
        "@geometry": "center"
      },
      "geometry": {
        "type": "Point",
        "coordinates": [
          139.7909116,
          35.873805
        ]
      },
      "id": "way/374386244"
    },
    {
      "type": "Feature",
      "properties": {
        "@id": "node/390127404",
        "highway": "motorway_junction",
        "name": "上里ＳＡ（下り）、スマートＩＣ",
        "name:en": "kamisato SA/SIC",
        "name:ja": "上里SA (下り);スマートIC",
        "name:ja-Hira": "かみさとさーびすえりあ",
        "name:ja_rm": "kamisato SA/SIC",
        "ref": "8-1",
        "source:name": "wikipedia",
        "wikipedia": "ja:上里サービスエリア"
      },
      "geometry": {
        "type": "Point",
        "coordinates": [
          139.1243538,
          36.2536004
        ]
      },
      "id": "node/390127404"
    },
    {
      "type": "Feature",
      "properties": {
        "@id": "node/390321838",
        "highway": "motorway_junction",
        "name": "所沢 IC",
        "name:en": "Tokorozawa IC",
        "name:ja": "所沢 IC",
        "name:ja-Hira": "ところざわいんたーちぇんじ",
        "name:ja-Latn": "Tokorozawa IC",
        "ref": "3",
        "source:name": "wikipedia",
        "source:ref": "wikipedia",
        "wikidata": "Q11075527",
        "wikipedia": "ja:所沢インターチェンジ"
      },
      "geometry": {
        "type": "Point",
        "coordinates": [
          139.5332979,
          35.8052749
        ]
      },
      "id": "node/390321838"
    },
    {
      "type": "Feature",
      "properties": {
        "@id": "node/390321862",
        "highway": "motorway_junction",
        "name": "所沢 IC",
        "name:en": "Tokorozawa IC",
        "name:ja": "所沢 IC",
        "name:ja-Hira": "ところざわいんたーちぇんじ",
        "name:ja-Latn": "Tokorozawa IC",
        "ref": "3",
        "source:name": "wikipedia",
        "source:ref": "wikipedia",
        "wikidata": "Q11075527",
        "wikipedia": "ja:所沢インターチェンジ"
      },
      "geometry": {
        "type": "Point",
        "coordinates": [
          139.5284024,
          35.811305
        ]
      },
      "id": "node/390321862"
    },
    {
      "type": "Feature",
      "properties": {
        "@id": "node/410296936",
        "highway": "motorway_junction",
        "name": "入間IC",
        "name:en": "Iruma IC",
        "name:ja": "入間IC",
        "name:ja-Hira": "いるまいんたーちぇんじ",
        "name:ja_rm": "Iruma IC",
        "official_name:en": "National Highway Route 468",
        "ref": "45",
        "source:name": "wikipedia",
        "source:ref": "wikipedia",
        "wikidata": "Q10891237",
        "wikipedia": "ja:入間インターチェンジ"
      },
      "geometry": {
        "type": "Point",
        "coordinates": [
          139.3660992,
          35.8165588
        ]
      },
      "id": "node/410296936"
    },
    {
      "type": "Feature",
      "properties": {
        "@id": "node/410296939",
        "highway": "motorway_junction",
        "name": "入間IC",
        "name:en": "Iruma IC",
        "name:ja": "入間IC",
        "name:ja-Hira": "いるまいんたーちぇんじ",
        "name:ja_rm": "Iruma IC",
        "official_name:en": "National Highway Route 468",
        "ref": "45",
        "source:name": "wikipedia",
        "source:ref": "wikipedia",
        "wikidata": "Q10891237",
        "wikipedia": "ja:入間インターチェンジ"
      },
      "geometry": {
        "type": "Point",
        "coordinates": [
          139.3714493,
          35.8206415
        ]
      },
      "id": "node/410296939"
    },
    {
      "type": "Feature",
      "properties": {
        "@id": "node/410300827",
        "highway": "motorway_junction",
        "name": "狭山日高IC",
        "name:en": "Sayama-hidaka IC",
        "name:ja": "狭山日高IC",
        "name:ja-Hira": "さやまひだかいんたーちぇんじ",
        "name:ja_rm": "Sayama-hidaka IC",
        "official_name:en": "National Highway Route 468",
        "ref": "46",
        "source:name": "wikipedia",
        "source:ref": "wikipedia",
        "wikidata": "Q11571740",
        "wikipedia": "ja:狭山日高インターチェンジ"
      },
      "geometry": {
        "type": "Point",
        "coordinates": [
          139.3775076,
          35.8680543
        ]
      },
      "id": "node/410300827"
    },
    {
      "type": "Feature",
      "properties": {
        "@id": "way/420809022",
        "area": "yes",
        "highway": "services",
        "name": "道の駅龍勢会館",
        "wikidata": "Q11641586",
        "wikipedia": "ja:道の駅龍勢会館",
        "@geometry": "center"
      },
      "geometry": {
        "type": "Point",
        "coordinates": [
          139.0399862,
          36.048583
        ]
      },
      "id": "way/420809022"
    },
    {
      "type": "Feature",
      "properties": {
        "@id": "way/438553792",
        "area": "yes",
        "highway": "services",
        "name": "道の駅 アグリパークゆめすぎと",
        "wikidata": "Q11641005",
        "wikipedia": "ja:道の駅アグリパークゆめすぎと",
        "@geometry": "center"
      },
      "geometry": {
        "type": "Point",
        "coordinates": [
          139.7672215,
          36.0244435
        ]
      },
      "id": "way/438553792"
    },
    {
      "type": "Feature",
      "properties": {
        "@id": "way/438555102",
        "area": "yes",
        "highway": "services",
        "name": "道の駅 童謡のふる里おおとね",
        "opening_hours": "24/7",
        "wikidata": "Q11641438",
        "wikipedia": "ja:道の駅童謡のふる里おおとね",
        "@geometry": "center"
      },
      "geometry": {
        "type": "Point",
        "coordinates": [
          139.644611,
          36.1704379
        ]
      },
      "id": "way/438555102"
    },
    {
      "type": "Feature",
      "properties": {
        "@id": "way/438559017",
        "area": "yes",
        "highway": "services",
        "name": "道の駅かぞわたらせ",
        "name:en": "Road Station Kazo-Watarase",
        "name:ja": "道の駅かぞわたらせ",
        "services": "road_station",
        "wikidata": "Q11640717",
        "wikipedia": "ja:道の駅きたかわべ",
        "@geometry": "center"
      },
      "geometry": {
        "type": "Point",
        "coordinates": [
          139.6622357,
          36.2113241
        ]
      },
      "id": "way/438559017"
    },
    {
      "type": "Feature",
      "properties": {
        "@id": "way/439106333",
        "area": "yes",
        "highway": "services",
        "name": "道の駅めぬま",
        "wikidata": "Q11640968",
        "wikipedia": "ja:道の駅めぬま",
        "@geometry": "center"
      },
      "geometry": {
        "type": "Point",
        "coordinates": [
          139.3695647,
          36.2148923
        ]
      },
      "id": "way/439106333"
    },
    {
      "type": "Feature",
      "properties": {
        "@id": "way/439459634",
        "area": "yes",
        "highway": "services",
        "name": "道の駅　おかべ",
        "name:en": "Roadside Station Okabe",
        "wikidata": "Q11640680",
        "@geometry": "center"
      },
      "geometry": {
        "type": "Point",
        "coordinates": [
          139.2418027,
          36.2184172
        ]
      },
      "id": "way/439459634"
    },
    {
      "type": "Feature",
      "properties": {
        "@id": "way/440746540",
        "highway": "services",
        "name": "道の駅 はなぞの",
        "wikidata": "Q11640893",
        "wikipedia": "ja:道の駅はなぞの",
        "@geometry": "center"
      },
      "geometry": {
        "type": "Point",
        "coordinates": [
          139.226185,
          36.121674
        ]
      },
      "id": "way/440746540"
    },
    {
      "type": "Feature",
      "properties": {
        "@id": "way/441119895",
        "area": "yes",
        "highway": "services",
        "name": "道の駅かわもと",
        "wikidata": "Q11640713",
        "wikipedia": "ja:道の駅かわもと",
        "@geometry": "center"
      },
      "geometry": {
        "type": "Point",
        "coordinates": [
          139.2886554,
          36.1514054
        ]
      },
      "id": "way/441119895"
    },
    {
      "type": "Feature",
      "properties": {
        "@id": "way/441406808",
        "area": "yes",
        "highway": "services",
        "name": "道の駅いちごの里よしみ",
        "wikidata": "Q11640640",
        "wikipedia": "ja:道の駅いちごの里 よしみ",
        "@geometry": "center"
      },
      "geometry": {
        "type": "Point",
        "coordinates": [
          139.4582107,
          36.03667
        ]
      },
      "id": "way/441406808"
    },
    {
      "type": "Feature",
      "properties": {
        "@id": "way/485445207",
        "addr:block_number": "1313",
        "addr:city": "富士見市",
        "addr:country": "JP",
        "addr:neighbourhood": "山室1",
        "addr:postcode": "354-8560",
        "addr:province": "埼玉県",
        "branch": "富士見",
        "branch:en": "Fujimi",
        "building": "retail",
        "name": "ららぽーと富士見",
        "name:en": "LaLaport Fujimi",
        "name:ja": "ららぽーと富士見",
        "shop": "mall",
        "website": "https://mitsui-shopping-park.com/lalaport/fujimi/",
        "@geometry": "center"
      },
      "geometry": {
        "type": "Point",
        "coordinates": [
          139.548414,
          35.8597694
        ]
      },
      "id": "way/485445207"
    },
    {
      "type": "Feature",
      "properties": {
        "@id": "node/503873207",
        "KSJ2:LIN": "西武秩父線",
        "KSJ2:STN": "西武秩父",
        "alt_name": "西武秩父駅",
        "name": "西武秩父",
        "name:en": "Seibu-Chichibu",
        "name:ja": "西武秩父",
        "name:ja-Hira": "せいぶちちぶ",
        "name:ja_rm": "Seibu-Chichibu",
        "name:ko": "세이부지치부",
        "note": "National-Land Numerical Information (Railway) 2007, MLIT Japan",
        "note:ja": "国土数値情報（鉄道データ）平成19年 国土交通省",
        "public_transport": "station",
        "railway": "station",
        "source": "KSJ2",
        "source_ref": "http://nlftp.mlit.go.jp/ksj/jpgis/datalist/KsjTmplt-N02-v1_1.html",
        "wikidata": "Q7446590",
        "wikipedia": "ja:西武秩父駅"
      },
      "geometry": {
        "type": "Point",
        "coordinates": [
          139.083122,
          35.9902119
        ]
      },
      "id": "node/503873207"
    },
    {
      "type": "Feature",
      "properties": {
        "@id": "node/503883147",
        "name": "持田",
        "name:en": "Mochida",
        "name:ja": "持田",
        "name:ko": "모치다",
        "note": "National-Land Numerical Information (Railway) 2007, MLIT Japan",
        "note:ja": "国土数値情報（鉄道データ）平成19年　国土交通省",
        "public_transport": "station",
        "railway": "station",
        "source": "KSJ2",
        "source_ref": "http://nlftp.mlit.go.jp/ksj/jpgis/datalist/KsjTmplt-N02-v1_1.html",
        "wikidata": "Q3701544",
        "wikipedia": "ja:持田駅"
      },
      "geometry": {
        "type": "Point",
        "coordinates": [
          139.4421269,
          36.1376538
        ]
      },
      "id": "node/503883147"
    },
    {
      "type": "Feature",
      "properties": {
        "@id": "node/503883148",
        "name": "東行田",
        "name:en": "Higashi-Gyōda Station",
        "name:ko": "히가시교다",
        "note": "National-Land Numerical Information (Railway) 2007, MLIT Japan",
        "note:ja": "国土数値情報（鉄道データ）平成19年 国土交通省",
        "operator": "秩父鉄道",
        "public_transport": "station",
        "railway": "station",
        "source": "KSJ2",
        "source_ref": "http://nlftp.mlit.go.jp/ksj/jpgis/datalist/KsjTmplt-N02-v1_1.html",
        "wikidata": "Q5753524",
        "wikipedia": "ja:東行田駅"
      },
      "geometry": {
        "type": "Point",
        "coordinates": [
          139.4684922,
          36.1472311
        ]
      },
      "id": "node/503883148"
    },
    {
      "type": "Feature",
      "properties": {
        "@id": "node/503883152",
        "name": "石原",
        "name:en": "Ishiwara",
        "name:ja": "石原",
        "name:ko": "이시와라",
        "note": "National-Land Numerical Information (Railway) 2007, MLIT Japan",
        "note:ja": "国土数値情報（鉄道データ）平成19年　国土交通省",
        "public_transport": "station",
        "railway": "station",
        "source": "KSJ2",
        "source_ref": "http://nlftp.mlit.go.jp/ksj/jpgis/datalist/KsjTmplt-N02-v1_1.html",
        "wikidata": "Q6080414",
        "wikipedia": "ja:石原駅 (埼玉県)"
      },
      "geometry": {
        "type": "Point",
        "coordinates": [
          139.3688331,
          36.1477624
        ]
      },
      "id": "node/503883152"
    },
    {
      "type": "Feature",
      "properties": {
        "@id": "node/503883273",
        "name": "新郷",
        "name:en": "Shingō",
        "name:ja": "新郷",
        "name:ko": "신고",
        "note": "National-Land Numerical Information (Railway) 2007, MLIT Japan",
        "note:ja": "国土数値情報（鉄道データ）平成19年　国土交通省",
        "public_transport": "station",
        "railway": "station",
        "source": "KSJ2",
        "source_ref": "http://nlftp.mlit.go.jp/ksj/jpgis/datalist/KsjTmplt-N02-v1_1.html",
        "wikidata": "Q7497502",
        "wikipedia": "ja:新郷駅 (埼玉県)"
      },
      "geometry": {
        "type": "Point",
        "coordinates": [
          139.5101135,
          36.1712227
        ]
      },
      "id": "node/503883273"
    },
    {
      "type": "Feature",
      "properties": {
        "@id": "node/503883287",
        "name": "上熊谷",
        "name:ja_rm": "Kami-Kumagaya",
        "name:ko": "가미쿠마가야",
        "note": "National-Land Numerical Information (Railway) 2007, MLIT Japan",
        "note:ja": "国土数値情報（鉄道データ）平成19年　国土交通省",
        "public_transport": "station",
        "railway": "station",
        "source": "KSJ2",
        "source_ref": "http://nlftp.mlit.go.jp/ksj/jpgis/datalist/KsjTmplt-N02-v1_1.html",
        "wikidata": "Q6357161",
        "wikipedia": "ja:上熊谷駅"
      },
      "geometry": {
        "type": "Point",
        "coordinates": [
          139.3813363,
          36.1426281
        ]
      },
      "id": "node/503883287"
    },
    {
      "type": "Feature",
      "properties": {
        "@id": "node/503883289",
        "name": "西羽生",
        "name:en": "Nishi-Hanyu",
        "name:ja": "西羽生",
        "name:ko": "니시하뉴",
        "public_transport": "station",
        "railway": "station",
        "wikidata": "Q7040342",
        "wikipedia": "ja:西羽生駅"
      },
      "geometry": {
        "type": "Point",
        "coordinates": [
          139.5240089,
          36.176457
        ]
      },
      "id": "node/503883289"
    },
    {
      "type": "Feature",
      "properties": {
        "@id": "node/503883885",
        "name": "小前田",
        "name:en": "Omaeda",
        "name:ja": "小前田",
        "name:ko": "오마에다",
        "note": "National-Land Numerical Information (Railway) 2007, MLIT Japan",
        "note:ja": "国土数値情報（鉄道データ）平成19年　国土交通省",
        "public_transport": "station",
        "railway": "station",
        "source": "KSJ2",
        "source_ref": "http://nlftp.mlit.go.jp/ksj/jpgis/datalist/KsjTmplt-N02-v1_1.html",
        "wikidata": "Q7089376",
        "wikipedia": "ja:小前田駅"
      },
      "geometry": {
        "type": "Point",
        "coordinates": [
          139.2223337,
          36.1289882
        ]
      },
      "id": "node/503883885"
    },
    {
      "type": "Feature",
      "properties": {
        "@id": "node/503883886",
        "name": "樋口",
        "name:en": "Higuchi",
        "name:ja": "樋口",
        "name:ja-Hira": "ひぐち",
        "name:ja_rm": "Higuchi",
        "name:ko": "히구치",
        "note": "National-Land Numerical Information (Railway) 2007, MLIT Japan",
        "note:ja": "国土数値情報（鉄道データ）平成19年 国土交通省",
        "public_transport": "station",
        "railway": "station",
        "source": "KSJ2",
        "source_ref": "http://nlftp.mlit.go.jp/ksj/jpgis/datalist/KsjTmplt-N02-v1_1.html",
        "wikidata": "Q11542163",
        "wikipedia": "ja:樋口駅"
      },
      "geometry": {
        "type": "Point",
        "coordinates": [
          139.1223146,
          36.131119
        ]
      },
      "id": "node/503883886"
    },
    {
      "type": "Feature",
      "properties": {
        "@id": "node/503883928",
        "name": "永田",
        "name:en": "Nagata",
        "name:ja": "永田",
        "name:ko": "나가타",
        "note": "National-Land Numerical Information (Railway) 2007, MLIT Japan",
        "note:ja": "国土数値情報（鉄道データ）平成19年　国土交通省",
        "public_transport": "station",
        "railway": "station",
        "source": "KSJ2",
        "source_ref": "http://nlftp.mlit.go.jp/ksj/jpgis/datalist/KsjTmplt-N02-v1_1.html",
        "wikidata": "Q6958664",
        "wikipedia": "ja:永田駅 (埼玉県)"
      },
      "geometry": {
        "type": "Point",
        "coordinates": [
          139.259362,
          36.1353752
        ]
      },
      "id": "node/503883928"
    },
    {
      "type": "Feature",
      "properties": {
        "@id": "node/503883929",
        "KSJ2:LIN": "秩父本線",
        "KSJ2:STN": "皆野",
        "name": "皆野",
        "name:en": "Minano",
        "name:ja": "皆野",
        "name:ja-Hira": "みなの",
        "name:ja_rm": "Minano",
        "name:ko": "미나노",
        "note": "National-Land Numerical Information (Railway) 2007, MLIT Japan",
        "note:ja": "国土数値情報（鉄道データ）平成19年 国土交通省",
        "public_transport": "station",
        "railway": "station",
        "source": "KSJ2",
        "source_ref": "http://nlftp.mlit.go.jp/ksj/jpgis/datalist/KsjTmplt-N02-v1_1.html",
        "wikidata": "Q6863174",
        "wikipedia": "ja:皆野駅"
      },
      "geometry": {
        "type": "Point",
        "coordinates": [
          139.0939558,
          36.0686341
        ]
      },
      "id": "node/503883929"
    },
    {
      "type": "Feature",
      "properties": {
        "@id": "node/503884086",
        "mapillary": "684715981149931",
        "name": "親鼻",
        "name:en": "Oyahana",
        "name:ja": "親鼻",
        "name:ja-Hira": "おやはな",
        "name:ja_rm": "Oyahana",
        "name:ko": "오야하나",
        "note": "National-Land Numerical Information (Railway) 2007, MLIT Japan",
        "note:ja": "国土数値情報（鉄道データ）平成19年 国土交通省",
        "public_transport": "station",
        "railway": "station",
        "source": "KSJ2",
        "source_ref": "http://nlftp.mlit.go.jp/ksj/jpgis/datalist/KsjTmplt-N02-v1_1.html",
        "wikidata": "Q7116209",
        "wikipedia": "ja:親鼻駅"
      },
      "geometry": {
        "type": "Point",
        "coordinates": [
          139.1063964,
          36.0775992
        ]
      },
      "id": "node/503884086"
    },
    {
      "type": "Feature",
      "properties": {
        "@id": "node/503884123",
        "name": "武川",
        "name:en": "Takekawa",
        "name:ja": "武川",
        "name:ko": "다케카와",
        "note": "National-Land Numerical Information (Railway) 2007, MLIT Japan",
        "note:ja": "国土数値情報（鉄道データ）平成19年　国土交通省",
        "public_transport": "station",
        "railway": "station",
        "source": "KSJ2",
        "source_ref": "http://nlftp.mlit.go.jp/ksj/jpgis/datalist/KsjTmplt-N02-v1_1.html",
        "wikidata": "Q7677997",
        "wikipedia": "ja:武川駅"
      },
      "geometry": {
        "type": "Point",
        "coordinates": [
          139.2824145,
          36.1421888
        ]
      },
      "id": "node/503884123"
    },
    {
      "type": "Feature",
      "properties": {
        "@id": "node/503884675",
        "name": "波久礼",
        "name:en": "Hagure",
        "name:ja": "波久礼",
        "name:ko": "하구레",
        "note": "National-Land Numerical Information (Railway) 2007, MLIT Japan",
        "note:ja": "国土数値情報（鉄道データ）平成19年　国土交通省",
        "public_transport": "station",
        "railway": "station",
        "source": "KSJ2",
        "source_ref": "http://nlftp.mlit.go.jp/ksj/jpgis/datalist/KsjTmplt-N02-v1_1.html",
        "wikidata": "Q3701668",
        "wikipedia": "ja:波久礼駅"
      },
      "geometry": {
        "type": "Point",
        "coordinates": [
          139.1580969,
          36.1267819
        ]
      },
      "id": "node/503884675"
    },
    {
      "type": "Feature",
      "properties": {
        "@id": "node/503885045",
        "name": "上長瀞",
        "name:en": "Kaminagatoro",
        "name:ja": "上長瀞",
        "name:ja-Hira": "かみながとろ",
        "name:ja_rm": "Kaminagatoro",
        "name:ko": "가미나가토로",
        "note": "National-Land Numerical Information (Railway) 2007, MLIT Japan",
        "note:ja": "国土数値情報（鉄道データ）平成19年 国土交通省",
        "old_name": "国神",
        "public_transport": "station",
        "railway": "station",
        "ref": "CR25",
        "source": "KSJ2",
        "source_ref": "http://nlftp.mlit.go.jp/ksj/jpgis/datalist/KsjTmplt-N02-v1_1.html",
        "wikidata": "Q3701538",
        "wikipedia": "ja:上長瀞駅"
      },
      "geometry": {
        "type": "Point",
        "coordinates": [
          139.1133328,
          36.0861719
        ]
      },
      "id": "node/503885045"
    },
    {
      "type": "Feature",
      "properties": {
        "@id": "node/503885058",
        "name": "長瀞",
        "name:en": "Nagatoro",
        "name:ja": "長瀞",
        "name:ja-Hira": "ながとろ",
        "name:ja_rm": "Nagatoro",
        "name:ko": "나가토로",
        "note": "National-Land Numerical Information (Railway) 2007, MLIT Japan",
        "note:ja": "国土数値情報（鉄道データ）平成19年 国土交通省",
        "old_name": "宝登山",
        "public_transport": "station",
        "railway": "station",
        "ref": "CR24",
        "source": "KSJ2",
        "source_ref": "http://nlftp.mlit.go.jp/ksj/jpgis/datalist/KsjTmplt-N02-v1_1.html",
        "wikidata": "Q8013090",
        "wikipedia": "ja:長瀞駅"
      },
      "geometry": {
        "type": "Point",
        "coordinates": [
          139.1124969,
          36.0952949
        ]
      },
      "id": "node/503885058"
    },
    {
      "type": "Feature",
      "properties": {
        "@id": "node/503885116",
        "name": "ひろせ野鳥の森",
        "name:en": "Hirose-Yachō-no-Mori",
        "name:ja": "ひろせ野鳥の森",
        "name:ko": "히로세야초노모리",
        "note": "National-Land Numerical Information (Railway) 2007, MLIT Japan",
        "note:ja": "国土数値情報（鉄道データ）平成19年　国土交通省",
        "public_transport": "station",
        "railway": "station",
        "source": "KSJ2",
        "source_ref": "http://nlftp.mlit.go.jp/ksj/jpgis/datalist/KsjTmplt-N02-v1_1.html",
        "wikidata": "Q5770745",
        "wikipedia": "ja:ひろせ野鳥の森駅"
      },
      "geometry": {
        "type": "Point",
        "coordinates": [
          139.3515466,
          36.1461502
        ]
      },
      "id": "node/503885116"
    },
    {
      "type": "Feature",
      "properties": {
        "@id": "node/503885125",
        "name": "明戸",
        "name:en": "Aketo",
        "name:ja": "明戸",
        "name:ko": "아케토",
        "note": "National-Land Numerical Information (Railway) 2007, MLIT Japan",
        "note:ja": "国土数値情報（鉄道データ）平成19年　国土交通省",
        "public_transport": "station",
        "railway": "station",
        "source": "KSJ2",
        "source_ref": "http://nlftp.mlit.go.jp/ksj/jpgis/datalist/KsjTmplt-N02-v1_1.html",
        "wikidata": "Q4700660",
        "wikipedia": "ja:明戸駅"
      },
      "geometry": {
        "type": "Point",
        "coordinates": [
          139.3034521,
          36.1430201
        ]
      },
      "id": "node/503885125"
    },
    {
      "type": "Feature",
      "properties": {
        "@id": "node/503885127",
        "name": "野上",
        "name:en": "Nogami",
        "name:ja": "野上",
        "name:ja-Hira": "のがみ",
        "name:ja_rm": "Nogami",
        "name:ko": "노가미",
        "note": "National-Land Numerical Information (Railway) 2007, MLIT Japan",
        "note:ja": "国土数値情報（鉄道データ）平成19年 国土交通省",
        "old_name": "本野上",
        "public_transport": "station",
        "railway": "station",
        "source": "KSJ2",
        "source_ref": "http://nlftp.mlit.go.jp/ksj/jpgis/datalist/KsjTmplt-N02-v1_1.html",
        "wikidata": "Q3701473",
        "wikipedia": "ja:野上駅"
      },
      "geometry": {
        "type": "Point",
        "coordinates": [
          139.1107334,
          36.111646
        ]
      },
      "id": "node/503885127"
    },
    {
      "type": "Feature",
      "properties": {
        "@id": "node/503885134",
        "name": "秩父",
        "name:en": "Chichibu",
        "name:fr": "Chichibu",
        "name:ja": "秩父",
        "name:ja-Hira": "ちちぶ",
        "name:ja-Latn": "Chichibu",
        "name:ko": "지치부",
        "note": "National-Land Numerical Information (Railway) 2007, MLIT Japan",
        "note:ja": "国土数値情報（鉄道データ）平成19年 国土交通省",
        "public_transport": "station",
        "railway": "station",
        "source": "KSJ2",
        "source_ref": "http://nlftp.mlit.go.jp/ksj/jpgis/datalist/KsjTmplt-N02-v1_1.html",
        "start_date": "1914-10-27",
        "train": "yes",
        "wikidata": "Q5096049",
        "wikimedia_commons": "Category:Chichibu Station",
        "wikipedia": "ja:秩父駅"
      },
      "geometry": {
        "type": "Point",
        "coordinates": [
          139.0859462,
          35.9985854
        ]
      },
      "id": "node/503885134"
    },
    {
      "type": "Feature",
      "properties": {
        "@id": "node/503885906",
        "KSJ2:LIN": "秩父本線",
        "KSJ2:STN": "桜沢",
        "name": "桜沢",
        "name:en": "Sakurazawa",
        "name:ja": "桜沢",
        "name:ko": "사쿠라자와",
        "note": "National-Land Numerical Information (Railway) 2007, MLIT Japan",
        "note:ja": "国土数値情報（鉄道データ）平成19年　国土交通省",
        "public_transport": "station",
        "railway": "station",
        "source": "KSJ2",
        "source_ref": "http://nlftp.mlit.go.jp/ksj/jpgis/datalist/KsjTmplt-N02-v1_1.html",
        "wheelchair": "yes",
        "wikidata": "Q3701568",
        "wikipedia": "ja:桜沢駅 (埼玉県)"
      },
      "geometry": {
        "type": "Point",
        "coordinates": [
          139.2070056,
          36.1286769
        ]
      },
      "id": "node/503885906"
    },
    {
      "type": "Feature",
      "properties": {
        "@id": "node/503885910",
        "name": "大野原",
        "name:en": "Onohara",
        "name:ja": "大野原",
        "name:ko": "오노하라",
        "note": "National-Land Numerical Information (Railway) 2007, MLIT Japan",
        "note:ja": "国土数値情報（鉄道データ）平成19年　国土交通省",
        "public_transport": "station",
        "railway": "station",
        "source": "KSJ2",
        "source_ref": "http://nlftp.mlit.go.jp/ksj/jpgis/datalist/KsjTmplt-N02-v1_1.html",
        "wikidata": "Q8081669",
        "wikipedia": "ja:大野原駅"
      },
      "geometry": {
        "type": "Point",
        "coordinates": [
          139.0940304,
          36.0186166
        ]
      },
      "id": "node/503885910"
    },
    {
      "type": "Feature",
      "properties": {
        "@id": "node/503886011",
        "name": "大麻生",
        "name:en": "Ōasō",
        "name:ja": "大麻生",
        "name:ko": "오아소",
        "note": "National-Land Numerical Information (Railway) 2007, MLIT Japan",
        "note:ja": "国土数値情報（鉄道データ）平成19年　国土交通省",
        "public_transport": "station",
        "railway": "station",
        "source": "KSJ2",
        "source_ref": "http://nlftp.mlit.go.jp/ksj/jpgis/datalist/KsjTmplt-N02-v1_1.html",
        "wikidata": "Q3701525",
        "wikipedia": "ja:大麻生駅"
      },
      "geometry": {
        "type": "Point",
        "coordinates": [
          139.3323745,
          36.1447931
        ]
      },
      "id": "node/503886011"
    },
    {
      "type": "Feature",
      "properties": {
        "@id": "node/503886115",
        "name": "白久",
        "name:en": "Shiroku",
        "name:ja": "白久",
        "name:ja-Hira": "しろく",
        "name:ko": "시로쿠",
        "note": "National-Land Numerical Information (Railway) 2007, MLIT Japan",
        "note:ja": "国土数値情報（鉄道データ）平成19年　国土交通省",
        "public_transport": "station",
        "railway": "station",
        "source": "KSJ2",
        "source_ref": "http://nlftp.mlit.go.jp/ksj/jpgis/datalist/KsjTmplt-N02-v1_1.html",
        "train": "yes",
        "wikidata": "Q3701539",
        "wikipedia": "ja:白久駅"
      },
      "geometry": {
        "type": "Point",
        "coordinates": [
          138.9933278,
          35.9589194
        ]
      },
      "id": "node/503886115"
    },
    {
      "type": "Feature",
      "properties": {
        "@id": "node/503886117",
        "name": "武州日野",
        "name:en": "Busyu-Hino",
        "name:ja": "武州日野",
        "name:ja-Hira": "ぶしゅうひの",
        "name:ko": "부슈히노",
        "note": "National-Land Numerical Information (Railway) 2007, MLIT Japan",
        "note:ja": "国土数値情報（鉄道データ）平成19年　国土交通省",
        "public_transport": "station",
        "railway": "station",
        "source": "KSJ2",
        "source_ref": "http://nlftp.mlit.go.jp/ksj/jpgis/datalist/KsjTmplt-N02-v1_1.html",
        "wikidata": "Q3701398",
        "wikipedia": "ja:武州日野駅"
      },
      "geometry": {
        "type": "Point",
        "coordinates": [
          139.0217769,
          35.953936
        ]
      },
      "id": "node/503886117"
    },
    {
      "type": "Feature",
      "properties": {
        "@id": "node/503886125",
        "name": "武州中川",
        "name:en": "Busyu-Nakagawa",
        "name:ja": "武州中川",
        "name:ko": "부슈나카가와",
        "note": "National-Land Numerical Information (Railway) 2007, MLIT Japan",
        "note:ja": "国土数値情報（鉄道データ）平成19年　国土交通省",
        "public_transport": "station",
        "railway": "station",
        "source": "KSJ2",
        "source_ref": "http://nlftp.mlit.go.jp/ksj/jpgis/datalist/KsjTmplt-N02-v1_1.html",
        "wikidata": "Q3701401",
        "wikipedia": "ja:武州中川駅"
      },
      "geometry": {
        "type": "Point",
        "coordinates": [
          139.0354128,
          35.9583654
        ]
      },
      "id": "node/503886125"
    },
    {
      "type": "Feature",
      "properties": {
        "@id": "node/503886320",
        "name": "影森",
        "name:en": "Kagemori",
        "name:ja": "影森",
        "name:ko": "가게모리",
        "note": "National-Land Numerical Information (Railway) 2007, MLIT Japan",
        "note:ja": "国土数値情報（鉄道データ）平成19年　国土交通省",
        "public_transport": "station",
        "railway": "station",
        "source": "KSJ2",
        "source_ref": "http://nlftp.mlit.go.jp/ksj/jpgis/datalist/KsjTmplt-N02-v1_1.html",
        "wikidata": "Q3701498",
        "wikipedia": "ja:影森駅"
      },
      "geometry": {
        "type": "Point",
        "coordinates": [
          139.0683811,
          35.9721258
        ]
      },
      "id": "node/503886320"
    },
    {
      "type": "Feature",
      "properties": {
        "@id": "node/503886443",
        "name": "浦山口",
        "name:en": "Urayamaguchi",
        "name:ja": "浦山口",
        "name:ko": "우라야마구치",
        "note": "National-Land Numerical Information (Railway) 2007, MLIT Japan",
        "note:ja": "国土数値情報（鉄道データ）平成19年　国土交通省",
        "public_transport": "station",
        "railway": "station",
        "source": "KSJ2",
        "source_ref": "http://nlftp.mlit.go.jp/ksj/jpgis/datalist/KsjTmplt-N02-v1_1.html",
        "wikidata": "Q3701527",
        "wikipedia": "ja:浦山口駅"
      },
      "geometry": {
        "type": "Point",
        "coordinates": [
          139.0583697,
          35.9640037
        ]
      },
      "id": "node/503886443"
    },
    {
      "type": "Feature",
      "properties": {
        "@id": "node/503886681",
        "name": "三峰口",
        "name:en": "Mitsumineguchi",
        "name:ja": "三峰口",
        "name:ja-Hira": "みつみねぐち",
        "name:ja-Latn": "Mitsumineguchi",
        "name:ja_rm": "Mitsumineguchi",
        "name:ko": "미쓰미네구치",
        "note": "National-Land Numerical Information (Railway) 2007, MLIT Japan",
        "note:ja": "国土数値情報（鉄道データ）平成19年 国土交通省",
        "public_transport": "station",
        "railway": "station",
        "source": "KSJ2",
        "source_ref": "http://nlftp.mlit.go.jp/ksj/jpgis/datalist/KsjTmplt-N02-v1_1.html",
        "wikidata": "Q5969031",
        "wikipedia": "ja:三峰口駅"
      },
      "geometry": {
        "type": "Point",
        "coordinates": [
          138.9790441,
          35.9600528
        ]
      },
      "id": "node/503886681"
    },
    {
      "type": "Feature",
      "properties": {
        "@id": "node/503889912",
        "KSJ2:LIN": "越生線",
        "name": "川角",
        "name:en": "Kawakado",
        "name:ja": "川角",
        "name:ja-Hira": "かわかど",
        "name:ja_rm": "Kawakado",
        "name:ko": "가와카도",
        "network": "東武鉄道",
        "network:en": "Tobu Railway",
        "network:ja": "東武鉄道",
        "network:wikidata": "Q1321914",
        "note": "National-Land Numerical Information (Railway) 2007, MLIT Japan",
        "note:ja": "国土数値情報（鉄道データ）平成19年 国土交通省",
        "operator": "東武鉄道",
        "public_transport": "station",
        "railway": "station",
        "ref": "TJ43",
        "source": "KSJ2",
        "source_ref": "http://nlftp.mlit.go.jp/ksj/jpgis/datalist/KsjTmplt-N02-v1_1.html",
        "train": "yes",
        "wikidata": "Q6379557",
        "wikipedia": "ja:川角駅"
      },
      "geometry": {
        "type": "Point",
        "coordinates": [
          139.3468489,
          35.9374897
        ]
      },
      "id": "node/503889912"
    },
    {
      "type": "Feature",
      "properties": {
        "@id": "node/503890759",
        "KSJ2:LIN": "越生線",
        "name": "武州唐沢",
        "name:en": "Bushu-karasawa",
        "name:ja": "武州唐沢",
        "name:ja-Hira": "ぶしゅうからさわ",
        "name:ja_rm": "Bushū Karasawa",
        "name:ko": "부슈카라사와",
        "network": "東武鉄道",
        "network:en": "Tobu Railway",
        "network:ja": "東武鉄道",
        "network:wikidata": "Q1321914",
        "note": "National-Land Numerical Information (Railway) 2007, MLIT Japan",
        "note:ja": "国土数値情報（鉄道データ）平成19年 国土交通省",
        "operator": "東武鉄道",
        "public_transport": "station",
        "railway": "station",
        "ref": "TJ46",
        "source": "KSJ2",
        "source_ref": "http://nlftp.mlit.go.jp/ksj/jpgis/datalist/KsjTmplt-N02-v1_1.html",
        "train": "yes",
        "wikidata": "Q5001626",
        "wikipedia": "ja:武州唐沢駅"
      },
      "geometry": {
        "type": "Point",
        "coordinates": [
          139.3093018,
          35.9519502
        ]
      },
      "id": "node/503890759"
    },
    {
      "type": "Feature",
      "properties": {
        "@id": "node/504769374",
        "highway": "motorway_junction",
        "name": "川島ＩＣ",
        "name:en": "kawajima IC",
        "name:ja": "川島IC",
        "name:ja-Hira": "かわじまいんたーちぇんじ",
        "name:ja_rm": "kawajima IC",
        "ref": "52",
        "source:name": "wikipedia",
        "source:ref": "wikipedia",
        "wikipedia": "ja:川島インターチェンジ"
      },
      "geometry": {
        "type": "Point",
        "coordinates": [
          139.4693268,
          35.9830943
        ]
      },
      "id": "node/504769374"
    },
    {
      "type": "Feature",
      "properties": {
        "@id": "node/504769477",
        "highway": "motorway_junction",
        "name": "川島ＩＣ",
        "name:en": "kawajima IC",
        "name:ja": "川島IC",
        "name:ja-Hira": "かわじまいんたーちぇんじ",
        "name:ja_rm": "kawajima IC",
        "ref": "52",
        "source:name": "wikipedia",
        "source:ref": "wikipedia",
        "wikipedia": "ja:川島インターチェンジ"
      },
      "geometry": {
        "type": "Point",
        "coordinates": [
          139.4640337,
          35.9804292
        ]
      },
      "id": "node/504769477"
    },
    {
      "type": "Feature",
      "properties": {
        "@id": "node/529143487",
        "highway": "motorway_junction",
        "name": "岩槻IC",
        "name:en": "Iwatsuki IC",
        "name:ja": "岩槻IC",
        "name:ja-Hira": "いわつきいんたーちぇんじ",
        "ref": "3",
        "wikidata": "Q11049398",
        "wikipedia": "ja:岩槻インターチェンジ"
      },
      "geometry": {
        "type": "Point",
        "coordinates": [
          139.6939171,
          35.9341182
        ]
      },
      "id": "node/529143487"
    },
    {
      "type": "Feature",
      "properties": {
        "@id": "node/530882841",
        "highway": "motorway_junction",
        "name": "外環三郷西IC",
        "name:ja-Hira": "がいかんみさとにしいんたーちぇんじ",
        "ref": "74",
        "wikipedia": "ja:外環三郷西インターチェンジ"
      },
      "geometry": {
        "type": "Point",
        "coordinates": [
          139.8587761,
          35.8361912
        ]
      },
      "id": "node/530882841"
    },
    {
      "type": "Feature",
      "properties": {
        "@id": "node/547680379",
        "highway": "motorway_junction",
        "name": "三郷料金所スマートIC",
        "name:en": "Misato Tollgate SIC",
        "name:es": "Salida peaje Misato",
        "name:ja": "三郷料金所スマートIC",
        "ref": "1-1",
        "wikidata": "Q10867002",
        "wikipedia": "ja:三郷料金所"
      },
      "geometry": {
        "type": "Point",
        "coordinates": [
          139.8848848,
          35.8679001
        ]
      },
      "id": "node/547680379"
    },
    {
      "type": "Feature",
      "properties": {
        "@id": "node/559388357",
        "highway": "motorway_junction",
        "name": "三郷IC東出口",
        "name:ja-Hira": "みさといんたーちぇんじひがしでぐち",
        "ref": "1;661",
        "wikidata": "Q10867000",
        "wikipedia": "ja:三郷インターチェンジ"
      },
      "geometry": {
        "type": "Point",
        "coordinates": [
          139.8627663,
          35.8335891
        ]
      },
      "id": "node/559388357"
    },
    {
      "type": "Feature",
      "properties": {
        "@id": "node/559388743",
        "highway": "motorway_junction",
        "name": "三郷IC西出口",
        "name:ja-Hira": "みさといんたーちぇんじにしでぐち",
        "ref": "1;661W",
        "wikidata": "Q10867000",
        "wikipedia": "ja:三郷インターチェンジ"
      },
      "geometry": {
        "type": "Point",
        "coordinates": [
          139.8560758,
          35.8388965
        ]
      },
      "id": "node/559388743"
    },
    {
      "type": "Feature",
      "properties": {
        "@id": "way/603990937",
        "highway": "services",
        "name": "道の駅・両神温泉薬師の湯",
        "wikidata": "Q11641121",
        "wikipedia": "ja:道の駅両神温泉薬師の湯",
        "@geometry": "center"
      },
      "geometry": {
        "type": "Point",
        "coordinates": [
          138.9712324,
          36.005045
        ]
      },
      "id": "way/603990937"
    },
    {
      "type": "Feature",
      "properties": {
        "@id": "node/614674077",
        "name": "北上尾",
        "name:en": "Kita-Ageo",
        "name:ja": "北上尾",
        "name:ja_rm": "Kita-Ageo",
        "name:ko": "기타아게오",
        "operator": "東日本旅客鉄道",
        "public_transport": "station",
        "railway": "station",
        "wikidata": "Q845123",
        "wikipedia": "ja:北上尾駅"
      },
      "geometry": {
        "type": "Point",
        "coordinates": [
          139.5771545,
          35.9856142
        ]
      },
      "id": "node/614674077"
    },
    {
      "type": "Feature",
      "properties": {
        "@id": "node/678463347",
        "highway": "motorway_junction",
        "name": "宮前IC",
        "wikidata": "Q11453357",
        "wikipedia": "ja:宮前インターチェンジ"
      },
      "geometry": {
        "type": "Point",
        "coordinates": [
          139.5925494,
          35.9280851
        ]
      },
      "id": "node/678463347"
    },
    {
      "type": "Feature",
      "properties": {
        "@id": "node/678477031",
        "highway": "motorway_junction",
        "name": "桶川北本ＩＣ",
        "name:en": "Okegawa-Kitamoto IC",
        "name:ja": "桶川北本IC",
        "name:ja-Hira": "おけがわきたもといんたーちぇんじ",
        "name:ja_rm": "okegawa-kitamoto IC",
        "ref": "60",
        "source:name": "wikipedia",
        "source:ref": "wikipedia",
        "wikidata": "Q11113623",
        "wikipedia": "ja:桶川北本インターチェンジ"
      },
      "geometry": {
        "type": "Point",
        "coordinates": [
          139.5167956,
          35.9988554
        ]
      },
      "id": "node/678477031"
    },
    {
      "type": "Feature",
      "properties": {
        "@id": "way/699057883",
        "highway": "services",
        "name": "道の駅 和紙の里ひがしちちぶ",
        "wikidata": "Q30301447",
        "wikipedia": "ja:道の駅和紙の里ひがしちちぶ",
        "@geometry": "center"
      },
      "geometry": {
        "type": "Point",
        "coordinates": [
          139.203613,
          36.0521472
        ]
      },
      "id": "way/699057883"
    },
    {
      "type": "Feature",
      "properties": {
        "@id": "node/699723501",
        "highway": "motorway_junction",
        "name": "羽生IC",
        "name:en": "Hanyu IC",
        "ref": "5-1",
        "wikidata": "Q11610249",
        "wikipedia": "ja:羽生インターチェンジ"
      },
      "geometry": {
        "type": "Point",
        "coordinates": [
          139.5894772,
          36.1663769
        ]
      },
      "id": "node/699723501"
    },
    {
      "type": "Feature",
      "properties": {
        "@id": "way/711617613",
        "area": "yes",
        "highway": "services",
        "name": "道の駅 大滝温泉",
        "wikidata": "Q11641229",
        "wikipedia": "ja:道の駅大滝温泉",
        "@geometry": "center"
      },
      "geometry": {
        "type": "Point",
        "coordinates": [
          138.9382345,
          35.9500316
        ]
      },
      "id": "way/711617613"
    },
    {
      "type": "Feature",
      "properties": {
        "@id": "node/718698132",
        "highway": "motorway_junction",
        "name": "吉野町IC"
      },
      "geometry": {
        "type": "Point",
        "coordinates": [
          139.6082563,
          35.9529377
        ]
      },
      "id": "node/718698132"
    },
    {
      "type": "Feature",
      "properties": {
        "@id": "way/772270229",
        "addr:block_number": "281",
        "addr:city": "羽生市",
        "addr:housenumber": "3",
        "addr:neighbourhood": "2",
        "addr:postcode": "3480039",
        "addr:province": "埼玉県",
        "addr:quarter": "川崎",
        "brand": "イオン",
        "brand:en": "AEON",
        "brand:ja": "イオン",
        "brand:wikidata": "Q11285951",
        "brand:wikipedia": "ja:イオン (店舗ブランド)",
        "building": "yes",
        "building:levels": "3",
        "internet_access": "wlan",
        "name": "イオン",
        "name:en": "AEON",
        "name:ja": "イオン",
        "official_name": "イオン羽生",
        "payment:cash": "yes",
        "payment:credit_cards": "yes",
        "payment:mastercard": "yes",
        "payment:visa": "yes",
        "payment:waon": "yes",
        "phone": "048-560-0008",
        "shop": "supermarket",
        "toilets": "yes",
        "website": "https://www.aeon.com/store/%E3%82%A4%E3%82%AA%E3%83%B3/%E3%82%A4%E3%82%AA%E3%83%B3%E7%BE%BD%E7%94%9F%E5%BA%97/",
        "@geometry": "center"
      },
      "geometry": {
        "type": "Point",
        "coordinates": [
          139.5438365,
          36.1423082
        ]
      },
      "id": "way/772270229"
    },
    {
      "type": "Feature",
      "properties": {
        "@id": "way/798808172",
        "addr:city": "春日部市上柳995",
        "addr:postcode": "3440121",
        "addr:street": "新4号春日部古河バイパス",
        "highway": "services",
        "landuse": "retail",
        "name": "道の駅庄和",
        "wikidata": "Q11641297",
        "wikipedia": "ja:道の駅庄和",
        "@geometry": "center"
      },
      "geometry": {
        "type": "Point",
        "coordinates": [
          139.7946255,
          35.9971201
        ]
      },
      "id": "way/798808172"
    },
    {
      "type": "Feature",
      "properties": {
        "@id": "node/913034725",
        "addr:postcode": "361-0056",
        "branch": "行田店",
        "brand": "カインズホーム",
        "brand:en": "Cainz Home",
        "brand:ja": "カインズホーム",
        "brand:wikidata": "Q11293852",
        "name": "カインズホーム",
        "name:en": "Cainz Home",
        "name:ja": "カインズホーム",
        "name:ja_rm": "Kainnzu Homu",
        "opening_hours": "Mo-Su 09:30-20:00",
        "operator": "カインズホーム",
        "phone": "+81-48-5520001",
        "shop": "doityourself",
        "website": "http://www.cainz.co.jp/"
      },
      "geometry": {
        "type": "Point",
        "coordinates": [
          139.4493332,
          36.1314369
        ]
      },
      "id": "node/913034725"
    },
    {
      "type": "Feature",
      "properties": {
        "@id": "node/934214312",
        "highway": "motorway_junction",
        "name": "三郷IC",
        "name:en": "Misato IC",
        "name:ja-Hira": "みさといんたーちぇんじ",
        "ref": "1;661",
        "wikidata": "Q10867000",
        "wikipedia": "ja:三郷インターチェンジ"
      },
      "geometry": {
        "type": "Point",
        "coordinates": [
          139.8653463,
          35.830859
        ]
      },
      "id": "node/934214312"
    },
    {
      "type": "Feature",
      "properties": {
        "@id": "node/970299576",
        "highway": "motorway_junction",
        "name": "皆野長瀞ＩＣ",
        "name:en": "Minanonagatoro",
        "name:ja": "皆野長瀞",
        "name:ja-Hira": "みなのながとろ",
        "name:ja_rm": "Minanonagatoro",
        "wikidata": "Q11580991",
        "wikipedia": "ja:皆野長瀞インターチェンジ"
      },
      "geometry": {
        "type": "Point",
        "coordinates": [
          139.1137161,
          36.0737769
        ]
      },
      "id": "node/970299576"
    },
    {
      "type": "Feature",
      "properties": {
        "@id": "node/970299637",
        "highway": "motorway_junction",
        "name": "皆野長瀞ＩＣ",
        "name:en": "Minanonagatoro",
        "name:ja": "皆野長瀞",
        "name:ja-Hira": "みなのながとろ",
        "name:ja_rm": "Minanonagatoro",
        "wikidata": "Q11580991",
        "wikipedia": "ja:皆野長瀞インターチェンジ"
      },
      "geometry": {
        "type": "Point",
        "coordinates": [
          139.1183575,
          36.0748201
        ]
      },
      "id": "node/970299637"
    },
    {
      "type": "Feature",
      "properties": {
        "@id": "node/1016073496",
        "highway": "motorway_junction",
        "name": "川越 IC",
        "name:en": "Kawagoe IC",
        "name:ja": "川越 IC",
        "name:ja-Hira": "かわごえいんたーちぇんじ",
        "name:ja-Latn": "Kawagoe IC",
        "ref": "4",
        "source:name": "wikipedia",
        "source:ref": "wikipedia",
        "wikidata": "Q11055949",
        "wikipedia": "ja:川越インターチェンジ"
      },
      "geometry": {
        "type": "Point",
        "coordinates": [
          139.4572183,
          35.8964338
        ]
      },
      "id": "node/1016073496"
    },
    {
      "type": "Feature",
      "properties": {
        "@id": "node/1037948559",
        "name": "西大宮",
        "name:en": "Nishi-Omiya",
        "name:fr": "Nishi-Ômiya",
        "name:ja": "西大宮",
        "name:ja-Hira": "にしおおみや",
        "name:ja_rm": "Nishi Ōmiya",
        "name:ko": "니시오미야",
        "operator": "東日本旅客鉄道",
        "public_transport": "station",
        "railway": "station",
        "wheelchair": "yes",
        "wikidata": "Q849342",
        "wikipedia": "ja:西大宮駅"
      },
      "geometry": {
        "type": "Point",
        "coordinates": [
          139.5798125,
          35.9223096
        ]
      },
      "id": "node/1037948559"
    },
    {
      "type": "Feature",
      "properties": {
        "@id": "node/1072717612",
        "highway": "motorway_junction",
        "name": "坂戸ＩＣ",
        "name:en": "sakado IC",
        "name:ja": "坂戸IC",
        "name:ja-Hira": "さかどいんたーちぇんじ",
        "name:ja_rm": "sakado IC",
        "ref": "51",
        "source:name": "wikipedia",
        "source:ref": "wikipedia",
        "wikipedia": "ja:坂戸インターチェンジ"
      },
      "geometry": {
        "type": "Point",
        "coordinates": [
          139.4461043,
          35.9690846
        ]
      },
      "id": "node/1072717612"
    },
    {
      "type": "Feature",
      "properties": {
        "@id": "node/1092494125",
        "highway": "motorway_junction",
        "name": "嵐山小川IC",
        "name:en": "Ranzan-Ogawa IC",
        "name:ja": "嵐山小川IC",
        "name:ja-Hira": "らんざんおがわいんたーちぇんじ",
        "name:ja-Latn": "Ranzan-Ogawa IC",
        "ref": "6-1",
        "source:name": "wikipedia",
        "source:ref": "wikipedia",
        "wikidata": "Q11054465",
        "wikipedia": "ja:嵐山小川インターチェンジ"
      },
      "geometry": {
        "type": "Point",
        "coordinates": [
          139.3160591,
          36.0671326
        ]
      },
      "id": "node/1092494125"
    },
    {
      "type": "Feature",
      "properties": {
        "@id": "way/1108502687",
        "addr:city": "深谷市",
        "addr:neighbourhood": "169",
        "addr:postcode": "369-1244",
        "addr:province": "埼玉県",
        "addr:quarter": "黒田",
        "building": "no",
        "contact:facebook": "fukayahanazonopremiumoutlets",
        "contact:instagram": "fukayahanazonopremiumoutlets",
        "contact:youtube": "premiumoutletsMovie",
        "landuse": "retail",
        "name": "ふかや花園プレミアム・アウトレット",
        "name:en": "Fukaya-Hanazono Premium Outlets",
        "name:ja": "ふかや花園プレミアム・アウトレット",
        "phone": "048-584-8700",
        "shop": "mall",
        "website": "https://www.premiumoutlets.co.jp/fukayahanazono/",
        "wikidata": "Q85869411",
        "wikipedia": "ja:ふかや花園プレミアム・アウトレット",
        "@geometry": "center"
      },
      "geometry": {
        "type": "Point",
        "coordinates": [
          139.2488596,
          36.1329715
        ]
      },
      "id": "way/1108502687"
    },
    {
      "type": "Feature",
      "properties": {
        "@id": "node/1180537855",
        "highway": "motorway_junction",
        "name": "蓮田SA (下り);蓮田スマートIC",
        "name:en": "Hasuda SA (outbound)/Smart IC",
        "name:ja": "蓮田SA (下り);蓮田スマートIC",
        "ref": "3-1",
        "wikidata": "Q11621713",
        "wikipedia": "ja:蓮田サービスエリア"
      },
      "geometry": {
        "type": "Point",
        "coordinates": [
          139.6653384,
          35.9958343
        ]
      },
      "id": "node/1180537855"
    },
    {
      "type": "Feature",
      "properties": {
        "@id": "way/1203405496",
        "addr:postcode": "331-0071",
        "branch": "大宮店",
        "brand": "CAINZ HOME",
        "name": "カインズホーム",
        "name:en": "CAINZ HOME",
        "name:ja": "カインズホーム",
        "name:ja_rm": "Kainnzu Homu",
        "opening_hours": "Mo-Su,PH 09:30-19:30",
        "operator": "カインズホーム",
        "phone": "+81-48-6258111",
        "shop": "doityourself",
        "website": "http://www.cainz.co.jp/",
        "@geometry": "center"
      },
      "geometry": {
        "type": "Point",
        "coordinates": [
          139.5760889,
          35.9359039
        ]
      },
      "id": "way/1203405496"
    },
    {
      "type": "Feature",
      "properties": {
        "@id": "way/1203405497",
        "addr:postcode": "331-0071",
        "branch": "大宮店",
        "brand": "カインズホーム",
        "brand:en": "Cainz Home",
        "brand:ja": "カインズホーム",
        "brand:wikidata": "Q11293852",
        "name": "カインズホーム",
        "name:en": "Cainz Home",
        "name:ja": "カインズホーム",
        "name:ja_rm": "Kainnzu Homu",
        "opening_hours": "Mo-Su,PH 09:30-20:00",
        "operator": "カインズホーム",
        "phone": "+81-48-6258111",
        "shop": "doityourself",
        "website": "http://www.cainz.co.jp/",
        "@geometry": "center"
      },
      "geometry": {
        "type": "Point",
        "coordinates": [
          139.5766474,
          35.9365148
        ]
      },
      "id": "way/1203405497"
    },
    {
      "type": "Feature",
      "properties": {
        "@id": "node/1226695992",
        "highway": "motorway_junction",
        "name": "加須IC",
        "name:en": "Kazo IC",
        "ref": "5",
        "wikidata": "Q10900948",
        "wikipedia": "ja:加須インターチェンジ"
      },
      "geometry": {
        "type": "Point",
        "coordinates": [
          139.6297704,
          36.1242785
        ]
      },
      "id": "node/1226695992"
    },
    {
      "type": "Feature",
      "properties": {
        "@id": "node/1226696385",
        "highway": "motorway_junction",
        "name": "久喜IC",
        "name:en": "Kuki IC",
        "name:ja": "久喜IC",
        "ref": "4",
        "wikidata": "Q10877674",
        "wikipedia": "ja:久喜インターチェンジ"
      },
      "geometry": {
        "type": "Point",
        "coordinates": [
          139.6517778,
          36.0637487
        ]
      },
      "id": "node/1226696385"
    },
    {
      "type": "Feature",
      "properties": {
        "@id": "node/1226696393",
        "highway": "motorway_junction",
        "name": "岩槻IC",
        "name:en": "Iwatsuki IC",
        "name:ja": "岩槻IC",
        "name:ja-Hira": "いわつきいんたーちぇんじ",
        "ref": "3",
        "wikidata": "Q11049398",
        "wikipedia": "ja:岩槻インターチェンジ"
      },
      "geometry": {
        "type": "Point",
        "coordinates": [
          139.6898877,
          35.9383362
        ]
      },
      "id": "node/1226696393"
    },
    {
      "type": "Feature",
      "properties": {
        "@id": "way/1274947225",
        "addr:block_number": "2番地",
        "addr:city": "久喜市",
        "addr:housenumber": "1",
        "addr:neighbourhood": "南栗橋8丁目",
        "addr:postcode": "349-1117",
        "addr:province": "埼玉県",
        "branch": "南栗橋",
        "building": "retail",
        "name": "イオンスタイル",
        "operator": "イオンリテール株式会社",
        "phone": "+81-480-55-3300",
        "shop": "supermarket",
        "source": "Bing",
        "@geometry": "center"
      },
      "geometry": {
        "type": "Point",
        "coordinates": [
          139.70981,
          36.1104225
        ]
      },
      "id": "way/1274947225"
    },
    {
      "type": "Feature",
      "properties": {
        "@id": "node/1311515500",
        "highway": "motorway_junction",
        "name": "白岡菖蒲ＩＣ",
        "name:en": "Shiraoka-Shobu IC",
        "name:ja-Hira": "しらおかしょうぶいんたーちぇんじ",
        "name:ja_rm": "Shiraoka-Shobu IC",
        "ref": "62",
        "source:name": "wikipedia",
        "source:ref": "wikipedia",
        "wikidata": "Q11579627",
        "wikipedia": "ja:白岡菖蒲インターチェンジ"
      },
      "geometry": {
        "type": "Point",
        "coordinates": [
          139.6259611,
          36.047909
        ]
      },
      "id": "node/1311515500"
    },
    {
      "type": "Feature",
      "properties": {
        "@id": "node/1325473549",
        "highway": "motorway_junction",
        "name": "肥塚IC"
      },
      "geometry": {
        "type": "Point",
        "coordinates": [
          139.3973203,
          36.1624977
        ]
      },
      "id": "node/1325473549"
    },
    {
      "type": "Feature",
      "properties": {
        "@id": "node/1325473791",
        "highway": "motorway_junction",
        "name": "上武IC"
      },
      "geometry": {
        "type": "Point",
        "coordinates": [
          139.3344033,
          36.2000596
        ]
      },
      "id": "node/1325473791"
    },
    {
      "type": "Feature",
      "properties": {
        "@id": "node/1349023818",
        "name": "東大宮",
        "name:de": "Higashi-Omiya",
        "name:en": "Higashi-Omiya",
        "name:ja": "東大宮",
        "name:ja-Hira": "ひがしおおみや",
        "name:ja-Latn": "Higashiōmiya",
        "name:ko": "히가시오미야",
        "name:ru": "Хигаси-Омия",
        "public_transport": "station",
        "railway": "station",
        "source": "KSJ2",
        "toilets:wheelchair": "yes",
        "wheelchair": "yes",
        "wikidata": "Q861532",
        "wikipedia": "ja:東大宮駅"
      },
      "geometry": {
        "type": "Point",
        "coordinates": [
          139.6403108,
          35.9487666
        ]
      },
      "id": "node/1349023818"
    },
    {
      "type": "Feature",
      "properties": {
        "@id": "node/1373866436",
        "highway": "motorway_junction",
        "name": "宝来IC"
      },
      "geometry": {
        "type": "Point",
        "coordinates": [
          139.5556463,
          35.9182301
        ]
      },
      "id": "node/1373866436"
    },
    {
      "type": "Feature",
      "properties": {
        "@id": "node/1424084428",
        "alt_name:ko": "세이부큐조마에",
        "light_rail": "yes",
        "name": "西武球場前",
        "name:en": "Seibukyujo-mae",
        "name:ja": "西武球場前",
        "name:ja-Hira": "せいぶきゅじょうまえ",
        "name:ja_rm": "Seibu Kyūjō mae",
        "name:ko": "세이부구장앞",
        "network": "西武鉄道",
        "network:en": "Seibu Railway",
        "network:ja": "西武鉄道",
        "network:wikidata": "Q83543",
        "operator": "西武鉄道",
        "public_transport": "station",
        "railway": "station",
        "ref": "SY03",
        "source": "KSJ2",
        "source_ref": "http://nlftp.mlit.go.jp/ksj/jpgis/datalist/KsjTmplt-N02-v1_1.html",
        "station": "light_rail",
        "train": "yes",
        "wikidata": "Q7446591",
        "wikipedia": "ja:西武球場前駅"
      },
      "geometry": {
        "type": "Point",
        "coordinates": [
          139.4197824,
          35.7704505
        ]
      },
      "id": "node/1424084428"
    },
    {
      "type": "Feature",
      "properties": {
        "@id": "way/1441696972",
        "highway": "services",
        "name": "道の駅べに花の郷おけがわ",
        "@geometry": "center"
      },
      "geometry": {
        "type": "Point",
        "coordinates": [
          139.5272018,
          35.9930315
        ]
      },
      "id": "way/1441696972"
    },
    {
      "type": "Feature",
      "properties": {
        "@id": "node/1503979841",
        "name": "北戸田",
        "name:en": "Kita-Toda",
        "name:ja": "北戸田",
        "name:ja-Hira": "きたとだ",
        "name:ko": "기타토다",
        "operator": "東日本旅客鉄道",
        "public_transport": "station",
        "railway": "station",
        "ref": "JA20",
        "source": "Bing",
        "wikidata": "Q844358",
        "wikipedia": "ja:北戸田駅"
      },
      "geometry": {
        "type": "Point",
        "coordinates": [
          139.6601108,
          35.8276529
        ]
      },
      "id": "node/1503979841"
    },
    {
      "type": "Feature",
      "properties": {
        "@id": "node/1503979844",
        "name": "戸田",
        "name:en": "Toda",
        "name:ja": "戸田",
        "name:ja-Hira": "とだ",
        "name:ko": "도다",
        "operator": "東日本旅客鉄道",
        "public_transport": "station",
        "railway": "station",
        "ref": "JA19",
        "source": "Bing",
        "wikidata": "Q844437",
        "wikipedia": "ja:戸田駅 (埼玉県)"
      },
      "geometry": {
        "type": "Point",
        "coordinates": [
          139.6695966,
          35.8176989
        ]
      },
      "id": "node/1503979844"
    },
    {
      "type": "Feature",
      "properties": {
        "@id": "node/1602311576",
        "highway": "motorway_junction",
        "name": "外環三郷西IC",
        "name:ja-Hira": "がいかんみさとにしいんたーちぇんじ",
        "ref": "74",
        "wikidata": "Q10932375",
        "wikipedia": "ja:外環三郷西インターチェンジ"
      },
      "geometry": {
        "type": "Point",
        "coordinates": [
          139.8456912,
          35.8444384
        ]
      },
      "id": "node/1602311576"
    },
    {
      "type": "Feature",
      "properties": {
        "@id": "node/1681303185",
        "name": "大和田",
        "name:en": "Ōwada",
        "name:ja": "大和田",
        "name:ja_rm": "Ōwada",
        "name:ko": "오와다",
        "note": "National-Land Numerical Information (Railway) 2007, MLIT Japan",
        "public_transport": "station",
        "railway": "station",
        "ref": "TD04",
        "source": "KSJ2",
        "source_ref": "http://w3land.mlit.go.jp/ksj2/datalist/N02.html",
        "wheelchair": "yes",
        "wikidata": "Q5368706",
        "wikipedia": "ja:大和田駅 (埼玉県)"
      },
      "geometry": {
        "type": "Point",
        "coordinates": [
          139.6506137,
          35.9292717
        ]
      },
      "id": "node/1681303185"
    },
    {
      "type": "Feature",
      "properties": {
        "@id": "node/1681303186",
        "name": "南桜井",
        "name:en": "Minami-Sakurai",
        "name:ja": "南桜井",
        "name:ja_rm": "Minami-Sakurai",
        "name:ko": "미나미사쿠라이",
        "note": "National-Land Numerical Information (Railway) 2007, MLIT Japan",
        "public_transport": "station",
        "railway": "station",
        "ref": "TD12",
        "source": "KSJ2",
        "source_ref": "http://w3land.mlit.go.jp/ksj2/datalist/N02.html",
        "wikidata": "Q5367953",
        "wikipedia": "ja:南桜井駅 (埼玉県)"
      },
      "geometry": {
        "type": "Point",
        "coordinates": [
          139.8079892,
          35.980455
        ]
      },
      "id": "node/1681303186"
    },
    {
      "type": "Feature",
      "properties": {
        "@id": "node/1681303218",
        "name": "藤の牛島",
        "name:en": "Fujino-Ushijima",
        "name:ja": "藤の牛島",
        "name:ja_rm": "Fujino-Ushijima",
        "name:ko": "후지노우시지마",
        "note": "National-Land Numerical Information (Railway) 2007, MLIT Japan",
        "public_transport": "station",
        "railway": "station",
        "ref": "TD11",
        "source": "KSJ2",
        "source_ref": "http://w3land.mlit.go.jp/ksj2/datalist/N02.html",
        "wikidata": "Q5367524",
        "wikipedia": "ja:藤の牛島駅"
      },
      "geometry": {
        "type": "Point",
        "coordinates": [
          139.7780321,
          35.9802677
        ]
      },
      "id": "node/1681303218"
    },
    {
      "type": "Feature",
      "properties": {
        "@id": "node/1681303231",
        "name": "東岩槻",
        "name:en": "Higashi-Iwatsuki",
        "name:ja": "東岩槻",
        "name:ja_rm": "Higashi-Iwatsuki",
        "name:ko": "히가시이와쓰키",
        "note": "National-Land Numerical Information (Railway) 2007, MLIT Japan",
        "public_transport": "station",
        "railway": "station",
        "ref": "TD07",
        "source": "KSJ2",
        "source_ref": "http://w3land.mlit.go.jp/ksj2/datalist/N02.html",
        "wikidata": "Q5753571",
        "wikipedia": "ja:東岩槻駅"
      },
      "geometry": {
        "type": "Point",
        "coordinates": [
          139.7122477,
          35.963296
        ]
      },
      "id": "node/1681303231"
    },
    {
      "type": "Feature",
      "properties": {
        "@id": "node/1799607422",
        "name": "中浦和",
        "name:en": "Naka-Urawa",
        "name:ja": "中浦和",
        "name:ja-Hira": "なかうらわ",
        "name:ja_rm": "Naka Urawa",
        "name:ko": "나카우라와",
        "name:th": "นากา-อุราวะ",
        "name:zh": "中浦和",
        "name:zh-Hans": "中浦和",
        "name:zh-Hant": "中浦和",
        "operator": "東日本旅客鉄道",
        "public_transport": "station",
        "railway": "station",
        "ref": "JA22",
        "wikidata": "Q844419",
        "wikipedia": "ja:中浦和駅"
      },
      "geometry": {
        "type": "Point",
        "coordinates": [
          139.6377223,
          35.8535248
        ]
      },
      "id": "node/1799607422"
    },
    {
      "type": "Feature",
      "properties": {
        "@id": "node/1803340439",
        "highway": "motorway_junction",
        "name": "東松山IC",
        "name:en": "higashi-matsuyama IC",
        "name:ja": "東松山IC",
        "name:ja-Hira": "ひがしまつやまいんたーちぇんじ",
        "name:ja-Latn": "higashi-matsuyama IC",
        "ref": "6",
        "source:name": "wikipedia",
        "source:ref": "wikipedia",
        "wikidata": "Q11103558",
        "wikipedia": "ja:東松山インターチェンジ"
      },
      "geometry": {
        "type": "Point",
        "coordinates": [
          139.3820415,
          36.0226283
        ]
      },
      "id": "node/1803340439"
    },
    {
      "type": "Feature",
      "properties": {
        "@id": "node/1918779748",
        "addr:postcode": "340-0155",
        "branch": "幸手店",
        "brand": "ジョイフル本田",
        "brand:en": "Joyful Honda",
        "name": "ジョイフル本田",
        "name:en": "Joyful Honda",
        "name:ja": "ジョイフル本田",
        "name:ja_rm": "Joyoifulu Honda",
        "opening_hours": "Mo-Su 09:00-19:00",
        "operator": "ジョイフル本田",
        "phone": "+81-480-433111",
        "shop": "doityourself",
        "source": "Bing 2010;(URL)",
        "website": "https://www.joyfulhonda.com/"
      },
      "geometry": {
        "type": "Point",
        "coordinates": [
          139.7147212,
          36.0614801
        ]
      },
      "id": "node/1918779748"
    },
    {
      "type": "Feature",
      "properties": {
        "@id": "node/1921895085",
        "addr:postcode": "343-0106",
        "branch": "松伏店",
        "brand": "CAINZ HOME",
        "name": "カインズホーム (CAINZ HOME)",
        "name:en": "CAINZ HOME",
        "name:ja": "カインズホーム",
        "name:ja_rm": "Kainnzu Homu",
        "opening_hours": "Mo-Su 09:30-20:00",
        "operator": "カインズホーム",
        "phone": "+81-48-9932222",
        "shop": "doityourself",
        "source": "Bing 2010; (URL)",
        "website": "http://www.cainz.co.jp/"
      },
      "geometry": {
        "type": "Point",
        "coordinates": [
          139.8059561,
          35.9499311
        ]
      },
      "id": "node/1921895085"
    },
    {
      "type": "Feature",
      "properties": {
        "@id": "node/1956171885",
        "addr:block_number": "707",
        "addr:city": "越谷市",
        "addr:neighbourhood": "千間台東二丁目",
        "addr:postcode": "343-0042",
        "addr:province": "埼玉県",
        "branch": "せんげん台店",
        "brand": "イトーヨーカドー",
        "brand:en": "Ito-Yokado",
        "brand:ja": "イトーヨーカドー",
        "brand:wikidata": "Q3088746",
        "name": "イトーヨーカドー",
        "name:en": "Ito-Yokado",
        "name:ja": "イトーヨーカドー",
        "opening_hours": "Mo-Su 09:00-21:00",
        "operator": "イトーヨーカ堂",
        "phone": "+81-48-9761111",
        "shop": "supermarket",
        "website": "http://www.seventown-sengendai.jp/shop/f-01.html"
      },
      "geometry": {
        "type": "Point",
        "coordinates": [
          139.7778819,
          35.9369067
        ]
      },
      "id": "node/1956171885"
    },
    {
      "type": "Feature",
      "properties": {
        "@id": "node/1987267044",
        "highway": "motorway_junction",
        "name": "寄居ＰＡ（下り）、スマートIC",
        "name:en": "yorii PA",
        "name:ja": "寄居PA (下り)、スマートIC",
        "name:ja-Hira": "よりいぱーきんぐえりあ",
        "name:ja_rm": "yorii PA",
        "ref": "7-1",
        "source:name": "wikipedia",
        "wikipedia": "ja:寄居パーキングエリア"
      },
      "geometry": {
        "type": "Point",
        "coordinates": [
          139.1966769,
          36.1691363
        ]
      },
      "id": "node/1987267044"
    },
    {
      "type": "Feature",
      "properties": {
        "@id": "node/2004078231",
        "name": "南与野",
        "name:en": "Minami-Yono",
        "name:ja": "南与野",
        "name:ja-Hira": "みなみよの",
        "name:ko": "미나미요노",
        "name:th": "มินามิ โยโนะ",
        "name:zh": "南與野",
        "name:zh-Hans": "南与野",
        "name:zh-Hant": "南與野",
        "operator": "東日本旅客鉄道",
        "public_transport": "station",
        "railway": "station",
        "ref": "JA23",
        "source": "Bing,wikipedia",
        "train": "yes",
        "wheelchair": "yes",
        "wikidata": "Q844368",
        "wikipedia": "ja:南与野駅"
      },
      "geometry": {
        "type": "Point",
        "coordinates": [
          139.6310388,
          35.8678858
        ]
      },
      "id": "node/2004078231"
    },
    {
      "type": "Feature",
      "properties": {
        "@id": "node/2106545423",
        "name": "新座",
        "name:en": "Niiza",
        "name:ja": "新座",
        "name:ja-Hira": "にいざ",
        "name:ja-Latn": "Niiza",
        "name:ko": "니자",
        "operator": "東日本旅客鉄道",
        "public_transport": "station",
        "railway": "station",
        "ref": "JM29",
        "wikidata": "Q7034510",
        "wikipedia": "ja:新座駅"
      },
      "geometry": {
        "type": "Point",
        "coordinates": [
          139.5561947,
          35.8037291
        ]
      },
      "id": "node/2106545423"
    },
    {
      "type": "Feature",
      "properties": {
        "@id": "node/2117855923",
        "highway": "motorway_junction",
        "name": "和光北IC",
        "name:en": "Wakokita IC",
        "name:es": "Wakokita",
        "name:ja": "和光北IC",
        "name:ja-Hira": "わこうきたいんたーちぇんじ",
        "ref": "52",
        "source": "Bing",
        "wikidata": "Q10921361",
        "wikipedia": "ja:和光北インターチェンジ"
      },
      "geometry": {
        "type": "Point",
        "coordinates": [
          139.6200606,
          35.8011944
        ]
      },
      "id": "node/2117855923"
    },
    {
      "type": "Feature",
      "properties": {
        "@id": "node/2117855959",
        "highway": "motorway_junction",
        "name": "和光北IC",
        "name:en": "Wakokita IC",
        "name:es": "Wakokita",
        "name:ja": "和光北IC",
        "name:ja-Hira": "わこうきたいんたーちぇんじ",
        "ref": "52",
        "source": "Bing",
        "wikidata": "Q10921361",
        "wikipedia": "ja:和光北インターチェンジ"
      },
      "geometry": {
        "type": "Point",
        "coordinates": [
          139.6165524,
          35.796957
        ]
      },
      "id": "node/2117855959"
    },
    {
      "type": "Feature",
      "properties": {
        "@id": "node/2118014636",
        "highway": "motorway_junction",
        "name": "和光IC",
        "name:en": "Wako IC",
        "name:ja": "和光IC",
        "name:ja-Hira": "わこういんたーちぇんじ",
        "name:ja-Latn": "Wako IC",
        "ref": "51",
        "wikidata": "Q10921360",
        "wikipedia": "ja:和光インターチェンジ"
      },
      "geometry": {
        "type": "Point",
        "coordinates": [
          139.6156324,
          35.7903545
        ]
      },
      "id": "node/2118014636"
    },
    {
      "type": "Feature",
      "properties": {
        "@id": "node/2174909161",
        "highway": "motorway_junction",
        "name": "戸田東IC",
        "ref": "61"
      },
      "geometry": {
        "type": "Point",
        "coordinates": [
          139.6556778,
          35.8299003
        ]
      },
      "id": "node/2174909161"
    },
    {
      "type": "Feature",
      "properties": {
        "@id": "node/2348594796",
        "contact:website": "https://www.jreast.co.jp/estation/station/info.aspx?StationCd=1476",
        "name": "南浦和",
        "name:en": "Minami-Urawa",
        "name:ja": "南浦和",
        "name:ja-Hira": "みなみうらわ",
        "name:ja-Latn": "Minami-Urawa",
        "name:ko": "미나미우라와",
        "name:ru": "Минами-Урава",
        "name:th": "มินามิ-อุราวะ",
        "name:zh": "南浦和",
        "name:zh-Hans": "南浦和",
        "name:zh-Hant": "南浦和",
        "operator": "東日本旅客鉄道",
        "operator:en": "East Japan Railway Company",
        "operator:ja": "東日本旅客鉄道",
        "operator:wikidata": "Q499071",
        "public_transport": "station",
        "railway": "station",
        "ref": "JK42;JM25",
        "wikidata": "Q268540",
        "wikipedia": "ja:南浦和駅"
      },
      "geometry": {
        "type": "Point",
        "coordinates": [
          139.669144,
          35.8477323
        ]
      },
      "id": "node/2348594796"
    },
    {
      "type": "Feature",
      "properties": {
        "@id": "node/2441250296",
        "highway": "motorway_junction",
        "name": "坂戸西スマートＩＣ",
        "name:en": "Sakado-nishi SIC",
        "name:ja": "坂戸西スマートIC",
        "name:ja-Hira": "さかどにしすまーといんたーちぇんじ",
        "name:ja-Latn": "Sakado-nishi SIC",
        "ref": "5-1",
        "source:name": "wikipedia",
        "source:ref": "wikipedia",
        "wikidata": "Q17224778",
        "wikipedia": "ja:坂戸西スマートインターチェンジ"
      },
      "geometry": {
        "type": "Point",
        "coordinates": [
          139.3803329,
          35.9697045
        ]
      },
      "id": "node/2441250296"
    },
    {
      "type": "Feature",
      "properties": {
        "@id": "node/2441299161",
        "highway": "motorway_junction",
        "name": "坂戸西スマートＩＣ",
        "name:en": "Sakado-nishi SIC",
        "name:ja": "坂戸西スマートIC",
        "name:ja-Hira": "さかどにしすまーといんたーちぇんじ",
        "name:ja-Latn": "Sakado-nishi SIC",
        "ref": "5-1",
        "source:name": "wikipedia",
        "source:ref": "wikipedia",
        "wikidata": "Q17224778",
        "wikipedia": "ja:坂戸西スマートインターチェンジ"
      },
      "geometry": {
        "type": "Point",
        "coordinates": [
          139.3805328,
          35.9633161
        ]
      },
      "id": "node/2441299161"
    },
    {
      "type": "Feature",
      "properties": {
        "@id": "node/2469862610",
        "name": "西武園ゆうえんち",
        "name:en": "Seibuen-yūenchi",
        "name:ja-Hira": "せいぶえんゆうえんち",
        "name:ko": "세이부엔유엔치",
        "public_transport": "station",
        "railway": "station",
        "wikidata": "Q8014583",
        "wikipedia": "ja:西武園ゆうえんち駅"
      },
      "geometry": {
        "type": "Point",
        "coordinates": [
          139.4400558,
          35.7693627
        ]
      },
      "id": "node/2469862610"
    },
    {
      "type": "Feature",
      "properties": {
        "@id": "node/2669107035",
        "name": "与野本町",
        "name:en": "Yono-Hommachi",
        "name:ja": "与野本町",
        "name:ja-Hira": "よのほんまち",
        "name:ja-Latn": "Yono hommachi",
        "name:ko": "요노 혼마치",
        "name:th": "โยโนะ โฮมมาชิ",
        "name:zh": "與野本町",
        "name:zh-Hans": "与野本町",
        "name:zh-Hant": "與野本町",
        "operator": "東日本旅客鉄道",
        "public_transport": "station",
        "railway": "station",
        "ref": "JA24",
        "source": "Bing,wikipedia",
        "wikidata": "Q844390",
        "wikipedia": "ja:与野本町駅"
      },
      "geometry": {
        "type": "Point",
        "coordinates": [
          139.6260199,
          35.8812024
        ]
      },
      "id": "node/2669107035"
    },
    {
      "type": "Feature",
      "properties": {
        "@id": "node/2670191219",
        "name": "川口",
        "name:en": "Kawaguchi",
        "name:ja": "川口",
        "name:ja-Hira": "かわぐち",
        "name:ja_rm": "Kawaguchi",
        "name:ko": "가와구치",
        "name:ru": "Кавагути",
        "operator": "東日本旅客鉄道",
        "public_transport": "station",
        "railway": "station",
        "source": "survey",
        "wheelchair": "yes",
        "wikidata": "Q735498",
        "wikipedia": "ja:川口駅"
      },
      "geometry": {
        "type": "Point",
        "coordinates": [
          139.7175116,
          35.8019257
        ]
      },
      "id": "node/2670191219"
    },
    {
      "type": "Feature",
      "properties": {
        "@id": "node/2722542475",
        "contact:website": "https://www.jreast.co.jp/estation/station/info.aspx?StationCd=1277",
        "name": "東川口",
        "name:en": "Higashi-Kawaguchi",
        "name:es": "Higashi-Kawaguchi",
        "name:ja": "東川口",
        "name:ja-Hira": "ひがしかわぐち",
        "name:ja-Latn": "Higashi-Kawaguchi",
        "name:ko": "히가시카와구치",
        "name:th": "ฮิกาชิ คาวากุจิ",
        "name:zh-Hans": "东川口",
        "name:zh-Hant": "東川口",
        "operator": "東日本旅客鉄道",
        "public_transport": "station",
        "railway": "station",
        "ref": "JM23",
        "wikidata": "Q8015281",
        "wikipedia": "ja:東川口駅"
      },
      "geometry": {
        "type": "Point",
        "coordinates": [
          139.7443154,
          35.8752578
        ]
      },
      "id": "node/2722542475"
    },
    {
      "type": "Feature",
      "properties": {
        "@id": "node/2964285318",
        "KSJ2:LIN": "越生線",
        "name": "西大家",
        "name:en": "Nishi-oya",
        "name:ja": "西大家",
        "name:ja-Hira": "にしおおや",
        "name:ja_rm": "Nishi Ōya",
        "name:ko": "니시오야",
        "network": "東武鉄道",
        "network:en": "Tobu Railway",
        "network:ja": "東武鉄道",
        "network:wikidata": "Q1321914",
        "note": "National-Land Numerical Information (Railway) 2007, MLIT Japan",
        "note:ja": "国土数値情報（鉄道データ）平成19年 国土交通省",
        "operator": "東武鉄道",
        "public_transport": "station",
        "railway": "station",
        "ref": "TJ42",
        "source": "KSJ2",
        "source_ref": "http://nlftp.mlit.go.jp/ksj/jpgis/datalist/KsjTmplt-N02-v1_1.html",
        "train": "yes",
        "wikidata": "Q7040477",
        "wikipedia": "ja:西大家駅"
      },
      "geometry": {
        "type": "Point",
        "coordinates": [
          139.3562818,
          35.9316608
        ]
      },
      "id": "node/2964285318"
    },
    {
      "type": "Feature",
      "properties": {
        "@id": "node/3234072120",
        "highway": "motorway_junction",
        "name": "桶川加納ＩＣ",
        "name:en": "Okegawa-Kanoh IC",
        "name:ja": "桶川加納IC",
        "name:ja-Hira": "おけがわかのういんたーちぇんじ",
        "name:ja_rm": "Okegawa-Kanoh IC",
        "ref": "61",
        "source:name": "wikipedia",
        "source:ref": "wikipedia",
        "wikipedia": "ja:桶川加納インターチェンジ"
      },
      "geometry": {
        "type": "Point",
        "coordinates": [
          139.5678913,
          36.022907
        ]
      },
      "id": "node/3234072120"
    },
    {
      "type": "Feature",
      "properties": {
        "@id": "node/3234072124",
        "highway": "motorway_junction",
        "name": "桶川加納ＩＣ",
        "name:en": "Okegawa-Kanoh IC",
        "name:ja": "桶川加納IC",
        "name:ja-Hira": "おけがわかのういんたーちぇんじ",
        "name:ja_rm": "Okegawa-Kanoh IC",
        "ref": "61",
        "source:name": "wikipedia",
        "source:ref": "wikipedia",
        "wikipedia": "ja:桶川加納インターチェンジ"
      },
      "geometry": {
        "type": "Point",
        "coordinates": [
          139.5620469,
          36.0197671
        ]
      },
      "id": "node/3234072124"
    },
    {
      "type": "Feature",
      "properties": {
        "@id": "node/3547330605",
        "name": "西川口",
        "name:en": "Nishi-Kawaguchi",
        "name:ja": "西川口",
        "name:ja-Hira": "にしかわぐち",
        "name:ja_rm": "Nishi Kawaguchi",
        "name:ko": "니시카와구치",
        "name:ru": "Ниси-Кавагути",
        "operator": "東日本旅客鉄道",
        "public_transport": "station",
        "railway": "station",
        "wheelchair": "yes",
        "wikidata": "Q801258",
        "wikipedia": "ja:西川口駅"
      },
      "geometry": {
        "type": "Point",
        "coordinates": [
          139.7044816,
          35.8155833
        ]
      },
      "id": "node/3547330605"
    },
    {
      "type": "Feature",
      "properties": {
        "@id": "node/3547330609",
        "name": "浦和",
        "name:de": "Urawa",
        "name:en": "Urawa",
        "name:fr": "Urawa",
        "name:ja": "浦和",
        "name:ja-Hira": "うらわ",
        "name:ja-Latn": "Urawa",
        "name:ko": "우라와",
        "name:ne": "उरावा",
        "name:ru": "Урава",
        "name:th": "อุราวะ",
        "name:vi": "Urawa",
        "name:zh": "浦和",
        "operator": "東日本旅客鉄道",
        "public_transport": "station",
        "railway": "station",
        "toilets:wheelchair": "yes",
        "wikidata": "Q652141",
        "wikipedia": "ja:浦和駅"
      },
      "geometry": {
        "type": "Point",
        "coordinates": [
          139.6571882,
          35.8589883
        ]
      },
      "id": "node/3547330609"
    },
    {
      "type": "Feature",
      "properties": {
        "@id": "node/3558006051",
        "addr:city": "上尾市",
        "addr:province": "埼玉県",
        "name": "上尾",
        "name:en": "Ageo",
        "name:ja": "上尾",
        "name:ja_rm": "Ageo",
        "name:ko": "아게오",
        "network": "JR  高崎線",
        "operator": "JR  東日本旅客鉄道",
        "public_transport": "station",
        "railway": "station",
        "start_date": "1883-07-28",
        "wikidata": "Q800360",
        "wikipedia": "ja:上尾駅"
      },
      "geometry": {
        "type": "Point",
        "coordinates": [
          139.5884718,
          35.9733274
        ]
      },
      "id": "node/3558006051"
    },
    {
      "type": "Feature",
      "properties": {
        "@id": "node/3558006052",
        "name": "深谷",
        "name:en": "Fukaya",
        "name:ja": "深谷",
        "name:ja_rm": "Fukaya",
        "name:ko": "후카야",
        "public_transport": "station",
        "railway": "station",
        "wikidata": "Q844895",
        "wikipedia": "ja:深谷駅"
      },
      "geometry": {
        "type": "Point",
        "coordinates": [
          139.2810987,
          36.1915583
        ]
      },
      "id": "node/3558006052"
    },
    {
      "type": "Feature",
      "properties": {
        "@id": "node/3558006053",
        "name": "吹上",
        "name:en": "Fukiage",
        "name:ja": "吹上",
        "name:ja_rm": "Fukiage",
        "name:ko": "후키아게",
        "operator": "東日本旅客鉄道",
        "public_transport": "station",
        "railway": "station",
        "wikidata": "Q845096",
        "wikipedia": "ja:吹上駅 (埼玉県)"
      },
      "geometry": {
        "type": "Point",
        "coordinates": [
          139.4529758,
          36.1032019
        ]
      },
      "id": "node/3558006053"
    },
    {
      "type": "Feature",
      "properties": {
        "@id": "node/3558006054",
        "name": "行田",
        "name:en": "Gyoda",
        "name:ja": "行田",
        "name:ja_rm": "Gyōda",
        "name:ko": "교다",
        "public_transport": "station",
        "railway": "station",
        "wikidata": "Q845058",
        "wikipedia": "ja:行田駅"
      },
      "geometry": {
        "type": "Point",
        "coordinates": [
          139.4321697,
          36.1138875
        ]
      },
      "id": "node/3558006054"
    },
    {
      "type": "Feature",
      "properties": {
        "@id": "node/3558006055",
        "name": "本庄",
        "name:en": "Honjo",
        "name:ja": "本庄",
        "name:ja_rm": "Honjo",
        "name:ko": "혼조",
        "public_transport": "station",
        "railway": "station",
        "wikidata": "Q844906",
        "wikipedia": "ja:本庄駅"
      },
      "geometry": {
        "type": "Point",
        "coordinates": [
          139.188627,
          36.2360786
        ]
      },
      "id": "node/3558006055"
    },
    {
      "type": "Feature",
      "properties": {
        "@id": "node/3558006056",
        "name": "神保原",
        "name:en": "Jimbohara",
        "name:ja": "神保原",
        "name:ja_rm": "Jimbohara",
        "name:ko": "진보하라",
        "public_transport": "station",
        "railway": "station",
        "wikidata": "Q845133",
        "wikipedia": "ja:神保原駅"
      },
      "geometry": {
        "type": "Point",
        "coordinates": [
          139.1492791,
          36.2537146
        ]
      },
      "id": "node/3558006056"
    },
    {
      "type": "Feature",
      "properties": {
        "@id": "node/3558006057",
        "name": "籠原",
        "name:en": "Kagohara",
        "name:ja": "籠原",
        "name:ja-Hira": "かごはら",
        "name:ja_rm": "Kagohara",
        "name:ko": "가고하라",
        "operator": "東日本旅客鉄道",
        "public_transport": "station",
        "railway": "station",
        "wikidata": "Q845092",
        "wikipedia": "ja:籠原駅"
      },
      "geometry": {
        "type": "Point",
        "coordinates": [
          139.3305124,
          36.1746666
        ]
      },
      "id": "node/3558006057"
    },
    {
      "type": "Feature",
      "properties": {
        "@id": "node/3558006058",
        "name": "北鴻巣",
        "name:en": "Kita-Konosu",
        "name:ja": "北鴻巣",
        "name:ja_rm": "Kita-Konosu",
        "name:ko": "기타코노스",
        "operator": "東日本旅客鉄道",
        "public_transport": "station",
        "railway": "station",
        "wikidata": "Q845061",
        "wikipedia": "ja:北鴻巣駅"
      },
      "geometry": {
        "type": "Point",
        "coordinates": [
          139.476995,
          36.0855262
        ]
      },
      "id": "node/3558006058"
    },
    {
      "type": "Feature",
      "properties": {
        "@id": "node/3558006059",
        "name": "北本",
        "name:en": "Kitamoto",
        "name:ja": "北本",
        "name:ja_rm": "Kitamoto",
        "name:ko": "기타모토",
        "operator": "東日本旅客鉄道",
        "public_transport": "station",
        "railway": "station",
        "wikidata": "Q845066",
        "wikipedia": "ja:北本駅"
      },
      "geometry": {
        "type": "Point",
        "coordinates": [
          139.533981,
          36.0316402
        ]
      },
      "id": "node/3558006059"
    },
    {
      "type": "Feature",
      "properties": {
        "@id": "node/3558006060",
        "name": "鴻巣",
        "name:en": "Konosu",
        "name:ja": "鴻巣",
        "name:ja_rm": "Konosu",
        "name:ko": "고노스",
        "operator": "東日本旅客鉄道",
        "public_transport": "station",
        "railway": "station",
        "wikidata": "Q801054",
        "wikipedia": "ja:鴻巣駅"
      },
      "geometry": {
        "type": "Point",
        "coordinates": [
          139.5096876,
          36.0592587
        ]
      },
      "id": "node/3558006060"
    },
    {
      "type": "Feature",
      "properties": {
        "@id": "node/3558006061",
        "highspeed": "yes",
        "layer": "4",
        "level": "3",
        "name": "熊谷",
        "name:en": "Kumagaya",
        "name:ja": "熊谷",
        "name:ja_rm": "Kumagaya",
        "name:ko": "구마가야",
        "name:ru": "Кумагая",
        "note": "National-Land Numerical Information (Railway) 2007, MLIT Japan",
        "operator": "東日本旅客鉄道",
        "public_transport": "station",
        "railway": "station",
        "source": "KSJ2",
        "source_ref": "http://nlftp.mlit.go.jp/ksj/jpgis/datalist/KsjTmplt-N02-v1_1.html",
        "wikidata": "Q735594",
        "wikipedia": "ja:熊谷駅"
      },
      "geometry": {
        "type": "Point",
        "coordinates": [
          139.390035,
          36.1390715
        ]
      },
      "id": "node/3558006061"
    },
    {
      "type": "Feature",
      "properties": {
        "@id": "node/3558006063",
        "name": "宮原",
        "name:en": "Miyahara",
        "name:ja": "宮原",
        "name:ja-Hira": "みやはら",
        "name:ja_rm": "Miyahara",
        "name:ko": "미야하라",
        "operator": "東日本旅客鉄道",
        "public_transport": "station",
        "railway": "station",
        "wheelchair": "yes",
        "wikidata": "Q845070",
        "wikipedia": "ja:宮原駅"
      },
      "geometry": {
        "type": "Point",
        "coordinates": [
          139.6095462,
          35.9403002
        ]
      },
      "id": "node/3558006063"
    },
    {
      "type": "Feature",
      "properties": {
        "@id": "node/3558006064",
        "name": "岡部",
        "name:en": "Okabe",
        "name:ja": "岡部",
        "name:ja_rm": "Okabe",
        "name:ko": "오카베",
        "public_transport": "station",
        "railway": "station",
        "wikidata": "Q845054",
        "wikipedia": "ja:岡部駅"
      },
      "geometry": {
        "type": "Point",
        "coordinates": [
          139.2375953,
          36.2056805
        ]
      },
      "id": "node/3558006064"
    },
    {
      "type": "Feature",
      "properties": {
        "@id": "node/3558006065",
        "name": "桶川",
        "name:en": "Okegawa",
        "name:ja": "桶川",
        "name:ja_rm": "Okegawa",
        "name:ko": "오케가와",
        "operator": "東日本旅客鉄道",
        "public_transport": "station",
        "railway": "station",
        "wheelchair": "yes",
        "wikidata": "Q844901",
        "wikipedia": "ja:桶川駅"
      },
      "geometry": {
        "type": "Point",
        "coordinates": [
          139.5640213,
          35.9987374
        ]
      },
      "id": "node/3558006065"
    },
    {
      "type": "Feature",
      "properties": {
        "@id": "node/3625203341",
        "KSJ2:LIN": "池袋線",
        "name": "小手指",
        "name:en": "Kotesashi",
        "name:ja": "小手指",
        "name:ja-Hira": "こてさし",
        "name:ja_rm": "Kotesashi",
        "name:ko": "고테사시",
        "network": "西武鉄道",
        "network:en": "Seibu Railway",
        "network:ja": "西武鉄道",
        "network:wikidata": "Q83543",
        "note": "National-Land Numerical Information (Railway) 2007, MLIT Japan",
        "note:ja": "国土数値情報（鉄道データ）平成19年 国土交通省",
        "operator": "西武鉄道",
        "public_transport": "station",
        "railway": "station",
        "ref": "SI19",
        "source": "KSJ2",
        "source_ref": "http://nlftp.mlit.go.jp/ksj/jpgis/datalist/KsjTmplt-N02-v1_1.html",
        "train": "yes",
        "wheelchair": "yes",
        "wikidata": "Q6433936",
        "wikipedia": "ja:小手指駅"
      },
      "geometry": {
        "type": "Point",
        "coordinates": [
          139.4377917,
          35.8006184
        ]
      },
      "id": "node/3625203341"
    },
    {
      "type": "Feature",
      "properties": {
        "@id": "node/3625203342",
        "KSJ2:LIN": "池袋線",
        "name": "狭山ヶ丘",
        "name:en": "Sayamagaoka",
        "name:ja": "狭山ヶ丘",
        "name:ja-Hira": "さやまがおか",
        "name:ja_rm": "Sayamagaoka",
        "name:ko": "사야마가오카",
        "network": "西武鉄道",
        "network:en": "Seibu Railway",
        "network:ja": "西武鉄道",
        "network:wikidata": "Q83543",
        "note": "National-Land Numerical Information (Railway) 2007, MLIT Japan",
        "note:ja": "国土数値情報（鉄道データ）平成19年 国土交通省",
        "old_name:1915-04-15--1915-08-31": "元狭山",
        "old_name:1915-09-01--1933-02-28": "三ヶ島村",
        "operator": "西武鉄道",
        "public_transport": "station",
        "railway": "station",
        "ref": "SI20",
        "source": "KSJ2",
        "source_ref": "http://nlftp.mlit.go.jp/ksj/jpgis/datalist/KsjTmplt-N02-v1_1.html",
        "train": "yes",
        "wheelchair": "yes",
        "wikidata": "Q7429111",
        "wikipedia": "ja:狭山ヶ丘駅"
      },
      "geometry": {
        "type": "Point",
        "coordinates": [
          139.4167118,
          35.8105229
        ]
      },
      "id": "node/3625203342"
    },
    {
      "type": "Feature",
      "properties": {
        "@id": "node/3625203343",
        "KSJ2:LIN": "池袋線",
        "alt_name:ko": "이나리야마코엔",
        "name": "稲荷山公園",
        "name:en": "Inariyama-koen",
        "name:ja": "稲荷山公園",
        "name:ja-Hira": "いなりやまこうえん",
        "name:ja_rm": "Inariyama Kōen",
        "name:ko": "이나리산공원",
        "network": "西武鉄道",
        "network:en": "Seibu Railway",
        "network:ja": "西武鉄道",
        "network:wikidata": "Q83543",
        "note": "National-Land Numerical Information (Railway) 2007, MLIT Japan",
        "note:ja": "国土数値情報（鉄道データ）平成19年 国土交通省",
        "operator": "西武鉄道",
        "public_transport": "station",
        "railway": "station",
        "ref": "SI22",
        "source": "KSJ2",
        "source_ref": "http://nlftp.mlit.go.jp/ksj/jpgis/datalist/KsjTmplt-N02-v1_1.html",
        "train": "yes",
        "wikidata": "Q6013618",
        "wikipedia": "ja:稲荷山公園駅"
      },
      "geometry": {
        "type": "Point",
        "coordinates": [
          139.3985589,
          35.8449274
        ]
      },
      "id": "node/3625203343"
    },
    {
      "type": "Feature",
      "properties": {
        "@id": "node/3625203344",
        "name": "西所沢",
        "name:en": "Nishi-Tokorozawa",
        "name:ja": "西所沢",
        "name:ja-Hira": "にしところざわ",
        "name:ja_rm": "Nishi Tokorozawa",
        "name:ko": "니시토코로자와",
        "network": "西武鉄道",
        "network:en": "Seibu Railway",
        "network:ja": "西武鉄道",
        "network:wikidata": "Q83543",
        "note": "National-Land Numerical Information (Railway) 2007, MLIT Japan",
        "note:ja": "国土数値情報（鉄道データ）平成19年 国土交通省",
        "old_name:1915-04-15--1915-08-31": "小手指",
        "operator": "西武鉄道",
        "public_transport": "station",
        "railway": "station",
        "ref": "SI18",
        "source": "KSJ2",
        "source_ref": "http://nlftp.mlit.go.jp/ksj/jpgis/datalist/KsjTmplt-N02-v1_1.html",
        "train": "yes",
        "wheelchair": "yes",
        "wikidata": "Q7040433",
        "wikipedia": "ja:西所沢駅"
      },
      "geometry": {
        "type": "Point",
        "coordinates": [
          139.4560657,
          35.7889568
        ]
      },
      "id": "node/3625203344"
    },
    {
      "type": "Feature",
      "properties": {
        "@id": "node/3625233873",
        "KSJ2:LIN": "池袋線",
        "internet_access": "wired",
        "name": "入間市",
        "name:en": "Irumashi",
        "name:ja": "入間市",
        "name:ja-Hira": "いるまし",
        "name:ja_rm": "Irumashi",
        "name:ko": "이루마시",
        "network": "西武鉄道",
        "network:en": "Seibu Railway",
        "network:ja": "西武鉄道",
        "network:wikidata": "Q83543",
        "note": "National-Land Numerical Information (Railway) 2007, MLIT Japan",
        "note:ja": "国土数値情報（鉄道データ）平成19年 国土交通省",
        "old_name": "豊岡町",
        "operator": "西武鉄道",
        "public_transport": "station",
        "railway": "station",
        "ref": "SI23",
        "source": "KSJ2",
        "source_ref": "http://nlftp.mlit.go.jp/ksj/jpgis/datalist/KsjTmplt-N02-v1_1.html",
        "train": "yes",
        "wheelchair": "yes",
        "wikidata": "Q6074023",
        "wikipedia": "ja:入間市駅"
      },
      "geometry": {
        "type": "Point",
        "coordinates": [
          139.3901317,
          35.8426832
        ]
      },
      "id": "node/3625233873"
    },
    {
      "type": "Feature",
      "properties": {
        "@id": "node/3634127606",
        "name": "白岡",
        "name:de": "Shiraoka",
        "name:en": "Shiraoka",
        "name:ja": "白岡",
        "name:ja-Hira": "しらおか",
        "name:ja-Latn": "Shiraoka",
        "name:ko": "시라오카",
        "name:ru": "Сираока",
        "public_transport": "station",
        "railway": "station",
        "source": "KSJ2",
        "wikidata": "Q873198",
        "wikipedia": "ja:白岡駅"
      },
      "geometry": {
        "type": "Point",
        "coordinates": [
          139.6669008,
          36.0174085
        ]
      },
      "id": "node/3634127606"
    },
    {
      "type": "Feature",
      "properties": {
        "@id": "node/3647437884",
        "check_date:wheelchair": "2023-04-14",
        "name": "戸田公園",
        "name:en": "Todakoen",
        "name:ja": "戸田公園",
        "name:ja-Hira": "とだこうえん",
        "name:ko": "도다코엔",
        "operator": "東日本旅客鉄道",
        "public_transport": "station",
        "railway": "station",
        "ref": "JA18",
        "source": "Bing",
        "wheelchair": "yes",
        "wikidata": "Q844571",
        "wikipedia": "ja:戸田公園駅"
      },
      "geometry": {
        "type": "Point",
        "coordinates": [
          139.6781947,
          35.8079089
        ]
      },
      "id": "node/3647437884"
    },
    {
      "type": "Feature",
      "properties": {
        "@id": "node/3654391415",
        "name": "春日部",
        "name:en": "Kasukabe",
        "name:ja": "春日部",
        "name:ja_rm": "Kasukabe",
        "name:ko": "가스카베",
        "note": "National-Land Numerical Information (Railway) 2007, MLIT Japan",
        "public_transport": "station",
        "railway": "station",
        "ref": "TD10",
        "source": "KSJ2",
        "source_ref": "http://w3land.mlit.go.jp/ksj2/datalist/N02.html",
        "wikidata": "Q842446",
        "wikipedia": "ja:春日部駅"
      },
      "geometry": {
        "type": "Point",
        "coordinates": [
          139.7520793,
          35.980074
        ]
      },
      "id": "node/3654391415"
    },
    {
      "type": "Feature",
      "properties": {
        "@id": "node/3654391424",
        "addr:block_number": "285",
        "addr:city": "さいたま市",
        "addr:country": "JP",
        "addr:neighbourhood": "3丁目",
        "addr:neighbourhood:en": "3-chome",
        "addr:postcode": "330-0801",
        "addr:province": "埼玉県",
        "addr:province:en": "Saitama Prefecture",
        "addr:quarter": "土手町",
        "addr:quarter:en": "Dotecho",
        "addr:suburb": "大宮区",
        "addr:suburb:en": "Omiya Ward",
        "name": "北大宮",
        "name:en": "Kita-omiya",
        "name:ja": "北大宮",
        "name:ja-Hira": "きたおおみや",
        "name:ja_rm": "Kita-ōmiya",
        "name:ko": "기타오미야",
        "operator": "東武鉄道",
        "public_transport": "station",
        "railway": "station",
        "ref": "TD02",
        "website": "https://railway.tobu.co.jp/guide/station/info/6103.html",
        "wheelchair": "yes",
        "wikidata": "Q5367635",
        "wikipedia": "ja:北大宮駅"
      },
      "geometry": {
        "type": "Point",
        "coordinates": [
          139.6248125,
          35.917609
        ]
      },
      "id": "node/3654391424"
    },
    {
      "type": "Feature",
      "properties": {
        "@id": "node/3654392244",
        "name": "七里",
        "name:en": "Nanasato",
        "name:ja": "七里",
        "name:ja_rm": "Nanasato",
        "name:ko": "나나사토",
        "note": "National-Land Numerical Information (Railway) 2007, MLIT Japan",
        "public_transport": "station",
        "railway": "station",
        "ref": "TD05",
        "source": "KSJ2",
        "source_ref": "http://w3land.mlit.go.jp/ksj2/datalist/N02.html",
        "wikidata": "Q6962432",
        "wikipedia": "ja:七里駅"
      },
      "geometry": {
        "type": "Point",
        "coordinates": [
          139.6658159,
          35.9363894
        ]
      },
      "id": "node/3654392244"
    },
    {
      "type": "Feature",
      "properties": {
        "@id": "node/3654392254",
        "alt_name:en": "Ōmiya-kōen Station",
        "alt_name:fr": "Gare d'Ōmiya-kōen",
        "alt_name:ko": "오미야코엔",
        "name": "大宮公園",
        "name:en": "Omiya Park",
        "name:fr": "Parc d'Omiya",
        "name:ja-Hira": "おおみやこうえん",
        "name:ja-Latn": "Ōmiya-kōen",
        "name:ko": "오미야공원",
        "public_transport": "station",
        "railway": "station",
        "ref": "TD03",
        "source": "Bing",
        "toilets:wheelchair": "yes",
        "wheelchair": "yes",
        "wikidata": "Q8081623",
        "wikimedia_commons": "Category:Ōmiya-Kōen Station",
        "wikipedia": "ja:大宮公園駅"
      },
      "geometry": {
        "type": "Point",
        "coordinates": [
          139.6329484,
          35.9238247
        ]
      },
      "id": "node/3654392254"
    },
    {
      "type": "Feature",
      "properties": {
        "@id": "node/3654392271",
        "name": "豊春",
        "name:en": "Toyoharu",
        "name:ja": "豊春",
        "name:ja_rm": "Toyoharu",
        "name:ko": "도요하루",
        "note": "National-Land Numerical Information (Railway) 2007, MLIT Japan",
        "public_transport": "station",
        "railway": "station",
        "ref": "TD08",
        "source": "KSJ2",
        "source_ref": "http://w3land.mlit.go.jp/ksj2/datalist/N02.html",
        "wikidata": "Q5368674",
        "wikipedia": "ja:豊春駅"
      },
      "geometry": {
        "type": "Point",
        "coordinates": [
          139.7262512,
          35.9680359
        ]
      },
      "id": "node/3654392271"
    },
    {
      "type": "Feature",
      "properties": {
        "@id": "node/3666779221",
        "name": "北春日部",
        "name:en": "Kita-Kasukabe",
        "name:ja": "北春日部",
        "name:ja_rm": "Kita-Kasukabe",
        "name:ko": "기타카스카베",
        "note": "National-Land Numerical Information (Railway) 2007, MLIT Japan",
        "public_transport": "station",
        "railway": "station",
        "source": "KSJ2",
        "source_ref": "http://nlftp.mlit.go.jp/ksj/jpgis/datalist/KsjTmplt-N02-v1_1.html",
        "wikidata": "Q6417560",
        "wikipedia": "ja:北春日部駅"
      },
      "geometry": {
        "type": "Point",
        "coordinates": [
          139.7440126,
          35.9905638
        ]
      },
      "id": "node/3666779221"
    },
    {
      "type": "Feature",
      "properties": {
        "@id": "node/3708276249",
        "name": "久喜",
        "name:de": "Kuki",
        "name:en": "Kuki",
        "name:ja": "久喜",
        "name:ja-Hira": "くき",
        "name:ja-Latn": "Kuki",
        "name:ko": "구키",
        "name:ru": "Куки",
        "operator": "東武鉄道;東日本旅客鉄道",
        "public_transport": "station",
        "railway": "station",
        "source": "KSJ2",
        "train": "yes",
        "wikidata": "Q843719",
        "wikipedia": "ja:久喜駅"
      },
      "geometry": {
        "type": "Point",
        "coordinates": [
          139.6775246,
          36.0656137
        ]
      },
      "id": "node/3708276249"
    },
    {
      "type": "Feature",
      "properties": {
        "@id": "node/3723476958",
        "highway": "motorway_junction",
        "name": "坂戸ＩＣ",
        "name:en": "sakado IC",
        "name:ja": "坂戸IC",
        "name:ja-Hira": "さかどいんたーちぇんじ",
        "name:ja_rm": "sakado IC",
        "ref": "51",
        "source:name": "wikipedia",
        "source:ref": "wikipedia",
        "wikipedia": "ja:坂戸インターチェンジ"
      },
      "geometry": {
        "type": "Point",
        "coordinates": [
          139.4410955,
          35.9653487
        ]
      },
      "id": "node/3723476958"
    },
    {
      "type": "Feature",
      "properties": {
        "@id": "node/3730035915",
        "name": "新白岡",
        "name:de": "Shin-Shiraoka",
        "name:en": "Shin-Shiraoka",
        "name:ja": "新白岡",
        "name:ja-Hira": "しんしらおか",
        "name:ja-Latn": "Shinshiraoka",
        "name:ko": "신시라오카",
        "name:ru": "Син-Сираока",
        "operator": "東日本旅客鉄道",
        "operator:en": "East Japan Railway",
        "operator:ja": "東日本旅客鉄道",
        "operator:ja-Latn": "Higashi-Nihon Ryokaku Tetsudō",
        "operator:ja_rm": "Higashi-Nihon Ryokaku Tetsudō",
        "public_transport": "station",
        "railway": "station",
        "source": "KSJ2",
        "wikidata": "Q874047",
        "wikipedia": "ja:新白岡駅"
      },
      "geometry": {
        "type": "Point",
        "coordinates": [
          139.6720894,
          36.0386605
        ]
      },
      "id": "node/3730035915"
    },
    {
      "type": "Feature",
      "properties": {
        "@id": "node/3730443553",
        "KSJ2:LIN": "八高線",
        "KSJ2:RAS": "eb03_8254",
        "KSJ2:STN": "高麗川",
        "KSJ2:segment": "eb02_17649",
        "name": "高麗川",
        "name:en": "Komagawa",
        "name:ja": "高麗川",
        "name:ja_rm": "Komagawa",
        "name:ko": "고마가와",
        "note": "National-Land Numerical Information (Railway) 2007, MLIT Japan",
        "note:ja": "国土数値情報（鉄道データ）平成19年　国土交通省",
        "public_transport": "station",
        "railway": "station",
        "source": "KSJ2",
        "source_ref": "http://nlftp.mlit.go.jp/ksj/jpgis/datalist/KsjTmplt-N02-v1_1.html",
        "wikidata": "Q910599",
        "wikipedia": "ja:高麗川駅"
      },
      "geometry": {
        "type": "Point",
        "coordinates": [
          139.3379886,
          35.8962692
        ]
      },
      "id": "node/3730443553"
    },
    {
      "type": "Feature",
      "properties": {
        "@id": "node/3730703334",
        "name": "所沢",
        "name:en": "Tokorozawa",
        "name:ja": "所沢",
        "name:ja-Hira": "ところざわ",
        "name:ja_rm": "Tokorozawa",
        "name:ko": "도코로자와",
        "network": "西武鉄道",
        "network:en": "Seibu Railway",
        "network:ja": "西武鉄道",
        "network:wikidata": "Q83543",
        "operator": "西武鉄道",
        "public_transport": "station",
        "railway": "station",
        "ref": "SI17;SS22",
        "source": "GSImaps/std-1",
        "toilets:wheelchair": "yes",
        "train": "yes",
        "wheelchair": "yes",
        "wikidata": "Q842569",
        "wikipedia": "ja:所沢駅"
      },
      "geometry": {
        "type": "Point",
        "coordinates": [
          139.4733096,
          35.7867907
        ]
      },
      "id": "node/3730703334"
    },
    {
      "type": "Feature",
      "properties": {
        "@id": "node/3751419654",
        "highway": "motorway_junction",
        "name": "秩父小柱ＩＣ"
      },
      "geometry": {
        "type": "Point",
        "coordinates": [
          139.0894835,
          36.0556752
        ]
      },
      "id": "node/3751419654"
    },
    {
      "type": "Feature",
      "properties": {
        "@id": "node/3815589360",
        "highway": "motorway_junction",
        "name": "寄居ＰＡ（上り）、スマートIC",
        "name:en": "yorii PA",
        "name:ja": "寄居PA (上り)、スマートIC",
        "name:ja-Hira": "よりいぱーきんぐえりあ",
        "name:ja_rm": "yorii PA",
        "ref": "7-1",
        "source:name": "wikipedia",
        "wikipedia": "ja:寄居パーキングエリア"
      },
      "geometry": {
        "type": "Point",
        "coordinates": [
          139.1917423,
          36.177355
        ]
      },
      "id": "node/3815589360"
    },
    {
      "type": "Feature",
      "properties": {
        "@id": "node/3816228986",
        "highway": "motorway_junction",
        "name": "玉井IC"
      },
      "geometry": {
        "type": "Point",
        "coordinates": [
          139.3665358,
          36.1734057
        ]
      },
      "id": "node/3816228986"
    },
    {
      "type": "Feature",
      "properties": {
        "@id": "node/3816229037",
        "highway": "motorway_junction",
        "name": "上武IC"
      },
      "geometry": {
        "type": "Point",
        "coordinates": [
          139.3320351,
          36.2045081
        ]
      },
      "id": "node/3816229037"
    },
    {
      "type": "Feature",
      "properties": {
        "@id": "node/3817604763",
        "highway": "motorway_junction",
        "name": "鶴ヶ島IC",
        "name:en": "Tsurugashima IC",
        "name:ja": "鶴ヶ島IC",
        "name:ja-Hira": "つるがしまいんたーちぇんじ",
        "name:ja-Latn": "Tsurugashima IC",
        "ref": "5",
        "source:name": "wikipedia",
        "source:ref": "wikipedia",
        "wikidata": "Q11174029",
        "wikipedia": "ja:鶴ヶ島インターチェンジ"
      },
      "geometry": {
        "type": "Point",
        "coordinates": [
          139.3954989,
          35.948568
        ]
      },
      "id": "node/3817604763"
    },
    {
      "type": "Feature",
      "properties": {
        "@id": "node/3828076591",
        "name": "蓮田",
        "name:de": "Hasuda",
        "name:en": "Hasuda",
        "name:ja": "蓮田",
        "name:ja-Hira": "はすだ",
        "name:ja-Latn": "Hasuda",
        "name:ko": "하스다",
        "name:ru": "Хасуда",
        "public_transport": "station",
        "railway": "station",
        "source": "KSJ2",
        "wheelchair": "yes",
        "wikidata": "Q872705",
        "wikipedia": "ja:蓮田駅"
      },
      "geometry": {
        "type": "Point",
        "coordinates": [
          139.6530635,
          35.9813997
        ]
      },
      "id": "node/3828076591"
    },
    {
      "type": "Feature",
      "properties": {
        "@id": "node/3828076593",
        "name": "土呂",
        "name:de": "Toro",
        "name:en": "Toro",
        "name:ja": "土呂",
        "name:ja-Hira": "とろ",
        "name:ja-Latn": "Toro",
        "name:ko": "도로",
        "name:ru": "Торо",
        "public_transport": "station",
        "railway": "station",
        "wheelchair": "yes",
        "wikidata": "Q857902",
        "wikipedia": "ja:土呂駅"
      },
      "geometry": {
        "type": "Point",
        "coordinates": [
          139.6321346,
          35.9317759
        ]
      },
      "id": "node/3828076593"
    },
    {
      "type": "Feature",
      "properties": {
        "@id": "node/3918571239",
        "attraction": "train",
        "name": "東ゲート",
        "name:en": "East gate",
        "public_transport": "station",
        "railway": "station",
        "usage": "tourism"
      },
      "geometry": {
        "type": "Point",
        "coordinates": [
          139.7193319,
          36.0197432
        ]
      },
      "id": "node/3918571239"
    },
    {
      "type": "Feature",
      "properties": {
        "@id": "node/3918633780",
        "attraction": "train",
        "name": "リバティーランド",
        "name:en": "Liberty Land",
        "public_transport": "station",
        "railway": "station",
        "usage": "tourism"
      },
      "geometry": {
        "type": "Point",
        "coordinates": [
          139.7160332,
          36.01994
        ]
      },
      "id": "node/3918633780"
    },
    {
      "type": "Feature",
      "properties": {
        "@id": "node/3919289263",
        "attraction": "train",
        "name": "ハートフルランド",
        "name:en": "Heartful Land",
        "public_transport": "station",
        "railway": "station",
        "usage": "tourism"
      },
      "geometry": {
        "type": "Point",
        "coordinates": [
          139.7118592,
          36.0214373
        ]
      },
      "id": "node/3919289263"
    },
    {
      "type": "Feature",
      "properties": {
        "@id": "node/4051552657",
        "name": "北与野",
        "name:en": "Kita-Yono",
        "name:ja": "北与野",
        "name:ja-Hira": "きたよの",
        "name:ja_rm": "Kita Yono",
        "name:ko": "기타요노",
        "name:th": "คิตะ โยโนะ",
        "name:zh": "北與野",
        "name:zh-Hans": "北与野",
        "name:zh-Hant": "北與野",
        "operator": "東日本旅客鉄道",
        "public_transport": "station",
        "railway": "station",
        "ref": "JA25",
        "toilets:wheelchair": "no",
        "wheelchair": "yes",
        "wikidata": "Q844444",
        "wikipedia": "ja:北与野駅"
      },
      "geometry": {
        "type": "Point",
        "coordinates": [
          139.6285051,
          35.8904977
        ]
      },
      "id": "node/4051552657"
    },
    {
      "type": "Feature",
      "properties": {
        "@id": "node/4053970846",
        "name": "南古谷",
        "name:en": "Minami-Furuya",
        "name:fr": "Minami-Furuya",
        "name:ja": "南古谷",
        "name:ja-Hira": "みなみふるや",
        "name:ja_rm": "Minami Furuya",
        "name:ko": "미나미후루야",
        "operator": "東日本旅客鉄道",
        "public_transport": "station",
        "railway": "station",
        "wheelchair": "yes",
        "wikidata": "Q844387",
        "wikipedia": "ja:南古谷駅"
      },
      "geometry": {
        "type": "Point",
        "coordinates": [
          139.5194429,
          35.9032539
        ]
      },
      "id": "node/4053970846"
    },
    {
      "type": "Feature",
      "properties": {
        "@id": "node/4061808853",
        "name": "武蔵浦和",
        "name:en": "Musashi-Urawa",
        "name:ja": "武蔵浦和",
        "name:ja-Hira": "むさしうらわ",
        "name:ja-Latn": "Musashi-Urawa",
        "name:ko": "무사시우라와",
        "name:th": "มุซาชิ-อุราวะ",
        "name:zh": "武藏浦和",
        "name:zh-Hans": "武藏浦和",
        "name:zh-Hant": "武藏浦和",
        "operator": "東日本旅客鉄道",
        "public_transport": "station",
        "railway": "station",
        "ref": "JA21;JM26",
        "wikidata": "Q801208",
        "wikipedia": "ja:武蔵浦和駅"
      },
      "geometry": {
        "type": "Point",
        "coordinates": [
          139.647066,
          35.8459689
        ]
      },
      "id": "node/4061808853"
    },
    {
      "type": "Feature",
      "properties": {
        "@id": "node/4134248738",
        "highway": "motorway_junction",
        "name": "三芳PA(上り),スマートIC",
        "name:en": "Miyoshi PA/SIC",
        "name:ja": "三芳PA(上り);スマートIC",
        "name:ja-Hira": "みよしぱーきんぐえりあ",
        "name:ja-Latn": "miyoshi PA/SIC",
        "source:name": "wikipedia",
        "wikidata": "Q10866728",
        "wikipedia": "ja:三芳パーキングエリア"
      },
      "geometry": {
        "type": "Point",
        "coordinates": [
          139.5026597,
          35.8460986
        ]
      },
      "id": "node/4134248738"
    },
    {
      "type": "Feature",
      "properties": {
        "@id": "node/4385801193",
        "highway": "rest_area",
        "name": "道の駅めぬま",
        "name:ja": "道の駅めぬま",
        "wikidata": "Q11640968",
        "wikipedia": "ja:道の駅めぬま"
      },
      "geometry": {
        "type": "Point",
        "coordinates": [
          139.3699071,
          36.2147108
        ]
      },
      "id": "node/4385801193"
    },
    {
      "type": "Feature",
      "properties": {
        "@id": "node/4385889889",
        "highway": "rest_area",
        "name": "道の駅かわもと",
        "name:ja": "道の駅かわもと",
        "wikidata": "Q11640713",
        "wikipedia": "ja:道の駅かわもと"
      },
      "geometry": {
        "type": "Point",
        "coordinates": [
          139.2887997,
          36.1514589
        ]
      },
      "id": "node/4385889889"
    },
    {
      "type": "Feature",
      "properties": {
        "@id": "node/4450476010",
        "highway": "motorway_junction",
        "name": "圏央鶴ヶ島ＩＣ",
        "name:en": "Kenoh-Tsurugashima IC",
        "name:ja": "圏央鶴ヶ島IC",
        "name:ja-Hira": "けんおうつるがしまいんたーちぇんじ",
        "name:ja_rm": "Kenoh-Tsurugashima IC",
        "ref": "47",
        "source:name": "wikipedia",
        "source:ref": "wikipedia",
        "wikidata": "Q11422768",
        "wikipedia": "ja:圏央鶴ヶ島インターチェンジ"
      },
      "geometry": {
        "type": "Point",
        "coordinates": [
          139.3903342,
          35.9224449
        ]
      },
      "id": "node/4450476010"
    },
    {
      "type": "Feature",
      "properties": {
        "@id": "node/4703835889",
        "highway": "motorway_junction",
        "name": "三郷料金所スマートIC",
        "name:en": "Misato Tollgate SIC",
        "name:es": "Salida peaje Misato",
        "name:ja": "三郷料金所スマートIC",
        "ref": "1-1",
        "wikidata": "Q10867002",
        "wikipedia": "ja:三郷料金所"
      },
      "geometry": {
        "type": "Point",
        "coordinates": [
          139.88184,
          35.8635582
        ]
      },
      "id": "node/4703835889"
    },
    {
      "type": "Feature",
      "properties": {
        "@id": "node/4708704099",
        "name": "柳生",
        "name:en": "Yagyu",
        "name:ja": "柳生",
        "name:ja_rm": "Yagyū",
        "name:ko": "야규",
        "note": "National-Land Numerical Information (Railway) 2007, MLIT Japan",
        "public_transport": "station",
        "railway": "station",
        "source": "KSJ2",
        "source_ref": "http://nlftp.mlit.go.jp/ksj/jpgis/datalist/KsjTmplt-N02-v1_1.html",
        "wikidata": "Q11534548",
        "wikipedia": "ja:柳生駅"
      },
      "geometry": {
        "type": "Point",
        "coordinates": [
          139.65959,
          36.2066499
        ]
      },
      "id": "node/4708704099"
    },
    {
      "type": "Feature",
      "properties": {
        "@id": "node/4755786036",
        "name": "ソシオ流通センター",
        "name:ko": "소시오유통센터",
        "operator": "秩父鉄道",
        "public_transport": "station",
        "railway": "station"
      },
      "geometry": {
        "type": "Point",
        "coordinates": [
          139.4244068,
          36.1364779
        ]
      },
      "id": "node/4755786036"
    },
    {
      "type": "Feature",
      "properties": {
        "@id": "node/5053865254",
        "highway": "motorway_junction",
        "name": "秩父蒔田IC"
      },
      "geometry": {
        "type": "Point",
        "coordinates": [
          139.0740152,
          36.0344219
        ]
      },
      "id": "node/5053865254"
    },
    {
      "type": "Feature",
      "properties": {
        "@id": "node/5144351257",
        "addr:block_number": "23",
        "addr:city": "吉川市",
        "addr:housenumber": "1",
        "addr:neighbourhood": "美南三丁目",
        "addr:postcode": "342-0038",
        "addr:province": "埼玉県",
        "branch": "吉川美南店",
        "brand": "イオン",
        "brand:en": "AEON",
        "brand:ja": "イオン",
        "brand:wikidata": "Q11285951",
        "brand:wikipedia": "ja:イオン (店舗ブランド)",
        "internet_access": "wlan",
        "name": "イオン",
        "name:en": "AEON",
        "name:ja": "イオン",
        "opening_hours": "Mo-Su 08:00-23:00",
        "phone": "+81 48-984-0700",
        "shop": "supermarket",
        "website": "http://shop.aeon.jp"
      },
      "geometry": {
        "type": "Point",
        "coordinates": [
          139.8578578,
          35.8666882
        ]
      },
      "id": "node/5144351257"
    },
    {
      "type": "Feature",
      "properties": {
        "@id": "node/5408205539",
        "name": "和光市",
        "name:en": "Wakoshi",
        "name:es": "Wakoshi",
        "name:ja": "和光市",
        "name:ja-Hira": "わこうし",
        "name:ja_rm": "Wakōshi",
        "name:ko": "와코시",
        "name:ru": "Вакоси",
        "name:th": "วาโกชิ",
        "name:zh-Hans": "和光市",
        "name:zh-Hant": "和光市",
        "network": "東京メトロ副都心線",
        "operator": "東京地下鉄",
        "public_transport": "station",
        "railway": "station",
        "ref": "Y01;F01",
        "station": "subway",
        "subway": "yes",
        "wheelchair": "yes",
        "wikidata": "Q128298",
        "wikipedia": "ja:和光市駅"
      },
      "geometry": {
        "type": "Point",
        "coordinates": [
          139.6126725,
          35.7884097
        ]
      },
      "id": "node/5408205539"
    },
    {
      "type": "Feature",
      "properties": {
        "@id": "node/5453487845",
        "name": "越生",
        "name:en": "Ogose",
        "name:ko": "오고세",
        "operator": "東日本旅客鉄道",
        "public_transport": "station",
        "railway": "station",
        "train": "yes"
      },
      "geometry": {
        "type": "Point",
        "coordinates": [
          139.2994469,
          35.9624056
        ]
      },
      "id": "node/5453487845"
    },
    {
      "type": "Feature",
      "properties": {
        "@id": "node/5526696917",
        "highway": "motorway_junction",
        "name": "幸手IC",
        "name:en": "Satte IC",
        "name:ja": "幸手IC",
        "name:ja-Hira": "さっていんたーちぇんじ",
        "name:ja-Latn": "satte IC",
        "ref": "71",
        "source:name": "wikipedia",
        "source:ref": "wikipedia",
        "wikidata": "Q11061464",
        "wikipedia": "ja:幸手インターチェンジ"
      },
      "geometry": {
        "type": "Point",
        "coordinates": [
          139.7312149,
          36.0625336
        ]
      },
      "id": "node/5526696917"
    },
    {
      "type": "Feature",
      "properties": {
        "@id": "node/5566359036",
        "highway": "motorway_junction",
        "name": "三郷中央IC",
        "ref": "81"
      },
      "geometry": {
        "type": "Point",
        "coordinates": [
          139.8720842,
          35.8235053
        ]
      },
      "id": "node/5566359036"
    },
    {
      "type": "Feature",
      "properties": {
        "@id": "node/5587668909",
        "name": "新古河",
        "name:en": "Shin-Koga",
        "name:ja": "新古河",
        "name:ja_rm": "Shin-Koga",
        "name:ko": "신코가",
        "note": "National-Land Numerical Information (Railway) 2007, MLIT Japan",
        "public_transport": "station",
        "railway": "station",
        "source": "KSJ2",
        "source_ref": "http://nlftp.mlit.go.jp/ksj/jpgis/datalist/KsjTmplt-N02-v1_1.html",
        "wikidata": "Q7497111",
        "wikipedia": "ja:新古河駅"
      },
      "geometry": {
        "type": "Point",
        "coordinates": [
          139.6869302,
          36.1926895
        ]
      },
      "id": "node/5587668909"
    },
    {
      "type": "Feature",
      "properties": {
        "@id": "node/5861124168",
        "KSJ2:LIN": "西武秩父線",
        "KSJ2:STN": "横瀬",
        "name": "横瀬",
        "name:en": "Yokoze",
        "name:ja": "横瀬",
        "name:ja-Hira": "よこぜ",
        "name:ja_rm": "Yokoze",
        "name:ko": "요코제",
        "note": "National-Land Numerical Information (Railway) 2007, MLIT Japan",
        "note:ja": "国土数値情報（鉄道データ）平成19年 国土交通省",
        "public_transport": "station",
        "railway": "station",
        "source": "KSJ2",
        "source_ref": "http://nlftp.mlit.go.jp/ksj/jpgis/datalist/KsjTmplt-N02-v1_1.html",
        "wheelchair": "yes",
        "wikidata": "Q8016151",
        "wikipedia": "ja:横瀬駅"
      },
      "geometry": {
        "type": "Point",
        "coordinates": [
          139.0977904,
          35.9852772
        ]
      },
      "id": "node/5861124168"
    },
    {
      "type": "Feature",
      "properties": {
        "@id": "node/5861124169",
        "name": "御花畑",
        "name:en": "Ohanabatake",
        "name:ja": "御花畑",
        "name:ja-Hira": "おはなばたけ",
        "name:ja_rm": "Ohanabatake",
        "name:ko": "오하나바타케",
        "natural": "hot_spring",
        "note": "National-Land Numerical Information (Railway) 2007, MLIT Japan",
        "note:ja": "国土数値情報（鉄道データ）平成19年 国土交通省",
        "public_transport": "station",
        "railway": "station",
        "source": "KSJ2",
        "source_ref": "http://nlftp.mlit.go.jp/ksj/jpgis/datalist/KsjTmplt-N02-v1_1.html",
        "train": "yes",
        "wikidata": "Q7080615",
        "wikipedia": "ja:御花畑駅"
      },
      "geometry": {
        "type": "Point",
        "coordinates": [
          139.0837636,
          35.9925066
        ]
      },
      "id": "node/5861124169"
    },
    {
      "type": "Feature",
      "properties": {
        "@id": "node/5886798294",
        "addr:block_number": "1",
        "addr:city": "三郷市",
        "addr:neighbourhood": "新三郷ららシティ三丁目",
        "addr:postcode": "341-8550",
        "addr:province": "埼玉県",
        "internet_access": "wlan",
        "name": "食品館イトーヨーカドー",
        "name:en": "Food Center Ito-Yokado",
        "phone": "+81 48-959-8811",
        "shop": "supermarket",
        "website": "http://blog.itoyokado.co.jp"
      },
      "geometry": {
        "type": "Point",
        "coordinates": [
          139.8672281,
          35.8583634
        ]
      },
      "id": "node/5886798294"
    },
    {
      "type": "Feature",
      "properties": {
        "@id": "node/5948875564",
        "highway": "motorway_junction",
        "name": "三郷中央IC",
        "name:ja-Hira": "みさとちゅうおういんたーちぇんじ",
        "ref": "81",
        "wikidata": "Q54666745",
        "wikipedia": "ja:三郷中央インターチェンジ"
      },
      "geometry": {
        "type": "Point",
        "coordinates": [
          139.8605902,
          35.835528
        ]
      },
      "id": "node/5948875564"
    },
    {
      "type": "Feature",
      "properties": {
        "@id": "node/6189694256",
        "railway": "station"
      },
      "geometry": {
        "type": "Point",
        "coordinates": [
          139.5513077,
          36.1368501
        ]
      },
      "id": "node/6189694256"
    },
    {
      "type": "Feature",
      "properties": {
        "@id": "node/6287107614",
        "name": "浦和美園",
        "name:en": "Urawa-misono",
        "name:es": "Urawa-misono",
        "name:ja": "浦和美園",
        "name:ja-Hira": "うらわみその",
        "name:ja_rm": "Urawa Misono",
        "name:ko": "우라와미소노",
        "name:th": "อุราวะ มิโซโนะ",
        "name:zh-Hans": "浦和美园",
        "name:zh-Hant": "浦和美園",
        "note": "National-Land Numerical Information (Railway) 2007, MLIT Japan",
        "operator": "埼玉高速鉄道",
        "public_transport": "station",
        "railway": "station",
        "source": "KSJ2",
        "source_ref": "http://nlftp.mlit.go.jp/ksj/jpgis/datalist/KsjTmplt-N02-v1_1.html",
        "station": "subway",
        "subway": "yes",
        "wikidata": "Q1042376",
        "wikipedia": "ja:浦和美園駅"
      },
      "geometry": {
        "type": "Point",
        "coordinates": [
          139.7276313,
          35.8938207
        ]
      },
      "id": "node/6287107614"
    },
    {
      "type": "Feature",
      "properties": {
        "@id": "node/6346818858",
        "highway": "motorway_junction",
        "name": "宝来IC"
      },
      "geometry": {
        "type": "Point",
        "coordinates": [
          139.5542394,
          35.9176229
        ]
      },
      "id": "node/6346818858"
    },
    {
      "type": "Feature",
      "properties": {
        "@id": "node/6359496040",
        "highway": "motorway_junction",
        "name": "桶川北本ＩＣ",
        "name:en": "okegawa-kitamoto IC",
        "name:ja": "桶川北本IC",
        "name:ja-Hira": "おけがわきたもといんたーちぇんじ",
        "name:ja_rm": "Okegawa-Kitamoto IC",
        "ref": "60",
        "source:name": "wikipedia",
        "source:ref": "wikipedia",
        "wikipedia": "ja:桶川北本インターチェンジ"
      },
      "geometry": {
        "type": "Point",
        "coordinates": [
          139.5234555,
          36.0047932
        ]
      },
      "id": "node/6359496040"
    },
    {
      "type": "Feature",
      "properties": {
        "@id": "node/6448001186",
        "addr:block_number": "3111",
        "addr:city": "鴻巣市",
        "addr:housenumber": "1",
        "addr:neighbourhood": "箕田",
        "addr:postcode": "365-0062",
        "addr:province": "埼玉県",
        "branch": "北鴻巣店",
        "brand": "ドン・キホーテ",
        "brand:en": "Don Quijote",
        "brand:ja": "ドン・キホーテ",
        "brand:wikidata": "Q1185381",
        "name": "MEGAドン・キホーテ",
        "name:en": "MEGA Don Quijote",
        "name:ja": "MEGAドン・キホーテ",
        "opening_hours": "Mo-Su 08:00-01:00",
        "phone": "+81-570-035-721",
        "shop": "supermarket",
        "short_name": "MEGAドンキ",
        "short_name:en": "MegaDonki",
        "short_name:ja": "MEGAドンキ",
        "website": "https://www.donki.com/store/shop_detail.php?shop_id=173"
      },
      "geometry": {
        "type": "Point",
        "coordinates": [
          139.4888193,
          36.080058
        ]
      },
      "id": "node/6448001186"
    },
    {
      "type": "Feature",
      "properties": {
        "@id": "node/6677954148",
        "highspeed": "yes",
        "name": "本庄早稲田",
        "name:en": "Honjō-Waseda",
        "name:ja": "本庄早稲田",
        "name:ja-Hira": "ほんじょうわせだ",
        "name:ja_rm": "Honjō-Waseda",
        "name:ko": "혼조와세다",
        "name:ru": "Хондзё-Васеда",
        "note": "National-Land Numerical Information (Railway) 2007, MLIT Japan",
        "note:ja": "国土数値情報（鉄道データ）平成19年 国土交通省",
        "operator": "東日本旅客鉄道",
        "public_transport": "station",
        "railway": "station",
        "source": "KSJ2",
        "source_ref": "http://nlftp.mlit.go.jp/ksj/jpgis/datalist/KsjTmplt-N02-v1_1.html",
        "train": "yes",
        "wikidata": "Q1138362",
        "wikipedia": "ja:本庄早稲田駅"
      },
      "geometry": {
        "type": "Point",
        "coordinates": [
          139.1794855,
          36.2188607
        ]
      },
      "id": "node/6677954148"
    },
    {
      "type": "Feature",
      "properties": {
        "@id": "node/6778362968",
        "name": "的場",
        "name:en": "Matoba",
        "name:ja": "的場",
        "name:ja_rm": "Matoba",
        "name:ko": "마토바",
        "public_transport": "station",
        "railway": "station",
        "train": "yes",
        "wikidata": "Q844395",
        "wikipedia": "ja:的場駅"
      },
      "geometry": {
        "type": "Point",
        "coordinates": [
          139.4360714,
          35.9176574
        ]
      },
      "id": "node/6778362968"
    },
    {
      "type": "Feature",
      "properties": {
        "@id": "node/6778376925",
        "name": "笠幡",
        "name:en": "Kasahata",
        "name:ja": "笠幡",
        "name:ja-Hira": "かさはた",
        "name:ja_rm": "Kasahata",
        "name:ko": "가사하타",
        "public_transport": "station",
        "railway": "station",
        "train": "yes",
        "wikidata": "Q844363",
        "wikipedia": "ja:笠幡駅"
      },
      "geometry": {
        "type": "Point",
        "coordinates": [
          139.4065052,
          35.9075716
        ]
      },
      "id": "node/6778376925"
    },
    {
      "type": "Feature",
      "properties": {
        "@id": "node/6790770682",
        "name": "朝霞台",
        "name:en": "Asakadai",
        "name:ja": "朝霞台",
        "name:ja-Hira": "あさかだい",
        "name:ja_rm": "Asakadai",
        "name:ko": "아사카다이",
        "name:ru": "Асакадай",
        "name:th": "อาซากาได",
        "name:zh-Hans": "朝霞台",
        "name:zh-Hant": "朝霞臺",
        "network": "東武鉄道",
        "network:en": "Tobu Railway",
        "network:ja": "東武鉄道",
        "network:wikidata": "Q1321914",
        "operator": "東武鉄道",
        "public_transport": "station",
        "railway": "station",
        "ref": "TJ-13",
        "toilets:wheelchair": "no",
        "train": "yes",
        "wheelchair": "limited",
        "wikidata": "Q852274",
        "wikipedia": "ja:朝霞台駅"
      },
      "geometry": {
        "type": "Point",
        "coordinates": [
          139.5868762,
          35.8146571
        ]
      },
      "id": "node/6790770682"
    },
    {
      "type": "Feature",
      "properties": {
        "@id": "node/6795782192",
        "name": "南越谷",
        "name:en": "Minami-Koshigaya",
        "name:ja": "南越谷",
        "name:ja-Hira": "みなみこしがや",
        "name:ja-Latn": "Minami-Koshigaya",
        "name:ko": "미나미코시가야",
        "name:th": "มินามิ โคชิกายะ",
        "name:zh-Hans": "南越谷",
        "name:zh-Hant": "南越谷",
        "operator": "東日本旅客鉄道",
        "public_transport": "station",
        "railway": "station",
        "ref": "JM22",
        "toilets:wheelchair": "yes",
        "wheelchair": "yes"
      },
      "geometry": {
        "type": "Point",
        "coordinates": [
          139.790927,
          35.8760525
        ]
      },
      "id": "node/6795782192"
    },
    {
      "type": "Feature",
      "properties": {
        "@id": "node/6808958436",
        "addr:block_number": "3-3",
        "addr:city": "さいたま市",
        "addr:neighbourhood": "4",
        "addr:postcode": "336-0931",
        "addr:province": "埼玉県",
        "addr:quarter": "原山",
        "addr:suburb": "緑区",
        "branch": "浦和原山店",
        "brand": "ドン・キホーテ",
        "brand:en": "Don Quijote",
        "brand:ja": "ドン・キホーテ",
        "brand:wikidata": "Q1185381",
        "name": "MEGAドン・キホーテ",
        "name:en": "MEGA Don Quijote",
        "name:ja": "MEGAドン・キホーテ",
        "opening_hours": "Mo-Su 09:00-24:00",
        "phone": "+81-570-043-811",
        "shop": "supermarket",
        "short_name": "MEGAドンキ",
        "short_name:en": "MegaDonki",
        "short_name:ja": "MEGAドンキ",
        "website": "https://www.donki.com/store/shop_detail.php?shop_id=227"
      },
      "geometry": {
        "type": "Point",
        "coordinates": [
          139.6745086,
          35.8709437
        ]
      },
      "id": "node/6808958436"
    },
    {
      "type": "Feature",
      "properties": {
        "@id": "node/6848775432",
        "light_rail": "yes",
        "name": "原市",
        "name:en": "Haraichi",
        "name:ja": "原市",
        "name:ja-Hira": "はらいち",
        "name:ja_rm": "Haraichi",
        "name:ko": "하라이치",
        "note": "National-Land Numerical Information (Railway) 2007, MLIT Japan",
        "operator": "埼玉新都市交通",
        "public_transport": "station",
        "railway": "station",
        "source": "KSJ2",
        "source_ref": "http://nlftp.mlit.go.jp/ksj/jpgis/datalist/KsjTmplt-N02-v1_1.html",
        "station": "light_rail",
        "wheelchair": "yes",
        "wikidata": "Q11284211",
        "wikipedia": "ja:原市駅"
      },
      "geometry": {
        "type": "Point",
        "coordinates": [
          139.622258,
          35.9639368
        ]
      },
      "id": "node/6848775432"
    },
    {
      "type": "Feature",
      "properties": {
        "@id": "node/6848776160",
        "light_rail": "yes",
        "name": "吉野原",
        "name:en": "Yoshinohara",
        "name:ja": "吉野原",
        "name:ja-Hira": "よしのはら",
        "name:ja_rm": "Yoshinohara",
        "name:ko": "요시노하라",
        "note": "National-Land Numerical Information (Railway) 2007, MLIT Japan",
        "operator": "埼玉新都市交通",
        "public_transport": "station",
        "railway": "station",
        "source": "KSJ2",
        "source_ref": "http://nlftp.mlit.go.jp/ksj/jpgis/datalist/KsjTmplt-N02-v1_1.html",
        "station": "light_rail",
        "wikidata": "Q11414370",
        "wikipedia": "ja:吉野原駅"
      },
      "geometry": {
        "type": "Point",
        "coordinates": [
          139.6209522,
          35.9571921
        ]
      },
      "id": "node/6848776160"
    },
    {
      "type": "Feature",
      "properties": {
        "@id": "node/6848812784",
        "light_rail": "yes",
        "name": "今羽",
        "name:en": "Komba",
        "name:ja": "今羽",
        "name:ja-Hira": "こんば",
        "name:ja_rm": "Komba",
        "name:ko": "곤바",
        "note": "National-Land Numerical Information (Railway) 2007, MLIT Japan",
        "operator": "埼玉新都市交通",
        "public_transport": "station",
        "railway": "station",
        "source": "KSJ2",
        "source_ref": "http://nlftp.mlit.go.jp/ksj/jpgis/datalist/KsjTmplt-N02-v1_1.html",
        "station": "light_rail",
        "wheelchair": "yes",
        "wikidata": "Q11377372",
        "wikipedia": "ja:今羽駅"
      },
      "geometry": {
        "type": "Point",
        "coordinates": [
          139.619606,
          35.9500873
        ]
      },
      "id": "node/6848812784"
    },
    {
      "type": "Feature",
      "properties": {
        "@id": "node/6848816471",
        "light_rail": "yes",
        "name": "沼南",
        "name:en": "Shonan",
        "name:ja": "沼南",
        "name:ja-Hira": "しょうなん",
        "name:ja_rm": "Shōnan",
        "name:ko": "쇼난",
        "note": "National-Land Numerical Information (Railway) 2007, MLIT Japan",
        "operator": "埼玉新都市交通",
        "public_transport": "station",
        "railway": "station",
        "source": "KSJ2",
        "source_ref": "http://nlftp.mlit.go.jp/ksj/jpgis/datalist/KsjTmplt-N02-v1_1.html",
        "station": "light_rail",
        "wheelchair": "yes",
        "wikidata": "Q11554443",
        "wikipedia": "ja:沼南駅"
      },
      "geometry": {
        "type": "Point",
        "coordinates": [
          139.6236848,
          35.9711107
        ]
      },
      "id": "node/6848816471"
    },
    {
      "type": "Feature",
      "properties": {
        "@id": "node/6848824218",
        "light_rail": "yes",
        "name": "東宮原",
        "name:en": "Higashi-Miyahara",
        "name:ja": "東宮原",
        "name:ja-Hira": "ひがしみやはら",
        "name:ja_rm": "Higashi Miyahara",
        "name:ko": "히가시미야하라",
        "note": "National-Land Numerical Information (Railway) 2007, MLIT Japan",
        "public_transport": "station",
        "railway": "station",
        "source": "KSJ2",
        "source_ref": "http://nlftp.mlit.go.jp/ksj/jpgis/datalist/KsjTmplt-N02-v1_1.html",
        "station": "light_rail",
        "wheelchair": "yes",
        "wikidata": "Q11526625",
        "wikipedia": "ja:東宮原駅"
      },
      "geometry": {
        "type": "Point",
        "coordinates": [
          139.6182367,
          35.9426459
        ]
      },
      "id": "node/6848824218"
    },
    {
      "type": "Feature",
      "properties": {
        "@id": "node/6848829169",
        "light_rail": "yes",
        "name": "加茂宮",
        "name:en": "Kamonomiya",
        "name:ja": "加茂宮",
        "name:ja-Hira": "かものみや",
        "name:ja_rm": "Kamonomiya",
        "name:ko": "가모노미야",
        "note": "National-Land Numerical Information (Railway) 2007, MLIT Japan",
        "operator": "埼玉新都市交通",
        "public_transport": "station",
        "railway": "station",
        "source": "KSJ2",
        "source_ref": "http://nlftp.mlit.go.jp/ksj/jpgis/datalist/KsjTmplt-N02-v1_1.html",
        "station": "light_rail",
        "wheelchair": "yes",
        "wikidata": "Q11398842",
        "wikipedia": "ja:加茂宮駅"
      },
      "geometry": {
        "type": "Point",
        "coordinates": [
          139.6168343,
          35.9357299
        ]
      },
      "id": "node/6848829169"
    },
    {
      "type": "Feature",
      "properties": {
        "@id": "node/6853946981",
        "light_rail": "yes",
        "name": "内宿",
        "name:en": "Uchijuku",
        "name:es": "Uchijuku",
        "name:ja": "内宿",
        "name:ja-Hira": "うちじゅく",
        "name:ja_rm": "Uchijuku",
        "name:ko": "우치주쿠",
        "note": "National-Land Numerical Information (Railway) 2007, MLIT Japan",
        "operator": "埼玉新都市交通",
        "public_transport": "station",
        "railway": "station",
        "source": "KSJ2",
        "source_ref": "http://nlftp.mlit.go.jp/ksj/jpgis/datalist/KsjTmplt-N02-v1_1.html",
        "station": "light_rail",
        "wikidata": "Q10891265",
        "wikipedia": "ja:内宿駅"
      },
      "geometry": {
        "type": "Point",
        "coordinates": [
          139.6000557,
          36.0139563
        ]
      },
      "id": "node/6853946981"
    },
    {
      "type": "Feature",
      "properties": {
        "@id": "node/7158832063",
        "highway": "motorway_junction",
        "name": "和光北IC",
        "name:en": "Wakokita IC",
        "name:es": "Wakokita",
        "name:ja": "和光北IC",
        "name:ja-Hira": "わこうきたいんたーちぇんじ",
        "ref": "52",
        "source": "Bing",
        "wikidata": "Q10921361",
        "wikipedia": "ja:和光北インターチェンジ"
      },
      "geometry": {
        "type": "Point",
        "coordinates": [
          139.6219171,
          35.8042922
        ]
      },
      "id": "node/7158832063"
    },
    {
      "type": "Feature",
      "properties": {
        "@id": "node/7276160554",
        "highway": "motorway_junction",
        "name": "白岡菖蒲ＩＣ",
        "name:en": "Shiraoka-Shobu IC",
        "name:ja": "白岡菖蒲IC",
        "name:ja-Hira": "しらおかしょうぶいんたーちぇんじ",
        "name:ja_rm": "Shiraoka-Shobu IC",
        "ref": "62",
        "source:name": "wikipedia",
        "source:ref": "wikipedia",
        "wikidata": "Q11579627",
        "wikipedia": "ja:白岡菖蒲インターチェンジ"
      },
      "geometry": {
        "type": "Point",
        "coordinates": [
          139.6177661,
          36.0456525
        ]
      },
      "id": "node/7276160554"
    },
    {
      "type": "Feature",
      "properties": {
        "@id": "node/7290330225",
        "name": "花崎",
        "name:en": "Hanasaki",
        "name:ja": "花崎",
        "name:ja_rm": "Hanasaki",
        "name:ko": "하나사키",
        "public_transport": "station",
        "railway": "station",
        "wikidata": "Q5646939",
        "wikipedia": "ja:花崎駅"
      },
      "geometry": {
        "type": "Point",
        "coordinates": [
          139.6340744,
          36.1097453
        ]
      },
      "id": "node/7290330225"
    },
    {
      "type": "Feature",
      "properties": {
        "@id": "node/7291879394",
        "name": "鷲宮",
        "name:en": "Washinomiya",
        "name:ja": "鷲宮",
        "name:ja_rm": "Washinomiya",
        "name:ko": "와시노미야",
        "public_transport": "station",
        "railway": "station",
        "wikidata": "Q844040",
        "wikipedia": "ja:鷲宮駅"
      },
      "geometry": {
        "type": "Point",
        "coordinates": [
          139.656791,
          36.0964431
        ]
      },
      "id": "node/7291879394"
    },
    {
      "type": "Feature",
      "properties": {
        "@id": "node/7304956011",
        "highway": "motorway_junction",
        "name": "幸手IC",
        "name:en": "Satte IC",
        "name:ja": "幸手IC",
        "name:ja-Hira": "さっていんたーちぇんじ",
        "name:ja-Latn": "satte IC",
        "ref": "71",
        "source:name": "wikipedia",
        "source:ref": "wikipedia",
        "wikidata": "Q11061464",
        "wikipedia": "ja:幸手インターチェンジ"
      },
      "geometry": {
        "type": "Point",
        "coordinates": [
          139.7464822,
          36.0688002
        ]
      },
      "id": "node/7304956011"
    },
    {
      "type": "Feature",
      "properties": {
        "@id": "node/7331127516",
        "name": "加須",
        "name:en": "Kazo",
        "name:ja": "加須",
        "name:ja_rm": "Kazo",
        "name:ko": "가조",
        "public_transport": "station",
        "railway": "station",
        "wikidata": "Q6381375",
        "wikipedia": "ja:加須駅"
      },
      "geometry": {
        "type": "Point",
        "coordinates": [
          139.595706,
          36.122974
        ]
      },
      "id": "node/7331127516"
    },
    {
      "type": "Feature",
      "properties": {
        "@id": "node/7339120511",
        "name": "南羽生",
        "name:en": "Minami-Hanyu",
        "name:ja": "南羽生",
        "name:ja_rm": "Minami-Hanyū",
        "name:ko": "미나미하뉴",
        "public_transport": "station",
        "railway": "station",
        "ref": "TI06",
        "wikidata": "Q6862883",
        "wikipedia": "ja:南羽生駅"
      },
      "geometry": {
        "type": "Point",
        "coordinates": [
          139.5562177,
          36.1499796
        ]
      },
      "id": "node/7339120511"
    },
    {
      "type": "Feature",
      "properties": {
        "@id": "node/7339782119",
        "name": "武州荒木",
        "name:en": "Bushu-Araki",
        "name:ja": "武州荒木",
        "name:ko": "부슈아라키",
        "note": "National-Land Numerical Information (Railway) 2007, MLIT Japan",
        "note:ja": "国土数値情報（鉄道データ）平成19年　国土交通省",
        "public_transport": "station",
        "railway": "station",
        "source": "KSJ2",
        "source_ref": "http://nlftp.mlit.go.jp/ksj/jpgis/datalist/KsjTmplt-N02-v1_1.html",
        "wikidata": "Q5001622",
        "wikipedia": "ja:武州荒木駅"
      },
      "geometry": {
        "type": "Point",
        "coordinates": [
          139.4881947,
          36.1625486
        ]
      },
      "id": "node/7339782119"
    },
    {
      "type": "Feature",
      "properties": {
        "@id": "node/7340085286",
        "name": "羽生",
        "name:en": "Hanyu",
        "name:ja": "羽生",
        "name:ja_rm": "Hanyū",
        "name:ko": "하뉴",
        "note": "National-Land Numerical Information (Railway) 2007, MLIT Japan",
        "public_transport": "station",
        "railway": "station",
        "source": "KSJ2",
        "source_ref": "http://nlftp.mlit.go.jp/ksj/jpgis/datalist/KsjTmplt-N02-v1_1.html",
        "wikidata": "Q843716",
        "wikipedia": "ja:羽生駅"
      },
      "geometry": {
        "type": "Point",
        "coordinates": [
          139.5339177,
          36.1704464
        ]
      },
      "id": "node/7340085286"
    },
    {
      "type": "Feature",
      "properties": {
        "@id": "node/7351835252",
        "name": "北朝霞",
        "name:en": "Kita-Asaka",
        "name:ja": "北朝霞",
        "name:ja-Hira": "きたあさか",
        "name:ja-Latn": "Kita-Asaka",
        "name:ko": "기타아사카",
        "name:ru": "Кита-Асака",
        "name:th": "คิตะ-อาซากะ",
        "name:zh-Hans": "北朝霞",
        "name:zh-Hant": "北朝霞",
        "operator": "東日本旅客鉄道",
        "public_transport": "station",
        "railway": "station",
        "ref": "JM28",
        "wheelchair": "yes",
        "wikidata": "Q6417515",
        "wikipedia": "ja:北朝霞駅"
      },
      "geometry": {
        "type": "Point",
        "coordinates": [
          139.5869847,
          35.8153193
        ]
      },
      "id": "node/7351835252"
    },
    {
      "type": "Feature",
      "properties": {
        "@id": "node/7411618655",
        "KSJ2:LIN": "池袋線",
        "name": "武蔵藤沢",
        "name:en": "Musashi-Fujisawa",
        "name:ja": "武蔵藤沢",
        "name:ja-Hira": "むさしふじさわ",
        "name:ja_rm": "Musashi Fujisawa",
        "name:ko": "무사시후지사와",
        "network": "西武鉄道",
        "network:en": "Seibu Railway",
        "network:ja": "西武鉄道",
        "network:wikidata": "Q83543",
        "note": "National-Land Numerical Information (Railway) 2007, MLIT Japan",
        "note:ja": "国土数値情報（鉄道データ）平成19年 国土交通省",
        "operator": "西武鉄道",
        "public_transport": "station",
        "railway": "station",
        "ref": "SI21",
        "source": "KSJ2",
        "source_ref": "http://nlftp.mlit.go.jp/ksj/jpgis/datalist/KsjTmplt-N02-v1_1.html",
        "train": "yes",
        "wheelchair": "yes",
        "wikidata": "Q8015433",
        "wikipedia": "ja:武蔵藤沢駅"
      },
      "geometry": {
        "type": "Point",
        "coordinates": [
          139.4125668,
          35.821335
        ]
      },
      "id": "node/7411618655"
    },
    {
      "type": "Feature",
      "properties": {
        "@id": "node/7481812613",
        "name": "一ノ割",
        "name:en": "Ichinowari",
        "name:ja": "一ノ割",
        "name:ko": "이치노와리",
        "note": "National-Land Numerical Information (Railway) 2007, MLIT Japan",
        "public_transport": "station",
        "railway": "station",
        "source": "KSJ2",
        "source_ref": "http://nlftp.mlit.go.jp/ksj/jpgis/datalist/KsjTmplt-N02-v1_1.html",
        "wikidata": "Q5986273",
        "wikipedia": "ja:一ノ割駅"
      },
      "geometry": {
        "type": "Point",
        "coordinates": [
          139.7661032,
          35.9642099
        ]
      },
      "id": "node/7481812613"
    },
    {
      "type": "Feature",
      "properties": {
        "@id": "node/7481817829",
        "name": "姫宮",
        "name:en": "Himemiya",
        "name:ja": "姫宮",
        "name:ja_rm": "Himemiya",
        "name:ko": "히메미야",
        "note": "National-Land Numerical Information (Railway) 2007, MLIT Japan",
        "public_transport": "station",
        "railway": "station",
        "source": "KSJ2",
        "source_ref": "http://nlftp.mlit.go.jp/ksj/jpgis/datalist/KsjTmplt-N02-v1_1.html",
        "wikidata": "Q8190066",
        "wikipedia": "ja:姫宮駅"
      },
      "geometry": {
        "type": "Point",
        "coordinates": [
          139.7388134,
          36.0041803
        ]
      },
      "id": "node/7481817829"
    },
    {
      "type": "Feature",
      "properties": {
        "@id": "node/7481834867",
        "name": "せんげん台",
        "name:en": "Sengendai",
        "name:ja": "せんげん台",
        "name:ja-Hira": "せんげんだい",
        "name:ja_rm": "Sengendai",
        "name:ko": "센겐다이",
        "note": "National-Land Numerical Information (Railway) 2007, MLIT Japan",
        "public_transport": "station",
        "railway": "station",
        "source": "KSJ2",
        "source_ref": "http://nlftp.mlit.go.jp/ksj/jpgis/datalist/KsjTmplt-N02-v1_1.html",
        "wikidata": "Q842516",
        "wikipedia": "ja:せんげん台駅"
      },
      "geometry": {
        "type": "Point",
        "coordinates": [
          139.7744756,
          35.9358561
        ]
      },
      "id": "node/7481834867"
    },
    {
      "type": "Feature",
      "properties": {
        "@id": "node/7481853620",
        "name": "武里",
        "name:en": "Takesato",
        "name:ja": "武里",
        "name:ja-Hira": "たけさと",
        "name:ja_rm": "Takesato",
        "name:ko": "다케사토",
        "note": "National-Land Numerical Information (Railway) 2007, MLIT Japan",
        "public_transport": "station",
        "railway": "station",
        "source": "KSJ2",
        "source_ref": "http://nlftp.mlit.go.jp/ksj/jpgis/datalist/KsjTmplt-N02-v1_1.html",
        "wikidata": "Q7678100",
        "wikipedia": "ja:武里駅"
      },
      "geometry": {
        "type": "Point",
        "coordinates": [
          139.7707125,
          35.948627
        ]
      },
      "id": "node/7481853620"
    },
    {
      "type": "Feature",
      "properties": {
        "@id": "node/7481882262",
        "name": "越谷",
        "name:en": "Koshigaya",
        "name:ja": "越谷",
        "name:ja-Hira": "こしがや",
        "name:ja_rm": "Koshigaya",
        "name:ko": "고시가야",
        "name:th": "โคชิกายะ",
        "name:zh-Hans": "越谷",
        "name:zh-Hant": "越谷",
        "note": "National-Land Numerical Information (Railway) 2007, MLIT Japan",
        "public_transport": "station",
        "railway": "station",
        "source": "KSJ2",
        "source_ref": "http://nlftp.mlit.go.jp/ksj/jpgis/datalist/KsjTmplt-N02-v1_1.html",
        "wikidata": "Q842666",
        "wikipedia": "ja:越谷駅"
      },
      "geometry": {
        "type": "Point",
        "coordinates": [
          139.7859554,
          35.8882989
        ]
      },
      "id": "node/7481882262"
    },
    {
      "type": "Feature",
      "properties": {
        "@id": "node/7481903775",
        "name": "大袋",
        "name:en": "Obukuro",
        "name:ja": "大袋",
        "name:ja-Hira": "おおぶくろ",
        "name:ja_rm": "Ōbukuro",
        "name:ko": "오부쿠로",
        "note": "National-Land Numerical Information (Railway) 2007, MLIT Japan",
        "public_transport": "station",
        "railway": "station",
        "source": "KSJ2",
        "source_ref": "http://nlftp.mlit.go.jp/ksj/jpgis/datalist/KsjTmplt-N02-v1_1.html",
        "wikidata": "Q8081433",
        "wikipedia": "ja:大袋駅"
      },
      "geometry": {
        "type": "Point",
        "coordinates": [
          139.7780299,
          35.9238936
        ]
      },
      "id": "node/7481903775"
    },
    {
      "type": "Feature",
      "properties": {
        "@id": "node/7481903897",
        "name": "北越谷",
        "name:en": "Kita-koshigaya",
        "name:ja": "北越谷",
        "name:ja-Hira": "きたこしがや",
        "name:ja_rm": "Kita-koshigaya",
        "name:ko": "기타코시가야",
        "name:th": "คิตะ โคชิกายะ",
        "note": "National-Land Numerical Information (Railway) 2007, MLIT Japan",
        "public_transport": "station",
        "railway": "station",
        "source": "KSJ2",
        "source_ref": "http://nlftp.mlit.go.jp/ksj/jpgis/datalist/KsjTmplt-N02-v1_1.html",
        "train": "yes",
        "wikidata": "Q842492",
        "wikipedia": "ja:北越谷駅"
      },
      "geometry": {
        "type": "Point",
        "coordinates": [
          139.7798627,
          35.9020589
        ]
      },
      "id": "node/7481903897"
    },
    {
      "type": "Feature",
      "properties": {
        "@id": "node/7481913906",
        "name": "蒲生",
        "name:en": "Gamo",
        "name:ja": "蒲生",
        "name:ja-Hira": "がもう",
        "name:ja_rm": "Gamō",
        "name:ko": "가모",
        "note": "National-Land Numerical Information (Railway) 2007, MLIT Japan",
        "operator": "東武鉄道",
        "public_transport": "station",
        "railway": "station",
        "ref": "TS19",
        "source": "KSJ2",
        "source_ref": "http://nlftp.mlit.go.jp/ksj/jpgis/datalist/KsjTmplt-N02-v1_1.html",
        "wikidata": "Q5520436",
        "wikipedia": "ja:蒲生駅"
      },
      "geometry": {
        "type": "Point",
        "coordinates": [
          139.7915927,
          35.8673508
        ]
      },
      "id": "node/7481913906"
    },
    {
      "type": "Feature",
      "properties": {
        "@id": "node/7481943575",
        "internet_access": "wlan",
        "name": "獨協大学前〈草加松原〉",
        "name:en": "Dokkyodaigakumae〈Soka-Matsubara〉",
        "name:ja": "獨協大学前〈草加松原〉",
        "name:ja-Hira": "どっきょうだいがくまえ",
        "name:ja-Latn": "Dokkyo Daigakumae〈Soka-Matsubara〉",
        "name:ko": "돗쿄다쿠마에 (돗쿄대학앞) <소카마쓰바라>",
        "network": "東武鉄道",
        "network:en": "Tobu Railway",
        "network:ja": "東武鉄道",
        "network:wikidata": "Q1321914",
        "network:wikipedia": "東武鉄道",
        "note": "National-Land Numerical Information (Railway) 2007, MLIT Japan",
        "operator": "東武鉄道",
        "platforms": "2",
        "public_transport": "station",
        "railway": "station",
        "ref": "TS17",
        "source": "KSJ2",
        "train": "yes",
        "wikidata": "Q6788024",
        "wikipedia": "ja:獨協大学前駅"
      },
      "geometry": {
        "type": "Point",
        "coordinates": [
          139.8006128,
          35.8434099
        ]
      },
      "id": "node/7481943575"
    },
    {
      "type": "Feature",
      "properties": {
        "@id": "node/7481953843",
        "internet_access": "wlan",
        "name": "新田",
        "name:en": "Shinden",
        "name:ja": "新田",
        "name:ja-Hira": "しんでん",
        "name:ja_rm": "Shinden",
        "name:ko": "신덴",
        "network": "東武スカイツリーライン",
        "note": "National-Land Numerical Information (Railway) 2007, MLIT Japan",
        "operator": "東武鉄道",
        "public_transport": "station",
        "railway": "station",
        "ref": "TS18",
        "source": "KSJ2",
        "source_ref": "http://nlftp.mlit.go.jp/ksj/jpgis/datalist/KsjTmplt-N02-v1_1.html",
        "train": "yes",
        "wikidata": "Q8191166",
        "wikipedia": "ja:新田駅 (埼玉県)"
      },
      "geometry": {
        "type": "Point",
        "coordinates": [
          139.7954579,
          35.8540888
        ]
      },
      "id": "node/7481953843"
    },
    {
      "type": "Feature",
      "properties": {
        "@id": "node/7481965874",
        "name": "草加",
        "name:en": "Soka",
        "name:ja": "草加",
        "name:ja-Hira": "そうか",
        "name:ja_rm": "Sōka",
        "name:ko": "소카",
        "name:th": "โซกะ",
        "network": "東武鉄道",
        "network:en": "Tobu Railway",
        "network:ja": "東武鉄道",
        "network:wikidata": "Q1321914",
        "note": "National-Land Numerical Information (Railway) 2007, MLIT Japan",
        "operator": "東武鉄道",
        "public_transport": "station",
        "railway": "station",
        "ref": "TS16",
        "source": "KSJ2",
        "source_ref": "http://nlftp.mlit.go.jp/ksj/jpgis/datalist/KsjTmplt-N02-v1_1.html",
        "train": "yes",
        "wikidata": "Q842450",
        "wikipedia": "ja:草加駅"
      },
      "geometry": {
        "type": "Point",
        "coordinates": [
          139.8033621,
          35.8282516
        ]
      },
      "id": "node/7481965874"
    },
    {
      "type": "Feature",
      "properties": {
        "@id": "node/7532369442",
        "name": "東鷲宮",
        "name:en": "Higashi-Washinomiya",
        "name:ja": "東鷲宮",
        "name:ja-Hira": "ひがしわしのみや",
        "name:ja-Latn": "Higashiwashinomiya",
        "name:ko": "히가시와시노미야",
        "public_transport": "station",
        "railway": "station",
        "wikidata": "Q845454",
        "wikipedia": "ja:東鷲宮駅"
      },
      "geometry": {
        "type": "Point",
        "coordinates": [
          139.6792263,
          36.0894771
        ]
      },
      "id": "node/7532369442"
    },
    {
      "type": "Feature",
      "properties": {
        "@id": "node/7756039207",
        "int_name": "Misato-chūō",
        "name": "三郷中央",
        "name:en": "Misato-chuo",
        "name:ja": "三郷中央",
        "name:ja-Hira": "みさとちゅうおう",
        "name:ja_rm": "Misato chūō",
        "name:ko": "미사토추오",
        "operator": "首都圏新都市鉄道",
        "platforms": "2",
        "public_transport": "station",
        "railway": "station",
        "ref": "09",
        "toilets:wheelchair": "yes",
        "wheelchair": "yes",
        "wikidata": "Q5368856",
        "wikipedia": "ja:三郷中央駅"
      },
      "geometry": {
        "type": "Point",
        "coordinates": [
          139.8784111,
          35.8245541
        ]
      },
      "id": "node/7756039207"
    },
    {
      "type": "Feature",
      "properties": {
        "@id": "node/7756040183",
        "int_name": "Yashio",
        "name": "八潮",
        "name:en": "Yashio",
        "name:ja": "八潮",
        "name:ja-Hira": "やしお",
        "name:ja_rm": "Yashio",
        "name:ko": "야시오",
        "operator": "首都圏新都市鉄道",
        "platforms": "2",
        "public_transport": "station",
        "railway": "station",
        "ref": "08",
        "toilets:wheelchair": "yes",
        "train": "yes",
        "wheelchair": "yes",
        "wikidata": "Q8017379",
        "wikipedia": "ja:八潮駅"
      },
      "geometry": {
        "type": "Point",
        "coordinates": [
          139.8448654,
          35.8078279
        ]
      },
      "id": "node/7756040183"
    },
    {
      "type": "Feature",
      "properties": {
        "@id": "node/7763931139",
        "KSJ2:LIN": "池袋線",
        "KSJ2:STN": "仏子",
        "name": "仏子",
        "name:en": "Bushi",
        "name:ja": "仏子",
        "name:ja_rm": "Bushi",
        "name:ko": "부시",
        "note": "National-Land Numerical Information (Railway) 2007, MLIT Japan",
        "note:ja": "国土数値情報（鉄道データ）平成19年　国土交通省",
        "public_transport": "station",
        "railway": "station",
        "source": "KSJ2",
        "source_ref": "http://nlftp.mlit.go.jp/ksj/jpgis/datalist/KsjTmplt-N02-v1_1.html",
        "wikidata": "Q5001507",
        "wikipedia": "ja:仏子駅"
      },
      "geometry": {
        "type": "Point",
        "coordinates": [
          139.3599938,
          35.8377028
        ]
      },
      "id": "node/7763931139"
    },
    {
      "type": "Feature",
      "properties": {
        "@id": "node/7763971925",
        "KSJ2:LIN": "池袋線",
        "name": "飯能",
        "name:en": "Hanno",
        "name:ja": "飯能",
        "name:ja-Hira": "はんのう",
        "name:ja_rm": "Hannō",
        "name:ko": "한노",
        "network": "西武鉄道",
        "network:en": "Seibu Railway",
        "network:ja": "西武鉄道",
        "network:wikidata": "Q83543",
        "note": "National-Land Numerical Information (Railway) 2007, MLIT Japan",
        "note:ja": "国土数値情報（鉄道データ）平成19年 国土交通省",
        "operator": "西武鉄道",
        "public_transport": "station",
        "railway": "station",
        "ref": "SI26",
        "source": "KSJ2",
        "source_ref": "http://nlftp.mlit.go.jp/ksj/jpgis/datalist/KsjTmplt-N02-v1_1.html",
        "train": "yes",
        "wikidata": "Q5649307",
        "wikipedia": "ja:飯能駅"
      },
      "geometry": {
        "type": "Point",
        "coordinates": [
          139.3190593,
          35.8510047
        ]
      },
      "id": "node/7763971925"
    },
    {
      "type": "Feature",
      "properties": {
        "@id": "node/7763971926",
        "KSJ2:LIN": "池袋線",
        "KSJ2:STN": "元加治",
        "name": "元加治",
        "name:en": "Motokaji",
        "name:ja": "元加治",
        "name:ja_rm": "Motokaji",
        "name:ko": "모토카지",
        "note": "National-Land Numerical Information (Railway) 2007, MLIT Japan",
        "note:ja": "国土数値情報（鉄道データ）平成19年　国土交通省",
        "public_transport": "station",
        "railway": "station",
        "source": "KSJ2",
        "source_ref": "http://nlftp.mlit.go.jp/ksj/jpgis/datalist/KsjTmplt-N02-v1_1.html",
        "wheelchair": "yes",
        "wikidata": "Q6918030",
        "wikipedia": "ja:元加治駅"
      },
      "geometry": {
        "type": "Point",
        "coordinates": [
          139.345729,
          35.8405537
        ]
      },
      "id": "node/7763971926"
    },
    {
      "type": "Feature",
      "properties": {
        "@id": "node/7777248385",
        "name": "川口元郷",
        "name:en": "Kawaguchi-motogo",
        "name:es": "Kawaguchi-motogo",
        "name:ja": "川口元郷",
        "name:ja-Hira": "かわぐちもとごう",
        "name:ja_rm": "Kawaguchi Motogō",
        "name:ko": "가와구치모토고",
        "name:th": "คาวากุจิ โมโตโก",
        "name:zh-Hans": "川口元乡",
        "name:zh-Hant": "川口元鄉",
        "note": "National-Land Numerical Information (Railway) 2007, MLIT Japan",
        "operator": "埼玉高速鉄道",
        "public_transport": "station",
        "railway": "station",
        "source": "KSJ2",
        "source_ref": "http://nlftp.mlit.go.jp/ksj/jpgis/datalist/KsjTmplt-N02-v1_1.html",
        "station": "subway",
        "subway": "yes",
        "wheelchair": "yes",
        "wikidata": "Q3701469",
        "wikipedia": "ja:川口元郷駅"
      },
      "geometry": {
        "type": "Point",
        "coordinates": [
          139.7300045,
          35.8001212
        ]
      },
      "id": "node/7777248385"
    },
    {
      "type": "Feature",
      "properties": {
        "@id": "node/7777259885",
        "contact:website": "https://www.s-rail.co.jp/ticket/line/higashi-kawaguchi/",
        "name": "東川口",
        "name:en": "Higashi-Kawaguchi",
        "name:es": "Higashi-Kawaguchi",
        "name:ja": "東川口",
        "name:ja-Hira": "ひがしかわぐち",
        "name:ja-Latn": "Higashi-Kawaguchi",
        "name:ko": "히가시카와구치",
        "name:th": "ฮิกาชิ คาวากุจิ",
        "name:zh-Hans": "东川口",
        "name:zh-Hant": "東川口",
        "note": "National-Land Numerical Information (Railway) 2007, MLIT Japan",
        "operator": "埼玉高速鉄道",
        "public_transport": "station",
        "railway": "station",
        "ref": "SR25",
        "source": "KSJ2",
        "source_ref": "http://nlftp.mlit.go.jp/ksj/jpgis/datalist/KsjTmplt-N02-v1_1.html",
        "station": "subway",
        "subway": "yes",
        "wikidata": "Q8015281",
        "wikipedia": "ja:東川口駅"
      },
      "geometry": {
        "type": "Point",
        "coordinates": [
          139.7436147,
          35.8766407
        ]
      },
      "id": "node/7777259885"
    },
    {
      "type": "Feature",
      "properties": {
        "@id": "node/7777259886",
        "name": "戸塚安行",
        "name:en": "Tozuka-angyo",
        "name:es": "Tozuka-angyo",
        "name:ja": "戸塚安行",
        "name:ja-Hira": "とづかあんぎょう",
        "name:ja_rm": "Tozuka Angyō",
        "name:ko": "도즈카안교",
        "name:th": "โทซุกะ-อังเงียว",
        "name:zh-Hans": "户冢安行",
        "name:zh-Hant": "戶塚安行",
        "note": "National-Land Numerical Information (Railway) 2007, MLIT Japan",
        "operator": "埼玉高速鉄道",
        "public_transport": "station",
        "railway": "station",
        "source": "KSJ2",
        "source_ref": "http://nlftp.mlit.go.jp/ksj/jpgis/datalist/KsjTmplt-N02-v1_1.html",
        "station": "subway",
        "subway": "yes",
        "wheelchair": "limited"
      },
      "geometry": {
        "type": "Point",
        "coordinates": [
          139.7537018,
          35.8589375
        ]
      },
      "id": "node/7777259886"
    },
    {
      "type": "Feature",
      "properties": {
        "@id": "node/7777259887",
        "name": "新井宿",
        "name:en": "Araijuku",
        "name:es": "Araijuku",
        "name:ja": "新井宿",
        "name:ja-Hira": "あらいじゅく",
        "name:ja_rm": "Araijuku",
        "name:ko": "아라이주쿠",
        "name:th": "อาราอิจุกุ",
        "name:zh-Hans": "新井宿",
        "name:zh-Hant": "新井宿",
        "note": "National-Land Numerical Information (Railway) 2007, MLIT Japan",
        "operator": "埼玉高速鉄道",
        "public_transport": "station",
        "railway": "station",
        "source": "KSJ2",
        "source_ref": "http://nlftp.mlit.go.jp/ksj/jpgis/datalist/KsjTmplt-N02-v1_1.html",
        "station": "subway",
        "subway": "yes",
        "wikidata": "Q3701488",
        "wikipedia": "ja:新井宿駅"
      },
      "geometry": {
        "type": "Point",
        "coordinates": [
          139.7382196,
          35.8429984
        ]
      },
      "id": "node/7777259887"
    },
    {
      "type": "Feature",
      "properties": {
        "@id": "node/7777259888",
        "name": "鳩ヶ谷",
        "name:en": "Hatogaya",
        "name:es": "Hatogaya",
        "name:ja": "鳩ヶ谷",
        "name:ja-Hira": "はとがや",
        "name:ja_rm": "Hatogaya",
        "name:ko": "하토가야",
        "name:th": "ฮาโตกายะ",
        "name:zh-Hans": "鸠谷",
        "name:zh-Hant": "鳩谷",
        "note": "National-Land Numerical Information (Railway) 2007, MLIT Japan",
        "operator": "埼玉高速鉄道",
        "public_transport": "station",
        "railway": "station",
        "source": "KSJ2",
        "source_ref": "http://nlftp.mlit.go.jp/ksj/jpgis/datalist/KsjTmplt-N02-v1_1.html",
        "station": "subway",
        "subway": "yes",
        "wikidata": "Q3701478",
        "wikipedia": "ja:鳩ヶ谷駅"
      },
      "geometry": {
        "type": "Point",
        "coordinates": [
          139.7361589,
          35.8308732
        ]
      },
      "id": "node/7777259888"
    },
    {
      "type": "Feature",
      "properties": {
        "@id": "node/7777259889",
        "name": "南鳩ヶ谷",
        "name:en": "Minami-hatogaya",
        "name:es": "Minami-hatogaya",
        "name:ja": "南鳩ヶ谷",
        "name:ja-Hira": "みなみはとがや",
        "name:ja_rm": "Minami Hatogaya",
        "name:ko": "미나미하토가야",
        "name:th": "มินามิ ฮาโตกายะ",
        "name:zh-Hans": "南鸠谷",
        "name:zh-Hant": "南鳩谷",
        "note": "National-Land Numerical Information (Railway) 2007, MLIT Japan",
        "operator": "埼玉高速鉄道",
        "public_transport": "station",
        "railway": "station",
        "source": "KSJ2",
        "source_ref": "http://nlftp.mlit.go.jp/ksj/jpgis/datalist/KsjTmplt-N02-v1_1.html",
        "station": "subway",
        "subway": "yes",
        "wikidata": "Q5369132",
        "wikipedia": "ja:南鳩ヶ谷駅"
      },
      "geometry": {
        "type": "Point",
        "coordinates": [
          139.7361213,
          35.8161232
        ]
      },
      "id": "node/7777259889"
    },
    {
      "type": "Feature",
      "properties": {
        "@id": "node/7800482889",
        "KSJ2:LIN": "池袋線;西武秩父線",
        "KSJ2:STN": "吾野",
        "name": "吾野",
        "name:en": "Agano",
        "name:ja": "吾野",
        "name:ja_rm": "Agano",
        "name:ko": "아가노",
        "note": "National-Land Numerical Information (Railway) 2007, MLIT Japan",
        "note:ja": "国土数値情報（鉄道データ）平成19年　国土交通省",
        "public_transport": "station",
        "railway": "station",
        "source": "KSJ2",
        "source_ref": "http://nlftp.mlit.go.jp/ksj/jpgis/datalist/KsjTmplt-N02-v1_1.html",
        "train": "yes",
        "wikidata": "Q4691200",
        "wikipedia": "ja:吾野駅"
      },
      "geometry": {
        "type": "Point",
        "coordinates": [
          139.2267337,
          35.9084908
        ]
      },
      "id": "node/7800482889"
    },
    {
      "type": "Feature",
      "properties": {
        "@id": "node/7847692435",
        "name": "寄居",
        "name:en": "Yorii",
        "name:ja": "寄居",
        "name:ko": "요리이",
        "name:ru": "Ёрии",
        "public_transport": "station",
        "railway": "station",
        "train": "yes",
        "wheelchair": "yes",
        "wikidata": "Q910653",
        "wikipedia": "ja:寄居駅"
      },
      "geometry": {
        "type": "Point",
        "coordinates": [
          139.1939396,
          36.1177399
        ]
      },
      "id": "node/7847692435"
    },
    {
      "type": "Feature",
      "properties": {
        "@id": "node/7853547106",
        "name": "行田市",
        "name:en": "Gyōdashi",
        "name:ja": "行田市",
        "name:ko": "교다시",
        "note": "National-Land Numerical Information (Railway) 2007, MLIT Japan",
        "note:ja": "国土数値情報（鉄道データ）平成19年　国土交通省",
        "public_transport": "station",
        "railway": "station",
        "source": "KSJ2",
        "source_ref": "http://nlftp.mlit.go.jp/ksj/jpgis/datalist/KsjTmplt-N02-v1_1.html",
        "wikidata": "Q5625685",
        "wikipedia": "ja:行田市駅"
      },
      "geometry": {
        "type": "Point",
        "coordinates": [
          139.4593178,
          36.1435967
        ]
      },
      "id": "node/7853547106"
    },
    {
      "type": "Feature",
      "properties": {
        "@id": "node/7863114047",
        "name": "高坂",
        "name:en": "Takasaka",
        "name:ja": "高坂",
        "name:ja-Hira": "たかさか",
        "name:ja_rm": "Takasaka",
        "name:ko": "다카사카",
        "name:ru": "Такасака",
        "network": "東武鉄道",
        "network:en": "Tobu Railway",
        "network:ja": "東武鉄道",
        "network:wikidata": "Q1321914",
        "operator": "東武鉄道",
        "public_transport": "station",
        "railway": "station",
        "ref": "TJ28",
        "train": "yes",
        "wikidata": "Q7677290",
        "wikipedia": "ja:高坂駅"
      },
      "geometry": {
        "type": "Point",
        "coordinates": [
          139.3977003,
          36.0026447
        ]
      },
      "id": "node/7863114047"
    },
    {
      "type": "Feature",
      "properties": {
        "@id": "node/7864238131",
        "name": "霞ヶ関",
        "name:en": "Kasumigaseki",
        "name:ja": "霞ヶ関",
        "name:ja-Hira": "かすみがせき",
        "name:ja_rm": "Kasumigaseki",
        "name:ko": "가스미가세키",
        "name:ru": "Касумигасэки",
        "network": "東武鉄道",
        "network:en": "Tobu Railway",
        "network:ja": "東武鉄道",
        "network:wikidata": "Q1321914",
        "operator": "東武鉄道",
        "public_transport": "station",
        "railway": "station",
        "ref": "TJ23",
        "train": "yes",
        "wikidata": "Q5614472",
        "wikipedia": "ja:霞ヶ関駅 (埼玉県)"
      },
      "geometry": {
        "type": "Point",
        "coordinates": [
          139.443197,
          35.9256142
        ]
      },
      "id": "node/7864238131"
    },
    {
      "type": "Feature",
      "properties": {
        "@id": "node/7864238136",
        "name": "川越市",
        "name:en": "Kawagoeshi",
        "name:ja": "川越市",
        "name:ja-Hira": "かわごえし",
        "name:ja_rm": "Kawagoeshi",
        "name:ko": "가와고에시",
        "name:ru": "Кавагоэси",
        "name:th": "คาวาโกเอชิ",
        "name:zh-Hans": "川越市",
        "name:zh-Hant": "川越市",
        "network": "東武鉄道",
        "network:en": "Tobu Railway",
        "network:ja": "東武鉄道",
        "network:wikidata": "Q1321914",
        "old_name": "川越町",
        "operator": "東武鉄道",
        "public_transport": "station",
        "railway": "station",
        "ref": "TJ-22",
        "train": "yes",
        "wheelchair": "yes"
      },
      "geometry": {
        "type": "Point",
        "coordinates": [
          139.4772543,
          35.9139617
        ]
      },
      "id": "node/7864238136"
    },
    {
      "type": "Feature",
      "properties": {
        "@id": "node/7864238138",
        "name": "川越",
        "name:en": "Kawagoe",
        "name:fr": "Kawagoe",
        "name:ja": "川越",
        "name:ja-Hira": "かわごえ",
        "name:ja_rm": "Kawagoe",
        "name:ko": "가와고에",
        "name:ru": "Кавагоэ",
        "name:th": "คาวาโกเอะ",
        "name:zh-Hans": "川越",
        "name:zh-Hant": "川越",
        "operator": "東日本旅客鉄道",
        "public_transport": "station",
        "railway": "station",
        "toilets:wheelchair": "yes",
        "wikidata": "Q800995",
        "wikipedia": "ja:川越駅"
      },
      "geometry": {
        "type": "Point",
        "coordinates": [
          139.482954,
          35.9069901
        ]
      },
      "id": "node/7864238138"
    },
    {
      "type": "Feature",
      "properties": {
        "@id": "node/7864238141",
        "name": "川越",
        "name:en": "Kawagoe",
        "name:fr": "Kawagoe",
        "name:ja": "川越",
        "name:ja-Hira": "かわごえ",
        "name:ja_rm": "Kawagoe",
        "name:ko": "가와고에",
        "name:ru": "Кавагоэ",
        "name:th": "คาวาโกเอะ",
        "name:zh-Hans": "川越",
        "name:zh-Hant": "川越",
        "network": "東武鉄道",
        "network:en": "Tobu Railway",
        "network:ja": "東武鉄道",
        "network:wikidata": "Q1321914",
        "operator": "東武鉄道",
        "public_transport": "station",
        "railway": "station",
        "ref": "TJ21",
        "toilets:wheelchair": "yes",
        "train": "yes",
        "wikidata": "Q800995",
        "wikipedia": "ja:川越駅"
      },
      "geometry": {
        "type": "Point",
        "coordinates": [
          139.483294,
          35.9070821
        ]
      },
      "id": "node/7864238141"
    },
    {
      "type": "Feature",
      "properties": {
        "@id": "node/7864238144",
        "name": "新河岸",
        "name:en": "Shingashi",
        "name:ja": "新河岸",
        "name:ja-Hira": "しんがし",
        "name:ja_rm": "Shingashi",
        "name:ko": "신가시",
        "name:ru": "Сингаси",
        "name:th": "ชิงงาชิ",
        "name:zh-Hans": "新河岸",
        "network": "東武鉄道",
        "network:en": "Tobu Railway",
        "network:ja": "東武鉄道",
        "network:wikidata": "Q1321914",
        "operator": "東武鉄道",
        "public_transport": "station",
        "railway": "station",
        "ref": "TJ20",
        "train": "yes",
        "wikidata": "Q7497441"
      },
      "geometry": {
        "type": "Point",
        "coordinates": [
          139.4968378,
          35.8913759
        ]
      },
      "id": "node/7864238144"
    },
    {
      "type": "Feature",
      "properties": {
        "@id": "node/7864238145",
        "name": "上福岡",
        "name:en": "Kami-fukuoka",
        "name:ja": "上福岡",
        "name:ja-Hira": "かみふくおか",
        "name:ja_rm": "Kami Fukuoka",
        "name:ko": "가미후쿠오카",
        "name:ru": "Ками-Фукуока",
        "name:th": "คามิฟุกุโอกะ",
        "name:zh-Hans": "上福冈",
        "name:zh-Hant": "上福岡",
        "network": "東武鉄道",
        "network:en": "Tobu Railway",
        "network:ja": "東武鉄道",
        "network:wikidata": "Q1321914",
        "operator": "東武鉄道",
        "public_transport": "station",
        "railway": "station",
        "ref": "TJ19",
        "train": "yes",
        "wheelchair": "yes",
        "wikidata": "Q11360002",
        "wikipedia": "ja:上福岡駅"
      },
      "geometry": {
        "type": "Point",
        "coordinates": [
          139.5118041,
          35.8739006
        ]
      },
      "id": "node/7864238145"
    },
    {
      "type": "Feature",
      "properties": {
        "@id": "node/7864238147",
        "name": "ふじみ野",
        "name:en": "Fujimino",
        "name:ja": "ふじみ野",
        "name:ja-Hira": "ふじみの",
        "name:ja_rm": "Fujimino",
        "name:ko": "후지미노",
        "name:ru": "Фудзимино",
        "name:th": "ฟูจิมิโนะ",
        "name:zh-Hans": "富士见野",
        "name:zh-Hant": "富士見野",
        "network": "東武鉄道",
        "network:en": "Tobu Railway",
        "network:ja": "東武鉄道",
        "network:wikidata": "Q1321914",
        "operator": "東武鉄道",
        "public_transport": "station",
        "railway": "station",
        "ref": "TJ18",
        "train": "yes",
        "wheelchair": "yes",
        "wikidata": "Q5507442",
        "wikipedia": "ja:ふじみ野駅"
      },
      "geometry": {
        "type": "Point",
        "coordinates": [
          139.523107,
          35.8608406
        ]
      },
      "id": "node/7864238147"
    },
    {
      "type": "Feature",
      "properties": {
        "@id": "node/7864238151",
        "name": "鶴瀬",
        "name:en": "Tsuruse",
        "name:ja": "鶴瀬",
        "name:ja-Hira": "つるせ",
        "name:ja_rm": "Tsuruse",
        "name:ko": "쓰루세",
        "name:ru": "Цурусэ",
        "name:th": "สึรุเซะ",
        "name:zh-Hans": "鹤濑",
        "name:zh-Hant": "鶴瀨",
        "network": "東武鉄道",
        "network:en": "Tobu Railway",
        "network:ja": "東武鉄道",
        "network:wikidata": "Q1321914",
        "operator": "東武鉄道",
        "public_transport": "station",
        "railway": "station",
        "ref": "TJ17",
        "train": "yes",
        "wheelchair": "yes",
        "wikidata": "Q7850302",
        "wikipedia": "ja:鶴瀬駅"
      },
      "geometry": {
        "type": "Point",
        "coordinates": [
          139.5394111,
          35.8457565
        ]
      },
      "id": "node/7864238151"
    },
    {
      "type": "Feature",
      "properties": {
        "@id": "node/7864238153",
        "name": "みずほ台",
        "name:en": "Mizuhodai",
        "name:ja": "みずほ台",
        "name:ja-Hira": "みずほだい",
        "name:ja_rm": "Mizuhodai",
        "name:ko": "미즈호다이",
        "name:ru": "Мидзуходай",
        "name:th": "มิซุโฮได",
        "name:zh-Hans": "瑞穗台",
        "name:zh-Hant": "瑞穗臺",
        "network": "東武鉄道",
        "network:en": "Tobu Railway",
        "network:ja": "東武鉄道",
        "network:wikidata": "Q1321914",
        "operator": "東武鉄道",
        "public_transport": "station",
        "railway": "station",
        "ref": "TJ16",
        "train": "yes",
        "wheelchair": "yes",
        "wikidata": "Q6884805",
        "wikipedia": "ja:みずほ台駅"
      },
      "geometry": {
        "type": "Point",
        "coordinates": [
          139.5508611,
          35.8382203
        ]
      },
      "id": "node/7864238153"
    },
    {
      "type": "Feature",
      "properties": {
        "@id": "node/7864238156",
        "name": "柳瀬川",
        "name:en": "Yanasegawa",
        "name:ja": "柳瀬川",
        "name:ja-Hira": "やなせがわ",
        "name:ja_rm": "Yanasegawa",
        "name:ko": "야나세가와",
        "name:ru": "Янасэгава",
        "name:th": "ยานาเสกาวะ",
        "name:zh-Hans": "柳濑川",
        "name:zh-Hant": "柳瀨川",
        "network": "東武鉄道",
        "network:en": "Tobu Railway",
        "network:ja": "東武鉄道",
        "network:wikidata": "Q1321914",
        "operator": "東武鉄道",
        "public_transport": "station",
        "railway": "station",
        "ref": "TJ15",
        "train": "yes",
        "wikidata": "Q8048266",
        "wikipedia": "ja:柳瀬川駅"
      },
      "geometry": {
        "type": "Point",
        "coordinates": [
          139.5621036,
          35.8307998
        ]
      },
      "id": "node/7864238156"
    },
    {
      "type": "Feature",
      "properties": {
        "@id": "node/7864238159",
        "description": "東武東上線の駅で急行、準急、普通が停車。 1番線と2番線は川越、小川町方面 3番線と4番線は和光市、池袋方面 3番線と4番線からは和光市から先、東京メトロ副都心線、有楽町線などに直通して渋谷、横浜、新横浜方面、新木場方面へ向かう列車も運行している",
        "name": "志木",
        "name:en": "Shiki",
        "name:ja": "志木",
        "name:ja-Hira": "しき",
        "name:ja_rm": "Shiki",
        "name:ko": "시키",
        "name:ru": "Сики",
        "name:th": "ชิกิ",
        "name:zh-Hans": "志木",
        "name:zh-Hant": "志木",
        "network": "東武鉄道",
        "network:en": "Tobu Railway",
        "network:ja": "東武鉄道",
        "network:wikidata": "Q1321914",
        "operator": "東武鉄道",
        "public_transport": "station",
        "railway": "station",
        "ref": "TJ-14",
        "train": "yes",
        "wikidata": "Q5367643",
        "wikipedia": "ja:志木駅"
      },
      "geometry": {
        "type": "Point",
        "coordinates": [
          139.5751727,
          35.8222228
        ]
      },
      "id": "node/7864238159"
    },
    {
      "type": "Feature",
      "properties": {
        "@id": "node/7864999211",
        "name": "玉淀",
        "name:en": "Tamayodo",
        "name:ja": "玉淀",
        "name:ko": "다마요도",
        "name:ru": "Тамаёдо",
        "public_transport": "station",
        "railway": "station",
        "wikidata": "Q7680980",
        "wikipedia": "ja:玉淀駅"
      },
      "geometry": {
        "type": "Point",
        "coordinates": [
          139.2001958,
          36.1170899
        ]
      },
      "id": "node/7864999211"
    },
    {
      "type": "Feature",
      "properties": {
        "@id": "node/7864999216",
        "name": "鉢形",
        "name:en": "Hachigata",
        "name:ja": "鉢形",
        "name:ko": "하치가타",
        "name:ru": "Хатигата",
        "network": "東武鉄道",
        "network:en": "Tobu Railway",
        "network:ja": "東武鉄道",
        "network:wikidata": "Q1321914",
        "public_transport": "station",
        "railway": "station",
        "train": "yes",
        "wikidata": "Q5637046",
        "wikipedia": "ja:鉢形駅"
      },
      "geometry": {
        "type": "Point",
        "coordinates": [
          139.2090119,
          36.1138618
        ]
      },
      "id": "node/7864999216"
    },
    {
      "type": "Feature",
      "properties": {
        "@id": "node/7864999226",
        "name": "男衾",
        "name:en": "Obusuma",
        "name:ja": "男衾",
        "name:ko": "오부스마",
        "name:ru": "Обусума",
        "network": "東武鉄道",
        "network:en": "Tobu Railway",
        "network:ja": "東武鉄道",
        "network:wikidata": "Q1321914",
        "public_transport": "station",
        "railway": "station",
        "train": "yes",
        "wikidata": "Q7075604",
        "wikipedia": "ja:男衾駅"
      },
      "geometry": {
        "type": "Point",
        "coordinates": [
          139.2341747,
          36.1074889
        ]
      },
      "id": "node/7864999226"
    },
    {
      "type": "Feature",
      "properties": {
        "@id": "node/7864999237",
        "air_conditioning": "no",
        "name": "東武竹沢",
        "name:en": "Tōbu-Takezawa",
        "name:ja": "東武竹沢",
        "name:ko": "도부다케자와",
        "name:ru": "Тобу-Такэдзава",
        "public_transport": "station",
        "railway": "station",
        "wikidata": "Q7862634",
        "wikipedia": "ja:東武竹沢駅"
      },
      "geometry": {
        "type": "Point",
        "coordinates": [
          139.2377151,
          36.0754656
        ]
      },
      "id": "node/7864999237"
    },
    {
      "type": "Feature",
      "properties": {
        "@id": "node/7864999250",
        "name": "小川町",
        "name:en": "Ogawamachi",
        "name:ja": "小川町",
        "name:ja-Hira": "おがわまち",
        "name:ja_rm": "Ogawamachi",
        "name:ko": "호가와마치",
        "name:ru": "Огавамати",
        "network": "東武鉄道",
        "network:en": "Tobu Railway",
        "network:ja": "東武鉄道",
        "network:wikidata": "Q1321914",
        "operator": "東武鉄道",
        "public_transport": "station",
        "railway": "station",
        "ref": "TJ33",
        "train": "yes",
        "wikidata": "Q844858",
        "wikipedia": "ja:小川町駅 (埼玉県)"
      },
      "geometry": {
        "type": "Point",
        "coordinates": [
          139.2612627,
          36.0584454
        ]
      },
      "id": "node/7864999250"
    },
    {
      "type": "Feature",
      "properties": {
        "@id": "node/7864999263",
        "name": "武蔵嵐山",
        "name:en": "Musashi-ranzan",
        "name:ja": "武蔵嵐山",
        "name:ja-Hira": "むさしらんざん",
        "name:ja_rm": "Musashi Ranzan",
        "name:ko": "무사시란잔",
        "name:ru": "Мусаси-Рандзан",
        "network": "東武鉄道",
        "network:en": "Tobu Railway",
        "network:ja": "東武鉄道",
        "network:wikidata": "Q1321914",
        "operator": "東武鉄道",
        "public_transport": "station",
        "railway": "station",
        "ref": "TJ32",
        "train": "yes",
        "wikidata": "Q6940142",
        "wikipedia": "ja:武蔵嵐山駅"
      },
      "geometry": {
        "type": "Point",
        "coordinates": [
          139.3277842,
          36.04438
        ]
      },
      "id": "node/7864999263"
    },
    {
      "type": "Feature",
      "properties": {
        "@id": "node/7864999264",
        "alt_name:zh": "月轮;月輪",
        "name": "つきのわ",
        "name:en": "Tsukinowa",
        "name:ja": "つきのわ",
        "name:ja-Hira": "つきのわ",
        "name:ja_rm": "Tsukinowa",
        "name:ko": "쓰키노와",
        "name:ru": "Цукинова",
        "name:zh": "月之轮",
        "name:zh-Hans": "月之轮",
        "name:zh-Hant": "月之輪",
        "network": "東武鉄道",
        "network:en": "Tobu Railway",
        "network:ja": "東武鉄道",
        "network:wikidata": "Q1321914",
        "operator": "東武鉄道",
        "public_transport": "station",
        "railway": "station",
        "ref": "TJ31",
        "train": "yes",
        "wheelchair": "yes",
        "wikidata": "Q7850076",
        "wikipedia": "ja:つきのわ駅"
      },
      "geometry": {
        "type": "Point",
        "coordinates": [
          139.3453972,
          36.0434929
        ]
      },
      "id": "node/7864999264"
    },
    {
      "type": "Feature",
      "properties": {
        "@id": "node/7864999267",
        "alt_name:ko": "신린코엔",
        "name": "森林公園",
        "name:en": "Shinrin-koen",
        "name:ja": "森林公園",
        "name:ja-Hira": "しんりんこうえん",
        "name:ja_rm": "Shinrin kōen",
        "name:ko": "삼림공원",
        "name:ru": "Синринкоэн",
        "operator": "東武鉄道",
        "public_transport": "station",
        "railway": "station",
        "ref": "TJ30",
        "wikidata": "Q5368656",
        "wikipedia": "ja:森林公園駅 (埼玉県)"
      },
      "geometry": {
        "type": "Point",
        "coordinates": [
          139.3749686,
          36.0451902
        ]
      },
      "id": "node/7864999267"
    },
    {
      "type": "Feature",
      "properties": {
        "@id": "node/7864999270",
        "name": "東松山",
        "name:en": "Higashi-matsuyama",
        "name:ja": "東松山",
        "name:ja-Hira": "ひがしまつやま",
        "name:ja_rm": "Higashi Matsuyama",
        "name:ko": "히가시마쓰야마",
        "name:ru": "Хигаси-Мацуяма",
        "network": "東武鉄道",
        "network:en": "Tobu Railway",
        "network:ja": "東武鉄道",
        "network:wikidata": "Q1321914",
        "operator": "東武鉄道",
        "public_transport": "station",
        "railway": "station",
        "ref": "TJ29",
        "train": "yes",
        "wheelchair": "yes",
        "wikidata": "Q5753688",
        "wikipedia": "ja:東松山駅"
      },
      "geometry": {
        "type": "Point",
        "coordinates": [
          139.4016132,
          36.0348003
        ]
      },
      "id": "node/7864999270"
    },
    {
      "type": "Feature",
      "properties": {
        "@id": "node/7864999272",
        "name": "北坂戸",
        "name:en": "Kita-sakado",
        "name:ja": "北坂戸",
        "name:ja-Hira": "きたさかど",
        "name:ja_rm": "Kita Sakado",
        "name:ko": "기타사카도",
        "name:ru": "Кита-Сакадо",
        "network": "東武鉄道",
        "network:en": "Tobu Railway",
        "network:ja": "東武鉄道",
        "network:wikidata": "Q1321914",
        "operator": "東武鉄道",
        "public_transport": "station",
        "railway": "station",
        "ref": "TJ27",
        "train": "yes",
        "wikidata": "Q6417594",
        "wikipedia": "ja:北坂戸駅"
      },
      "geometry": {
        "type": "Point",
        "coordinates": [
          139.3967234,
          35.9718969
        ]
      },
      "id": "node/7864999272"
    },
    {
      "type": "Feature",
      "properties": {
        "@id": "node/7864999275",
        "name": "坂戸",
        "name:en": "Sakado",
        "name:ja": "坂戸",
        "name:ja-Hira": "さかど",
        "name:ja_rm": "Sakado",
        "name:ko": "사카도",
        "name:ru": "Сакадо",
        "note": "National-Land Numerical Information (Railway) 2007, MLIT Japan",
        "note:ja": "国土数値情報（鉄道データ）平成19年 国土交通省",
        "operator": "東武鉄道",
        "public_transport": "station",
        "railway": "station",
        "ref": "TJ26",
        "source": "KSJ2",
        "source_ref": "http://nlftp.mlit.go.jp/ksj/jpgis/datalist/KsjTmplt-N02-v1_1.html",
        "wikidata": "Q7402739",
        "wikipedia": "ja:坂戸駅"
      },
      "geometry": {
        "type": "Point",
        "coordinates": [
          139.3937702,
          35.9570602
        ]
      },
      "id": "node/7864999275"
    },
    {
      "type": "Feature",
      "properties": {
        "@id": "node/7864999281",
        "name": "若葉",
        "name:en": "Wakaba",
        "name:ja": "若葉",
        "name:ja-Hira": "わかば",
        "name:ja_rm": "Wakaba",
        "name:ko": "와카바",
        "name:ru": "Вакаба",
        "network": "東武鉄道",
        "network:en": "Tobu Railway",
        "network:ja": "東武鉄道",
        "network:wikidata": "Q1321914",
        "operator": "東武鉄道",
        "public_transport": "station",
        "railway": "station",
        "ref": "TJ25",
        "train": "yes",
        "wikidata": "Q7960744",
        "wikipedia": "ja:若葉駅"
      },
      "geometry": {
        "type": "Point",
        "coordinates": [
          139.408806,
          35.9491238
        ]
      },
      "id": "node/7864999281"
    },
    {
      "type": "Feature",
      "properties": {
        "@id": "node/7864999282",
        "name": "鶴ヶ島",
        "name:en": "Tsurugashima",
        "name:ja": "鶴ヶ島",
        "name:ja-Hira": "つるがしま",
        "name:ja_rm": "Tsurugashima",
        "name:ko": "쓰루가시마",
        "name:ru": "Цуругасима",
        "network": "東武鉄道",
        "network:en": "Tobu Railway",
        "network:ja": "東武鉄道",
        "network:wikidata": "Q1321914",
        "operator": "東武鉄道",
        "public_transport": "station",
        "railway": "station",
        "ref": "TJ24",
        "train": "yes",
        "wikidata": "Q7850270",
        "wikipedia": "ja:鶴ヶ島駅"
      },
      "geometry": {
        "type": "Point",
        "coordinates": [
          139.4236708,
          35.9369427
        ]
      },
      "id": "node/7864999282"
    },
    {
      "type": "Feature",
      "properties": {
        "@id": "node/7866648782",
        "KSJ2:LIN": "越生線",
        "name": "越生",
        "name:en": "Ogose",
        "name:ja": "越生",
        "name:ja-Hira": "おごせ",
        "name:ja_rm": "Ogose",
        "name:ko": "오고세",
        "network": "東武鉄道",
        "network:en": "Tobu Railway",
        "network:ja": "東武鉄道",
        "network:wikidata": "Q1321914",
        "note": "National-Land Numerical Information (Railway) 2007, MLIT Japan",
        "note:ja": "国土数値情報（鉄道データ）平成19年 国土交通省",
        "operator": "東武鉄道",
        "public_transport": "station",
        "railway": "station",
        "ref": "TJ47",
        "source": "KSJ2",
        "source_ref": "http://nlftp.mlit.go.jp/ksj/jpgis/datalist/KsjTmplt-N02-v1_1.html",
        "train": "yes",
        "wikidata": "Q845041",
        "wikipedia": "ja:越生駅"
      },
      "geometry": {
        "type": "Point",
        "coordinates": [
          139.2993282,
          35.9621992
        ]
      },
      "id": "node/7866648782"
    },
    {
      "type": "Feature",
      "properties": {
        "@id": "node/7866648784",
        "name": "東飯能",
        "name:en": "Higashi-Hannō",
        "name:es": "Higashi-Hannō",
        "name:ja": "東飯能",
        "name:ko": "히가시한노",
        "operator": "東日本旅客鉄道",
        "public_transport": "station",
        "railway": "station",
        "train": "yes",
        "wheelchair": "yes"
      },
      "geometry": {
        "type": "Point",
        "coordinates": [
          139.3260773,
          35.8532298
        ]
      },
      "id": "node/7866648784"
    },
    {
      "type": "Feature",
      "properties": {
        "@id": "node/7866710387",
        "name": "東飯能",
        "name:en": "Higashi-Hannō",
        "name:es": "Higashi-Hannō",
        "name:ja": "東飯能",
        "name:ko": "히가시한노",
        "network": "西武鉄道",
        "network:en": "Seibu Railway",
        "network:ja": "西武鉄道",
        "network:wikidata": "Q83543",
        "operator": "西武鉄道",
        "public_transport": "station",
        "railway": "station",
        "train": "yes",
        "wheelchair": "yes"
      },
      "geometry": {
        "type": "Point",
        "coordinates": [
          139.325856,
          35.8527842
        ]
      },
      "id": "node/7866710387"
    },
    {
      "type": "Feature",
      "properties": {
        "@id": "node/7875845244",
        "name": "八木崎",
        "name:en": "Yagisaki",
        "name:ja": "八木崎",
        "name:ko": "야기사키",
        "public_transport": "station",
        "railway": "station",
        "wikidata": "Q11391340",
        "wikipedia": "ja:八木崎駅"
      },
      "geometry": {
        "type": "Point",
        "coordinates": [
          139.7417829,
          35.9783248
        ]
      },
      "id": "node/7875845244"
    },
    {
      "type": "Feature",
      "properties": {
        "@id": "node/7880733141",
        "alt_name:ko": "세이부큐조마에",
        "name": "西武球場前",
        "name:en": "Seibukyujo-mae",
        "name:ja": "西武球場前",
        "name:ja-Hira": "せいぶきゅじょうまえ",
        "name:ja_rm": "Seibu Kyūjō mae",
        "name:ko": "세이부구장앞",
        "network": "西武鉄道",
        "network:en": "Seibu Railway",
        "network:ja": "西武鉄道",
        "network:wikidata": "Q83543",
        "operator": "西武鉄道",
        "public_transport": "station",
        "railway": "station",
        "ref": "SI41",
        "source": "KSJ2",
        "source_ref": "http://nlftp.mlit.go.jp/ksj/jpgis/datalist/KsjTmplt-N02-v1_1.html",
        "train": "yes",
        "wikidata": "Q7446591",
        "wikipedia": "ja:西武球場前駅"
      },
      "geometry": {
        "type": "Point",
        "coordinates": [
          139.4190676,
          35.7704678
        ]
      },
      "id": "node/7880733141"
    },
    {
      "type": "Feature",
      "properties": {
        "@id": "node/7880733147",
        "name": "下山口",
        "name:en": "Shimo-Yamaguchi",
        "name:ja": "下山口",
        "name:ja-Hira": "しもやまぐち",
        "name:ja_rm": "Shimo Yamaguchi",
        "name:ko": "시모야마구치",
        "operator": "西武鉄道",
        "public_transport": "station",
        "railway": "station",
        "ref": "SI40",
        "source": "KSJ2",
        "source_ref": "http://nlftp.mlit.go.jp/ksj/jpgis/datalist/KsjTmplt-N02-v1_1.html",
        "wikidata": "Q7496941",
        "wikipedia": "ja:下山口駅"
      },
      "geometry": {
        "type": "Point",
        "coordinates": [
          139.4414607,
          35.7795178
        ]
      },
      "id": "node/7880733147"
    },
    {
      "type": "Feature",
      "properties": {
        "@id": "node/7881229733",
        "name": "東所沢",
        "name:en": "Higashi-Tokorozawa",
        "name:ja": "東所沢",
        "name:ja-Hira": "ひがしところざわ",
        "name:ja-Latn": "Higashi-Tokorozawa",
        "name:ko": "히가시토코로자와",
        "operator": "東日本旅客鉄道",
        "public_transport": "station",
        "railway": "station",
        "ref": "JM30",
        "wikidata": "Q5753886",
        "wikipedia": "ja:東所沢駅"
      },
      "geometry": {
        "type": "Point",
        "coordinates": [
          139.5145423,
          35.7949334
        ]
      },
      "id": "node/7881229733"
    },
    {
      "type": "Feature",
      "properties": {
        "@id": "node/7882334794",
        "name": "三郷",
        "name:en": "Misato",
        "name:ja": "三郷",
        "name:ja-Hira": "みさと",
        "name:ja-Latn": "Misato",
        "name:ko": "미사토",
        "operator": "東日本旅客鉄道",
        "public_transport": "station",
        "railway": "station",
        "ref": "JM17",
        "wikidata": "Q6875181",
        "wikipedia": "ja:三郷駅 (埼玉県)"
      },
      "geometry": {
        "type": "Point",
        "coordinates": [
          139.8867231,
          35.8449201
        ]
      },
      "id": "node/7882334794"
    },
    {
      "type": "Feature",
      "properties": {
        "@id": "node/7882334795",
        "name": "新三郷",
        "name:en": "Shim-Misato",
        "name:ja": "新三郷",
        "name:ja-Hira": "しんみさと",
        "name:ja-Latn": "Shim-Misato",
        "name:ko": "신 미사토",
        "operator": "東日本旅客鉄道",
        "public_transport": "station",
        "railway": "station",
        "ref": "JM18",
        "wikidata": "Q6139591",
        "wikipedia": "ja:新三郷駅"
      },
      "geometry": {
        "type": "Point",
        "coordinates": [
          139.8691958,
          35.8588323
        ]
      },
      "id": "node/7882334795"
    },
    {
      "type": "Feature",
      "properties": {
        "@id": "node/7882334798",
        "name": "吉川美南",
        "name:en": "Yoshikawa-Minami",
        "name:ja": "吉川美南",
        "name:ja-Hira": "よしかわみなみ",
        "name:ja-Latn": "Yoshikawa-Minami",
        "name:ko": "요시카와미나미",
        "operator": "東日本旅客鉄道",
        "public_transport": "station",
        "railway": "station",
        "ref": "JM19",
        "wikidata": "Q8056102",
        "wikipedia": "ja:吉川美南駅"
      },
      "geometry": {
        "type": "Point",
        "coordinates": [
          139.8580713,
          35.8680691
        ]
      },
      "id": "node/7882334798"
    },
    {
      "type": "Feature",
      "properties": {
        "@id": "node/7882334803",
        "name": "西浦和",
        "name:en": "Nishi-Urawa",
        "name:es": "Nishi-Urawa",
        "name:ja": "西浦和",
        "name:ja-Hira": "にしうらわ",
        "name:ja-Latn": "Nishi-Urawa",
        "name:ko": "니시우라와",
        "name:th": "นิชิ-อุราวะ",
        "name:zh-Hans": "西浦和",
        "name:zh-Hant": "西浦和",
        "operator": "東日本旅客鉄道",
        "public_transport": "station",
        "railway": "station",
        "ref": "JM27",
        "wikidata": "Q7040446",
        "wikipedia": "ja:西浦和駅"
      },
      "geometry": {
        "type": "Point",
        "coordinates": [
          139.6279204,
          35.8442062
        ]
      },
      "id": "node/7882334803"
    },
    {
      "type": "Feature",
      "properties": {
        "@id": "node/7882334806",
        "name": "東浦和",
        "name:en": "Higashi-Urawa",
        "name:ja": "東浦和",
        "name:ja-Hira": "ひがしうらわ",
        "name:ja-Latn": "Higashi-Urawa",
        "name:ko": "히가시우라와",
        "name:th": "ฮิกาชิ-อุราวะ",
        "name:zh": "東浦和",
        "name:zh-Hans": "东浦和",
        "name:zh-Hant": "東浦和",
        "operator": "東日本旅客鉄道",
        "public_transport": "station",
        "railway": "station",
        "ref": "JM24",
        "wikidata": "Q5753897",
        "wikipedia": "ja:東浦和駅"
      },
      "geometry": {
        "type": "Point",
        "coordinates": [
          139.7042222,
          35.863968
        ]
      },
      "id": "node/7882334806"
    },
    {
      "type": "Feature",
      "properties": {
        "@id": "node/7882334808",
        "name": "越谷レイクタウン",
        "name:en": "Koshigaya-Laketown",
        "name:ja": "越谷レイクタウン",
        "name:ja-Hira": "こしがやれいくたうん",
        "name:ja-Latn": "Koshigaya-Reikutaun",
        "name:ko": "고시가야레이크타운",
        "operator": "東日本旅客鉄道",
        "public_transport": "station",
        "railway": "station",
        "ref": "JM21",
        "wikidata": "Q6433119",
        "wikipedia": "ja:越谷レイクタウン駅"
      },
      "geometry": {
        "type": "Point",
        "coordinates": [
          139.8222729,
          35.8762812
        ]
      },
      "id": "node/7882334808"
    },
    {
      "type": "Feature",
      "properties": {
        "@id": "node/7882334809",
        "name": "吉川",
        "name:en": "Yoshikawa",
        "name:ja": "吉川",
        "name:ja-Hira": "よしかわ",
        "name:ja-Latn": "Yoshikawa",
        "name:ko": "요시카와",
        "operator": "東日本旅客鉄道",
        "public_transport": "station",
        "railway": "station",
        "ref": "JM20",
        "wikidata": "Q8013280",
        "wikipedia": "ja:吉川駅"
      },
      "geometry": {
        "type": "Point",
        "coordinates": [
          139.8435049,
          35.8765782
        ]
      },
      "id": "node/7882334809"
    },
    {
      "type": "Feature",
      "properties": {
        "@id": "node/7900236531",
        "name": "熊谷",
        "name:en": "Kumagaya",
        "name:ja": "熊谷",
        "name:ja_rm": "Kumagaya",
        "name:ko": "구마가야",
        "public_transport": "station",
        "railway": "station"
      },
      "geometry": {
        "type": "Point",
        "coordinates": [
          139.3904087,
          36.1393531
        ]
      },
      "id": "node/7900236531"
    },
    {
      "type": "Feature",
      "properties": {
        "@id": "node/7916302181",
        "loc_ref": "4",
        "name": "和光市",
        "name:en": "Wakoshi",
        "name:es": "Wakoshi",
        "name:ja": "和光市",
        "name:ja-Hira": "わこうし",
        "name:ja_rm": "Wakōshi",
        "name:ko": "와코시",
        "name:ru": "Вакоси",
        "name:th": "วาโกชิ",
        "name:zh-Hans": "和光市",
        "name:zh-Hant": "和光市",
        "network": "東武鉄道",
        "network:en": "Tobu Railway",
        "network:ja": "東武鉄道",
        "network:wikidata": "Q1321914",
        "operator": "東武鉄道",
        "public_transport": "station",
        "railway": "station",
        "ref": "TJ-11",
        "train": "yes",
        "wikidata": "Q128298",
        "wikipedia": "ja:和光市駅"
      },
      "geometry": {
        "type": "Point",
        "coordinates": [
          139.6126538,
          35.7884181
        ]
      },
      "id": "node/7916302181"
    },
    {
      "type": "Feature",
      "properties": {
        "@id": "node/7965117871",
        "KSJ2:LIN": "越生線",
        "mapillary": "1036900322029099",
        "name": "東毛呂",
        "name:en": "Higashi-moro",
        "name:ja": "東毛呂",
        "name:ja-Hira": "ひがしもろ",
        "name:ja_rm": "Higashi Moro",
        "name:ko": "히가시모로",
        "network": "東武鉄道",
        "network:en": "Tobu Railway",
        "network:ja": "東武鉄道",
        "network:wikidata": "Q1321914",
        "note": "National-Land Numerical Information (Railway) 2007, MLIT Japan",
        "note:ja": "国土数値情報（鉄道データ）平成19年 国土交通省",
        "operator": "東武鉄道",
        "public_transport": "station",
        "railway": "station",
        "ref": "TJ45",
        "source": "KSJ2",
        "source_ref": "http://nlftp.mlit.go.jp/ksj/jpgis/datalist/KsjTmplt-N02-v1_1.html",
        "train": "yes",
        "wheelchair": "limited",
        "wikidata": "Q11527554",
        "wikipedia": "ja:東毛呂駅"
      },
      "geometry": {
        "type": "Point",
        "coordinates": [
          139.3154227,
          35.9468371
        ]
      },
      "id": "node/7965117871"
    },
    {
      "type": "Feature",
      "properties": {
        "@id": "node/7965136163",
        "KSJ2:LIN": "越生線",
        "name": "一本松",
        "name:en": "Ippommatsu",
        "name:ja": "一本松",
        "name:ja-Hira": "いっぽんまつ",
        "name:ja_rm": "Ippommatsu",
        "name:ko": "잇폰마쓰",
        "network": "東武鉄道",
        "network:en": "Tobu Railway",
        "network:ja": "東武鉄道",
        "network:wikidata": "Q1321914",
        "note": "National-Land Numerical Information (Railway) 2007, MLIT Japan",
        "note:ja": "国土数値情報（鉄道データ）平成19年 国土交通省",
        "operator": "東武鉄道",
        "public_transport": "station",
        "railway": "station",
        "ref": "TJ41",
        "source": "KSJ2",
        "source_ref": "http://nlftp.mlit.go.jp/ksj/jpgis/datalist/KsjTmplt-N02-v1_1.html",
        "train": "yes",
        "wikidata": "Q11352783",
        "wikipedia": "ja: (埼玉県)"
      },
      "geometry": {
        "type": "Point",
        "coordinates": [
          139.3702902,
          35.9403713
        ]
      },
      "id": "node/7965136163"
    },
    {
      "type": "Feature",
      "properties": {
        "@id": "node/7965143821",
        "KSJ2:LIN": "越生線",
        "name": "武州長瀬",
        "name:en": "Bushu-nagase",
        "name:ja": "武州長瀬",
        "name:ja-Hira": "ぶしゅうながせ",
        "name:ja_rm": "Bushū Nagase",
        "name:ko": "부슈나가세",
        "network": "東武鉄道",
        "network:en": "Tobu Railway",
        "network:ja": "東武鉄道",
        "network:wikidata": "Q1321914",
        "note": "National-Land Numerical Information (Railway) 2007, MLIT Japan",
        "note:ja": "国土数値情報（鉄道データ）平成19年 国土交通省",
        "operator": "東武鉄道",
        "public_transport": "station",
        "railway": "station",
        "ref": "TJ44",
        "source": "KSJ2",
        "source_ref": "http://nlftp.mlit.go.jp/ksj/jpgis/datalist/KsjTmplt-N02-v1_1.html",
        "toilets:wheelchair": "yes",
        "train": "yes",
        "wheelchair": "yes",
        "wikidata": "Q5001625",
        "wikipedia": "ja:武州長瀬駅"
      },
      "geometry": {
        "type": "Point",
        "coordinates": [
          139.326014,
          35.9419222
        ]
      },
      "id": "node/7965143821"
    },
    {
      "type": "Feature",
      "properties": {
        "@id": "node/7966816610",
        "KSJ2:LIN": "池袋線",
        "KSJ2:STN": "高麗",
        "name": "高麗",
        "name:en": "Koma",
        "name:ja": "高麗",
        "name:ja_rm": "Koma",
        "name:ko": "고마",
        "note": "National-Land Numerical Information (Railway) 2007, MLIT Japan",
        "note:ja": "国土数値情報（鉄道データ）平成19年　国土交通省",
        "public_transport": "station",
        "railway": "station",
        "source": "KSJ2",
        "source_ref": "http://nlftp.mlit.go.jp/ksj/jpgis/datalist/KsjTmplt-N02-v1_1.html",
        "wheelchair": "yes",
        "wikidata": "Q6428027",
        "wikipedia": "ja:高麗駅"
      },
      "geometry": {
        "type": "Point",
        "coordinates": [
          139.3044363,
          35.8817112
        ]
      },
      "id": "node/7966816610"
    },
    {
      "type": "Feature",
      "properties": {
        "@id": "node/7966844293",
        "KSJ2:LIN": "池袋線",
        "KSJ2:STN": "東吾野",
        "name": "東吾野",
        "name:en": "Higashi-Agano",
        "name:ja": "東吾野",
        "name:ja_rm": "Higashi-Agano",
        "name:ko": "히가시아가노",
        "note": "National-Land Numerical Information (Railway) 2007, MLIT Japan",
        "note:ja": "国土数値情報（鉄道データ）平成19年　国土交通省",
        "old_name": "虎秀",
        "public_transport": "station",
        "railway": "station",
        "source": "KSJ2",
        "source_ref": "http://nlftp.mlit.go.jp/ksj/jpgis/datalist/KsjTmplt-N02-v1_1.html",
        "wikidata": "Q8016063",
        "wikipedia": "ja:東吾野駅"
      },
      "geometry": {
        "type": "Point",
        "coordinates": [
          139.2605215,
          35.8921031
        ]
      },
      "id": "node/7966844293"
    },
    {
      "type": "Feature",
      "properties": {
        "@id": "node/7966845936",
        "KSJ2:LIN": "池袋線",
        "KSJ2:STN": "武蔵横手",
        "name": "武蔵横手",
        "name:en": "Musashi-Yokote",
        "name:ja": "武蔵横手",
        "name:ja_rm": "Musashi-Yokote",
        "name:ko": "무사시요코테",
        "note": "National-Land Numerical Information (Railway) 2007, MLIT Japan",
        "note:ja": "国土数値情報（鉄道データ）平成19年　国土交通省",
        "public_transport": "station",
        "railway": "station",
        "source": "KSJ2",
        "source_ref": "http://nlftp.mlit.go.jp/ksj/jpgis/datalist/KsjTmplt-N02-v1_1.html",
        "wikidata": "Q8015462",
        "wikipedia": "ja:武蔵横手駅"
      },
      "geometry": {
        "type": "Point",
        "coordinates": [
          139.2805808,
          35.8855696
        ]
      },
      "id": "node/7966845936"
    },
    {
      "type": "Feature",
      "properties": {
        "@id": "node/7966871849",
        "KSJ2:LIN": "西武秩父線",
        "KSJ2:STN": "芦ヶ久保",
        "name": "芦ヶ久保",
        "name:en": "Ashigakubo",
        "name:ja": "芦ヶ久保",
        "name:ko": "아시가쿠보",
        "note": "National-Land Numerical Information (Railway) 2007, MLIT Japan",
        "note:ja": "国土数値情報（鉄道データ）平成19年　国土交通省",
        "public_transport": "station",
        "railway": "station",
        "source": "KSJ2",
        "source_ref": "http://nlftp.mlit.go.jp/ksj/jpgis/datalist/KsjTmplt-N02-v1_1.html",
        "wikidata": "Q4805059",
        "wikipedia": "ja:芦ヶ久保駅"
      },
      "geometry": {
        "type": "Point",
        "coordinates": [
          139.1367153,
          35.9768873
        ]
      },
      "id": "node/7966871849"
    },
    {
      "type": "Feature",
      "properties": {
        "@id": "node/7966871897",
        "KSJ2:LIN": "西武秩父線",
        "KSJ2:STN": "西吾野",
        "name": "西吾野",
        "name:en": "Nishi-Agano",
        "name:ja": "西吾野",
        "name:ja_rm": "Nishi-Agano",
        "name:ko": "니시아가노",
        "note": "National-Land Numerical Information (Railway) 2007, MLIT Japan",
        "note:ja": "国土数値情報（鉄道データ）平成19年　国土交通省",
        "public_transport": "station",
        "railway": "station",
        "source": "KSJ2",
        "source_ref": "http://nlftp.mlit.go.jp/ksj/jpgis/datalist/KsjTmplt-N02-v1_1.html",
        "wikidata": "Q7040305",
        "wikipedia": "ja:西吾野駅"
      },
      "geometry": {
        "type": "Point",
        "coordinates": [
          139.2022462,
          35.9263798
        ]
      },
      "id": "node/7966871897"
    },
    {
      "type": "Feature",
      "properties": {
        "@id": "node/7966878613",
        "KSJ2:LIN": "西武秩父線",
        "KSJ2:STN": "正丸",
        "name": "正丸",
        "name:en": "Shomaru",
        "name:ja": "正丸",
        "name:ja_rm": "Shomaru",
        "name:ko": "쇼마루",
        "note": "National-Land Numerical Information (Railway) 2007, MLIT Japan",
        "note:ja": "国土数値情報（鉄道データ）平成19年　国土交通省",
        "public_transport": "station",
        "railway": "station",
        "source": "KSJ2",
        "source_ref": "http://nlftp.mlit.go.jp/ksj/jpgis/datalist/KsjTmplt-N02-v1_1.html",
        "wikidata": "Q8017361",
        "wikipedia": "ja:正丸駅"
      },
      "geometry": {
        "type": "Point",
        "coordinates": [
          139.1820971,
          35.938315
        ]
      },
      "id": "node/7966878613"
    },
    {
      "type": "Feature",
      "properties": {
        "@id": "node/7967415774",
        "name": "和戸",
        "name:en": "Wado",
        "name:ja": "和戸",
        "name:ja_rm": "Wado",
        "name:ko": "와도",
        "note": "National-Land Numerical Information (Railway) 2007, MLIT Japan",
        "public_transport": "station",
        "railway": "station",
        "source": "KSJ2",
        "source_ref": "http://nlftp.mlit.go.jp/ksj/jpgis/datalist/KsjTmplt-N02-v1_1.html",
        "wikidata": "Q7959314",
        "wikipedia": "ja:和戸駅"
      },
      "geometry": {
        "type": "Point",
        "coordinates": [
          139.7007776,
          36.0401349
        ]
      },
      "id": "node/7967415774"
    },
    {
      "type": "Feature",
      "properties": {
        "@id": "node/7975039774",
        "KSJ2:LIN": "新宿線",
        "KSJ2:RAS": "eb03_4931",
        "KSJ2:STN": "新狭山",
        "KSJ2:segment": "eb02_10251",
        "name": "新狭山",
        "name:en": "Shin-Sayama",
        "name:ja": "新狭山",
        "name:ja_rm": "Shin-Sayama",
        "name:ko": "신사야마",
        "note": "National-Land Numerical Information (Railway) 2007, MLIT Japan",
        "note:ja": "国土数値情報（鉄道データ）平成19年　国土交通省",
        "public_transport": "station",
        "railway": "station",
        "source": "KSJ2",
        "source_ref": "http://nlftp.mlit.go.jp/ksj/jpgis/datalist/KsjTmplt-N02-v1_1.html",
        "wikidata": "Q7497127",
        "wikipedia": "ja:新狭山駅"
      },
      "geometry": {
        "type": "Point",
        "coordinates": [
          139.4334594,
          35.8739552
        ]
      },
      "id": "node/7975039774"
    },
    {
      "type": "Feature",
      "properties": {
        "@id": "node/7975056397",
        "KSJ2:LIN": "新宿線",
        "KSJ2:RAS": "eb03_4926",
        "KSJ2:STN": "狭山市",
        "KSJ2:segment": "eb02_10236",
        "name": "狭山市",
        "name:en": "Sayamashi",
        "name:ja": "狭山市",
        "name:ja_rm": "Sayamashi",
        "name:ko": "사야마시",
        "note": "National-Land Numerical Information (Railway) 2007, MLIT Japan",
        "note:ja": "国土数値情報（鉄道データ）平成19年　国土交通省",
        "old_name": "入間川",
        "public_transport": "station",
        "railway": "station",
        "source": "KSJ2",
        "source_ref": "http://nlftp.mlit.go.jp/ksj/jpgis/datalist/KsjTmplt-N02-v1_1.html",
        "wikidata": "Q7429114",
        "wikipedia": "ja:狭山市駅"
      },
      "geometry": {
        "type": "Point",
        "coordinates": [
          139.4132001,
          35.8572924
        ]
      },
      "id": "node/7975056397"
    },
    {
      "type": "Feature",
      "properties": {
        "@id": "node/7975076812",
        "KSJ2:LIN": "新宿線",
        "KSJ2:RAS": "eb03_4928",
        "KSJ2:STN": "南大塚",
        "KSJ2:segment": "eb02_10242",
        "name": "南大塚",
        "name:en": "Minami-Otsuka",
        "name:ja": "南大塚",
        "name:ja_rm": "Minami-Otsuka",
        "name:ko": "미나미오쓰카",
        "note": "National-Land Numerical Information (Railway) 2007, MLIT Japan",
        "note:ja": "国土数値情報（鉄道データ）平成19年　国土交通省",
        "public_transport": "station",
        "railway": "station",
        "source": "KSJ2",
        "source_ref": "http://nlftp.mlit.go.jp/ksj/jpgis/datalist/KsjTmplt-N02-v1_1.html",
        "wikidata": "Q8015394",
        "wikipedia": "ja:南大塚駅"
      },
      "geometry": {
        "type": "Point",
        "coordinates": [
          139.454295,
          35.8898272
        ]
      },
      "id": "node/7975076812"
    },
    {
      "type": "Feature",
      "properties": {
        "@id": "node/7975080765",
        "KSJ2:LIN": "新宿線",
        "KSJ2:RAS": "eb03_4927",
        "KSJ2:STN": "入曽",
        "KSJ2:segment": "eb02_10237",
        "name": "入曽",
        "name:en": "Iriso",
        "name:ja": "入曽",
        "name:ja_rm": "Iriso",
        "name:ko": "이리소",
        "note": "National-Land Numerical Information (Railway) 2007, MLIT Japan",
        "note:ja": "国土数値情報（鉄道データ）平成19年　国土交通省",
        "public_transport": "station",
        "railway": "station",
        "source": "KSJ2",
        "source_ref": "http://nlftp.mlit.go.jp/ksj/jpgis/datalist/KsjTmplt-N02-v1_1.html",
        "wikidata": "Q6071849",
        "wikipedia": "ja:入曽駅"
      },
      "geometry": {
        "type": "Point",
        "coordinates": [
          139.4270696,
          35.8325034
        ]
      },
      "id": "node/7975080765"
    },
    {
      "type": "Feature",
      "properties": {
        "@id": "node/7975091124",
        "KSJ2:LIN": "新宿線",
        "alt_name": "時の鐘と蔵のまち",
        "name": "本川越",
        "name:en": "Hon-Kawagoe",
        "name:ja": "本川越",
        "name:ja-Hira": "ほんかわごえ",
        "name:ja_rm": "Hon Kawagoe",
        "name:ko": "혼카와고에",
        "network": "西武鉄道",
        "network:en": "Seibu Railway",
        "network:ja": "西武鉄道",
        "network:wikidata": "Q83543",
        "note": "National-Land Numerical Information (Railway) 2007, MLIT Japan",
        "note:ja": "国土数値情報（鉄道データ）平成19年 国土交通省",
        "old_name": "川越",
        "operator": "西武鉄道",
        "public_transport": "station",
        "railway": "station",
        "ref": "SS29",
        "source": "KSJ2",
        "source_ref": "http://nlftp.mlit.go.jp/ksj/jpgis/datalist/KsjTmplt-N02-v1_1.html",
        "train": "yes",
        "wheelchair": "yes",
        "wikidata": "Q842892",
        "wikipedia": "ja:本川越駅"
      },
      "geometry": {
        "type": "Point",
        "coordinates": [
          139.4812498,
          35.9140896
        ]
      },
      "id": "node/7975091124"
    },
    {
      "type": "Feature",
      "properties": {
        "@id": "node/7975170093",
        "KSJ2:LIN": "新宿線",
        "name": "新所沢",
        "name:en": "Shin-Tokorozawa",
        "name:ja": "新所沢",
        "name:ja-Hira": "しんところざわ",
        "name:ja_rm": "Shin Tokorozawa",
        "name:ko": "신토코로자와",
        "network": "西武鉄道",
        "network:en": "Seibu Railway",
        "network:ja": "西武鉄道",
        "network:wikidata": "Q83543",
        "note": "National-Land Numerical Information (Railway) 2007, MLIT Japan",
        "note:ja": "国土数値情報（鉄道データ）平成19年 国土交通省",
        "operator": "西武鉄道",
        "public_transport": "station",
        "railway": "station",
        "ref": "SS24",
        "source": "KSJ2",
        "source_ref": "http://nlftp.mlit.go.jp/ksj/jpgis/datalist/KsjTmplt-N02-v1_1.html",
        "train": "yes",
        "wheelchair": "yes",
        "wikidata": "Q7497140",
        "wikipedia": "ja:新所沢駅"
      },
      "geometry": {
        "type": "Point",
        "coordinates": [
          139.4561526,
          35.8066745
        ]
      },
      "id": "node/7975170093"
    },
    {
      "type": "Feature",
      "properties": {
        "@id": "node/7978379439",
        "KSJ2:LIN": "新宿線",
        "alt_name:ko": "고쿠코엔",
        "name": "航空公園",
        "name:en": "Koku-koen",
        "name:ja": "航空公園",
        "name:ja-Hira": "こうくうこうえん",
        "name:ja_rm": "Kōkū Kōen",
        "name:ko": "항공공원",
        "network": "西武鉄道",
        "network:en": "Seibu Railway",
        "network:ja": "西武鉄道",
        "network:wikidata": "Q83543",
        "note": "National-Land Numerical Information (Railway) 2007, MLIT Japan",
        "note:ja": "国土数値情報（鉄道データ）平成19年 国土交通省",
        "operator": "西武鉄道",
        "public_transport": "station",
        "railway": "station",
        "ref": "SS23",
        "source": "KSJ2",
        "source_ref": "http://nlftp.mlit.go.jp/ksj/jpgis/datalist/KsjTmplt-N02-v1_1.html",
        "train": "yes",
        "wikidata": "Q6455205",
        "wikipedia": "ja:航空公園駅"
      },
      "geometry": {
        "type": "Point",
        "coordinates": [
          139.4656794,
          35.7983033
        ]
      },
      "id": "node/7978379439"
    },
    {
      "type": "Feature",
      "properties": {
        "@id": "node/8057374405",
        "name": "幸手",
        "name:en": "Satte",
        "name:ja": "幸手",
        "name:ja_rm": "Satte",
        "name:ko": "삿테",
        "note": "National-Land Numerical Information (Railway) 2007, MLIT Japan",
        "public_transport": "station",
        "railway": "station",
        "source": "KSJ2",
        "source_ref": "http://nlftp.mlit.go.jp/ksj/jpgis/datalist/KsjTmplt-N02-v1_1.html",
        "wikidata": "Q7426528",
        "wikipedia": "ja:幸手駅"
      },
      "geometry": {
        "type": "Point",
        "coordinates": [
          139.7150064,
          36.0748991
        ]
      },
      "id": "node/8057374405"
    },
    {
      "type": "Feature",
      "properties": {
        "@id": "node/8063012971",
        "name": "栗橋",
        "name:de": "Kurihashi",
        "name:en": "Kurihashi",
        "name:ja-Hira": "くりはし",
        "name:ja-Latn": "Kurihashi",
        "name:ko": "구리하시",
        "name:ru": "Курихаси",
        "public_transport": "station",
        "railway": "station",
        "source": "KSJ2",
        "train": "yes",
        "wikidata": "Q846796",
        "wikipedia": "ja:栗橋駅"
      },
      "geometry": {
        "type": "Point",
        "coordinates": [
          139.6940191,
          36.1369114
        ]
      },
      "id": "node/8063012971"
    },
    {
      "type": "Feature",
      "properties": {
        "@id": "node/8063018734",
        "name": "杉戸高野台",
        "name:en": "Sugito-Takanodai",
        "name:ja": "杉戸高野台",
        "name:ja_rm": "Sugito-Takanodai",
        "name:ko": "스기토타카노다이",
        "note": "National-Land Numerical Information (Railway) 2007, MLIT Japan",
        "public_transport": "station",
        "railway": "station",
        "source": "KSJ2",
        "source_ref": "http://nlftp.mlit.go.jp/ksj/jpgis/datalist/KsjTmplt-N02-v1_1.html",
        "wikidata": "Q7635130",
        "wikipedia": "ja:杉戸高野台駅"
      },
      "geometry": {
        "type": "Point",
        "coordinates": [
          139.7145109,
          36.0516402
        ]
      },
      "id": "node/8063018734"
    },
    {
      "type": "Feature",
      "properties": {
        "@id": "node/8079107627",
        "alt_name": "ホンダ寄居前",
        "alt_name:en": "Honda Yorii-mae",
        "alt_name:ja": "ホンダ寄居前",
        "alt_name:ja-Latn": "Honda Yorii-mae",
        "name": "みなみ寄居",
        "name:en": "Minami-Yorii",
        "name:ja": "みなみ寄居",
        "name:ja-Hira": "みなみよりい",
        "name:ja-Latn": "Minami-Yorii",
        "name:ko": "미나미요리이",
        "public_transport": "station",
        "railway": "station",
        "ref": "TJ 35",
        "start_date": "2020-10-31",
        "strapline": "ホンダ寄居前",
        "strapline:en": "Honda Yorii-mae",
        "strapline:ja": "ホンダ寄居前",
        "strapline:ja-Latn": "Honda Yorii-mae",
        "train": "yes",
        "wikidata": "Q85869544",
        "wikipedia": "ja:みなみ寄居駅"
      },
      "geometry": {
        "type": "Point",
        "coordinates": [
          139.2363597,
          36.0908955
        ]
      },
      "id": "node/8079107627"
    },
    {
      "type": "Feature",
      "properties": {
        "@id": "node/8170394897",
        "name": "西川越",
        "name:en": "Nishi-Kawagoe",
        "name:ja": "西川越",
        "name:ja_rm": "Nishi-Kawagoe",
        "name:ko": "니시카와고에",
        "public_transport": "station",
        "railway": "station",
        "wikidata": "Q844431",
        "wikipedia": "ja:西川越駅"
      },
      "geometry": {
        "type": "Point",
        "coordinates": [
          139.4594957,
          35.919173
        ]
      },
      "id": "node/8170394897"
    },
    {
      "type": "Feature",
      "properties": {
        "@id": "node/8170394898",
        "addr:city": "さいたま市",
        "name": "指扇",
        "name:en": "Sashiogi",
        "name:fr": "Sashiōgi",
        "name:ja": "指扇",
        "name:ja-Hira": "さしおうぎ",
        "name:ja_rm": "Sashiōgi",
        "name:ko": "사시오기",
        "operator": "東日本旅客鉄道",
        "public_transport": "station",
        "railway": "station",
        "wikidata": "Q844454",
        "wikipedia": "ja:指扇駅"
      },
      "geometry": {
        "type": "Point",
        "coordinates": [
          139.5650513,
          35.9171426
        ]
      },
      "id": "node/8170394898"
    },
    {
      "type": "Feature",
      "properties": {
        "@id": "node/8170394903",
        "name": "日進",
        "name:en": "Nisshin",
        "name:fr": "Nisshin",
        "name:ja": "日進",
        "name:ja-Hira": "にっしん",
        "name:ja_rm": "Nisshin",
        "name:ko": "닛신",
        "operator": "東日本旅客鉄道",
        "public_transport": "station",
        "railway": "station",
        "wheelchair": "yes",
        "wikidata": "Q844375",
        "wikipedia": "ja:日進駅 (埼玉県)"
      },
      "geometry": {
        "type": "Point",
        "coordinates": [
          139.6061435,
          35.9315562
        ]
      },
      "id": "node/8170394903"
    },
    {
      "type": "Feature",
      "properties": {
        "@id": "node/8365929678",
        "highway": "motorway_junction",
        "name": "上武IC"
      },
      "geometry": {
        "type": "Point",
        "coordinates": [
          139.3309159,
          36.2030399
        ]
      },
      "id": "node/8365929678"
    },
    {
      "type": "Feature",
      "properties": {
        "@id": "node/8735534799",
        "light_rail": "yes",
        "name": "羽貫",
        "name:en": "Hanuki",
        "name:ja": "羽貫",
        "name:ja-Hira": "はぬき",
        "name:ja_rm": "Hanuki",
        "name:ko": "하누키",
        "operator": "埼玉新都市交通",
        "public_transport": "station",
        "railway": "station",
        "station": "light_rail",
        "wikidata": "Q11610375",
        "wikipedia": "ja:羽貫駅"
      },
      "geometry": {
        "type": "Point",
        "coordinates": [
          139.6084237,
          36.0074524
        ]
      },
      "id": "node/8735534799"
    },
    {
      "type": "Feature",
      "properties": {
        "@id": "node/8891836095",
        "KSJ2:LIN": "八高線",
        "KSJ2:RAS": "eb03_8249",
        "KSJ2:STN": "丹荘",
        "KSJ2:segment": "eb02_17627",
        "name": "丹荘",
        "name:en": "Tansho",
        "name:ja": "丹荘",
        "name:ja-Hira": "たんしょう",
        "name:ja_rm": "Tanshō",
        "name:ko": "단쇼",
        "note": "National-Land Numerical Information (Railway) 2007, MLIT Japan",
        "note:ja": "国土数値情報（鉄道データ）平成19年 国土交通省",
        "public_transport": "station",
        "railway": "station",
        "source": "KSJ2",
        "source_ref": "http://nlftp.mlit.go.jp/ksj/jpgis/datalist/KsjTmplt-N02-v1_1.html",
        "wikidata": "Q845044",
        "wikipedia": "ja:丹荘駅"
      },
      "geometry": {
        "type": "Point",
        "coordinates": [
          139.1024009,
          36.2167339
        ]
      },
      "id": "node/8891836095"
    },
    {
      "type": "Feature",
      "properties": {
        "@id": "node/9081725545",
        "highway": "services",
        "name": "道の駅おがわまち",
        "wikidata": "Q11640684",
        "wikipedia": "ja:道の駅おがわまち"
      },
      "geometry": {
        "type": "Point",
        "coordinates": [
          139.2809122,
          36.0522419
        ]
      },
      "id": "node/9081725545"
    },
    {
      "type": "Feature",
      "properties": {
        "@id": "node/9920471133",
        "internet_access": "wlan",
        "internet_access:fee": "no",
        "internet_access:password": "wadokuroya-01",
        "internet_access:ssid": "CHICHITETSU-FREE-Wi-Fi",
        "name": "和銅黒谷",
        "name:en": "Wado-Kuroya",
        "name:ja": "和銅黒谷",
        "name:ja-Hira": "わどうくろや",
        "name:ja_rm": "Wadō-Kuroya",
        "name:ko": "와도쿠로야",
        "public_transport": "station",
        "railway": "station",
        "wikidata": "Q7959369",
        "wikipedia": "ja:和銅黒谷駅"
      },
      "geometry": {
        "type": "Point",
        "coordinates": [
          139.1017105,
          36.0469146
        ]
      },
      "id": "node/9920471133"
    },
    {
      "type": "Feature",
      "properties": {
        "@id": "node/10837069811",
        "name": "ふかや花園",
        "name:en": "Fukaya-Hanazono",
        "name:ja": "ふかや花園",
        "name:ko": "후카야하나조노",
        "network": "秩父鉄道本線",
        "operator": "秩父鉄道",
        "public_transport": "station",
        "railway": "station",
        "wikidata": "Q30302602",
        "wikipedia": "ja:ふかや花園駅"
      },
      "geometry": {
        "type": "Point",
        "coordinates": [
          139.2480617,
          36.1308138
        ]
      },
      "id": "node/10837069811"
    },
    {
      "type": "Feature",
      "properties": {
        "@id": "node/11002390977",
        "level": "3",
        "name": "大宮",
        "name:de": "Omiya",
        "name:en": "Omiya",
        "name:fr": "Omiya",
        "name:ja": "大宮",
        "name:ja-Hira": "おおみや",
        "name:ja-Latn": "Ōmiya",
        "name:ja_rm": "Ōmiya",
        "name:ko": "오미야",
        "name:ru": "Омия",
        "name:th": "โอมิยะ",
        "name:zh-Hans": "大宫",
        "name:zh-Hant": "大宮",
        "network": "東北新幹線",
        "network:ja-Latn": "Tōhoku Shinkansen",
        "operator": "東日本旅客鉄道",
        "operator:en": "East Japan Railway Company",
        "public_transport": "station",
        "railway": "station",
        "wikidata": "Q11434478",
        "wikipedia": "ja:大宮駅 (西武)"
      },
      "geometry": {
        "type": "Point",
        "coordinates": [
          139.623152,
          35.9061487
        ]
      },
      "id": "node/11002390977"
    },
    {
      "type": "Feature",
      "properties": {
        "@id": "node/11002390985",
        "name": "大宮",
        "name:de": "Omiya",
        "name:en": "Omiya",
        "name:fr": "Omiya",
        "name:ja": "大宮",
        "name:ja-Hira": "おおみや",
        "name:ja-Latn": "Ōmiya",
        "name:ja_rm": "Ōmiya",
        "name:ko": "오미야",
        "name:ru": "Омия",
        "name:th": "โอมิยะ",
        "name:zh-Hans": "大宫",
        "name:zh-Hant": "大宮",
        "network": "東武鉄道",
        "network:en": "Tobu Railway",
        "network:ja": "東武鉄道",
        "network:wikidata": "Q1321914",
        "operator": "東武鉄道",
        "operator:en": "Tobu Railway",
        "operator:ja-Latn": "Tōbu Tetsudō",
        "public_transport": "station",
        "railway": "station",
        "ref": "TD01",
        "train": "yes",
        "website": "https://www.tobu.co.jp/railway/guide/station/info/6102/",
        "wheelchair": "yes"
      },
      "geometry": {
        "type": "Point",
        "coordinates": [
          139.6240786,
          35.9081574
        ]
      },
      "id": "node/11002390985"
    },
    {
      "type": "Feature",
      "properties": {
        "@id": "node/12327689416",
        "building": "yes",
        "layer": "1",
        "name": "武蔵高萩",
        "name:en": "Musashi-Takahagi",
        "name:ja": "武蔵高萩",
        "name:ja_rm": "Musashi-Takahagi",
        "name:ko": "무사시타카하기",
        "public_transport": "station",
        "railway": "station",
        "train": "yes",
        "wikidata": "Q1129108",
        "wikipedia": "ja:武蔵高萩駅"
      },
      "geometry": {
        "type": "Point",
        "coordinates": [
          139.3713498,
          35.9017534
        ]
      },
      "id": "node/12327689416"
    },
    {
      "type": "Feature",
      "properties": {
        "@id": "node/13718181894",
        "highway": "motorway_junction",
        "name": "三郷IC",
        "name:ja-Hira": "みさといんたーちぇんじ",
        "ref": "1;661W",
        "wikidata": "Q10867000",
        "wikipedia": "ja:三郷インターチェンジ"
      },
      "geometry": {
        "type": "Point",
        "coordinates": [
          139.8559024,
          35.8398535
        ]
      },
      "id": "node/13718181894"
    }
  ]
}