{
  "type": "FeatureCollection",
  "generator": "overpass-turbo",
  "copyright": "The data included in this document is from www.openstreetmap.org. The data is made available under ODbL.",
  "timestamp": "2026-08-27T23:11:46Z",
  "features": [
    {
      "type": "Feature",
      "properties": {
        "@id": "way/28717796",
        "addr:block_number": "442",
        "addr:city": "瑞穂町",
        "addr:county": "西多摩郡",
        "addr:postcode": "190-1212",
        "addr:province": "東京都",
        "addr:quarter": "殿ケ谷",
        "branch": "瑞穂店",
        "brand": "ジョイフル本田",
        "landuse": "retail",
        "name": "ジョイフル本田",
        "name:en": "JOYFUL HONDA",
        "name:ja": "ジョイフル本田",
        "name:ja_rm": "Joyoifulu Honda",
        "opening_hours": "Mo-Su 09:00-19:30",
        "operator": "ジョイフル本田",
        "phone": "+81-42-568-2311",
        "shop": "doityourself",
        "website": "https://www.joyfulhonda.com/shoplist/mizuho/",
        "@geometry": "center"
      },
      "geometry": {
        "type": "Point",
        "coordinates": [
          139.3577696,
          35.7604968
        ]
      },
      "id": "way/28717796"
    },
    {
      "type": "Feature",
      "properties": {
        "@id": "way/121874694",
        "addr:block_number": "1",
        "addr:city": "武蔵村山市",
        "addr:country": "JP",
        "addr:housename": "イオンモールむさし村山",
        "addr:housenumber": "3",
        "addr:neighbourhood": "榎一丁目",
        "addr:postcode": "208-0022",
        "addr:province": "東京都",
        "branch": "むさし村山",
        "branch:en": "Musashi Murayama",
        "brand": "イオンモール",
        "brand:en": "AEON MALL",
        "brand:ja": "イオンモール",
        "brand:wikidata": "Q11286068",
        "building": "retail",
        "name": "イオンモール",
        "name:en": "AEON MALL",
        "name:ja": "イオンモール",
        "opening_hours": "09:00-24:00",
        "operator": "AEON",
        "phone": "+81-42-566-81111",
        "shop": "mall",
        "source": "Bing, 2007-04",
        "website": "https://musashimurayama-aeonmall.com/",
        "wikidata": "Q11286073",
        "wikipedia": "ja:イオンモールむさし村山",
        "@geometry": "center"
      },
      "geometry": {
        "type": "Point",
        "coordinates": [
          139.3847502,
          35.7463873
        ]
      },
      "id": "way/121874694"
    },
    {
      "type": "Feature",
      "properties": {
        "@id": "way/154286104",
        "landuse": "retail",
        "name": "イオンモール日の出",
        "name:en": "AEONMALL HINODE",
        "name:ja": "イオンモール日の出",
        "shop": "mall",
        "source": "Bing",
        "website": "https://hinode-aeonmall.com/",
        "wikidata": "Q11286138",
        "wikipedia": "ja:イオンモール日の出",
        "@geometry": "center"
      },
      "geometry": {
        "type": "Point",
        "coordinates": [
          139.275239,
          35.7348033
        ]
      },
      "id": "way/154286104"
    },
    {
      "type": "Feature",
      "properties": {
        "@id": "way/163799555",
        "addr:postcode": "194-0215",
        "branch": "町田多摩境店",
        "brand": "カインズホーム",
        "brand:en": "Cainz Home",
        "brand:ja": "カインズホーム",
        "brand:wikidata": "Q11293852",
        "brand:wikipedia": "ja:カインズ",
        "building": "retail",
        "name": "カインズホーム",
        "name:en": "Cainz Home",
        "name:ja": "カインズホーム",
        "name:ja_rm": "Kainnzu",
        "opening_hours": "Mo-Su 09:00-20:30",
        "operator": "カインズ",
        "phone": "+81-42-7981555",
        "shop": "doityourself",
        "source": "surveyt;Bing",
        "website": "http://www.cainz.co.jp/",
        "@geometry": "center"
      },
      "geometry": {
        "type": "Point",
        "coordinates": [
          139.3749125,
          35.6013806
        ]
      },
      "id": "way/163799555"
    },
    {
      "type": "Feature",
      "properties": {
        "@id": "way/203110498",
        "area": "yes",
        "highway": "services",
        "name": "道の駅 八王子滝山",
        "source": "Bing",
        "wikidata": "Q11641156",
        "@geometry": "center"
      },
      "geometry": {
        "type": "Point",
        "coordinates": [
          139.3416015,
          35.6864791
        ]
      },
      "id": "way/203110498"
    },
    {
      "type": "Feature",
      "properties": {
        "@id": "node/260715070",
        "exit_to": "国立; 府中",
        "exit_to:en": "Kunitachi; Fuchu",
        "highway": "motorway_junction",
        "layer": "1",
        "name": "国立府中IC",
        "name:en": "Kunitachi-Fuchu IC",
        "name:ja": "国立府中IC",
        "name:ja-Hira": "くにたちふちゅういんたーちぇんじ",
        "name:ja_rm": "kunitachi fuchū IC",
        "ref": "4",
        "wikidata": "Q10927054",
        "wikipedia": "ja:国立府中インターチェンジ"
      },
      "geometry": {
        "type": "Point",
        "coordinates": [
          139.4443434,
          35.6694967
        ]
      },
      "id": "node/260715070"
    },
    {
      "type": "Feature",
      "properties": {
        "@id": "node/264813299",
        "KSJ2:LIN": "南武線",
        "contact:website": "https://www.jreast.co.jp/estation/station/info.aspx?StationCd=1155",
        "name": "西国立",
        "name:en": "Nishi-Kunitachi",
        "name:ja": "西国立",
        "name:ja-Hira": "にしくにたち",
        "name:ja-Latn": "Nishi-Kunitachi",
        "name:ko": "니시쿠니타치",
        "note": "National-Land Numerical Information (Railway) 2007, MLIT Japan",
        "note:ja": "国土数値情報（鉄道データ）平成19年　国土交通省",
        "operator": "東日本旅客鉄道",
        "operator:en": "East Japan Railway Company",
        "operator:ja": "東日本旅客鉄道",
        "operator:wikidata": "Q499071",
        "public_transport": "station",
        "railway": "station",
        "ref": "JN25",
        "source": "KSJ2",
        "source_ref": "http://nlftp.mlit.go.jp/ksj/jpgis/datalist/KsjTmplt-N02-v1_1.html",
        "wheelchair": "yes",
        "wikidata": "Q5366355",
        "wikipedia": "ja:西国立駅"
      },
      "geometry": {
        "type": "Point",
        "coordinates": [
          139.4240559,
          35.6934726
        ]
      },
      "id": "node/264813299"
    },
    {
      "type": "Feature",
      "properties": {
        "@id": "node/264813956",
        "contact:website": "https://www.jreast.co.jp/estation/station/info.aspx?StationCd=1374",
        "name": "府中本町",
        "name:en": "Fuchu-Hommachi",
        "name:ja": "府中本町",
        "name:ja-Hira": "ふちゅうほんまち",
        "name:ja-Latn": "Fuchū-Hommachi",
        "name:ko": "후추혼마치",
        "note": "National-Land Numerical Information (Railway) 2007, MLIT Japan",
        "note:ja": "国土数値情報（鉄道データ）平成19年 国土交通省",
        "operator": "東日本旅客鉄道",
        "operator:en": "East Japan Railway Company",
        "operator:ja": "東日本旅客鉄道",
        "operator:wikidata": "Q499071",
        "public_transport": "station",
        "railway": "station",
        "ref": "JN20;JM35",
        "source": "KSJ2",
        "source_ref": "http://nlftp.mlit.go.jp/ksj/jpgis/datalist/KsjTmplt-N02-v1_1.html",
        "wheelchair": "yes",
        "wikidata": "Q800794",
        "wikipedia": "ja:府中本町駅"
      },
      "geometry": {
        "type": "Point",
        "coordinates": [
          139.4771038,
          35.6661053
        ]
      },
      "id": "node/264813956"
    },
    {
      "type": "Feature",
      "properties": {
        "@id": "node/266917678",
        "KSJ2:LIN": "福塩線",
        "KSJ2:STN": "鵜飼",
        "name": "鵜飼",
        "name:en": "Ukai",
        "name:ja": "鵜飼",
        "name:ko": "우카이",
        "note": "National-Land Numerical Information (Railway) 2007, MLIT Japan",
        "note:ja": "国土数値情報（鉄道データ）平成19年　国土交通省",
        "railway": "station",
        "source": "KSJ2",
        "source_ref": "http://nlftp.mlit.go.jp/ksj/jpgis/datalist/KsjTmplt-N02-v1_1.html",
        "wikidata": "Q7878258",
        "wikipedia": "ja:鵜飼駅 (広島県)"
      },
      "geometry": {
        "type": "Point",
        "coordinates": [
          133.2445861,
          34.5678672
        ]
      },
      "id": "node/266917678"
    },
    {
      "type": "Feature",
      "properties": {
        "@id": "node/266917753",
        "KSJ2:LIN": "福塩線",
        "KSJ2:STN": "府中",
        "name": "府中",
        "name:en": "Fuchu",
        "name:ja": "府中",
        "name:ko": "후추",
        "note": "National-Land Numerical Information (Railway) 2007, MLIT Japan",
        "note:ja": "国土数値情報（鉄道データ）平成19年　国土交通省",
        "public_transport": "station",
        "railway": "station",
        "source": "KSJ2",
        "source_ref": "http://nlftp.mlit.go.jp/ksj/jpgis/datalist/KsjTmplt-N02-v1_1.html",
        "wikidata": "Q5506963",
        "wikipedia": "ja:府中駅 (広島県)"
      },
      "geometry": {
        "type": "Point",
        "coordinates": [
          133.2362383,
          34.571538
        ]
      },
      "id": "node/266917753"
    },
    {
      "type": "Feature",
      "properties": {
        "@id": "node/266917778",
        "KSJ2:LIN": "福塩線",
        "KSJ2:STN": "高木",
        "name": "高木",
        "name:en": "Takagi",
        "name:ja": "高木",
        "name:ko": "다카기",
        "note": "National-Land Numerical Information (Railway) 2007, MLIT Japan",
        "note:ja": "国土数値情報（鉄道データ）平成19年　国土交通省",
        "railway": "station",
        "source": "KSJ2",
        "source_ref": "http://nlftp.mlit.go.jp/ksj/jpgis/datalist/KsjTmplt-N02-v1_1.html",
        "wikidata": "Q7677012",
        "wikipedia": "ja:高木駅 (広島県)"
      },
      "geometry": {
        "type": "Point",
        "coordinates": [
          133.2536043,
          34.5628176
        ]
      },
      "id": "node/266917778"
    },
    {
      "type": "Feature",
      "properties": {
        "@id": "node/266918474",
        "KSJ2:LIN": "福塩線",
        "KSJ2:STN": "下川辺",
        "name": "下川辺",
        "name:en": "Shimokawabe",
        "name:ja": "下川辺",
        "name:ja-Hira": "しもかわべ",
        "name:ko": "시모카와베",
        "note": "National-Land Numerical Information (Railway) 2007, MLIT Japan",
        "note:ja": "国土数値情報（鉄道データ）平成19年　国土交通省",
        "public_transport": "station",
        "railway": "station",
        "source": "KSJ2",
        "source_ref": "http://nlftp.mlit.go.jp/ksj/jpgis/datalist/KsjTmplt-N02-v1_1.html",
        "wikidata": "Q7496925",
        "wikipedia": "ja:下川辺駅"
      },
      "geometry": {
        "type": "Point",
        "coordinates": [
          133.2049806,
          34.554579
        ]
      },
      "id": "node/266918474"
    },
    {
      "type": "Feature",
      "properties": {
        "@id": "node/266918823",
        "KSJ2:LIN": "福塩線",
        "KSJ2:STN": "備後矢野",
        "name": "備後矢野",
        "name:en": "Bingo-Yano",
        "name:ja": "備後矢野",
        "name:ja-Hira": "びんごやの",
        "name:ko": "빈고야노",
        "note": "National-Land Numerical Information (Railway) 2007, MLIT Japan",
        "note:ja": "国土数値情報（鉄道データ）平成19年　国土交通省",
        "public_transport": "station",
        "railway": "station",
        "source": "KSJ2",
        "source_ref": "http://nlftp.mlit.go.jp/ksj/jpgis/datalist/KsjTmplt-N02-v1_1.html",
        "wikidata": "Q4914293",
        "wikipedia": "ja:備後矢野駅"
      },
      "geometry": {
        "type": "Point",
        "coordinates": [
          133.125969,
          34.664408
        ]
      },
      "id": "node/266918823"
    },
    {
      "type": "Feature",
      "properties": {
        "@id": "node/266919143",
        "KSJ2:LIN": "福塩線",
        "KSJ2:STN": "河佐",
        "name": "河佐",
        "name:en": "Kawasa",
        "name:ja": "河佐",
        "name:ja-Hira": "かわさ",
        "name:ko": "가와사",
        "note": "National-Land Numerical Information (Railway) 2007, MLIT Japan",
        "note:ja": "国土数値情報（鉄道データ）平成19年　国土交通省",
        "public_transport": "station",
        "railway": "station",
        "source": "KSJ2",
        "source_ref": "http://nlftp.mlit.go.jp/ksj/jpgis/datalist/KsjTmplt-N02-v1_1.html",
        "wikidata": "Q6379714",
        "wikipedia": "ja:河佐駅"
      },
      "geometry": {
        "type": "Point",
        "coordinates": [
          133.166295,
          34.5899839
        ]
      },
      "id": "node/266919143"
    },
    {
      "type": "Feature",
      "properties": {
        "@id": "node/266919673",
        "KSJ2:LIN": "福塩線",
        "KSJ2:STN": "上下",
        "name": "上下",
        "name:en": "Joge",
        "name:ja": "上下",
        "name:ja-Hira": "じょうげ",
        "name:ja-Latn": "Jōge",
        "name:ko": "조게",
        "note": "National-Land Numerical Information (Railway) 2007, MLIT Japan",
        "note:ja": "国土数値情報（鉄道データ）平成19年　国土交通省",
        "public_transport": "station",
        "railway": "station",
        "source": "KSJ2",
        "source_ref": "http://nlftp.mlit.go.jp/ksj/jpgis/datalist/KsjTmplt-N02-v1_1.html",
        "wikidata": "Q6322190",
        "wikipedia": "ja:上下駅"
      },
      "geometry": {
        "type": "Point",
        "coordinates": [
          133.1175879,
          34.6948618
        ]
      },
      "id": "node/266919673"
    },
    {
      "type": "Feature",
      "properties": {
        "@id": "node/266920155",
        "KSJ2:LIN": "福塩線",
        "KSJ2:STN": "中畑",
        "name": "中畑",
        "name:en": "Nakahata",
        "name:ja": "中畑",
        "name:ja-Hira": "なかはた",
        "name:ko": "나카하타",
        "note": "National-Land Numerical Information (Railway) 2007, MLIT Japan",
        "note:ja": "国土数値情報（鉄道データ）平成19年　国土交通省",
        "public_transport": "station",
        "railway": "station",
        "source": "KSJ2",
        "source_ref": "http://nlftp.mlit.go.jp/ksj/jpgis/datalist/KsjTmplt-N02-v1_1.html",
        "wikidata": "Q11366807",
        "wikipedia": "ja:中畑駅 (広島県)"
      },
      "geometry": {
        "type": "Point",
        "coordinates": [
          133.1932492,
          34.5826342
        ]
      },
      "id": "node/266920155"
    },
    {
      "type": "Feature",
      "properties": {
        "@id": "node/267776680",
        "highway": "motorway_junction",
        "name": "稲城IC",
        "name:en": "Inagi IC",
        "name:ja": "稲城IC",
        "name:ja-Hira": "いなぎいんたーちぇんじ",
        "ref": "3-1",
        "wikipedia": "ja:稲城インターチェンジ"
      },
      "geometry": {
        "type": "Point",
        "coordinates": [
          139.5198157,
          35.6556855
        ]
      },
      "id": "node/267776680"
    },
    {
      "type": "Feature",
      "properties": {
        "@id": "node/267803495",
        "highway": "motorway_junction",
        "layer": "1",
        "name": "国立府中IC",
        "name:en": "Kunitachi Fuchu IC",
        "name:ja": "国立府中IC",
        "name:ja-Hira": "くにたちふちゅういんたーちぇんじ",
        "name:ja_rm": "Kunitachi Fuchu IC",
        "ref": "4",
        "wikidata": "Q10927054",
        "wikipedia": "ja:国立府中インターチェンジ"
      },
      "geometry": {
        "type": "Point",
        "coordinates": [
          139.4381781,
          35.6749677
        ]
      },
      "id": "node/267803495"
    },
    {
      "type": "Feature",
      "properties": {
        "@id": "node/267803515",
        "highway": "motorway_junction",
        "name": "府中スマートIC",
        "name:en": "Fuchu SIC",
        "name:ja": "府中スマートIC",
        "name:ja-Hira": "ふちゅうすまーといんたーちぇんじ",
        "ref": "3-2",
        "wikipedia": "ja:府中バスストップ"
      },
      "geometry": {
        "type": "Point",
        "coordinates": [
          139.4930844,
          35.6601609
        ]
      },
      "id": "node/267803515"
    },
    {
      "type": "Feature",
      "properties": {
        "@id": "node/270618091",
        "highway": "motorway_junction",
        "name": "あきる野ＩＣ",
        "name:en": "Akiruno IC",
        "name:ja": "あきる野IC",
        "name:ja-Hira": "あきるのいんたーちぇんじ",
        "name:ja_rm": "Akiruno IC",
        "official_name:en": "National Highway Route 468",
        "ref": "42",
        "source:name": "wikipedia",
        "source:ref": "wikipedia",
        "wikidata": "Q11257027",
        "wikipedia": "ja:あきる野インターチェンジ"
      },
      "geometry": {
        "type": "Point",
        "coordinates": [
          139.2830673,
          35.716777
        ]
      },
      "id": "node/270618091"
    },
    {
      "type": "Feature",
      "properties": {
        "@id": "node/270618096",
        "highway": "motorway_junction",
        "name": "日の出ＩＣ",
        "name:en": "Hinode IC",
        "name:ja": "日の出IC",
        "name:ja-Hira": "ひのでいんたーちぇんじ",
        "name:ja_rm": "Hinode IC",
        "official_name:en": "National Highway Route 468",
        "ref": "43",
        "source:name": "wikipedia",
        "source:ref": "wikipedia",
        "wikidata": "Q11086045",
        "wikipedia": "ja:日の出インターチェンジ (東京都)"
      },
      "geometry": {
        "type": "Point",
        "coordinates": [
          139.2827258,
          35.732762
        ]
      },
      "id": "node/270618096"
    },
    {
      "type": "Feature",
      "properties": {
        "@id": "node/270898294",
        "highway": "motorway_junction",
        "name": "八王子西ＩＣ",
        "name:en": "hatiohji-west IC",
        "name:ja": "八王子西IC",
        "name:ja-Hira": "はちおうじにしいんたーちぇんじ",
        "name:ja_rm": "hatiohji-nishi IC",
        "official_name:en": "National Highway Route 468",
        "ref": "41",
        "source:name": "wikipedia",
        "source:ref": "wikipedia",
        "wikidata": "Q10892300",
        "wikipedia": "ja:八王子西インターチェンジ"
      },
      "geometry": {
        "type": "Point",
        "coordinates": [
          139.2512742,
          35.675478
        ]
      },
      "id": "node/270898294"
    },
    {
      "type": "Feature",
      "properties": {
        "@id": "node/270898760",
        "highway": "motorway_junction",
        "name": "青梅IC",
        "name:en": "Ome IC",
        "name:ja": "青梅IC",
        "name:ja-Hira": "おうめいんたーちぇんじ",
        "name:ja_rm": "Ome IC",
        "official_name:en": "National Highway Route 468",
        "ref": "44",
        "source:name": "wikipedia",
        "source:ref": "wikipedia",
        "wikidata": "Q11661975",
        "wikipedia": "ja:青梅インターチェンジ"
      },
      "geometry": {
        "type": "Point",
        "coordinates": [
          139.3199245,
          35.7965024
        ]
      },
      "id": "node/270898760"
    },
    {
      "type": "Feature",
      "properties": {
        "@id": "node/278281739",
        "highway": "motorway_junction",
        "layer": "1",
        "name": "調布IC",
        "name:en": "Chofu IC",
        "name:ja": "調布IC",
        "name:ja-Hira": "ちょうふいんたーちぇんじ",
        "name:ja_rm": "chōfu",
        "ref": "3",
        "wikipedia": "ja:調布インターチェンジ"
      },
      "geometry": {
        "type": "Point",
        "coordinates": [
          139.5387812,
          35.6623653
        ]
      },
      "id": "node/278281739"
    },
    {
      "type": "Feature",
      "properties": {
        "@id": "node/280475835",
        "name": "八王子みなみ野",
        "name:en": "Hachiojiminamino",
        "name:ja": "八王子みなみ野",
        "name:ja-Hira": "はちおうじみなみの",
        "name:ja_rm": "Hachiōji Minamino",
        "name:ko": "하치오지미나미노",
        "operator": "東日本旅客鉄道",
        "operator:en": "East Japan Railway Company",
        "public_transport": "station",
        "railway": "station",
        "ref": "JH30",
        "source": "KSJ2",
        "train": "yes",
        "wikidata": "Q844693",
        "wikipedia": "ja:八王子みなみ野駅"
      },
      "geometry": {
        "type": "Point",
        "coordinates": [
          139.3309341,
          35.6312559
        ]
      },
      "id": "node/280475835"
    },
    {
      "type": "Feature",
      "properties": {
        "@id": "node/280475844",
        "name": "片倉",
        "name:en": "Katakura",
        "name:ja": "片倉",
        "name:ja-Hira": "かたくら",
        "name:ja-Latn": "Katakura",
        "name:ko": "가타쿠라",
        "operator": "東日本旅客鉄道",
        "operator:en": "East Japan Railway Company",
        "public_transport": "station",
        "railway": "station",
        "ref": "JH31",
        "source": "KSJ2",
        "train": "yes",
        "wheelchair": "yes",
        "wikidata": "Q844653",
        "wikipedia": "ja:片倉駅"
      },
      "geometry": {
        "type": "Point",
        "coordinates": [
          139.3414342,
          35.6398013
        ]
      },
      "id": "node/280475844"
    },
    {
      "type": "Feature",
      "properties": {
        "@id": "node/280476769",
        "name": "相原",
        "name:en": "Aihara",
        "name:ja": "相原",
        "name:ja-Hira": "あいはら",
        "name:ja-Latn": "Aihara",
        "name:ko": "아이하라",
        "operator": "東日本旅客鉄道",
        "operator:en": "East Japan Railway Company",
        "public_transport": "station",
        "railway": "station",
        "source": "KSJ2",
        "train": "yes",
        "wheelchair": "yes",
        "wikidata": "Q844635",
        "wikipedia": "ja:相原駅"
      },
      "geometry": {
        "type": "Point",
        "coordinates": [
          139.3316885,
          35.6068438
        ]
      },
      "id": "node/280476769"
    },
    {
      "type": "Feature",
      "properties": {
        "@id": "node/280623187",
        "name": "京王永山",
        "name:en": "Keio-Nagayama",
        "name:ja": "京王永山",
        "name:ja-Hira": "けいおうながやま",
        "name:ja_rm": "Keiō Nagayama",
        "name:ko": "나가야마",
        "note": "National-Land Numerical Information (Railway) 2007, MLIT Japan",
        "note:ja": "国土数値情報（鉄道データ）平成19年 国土交通省",
        "operator": "京王電鉄",
        "public_transport": "station",
        "railway": "station",
        "ref": "KO40",
        "source": "KSJ2",
        "train": "yes",
        "wikidata": "Q1061400",
        "wikipedia": "ja:永山駅 (東京都)"
      },
      "geometry": {
        "type": "Point",
        "coordinates": [
          139.4483564,
          35.6302581
        ]
      },
      "id": "node/280623187"
    },
    {
      "type": "Feature",
      "properties": {
        "@id": "node/280623691",
        "name": "調布",
        "name:en": "Chofu",
        "name:ja": "調布",
        "name:ja-Hira": "ちょうふ",
        "name:ja_rm": "Chōfu",
        "name:ko": "조후",
        "name:ru": "Тёфу",
        "note": "National-Land Numerical Information (Railway) 2007, MLIT Japan",
        "operator": "京王電鉄",
        "public_transport": "station",
        "railway": "station",
        "ref": "KO18",
        "source": "KSJ2",
        "source_ref": "http://nlftp.mlit.go.jp/ksj/jpgis/datalist/KsjTmplt-N02-v1_1.html",
        "wikidata": "Q1063956",
        "wikipedia": "ja:調布駅"
      },
      "geometry": {
        "type": "Point",
        "coordinates": [
          139.5448061,
          35.6517768
        ]
      },
      "id": "node/280623691"
    },
    {
      "type": "Feature",
      "properties": {
        "@id": "node/280630323",
        "monorail": "yes",
        "name": "玉川上水",
        "name:en": "Tamagawa-Josui",
        "name:ja": "玉川上水",
        "name:ja-Hira": "たまがわじょうすい",
        "name:ja_rm": "Tamagawa-Jōsui",
        "name:ko": "다마가와조스이",
        "operator": "多摩都市モノレール",
        "public_transport": "station",
        "railway": "station",
        "ref": "SS33",
        "source": "KSJ2",
        "source_ref": "http://nlftp.mlit.go.jp/ksj/jpgis/datalist/KsjTmplt-N02-v1_1.html",
        "station": "monorail",
        "train": "yes",
        "wikidata": "Q842489",
        "wikipedia": "ja:玉川上水駅"
      },
      "geometry": {
        "type": "Point",
        "coordinates": [
          139.4178727,
          35.7322373
        ]
      },
      "id": "node/280630323"
    },
    {
      "type": "Feature",
      "properties": {
        "@id": "node/280630702",
        "monorail": "yes",
        "name": "高幡不動",
        "name:en": "Takahatafudo",
        "name:ja": "高幡不動",
        "name:ja-Hira": "たかはたふどう",
        "name:ja_rm": "Takahata fudō",
        "name:ko": "다카하타후도",
        "name:ru": "Такахатафудо",
        "note": "National-Land Numerical Information (Railway) 2007, MLIT Japan",
        "note:ja": "国土数値情報（鉄道データ）平成19年 国土交通省",
        "operator": "多摩都市モノレール",
        "public_transport": "station",
        "railway": "station",
        "source": "KSJ2",
        "source_ref": "http://nlftp.mlit.go.jp/ksj/jpgis/datalist/KsjTmplt-N02-v1_1.html",
        "station": "monorail",
        "toilets:wheelchair": "yes",
        "wheelchair": "yes",
        "wikidata": "Q1064614",
        "wikipedia": "ja:高幡不動駅"
      },
      "geometry": {
        "type": "Point",
        "coordinates": [
          139.4151494,
          35.66128
        ]
      },
      "id": "node/280630702"
    },
    {
      "type": "Feature",
      "properties": {
        "@id": "node/280630995",
        "monorail": "yes",
        "name": "立川北",
        "name:en": "Tachikawa-Kita",
        "name:ja": "立川北",
        "name:ja-Hira": "たちかわきた",
        "name:ja_rm": "Tachikawa kita",
        "name:ko": "다치카와키타",
        "operator": "多摩都市モノレール",
        "public_transport": "station",
        "railway": "station",
        "source": "KSJ2",
        "source_ref": "http://nlftp.mlit.go.jp/ksj/jpgis/datalist/KsjTmplt-N02-v1_1.html",
        "station": "monorail",
        "train": "yes",
        "wikidata": "Q844136",
        "wikipedia": "ja:立川北駅"
      },
      "geometry": {
        "type": "Point",
        "coordinates": [
          139.4124953,
          35.6994167
        ]
      },
      "id": "node/280630995"
    },
    {
      "type": "Feature",
      "properties": {
        "@id": "node/280653191",
        "name": "唐木田",
        "name:de": "Karakida",
        "name:en": "Karakida",
        "name:ja": "唐木田",
        "name:ja-Hira": "からきだ",
        "name:ja_rm": "Karakida",
        "name:ko": "가라키다",
        "name:ru": "Каракида",
        "operator": "小田急電鉄",
        "public_transport": "station",
        "railway": "station",
        "ref": "OT07",
        "source": "KSJ2",
        "train": "yes",
        "wheelchair": "yes",
        "wikidata": "Q4213880",
        "wikipedia": "ja:唐木田駅"
      },
      "geometry": {
        "type": "Point",
        "coordinates": [
          139.4111316,
          35.6158467
        ]
      },
      "id": "node/280653191"
    },
    {
      "type": "Feature",
      "properties": {
        "@id": "node/281365138",
        "contact:website": "https://www.odakyu.jp/station/tsurukawa/",
        "name": "鶴川",
        "name:en": "Tsurukawa",
        "name:ja": "鶴川",
        "name:ja-Hira": "つるかわ",
        "name:ja-Latn": "Tsurukawa",
        "name:ko": "쓰루카와",
        "name:ru": "Цурукава",
        "operator": "小田急電鉄",
        "operator:en": "Odakyu Electric Railway",
        "operator:ja": "小田急電鉄",
        "operator:wikidata": "Q83584",
        "public_transport": "station",
        "railway": "station",
        "ref": "OH25",
        "train": "yes",
        "wheelchair": "yes",
        "wikidata": "Q4506208",
        "wikipedia": "ja:鶴川駅"
      },
      "geometry": {
        "type": "Point",
        "coordinates": [
          139.4816019,
          35.5831049
        ]
      },
      "id": "node/281365138"
    },
    {
      "type": "Feature",
      "properties": {
        "@id": "node/281366404",
        "contact:website": "https://www.odakyu.jp/station/tamagawagakuen_mae/",
        "name": "玉川学園前",
        "name:en": "Tamagawagakuen-mae",
        "name:ja": "玉川学園前",
        "name:ja-Hira": "たまがわがくえんまえ",
        "name:ja-Latn": "Tamagawagakuen-mae",
        "name:ko": "다마가와가쿠엔마에",
        "name:ru": "Тамагавагакуэн-маэ",
        "operator": "小田急電鉄",
        "operator:en": "Odakyu Electric Railway",
        "operator:ja": "小田急電鉄",
        "operator:wikidata": "Q83584",
        "public_transport": "station",
        "railway": "station",
        "ref": "OH26",
        "source": "KSJ2",
        "wheelchair": "yes",
        "wikidata": "Q7680544",
        "wikipedia": "ja:玉川学園前駅"
      },
      "geometry": {
        "type": "Point",
        "coordinates": [
          139.4635266,
          35.5636494
        ]
      },
      "id": "node/281366404"
    },
    {
      "type": "Feature",
      "properties": {
        "@id": "node/281366638",
        "contact:website": "https://www.odakyu.jp/station/komae/",
        "name": "狛江",
        "name:de": "Komae",
        "name:en": "Komae",
        "name:fr": "Komae",
        "name:ja": "狛江",
        "name:ja-Hira": "こまえ",
        "name:ja-Latn": "Komae",
        "name:ko": "고마에",
        "name:ru": "Комаэ",
        "network": "小田急電鉄",
        "network:en": "Odakyu Electric Railway",
        "network:ja": "小田急電鉄",
        "network:wikidata": "Q83584",
        "operator": "小田急電鉄",
        "operator:en": "Odakyu Electric Railway",
        "operator:ja": "小田急電鉄",
        "operator:wikidata": "Q83584",
        "public_transport": "station",
        "railway": "station",
        "ref": "OH16",
        "source": "KSJ2",
        "toilets:wheelchair": "yes",
        "train": "yes",
        "wheelchair": "yes",
        "wikidata": "Q4229429",
        "wikipedia": "ja:狛江駅"
      },
      "geometry": {
        "type": "Point",
        "coordinates": [
          139.5774238,
          35.632315
        ]
      },
      "id": "node/281366638"
    },
    {
      "type": "Feature",
      "properties": {
        "@id": "node/281417535",
        "name": "西調布",
        "name:en": "Nishi-chofu",
        "name:ja": "西調布",
        "name:ja-Hira": "にしちょうふ",
        "name:ja_rm": "Nishi Chōfu",
        "name:ko": "니시초후",
        "name:ru": "Ниси-Тёфу",
        "operator": "京王電鉄",
        "public_transport": "station",
        "railway": "station",
        "ref": "KO19",
        "source": "KSJ2",
        "train": "yes",
        "wikidata": "Q4321505",
        "wikipedia": "ja:西調布駅"
      },
      "geometry": {
        "type": "Point",
        "coordinates": [
          139.530194,
          35.6570625
        ]
      },
      "id": "node/281417535"
    },
    {
      "type": "Feature",
      "properties": {
        "@id": "node/281417843",
        "name": "武蔵野台",
        "name:en": "Musashinodai",
        "name:ja": "武蔵野台",
        "name:ja-Hira": "むさしのだい",
        "name:ja-Latn": "Musashinodai",
        "name:ko": "무사시노다이",
        "name:ru": "Мусасинодай",
        "operator": "京王電鉄",
        "public_transport": "station",
        "railway": "station",
        "ref": "KO21",
        "source": "KSJ2",
        "train": "yes",
        "wikidata": "Q4308321",
        "wikipedia": "ja:武蔵野台駅"
      },
      "geometry": {
        "type": "Point",
        "coordinates": [
          139.5109606,
          35.6642284
        ]
      },
      "id": "node/281417843"
    },
    {
      "type": "Feature",
      "properties": {
        "@id": "node/281417962",
        "alt_name": "味の素スタジアム前",
        "name": "飛田給",
        "name:en": "Tobitakyu",
        "name:ja": "飛田給",
        "name:ja-Hira": "とびたきゅう",
        "name:ja-Latn": "Tobitakyū",
        "name:ko": "도비타큐",
        "name:ru": "Тобитакю",
        "operator": "京王電鉄",
        "public_transport": "station",
        "railway": "station",
        "ref": "KO20",
        "source": "KSJ2",
        "toilets": "yes",
        "train": "yes",
        "website": "https://www.keio.co.jp/train/station/ko20_tobitakyu/",
        "wikidata": "Q4459114",
        "wikipedia": "ja:飛田給駅"
      },
      "geometry": {
        "type": "Point",
        "coordinates": [
          139.5232293,
          35.660248
        ]
      },
      "id": "node/281417962"
    },
    {
      "type": "Feature",
      "properties": {
        "@id": "node/281458957",
        "KSJ2:LIN": "高尾線",
        "name": "狭間",
        "name:en": "Hazama",
        "name:ja": "狭間",
        "name:ja-Hira": "はざま",
        "name:ja_rm": "Hazama",
        "name:ko": "하자마",
        "note": "National-Land Numerical Information (Railway) 2007, MLIT Japan",
        "note:ja": "国土数値情報（鉄道データ）平成19年 国土交通省",
        "operator": "京王電鉄",
        "public_transport": "station",
        "railway": "station",
        "ref": "KO51",
        "source": "KSJ2",
        "source_ref": "http://nlftp.mlit.go.jp/ksj/jpgis/datalist/KsjTmplt-N02-v1_1.html",
        "toilets:wheelchair": "yes",
        "wheelchair": "yes",
        "wikidata": "Q4494570",
        "wikipedia": "ja:狭間駅"
      },
      "geometry": {
        "type": "Point",
        "coordinates": [
          139.2933098,
          35.6405959
        ]
      },
      "id": "node/281458957"
    },
    {
      "type": "Feature",
      "properties": {
        "@id": "node/281459052",
        "KSJ2:LIN": "高尾線",
        "name": "めじろ台",
        "name:en": "Mejirodai",
        "name:ja": "めじろ台",
        "name:ja-Hira": "めじろだい",
        "name:ja_rm": "Mejirodai",
        "name:ko": "메지로다이",
        "note": "National-Land Numerical Information (Railway) 2007, MLIT Japan",
        "note:ja": "国土数値情報（鉄道データ）平成19年 国土交通省",
        "operator": "京王電鉄",
        "public_transport": "station",
        "railway": "station",
        "ref": "KO50",
        "source": "KSJ2",
        "source_ref": "http://nlftp.mlit.go.jp/ksj/jpgis/datalist/KsjTmplt-N02-v1_1.html",
        "toilets:wheelchair": "yes",
        "wheelchair": "yes",
        "wikidata": "Q6810499",
        "wikipedia": "ja:めじろ台駅"
      },
      "geometry": {
        "type": "Point",
        "coordinates": [
          139.30772,
          35.6434031
        ]
      },
      "id": "node/281459052"
    },
    {
      "type": "Feature",
      "properties": {
        "@id": "node/281459064",
        "name": "山田",
        "name:en": "Yamada",
        "name:ja": "山田",
        "name:ja-Hira": "やまだ",
        "name:ja_rm": "Yamada",
        "name:ko": "야마다",
        "operator": "京王電鉄",
        "public_transport": "station",
        "railway": "station",
        "ref": "KO49",
        "source": "KSJ2",
        "wheelchair": "yes",
        "wikidata": "Q4537539",
        "wikipedia": "ja:山田駅 (東京都)"
      },
      "geometry": {
        "type": "Point",
        "coordinates": [
          139.3211783,
          35.6444148
        ]
      },
      "id": "node/281459064"
    },
    {
      "type": "Feature",
      "properties": {
        "@id": "node/281459067",
        "name": "京王片倉",
        "name:en": "Keio-katakura",
        "name:ja": "京王片倉",
        "name:ja-Hira": "けいおうかたくら",
        "name:ja_rm": "Keiō Katakura",
        "name:ko": "게이오가타쿠라",
        "operator": "京王電鉄",
        "public_transport": "station",
        "railway": "station",
        "ref": "KO48",
        "source": "KSJ2",
        "wheelchair": "limited",
        "wikidata": "Q4251056",
        "wikipedia": "ja:京王片倉駅"
      },
      "geometry": {
        "type": "Point",
        "coordinates": [
          139.3370743,
          35.6443504
        ]
      },
      "id": "node/281459067"
    },
    {
      "type": "Feature",
      "properties": {
        "@id": "node/298329478",
        "name": "箱根ヶ崎",
        "name:en": "Hakonegasaki",
        "name:ja": "箱根ヶ崎",
        "name:ja_rm": "Hakonegasaki",
        "name:ko": "하코네가사키",
        "note": "National-Land Numerical Information (Railway) 2007, MLIT Japan",
        "note:ja": "国土数値情報（鉄道データ）平成19年　国土交通省",
        "public_transport": "station",
        "railway": "station",
        "source": "KSJ2",
        "source_ref": "http://nlftp.mlit.go.jp/ksj/jpgis/datalist/KsjTmplt-N02-v1_1.html",
        "wikidata": "Q844354",
        "wikipedia": "ja:箱根ケ崎駅"
      },
      "geometry": {
        "type": "Point",
        "coordinates": [
          139.3467422,
          35.7713447
        ]
      },
      "id": "node/298329478"
    },
    {
      "type": "Feature",
      "properties": {
        "@id": "node/298329480",
        "KSJ2:LIN": "八高線",
        "KSJ2:RAS": "eb03_8263",
        "KSJ2:STN": "北八王子",
        "KSJ2:segment": "eb02_17605",
        "name": "北八王子",
        "name:en": "Kita-Hachiōji",
        "name:ja": "北八王子",
        "name:ja_rm": "Kita-Hachiōji",
        "name:ko": "기타하치오지",
        "note": "National-Land Numerical Information (Railway) 2007, MLIT Japan",
        "note:ja": "国土数値情報（鉄道データ）平成19年 国土交通省",
        "public_transport": "station",
        "railway": "station",
        "source": "KSJ2",
        "source_ref": "http://nlftp.mlit.go.jp/ksj/jpgis/datalist/KsjTmplt-N02-v1_1.html",
        "wikidata": "Q844347",
        "wikipedia": "ja:北八王子駅"
      },
      "geometry": {
        "type": "Point",
        "coordinates": [
          139.3634506,
          35.6694474
        ]
      },
      "id": "node/298329480"
    },
    {
      "type": "Feature",
      "properties": {
        "@id": "node/298330909",
        "KSJ2:LIN": "八高線",
        "KSJ2:RAS": "eb03_8258",
        "KSJ2:STN": "小宮",
        "KSJ2:segment": "eb02_17603",
        "name": "小宮",
        "name:en": "Komiya",
        "name:ja": "小宮",
        "name:ja_rm": "Komiya",
        "name:ko": "고미야",
        "note": "National-Land Numerical Information (Railway) 2007, MLIT Japan",
        "note:ja": "国土数値情報（鉄道データ）平成19年　国土交通省",
        "railway": "station",
        "source": "KSJ2",
        "source_ref": "http://nlftp.mlit.go.jp/ksj/jpgis/datalist/KsjTmplt-N02-v1_1.html",
        "wikidata": "Q844334",
        "wikipedia": "ja:小宮駅"
      },
      "geometry": {
        "type": "Point",
        "coordinates": [
          139.3688288,
          35.6855706
        ]
      },
      "id": "node/298330909"
    },
    {
      "type": "Feature",
      "properties": {
        "@id": "node/298330916",
        "name": "東福生",
        "name:en": "Higashi-Fussa",
        "name:ja": "東福生",
        "name:ja-Hira": "ひがしふっさ",
        "name:ja_rm": "Higashi-Fussa",
        "name:ko": "히가시훗사",
        "network": "JR八高線(八王子～高麗川)",
        "note": "National-Land Numerical Information (Railway) 2007, MLIT Japan",
        "note:ja": "国土数値情報（鉄道データ）平成19年　国土交通省",
        "operator": "East Japan Railway",
        "public_transport": "station",
        "railway": "station",
        "source": "KSJ2",
        "source_ref": "http://nlftp.mlit.go.jp/ksj/jpgis/datalist/KsjTmplt-N02-v1_1.html",
        "wikidata": "Q844330",
        "wikipedia": "ja:東福生駅"
      },
      "geometry": {
        "type": "Point",
        "coordinates": [
          139.3359519,
          35.7457424
        ]
      },
      "id": "node/298330916"
    },
    {
      "type": "Feature",
      "properties": {
        "@id": "node/305545683",
        "name": "昭島",
        "name:en": "Akishima",
        "name:ja": "昭島",
        "name:ja-Hira": "あきしま",
        "name:ja_rm": "Akishima",
        "name:ko": "아키시마",
        "note": "National-Land Numerical Information (Railway) 2007, MLIT Japan",
        "note:ja": "国土数値情報（鉄道データ）平成19年 国土交通省",
        "public_transport": "station",
        "railway": "station",
        "source": "KSJ2",
        "source_ref": "http://nlftp.mlit.go.jp/ksj/jpgis/datalist/KsjTmplt-N02-v1_1.html",
        "wikidata": "Q844152",
        "wikipedia": "ja:昭島駅"
      },
      "geometry": {
        "type": "Point",
        "coordinates": [
          139.3608938,
          35.7135703
        ]
      },
      "id": "node/305545683"
    },
    {
      "type": "Feature",
      "properties": {
        "@id": "node/311094336",
        "layer": "5",
        "monorail": "yes",
        "name": "多摩センター",
        "name:en": "Tama Center",
        "name:ja": "多摩センター",
        "name:ja-Hira": "たませんたー",
        "name:ja_rm": "Tama sentā",
        "name:ko": "다마센터",
        "name:zh": "多摩中央",
        "operator": "多摩都市モノレール",
        "public_transport": "station",
        "railway": "station",
        "source": "KSJ2",
        "station": "monorail",
        "wheelchair": "yes",
        "wikidata": "Q988468",
        "wikipedia": "ja:多摩センター駅"
      },
      "geometry": {
        "type": "Point",
        "coordinates": [
          139.4228734,
          35.6239385
        ]
      },
      "id": "node/311094336"
    },
    {
      "type": "Feature",
      "properties": {
        "@id": "node/339082698",
        "name": "高幡不動",
        "name:en": "Takahatafudo",
        "name:ja": "高幡不動",
        "name:ja-Hira": "たかはたふどう",
        "name:ja_rm": "Takahata fudō",
        "name:ko": "다카하타후도",
        "name:ru": "Такахатафудо",
        "note": "National-Land Numerical Information (Railway) 2007, MLIT Japan",
        "note:ja": "国土数値情報（鉄道データ）平成19年 国土交通省",
        "operator": "京王電鉄",
        "public_transport": "station",
        "railway": "station",
        "ref": "KO29",
        "source": "KSJ2",
        "source_ref": "http://nlftp.mlit.go.jp/ksj/jpgis/datalist/KsjTmplt-N02-v1_1.html",
        "wikidata": "Q1064614",
        "wikipedia": "ja:高幡不動駅"
      },
      "geometry": {
        "type": "Point",
        "coordinates": [
          139.4133069,
          35.6621725
        ]
      },
      "id": "node/339082698"
    },
    {
      "type": "Feature",
      "properties": {
        "@id": "node/412187550",
        "KSJ2:LIN": "多摩川線",
        "name": "是政",
        "name:en": "Koremasa",
        "name:ja": "是政",
        "name:ja-Hira": "これまさ",
        "name:ja_rm": "Koremasa",
        "name:ko": "고레마사",
        "network": "西武鉄道",
        "network:en": "Seibu Railway",
        "network:ja": "西武鉄道",
        "network:wikidata": "Q83543",
        "note": "National-Land Numerical Information (Railway) 2007, MLIT Japan",
        "note:ja": "国土数値情報（鉄道データ）平成19年 国土交通省",
        "operator": "西武鉄道",
        "public_transport": "station",
        "railway": "station",
        "ref": "SW06",
        "source": "KSJ2",
        "source_ref": "http://nlftp.mlit.go.jp/ksj/jpgis/datalist/KsjTmplt-N02-v1_1.html",
        "train": "yes",
        "wheelchair": "yes",
        "wikidata": "Q5367981",
        "wikipedia": "ja:是政駅"
      },
      "geometry": {
        "type": "Point",
        "coordinates": [
          139.4893214,
          35.656312
        ]
      },
      "id": "node/412187550"
    },
    {
      "type": "Feature",
      "properties": {
        "@id": "node/473210451",
        "name": "武蔵五日市",
        "name:en": "Musashi-Itsukaichi",
        "name:ja": "武蔵五日市",
        "name:ja_rm": "Musashi-Itsukaichi",
        "name:ko": "무사시이쓰카이치",
        "operator": "東日本旅客鉄道",
        "public_transport": "station",
        "railway": "station",
        "wikidata": "Q6940131",
        "wikipedia": "ja:武蔵五日市駅"
      },
      "geometry": {
        "type": "Point",
        "coordinates": [
          139.2281606,
          35.7323496
        ]
      },
      "id": "node/473210451"
    },
    {
      "type": "Feature",
      "properties": {
        "@id": "node/494736281",
        "addr:block_number": "24",
        "addr:city": "三鷹市",
        "addr:neighbourhood": "１丁目",
        "addr:postcode": "181-0014",
        "addr:province": "東京都",
        "addr:quarter": "野崎",
        "branch": "東八三鷹店",
        "name": "ドン・キホーテ",
        "name:en": "Don Quixote",
        "name:ja": "ドン・キホーテ",
        "not:brand:wikidata": "Q1185381",
        "opening_hours": "Mo-Su 09:00-26:00",
        "payment:cash": "yes",
        "payment:credit_cards": "yes",
        "phone": "+81-422-39-3311",
        "shop": "supermarket"
      },
      "geometry": {
        "type": "Point",
        "coordinates": [
          139.5491048,
          35.6815085
        ]
      },
      "id": "node/494736281"
    },
    {
      "type": "Feature",
      "properties": {
        "@id": "node/664579528",
        "KSJ2:LIN": "池袋線",
        "name": "秋津",
        "name:en": "Akitsu",
        "name:ja": "秋津",
        "name:ja-Hira": "あきつ",
        "name:ja_rm": "Akitsu",
        "name:ko": "아키쓰",
        "network": "西武鉄道",
        "network:en": "Seibu Railway",
        "network:ja": "西武鉄道",
        "network:wikidata": "Q83543",
        "note": "National-Land Numerical Information (Railway) 2007, MLIT Japan",
        "note:ja": "国土数値情報（鉄道データ）平成19年 国土交通省",
        "operator": "西武鉄道",
        "public_transport": "station",
        "railway": "station",
        "ref": "SI16",
        "source": "KSJ2",
        "source_ref": "http://nlftp.mlit.go.jp/ksj/jpgis/datalist/KsjTmplt-N02-v1_1.html",
        "train": "yes",
        "wikidata": "Q842513",
        "wikipedia": "ja:秋津駅"
      },
      "geometry": {
        "type": "Point",
        "coordinates": [
          139.496609,
          35.7785324
        ]
      },
      "id": "node/664579528"
    },
    {
      "type": "Feature",
      "properties": {
        "@id": "node/675449217",
        "name": "清滝",
        "name:en": "Kiyotaki",
        "name:ja": "清滝",
        "name:ja-Hira": "きよたき",
        "name:ko": "기요타키",
        "public_transport": "station",
        "railway": "station",
        "station": "funicular",
        "wheelchair": "yes",
        "wikidata": "Q11669253",
        "wikipedia": "ja:高尾登山電鉄の駅"
      },
      "geometry": {
        "type": "Point",
        "coordinates": [
          139.2668989,
          35.6311026
        ]
      },
      "id": "node/675449217"
    },
    {
      "type": "Feature",
      "properties": {
        "@id": "node/676637945",
        "loc_name": "Takaosan",
        "name": "高尾山",
        "name:en": "Takaosan",
        "name:ja": "高尾山",
        "name:ja-Hira": "たかおさん",
        "name:ja_rm": "Takaosan",
        "name:ko": "다카오산",
        "public_transport": "station",
        "railway": "station",
        "station": "funicular",
        "wikidata": "Q11669253",
        "wikipedia": "ja:高尾登山電鉄の駅"
      },
      "geometry": {
        "type": "Point",
        "coordinates": [
          139.2560936,
          35.6310943
        ]
      },
      "id": "node/676637945"
    },
    {
      "type": "Feature",
      "properties": {
        "@id": "node/722188489",
        "KSJ2:LIN": "御岳登山鉄道",
        "KSJ2:RAS": "eb03_2046",
        "KSJ2:STN": "滝本",
        "KSJ2:segment": "eb02_4170",
        "name": "滝本",
        "name:en": "Takimoto",
        "name:es": "Takimoto",
        "name:ja": "滝本",
        "name:ja-Hira": "たきもと",
        "name:ja_rm": "Takimoto",
        "name:ko": "다키모토",
        "note": "National-Land Numerical Information (Railway) 2007, MLIT Japan",
        "note:ja": "国土数値情報（鉄道データ）平成19年 国土交通省",
        "public_transport": "station",
        "railway": "station",
        "source": "KSJ2",
        "source_ref": "http://nlftp.mlit.go.jp/ksj/jpgis/datalist/KsjTmplt-N02-v1_1.html",
        "station": "funicular",
        "wikidata": "Q11488942",
        "wikipedia": "ja:御岳登山鉄道の駅"
      },
      "geometry": {
        "type": "Point",
        "coordinates": [
          139.1613433,
          35.7960037
        ]
      },
      "id": "node/722188489"
    },
    {
      "type": "Feature",
      "properties": {
        "@id": "node/722188531",
        "KSJ2:LIN": "御岳登山鉄道",
        "KSJ2:RAS": "eb03_2045",
        "KSJ2:STN": "御岳山",
        "KSJ2:segment": "eb02_4172",
        "name": "御岳山",
        "name:en": "Mount Mitake",
        "name:es": "Monte Mitake",
        "name:ja": "御岳山",
        "name:ja-Hira": "みたけさん",
        "name:ja_rm": "Mitakesan",
        "name:ko": "미타케산",
        "note": "National-Land Numerical Information (Railway) 2007, MLIT Japan",
        "note:ja": "国土数値情報（鉄道データ）平成19年 国土交通省",
        "public_transport": "station",
        "railway": "station",
        "source": "KSJ2",
        "source_ref": "http://nlftp.mlit.go.jp/ksj/jpgis/datalist/KsjTmplt-N02-v1_1.html",
        "train": "yes",
        "wikidata": "Q11488942",
        "wikipedia": "ja:御岳登山鉄道の駅"
      },
      "geometry": {
        "type": "Point",
        "coordinates": [
          139.1536401,
          35.7897155
        ]
      },
      "id": "node/722188531"
    },
    {
      "type": "Feature",
      "properties": {
        "@id": "node/906705739",
        "contact:website": "https://www.jreast.co.jp/estation/station/info.aspx?StationCd=1724",
        "name": "西府",
        "name:en": "Nishifu",
        "name:ja": "西府",
        "name:ja-Hira": "にしふ",
        "name:ja-Latn": "Nishifu",
        "name:ko": "니시후",
        "operator": "東日本旅客鉄道",
        "operator:en": "East Japan Railway Company",
        "operator:ja": "東日本旅客鉄道",
        "operator:wikidata": "Q499071",
        "public_transport": "station",
        "railway": "station",
        "ref": "JN22",
        "wikidata": "Q5366323",
        "wikipedia": "ja:西府駅"
      },
      "geometry": {
        "type": "Point",
        "coordinates": [
          139.4573995,
          35.6709626
        ]
      },
      "id": "node/906705739"
    },
    {
      "type": "Feature",
      "properties": {
        "@id": "way/965666007",
        "area": "yes",
        "highway": "services",
        "name": "道の駅びんご府中",
        "wikidata": "Q29644039",
        "wikipedia": "ja:道の駅びんご府中",
        "@geometry": "center"
      },
      "geometry": {
        "type": "Point",
        "coordinates": [
          133.2360077,
          34.5701606
        ]
      },
      "id": "way/965666007"
    },
    {
      "type": "Feature",
      "properties": {
        "@id": "node/1072718252",
        "highway": "motorway_junction",
        "name": "日の出ＩＣ",
        "name:en": "Hinode IC",
        "name:ja-Hira": "ひのでいんたーちぇんじ",
        "name:ja_rm": "Hinode IC",
        "official_name:en": "National Highway Route 468",
        "ref": "43",
        "source:name": "wikipedia",
        "source:ref": "wikipedia",
        "wikidata": "Q11086045",
        "wikipedia": "ja:日の出インターチェンジ (東京都)"
      },
      "geometry": {
        "type": "Point",
        "coordinates": [
          139.2820632,
          35.7387353
        ]
      },
      "id": "node/1072718252"
    },
    {
      "type": "Feature",
      "properties": {
        "@id": "way/1351520312",
        "addr:block_number": "12",
        "addr:city": "国立市",
        "addr:housenumber": "4",
        "addr:neighbourhood": "1",
        "addr:postcode": "186-0003",
        "addr:province": "東京都",
        "addr:quarter": "富士見台",
        "building": "commercial",
        "name": "ダイエー国立店 イオンフードスタイル",
        "opening_hours": "07:00-23:00",
        "operator": "株式会社ダイエー",
        "payment:cash": "yes",
        "payment:contactless": "yes",
        "payment:credit_cards": "yes",
        "phone": "+81-42-577-1241",
        "shop": "supermarket",
        "website": "https://www.daiei.co.jp/stores/d0557/",
        "@geometry": "center"
      },
      "geometry": {
        "type": "Point",
        "coordinates": [
          139.4476614,
          35.6827823
        ]
      },
      "id": "way/1351520312"
    },
    {
      "type": "Feature",
      "properties": {
        "@id": "way/1415073549",
        "addr:block_number": "4",
        "addr:city": "日野市",
        "addr:housenumber": "1",
        "addr:neighbourhood": "2丁目",
        "addr:postcode": "191-0062",
        "addr:province": "東京都",
        "addr:quarter": "多摩平",
        "check_date": "2025-07-16",
        "landuse": "retail",
        "name": "イオンモール多摩平の森",
        "name:en": "AEONMALL TAMADAIRANOMORI",
        "name:ja": "イオンモール多摩平の森",
        "shop": "mall",
        "source": "Bing",
        "website": "https://tamadairanomori-aeonmall.com/",
        "wikidata": "Q18337285",
        "wikipedia": "ja:イオンモール多摩平の森",
        "@geometry": "center"
      },
      "geometry": {
        "type": "Point",
        "coordinates": [
          139.3809258,
          35.6621134
        ]
      },
      "id": "way/1415073549"
    },
    {
      "type": "Feature",
      "properties": {
        "@id": "node/1613192075",
        "addr:block_number": "7",
        "addr:city": "青梅市",
        "addr:housenumber": "1",
        "addr:neighbourhood": "10",
        "addr:postcode": "198-0036",
        "addr:province": "東京都",
        "addr:quarter": "河辺町",
        "name": "イオンスタイル河辺",
        "name:en": "AEON STYLE",
        "operator": "イオンリテール株式会社",
        "phone": "+81-428-20-1090",
        "shop": "supermarket",
        "website": "https://www.aeon.com/store/%E3%82%A4%E3%82%AA%E3%83%B3/%E3%82%A4%E3%82%AA%E3%83%B3%E3%82%B9%E3%82%BF%E3%82%A4%E3%83%AB%E6%B2%B3%E8%BE%BA/"
      },
      "geometry": {
        "type": "Point",
        "coordinates": [
          139.2859144,
          35.7853218
        ]
      },
      "id": "node/1613192075"
    },
    {
      "type": "Feature",
      "properties": {
        "@id": "node/1694306286",
        "highway": "motorway_junction",
        "name": "高尾山ＩＣ",
        "name:en": "Takaosan IC",
        "name:ja": "高尾山IC",
        "name:ja-Hira": "たかおさんいんたーちぇんじ",
        "name:ja_rm": "Takaosan IC",
        "official_name:en": "National Highway Route 468",
        "ref": "35",
        "source:name": "wikipedia",
        "source:ref": "wikipedia",
        "wikidata": "Q10959056",
        "wikipedia": "ja:高尾山インターチェンジ"
      },
      "geometry": {
        "type": "Point",
        "coordinates": [
          139.2622296,
          35.6261806
        ]
      },
      "id": "node/1694306286"
    },
    {
      "type": "Feature",
      "properties": {
        "@id": "node/1786296312",
        "branch": "小平店",
        "brand": "daiei",
        "name": "イオンフードスタイル",
        "name:en": "Aeon Food Style",
        "name:ja": "イオンフードスタイル",
        "not:brand:wikidata": "Q11316644",
        "operator": "ダイエー",
        "shop": "supermarket",
        "source": "Bing 2007",
        "website": "https://www.daiei.co.jp/",
        "wheelchair": "yes"
      },
      "geometry": {
        "type": "Point",
        "coordinates": [
          139.4677325,
          35.7432243
        ]
      },
      "id": "node/1786296312"
    },
    {
      "type": "Feature",
      "properties": {
        "@id": "node/1909509490",
        "addr:postcode": "196-0012",
        "branch": "昭島店",
        "brand": "カインズホーム",
        "brand:en": "Cainz Home",
        "brand:ja": "カインズホーム",
        "brand:wikidata": "Q11293852",
        "brand:wikipedia": "ja:カインズ",
        "name": "カインズホーム",
        "name:en": "Cainz Home",
        "name:ja": "カインズホーム",
        "name:ja_rm": "Kainnzu Homu",
        "opening_hours": "Mo-Su 09:00-20:30",
        "operator": "カインズホーム",
        "phone": "+81-42-5441411",
        "shop": "doityourself",
        "source": "Bing 2010;(URL)",
        "website": "http://www.cainz.co.jp/",
        "wheelchair": "yes"
      },
      "geometry": {
        "type": "Point",
        "coordinates": [
          139.3664571,
          35.7162437
        ]
      },
      "id": "node/1909509490"
    },
    {
      "type": "Feature",
      "properties": {
        "@id": "node/2466240758",
        "contact:website": "https://www.odakyu.jp/station/machida/",
        "name": "町田",
        "name:de": "Machida",
        "name:en": "Machida",
        "name:es": "Machida",
        "name:ja": "町田",
        "name:ja-Hira": "まちだ",
        "name:ja-Latn": "Machida",
        "name:ko": "마치다",
        "name:ru": "Матида",
        "name:zh": "町田",
        "operator": "小田急電鉄",
        "operator:en": "Odakyu Electric Railway",
        "operator:ja": "小田急電鉄",
        "operator:wikidata": "Q83584",
        "public_transport": "station",
        "railway": "station",
        "ref": "OH27",
        "source": "KSJ2",
        "wikidata": "Q801146",
        "wikipedia": "ja:町田駅#小田急電鉄 3"
      },
      "geometry": {
        "type": "Point",
        "coordinates": [
          139.4451253,
          35.5440456
        ]
      },
      "id": "node/2466240758"
    },
    {
      "type": "Feature",
      "properties": {
        "@id": "node/2559434104",
        "addr:block_number": "1",
        "addr:city": "八王子市",
        "addr:neighbourhood": "1",
        "addr:province": "東京都",
        "addr:quarter": "旭町",
        "name": "八王子",
        "name:en": "Hachioji",
        "name:fr": "Hachioji",
        "name:it": "Hachioji",
        "name:ja": "八王子",
        "name:ja-Hira": "はちおうじ",
        "name:ja-Latn": "Hachiōji",
        "name:ko": "하치오지",
        "name:ru": "Хатиодзи",
        "operator": "東日本旅客鉄道",
        "operator:en": "East Japan Railway Company",
        "public_transport": "station",
        "railway": "station",
        "ref": "JC22;JH32",
        "source": "KSJ2",
        "toilets:wheelchair": "yes",
        "train": "yes",
        "wheelchair": "yes",
        "wikidata": "Q800868",
        "wikipedia": "ja:八王子駅"
      },
      "geometry": {
        "type": "Point",
        "coordinates": [
          139.3394669,
          35.655389
        ]
      },
      "id": "node/2559434104"
    },
    {
      "type": "Feature",
      "properties": {
        "@id": "node/2559434105",
        "contact:website": "https://www.jreast.co.jp/estation/station/info.aspx?StationCd=1280",
        "name": "東小金井",
        "name:en": "Higashi-Koganei",
        "name:it": "Higashi-Koganei",
        "name:ja": "東小金井",
        "name:ja-Hira": "ひがしこがねい",
        "name:ja-Latn": "Higashi-Koganei",
        "name:ko": "히가시코가네이",
        "name:ru": "Хигаси-Коганэи",
        "operator": "東日本旅客鉄道",
        "operator:en": "East Japan Railway Company",
        "operator:ja": "東日本旅客鉄道",
        "operator:wikidata": "Q499071",
        "platforms": "2",
        "public_transport": "station",
        "railway": "station",
        "ref": "JC14",
        "train": "yes",
        "wheelchair": "yes",
        "wikidata": "Q800920",
        "wikipedia": "ja:東小金井駅"
      },
      "geometry": {
        "type": "Point",
        "coordinates": [
          139.5240561,
          35.7015414
        ]
      },
      "id": "node/2559434105"
    },
    {
      "type": "Feature",
      "properties": {
        "@id": "node/2559434109",
        "name": "日野",
        "name:en": "Hino",
        "name:it": "Hino",
        "name:ja-Hira": "ひの",
        "name:ja-Latn": "Hino",
        "name:ko": "히노",
        "name:ru": "Хино",
        "operator": "東日本旅客鉄道",
        "platforms": "2",
        "public_transport": "station",
        "railway": "station",
        "ref": "JC20",
        "train": "yes",
        "wikidata": "Q800923",
        "wikipedia": "ja:日野駅 (東京都)"
      },
      "geometry": {
        "type": "Point",
        "coordinates": [
          139.3938458,
          35.679389
        ]
      },
      "id": "node/2559434109"
    },
    {
      "type": "Feature",
      "properties": {
        "@id": "node/2559434118",
        "maxspeed": "95",
        "name": "吉祥寺",
        "name:en": "Kichijoji",
        "name:es": "Kichijoji",
        "name:fr": "Kichijoji",
        "name:it": "Kichijoji",
        "name:ja": "吉祥寺",
        "name:ja-Hira": "きちじょうじ",
        "name:ja-Latn": "Kichijōji",
        "name:ko": "기치조지",
        "name:ru": "Китидзёдзи",
        "operator": "東日本旅客鉄道",
        "platforms": "2",
        "public_transport": "station",
        "railway": "station",
        "ref": "JB02;JC11",
        "source": "KSJ2",
        "train": "yes",
        "wheelchair": "yes",
        "wikidata": "Q801004",
        "wikipedia": "ja:吉祥寺駅"
      },
      "geometry": {
        "type": "Point",
        "coordinates": [
          139.5802187,
          35.7031389
        ]
      },
      "id": "node/2559434118"
    },
    {
      "type": "Feature",
      "properties": {
        "@id": "node/2559434121",
        "contact:website": "https://www.jreast.co.jp/estation/station/info.aspx?StationCd=682",
        "name": "国分寺",
        "name:en": "Kokubunji",
        "name:fr": "Kokubunji",
        "name:it": "Kokubunji",
        "name:ja": "国分寺",
        "name:ja-Hira": "こくぶんじ",
        "name:ja-Latn": "Kokubunji",
        "name:ko": "고쿠분지",
        "name:ru": "Кокубундзи",
        "operator": "東日本旅客鉄道",
        "operator:en": "East Japan Railway Company",
        "operator:ja": "東日本旅客鉄道",
        "operator:wikidata": "Q499071",
        "platforms": "2",
        "public_transport": "station",
        "railway": "station",
        "ref": "JC16",
        "source": "KSJ2",
        "train": "yes",
        "wikidata": "Q251693",
        "wikipedia": "ja:国分寺駅"
      },
      "geometry": {
        "type": "Point",
        "coordinates": [
          139.4803582,
          35.7001003
        ]
      },
      "id": "node/2559434121"
    },
    {
      "type": "Feature",
      "properties": {
        "@id": "node/2559434122",
        "contact:website": "https://www.jreast.co.jp/estation/station/info.aspx?StationCd=622",
        "name": "国立",
        "name:en": "Kunitachi",
        "name:it": "Kunitachi",
        "name:ja": "国立",
        "name:ja-Hira": "くにたち",
        "name:ja-Latn": "Kunitachi",
        "name:ko": "구니타치",
        "name:ru": "Кунитати",
        "operator": "東日本旅客鉄道",
        "operator:en": "East Japan Railway Company",
        "operator:ja": "東日本旅客鉄道",
        "operator:wikidata": "Q499071",
        "platforms": "2",
        "public_transport": "station",
        "railway": "station",
        "ref": "JC18",
        "source": "KSJ2",
        "train": "yes",
        "wikidata": "Q474512",
        "wikipedia": "ja:国立駅"
      },
      "geometry": {
        "type": "Point",
        "coordinates": [
          139.4465312,
          35.6992413
        ]
      },
      "id": "node/2559434122"
    },
    {
      "type": "Feature",
      "properties": {
        "@id": "node/2559434129",
        "name": "三鷹",
        "name:en": "Mitaka",
        "name:fr": "Mitaka",
        "name:it": "Mitaka",
        "name:ja": "三鷹",
        "name:ja-Hira": "みたか",
        "name:ja-Latn": "Mitaka",
        "name:ko": "미타카",
        "name:ru": "Митака",
        "operator": "東日本旅客鉄道",
        "platforms": "3",
        "public_transport": "station",
        "railway": "station",
        "ref": "JB01;JC12",
        "source": "Bing 2010",
        "train": "yes",
        "wheelchair": "yes",
        "wikidata": "Q546655",
        "wikipedia": "ja:三鷹駅"
      },
      "geometry": {
        "type": "Point",
        "coordinates": [
          139.5609329,
          35.7027159
        ]
      },
      "id": "node/2559434129"
    },
    {
      "type": "Feature",
      "properties": {
        "@id": "node/2559434132",
        "contact:website": "https://www.jreast.co.jp/estation/station/info.aspx?StationCd=1526",
        "layer": "2",
        "name": "武蔵小金井",
        "name:en": "Musashi-Koganei",
        "name:es": "Musashi-Koganei",
        "name:it": "Musashi-Koganei",
        "name:ja": "武蔵小金井",
        "name:ja-Hira": "むさしこがねい",
        "name:ja-Latn": "Musashi-Koganei",
        "name:ko": "무사시코가네이",
        "name:ru": "Мусаси-Коганэи",
        "operator": "東日本旅客鉄道",
        "operator:en": "East Japan Railway Company",
        "operator:ja": "東日本旅客鉄道",
        "operator:wikidata": "Q499071",
        "platforms": "4",
        "public_transport": "station",
        "railway": "station",
        "ref": "JC15",
        "source": "KSJ2",
        "toilets:wheelchair": "yes",
        "train": "yes",
        "wheelchair": "yes",
        "wikidata": "Q801206",
        "wikipedia": "ja:武蔵小金井駅"
      },
      "geometry": {
        "type": "Point",
        "coordinates": [
          139.5067873,
          35.7011261
        ]
      },
      "id": "node/2559434132"
    },
    {
      "type": "Feature",
      "properties": {
        "@id": "node/2559434133",
        "contact:website": "https://www.jreast.co.jp/estation/station/info.aspx?StationCd=1528",
        "name": "武蔵境",
        "name:en": "Musashi-Sakai",
        "name:it": "Musashi-Sakai",
        "name:ja": "武蔵境",
        "name:ja-Hira": "むさしさかい",
        "name:ja-Latn": "Musashi-Sakai",
        "name:ko": "무사시사카이",
        "name:ru": "Мусаси-Сакай",
        "operator": "東日本旅客鉄道",
        "operator:en": "East Japan Railway Company",
        "operator:ja": "東日本旅客鉄道",
        "operator:wikidata": "Q499071",
        "public_transport": "station",
        "railway": "station",
        "ref": "JC13",
        "source": "Bing 2010",
        "train": "yes",
        "wheelchair": "yes",
        "wikidata": "Q137550",
        "wikipedia": "ja:武蔵境駅"
      },
      "geometry": {
        "type": "Point",
        "coordinates": [
          139.5440803,
          35.7021298
        ]
      },
      "id": "node/2559434133"
    },
    {
      "type": "Feature",
      "properties": {
        "@id": "node/2559434140",
        "contact:website": "https://www.jreast.co.jp/estation/station/info.aspx?StationCd=1156",
        "int_name": "Nishi-Kokubunji",
        "name": "西国分寺",
        "name:en": "Nishi-Kokubunji",
        "name:fr": "Nishi-Kokubunji",
        "name:it": "Nishi-Kokubunji",
        "name:ja": "西国分寺",
        "name:ja-Hira": "にしこくぶんじ",
        "name:ja-Latn": "Nishi-Kokubunji",
        "name:ko": "니시코쿠분지",
        "name:ru": "Ниси-Кокубундзи",
        "operator": "東日本旅客鉄道",
        "operator:en": "East Japan Railway Company",
        "operator:ja": "東日本旅客鉄道",
        "operator:wikidata": "Q499071",
        "public_transport": "station",
        "railway": "station",
        "ref": "JC17;JM33",
        "source": "KSJ2",
        "source_ref": "http://nlftp.mlit.go.jp/ksj/jpgis/datalist/KsjTmplt-N02-v1_1.html",
        "train": "yes",
        "wheelchair": "yes",
        "wikidata": "Q801259",
        "wikipedia": "ja:西国分寺駅"
      },
      "geometry": {
        "type": "Point",
        "coordinates": [
          139.4660825,
          35.6997484
        ]
      },
      "id": "node/2559434140"
    },
    {
      "type": "Feature",
      "properties": {
        "@id": "node/2559434142",
        "name": "西八王子",
        "name:en": "Nishi-Hachioji",
        "name:it": "Nishi-Hachioji",
        "name:ko": "니시하치오지",
        "name:ru": "Ниси-Хатиодзи",
        "operator": "東日本旅客鉄道",
        "platforms": "2",
        "public_transport": "station",
        "railway": "station",
        "ref": "JC23",
        "toilets:wheelchair": "yes",
        "train": "yes",
        "wikidata": "Q500790",
        "wikipedia": "ja:西八王子駅"
      },
      "geometry": {
        "type": "Point",
        "coordinates": [
          139.3124161,
          35.6565227
        ]
      },
      "id": "node/2559434142"
    },
    {
      "type": "Feature",
      "properties": {
        "@id": "node/2559434164",
        "contact:website": "https://www.jreast.co.jp/estation/station/info.aspx?StationCd=958",
        "name": "立川",
        "name:en": "Tachikawa",
        "name:fr": "Tachikawa",
        "name:it": "Tachikawa",
        "name:ja": "立川",
        "name:ja-Hira": "たちかわ",
        "name:ja-Latn": "Tachikawa",
        "name:ko": "다치카와",
        "name:ru": "Татикава",
        "operator": "東日本旅客鉄道",
        "operator:en": "East Japan Railway Company",
        "operator:ja": "東日本旅客鉄道",
        "operator:wikidata": "Q499071",
        "public_transport": "station",
        "railway": "station",
        "ref": "JC19;JN26",
        "source": "KSJ2",
        "source_ref": "http://nlftp.mlit.go.jp/ksj/jpgis/datalist/KsjTmplt-N02-v1_1.html",
        "wheelchair": "yes",
        "wikidata": "Q801501",
        "wikipedia": "ja:立川駅"
      },
      "geometry": {
        "type": "Point",
        "coordinates": [
          139.4135508,
          35.6979822
        ]
      },
      "id": "node/2559434164"
    },
    {
      "type": "Feature",
      "properties": {
        "@id": "node/2559434167",
        "name": "豊田",
        "name:en": "Toyoda",
        "name:fr": "Toyoda",
        "name:it": "Toyoda",
        "name:ja": "豊田",
        "name:ja-Hira": "とよだ",
        "name:ja-Latn": "Toyoda",
        "name:ko": "도요다",
        "name:ru": "Тоёда",
        "operator": "東日本旅客鉄道",
        "platforms": "2",
        "public_transport": "station",
        "railway": "station",
        "ref": "JC21",
        "source": "Bing 2010",
        "toilets:wheelchair": "yes",
        "train": "yes",
        "wheelchair": "yes",
        "wikidata": "Q867338",
        "wikipedia": "ja:豊田駅"
      },
      "geometry": {
        "type": "Point",
        "coordinates": [
          139.3814849,
          35.6595146
        ]
      },
      "id": "node/2559434167"
    },
    {
      "type": "Feature",
      "properties": {
        "@id": "node/2744378724",
        "layer": "4",
        "name": "京王多摩センター",
        "name:en": "Keio-tama-center",
        "name:ja": "京王多摩センター",
        "name:ja-Hira": "けいおうたませんたー",
        "name:ja_rm": "Keiō Tama sentā",
        "name:ko": "다마센터",
        "name:zh": "京王多摩中央站",
        "operator": "京王電鉄",
        "public_transport": "station",
        "railway": "station",
        "ref": "KO41",
        "source": "KSJ2",
        "wikidata": "Q988468",
        "wikipedia": "ja:多摩センター駅"
      },
      "geometry": {
        "type": "Point",
        "coordinates": [
          139.424397,
          35.6253226
        ]
      },
      "id": "node/2744378724"
    },
    {
      "type": "Feature",
      "properties": {
        "@id": "node/2744378732",
        "layer": "4",
        "name": "小田急多摩センター",
        "name:de": "Odakyu Tama Center",
        "name:en": "Odakyu Tama Center",
        "name:ja": "小田急多摩センター",
        "name:ja-Hira": "おだきゅうたませんたー",
        "name:ja_rm": "Odakyū Tama sentā",
        "name:ko": "다마센터",
        "name:ru": "Одакю-Тама-Центр",
        "name:zh": "小田急多摩中央站",
        "operator": "小田急電鉄",
        "public_transport": "station",
        "railway": "station",
        "ref": "OT06",
        "source": "KSJ2",
        "wikidata": "Q988468",
        "wikipedia": "ja:多摩センター駅"
      },
      "geometry": {
        "type": "Point",
        "coordinates": [
          139.4245522,
          35.6250229
        ]
      },
      "id": "node/2744378732"
    },
    {
      "type": "Feature",
      "properties": {
        "@id": "node/2744378740",
        "name": "町田",
        "name:en": "Machida",
        "name:ja": "町田",
        "name:ja-Hira": "まちだ",
        "name:ja_rm": "Machida",
        "name:ko": "마치다",
        "operator": "東日本旅客鉄道",
        "public_transport": "station",
        "railway": "station",
        "ref": "JH23",
        "source": "KSJ2",
        "train": "yes",
        "wheelchair": "yes",
        "wikidata": "Q801146",
        "wikipedia": "ja:町田駅"
      },
      "geometry": {
        "type": "Point",
        "coordinates": [
          139.4454358,
          35.5420722
        ]
      },
      "id": "node/2744378740"
    },
    {
      "type": "Feature",
      "properties": {
        "@id": "node/2936455511",
        "highway": "motorway_junction",
        "name": "高尾山ＩＣ",
        "name:en": "Takaosan IC",
        "name:ja": "高尾山IC",
        "name:ja-Hira": "たかおさんいんたーちぇんじ",
        "name:ja_rm": "Takaosan IC",
        "official_name:en": "National Highway Route 468",
        "ref": "35",
        "source:name": "wikipedia",
        "source:ref": "wikipedia",
        "wikipedia": "ja:高尾山インターチェンジ"
      },
      "geometry": {
        "type": "Point",
        "coordinates": [
          139.2642751,
          35.6217583
        ]
      },
      "id": "node/2936455511"
    },
    {
      "type": "Feature",
      "properties": {
        "@id": "node/3279736246",
        "name": "武蔵砂川",
        "name:en": "Musashi-Sunagawa",
        "name:ja-Hira": "むさしすながわ",
        "name:ko": "무사시스나가와",
        "network": "西武鉄道",
        "network:en": "Seibu Railway",
        "network:ja": "西武鉄道",
        "network:wikidata": "Q83543",
        "operator": "西武鉄道",
        "public_transport": "station",
        "railway": "station",
        "train": "yes",
        "wikidata": "Q8015376",
        "wikipedia": "ja:武蔵砂川駅"
      },
      "geometry": {
        "type": "Point",
        "coordinates": [
          139.3922831,
          35.7289155
        ]
      },
      "id": "node/3279736246"
    },
    {
      "type": "Feature",
      "properties": {
        "@id": "node/3357596414",
        "name": "成瀬",
        "name:en": "Naruse",
        "name:ja-Hira": "なるせ",
        "name:ja-Latn": "Naruse",
        "name:ko": "나루세",
        "operator": "東日本旅客鉄道",
        "operator:en": "East Japan Railway Company",
        "public_transport": "station",
        "railway": "station",
        "ref": "JH22",
        "source": "KSJ2",
        "train": "yes",
        "wikidata": "Q844689",
        "wikipedia": "ja:成瀬駅"
      },
      "geometry": {
        "type": "Point",
        "coordinates": [
          139.4728465,
          35.5353877
        ]
      },
      "id": "node/3357596414"
    },
    {
      "type": "Feature",
      "properties": {
        "@id": "node/3556466290",
        "name": "拝島",
        "name:en": "Haijima",
        "name:ja": "拝島",
        "name:ja_rm": "Haijima",
        "name:ko": "하이지마",
        "operator": "東日本旅客鉄道",
        "operator:en": "East Japan Railway",
        "public_transport": "station",
        "railway": "station",
        "wikidata": "Q1065988",
        "wikipedia": "ja:拝島駅"
      },
      "geometry": {
        "type": "Point",
        "coordinates": [
          139.3436264,
          35.7211328
        ]
      },
      "id": "node/3556466290"
    },
    {
      "type": "Feature",
      "properties": {
        "@id": "node/3622405815",
        "name": "高尾",
        "name:en": "Takao",
        "name:ja-Hira": "たかお",
        "name:ja-Latn": "Takao",
        "name:ko": "다카오",
        "name:ru": "Такао",
        "operator": "京王電鉄",
        "operator:en": "Keio railway",
        "public_transport": "station",
        "railway": "station",
        "ref": "KO52",
        "source": "KSJ2",
        "toilets:wheelchair": "yes",
        "train": "yes",
        "wheelchair": "yes",
        "wikidata": "Q1065002",
        "wikipedia": "ja:高尾駅 (東京都)"
      },
      "geometry": {
        "type": "Point",
        "coordinates": [
          139.2816337,
          35.64166
        ]
      },
      "id": "node/3622405815"
    },
    {
      "type": "Feature",
      "properties": {
        "@id": "node/3622405816",
        "name": "高尾",
        "name:en": "Takao",
        "name:it": "Takao",
        "name:ja-Hira": "たかお",
        "name:ja-Latn": "Takao",
        "name:ko": "다카오",
        "name:ru": "Такао",
        "operator": "東日本旅客鉄道",
        "platforms": "3",
        "public_transport": "station",
        "railway": "station",
        "ref": "JC24",
        "toilets:wheelchair": "no",
        "train": "yes",
        "wheelchair": "yes",
        "wikidata": "Q1065002",
        "wikipedia": "ja:高尾駅 (東京都)"
      },
      "geometry": {
        "type": "Point",
        "coordinates": [
          139.2826625,
          35.6423428
        ]
      },
      "id": "node/3622405816"
    },
    {
      "type": "Feature",
      "properties": {
        "@id": "node/3624969356",
        "KSJ2:LIN": "池袋線",
        "name": "清瀬",
        "name:en": "Kiyose",
        "name:ja": "清瀬",
        "name:ja-Hira": "きよせ",
        "name:ja_rm": "Kiyose",
        "name:ko": "기요세",
        "network": "西武鉄道",
        "network:en": "Seibu Railway",
        "network:ja": "西武鉄道",
        "network:wikidata": "Q83543",
        "note": "National-Land Numerical Information (Railway) 2007, MLIT Japan",
        "note:ja": "国土数値情報（鉄道データ）平成19年 国土交通省",
        "operator": "西武鉄道",
        "public_transport": "station",
        "railway": "station",
        "ref": "SI15",
        "source": "KSJ2",
        "source_ref": "http://nlftp.mlit.go.jp/ksj/jpgis/datalist/KsjTmplt-N02-v1_1.html",
        "toilets:wheelchair": "yes",
        "train": "yes",
        "wheelchair": "yes",
        "wikidata": "Q6419078",
        "wikipedia": "ja:清瀬駅"
      },
      "geometry": {
        "type": "Point",
        "coordinates": [
          139.5198187,
          35.772084
        ]
      },
      "id": "node/3624969356"
    },
    {
      "type": "Feature",
      "properties": {
        "@id": "node/3625068721",
        "KSJ2:LIN": "池袋線",
        "name": "ひばりヶ丘",
        "name:en": "Hibarigaoka",
        "name:ja": "ひばりヶ丘",
        "name:ja-Hira": "ひばりがおか",
        "name:ja_rm": "Hibarigaoka",
        "name:ko": "히바리가오카",
        "network": "西武鉄道",
        "network:en": "Seibu Railway",
        "network:ja": "西武鉄道",
        "network:wikidata": "Q83543",
        "note": "National-Land Numerical Information (Railway) 2007, MLIT Japan",
        "note:ja": "国土数値情報（鉄道データ）平成19年 国土交通省",
        "old_name": "田無町",
        "operator": "西武鉄道",
        "public_transport": "station",
        "railway": "station",
        "ref": "SI13",
        "source": "KSJ2",
        "source_ref": "http://nlftp.mlit.go.jp/ksj/jpgis/datalist/KsjTmplt-N02-v1_1.html",
        "train": "yes",
        "wikidata": "Q8016226",
        "wikipedia": "ja:ひばりヶ丘駅"
      },
      "geometry": {
        "type": "Point",
        "coordinates": [
          139.5455333,
          35.7515231
        ]
      },
      "id": "node/3625068721"
    },
    {
      "type": "Feature",
      "properties": {
        "@id": "node/3651186393",
        "name": "すずかけ台",
        "name:en": "Suzukakedai",
        "name:ja": "すずかけ台",
        "name:ja-Hira": "すずかけだい",
        "name:ko": "스즈카케다이",
        "public_transport": "station",
        "railway": "station",
        "train": "yes",
        "wikidata": "Q7651185",
        "wikipedia": "ja:すずかけ台駅"
      },
      "geometry": {
        "type": "Point",
        "coordinates": [
          139.4814366,
          35.5169105
        ]
      },
      "id": "node/3651186393"
    },
    {
      "type": "Feature",
      "properties": {
        "@id": "node/3651186932",
        "KSJ2:LIN": "田園都市線",
        "name": "つくし野",
        "name:en": "Tsukushino",
        "name:ja": "つくし野",
        "name:ja-Hira": "つくしの",
        "name:ja_rm": "Tsukushino",
        "name:ko": "쓰쿠시노",
        "name:ru": "Цукусино",
        "note": "National-Land Numerical Information (Railway) 2007, MLIT Japan",
        "note:ja": "国土数値情報（鉄道データ）平成19年 国土交通省",
        "operator": "東京急行電鉄",
        "public_transport": "station",
        "railway": "station",
        "ref": "DT23",
        "source": "KSJ2",
        "source_ref": "http://nlftp.mlit.go.jp/ksj/jpgis/datalist/KsjTmplt-N02-v1_1.html",
        "train": "yes",
        "wikidata": "Q7850118",
        "wikipedia": "ja:つくし野駅"
      },
      "geometry": {
        "type": "Point",
        "coordinates": [
          139.4851103,
          35.5276368
        ]
      },
      "id": "node/3651186932"
    },
    {
      "type": "Feature",
      "properties": {
        "@id": "node/3730686206",
        "name": "東村山",
        "name:en": "Higashi-Murayama",
        "name:ja": "東村山",
        "name:ja-Hira": "ひがしむらやま",
        "name:ja_rm": "Higashi Murayama",
        "name:ko": "히가시무라야마",
        "operator": "西武鉄道",
        "public_transport": "station",
        "railway": "station",
        "ref": "SS21;SK05",
        "source": "KSJ2",
        "wikidata": "Q5753740",
        "wikipedia": "ja:東村山駅"
      },
      "geometry": {
        "type": "Point",
        "coordinates": [
          139.4659028,
          35.7604737
        ]
      },
      "id": "node/3730686206"
    },
    {
      "type": "Feature",
      "properties": {
        "@id": "node/3730686211",
        "name": "小川",
        "name:en": "Ogawa",
        "name:ja": "小川",
        "name:ja-Hira": "おがわ",
        "name:ja_rm": "Ogawa",
        "name:ko": "오가와",
        "network": "西武鉄道",
        "network:en": "Seibu Railway",
        "network:ja": "西武鉄道",
        "network:wikidata": "Q83543",
        "operator": "西武鉄道",
        "public_transport": "station",
        "railway": "station",
        "ref": "SK04;SS31",
        "source": "KSJ2",
        "train": "yes",
        "wikidata": "Q7079856",
        "wikipedia": "ja:小川駅 (東京都)"
      },
      "geometry": {
        "type": "Point",
        "coordinates": [
          139.4635507,
          35.7374095
        ]
      },
      "id": "node/3730686211"
    },
    {
      "type": "Feature",
      "properties": {
        "@id": "node/3997528178",
        "KSJ2:LIN": "青梅線",
        "KSJ2:RAS": "eb03_7508",
        "KSJ2:STN": "日向和田",
        "KSJ2:segment": "eb02_15879",
        "name": "日向和田",
        "name:en": "Hinatawada",
        "name:ja": "日向和田",
        "name:ja-Hira": "ひなたわだ",
        "name:ja_rm": "Hinatawada",
        "name:ko": "히나타와다",
        "note": "National-Land Numerical Information (Railway) 2007, MLIT Japan",
        "note:ja": "国土数値情報（鉄道データ）平成19年 国土交通省",
        "public_transport": "station",
        "railway": "station",
        "source": "KSJ2",
        "source_ref": "http://nlftp.mlit.go.jp/ksj/jpgis/datalist/KsjTmplt-N02-v1_1.html",
        "wikidata": "Q8013228",
        "wikipedia": "ja:日向和田駅"
      },
      "geometry": {
        "type": "Point",
        "coordinates": [
          139.22997,
          35.7879558
        ]
      },
      "id": "node/3997528178"
    },
    {
      "type": "Feature",
      "properties": {
        "@id": "node/4351266467",
        "KSJ2:LIN": "青梅線",
        "KSJ2:RAS": "eb03_7511",
        "KSJ2:STN": "福生",
        "KSJ2:segment": "eb02_15891",
        "name": "福生",
        "name:en": "Fussa",
        "name:ja": "福生",
        "name:ja-Hira": "ふっさ",
        "name:ja_rm": "Fussa",
        "name:ko": "훗사",
        "note": "National-Land Numerical Information (Railway) 2007, MLIT Japan",
        "note:ja": "国土数値情報（鉄道データ）平成19年　国土交通省",
        "public_transport": "station",
        "railway": "station",
        "source": "KSJ2",
        "source_ref": "http://nlftp.mlit.go.jp/ksj/jpgis/datalist/KsjTmplt-N02-v1_1.html",
        "toilets:wheelchair": "yes",
        "wheelchair": "yes",
        "wikidata": "Q5510343",
        "wikipedia": "ja:福生駅"
      },
      "geometry": {
        "type": "Point",
        "coordinates": [
          139.3278791,
          35.7423308
        ]
      },
      "id": "node/4351266467"
    },
    {
      "type": "Feature",
      "properties": {
        "@id": "node/4351266468",
        "KSJ2:LIN": "青梅線",
        "KSJ2:RAS": "eb03_7513",
        "KSJ2:STN": "二俣尾",
        "KSJ2:segment": "eb02_15869",
        "name": "二俣尾",
        "name:en": "Futamatao",
        "name:ja": "二俣尾",
        "name:ja_rm": "Futamatao",
        "name:ko": "후타마타오",
        "note": "National-Land Numerical Information (Railway) 2007, MLIT Japan",
        "note:ja": "国土数値情報（鉄道データ）平成19年　国土交通省",
        "public_transport": "station",
        "railway": "station",
        "source": "KSJ2",
        "source_ref": "http://nlftp.mlit.go.jp/ksj/jpgis/datalist/KsjTmplt-N02-v1_1.html",
        "wikidata": "Q5510471",
        "wikipedia": "ja:二俣尾駅"
      },
      "geometry": {
        "type": "Point",
        "coordinates": [
          139.2159535,
          35.8042988
        ]
      },
      "id": "node/4351266468"
    },
    {
      "type": "Feature",
      "properties": {
        "@id": "node/4351266479",
        "KSJ2:LIN": "青梅線",
        "KSJ2:RAS": "eb03_7517",
        "KSJ2:STN": "羽村",
        "KSJ2:segment": "eb02_15873",
        "name": "羽村",
        "name:en": "Hamura",
        "name:ja": "羽村",
        "name:ja-Hira": "はむら",
        "name:ja_rm": "Hamura",
        "name:ko": "하무라",
        "note": "National-Land Numerical Information (Railway) 2007, MLIT Japan",
        "note:ja": "国土数値情報（鉄道データ）平成19年　国土交通省",
        "public_transport": "station",
        "railway": "station",
        "source": "KSJ2",
        "source_ref": "http://nlftp.mlit.go.jp/ksj/jpgis/datalist/KsjTmplt-N02-v1_1.html",
        "toilets:wheelchair": "no",
        "wheelchair": "yes",
        "wikidata": "Q5646478",
        "wikipedia": "ja:羽村駅"
      },
      "geometry": {
        "type": "Point",
        "coordinates": [
          139.3160094,
          35.7583518
        ]
      },
      "id": "node/4351266479"
    },
    {
      "type": "Feature",
      "properties": {
        "@id": "node/4351266480",
        "KSJ2:LIN": "青梅線",
        "KSJ2:RAS": "eb03_7494",
        "KSJ2:STN": "鳩ノ巣",
        "KSJ2:segment": "eb02_15870",
        "name": "鳩ノ巣",
        "name:en": "Hatonosu",
        "name:ja": "鳩ノ巣",
        "name:ja-Hira": "はとのす",
        "name:ja_rm": "Hatonosu",
        "name:ko": "하토노스",
        "note": "National-Land Numerical Information (Railway) 2007, MLIT Japan",
        "note:ja": "国土数値情報（鉄道データ）平成19年 国土交通省",
        "public_transport": "station",
        "railway": "station",
        "source": "KSJ2",
        "source_ref": "http://nlftp.mlit.go.jp/ksj/jpgis/datalist/KsjTmplt-N02-v1_1.html",
        "wikidata": "Q8013671",
        "wikipedia": "ja:鳩ノ巣駅"
      },
      "geometry": {
        "type": "Point",
        "coordinates": [
          139.1287096,
          35.8150523
        ]
      },
      "id": "node/4351266480"
    },
    {
      "type": "Feature",
      "properties": {
        "@id": "node/4351266481",
        "name": "東中神",
        "name:en": "Higashi-Nakagami",
        "name:ja": "東中神",
        "name:ja_rm": "Higashi-Nakagami",
        "name:ko": "히가시나카가미",
        "note": "National-Land Numerical Information (Railway) 2007, MLIT Japan",
        "note:ja": "国土数値情報（鉄道データ）平成19年　国土交通省",
        "public_transport": "station",
        "railway": "station",
        "source": "KSJ2",
        "source_ref": "http://nlftp.mlit.go.jp/ksj/jpgis/datalist/KsjTmplt-N02-v1_1.html",
        "wheelchair": "yes",
        "wikidata": "Q8014532",
        "wikipedia": "ja:東中神駅"
      },
      "geometry": {
        "type": "Point",
        "coordinates": [
          139.3844328,
          35.7063674
        ]
      },
      "id": "node/4351266481"
    },
    {
      "type": "Feature",
      "properties": {
        "@id": "node/4351266483",
        "KSJ2:LIN": "青梅線",
        "KSJ2:RAS": "eb03_7504",
        "KSJ2:STN": "東青梅",
        "KSJ2:segment": "eb02_15875",
        "name": "東青梅",
        "name:en": "Higashi-Ome",
        "name:ja": "東青梅",
        "name:ja-Hira": "ひがしおうめ",
        "name:ja-Latn": "Higashi-Ōme",
        "name:ko": "히가시오메",
        "note": "National-Land Numerical Information (Railway) 2007, MLIT Japan",
        "note:ja": "国土数値情報（鉄道データ）平成19年 国土交通省",
        "public_transport": "station",
        "railway": "station",
        "source": "KSJ2",
        "source_ref": "http://nlftp.mlit.go.jp/ksj/jpgis/datalist/KsjTmplt-N02-v1_1.html",
        "wikidata": "Q844198",
        "wikipedia": "ja:東青梅駅"
      },
      "geometry": {
        "type": "Point",
        "coordinates": [
          139.2725011,
          35.7899044
        ]
      },
      "id": "node/4351266483"
    },
    {
      "type": "Feature",
      "properties": {
        "@id": "node/4351266486",
        "KSJ2:LIN": "青梅線",
        "KSJ2:RAS": "eb03_7498",
        "KSJ2:STN": "軍畑",
        "KSJ2:segment": "eb02_15884",
        "name": "軍畑",
        "name:en": "Ikusabata",
        "name:ja": "軍畑",
        "name:ja_rm": "Ikusabata",
        "name:ko": "이쿠사바타",
        "note": "National-Land Numerical Information (Railway) 2007, MLIT Japan",
        "note:ja": "国土数値情報（鉄道データ）平成19年　国土交通省",
        "public_transport": "station",
        "railway": "station",
        "source": "KSJ2",
        "source_ref": "http://nlftp.mlit.go.jp/ksj/jpgis/datalist/KsjTmplt-N02-v1_1.html",
        "wikidata": "Q8013549",
        "wikipedia": "ja:軍畑駅"
      },
      "geometry": {
        "type": "Point",
        "coordinates": [
          139.2076788,
          35.8076389
        ]
      },
      "id": "node/4351266486"
    },
    {
      "type": "Feature",
      "properties": {
        "@id": "node/4351266487",
        "KSJ2:LIN": "青梅線",
        "KSJ2:RAS": "eb03_7516",
        "KSJ2:STN": "石神前",
        "KSJ2:segment": "eb02_15881",
        "name": "石神前",
        "name:en": "Ishigamimae",
        "name:ja": "石神前",
        "name:ja_rm": "Ishigamimae",
        "name:ko": "이시가미마에",
        "note": "National-Land Numerical Information (Railway) 2007, MLIT Japan",
        "note:ja": "国土数値情報（鉄道データ）平成19年　国土交通省",
        "public_transport": "station",
        "railway": "station",
        "source": "KSJ2",
        "source_ref": "http://nlftp.mlit.go.jp/ksj/jpgis/datalist/KsjTmplt-N02-v1_1.html",
        "wikidata": "Q8013316",
        "wikipedia": "ja:石神前駅"
      },
      "geometry": {
        "type": "Point",
        "coordinates": [
          139.2250691,
          35.7967462
        ]
      },
      "id": "node/4351266487"
    },
    {
      "type": "Feature",
      "properties": {
        "@id": "node/4351266488",
        "KSJ2:LIN": "青梅線",
        "KSJ2:RAS": "eb03_7506",
        "KSJ2:STN": "河辺",
        "KSJ2:segment": "eb02_15857",
        "addr:block_number": "29",
        "addr:city": "青梅市",
        "addr:housenumber": "29",
        "addr:neighbourhood": "5",
        "addr:postcode": "198-0036",
        "addr:province": "東京都",
        "addr:quarter": "河辺町",
        "name": "河辺",
        "name:en": "Kabe",
        "name:ja": "河辺",
        "name:ja-Hira": "かべ",
        "name:ja_rm": "Kabe",
        "name:ko": "가베",
        "note": "National-Land Numerical Information (Railway) 2007, MLIT Japan",
        "note:ja": "国土数値情報（鉄道データ）平成19年 国土交通省",
        "public_transport": "station",
        "railway": "station",
        "source": "KSJ2",
        "source_ref": "http://nlftp.mlit.go.jp/ksj/jpgis/datalist/KsjTmplt-N02-v1_1.html",
        "start_date": "1927-02-20",
        "wikidata": "Q6344018",
        "wikipedia": "ja:河辺駅"
      },
      "geometry": {
        "type": "Point",
        "coordinates": [
          139.2847381,
          35.7845098
        ]
      },
      "id": "node/4351266488"
    },
    {
      "type": "Feature",
      "properties": {
        "@id": "node/4351266689",
        "KSJ2:LIN": "青梅線",
        "KSJ2:RAS": "eb03_7503",
        "KSJ2:STN": "川井",
        "KSJ2:segment": "eb02_15877",
        "name": "川井",
        "name:en": "Kawai",
        "name:ja": "川井",
        "name:ja-Hira": "かわい",
        "name:ja_rm": "Kawai",
        "name:ko": "가와이",
        "note": "National-Land Numerical Information (Railway) 2007, MLIT Japan",
        "note:ja": "国土数値情報（鉄道データ）平成19年 国土交通省",
        "public_transport": "station",
        "railway": "station",
        "source": "KSJ2",
        "source_ref": "http://nlftp.mlit.go.jp/ksj/jpgis/datalist/KsjTmplt-N02-v1_1.html",
        "wikidata": "Q6379533",
        "wikipedia": "ja:川井駅"
      },
      "geometry": {
        "type": "Point",
        "coordinates": [
          139.1640333,
          35.8137516
        ]
      },
      "id": "node/4351266689"
    },
    {
      "type": "Feature",
      "properties": {
        "@id": "node/4351266690",
        "KSJ2:LIN": "青梅線",
        "KSJ2:RAS": "eb03_7496",
        "KSJ2:STN": "古里",
        "KSJ2:segment": "eb02_15889",
        "name": "古里",
        "name:en": "Kori",
        "name:ja": "古里",
        "name:ja-Hira": "こり",
        "name:ja_rm": "Kori",
        "name:ko": "고리",
        "note": "National-Land Numerical Information (Railway) 2007, MLIT Japan",
        "note:ja": "国土数値情報（鉄道データ）平成19年 国土交通省",
        "public_transport": "station",
        "railway": "station",
        "source": "KSJ2",
        "source_ref": "http://nlftp.mlit.go.jp/ksj/jpgis/datalist/KsjTmplt-N02-v1_1.html",
        "wikidata": "Q844141",
        "wikipedia": "ja:古里駅 (東京都)"
      },
      "geometry": {
        "type": "Point",
        "coordinates": [
          139.152088,
          35.8162013
        ]
      },
      "id": "node/4351266690"
    },
    {
      "type": "Feature",
      "properties": {
        "@id": "node/4351266691",
        "KSJ2:LIN": "青梅線",
        "KSJ2:RAS": "eb03_7507",
        "KSJ2:STN": "御嶽",
        "KSJ2:segment": "eb02_15861",
        "name": "御嶽",
        "name:en": "Mitake",
        "name:es": "Mitake",
        "name:ja": "御嶽",
        "name:ja-Hira": "みたけ",
        "name:ja_rm": "Mitake",
        "name:ko": "미타케",
        "note": "National-Land Numerical Information (Railway) 2007, MLIT Japan",
        "note:ja": "国土数値情報（鉄道データ）平成19年 国土交通省",
        "public_transport": "station",
        "railway": "station",
        "source": "KSJ2",
        "source_ref": "http://nlftp.mlit.go.jp/ksj/jpgis/datalist/KsjTmplt-N02-v1_1.html",
        "train": "yes",
        "wikidata": "Q6880751",
        "wikimedia_commons": "File:Mitake station (11167761146).jpg",
        "wikipedia": "ja:御嶽駅"
      },
      "geometry": {
        "type": "Point",
        "coordinates": [
          139.1823453,
          35.8014926
        ]
      },
      "id": "node/4351266691"
    },
    {
      "type": "Feature",
      "properties": {
        "@id": "node/4351266692",
        "KSJ2:LIN": "青梅線",
        "KSJ2:RAS": "eb03_7515",
        "KSJ2:STN": "宮ノ平",
        "KSJ2:segment": "eb02_15871",
        "name": "宮ノ平",
        "name:en": "Miyanohira",
        "name:ja": "宮ノ平",
        "name:ja-Hira": "みやのひら",
        "name:ja_rm": "Miyanohira",
        "name:ko": "미야노히라",
        "note": "National-Land Numerical Information (Railway) 2007, MLIT Japan",
        "note:ja": "国土数値情報（鉄道データ）平成19年 国土交通省",
        "public_transport": "station",
        "railway": "station",
        "source": "KSJ2",
        "source_ref": "http://nlftp.mlit.go.jp/ksj/jpgis/datalist/KsjTmplt-N02-v1_1.html",
        "wikidata": "Q8013443",
        "wikipedia": "ja:宮ノ平駅"
      },
      "geometry": {
        "type": "Point",
        "coordinates": [
          139.2368359,
          35.787437
        ]
      },
      "id": "node/4351266692"
    },
    {
      "type": "Feature",
      "properties": {
        "@id": "node/4351266693",
        "name": "中神",
        "name:en": "Nakagami",
        "name:ja": "中神",
        "name:ja_rm": "Nakagami",
        "name:ko": "나카가미",
        "note": "National-Land Numerical Information (Railway) 2007, MLIT Japan",
        "note:ja": "国土数値情報（鉄道データ）平成19年　国土交通省",
        "public_transport": "station",
        "railway": "station",
        "source": "KSJ2",
        "source_ref": "http://nlftp.mlit.go.jp/ksj/jpgis/datalist/KsjTmplt-N02-v1_1.html",
        "wikidata": "Q8013086",
        "wikipedia": "ja:中神駅"
      },
      "geometry": {
        "type": "Point",
        "coordinates": [
          139.3757902,
          35.7090262
        ]
      },
      "id": "node/4351266693"
    },
    {
      "type": "Feature",
      "properties": {
        "@id": "node/4351266695",
        "alt_name:fr": "Tachikawa Nord",
        "name": "西立川",
        "name:en": "Nishi-Tachikawa",
        "name:fr": "Nishi Tachikawa",
        "name:ja": "西立川",
        "name:ja-Hira": "にしたちかわ",
        "name:ja-Latn": "Nishi Tachikawa",
        "name:ko": "니시타치카와",
        "operator": "東日本旅客鉄道",
        "public_transport": "station",
        "railway": "station",
        "start_date": "1931-11-15",
        "wikidata": "Q7040422",
        "wikipedia": "ja:西立川駅"
      },
      "geometry": {
        "type": "Point",
        "coordinates": [
          139.3936344,
          35.7035276
        ]
      },
      "id": "node/4351266695"
    },
    {
      "type": "Feature",
      "properties": {
        "@id": "node/4351266697",
        "KSJ2:LIN": "青梅線",
        "KSJ2:RAS": "eb03_7500",
        "KSJ2:STN": "奥多摩",
        "KSJ2:segment": "eb02_15880",
        "name": "奥多摩",
        "name:en": "Oku-Tama",
        "name:ja": "奥多摩",
        "name:ja-Hira": "おくたま",
        "name:ja_rm": "Okutama",
        "name:ko": "오쿠 타마",
        "note": "National-Land Numerical Information (Railway) 2007, MLIT Japan",
        "note:ja": "国土数値情報（鉄道データ）平成19年 国土交通省",
        "old_name": "氷川",
        "public_transport": "station",
        "railway": "station",
        "source": "KSJ2",
        "source_ref": "http://nlftp.mlit.go.jp/ksj/jpgis/datalist/KsjTmplt-N02-v1_1.html",
        "wikidata": "Q842968",
        "wikipedia": "ja:奥多摩駅"
      },
      "geometry": {
        "type": "Point",
        "coordinates": [
          139.0966838,
          35.8092044
        ]
      },
      "id": "node/4351266697"
    },
    {
      "type": "Feature",
      "properties": {
        "@id": "node/4351266699",
        "KSJ2:LIN": "青梅線",
        "KSJ2:RAS": "eb03_7505",
        "KSJ2:STN": "青梅",
        "KSJ2:segment": "eb02_15890",
        "name": "青梅",
        "name:en": "Ome",
        "name:ja": "青梅",
        "name:ja-Hira": "おうめ",
        "name:ja_rm": "Ōme",
        "name:ko": "오메",
        "note": "National-Land Numerical Information (Railway) 2007, MLIT Japan",
        "note:ja": "国土数値情報（鉄道データ）平成19年 国土交通省",
        "public_transport": "station",
        "railway": "station",
        "source": "KSJ2",
        "source_ref": "http://nlftp.mlit.go.jp/ksj/jpgis/datalist/KsjTmplt-N02-v1_1.html",
        "wheelchair": "yes",
        "wikidata": "Q843019",
        "wikipedia": "ja:青梅駅"
      },
      "geometry": {
        "type": "Point",
        "coordinates": [
          139.2583321,
          35.7904504
        ]
      },
      "id": "node/4351266699"
    },
    {
      "type": "Feature",
      "properties": {
        "@id": "node/4351266700",
        "KSJ2:LIN": "青梅線",
        "KSJ2:RAS": "eb03_7497",
        "KSJ2:STN": "小作",
        "KSJ2:segment": "eb02_15887",
        "addr:block_number": "35",
        "addr:city": "羽村市",
        "addr:housenumber": "1",
        "addr:neighbourhood": "5",
        "addr:postcode": "205-0001",
        "addr:province": "東京都",
        "addr:quarter": "小作台",
        "name": "小作",
        "name:en": "Ozaku",
        "name:ja": "小作",
        "name:ja_rm": "Ozaku",
        "name:ko": "오자쿠",
        "note": "National-Land Numerical Information (Railway) 2007, MLIT Japan",
        "note:ja": "国土数値情報（鉄道データ）平成19年　国土交通省",
        "public_transport": "station",
        "railway": "station",
        "source_ref": "http://nlftp.mlit.go.jp/ksj/jpgis/datalist/KsjTmplt-N02-v1_1.html",
        "start_date": "1894-11-19",
        "toilets:wheelchair": "yes",
        "train": "yes",
        "wheelchair": "yes",
        "wikidata": "Q7116441",
        "wikipedia": "ja:小作駅"
      },
      "geometry": {
        "type": "Point",
        "coordinates": [
          139.3019232,
          35.7763109
        ]
      },
      "id": "node/4351266700"
    },
    {
      "type": "Feature",
      "properties": {
        "@id": "node/4351266701",
        "KSJ2:LIN": "青梅線",
        "KSJ2:RAS": "eb03_7502",
        "KSJ2:STN": "沢井",
        "KSJ2:segment": "eb02_15876",
        "name": "沢井",
        "name:en": "Sawai",
        "name:ja": "沢井",
        "name:ja_rm": "Sawai",
        "name:ko": "사와이",
        "note": "National-Land Numerical Information (Railway) 2007, MLIT Japan",
        "note:ja": "国土数値情報（鉄道データ）平成19年　国土交通省",
        "public_transport": "station",
        "railway": "station",
        "source": "KSJ2",
        "source_ref": "http://nlftp.mlit.go.jp/ksj/jpgis/datalist/KsjTmplt-N02-v1_1.html",
        "wikidata": "Q7428551",
        "wikipedia": "ja:沢井駅"
      },
      "geometry": {
        "type": "Point",
        "coordinates": [
          139.1937542,
          35.8058807
        ]
      },
      "id": "node/4351266701"
    },
    {
      "type": "Feature",
      "properties": {
        "@id": "node/4351266702",
        "KSJ2:LIN": "青梅線",
        "KSJ2:RAS": "eb03_7499",
        "KSJ2:STN": "白丸",
        "KSJ2:segment": "eb02_15883",
        "name": "白丸",
        "name:en": "Shiromaru",
        "name:ja": "白丸",
        "name:ja-Hira": "しろまる",
        "name:ja_rm": "Shiromaru",
        "name:ko": "시로마루",
        "name:zh": "白丸",
        "note:ja": "国土数値情報（鉄道データ）平成19年 国土交通省",
        "public_transport": "station",
        "railway": "station",
        "source_ref": "http://nlftp.mlit.go.jp/ksj/jpgis/datalist/KsjTmplt-N02-v1_1.html",
        "wikidata": "Q7498943",
        "wikipedia": "ja:白丸駅 (東京都)"
      },
      "geometry": {
        "type": "Point",
        "coordinates": [
          139.1147877,
          35.811886
        ]
      },
      "id": "node/4351266702"
    },
    {
      "type": "Feature",
      "properties": {
        "@id": "node/4351266710",
        "KSJ2:LIN": "青梅線",
        "KSJ2:RAS": "eb03_7509",
        "KSJ2:STN": "牛浜",
        "KSJ2:segment": "eb02_15865",
        "name": "牛浜",
        "name:en": "Ushihama",
        "name:ja": "牛浜",
        "name:ja-Hira": "うしはま",
        "name:ja-Latn": "Ushihama",
        "name:ko": "우시하마",
        "note": "National-Land Numerical Information (Railway) 2007, MLIT Japan",
        "note:ja": "国土数値情報（鉄道データ）平成19年　国土交通省",
        "public_transport": "station",
        "railway": "station",
        "source": "KSJ2",
        "source_ref": "http://nlftp.mlit.go.jp/ksj/jpgis/datalist/KsjTmplt-N02-v1_1.html",
        "toilets:wheelchair": "no",
        "wheelchair": "yes",
        "wheelchair:description": "disabled toilet is outside of station",
        "wikidata": "Q7901942",
        "wikipedia": "ja:牛浜駅"
      },
      "geometry": {
        "type": "Point",
        "coordinates": [
          139.3336014,
          35.7346115
        ]
      },
      "id": "node/4351266710"
    },
    {
      "type": "Feature",
      "properties": {
        "@id": "node/4583802785",
        "highway": "motorway_junction",
        "name": "八王子西ＩＣ",
        "name:en": "hatiohji-west IC",
        "name:ja": "八王子西IC",
        "name:ja-Hira": "はちおうじにし",
        "name:ja_rm": "hatiohji-nishi IC",
        "official_name:en": "National Highway Route 468",
        "ref": "41",
        "source:name": "wikipedia",
        "source:ref": "wikipedia",
        "wikipedia": "ja:八王子西インターチェンジ"
      },
      "geometry": {
        "type": "Point",
        "coordinates": [
          139.2540159,
          35.682604
        ]
      },
      "id": "node/4583802785"
    },
    {
      "type": "Feature",
      "properties": {
        "@id": "node/5251905956",
        "highway": "motorway_junction",
        "name": "横浜町田IC"
      },
      "geometry": {
        "type": "Point",
        "coordinates": [
          139.47675,
          35.5086391
        ]
      },
      "id": "node/5251905956"
    },
    {
      "type": "Feature",
      "properties": {
        "@id": "node/5534805901",
        "highway": "motorway_junction",
        "name": "あきる野ＩＣ",
        "name:en": "Akiruno IC",
        "name:ja": "あきる野IC",
        "name:ja-Hira": "あきるのいんたーちぇんじ",
        "name:ja_rm": "Akiruno IC",
        "official_name:en": "National Highway Route 468",
        "ref": "42",
        "source:name": "wikipedia",
        "source:ref": "wikipedia",
        "wikidata": "Q11257027",
        "wikipedia": "ja:あきる野インターチェンジ"
      },
      "geometry": {
        "type": "Point",
        "coordinates": [
          139.2842564,
          35.7202783
        ]
      },
      "id": "node/5534805901"
    },
    {
      "type": "Feature",
      "properties": {
        "@id": "node/6003241794",
        "name": "高尾山口",
        "name:en": "Takaosanguchi",
        "name:ja": "高尾山口",
        "name:ja-Hira": "たかおさんぐち",
        "name:ja_rm": "Takaosan Guchi",
        "name:ko": "다카오산구치",
        "operator": "京王電鉄",
        "public_transport": "station",
        "railway": "station",
        "ref": "KO53",
        "source": "KSJ2",
        "train": "yes",
        "wikidata": "Q4450115",
        "wikipedia": "ja:高尾山口駅"
      },
      "geometry": {
        "type": "Point",
        "coordinates": [
          139.2699078,
          35.6325002
        ]
      },
      "id": "node/6003241794"
    },
    {
      "type": "Feature",
      "properties": {
        "@id": "node/6009189919",
        "name": "百草園",
        "name:en": "Mogusaen",
        "name:ja": "百草園",
        "name:ja-Hira": "もぐさえん",
        "name:ja_rm": "Mogusaen",
        "name:ko": "모구사엔",
        "name:ru": "Могусаэн",
        "note": "National-Land Numerical Information (Railway) 2007, MLIT Japan",
        "note:ja": "国土数値情報（鉄道データ）平成19年 国土交通省",
        "operator": "京王電鉄",
        "public_transport": "station",
        "railway": "station",
        "ref": "KO28",
        "source": "KSJ2",
        "source_ref": "http://nlftp.mlit.go.jp/ksj/jpgis/datalist/KsjTmplt-N02-v1_1.html",
        "wikidata": "Q4299262",
        "wikipedia": "ja:百草園駅"
      },
      "geometry": {
        "type": "Point",
        "coordinates": [
          139.4309108,
          35.657526
        ]
      },
      "id": "node/6009189919"
    },
    {
      "type": "Feature",
      "properties": {
        "@id": "node/6011451203",
        "alt_name:ko": "다마도부쓰코엔",
        "monorail": "yes",
        "name": "多摩動物公園",
        "name:en": "Tama-Dobutsukoen",
        "name:ja": "多摩動物公園",
        "name:ja-Hira": "たまどうぶつこうえん",
        "name:ja_rm": "Tama dōbutsu kōen",
        "name:ko": "다마동물공원",
        "note": "National-Land Numerical Information (Railway) 2007, MLIT Japan",
        "note:ja": "国土数値情報（鉄道データ）平成19年 国土交通省",
        "operator": "多摩都市モノレール",
        "public_transport": "station",
        "railway": "station",
        "source": "KSJ2",
        "source_ref": "http://nlftp.mlit.go.jp/ksj/jpgis/datalist/KsjTmplt-N02-v1_1.html",
        "station": "monorail",
        "wikidata": "Q4450752",
        "wikipedia": "ja:多摩動物公園駅"
      },
      "geometry": {
        "type": "Point",
        "coordinates": [
          139.4037336,
          35.6486656
        ]
      },
      "id": "node/6011451203"
    },
    {
      "type": "Feature",
      "properties": {
        "@id": "node/6054786520",
        "name": "京王八王子",
        "name:en": "Keiō-hachiōji",
        "name:ko": "게이오하치오지",
        "operator": "京王電鉄",
        "operator:en": "Keio Corporation",
        "public_transport": "station",
        "railway": "station",
        "train": "yes",
        "wikidata": "Q906143",
        "wikipedia": "ja:京王八王子駅"
      },
      "geometry": {
        "type": "Point",
        "coordinates": [
          139.3430194,
          35.6579228
        ]
      },
      "id": "node/6054786520"
    },
    {
      "type": "Feature",
      "properties": {
        "@id": "node/6057309187",
        "contact:website": "https://www.jreast.co.jp/estation/station/info.aspx?StationCd=145",
        "name": "稲城長沼",
        "name:en": "Inagi-Naganuma",
        "name:ja-Hira": "いなぎながぬま",
        "name:ja-Latn": "Inagi-Naganuma",
        "name:ko": "이나기나가누마",
        "operator": "東日本旅客鉄道",
        "operator:en": "East Japan Railway Company",
        "operator:ja": "東日本旅客鉄道",
        "operator:wikidata": "Q499071",
        "public_transport": "station",
        "railway": "station",
        "ref": "JN18",
        "train": "yes",
        "wikidata": "Q5366278",
        "wikipedia": "ja:稲城長沼駅"
      },
      "geometry": {
        "type": "Point",
        "coordinates": [
          139.5022022,
          35.6444572
        ]
      },
      "id": "node/6057309187"
    },
    {
      "type": "Feature",
      "properties": {
        "@id": "node/6057309188",
        "contact:website": "https://www.jreast.co.jp/estation/station/info.aspx?StationCd=1490",
        "name": "南多摩",
        "name:en": "Minami-Tama",
        "name:ja-Hira": "みなみたま",
        "name:ja-Latn": "Minami-Tama",
        "name:ko": "미나미타마",
        "operator": "東日本旅客鉄道",
        "operator:en": "East Japan Railway Company",
        "operator:ja": "東日本旅客鉄道",
        "operator:wikidata": "Q499071",
        "public_transport": "station",
        "railway": "station",
        "ref": "JN19",
        "source": "KSJ2",
        "wikidata": "Q5366901",
        "wikipedia": "ja:南多摩駅"
      },
      "geometry": {
        "type": "Point",
        "coordinates": [
          139.4898983,
          35.6492806
        ]
      },
      "id": "node/6057309188"
    },
    {
      "type": "Feature",
      "properties": {
        "@id": "node/6287277218",
        "monorail": "yes",
        "name": "程久保",
        "name:en": "Hodokubo",
        "name:ja": "程久保",
        "name:ja-Hira": "ほどくぼ",
        "name:ja_rm": "Hodokubo",
        "name:ko": "호도쿠보",
        "note": "National-Land Numerical Information (Railway) 2007, MLIT Japan",
        "note:ja": "国土数値情報（鉄道データ）平成19年 国土交通省",
        "operator": "多摩都市モノレール",
        "public_transport": "station",
        "railway": "station",
        "source": "KSJ2",
        "source_ref": "http://nlftp.mlit.go.jp/ksj/jpgis/datalist/KsjTmplt-N02-v1_1.html",
        "station": "monorail",
        "wikidata": "Q5876257",
        "wikipedia": "ja:程久保駅"
      },
      "geometry": {
        "type": "Point",
        "coordinates": [
          139.4108303,
          35.6552865
        ]
      },
      "id": "node/6287277218"
    },
    {
      "type": "Feature",
      "properties": {
        "@id": "node/6287291406",
        "alt_name:ko": "주오다이가쿠·메이세이다이가쿠",
        "monorail": "yes",
        "name": "中央大学・明星大学",
        "name:en": "Chuo-Daigaku･Meisei-Daigaku",
        "name:ja": "中央大学・明星大学",
        "name:ja-Hira": "ちゅうおうだいがく・めいせいだいがく",
        "name:ja_rm": "Chūō daigaku Meisei daigaku",
        "name:ko": "주오대학·메이세이대학",
        "operator": "多摩都市モノレール",
        "public_transport": "station",
        "railway": "station",
        "source": "KSJ2",
        "station": "monorail",
        "toilets:wheelchair": "yes",
        "wheelchair": "yes",
        "wheelchair:description": "各ホーム前後に車いす用スロープあり。",
        "wikidata": "Q5119037",
        "wikipedia": "ja:中央大学・明星大学駅"
      },
      "geometry": {
        "type": "Point",
        "coordinates": [
          139.4087644,
          35.6418831
        ]
      },
      "id": "node/6287291406"
    },
    {
      "type": "Feature",
      "properties": {
        "@id": "node/6287291407",
        "alt_name:ko": "오쓰카테이쿄다이가쿠",
        "monorail": "yes",
        "name": "大塚・帝京大学",
        "name:en": "Otsuka･Teikyo-Daigaku",
        "name:ja": "大塚・帝京大学",
        "name:ja-Hira": "おおつか・ていきょうだいがく",
        "name:ja_rm": "Ōtsuka Teikyō daigaku",
        "name:ko": "오쓰카테이쿄대학",
        "operator": "多摩都市モノレール",
        "public_transport": "station",
        "railway": "station",
        "source": "KSJ2",
        "station": "monorail",
        "wikidata": "Q8011282",
        "wikipedia": "ja:大塚・帝京大学駅"
      },
      "geometry": {
        "type": "Point",
        "coordinates": [
          139.4164754,
          35.6368916
        ]
      },
      "id": "node/6287291407"
    },
    {
      "type": "Feature",
      "properties": {
        "@id": "node/6287291409",
        "monorail": "yes",
        "name": "松が谷",
        "name:en": "Matsugaya",
        "name:ja": "松が谷",
        "name:ja-Hira": "まつがや",
        "name:ja_rm": "Matsugaya",
        "name:ko": "마쓰가야",
        "operator": "多摩都市モノレール",
        "public_transport": "station",
        "railway": "station",
        "source": "KSJ2",
        "station": "monorail",
        "wikidata": "Q6788096",
        "wikipedia": "ja:松が谷駅"
      },
      "geometry": {
        "type": "Point",
        "coordinates": [
          139.4220673,
          35.6318225
        ]
      },
      "id": "node/6287291409"
    },
    {
      "type": "Feature",
      "properties": {
        "@id": "node/6385541609",
        "name": "東久留米",
        "name:en": "Higashi-Kurume",
        "name:ja": "東久留米",
        "name:ja-Hira": "ひがしくるめ",
        "name:ja_rm": "Higashi Kurume",
        "name:ko": "히가시쿠루메",
        "network": "西武鉄道",
        "network:en": "Seibu Railway",
        "network:ja": "西武鉄道",
        "network:wikidata": "Q83543",
        "operator": "西武鉄道",
        "public_transport": "station",
        "railway": "station",
        "ref": "SI14",
        "train": "yes",
        "wheelchair": "yes",
        "wikidata": "Q5753665",
        "wikipedia": "ja:東久留米駅"
      },
      "geometry": {
        "type": "Point",
        "coordinates": [
          139.5340853,
          35.7602506
        ]
      },
      "id": "node/6385541609"
    },
    {
      "type": "Feature",
      "properties": {
        "@id": "node/6419817925",
        "name": "西武立川",
        "name:en": "Seibu-Tachikawa",
        "name:ja-Hira": "せいぶたちかわ",
        "name:ko": "세이부타치카와",
        "network": "西武鉄道",
        "network:en": "Seibu Railway",
        "network:ja": "西武鉄道",
        "network:wikidata": "Q83543",
        "operator": "西武鉄道",
        "public_transport": "station",
        "railway": "station",
        "train": "yes",
        "wikidata": "Q8014513",
        "wikipedia": "ja:西武立川駅"
      },
      "geometry": {
        "type": "Point",
        "coordinates": [
          139.3704809,
          35.7262975
        ]
      },
      "id": "node/6419817925"
    },
    {
      "type": "Feature",
      "properties": {
        "@id": "node/6449866654",
        "KSJ2:LIN": "南武線",
        "contact:website": "https://www.jreast.co.jp/estation/station/info.aspx?StationCd=1385",
        "name": "分倍河原",
        "name:en": "Bubaigawara",
        "name:es": "Bubaigawara",
        "name:ja": "分倍河原",
        "name:ja-Hira": "ぶばいがわら",
        "name:ja-Latn": "Bubaigawara",
        "name:ko": "부바이가와라",
        "name:ru": "Бубайгавара",
        "note": "National-Land Numerical Information (Railway) 2007, MLIT Japan",
        "note:ja": "国土数値情報（鉄道データ）平成19年　国土交通省",
        "operator": "東日本旅客鉄道",
        "operator:en": "East Japan Railway Company",
        "operator:ja": "東日本旅客鉄道",
        "operator:wikidata": "Q499071",
        "public_transport": "station",
        "railway": "station",
        "ref": "JN21",
        "source": "KSJ2",
        "source_ref": "http://nlftp.mlit.go.jp/ksj/jpgis/datalist/KsjTmplt-N02-v1_1.html",
        "wikidata": "Q857315",
        "wikipedia": "ja:分倍河原駅"
      },
      "geometry": {
        "type": "Point",
        "coordinates": [
          139.4689952,
          35.6684475
        ]
      },
      "id": "node/6449866654"
    },
    {
      "type": "Feature",
      "properties": {
        "@id": "node/6449866655",
        "KSJ2:LIN": "京王線",
        "name": "分倍河原",
        "name:en": "Bubaigawara",
        "name:ja": "分倍河原",
        "name:ja-Hira": "ぶばいがわら",
        "name:ja_rm": "Bubaigawara",
        "name:ko": "부바이가와라",
        "name:ru": "Бубайгавара",
        "note": "National-Land Numerical Information (Railway) 2007, MLIT Japan",
        "note:ja": "国土数値情報（鉄道データ）平成19年 国土交通省",
        "operator": "京王電鉄",
        "public_transport": "station",
        "railway": "station",
        "ref": "KO25",
        "source": "KSJ2",
        "source_ref": "http://nlftp.mlit.go.jp/ksj/jpgis/datalist/KsjTmplt-N02-v1_1.html",
        "wikidata": "Q857315",
        "wikipedia": "ja:分倍河原駅"
      },
      "geometry": {
        "type": "Point",
        "coordinates": [
          139.4685573,
          35.6685976
        ]
      },
      "id": "node/6449866655"
    },
    {
      "type": "Feature",
      "properties": {
        "@id": "node/6565174777",
        "monorail": "yes",
        "name": "甲州街道",
        "name:en": "Koshukaido",
        "name:ja": "甲州街道",
        "name:ja-Hira": "こうしゅうかいどう",
        "name:ja_rm": "Kōshū kaidō",
        "name:ko": "고슈카이도",
        "operator": "多摩都市モノレール",
        "public_transport": "station",
        "railway": "station",
        "source": "KSJ2",
        "source_ref": "http://nlftp.mlit.go.jp/ksj/jpgis/datalist/KsjTmplt-N02-v1_1.html",
        "station": "monorail",
        "train": "yes",
        "wikidata": "Q6455297",
        "wikipedia": "ja:甲州街道駅"
      },
      "geometry": {
        "type": "Point",
        "coordinates": [
          139.4092084,
          35.6782996
        ]
      },
      "id": "node/6565174777"
    },
    {
      "type": "Feature",
      "properties": {
        "@id": "node/6565174778",
        "alt_name:ko": "시바사키타이이쿠칸",
        "monorail": "yes",
        "name": "柴崎体育館",
        "name:en": "Shibasaki-Taiikukan",
        "name:ja": "柴崎体育館",
        "name:ja-Hira": "しばさきたいいくかん",
        "name:ja_rm": "Shibasaki taiikukan",
        "name:ko": "시바사키체육관",
        "operator": "多摩都市モノレール",
        "public_transport": "station",
        "railway": "station",
        "source": "KSJ2",
        "source_ref": "http://nlftp.mlit.go.jp/ksj/jpgis/datalist/KsjTmplt-N02-v1_1.html",
        "station": "monorail",
        "wikidata": "Q7496025",
        "wikipedia": "ja:柴崎体育館駅"
      },
      "geometry": {
        "type": "Point",
        "coordinates": [
          139.4094043,
          35.6899232
        ]
      },
      "id": "node/6565174778"
    },
    {
      "type": "Feature",
      "properties": {
        "@id": "node/6565195595",
        "monorail": "yes",
        "name": "万願寺",
        "name:en": "Manganji",
        "name:ja": "万願寺",
        "name:ja-Hira": "まんがんじ",
        "name:ja_rm": "Manganji",
        "name:ko": "만간지",
        "operator": "多摩都市モノレール",
        "public_transport": "station",
        "railway": "station",
        "source": "KSJ2",
        "source_ref": "http://nlftp.mlit.go.jp/ksj/jpgis/datalist/KsjTmplt-N02-v1_1.html",
        "station": "monorail",
        "wikidata": "Q6748797",
        "wikipedia": "ja:万願寺駅"
      },
      "geometry": {
        "type": "Point",
        "coordinates": [
          139.4200659,
          35.6712772
        ]
      },
      "id": "node/6565195595"
    },
    {
      "type": "Feature",
      "properties": {
        "@id": "node/6565229386",
        "monorail": "yes",
        "name": "立川南",
        "name:en": "Tachikawa-Minami",
        "name:ja": "立川南",
        "name:ja-Hira": "たちかわみなみ",
        "name:ja_rm": "Tachikawa minami",
        "name:ko": "다치카와미나미",
        "operator": "多摩都市モノレール",
        "public_transport": "station",
        "railway": "station",
        "source": "KSJ2",
        "source_ref": "http://nlftp.mlit.go.jp/ksj/jpgis/datalist/KsjTmplt-N02-v1_1.html",
        "station": "monorail",
        "wheelchair": "yes",
        "wikidata": "Q844178",
        "wikipedia": "ja:立川南駅"
      },
      "geometry": {
        "type": "Point",
        "coordinates": [
          139.4126,
          35.6961465
        ]
      },
      "id": "node/6565229386"
    },
    {
      "type": "Feature",
      "properties": {
        "@id": "node/6882442474",
        "highway": "motorway_junction",
        "layer": "1",
        "name": "調布IC",
        "name:en": "Chofu IC",
        "name:ja": "調布IC",
        "name:ja-Hira": "ちょうふいんたーちぇんじ",
        "name:ja_rm": "Chōfu",
        "ref": "3",
        "wikipedia": "ja:調布インターチェンジ"
      },
      "geometry": {
        "type": "Point",
        "coordinates": [
          139.531175,
          35.6595725
        ]
      },
      "id": "node/6882442474"
    },
    {
      "type": "Feature",
      "properties": {
        "@id": "node/6985700703",
        "name": "南町田グランベリーパーク",
        "name:en": "Minami-machida Grandberry Park",
        "name:ja": "南町田グランベリーパーク",
        "name:ja-Hira": "みなみまちだぐらんべりーぱーく",
        "name:ko": "미나미마치다그랜베리파크",
        "operator": "東急電鉄",
        "public_transport": "station",
        "railway": "station",
        "ref": "DT25",
        "train": "yes",
        "wikidata": "Q6862943",
        "wikipedia": "ja:南町田グランベリーパーク駅"
      },
      "geometry": {
        "type": "Point",
        "coordinates": [
          139.4707911,
          35.5115009
        ]
      },
      "id": "node/6985700703"
    },
    {
      "type": "Feature",
      "properties": {
        "@id": "node/7040358380",
        "name": "多摩境",
        "name:en": "Tamasakai",
        "name:ja": "多摩境",
        "name:ja-Hira": "たまさかい",
        "name:ja_rm": "Tamasakai",
        "name:ko": "다마사카이",
        "note": "National-Land Numerical Information (Railway) 2007, MLIT Japan",
        "note:ja": "国土数値情報（鉄道データ）平成19年 国土交通省",
        "operator": "京王電鉄",
        "public_transport": "station",
        "railway": "station",
        "ref": "KO44",
        "source": "KSJ2",
        "source_ref": "http://nlftp.mlit.go.jp/ksj/jpgis/datalist/KsjTmplt-N02-v1_1.html",
        "wheelchair": "yes",
        "wikidata": "Q4450818",
        "wikipedia": "ja:多摩境駅"
      },
      "geometry": {
        "type": "Point",
        "coordinates": [
          139.3671223,
          35.6020524
        ]
      },
      "id": "node/7040358380"
    },
    {
      "type": "Feature",
      "properties": {
        "@id": "node/7099127364",
        "name": "東秋留",
        "name:en": "Higashi-Akiru",
        "name:ja": "東秋留",
        "name:ja_rm": "Higashi-Akiru",
        "name:ko": "히가시아키루",
        "public_transport": "station",
        "railway": "station",
        "wikidata": "Q5753453",
        "wikipedia": "ja:東秋留駅"
      },
      "geometry": {
        "type": "Point",
        "coordinates": [
          139.3109959,
          35.7259384
        ]
      },
      "id": "node/7099127364"
    },
    {
      "type": "Feature",
      "properties": {
        "@id": "node/7104092748",
        "name": "武蔵増戸",
        "name:en": "Musashi-Masuko",
        "name:ja": "武蔵増戸",
        "name:ja_rm": "Musashi-Masuko",
        "name:ko": "무사시마스코",
        "public_transport": "station",
        "railway": "station",
        "wikidata": "Q6940139",
        "wikipedia": "ja:武蔵増戸駅"
      },
      "geometry": {
        "type": "Point",
        "coordinates": [
          139.256252,
          35.7310041
        ]
      },
      "id": "node/7104092748"
    },
    {
      "type": "Feature",
      "properties": {
        "@id": "node/7104098478",
        "name": "秋川",
        "name:en": "Akigawa",
        "name:ja": "秋川",
        "name:ja-Hira": "あきがわ",
        "name:ja_rm": "Akigawa",
        "name:ko": "아키가와",
        "public_transport": "station",
        "railway": "station",
        "wikidata": "Q4700907",
        "wikipedia": "ja:秋川駅"
      },
      "geometry": {
        "type": "Point",
        "coordinates": [
          139.2866763,
          35.728075
        ]
      },
      "id": "node/7104098478"
    },
    {
      "type": "Feature",
      "properties": {
        "@id": "node/7108632776",
        "highway": "motorway_junction",
        "name": "中央JCT・東八道路IC（仮称）",
        "ref": "40"
      },
      "geometry": {
        "type": "Point",
        "coordinates": [
          139.5775987,
          35.6645781
        ]
      },
      "id": "node/7108632776"
    },
    {
      "type": "Feature",
      "properties": {
        "@id": "node/7108644088",
        "highway": "motorway_junction",
        "name": "中央JCT・東八道路IC（仮称）",
        "ref": "40"
      },
      "geometry": {
        "type": "Point",
        "coordinates": [
          139.5854562,
          35.6846477
        ]
      },
      "id": "node/7108644088"
    },
    {
      "type": "Feature",
      "properties": {
        "@id": "node/7108805156",
        "highway": "motorway_junction",
        "name": "東八道路IC（仮称）"
      },
      "geometry": {
        "type": "Point",
        "coordinates": [
          139.5836067,
          35.6774621
        ]
      },
      "id": "node/7108805156"
    },
    {
      "type": "Feature",
      "properties": {
        "@id": "node/7159015516",
        "highway": "motorway_junction",
        "name": "中央JCT・東八道路IC（仮称）",
        "ref": "2"
      },
      "geometry": {
        "type": "Point",
        "coordinates": [
          139.5876262,
          35.6743035
        ]
      },
      "id": "node/7159015516"
    },
    {
      "type": "Feature",
      "properties": {
        "@id": "node/7159092802",
        "highway": "motorway_junction",
        "name": "中央JCT・東八道路IC（仮称）",
        "ref": "2"
      },
      "geometry": {
        "type": "Point",
        "coordinates": [
          139.5761722,
          35.6733102
        ]
      },
      "id": "node/7159092802"
    },
    {
      "type": "Feature",
      "properties": {
        "@id": "node/7159163179",
        "highway": "motorway_junction",
        "name": "東八道路IC（仮称）"
      },
      "geometry": {
        "type": "Point",
        "coordinates": [
          139.5810476,
          35.6731194
        ]
      },
      "id": "node/7159163179"
    },
    {
      "type": "Feature",
      "properties": {
        "@id": "node/7159201077",
        "highway": "motorway_junction",
        "name": "東八道路IC（仮称）"
      },
      "geometry": {
        "type": "Point",
        "coordinates": [
          139.5830499,
          35.677273
        ]
      },
      "id": "node/7159201077"
    },
    {
      "type": "Feature",
      "properties": {
        "@id": "node/7159280039",
        "highway": "motorway_junction",
        "name": "東八道路IC（仮称）"
      },
      "geometry": {
        "type": "Point",
        "coordinates": [
          139.5851712,
          35.6811857
        ]
      },
      "id": "node/7159280039"
    },
    {
      "type": "Feature",
      "properties": {
        "@id": "node/7351964083",
        "name": "新秋津",
        "name:en": "Shin-Akitsu",
        "name:ja": "新秋津",
        "name:ja-Hira": "しんあきつ",
        "name:ja-Latn": "Shin-Akitsu",
        "name:ko": "신아키쓰",
        "operator": "東日本旅客鉄道",
        "public_transport": "station",
        "railway": "station",
        "ref": "JM31",
        "wheelchair": "yes",
        "wikidata": "Q7497083",
        "wikipedia": "ja:新秋津駅"
      },
      "geometry": {
        "type": "Point",
        "coordinates": [
          139.4937891,
          35.7783659
        ]
      },
      "id": "node/7351964083"
    },
    {
      "type": "Feature",
      "properties": {
        "@id": "node/7674863409",
        "name": "小田急永山",
        "name:de": "Odakyu Nagayama",
        "name:en": "Odakyu Nagayama",
        "name:ja": "小田急永山",
        "name:ja-Hira": "おだきゅうながやま",
        "name:ja_rm": "Odakyū Nagayama",
        "name:ko": "나가야마",
        "name:ru": "Одакю-Нагаяма",
        "network": "小田急電鉄",
        "network:en": "Odakyu Electric Railway",
        "network:ja": "小田急電鉄",
        "network:wikidata": "Q83584",
        "operator": "小田急電鉄",
        "public_transport": "station",
        "railway": "station",
        "ref": "OT05",
        "source": "KSJ2",
        "train": "yes",
        "wikidata": "Q1061400",
        "wikipedia": "ja:永山駅 (東京都)"
      },
      "geometry": {
        "type": "Point",
        "coordinates": [
          139.4482099,
          35.6299329
        ]
      },
      "id": "node/7674863409"
    },
    {
      "type": "Feature",
      "properties": {
        "@id": "node/7678517553",
        "contact:website": "https://www.odakyu.jp/station/izumi_tamagawa/",
        "name": "和泉多摩川",
        "name:de": "Izumi-Tamagawa",
        "name:en": "Izumi-Tamagawa",
        "name:ja": "和泉多摩川",
        "name:ja-Hira": "いずみたまがわ",
        "name:ja-Latn": "Izumi-Tamagawa",
        "name:ko": "이즈미타마가와",
        "name:ru": "Идзуми-Тамагава",
        "operator": "小田急電鉄",
        "operator:en": "Odakyu Electric Railway",
        "operator:ja": "小田急電鉄",
        "operator:wikidata": "Q83584",
        "public_transport": "station",
        "railway": "station",
        "ref": "OH17",
        "source": "KSJ2",
        "wikidata": "Q4197917",
        "wikipedia": "ja:和泉多摩川駅"
      },
      "geometry": {
        "type": "Point",
        "coordinates": [
          139.5737269,
          35.6275123
        ]
      },
      "id": "node/7678517553"
    },
    {
      "type": "Feature",
      "properties": {
        "@id": "node/7682885684",
        "name": "仙川",
        "name:en": "Sengawa",
        "name:ja": "仙川",
        "name:ja-Hira": "せんがわ",
        "name:ja_rm": "Sengawa",
        "name:ko": "센가와",
        "name:ru": "Сэнгава",
        "operator": "京王電鉄",
        "public_transport": "station",
        "railway": "station",
        "ref": "KO13",
        "source": "KSJ2",
        "wheelchair": "yes",
        "wikidata": "Q906121",
        "wikipedia": "ja:仙川駅"
      },
      "geometry": {
        "type": "Point",
        "coordinates": [
          139.5850157,
          35.6623454
        ]
      },
      "id": "node/7682885684"
    },
    {
      "type": "Feature",
      "properties": {
        "@id": "node/7682908517",
        "name": "つつじヶ丘",
        "name:en": "Tsutsujigaoka",
        "name:ja": "つつじヶ丘",
        "name:ja-Hira": "つつじがおか",
        "name:ja_rm": "Tsutsujigaoka",
        "name:ko": "쓰쓰지가오카",
        "name:ru": "Цуцудзигаока",
        "operator": "京王電鉄",
        "public_transport": "station",
        "railway": "station",
        "ref": "KO14",
        "source": "KSJ2",
        "wikidata": "Q841913",
        "wikipedia": "ja:つつじヶ丘駅"
      },
      "geometry": {
        "type": "Point",
        "coordinates": [
          139.5752432,
          35.6580672
        ]
      },
      "id": "node/7682908517"
    },
    {
      "type": "Feature",
      "properties": {
        "@id": "node/7682938186",
        "name": "柴崎",
        "name:en": "Shibasaki",
        "name:ja": "柴崎",
        "name:ja-Hira": "しばさき",
        "name:ja_rm": "Shibasaki",
        "name:ko": "시바사키",
        "name:ru": "Сибасаки",
        "note": "National-Land Numerical Information (Railway) 2007, MLIT Japan",
        "operator": "京王電鉄",
        "public_transport": "station",
        "railway": "station",
        "ref": "KO15",
        "source": "KSJ2",
        "source_ref": "http://nlftp.mlit.go.jp/ksj/jpgis/datalist/KsjTmplt-N02-v1_1.html",
        "wikidata": "Q4418205",
        "wikipedia": "ja:柴崎駅"
      },
      "geometry": {
        "type": "Point",
        "coordinates": [
          139.5670439,
          35.6542424
        ]
      },
      "id": "node/7682938186"
    },
    {
      "type": "Feature",
      "properties": {
        "@id": "node/7682968810",
        "name": "布田",
        "name:en": "Fuda",
        "name:ja": "布田",
        "name:ja-Hira": "ふだ",
        "name:ja_rm": "Fuda",
        "name:ko": "후다",
        "name:ru": "Фуда",
        "note": "National-Land Numerical Information (Railway) 2007, MLIT Japan",
        "operator": "京王電鉄",
        "public_transport": "station",
        "railway": "station",
        "ref": "KO17",
        "source": "KSJ2",
        "source_ref": "http://nlftp.mlit.go.jp/ksj/jpgis/datalist/KsjTmplt-N02-v1_1.html",
        "wikidata": "Q4493273",
        "wikipedia": "ja:布田駅"
      },
      "geometry": {
        "type": "Point",
        "coordinates": [
          139.5517595,
          35.6498661
        ]
      },
      "id": "node/7682968810"
    },
    {
      "type": "Feature",
      "properties": {
        "@id": "node/7682981674",
        "KSJ2:LIN": "京王線",
        "name": "府中",
        "name:en": "Fuchu",
        "name:ja": "府中",
        "name:ja-Hira": "ふちゅう",
        "name:ja_rm": "Fuchū",
        "name:ko": "후추",
        "name:ru": "Футю",
        "note": "National-Land Numerical Information (Railway) 2007, MLIT Japan",
        "note:ja": "国土数値情報（鉄道データ）平成19年 国土交通省",
        "public_transport": "station",
        "railway": "station",
        "ref": "KO24",
        "source": "KSJ2",
        "source_ref": "http://nlftp.mlit.go.jp/ksj/jpgis/datalist/KsjTmplt-N02-v1_1.html",
        "wikidata": "Q4493756",
        "wikipedia": "ja:府中駅 (東京都)"
      },
      "geometry": {
        "type": "Point",
        "coordinates": [
          139.4800091,
          35.672219
        ]
      },
      "id": "node/7682981674"
    },
    {
      "type": "Feature",
      "properties": {
        "@id": "node/7683003648",
        "name": "聖蹟桜ヶ丘",
        "name:en": "Seiseki-sakuragaoka",
        "name:ja": "聖蹟桜ヶ丘",
        "name:ja-Hira": "せいせきさくらがおか",
        "name:ja_rm": "Seiseki Sakuragaoka",
        "name:ko": "세이세키사쿠라가오카",
        "name:ru": "Сэйсэки-Сакурагаока",
        "note": "National-Land Numerical Information (Railway) 2007, MLIT Japan",
        "note:ja": "国土数値情報（鉄道データ）平成19年 国土交通省",
        "operator": "京王電鉄",
        "public_transport": "station",
        "railway": "station",
        "ref": "KO27",
        "source": "KSJ2",
        "source_ref": "http://nlftp.mlit.go.jp/ksj/jpgis/datalist/KsjTmplt-N02-v1_1.html",
        "wikidata": "Q1064646",
        "wikipedia": "ja:聖蹟桜ヶ丘駅"
      },
      "geometry": {
        "type": "Point",
        "coordinates": [
          139.4470446,
          35.6508541
        ]
      },
      "id": "node/7683003648"
    },
    {
      "type": "Feature",
      "properties": {
        "@id": "node/7683007940",
        "KSJ2:LIN": "京王線",
        "name": "多磨霊園",
        "name:en": "Tama-reien",
        "name:ja": "多磨霊園",
        "name:ja-Hira": "たまれいえん",
        "name:ja_rm": "Tama Reien",
        "name:ko": "다마레이엔",
        "name:ru": "Тама-Рэйэн",
        "note": "National-Land Numerical Information (Railway) 2007, MLIT Japan",
        "note:ja": "国土数値情報（鉄道データ）平成19年 国土交通省",
        "operator": "京王電鉄",
        "public_transport": "station",
        "railway": "station",
        "ref": "KO22",
        "source": "KSJ2",
        "source_ref": "http://nlftp.mlit.go.jp/ksj/jpgis/datalist/KsjTmplt-N02-v1_1.html",
        "wheelchair": "yes",
        "wikidata": "Q7680496",
        "wikipedia": "ja:多磨霊園駅"
      },
      "geometry": {
        "type": "Point",
        "coordinates": [
          139.5030177,
          35.6661125
        ]
      },
      "id": "node/7683007940"
    },
    {
      "type": "Feature",
      "properties": {
        "@id": "node/7683014978",
        "name": "東府中",
        "name:en": "Higashi-fuchu",
        "name:ja": "東府中",
        "name:ja-Hira": "ひがしふちゅう",
        "name:ja_rm": "Higashi Fuchū",
        "name:ko": "히가시후추",
        "name:ru": "Хигаси-Футю",
        "note": "National-Land Numerical Information (Railway) 2007, MLIT Japan",
        "note:ja": "国土数値情報（鉄道データ）平成19年 国土交通省",
        "operator": "京王電鉄",
        "public_transport": "station",
        "railway": "station",
        "ref": "KO23",
        "source": "KSJ2",
        "source_ref": "http://nlftp.mlit.go.jp/ksj/jpgis/datalist/KsjTmplt-N02-v1_1.html",
        "wikidata": "Q4497461",
        "wikipedia": "ja:東府中駅"
      },
      "geometry": {
        "type": "Point",
        "coordinates": [
          139.4951461,
          35.6688995
        ]
      },
      "id": "node/7683014978"
    },
    {
      "type": "Feature",
      "properties": {
        "@id": "node/7683040566",
        "name": "中河原",
        "name:en": "Nakagawara",
        "name:ja": "中河原",
        "name:ja-Hira": "なかがわら",
        "name:ja_rm": "Nakagawara",
        "name:ko": "나카가와라",
        "name:ru": "Накагавара",
        "note": "National-Land Numerical Information (Railway) 2007, MLIT Japan",
        "note:ja": "国土数値情報（鉄道データ）平成19年 国土交通省",
        "operator": "京王電鉄",
        "public_transport": "station",
        "railway": "station",
        "ref": "KO26",
        "source": "KSJ2",
        "source_ref": "http://nlftp.mlit.go.jp/ksj/jpgis/datalist/KsjTmplt-N02-v1_1.html",
        "wikidata": "Q4312482",
        "wikipedia": "ja:中河原駅"
      },
      "geometry": {
        "type": "Point",
        "coordinates": [
          139.4579544,
          35.6596099
        ]
      },
      "id": "node/7683040566"
    },
    {
      "type": "Feature",
      "properties": {
        "@id": "node/7683043067",
        "alt_name:ko": "다마도부쓰코엔",
        "name": "多摩動物公園",
        "name:en": "Tama-dobutsukoen",
        "name:ja": "多摩動物公園",
        "name:ja-Hira": "たまどうぶつこうえん",
        "name:ja_rm": "Tama dōbutsu kōen",
        "name:ko": "다마동물공원",
        "note": "National-Land Numerical Information (Railway) 2007, MLIT Japan",
        "note:ja": "国土数値情報（鉄道データ）平成19年 国土交通省",
        "operator": "京王電鉄",
        "public_transport": "station",
        "railway": "station",
        "ref": "KO47",
        "source": "KSJ2",
        "source_ref": "http://nlftp.mlit.go.jp/ksj/jpgis/datalist/KsjTmplt-N02-v1_1.html",
        "train": "yes",
        "wikidata": "Q4450752",
        "wikipedia": "ja:多摩動物公園駅"
      },
      "geometry": {
        "type": "Point",
        "coordinates": [
          139.4045053,
          35.6491085
        ]
      },
      "id": "node/7683043067"
    },
    {
      "type": "Feature",
      "properties": {
        "@id": "node/7683074728",
        "alt_name:ko": "히라야마조시코엔",
        "name": "平山城址公園",
        "name:en": "Hirayamajoshi-koen",
        "name:ja": "平山城址公園",
        "name:ja-Hira": "ひらやまじょうしこうえん",
        "name:ja_rm": "Hirayama Jōshi Kōen",
        "name:ko": "히라야마성지공원",
        "name:ru": "Хираямадзёси-коэн",
        "note": "National-Land Numerical Information (Railway) 2007, MLIT Japan",
        "note:ja": "国土数値情報（鉄道データ）平成19年 国土交通省",
        "operator": "京王電鉄",
        "public_transport": "station",
        "railway": "station",
        "ref": "KO31",
        "source": "KSJ2",
        "source_ref": "http://nlftp.mlit.go.jp/ksj/jpgis/datalist/KsjTmplt-N02-v1_1.html",
        "wikidata": "Q4497858",
        "wikipedia": "ja:平山城址公園駅"
      },
      "geometry": {
        "type": "Point",
        "coordinates": [
          139.3803307,
          35.647517
        ]
      },
      "id": "node/7683074728"
    },
    {
      "type": "Feature",
      "properties": {
        "@id": "node/7683105642",
        "name": "南平",
        "name:en": "Minamidaira",
        "name:ja": "南平",
        "name:ja-Hira": "みなみだいら",
        "name:ja_rm": "Minamidaira",
        "name:ko": "미나미다이라",
        "name:ru": "Минамидайра",
        "note": "National-Land Numerical Information (Railway) 2007, MLIT Japan",
        "note:ja": "国土数値情報（鉄道データ）平成19年 国土交通省",
        "operator": "京王電鉄",
        "public_transport": "station",
        "railway": "station",
        "ref": "KO30",
        "source": "KSJ2",
        "source_ref": "http://nlftp.mlit.go.jp/ksj/jpgis/datalist/KsjTmplt-N02-v1_1.html",
        "wikidata": "Q4294001",
        "wikipedia": "ja:南平駅"
      },
      "geometry": {
        "type": "Point",
        "coordinates": [
          139.3919562,
          35.6546404
        ]
      },
      "id": "node/7683105642"
    },
    {
      "type": "Feature",
      "properties": {
        "@id": "node/7683115271",
        "name": "長沼",
        "name:en": "Naganuma",
        "name:ja": "長沼",
        "name:ja-Hira": "ながぬま",
        "name:ja_rm": "Naganuma",
        "name:ko": "나가누마",
        "name:ru": "Наганума",
        "note": "National-Land Numerical Information (Railway) 2007, MLIT Japan",
        "note:ja": "国土数値情報（鉄道データ）平成19年 国土交通省",
        "operator": "京王電鉄",
        "public_transport": "station",
        "railway": "station",
        "ref": "KO32",
        "source": "KSJ2",
        "source_ref": "http://nlftp.mlit.go.jp/ksj/jpgis/datalist/KsjTmplt-N02-v1_1.html",
        "wikidata": "Q6958464",
        "wikipedia": "ja:長沼駅 (東京都)"
      },
      "geometry": {
        "type": "Point",
        "coordinates": [
          139.3659307,
          35.6427981
        ]
      },
      "id": "node/7683115271"
    },
    {
      "type": "Feature",
      "properties": {
        "@id": "node/7683133748",
        "level": "0;1;2",
        "name": "北野",
        "name:en": "Kitano",
        "name:ja": "北野",
        "name:ja-Hira": "きたの",
        "name:ja_rm": "Kitano",
        "name:ko": "기타노",
        "name:ru": "Китано",
        "note": "National-Land Numerical Information (Railway) 2007, MLIT Japan",
        "note:ja": "国土数値情報（鉄道データ）平成19年 国土交通省",
        "operator": "京王電鉄",
        "public_transport": "station",
        "railway": "station",
        "ref": "KO33",
        "source": "KSJ2",
        "source_ref": "http://nlftp.mlit.go.jp/ksj/jpgis/datalist/KsjTmplt-N02-v1_1.html",
        "wikidata": "Q4222444",
        "wikipedia": "ja:北野駅 (東京都)"
      },
      "geometry": {
        "type": "Point",
        "coordinates": [
          139.3540839,
          35.6446036
        ]
      },
      "id": "node/7683133748"
    },
    {
      "type": "Feature",
      "properties": {
        "@id": "node/7683200691",
        "name": "国領",
        "name:en": "Kokuryo",
        "name:ja": "国領",
        "name:ja-Hira": "こくりょう",
        "name:ja_rm": "Kokuryō",
        "name:ko": "고쿠료",
        "name:ru": "Кокурё",
        "note": "National-Land Numerical Information (Railway) 2007, MLIT Japan",
        "operator": "京王電鉄",
        "public_transport": "station",
        "railway": "station",
        "ref": "KO16",
        "source": "KSJ2",
        "source_ref": "http://nlftp.mlit.go.jp/ksj/jpgis/datalist/KsjTmplt-N02-v1_1.html",
        "toilets:wheelchair": "yes",
        "wheelchair": "yes",
        "wikidata": "Q4227494",
        "wikipedia": "ja:国領駅"
      },
      "geometry": {
        "type": "Point",
        "coordinates": [
          139.558541,
          35.6502158
        ]
      },
      "id": "node/7683200691"
    },
    {
      "type": "Feature",
      "properties": {
        "@id": "node/7749777844",
        "monorail": "yes",
        "name": "高松",
        "name:en": "Takamatsu",
        "name:ja": "高松",
        "name:ja-Hira": "たかまつ",
        "name:ja_rm": "Takamatsu",
        "name:ko": "다카마쓰",
        "operator": "多摩都市モノレール",
        "public_transport": "station",
        "railway": "station",
        "source": "KSJ2",
        "source_ref": "http://nlftp.mlit.go.jp/ksj/jpgis/datalist/KsjTmplt-N02-v1_1.html",
        "station": "monorail",
        "train": "yes",
        "wikidata": "Q7677135",
        "wikipedia": "ja:高松駅 (東京都)"
      },
      "geometry": {
        "type": "Point",
        "coordinates": [
          139.4132745,
          35.7101518
        ]
      },
      "id": "node/7749777844"
    },
    {
      "type": "Feature",
      "properties": {
        "@id": "node/7749786872",
        "monorail": "yes",
        "name": "立飛",
        "name:en": "Tachihi",
        "name:ja": "立飛",
        "name:ja-Hira": "たちひ",
        "name:ja_rm": "Tachihi",
        "name:ko": "다치히",
        "operator": "多摩都市モノレール",
        "public_transport": "station",
        "railway": "station",
        "source": "KSJ2",
        "source_ref": "http://nlftp.mlit.go.jp/ksj/jpgis/datalist/KsjTmplt-N02-v1_1.html",
        "station": "monorail",
        "wheelchair": "limited",
        "wikidata": "Q7673726",
        "wikipedia": "ja:立飛駅"
      },
      "geometry": {
        "type": "Point",
        "coordinates": [
          139.4171959,
          35.7144509
        ]
      },
      "id": "node/7749786872"
    },
    {
      "type": "Feature",
      "properties": {
        "@id": "node/7749786873",
        "alt_name:ko": "이즈미타이이쿠칸",
        "monorail": "yes",
        "name": "泉体育館",
        "name:en": "Izumi-Taiikukan",
        "name:ja": "泉体育館",
        "name:ja-Hira": "いずみたいいくかん",
        "name:ja_rm": "Izumi taiikukan",
        "name:ko": "이즈미체육관",
        "operator": "多摩都市モノレール",
        "public_transport": "station",
        "railway": "station",
        "source": "KSJ2",
        "source_ref": "http://nlftp.mlit.go.jp/ksj/jpgis/datalist/KsjTmplt-N02-v1_1.html",
        "station": "monorail",
        "train": "yes",
        "wikidata": "Q6102266",
        "wikipedia": "ja:泉体育館駅"
      },
      "geometry": {
        "type": "Point",
        "coordinates": [
          139.4195455,
          35.7188183
        ]
      },
      "id": "node/7749786873"
    },
    {
      "type": "Feature",
      "properties": {
        "@id": "node/7749786874",
        "monorail": "yes",
        "name": "砂川七番",
        "name:en": "Sunagawa-Nanaban",
        "name:ja": "砂川七番",
        "name:ja-Hira": "すながわななばん",
        "name:ja_rm": "Sunagawa nanaban",
        "name:ko": "스나가와나나반",
        "operator": "多摩都市モノレール",
        "public_transport": "station",
        "railway": "station",
        "source": "KSJ2",
        "source_ref": "http://nlftp.mlit.go.jp/ksj/jpgis/datalist/KsjTmplt-N02-v1_1.html",
        "station": "monorail",
        "train": "yes",
        "wikidata": "Q7638759",
        "wikipedia": "ja:砂川七番駅"
      },
      "geometry": {
        "type": "Point",
        "coordinates": [
          139.418131,
          35.7233752
        ]
      },
      "id": "node/7749786874"
    },
    {
      "type": "Feature",
      "properties": {
        "@id": "node/7749786875",
        "monorail": "yes",
        "name": "桜街道",
        "name:en": "Sakurakaido",
        "name:ja": "桜街道",
        "name:ja-Hira": "さくらかいどう",
        "name:ja_rm": "Sakura kaidō",
        "name:ko": "사쿠라카이도",
        "operator": "多摩都市モノレール",
        "public_transport": "station",
        "railway": "station",
        "source": "KSJ2",
        "source_ref": "http://nlftp.mlit.go.jp/ksj/jpgis/datalist/KsjTmplt-N02-v1_1.html",
        "station": "monorail",
        "train": "yes",
        "wikidata": "Q7403154",
        "wikipedia": "ja:桜街道駅"
      },
      "geometry": {
        "type": "Point",
        "coordinates": [
          139.416651,
          35.739065
        ]
      },
      "id": "node/7749786875"
    },
    {
      "type": "Feature",
      "properties": {
        "@id": "node/7749786876",
        "monorail": "yes",
        "name": "上北台",
        "name:en": "Kamikitadai",
        "name:ja": "上北台",
        "name:ja-Hira": "かみきただい",
        "name:ja_rm": "Kamikitadai",
        "name:ko": "가미키타다이",
        "operator": "多摩都市モノレール",
        "public_transport": "station",
        "railway": "station",
        "source": "KSJ2",
        "source_ref": "http://nlftp.mlit.go.jp/ksj/jpgis/datalist/KsjTmplt-N02-v1_1.html",
        "station": "monorail",
        "toilets:wheelchair": "yes",
        "train": "yes",
        "wikidata": "Q6357916",
        "wikipedia": "ja:上北台駅"
      },
      "geometry": {
        "type": "Point",
        "coordinates": [
          139.4158575,
          35.7458813
        ]
      },
      "id": "node/7749786876"
    },
    {
      "type": "Feature",
      "properties": {
        "@id": "node/7763479268",
        "name": "保谷",
        "name:en": "Hoya",
        "name:ja": "保谷",
        "name:ja-Hira": "ほうや",
        "name:ja_rm": "Hōya",
        "name:ko": "호야",
        "network": "西武鉄道",
        "network:en": "Seibu Railway",
        "network:ja": "西武鉄道",
        "network:wikidata": "Q83543",
        "note": "National-Land Numerical Information (Railway) 2007, MLIT Japan",
        "operator": "西武鉄道",
        "public_transport": "station",
        "railway": "station",
        "ref": "SI12",
        "source": "KSJ2",
        "source_ref": "http://nlftp.mlit.go.jp/ksj/jpgis/datalist/KsjTmplt-N02-v1_1.html",
        "train": "yes",
        "wikidata": "Q843153",
        "wikipedia": "ja:保谷駅"
      },
      "geometry": {
        "type": "Point",
        "coordinates": [
          139.5673646,
          35.7483016
        ]
      },
      "id": "node/7763479268"
    },
    {
      "type": "Feature",
      "properties": {
        "@id": "node/7810422310",
        "contact:website": "https://www.jreast.co.jp/estation/station/info.aspx?StationCd=1599",
        "name": "谷保",
        "name:en": "Yaho",
        "name:ja": "谷保",
        "name:ja-Hira": "やほ",
        "name:ja-Latn": "Yaho",
        "name:ko": "야호",
        "note": "National-Land Numerical Information (Railway) 2007, MLIT Japan",
        "note:ja": "国土数値情報（鉄道データ）平成19年　国土交通省",
        "operator": "東日本旅客鉄道",
        "operator:en": "East Japan Railway Company",
        "operator:ja": "東日本旅客鉄道",
        "operator:wikidata": "Q499071",
        "public_transport": "station",
        "railway": "station",
        "ref": "JN23",
        "source": "KSJ2",
        "source_ref": "http://nlftp.mlit.go.jp/ksj/jpgis/datalist/KsjTmplt-N02-v1_1.html",
        "wikidata": "Q5366778",
        "wikipedia": "ja:谷保駅"
      },
      "geometry": {
        "type": "Point",
        "coordinates": [
          139.4468745,
          35.6813534
        ]
      },
      "id": "node/7810422310"
    },
    {
      "type": "Feature",
      "properties": {
        "@id": "node/7810437825",
        "contact:website": "https://www.jreast.co.jp/estation/station/info.aspx?StationCd=1571",
        "name": "矢川",
        "name:en": "Yagawa",
        "name:ja": "矢川",
        "name:ja-Hira": "やがわ",
        "name:ja-Latn": "Yagawa",
        "name:ko": "야가와",
        "note": "National-Land Numerical Information (Railway) 2007, MLIT Japan",
        "note:ja": "国土数値情報（鉄道データ）平成19年　国土交通省",
        "operator": "東日本旅客鉄道",
        "operator:en": "East Japan Railway Company",
        "operator:ja": "東日本旅客鉄道",
        "operator:wikidata": "Q499071",
        "public_transport": "station",
        "railway": "station",
        "ref": "JN24",
        "source": "KSJ2",
        "source_ref": "http://nlftp.mlit.go.jp/ksj/jpgis/datalist/KsjTmplt-N02-v1_1.html",
        "wikidata": "Q5366364",
        "wikipedia": "ja:矢川駅"
      },
      "geometry": {
        "type": "Point",
        "coordinates": [
          139.4314996,
          35.6850922
        ]
      },
      "id": "node/7810437825"
    },
    {
      "type": "Feature",
      "properties": {
        "@id": "node/7810457140",
        "KSJ2:LIN": "南武線",
        "contact:website": "https://www.jreast.co.jp/estation/station/info.aspx?StationCd=1591",
        "name": "矢野口",
        "name:en": "Yanokuchi",
        "name:ja": "矢野口",
        "name:ja-Hira": "やのくち",
        "name:ja-Latn": "Yanokuchi",
        "name:ko": "야노쿠치",
        "note": "National-Land Numerical Information (Railway) 2007, MLIT Japan",
        "note:ja": "国土数値情報（鉄道データ）平成19年　国土交通省",
        "operator": "東日本旅客鉄道",
        "operator:en": "East Japan Railway Company",
        "operator:ja": "東日本旅客鉄道",
        "operator:wikidata": "Q499071",
        "public_transport": "station",
        "railway": "station",
        "ref": "JN17",
        "source": "KSJ2",
        "source_ref": "http://nlftp.mlit.go.jp/ksj/jpgis/datalist/KsjTmplt-N02-v1_1.html",
        "train": "yes",
        "wikidata": "Q5366316",
        "wikipedia": "ja:矢野口駅"
      },
      "geometry": {
        "type": "Point",
        "coordinates": [
          139.520527,
          35.6416594
        ]
      },
      "id": "node/7810457140"
    },
    {
      "type": "Feature",
      "properties": {
        "@id": "node/7829676200",
        "name": "熊川",
        "name:en": "Kumagawa",
        "name:ja": "熊川",
        "name:ja_rm": "Kumagawa",
        "name:ko": "구마가와",
        "public_transport": "station",
        "railway": "station",
        "wikidata": "Q6443378",
        "wikipedia": "ja:熊川駅"
      },
      "geometry": {
        "type": "Point",
        "coordinates": [
          139.3354073,
          35.7284457
        ]
      },
      "id": "node/7829676200"
    },
    {
      "type": "Feature",
      "properties": {
        "@id": "node/7833960690",
        "name": "新小平",
        "name:en": "Shin-Kodaira",
        "name:ja": "新小平",
        "name:ja-Hira": "しんこだいら",
        "name:ja-Latn": "Shin-Kodaira",
        "name:ko": "신코다이라",
        "operator": "東日本旅客鉄道",
        "public_transport": "station",
        "railway": "station",
        "ref": "JM32",
        "wikidata": "Q7497112",
        "wikipedia": "ja:新小平駅"
      },
      "geometry": {
        "type": "Point",
        "coordinates": [
          139.4706846,
          35.731206
        ]
      },
      "id": "node/7833960690"
    },
    {
      "type": "Feature",
      "properties": {
        "@id": "node/7834562497",
        "KSJ2:LIN": "相模原線",
        "name": "京王よみうりランド",
        "name:en": "Keiō-Yomiuri-Land",
        "name:etymology:wikidata": "Q1046970",
        "name:fr": "Keiō-Yomiuri-Land",
        "name:ja": "京王よみうりランド",
        "name:ja-Hira": "けいおうよみうりらんど",
        "name:ja-Latn": "Keiō Yomiuri Rando",
        "name:ko": "게이오요미우리랜드",
        "note": "National-Land Numerical Information (Railway) 2007, MLIT Japan",
        "note:ja": "国土数値情報（鉄道データ）平成19年 国土交通省",
        "operator": "京王電鉄",
        "operator:wikidata": "Q1332506",
        "public_transport": "station",
        "railway": "station",
        "ref": "KO37",
        "source": "KSJ2",
        "source_ref": "http://nlftp.mlit.go.jp/ksj/jpgis/datalist/KsjTmplt-N02-v1_1.html",
        "start_date": "1971-04-01",
        "wikidata": "Q4251055",
        "wikimedia_commons": "Category:Keiō-Yomiuri-Land Station",
        "wikipedia": "ja:京王よみうりランド駅"
      },
      "geometry": {
        "type": "Point",
        "coordinates": [
          139.5168349,
          35.6329471
        ]
      },
      "id": "node/7834562497"
    },
    {
      "type": "Feature",
      "properties": {
        "@id": "node/7834562498",
        "name": "京王多摩川",
        "name:en": "Keio-tamagawa",
        "name:ja": "京王多摩川",
        "name:ja-Hira": "けいおうたまがわ",
        "name:ja_rm": "Keiō Tamagawa",
        "name:ko": "게이오다마가와",
        "note": "National-Land Numerical Information (Railway) 2007, MLIT Japan",
        "operator": "京王電鉄",
        "public_transport": "station",
        "railway": "station",
        "ref": "KO35",
        "source": "KSJ2",
        "source_ref": "http://nlftp.mlit.go.jp/ksj/jpgis/datalist/KsjTmplt-N02-v1_1.html",
        "wheelchair": "yes",
        "wikidata": "Q4251058",
        "wikipedia": "ja:京王多摩川駅"
      },
      "geometry": {
        "type": "Point",
        "coordinates": [
          139.5369116,
          35.6447764
        ]
      },
      "id": "node/7834562498"
    },
    {
      "type": "Feature",
      "properties": {
        "@id": "node/7834562500",
        "name": "稲城",
        "name:en": "Inagi",
        "name:ja-Hira": "いなぎ",
        "name:ja_rm": "Inagi",
        "name:ko": "이나기나가누마",
        "operator": "京王電鉄",
        "public_transport": "station",
        "railway": "station",
        "ref": "KO38",
        "source": "KSJ2",
        "source_ref": "http://nlftp.mlit.go.jp/ksj/jpgis/datalist/KsjTmplt-N02-v1_1.html",
        "wikidata": "Q4200479",
        "wikipedia": "ja:稲城駅"
      },
      "geometry": {
        "type": "Point",
        "coordinates": [
          139.500445,
          35.6362354
        ]
      },
      "id": "node/7834562500"
    },
    {
      "type": "Feature",
      "properties": {
        "@id": "node/7834562502",
        "name": "南大沢",
        "name:en": "Minami-osawa",
        "name:ja": "南大沢",
        "name:ja-Hira": "みなみおおさわ",
        "name:ja_rm": "Minami Ōsawa",
        "name:ko": "미나미오사와",
        "note": "National-Land Numerical Information (Railway) 2007, MLIT Japan",
        "note:ja": "国土数値情報（鉄道データ）平成19年 国土交通省",
        "operator": "京王電鉄",
        "public_transport": "station",
        "railway": "station",
        "ref": "KO43",
        "source": "KSJ2",
        "source_ref": "http://nlftp.mlit.go.jp/ksj/jpgis/datalist/KsjTmplt-N02-v1_1.html",
        "wheelchair": "yes",
        "wikidata": "Q4293994",
        "wikipedia": "ja:南大沢駅"
      },
      "geometry": {
        "type": "Point",
        "coordinates": [
          139.3799374,
          35.6141445
        ]
      },
      "id": "node/7834562502"
    },
    {
      "type": "Feature",
      "properties": {
        "@id": "node/7834562504",
        "name": "京王堀之内",
        "name:en": "Keio-horinouchi",
        "name:ja": "京王堀之内",
        "name:ja-Hira": "けいおうほりのうち",
        "name:ja_rm": "Keiō Horinouchi",
        "name:ko": "게이오호리노우치",
        "operator": "京王電鉄",
        "public_transport": "station",
        "railway": "station",
        "ref": "KO42",
        "source": "KSJ2",
        "wikidata": "Q269149",
        "wikipedia": "ja:京王堀之内駅"
      },
      "geometry": {
        "type": "Point",
        "coordinates": [
          139.4003398,
          35.6244777
        ]
      },
      "id": "node/7834562504"
    },
    {
      "type": "Feature",
      "properties": {
        "@id": "node/7867500191",
        "alt_name:ko": "히토쓰바시가쿠엔",
        "name": "一橋学園",
        "name:en": "Hitotsubashi-gakuen",
        "name:ja": "一橋学園",
        "name:ja-Hira": "ひとつばしがくえん",
        "name:ja_rm": "Hitotsubashi Gakuen",
        "name:ko": "히토쓰바시학원",
        "operator": "西武鉄道",
        "public_transport": "station",
        "railway": "station",
        "ref": "ST02",
        "source": "KSJ2",
        "wikidata": "Q5872402",
        "wikipedia": "ja:一橋学園駅"
      },
      "geometry": {
        "type": "Point",
        "coordinates": [
          139.4801232,
          35.7217787
        ]
      },
      "id": "node/7867500191"
    },
    {
      "type": "Feature",
      "properties": {
        "@id": "node/7867500196",
        "name": "武蔵大和",
        "name:en": "Musashi-Yamato",
        "name:ja": "武蔵大和",
        "name:ja-Hira": "むさしやまと",
        "name:ja_rm": "Musashi Yamato",
        "name:ko": "무사시야마토",
        "network": "西武鉄道",
        "network:en": "Seibu Railway",
        "network:ja": "西武鉄道",
        "network:wikidata": "Q83543",
        "note": "National-Land Numerical Information (Railway) 2007, MLIT Japan",
        "operator": "西武鉄道",
        "public_transport": "station",
        "railway": "station",
        "ref": "ST06",
        "source": "KSJ2",
        "source_ref": "http://nlftp.mlit.go.jp/ksj/jpgis/datalist/KsjTmplt-N02-v1_1.html",
        "train": "yes",
        "wikidata": "Q6940151",
        "wikipedia": "ja:武蔵大和駅"
      },
      "geometry": {
        "type": "Point",
        "coordinates": [
          139.4442465,
          35.7562258
        ]
      },
      "id": "node/7867500196"
    },
    {
      "type": "Feature",
      "properties": {
        "@id": "node/7867500687",
        "name": "国分寺",
        "name:en": "Kokubunji",
        "name:ja": "国分寺",
        "name:ja-Hira": "こくぶんじ",
        "name:ja_rm": "Kokubunji",
        "name:ko": "고쿠분지",
        "name:ru": "Кокубундзи",
        "network": "西武鉄道",
        "network:en": "Seibu Railway",
        "network:ja": "西武鉄道",
        "network:wikidata": "Q83543",
        "operator": "西武鉄道",
        "public_transport": "station",
        "railway": "station",
        "ref": "SK01;ST01",
        "source": "KSJ2",
        "train": "yes",
        "wheelchair": "yes",
        "wikidata": "Q251693",
        "wikipedia": "ja:国分寺駅"
      },
      "geometry": {
        "type": "Point",
        "coordinates": [
          139.4803096,
          35.7002428
        ]
      },
      "id": "node/7867500687"
    },
    {
      "type": "Feature",
      "properties": {
        "@id": "node/7867500891",
        "name": "八坂",
        "name:en": "Yasaka",
        "name:ja": "八坂",
        "name:ja-Hira": "やさか",
        "name:ja_rm": "Yasaka",
        "name:ko": "아사카",
        "network": "西武鉄道",
        "network:en": "Seibu Railway",
        "network:ja": "西武鉄道",
        "network:wikidata": "Q83543",
        "note": "National-Land Numerical Information (Railway) 2007, MLIT Japan",
        "operator": "西武鉄道",
        "public_transport": "station",
        "railway": "station",
        "ref": "ST05",
        "source": "KSJ2",
        "source_ref": "http://nlftp.mlit.go.jp/ksj/jpgis/datalist/KsjTmplt-N02-v1_1.html",
        "train": "yes",
        "wikidata": "Q8014496",
        "wikipedia": "ja:八坂駅 (東京都)"
      },
      "geometry": {
        "type": "Point",
        "coordinates": [
          139.4674364,
          35.7451604
        ]
      },
      "id": "node/7867500891"
    },
    {
      "type": "Feature",
      "properties": {
        "@id": "node/7867500892",
        "name": "青梅街道",
        "name:en": "Ome-kaido",
        "name:ja": "青梅街道",
        "name:ja-Hira": "おうめかいどう",
        "name:ja_rm": "Ōme Kaidō",
        "name:ko": "오메카이도",
        "network": "西武鉄道",
        "network:en": "Seibu Railway",
        "network:ja": "西武鉄道",
        "network:wikidata": "Q83543",
        "operator": "西武鉄道",
        "public_transport": "station",
        "railway": "station",
        "ref": "ST03",
        "source": "KSJ2",
        "train": "yes",
        "wikidata": "Q8014548",
        "wikipedia": "ja:青梅街道駅"
      },
      "geometry": {
        "type": "Point",
        "coordinates": [
          139.4765592,
          35.7306459
        ]
      },
      "id": "node/7867500892"
    },
    {
      "type": "Feature",
      "properties": {
        "@id": "node/7867502185",
        "name": "萩山",
        "name:en": "Hagiyama",
        "name:ja": "萩山",
        "name:ja-Hira": "はぎやま",
        "name:ja-Latn": "Hagiyama",
        "name:ko": "하기야마",
        "network": "西武鉄道",
        "network:en": "Seibu Railway",
        "network:ja": "西武鉄道",
        "network:wikidata": "Q83543",
        "operator": "西武鉄道",
        "public_transport": "station",
        "railway": "station",
        "ref": "SS30;ST04",
        "source": "KSJ2",
        "train": "yes",
        "wikidata": "Q5638755",
        "wikipedia": "ja:萩山駅"
      },
      "geometry": {
        "type": "Point",
        "coordinates": [
          139.4771811,
          35.7406792
        ]
      },
      "id": "node/7867502185"
    },
    {
      "type": "Feature",
      "properties": {
        "@id": "node/7867502186",
        "light_rail": "yes",
        "name": "多摩湖",
        "name:en": "Tamako",
        "name:ja": "多摩湖",
        "name:ja-Hira": "たまこ",
        "name:ja_rm": "Tamako",
        "name:ko": "다마코",
        "network": "西武鉄道",
        "network:en": "Seibu Railway",
        "network:ja": "西武鉄道",
        "network:wikidata": "Q83543",
        "operator": "西武鉄道",
        "public_transport": "station",
        "railway": "station",
        "ref": "ST07",
        "train": "yes",
        "wheelchair": "no",
        "wikidata": "Q7446596",
        "wikipedia": "ja:多摩湖駅"
      },
      "geometry": {
        "type": "Point",
        "coordinates": [
          139.4426285,
          35.7660664
        ]
      },
      "id": "node/7867502186"
    },
    {
      "type": "Feature",
      "properties": {
        "@id": "node/7881229743",
        "name": "北府中",
        "name:en": "Kita-Fuchu",
        "name:ja": "北府中",
        "name:ja-Hira": "きたふちゅう",
        "name:ja-Latn": "Kita-Fuchū",
        "name:ko": "기타후추",
        "operator": "東日本旅客鉄道",
        "public_transport": "station",
        "railway": "station",
        "ref": "JM34",
        "wikidata": "Q6417528",
        "wikipedia": "ja:北府中駅"
      },
      "geometry": {
        "type": "Point",
        "coordinates": [
          139.4717547,
          35.6807665
        ]
      },
      "id": "node/7881229743"
    },
    {
      "type": "Feature",
      "properties": {
        "@id": "node/7892696577",
        "name": "三鷹台",
        "name:en": "Mitakadai",
        "name:ja": "三鷹台",
        "name:ja-Hira": "みたかだい",
        "name:ja_rm": "Mitakadai",
        "name:ko": "미타카다이",
        "name:ru": "Митакадай",
        "operator": "京王電鉄",
        "operator:ja": "京王電鉄",
        "public_transport": "station",
        "railway": "station",
        "ref": "IN15",
        "source": "KSJ2",
        "wheelchair": "yes",
        "wikidata": "Q4296577",
        "wikipedia": "ja:三鷹台駅"
      },
      "geometry": {
        "type": "Point",
        "coordinates": [
          139.5889139,
          35.6922426
        ]
      },
      "id": "node/7892696577"
    },
    {
      "type": "Feature",
      "properties": {
        "@id": "node/7892696578",
        "alt_name:ko": "이노카시라코엔",
        "name": "井の頭公園",
        "name:en": "Inokashira-koen",
        "name:ja": "井の頭公園",
        "name:ja-Hira": "いのかしらこうえん",
        "name:ja_rm": "Inokashira kōen",
        "name:ko": "이노카시라공원",
        "name:ru": "Инокасира-коэн",
        "operator": "京王電鉄",
        "operator:ja": "京王電鉄",
        "public_transport": "station",
        "railway": "station",
        "ref": "IN16",
        "source": "KSJ2",
        "wheelchair": "yes",
        "wikidata": "Q4201277",
        "wikipedia": "ja:井の頭公園駅"
      },
      "geometry": {
        "type": "Point",
        "coordinates": [
          139.5827278,
          35.6975016
        ]
      },
      "id": "node/7892696578"
    },
    {
      "type": "Feature",
      "properties": {
        "@id": "node/7892696580",
        "name": "吉祥寺",
        "name:en": "Kichijōji",
        "name:ja": "吉祥寺",
        "name:ja-Hira": "きちじょうじ",
        "name:ja-Latn": "Kichijōji",
        "name:ko": "기치조지",
        "name:ru": "Китидзёдзи",
        "operator": "京王電鉄",
        "operator:ja": "京王電鉄",
        "public_transport": "station",
        "railway": "station",
        "ref": "IN17",
        "source": "KSJ2",
        "wikidata": "Q801004",
        "wikipedia": "ja:吉祥寺駅"
      },
      "geometry": {
        "type": "Point",
        "coordinates": [
          139.5803829,
          35.7022217
        ]
      },
      "id": "node/7892696580"
    },
    {
      "type": "Feature",
      "properties": {
        "@id": "node/7956324705",
        "KSJ2:LIN": "競馬場線",
        "alt_name:ko": "후추케이바세이몬마에",
        "name": "府中競馬正門前",
        "name:en": "Fuchukeiba-seimonmae",
        "name:ja": "府中競馬正門前",
        "name:ja-Hira": "ふちゅうけいばせいもんまえ",
        "name:ja_rm": "Fuchū Keiba Seimon Mae",
        "name:ko": "후추경마정문앞",
        "name:ru": "Футю-Кэйба-Сэймон-маэ",
        "note": "National-Land Numerical Information (Railway) 2007, MLIT Japan",
        "note:ja": "国土数値情報（鉄道データ）平成19年 国土交通省",
        "operator": "京王電鉄",
        "public_transport": "station",
        "railway": "station",
        "ref": "KO46",
        "source": "KSJ2",
        "source_ref": "http://nlftp.mlit.go.jp/ksj/jpgis/datalist/KsjTmplt-N02-v1_1.html",
        "wikidata": "Q4493753",
        "wikipedia": "ja:府中競馬正門前駅"
      },
      "geometry": {
        "type": "Point",
        "coordinates": [
          139.4847109,
          35.6684223
        ]
      },
      "id": "node/7956324705"
    },
    {
      "type": "Feature",
      "properties": {
        "@id": "node/7975077067",
        "name": "花小金井",
        "name:en": "Hana-Koganei",
        "name:ja": "花小金井",
        "name:ja-Hira": "はなこがねい",
        "name:ja_rm": "Hana Koganei",
        "name:ko": "하나코가네이",
        "operator": "西武鉄道",
        "public_transport": "station",
        "railway": "station",
        "ref": "SS18",
        "source": "KSJ2",
        "wikidata": "Q5646738",
        "wikipedia": "ja:花小金井駅"
      },
      "geometry": {
        "type": "Point",
        "coordinates": [
          139.5132235,
          35.7261822
        ]
      },
      "id": "node/7975077067"
    },
    {
      "type": "Feature",
      "properties": {
        "@id": "node/7975078848",
        "name": "東伏見",
        "name:en": "Higashi-Fushimi",
        "name:ja": "東伏見",
        "name:ja-Hira": "ひがしふしみ",
        "name:ja_rm": "Higashi Fushimi",
        "name:ko": "히가시후시미",
        "network": "西武鉄道",
        "network:en": "Seibu Railway",
        "network:ja": "西武鉄道",
        "network:wikidata": "Q83543",
        "operator": "西武鉄道",
        "public_transport": "station",
        "railway": "station",
        "ref": "SS15",
        "source": "KSJ2",
        "source_ref": "http://nlftp.mlit.go.jp/ksj/jpgis/datalist/KsjTmplt-N02-v1_1.html",
        "train": "yes",
        "wikidata": "Q5753520",
        "wikipedia": "ja:東伏見駅"
      },
      "geometry": {
        "type": "Point",
        "coordinates": [
          139.5642364,
          35.7287024
        ]
      },
      "id": "node/7975078848"
    },
    {
      "type": "Feature",
      "properties": {
        "@id": "node/7975108891",
        "name": "西武柳沢",
        "name:en": "Seibu-Yagisawa",
        "name:ja": "西武柳沢",
        "name:ja-Hira": "せいぶやぎさわ",
        "name:ja_rm": "Seibu Yagisawa",
        "name:ko": "세이부야기사와",
        "operator": "西武鉄道",
        "public_transport": "station",
        "railway": "station",
        "ref": "SS16",
        "source": "KSJ2",
        "source_ref": "http://nlftp.mlit.go.jp/ksj/jpgis/datalist/KsjTmplt-N02-v1_1.html",
        "wikidata": "Q8014478",
        "wikipedia": "ja:西武柳沢駅"
      },
      "geometry": {
        "type": "Point",
        "coordinates": [
          139.5525914,
          35.7286376
        ]
      },
      "id": "node/7975108891"
    },
    {
      "type": "Feature",
      "properties": {
        "@id": "node/7975136515",
        "name": "小平",
        "name:en": "Kodaira",
        "name:ja": "小平",
        "name:ja-Hira": "こだいら",
        "name:ja_rm": "Kodaira",
        "name:ko": "고다이라",
        "operator": "西武鉄道",
        "public_transport": "station",
        "railway": "station",
        "ref": "SS19",
        "source": "KSJ2",
        "wikidata": "Q6425085",
        "wikipedia": "ja:小平駅"
      },
      "geometry": {
        "type": "Point",
        "coordinates": [
          139.4882532,
          35.7370404
        ]
      },
      "id": "node/7975136515"
    },
    {
      "type": "Feature",
      "properties": {
        "@id": "node/7975144904",
        "addr:block_number": "1",
        "addr:city": "西東京市",
        "addr:flats": "田無駅",
        "addr:flats:en": "Tanashi Station",
        "addr:flats:ja": "田無駅",
        "addr:flats:ja-Hira": "たなしえき",
        "addr:flats:ja-Latn": "Tanashi-eki",
        "addr:housenumber": "1",
        "addr:neighbourhood": "田無町四丁目",
        "addr:province": "東京都",
        "name": "田無",
        "name:en": "Tanashi",
        "name:ja": "田無",
        "name:ja-Hira": "たなし",
        "name:ja-Latn": "Tanashi",
        "name:ko": "다나시",
        "operation": "private",
        "operator": "西武鉄道株式会社",
        "operator:en": "Seibu Railway Company Limited",
        "operator:ja": "西武鉄道株式会社",
        "operator:ownership": "private",
        "operator:wikidata": "Q83543",
        "ownership": "private",
        "public_transport": "station",
        "railway": "station",
        "ref": "SS17",
        "source": "KSJ2",
        "wikidata": "Q843176",
        "wikipedia": "ja:田無駅"
      },
      "geometry": {
        "type": "Point",
        "coordinates": [
          139.5394387,
          35.7273146
        ]
      },
      "id": "node/7975144904"
    },
    {
      "type": "Feature",
      "properties": {
        "@id": "node/7975158370",
        "name": "玉川上水",
        "name:en": "Tamagawa-Josui",
        "name:ja": "玉川上水",
        "name:ja-Hira": "たまがわじょうすい",
        "name:ja_rm": "Tamagawa-Jōsui",
        "name:ko": "다마가와조스이",
        "network": "西武鉄道",
        "network:en": "Seibu Railway",
        "network:ja": "西武鉄道",
        "network:wikidata": "Q83543",
        "operator": "西武鉄道",
        "public_transport": "station",
        "railway": "station",
        "ref": "SS33",
        "source": "KSJ2",
        "source_ref": "http://nlftp.mlit.go.jp/ksj/jpgis/datalist/KsjTmplt-N02-v1_1.html",
        "train": "yes",
        "wikidata": "Q842489",
        "wikipedia": "ja:玉川上水駅"
      },
      "geometry": {
        "type": "Point",
        "coordinates": [
          139.4183493,
          35.7317831
        ]
      },
      "id": "node/7975158370"
    },
    {
      "type": "Feature",
      "properties": {
        "@id": "node/7975162849",
        "name": "東大和市",
        "name:en": "Higashiyamatoshi",
        "name:ja": "東大和市",
        "name:ja-Hira": "ひがしやまとし",
        "name:ja_rm": "Higashiyamatoshi",
        "name:ko": "히가시야마토시",
        "note": "National-Land Numerical Information (Railway) 2007, MLIT Japan",
        "public_transport": "station",
        "railway": "station",
        "source": "KSJ2",
        "source_ref": "http://nlftp.mlit.go.jp/ksj/jpgis/datalist/KsjTmplt-N02-v1_1.html",
        "wheelchair": "yes",
        "wikidata": "Q5754181",
        "wikipedia": "ja:東大和市駅"
      },
      "geometry": {
        "type": "Point",
        "coordinates": [
          139.4345214,
          35.7328898
        ]
      },
      "id": "node/7975162849"
    },
    {
      "type": "Feature",
      "properties": {
        "@id": "node/7975166907",
        "name": "久米川",
        "name:en": "Kumegawa",
        "name:ja": "久米川",
        "name:ja-Hira": "くめがわ",
        "name:ja_rm": "Kumegawa",
        "name:ko": "구메가와",
        "network": "西武鉄道",
        "network:en": "Seibu Railway",
        "network:ja": "西武鉄道",
        "network:wikidata": "Q83543",
        "operator": "西武鉄道",
        "public_transport": "station",
        "railway": "station",
        "ref": "SS20",
        "source": "KSJ2",
        "toilets:wheelchair": "yes",
        "train": "yes",
        "wheelchair": "limited",
        "wikidata": "Q6443795",
        "wikipedia": "ja:久米川駅"
      },
      "geometry": {
        "type": "Point",
        "coordinates": [
          139.4725702,
          35.7496668
        ]
      },
      "id": "node/7975166907"
    },
    {
      "type": "Feature",
      "properties": {
        "@id": "node/7978957090",
        "name": "西武園",
        "name:en": "Seibuen",
        "name:ja": "西武園",
        "name:ja-Hira": "せいぶえん",
        "name:ja_rm": "Seibuen",
        "name:ko": "세이부엔",
        "note": "National-Land Numerical Information (Railway) 2007, MLIT Japan",
        "operator": "西武鉄道",
        "public_transport": "station",
        "railway": "station",
        "ref": "SK06",
        "source": "KSJ2",
        "source_ref": "http://nlftp.mlit.go.jp/ksj/jpgis/datalist/KsjTmplt-N02-v1_1.html",
        "wikidata": "Q7446611",
        "wikipedia": "ja:西武園駅"
      },
      "geometry": {
        "type": "Point",
        "coordinates": [
          139.4487827,
          35.7678406
        ]
      },
      "id": "node/7978957090"
    },
    {
      "type": "Feature",
      "properties": {
        "@id": "node/8015227851",
        "name": "鷹の台",
        "name:en": "Takanodai",
        "name:ja": "鷹の台",
        "name:ja-Hira": "たかのだい",
        "name:ja_rm": "Takanodai",
        "name:ko": "다카노다이",
        "note": "National-Land Numerical Information (Railway) 2007, MLIT Japan",
        "operator": "西武鉄道",
        "public_transport": "station",
        "railway": "station",
        "ref": "SK03",
        "source": "KSJ2",
        "source_ref": "http://nlftp.mlit.go.jp/ksj/jpgis/datalist/KsjTmplt-N02-v1_1.html",
        "wikidata": "Q7677190",
        "wikipedia": "ja:鷹の台駅"
      },
      "geometry": {
        "type": "Point",
        "coordinates": [
          139.4612022,
          35.7234533
        ]
      },
      "id": "node/8015227851"
    },
    {
      "type": "Feature",
      "properties": {
        "@id": "node/8025693699",
        "name": "恋ヶ窪",
        "name:en": "Koigakubo",
        "name:ja": "恋ヶ窪",
        "name:ja-Hira": "こいがくぼ",
        "name:ja_rm": "Koigakubo",
        "name:ko": "고이가쿠보",
        "note": "National-Land Numerical Information (Railway) 2007, MLIT Japan",
        "operator": "西武鉄道",
        "public_transport": "station",
        "railway": "station",
        "ref": "SK02",
        "source": "KSJ2",
        "source_ref": "http://nlftp.mlit.go.jp/ksj/jpgis/datalist/KsjTmplt-N02-v1_1.html",
        "wikidata": "Q6426270",
        "wikipedia": "ja:恋ヶ窪駅"
      },
      "geometry": {
        "type": "Point",
        "coordinates": [
          139.4640507,
          35.7113064
        ]
      },
      "id": "node/8025693699"
    },
    {
      "type": "Feature",
      "properties": {
        "@id": "node/8089447339",
        "name": "武蔵引田",
        "name:en": "Musashi-Hikida",
        "name:ja": "武蔵引田",
        "name:ja-Hira": "むさしひきだ",
        "name:ja-Latn": "Musashi-Hikida",
        "name:ko": "무사시히키다",
        "public_transport": "station",
        "railway": "station",
        "source": "survey",
        "wikidata": "Q6940130",
        "wikipedia": "ja:武蔵引田駅"
      },
      "geometry": {
        "type": "Point",
        "coordinates": [
          139.2701831,
          35.7297501
        ]
      },
      "id": "node/8089447339"
    },
    {
      "type": "Feature",
      "properties": {
        "@id": "node/8128277679",
        "KSJ2:LIN": "多摩川線",
        "name": "多磨",
        "name:en": "Tama",
        "name:ja": "多磨",
        "name:ja-Hira": "たま",
        "name:ja_rm": "Tama",
        "name:ko": "다마",
        "network": "西武鉄道",
        "network:en": "Seibu Railway",
        "network:ja": "西武鉄道",
        "network:wikidata": "Q83543",
        "note": "National-Land Numerical Information (Railway) 2007, MLIT Japan",
        "note:ja": "国土数値情報（鉄道データ）平成19年 国土交通省",
        "operator": "西武鉄道",
        "public_transport": "station",
        "railway": "station",
        "ref": "SW03",
        "source": "KSJ2",
        "source_ref": "http://nlftp.mlit.go.jp/ksj/jpgis/datalist/KsjTmplt-N02-v1_1.html",
        "train": "yes",
        "wikidata": "Q5368661",
        "wikipedia": "ja:多磨駅"
      },
      "geometry": {
        "type": "Point",
        "coordinates": [
          139.5170281,
          35.6765958
        ]
      },
      "id": "node/8128277679"
    },
    {
      "type": "Feature",
      "properties": {
        "@id": "node/8128277680",
        "KSJ2:LIN": "多摩川線",
        "name": "白糸台",
        "name:en": "Shiraitodai",
        "name:ja": "白糸台",
        "name:ja-Hira": "しらいとだい",
        "name:ja_rm": "Shiraitodai",
        "name:ko": "시라이토다이",
        "network": "西武鉄道",
        "network:en": "Seibu Railway",
        "network:ja": "西武鉄道",
        "network:wikidata": "Q83543",
        "note": "National-Land Numerical Information (Railway) 2007, MLIT Japan",
        "note:ja": "国土数値情報（鉄道データ）平成19年 国土交通省",
        "operator": "西武鉄道",
        "public_transport": "station",
        "railway": "station",
        "ref": "SW04",
        "source": "KSJ2",
        "source_ref": "http://nlftp.mlit.go.jp/ksj/jpgis/datalist/KsjTmplt-N02-v1_1.html",
        "train": "yes",
        "wikidata": "Q5368205",
        "wikipedia": "ja:白糸台駅"
      },
      "geometry": {
        "type": "Point",
        "coordinates": [
          139.5098139,
          35.6664784
        ]
      },
      "id": "node/8128277680"
    },
    {
      "type": "Feature",
      "properties": {
        "@id": "node/8128277681",
        "KSJ2:LIN": "多摩川線",
        "alt_name:ko": "교테이조마에",
        "name": "競艇場前",
        "name:en": "Kyoteijo-mae",
        "name:ja": "競艇場前",
        "name:ja-Hira": "きょうていじょうまえ",
        "name:ja_rm": "Kyōteijō Mae",
        "name:ko": "경정장앞",
        "network": "西武鉄道",
        "network:en": "Seibu Railway",
        "network:ja": "西武鉄道",
        "network:wikidata": "Q83543",
        "note": "National-Land Numerical Information (Railway) 2007, MLIT Japan",
        "note:ja": "国土数値情報（鉄道データ）平成19年 国土交通省",
        "operator": "西武鉄道",
        "public_transport": "station",
        "railway": "station",
        "ref": "SW05",
        "source": "KSJ2",
        "source_ref": "http://nlftp.mlit.go.jp/ksj/jpgis/datalist/KsjTmplt-N02-v1_1.html",
        "train": "yes",
        "wikidata": "Q5368927",
        "wikipedia": "ja:競艇場前駅 (東京都)"
      },
      "geometry": {
        "type": "Point",
        "coordinates": [
          139.4995827,
          35.6562077
        ]
      },
      "id": "node/8128277681"
    },
    {
      "type": "Feature",
      "properties": {
        "@id": "node/8128277682",
        "name": "新小金井",
        "name:en": "Shin-Koganei",
        "name:ja": "新小金井",
        "name:ja-Hira": "しんこがねい",
        "name:ja_rm": "Shin Koganei",
        "name:ko": "신코가네이",
        "network": "西武鉄道",
        "network:en": "Seibu Railway",
        "network:ja": "西武鉄道",
        "network:wikidata": "Q83543",
        "note": "National-Land Numerical Information (Railway) 2007, MLIT Japan",
        "operator": "西武鉄道",
        "public_transport": "station",
        "railway": "station",
        "ref": "SW02",
        "source": "KSJ2",
        "source_ref": "http://nlftp.mlit.go.jp/ksj/jpgis/datalist/KsjTmplt-N02-v1_1.html",
        "train": "yes",
        "wheelchair": "yes",
        "wikidata": "Q5368666",
        "wikipedia": "ja:新小金井駅"
      },
      "geometry": {
        "type": "Point",
        "coordinates": [
          139.5265006,
          35.6956595
        ]
      },
      "id": "node/8128277682"
    },
    {
      "type": "Feature",
      "properties": {
        "@id": "node/10115936875",
        "name": "拝島",
        "name:en": "Haijima",
        "name:ja": "拝島",
        "name:ja_rm": "Haijima",
        "name:ko": "하이지마",
        "network": "西武拝島線",
        "operator": "西武鉄道",
        "public_transport": "station",
        "railway": "station",
        "train": "yes",
        "wikidata": "Q1065988",
        "wikipedia": "ja:拝島駅"
      },
      "geometry": {
        "type": "Point",
        "coordinates": [
          139.3441581,
          35.7213446
        ]
      },
      "id": "node/10115936875"
    },
    {
      "type": "Feature",
      "properties": {
        "@id": "node/12761853766",
        "KSJ2:LIN": "福塩線",
        "KSJ2:STN": "上下",
        "name": "上下",
        "name:en": "Joge",
        "name:ja": "上下",
        "name:ja-Hira": "じょうげ",
        "name:ja-Latn": "Jōge",
        "name:ko": "조게",
        "note": "National-Land Numerical Information (Railway) 2007, MLIT Japan",
        "note:ja": "国土数値情報（鉄道データ）平成19年　国土交通省",
        "public_transport": "station",
        "railway": "station",
        "source": "KSJ2",
        "source_ref": "http://nlftp.mlit.go.jp/ksj/jpgis/datalist/KsjTmplt-N02-v1_1.html",
        "wikidata": "Q6322190",
        "wikipedia": "ja:上下駅"
      },
      "geometry": {
        "type": "Point",
        "coordinates": [
          133.1175503,
          34.6948477
        ]
      },
      "id": "node/12761853766"
    },
    {
      "type": "Feature",
      "properties": {
        "@id": "node/12765569483",
        "addr:block_number": "9",
        "addr:city": "青梅市",
        "addr:housenumber": "4",
        "addr:neighbourhood": "6",
        "addr:postcode": "198-0024",
        "addr:province": "東京都",
        "addr:quarter": "新町",
        "branch": "青梅インター店",
        "brand": "カインズホーム",
        "brand:en": "Cainz Home",
        "brand:ja": "カインズホーム",
        "brand:wikidata": "Q11293852",
        "kerb": "raised",
        "name": "カインズホーム",
        "name:en": "Cainz Home",
        "name:ja": "カインズホーム",
        "opening_hours": "Mo-Su 09:00-20:00",
        "operator": "カインズホーム",
        "phone": "+81-428-30-1100",
        "shop": "doityourself",
        "type": "multipolygon",
        "website": "https://map.cainz.com/detail/296/"
      },
      "geometry": {
        "type": "Point",
        "coordinates": [
          139.3151148,
          35.7928823
        ]
      },
      "id": "node/12765569483"
    },
    {
      "type": "Feature",
      "properties": {
        "@id": "node/12965521126",
        "addr:block_number": "5",
        "addr:city": "福生市",
        "addr:housenumber": "1",
        "addr:neighbourhood": "東町",
        "addr:postcode": "197-0021",
        "addr:province": "東京都",
        "branch": "西友福生店",
        "brand": "カインズホーム",
        "brand:en": "Cainz Home",
        "brand:ja": "カインズホーム",
        "brand:wikidata": "Q11293852",
        "check_date": "2025-07-01",
        "name": "カインズホーム",
        "name:en": "Cainz Home",
        "name:ja": "カインズホーム",
        "opening_hours": "09:00-20:00",
        "phone": "+81-42-539-0111",
        "shop": "doityourself",
        "website": "https://map.cainz.com/detail/878/"
      },
      "geometry": {
        "type": "Point",
        "coordinates": [
          139.3282774,
          35.7430973
        ]
      },
      "id": "node/12965521126"
    },
    {
      "type": "Feature",
      "properties": {
        "@id": "node/12996769302",
        "addr:block_number": "8",
        "addr:city": "日野市",
        "addr:housenumber": "6",
        "addr:neighbourhood": "日野本町三丁目",
        "addr:postcode": "191-0011",
        "addr:province": "東京都",
        "branch": "日野駅前店",
        "brand": "イオン",
        "brand:en": "AEON",
        "brand:ja": "イオン",
        "brand:wikidata": "Q11285951",
        "check_date": "2025-07-13",
        "name": "イオンフードスタイル",
        "name:en": "AEON FOOD STYLE",
        "name:ja": "イオンフードスタイル",
        "opening_hours": "Mo-Su 08:00-23:00",
        "operator": "ダイエー",
        "phone": "+81 42 583 0321",
        "shop": "supermarket",
        "website": "https://www.daiei.co.jp/stores/d0885/"
      },
      "geometry": {
        "type": "Point",
        "coordinates": [
          139.3956042,
          35.6781937
        ]
      },
      "id": "node/12996769302"
    },
    {
      "type": "Feature",
      "properties": {
        "@id": "node/13377879021",
        "contact:website": "https://www.seiburailway.jp/railway/station/musashi-sakai/",
        "name": "武蔵境",
        "name:en": "Musashi-Sakai",
        "name:it": "Musashi-Sakai",
        "name:ja": "武蔵境",
        "name:ja-Hira": "むさしさかい",
        "name:ja-Latn": "Musashi-Sakai",
        "name:ko": "무사시사카이",
        "name:ru": "Мусаси-Сакай",
        "operator": "西武鉄道",
        "operator:en": "Seibu Railway",
        "operator:ja": "西武鉄道",
        "operator:wikidata": "Q83543",
        "public_transport": "station",
        "railway": "station",
        "ref": "SW01",
        "source": "Bing 2010",
        "train": "yes",
        "wheelchair": "yes",
        "wikidata": "Q137550",
        "wikipedia": "ja:武蔵境駅"
      },
      "geometry": {
        "type": "Point",
        "coordinates": [
          139.5440469,
          35.7019536
        ]
      },
      "id": "node/13377879021"
    }
  ]
}