{
  "type": "FeatureCollection",
  "generator": "overpass-turbo",
  "copyright": "The data included in this document is from www.openstreetmap.org. The data is made available under ODbL.",
  "timestamp": "2026-08-27T23:37:06Z",
  "features": [
    {
      "type": "Feature",
      "properties": {
        "@id": "node/31253693",
        "local_ref": "2",
        "monorail": "yes",
        "name": "汐留",
        "name:en": "Shiodome",
        "name:es": "Shiodome",
        "name:ja": "汐留",
        "name:ja-Hira": "しおどめ",
        "name:ja-Latn": "Shiodome",
        "name:ko": "시오도메",
        "name:ru": "Сиодомэ",
        "network": "ゆりかもめ東京臨海新交通臨海線",
        "public_transport": "stop_position",
        "railway": "stop",
        "ref": "U02"
      },
      "geometry": {
        "type": "Point",
        "coordinates": [
          139.7599414,
          35.6629395
        ]
      },
      "id": "node/31253693"
    },
    {
      "type": "Feature",
      "properties": {
        "@id": "node/172670767",
        "addr:block_number": "2",
        "addr:country": "JP",
        "addr:housenumber": "19-1",
        "addr:postcode": "116-0013",
        "addr:quarter": "西日暮里",
        "addr:suburb": "荒川区",
        "contact:phone": "+81 3-3891-4289",
        "contact:website": "https://www.keisei.co.jp/keisei/tetudou/accessj/nippori.php",
        "name": "日暮里",
        "name:en": "Nippori",
        "name:es": "Nippori Keisei",
        "name:fr": "Nippori",
        "name:it": "Nippori",
        "name:ja-Hira": "にっぽり",
        "name:ja-Latn": "Nippori",
        "name:ko": "닛포리",
        "name:th": "นิปโปริ",
        "network": "京成電鉄",
        "network:en": "Keisei Electric Railway",
        "network:ja": "京成電鉄",
        "network:wikidata": "Q83538",
        "official_name": "京成電鉄日暮里",
        "official_name:en": "Keisei Nippori",
        "official_name:fr": "Keisei Nippori",
        "official_name:ja-Hira": "けいせいでんてつ にっぽり",
        "official_name:ja-Latn": "Keiseidentetsu Nippori",
        "operator": "京成電鉄",
        "operator:en": "Keisei Electric Railway",
        "operator:wikidata": "Q124799427",
        "public_transport": "station",
        "railway": "station",
        "ref": "KS02",
        "start_date": "1905-04-01",
        "toilets:wheelchair": "yes",
        "train": "yes",
        "wheelchair": "yes",
        "wikidata": "Q124799427",
        "wikipedia": "ja:日暮里駅"
      },
      "geometry": {
        "type": "Point",
        "coordinates": [
          139.7709817,
          35.7283798
        ]
      },
      "id": "node/172670767"
    },
    {
      "type": "Feature",
      "properties": {
        "@id": "node/243887391",
        "name": "中目黒",
        "name:en": "Naka-meguro",
        "name:es": "Naka-meguro",
        "name:fr": "Nakameguro",
        "name:ja": "中目黒",
        "name:ja_rm": "Naka Meguro",
        "name:ko": "나카메구로",
        "name:ru": "Нака Мэгуро",
        "operator": "東京急行電鉄;東京地下鉄",
        "public_transport": "station",
        "railway": "station",
        "ref": "TY03",
        "station": "subway",
        "subway": "yes",
        "toilets:wheelchair": "yes",
        "train": "yes",
        "wheelchair": "yes",
        "wikidata": "Q1132605",
        "wikipedia": "ja:中目黒駅"
      },
      "geometry": {
        "type": "Point",
        "coordinates": [
          139.6988317,
          35.6441395
        ]
      },
      "id": "node/243887391"
    },
    {
      "type": "Feature",
      "properties": {
        "@id": "node/251465504",
        "name": "門前仲町",
        "name:en": "Monzen-nakacho",
        "name:es": "Monzen-nakacho",
        "name:ja": "門前仲町",
        "name:ja-Hira": "もんぜんなかちょう",
        "name:ja_rm": "Monzen Nakachō",
        "name:ko": "몬젠나카초 역",
        "name:ru": "Мондзен-Накатё",
        "name:zh": "門前仲町站",
        "operator": "東京地下鉄",
        "platforms": "2",
        "public_transport": "station",
        "railway": "station",
        "ref": "T12",
        "station": "subway",
        "subway": "yes",
        "wikidata": "Q80576",
        "wikipedia": "ja:門前仲町駅"
      },
      "geometry": {
        "type": "Point",
        "coordinates": [
          139.7950674,
          35.6722878
        ]
      },
      "id": "node/251465504"
    },
    {
      "type": "Feature",
      "properties": {
        "@id": "node/262449251",
        "colour": "gray",
        "name": "恵比寿",
        "name:en": "Ebisu",
        "name:es": "Ebisu",
        "name:fr": "Ebisu",
        "name:ja": "恵比寿",
        "name:ja-Hira": "えびす",
        "name:ja_rm": "Ebisu",
        "name:ko": "에비스",
        "name:ru": "Эбису",
        "network": "日比谷線",
        "operator": "東京地下鉄",
        "public_transport": "station",
        "railway": "station",
        "ref": "H02",
        "station": "subway",
        "subway": "yes",
        "wheelchair": "yes",
        "wikidata": "Q800715",
        "wikipedia": "ja:恵比寿駅"
      },
      "geometry": {
        "type": "Point",
        "coordinates": [
          139.7086461,
          35.6469738
        ]
      },
      "id": "node/262449251"
    },
    {
      "type": "Feature",
      "properties": {
        "@id": "node/265554028",
        "colour": "violet",
        "name": "青山一丁目",
        "name:en": "Aoyama-itchome",
        "name:es": "Aoyama-itchome",
        "name:ja": "青山一丁目",
        "name:ja-Hira": "あおやまいっちょうめ",
        "name:ja_rm": "Aoyama itchōme",
        "name:ko": "아오야마1초메",
        "name:ru": "Аояма Иттёмэ",
        "name:zh": "青山一丁目",
        "network": "都営地下鉄",
        "operator": "東京地下鉄;東京都交通局",
        "public_transport": "stop_position",
        "railway": "stop",
        "ref": "Z03",
        "station": "subway",
        "subway": "yes",
        "wikidata": "Q602410",
        "wikipedia": "ja:青山一丁目駅"
      },
      "geometry": {
        "type": "Point",
        "coordinates": [
          139.7238851,
          35.6728653
        ]
      },
      "id": "node/265554028"
    },
    {
      "type": "Feature",
      "properties": {
        "@id": "node/266085875",
        "name": "目黒",
        "name:en": "Meguro",
        "name:es": "Meguro",
        "name:ja": "目黒",
        "name:ja-Hira": "めぐろ",
        "name:ja_rm": "Meguro",
        "name:ko": "메구로",
        "name:ru": "Мэгуро",
        "name:th": "เมกุโระ",
        "note": "National-Land Numerical Information (Railway) 2007, MLIT Japan",
        "operator": "東京地下鉄",
        "public_transport": "station",
        "railway": "station",
        "ref": "I01;N01;MG01",
        "source": "KSJ2",
        "source_ref": "http://nlftp.mlit.go.jp/ksj/jpgis/datalist/KsjTmplt-N02-v1_1.html",
        "station": "subway",
        "subway": "yes",
        "toilets:wheelchair": "yes",
        "train": "yes",
        "wheelchair": "yes",
        "wikidata": "Q678461",
        "wikipedia": "ja:目黒駅"
      },
      "geometry": {
        "type": "Point",
        "coordinates": [
          139.7157717,
          35.6325078
        ]
      },
      "id": "node/266085875"
    },
    {
      "type": "Feature",
      "properties": {
        "@id": "node/281365074",
        "alt_name:ko": "세이조가쿠엔마에",
        "contact:website": "https://www.odakyu.jp/station/seijyogakuen_mae/",
        "name": "成城学園前",
        "name:de": "Seijogakuen-mae",
        "name:en": "Seijogakuen-mae",
        "name:fr": "Seijogakuen-mae",
        "name:ja": "成城学園前",
        "name:ja-Hira": "せいじょうがくえんまえ",
        "name:ja-Latn": "Seijōgakuen mae",
        "name:ko": "세이조학원앞",
        "name:ru": "Сэйдзёгакуэн-маэ",
        "operator": "小田急電鉄",
        "operator:en": "Odakyu Electric Railway",
        "operator:ja": "小田急電鉄",
        "operator:wikidata": "Q83584",
        "public_transport": "station",
        "railway": "station",
        "ref": "OH14",
        "source": "KSJ2",
        "toilets:wheelchair": "yes",
        "train": "yes",
        "wheelchair": "yes",
        "wikidata": "Q4448389",
        "wikipedia": "ja:成城学園前駅"
      },
      "geometry": {
        "type": "Point",
        "coordinates": [
          139.5984426,
          35.6399444
        ]
      },
      "id": "node/281365074"
    },
    {
      "type": "Feature",
      "properties": {
        "@id": "node/281366410",
        "contact:website": "https://www.odakyu.jp/station/umegaoka/",
        "name": "梅ヶ丘",
        "name:de": "Umegaoka",
        "name:en": "Umegaoka",
        "name:fr": "Umegaoka",
        "name:ja-Hira": "うめがおか",
        "name:ja-Latn": "Umegaoka",
        "name:ko": "우메가오카",
        "name:ru": "Умэгаока",
        "network": "小田急電鉄",
        "network:en": "Odakyu Electric Railway",
        "network:ja": "小田急電鉄",
        "network:wikidata": "Q83584",
        "operator": "小田急電鉄",
        "operator:en": "Odakyu Electric Railway",
        "operator:ja": "小田急電鉄",
        "operator:wikidata": "Q83584",
        "operator:wikipedia": "ja:小田急電鉄",
        "public_transport": "station",
        "railway": "station",
        "ref": "OH09",
        "source": "KSJ2",
        "source_ref": "http://nlftp.mlit.go.jp/ksj/jpgis/datalist/KsjTmplt-N02-v1_1.html",
        "start_date": "1934-04-01",
        "train": "yes",
        "wheelchair": "yes",
        "wikidata": "Q4475573",
        "wikimedia_commons": "Category:Umegaoka Station",
        "wikipedia": "ja:梅ヶ丘駅"
      },
      "geometry": {
        "type": "Point",
        "coordinates": [
          139.6541274,
          35.6561754
        ]
      },
      "id": "node/281366410"
    },
    {
      "type": "Feature",
      "properties": {
        "@id": "node/281366428",
        "contact:website": "https://www.odakyu.jp/station/soshigaya_okura/",
        "name": "祖師ヶ谷大蔵",
        "name:de": "Soshigaya-Okura",
        "name:en": "Soshigaya-Okura",
        "name:ja": "祖師ヶ谷大蔵",
        "name:ja-Hira": "そしがやおおくら",
        "name:ja-Latn": "Soshigaya Ōkura",
        "name:ko": "소시가야오쿠라",
        "name:ru": "Сосигая-Окура",
        "network": "小田急電鉄",
        "network:en": "Odakyu Electric Railway",
        "network:ja": "小田急電鉄",
        "network:wikidata": "Q83584",
        "operator": "小田急電鉄",
        "operator:en": "Odakyu Electric Railway",
        "operator:ja": "小田急電鉄",
        "operator:wikidata": "Q83584",
        "public_transport": "station",
        "railway": "station",
        "ref": "OH13",
        "source": "KSJ2",
        "train": "yes",
        "wikidata": "Q4429457",
        "wikipedia": "ja:祖師ヶ谷大蔵駅"
      },
      "geometry": {
        "type": "Point",
        "coordinates": [
          139.6097472,
          35.6432802
        ]
      },
      "id": "node/281366428"
    },
    {
      "type": "Feature",
      "properties": {
        "@id": "node/281366568",
        "contact:website": "https://www.odakyu.jp/station/yoyogi_hachiman/",
        "name": "代々木八幡",
        "name:de": "Yoyogi-Hachiman",
        "name:en": "Yoyogi-Hachiman",
        "name:es": "Yoyogi-Hachiman",
        "name:ja": "代々木八幡",
        "name:ja-Hira": "よよぎはちまん",
        "name:ja-Latn": "Yoyogi hachiman",
        "name:ko": "요요기하치만",
        "name:ru": "Ёёги-Хатиман",
        "name:zh": "代代木八幡站",
        "network": "小田急電鉄",
        "network:en": "Odakyu Electric Railway",
        "network:ja": "小田急電鉄",
        "network:wikidata": "Q83584",
        "note": "National-Land Numerical Information (Railway) 2007, MLIT Japan",
        "operator": "小田急電鉄",
        "operator:en": "Odakyu Electric Railway",
        "operator:ja": "小田急電鉄",
        "operator:wikidata": "Q83584",
        "public_transport": "station",
        "railway": "station",
        "ref": "OH04",
        "source": "KSJ2",
        "source_ref": "http://nlftp.mlit.go.jp/ksj/jpgis/datalist/KsjTmplt-N02-v1_1.html",
        "toilets:wheelchair": "yes",
        "train": "yes",
        "wheelchair": "limited",
        "wikidata": "Q1083866",
        "wikipedia": "ja:代々木八幡駅"
      },
      "geometry": {
        "type": "Point",
        "coordinates": [
          139.6888398,
          35.6696211
        ]
      },
      "id": "node/281366568"
    },
    {
      "type": "Feature",
      "properties": {
        "@id": "node/281366584",
        "contact:website": "https://www.odakyu.jp/station/kyodo/",
        "name": "経堂",
        "name:de": "Kyodo",
        "name:en": "Kyodo",
        "name:fr": "Kyodo",
        "name:ja": "経堂",
        "name:ja-Hira": "きょうどう",
        "name:ja-Latn": "Kyōdō",
        "name:ko": "교도",
        "name:ru": "Кёдо",
        "network": "小田急電鉄",
        "network:en": "Odakyu Electric Railway",
        "network:ja": "小田急電鉄",
        "network:wikidata": "Q83584",
        "operator": "小田急電鉄",
        "operator:en": "Odakyu Electric Railway",
        "operator:ja": "小田急電鉄",
        "operator:wikidata": "Q83584",
        "public_transport": "station",
        "railway": "station",
        "ref": "OH11",
        "source": "KSJ2",
        "train": "yes",
        "wheelchair": "yes",
        "wikidata": "Q4251372",
        "wikipedia": "ja:経堂駅"
      },
      "geometry": {
        "type": "Point",
        "coordinates": [
          139.636679,
          35.6512791
        ]
      },
      "id": "node/281366584"
    },
    {
      "type": "Feature",
      "properties": {
        "@id": "node/281366586",
        "contact:website": "https://www.odakyu.jp/station/chitose_funabashi/",
        "name": "千歳船橋",
        "name:de": "Chitose-Funabashi",
        "name:en": "Chitose-Funabashi",
        "name:fr": "Chitose-Funabashi",
        "name:ja": "千歳船橋",
        "name:ja-Hira": "ちとせふなばし",
        "name:ja-Latn": "Chitose Funabashi",
        "name:ko": "지토세후나바시",
        "name:ru": "Титосэ-Фунабаси",
        "network": "小田急電鉄",
        "network:en": "Odakyu Electric Railway",
        "network:ja": "小田急電鉄",
        "network:wikidata": "Q83584",
        "operator": "小田急電鉄",
        "operator:en": "Odakyu Electric Railway",
        "operator:ja": "小田急電鉄",
        "operator:wikidata": "Q83584",
        "public_transport": "station",
        "railway": "station",
        "ref": "OH12",
        "source": "KSJ2",
        "train": "yes",
        "wikidata": "Q4458343",
        "wikipedia": "ja:千歳船橋駅"
      },
      "geometry": {
        "type": "Point",
        "coordinates": [
          139.6238215,
          35.6473986
        ]
      },
      "id": "node/281366586"
    },
    {
      "type": "Feature",
      "properties": {
        "@id": "node/281366963",
        "contact:website": "https://www.odakyu.jp/station/yoyogi_uehara/;https://www.tokyometro.jp/station/yoyogi-uehara/",
        "name": "代々木上原",
        "name:ar": "يويوغي-أويهارا",
        "name:de": "Yoyogi-Uehara",
        "name:en": "Yoyogi-Uehara",
        "name:es": "Yoyogi-Uehara",
        "name:fr": "Yoyogi-Uehara",
        "name:ja": "代々木上原",
        "name:ja-Hira": "よよぎうえはら",
        "name:ja-Latn": "Yoyogi-Uehara",
        "name:ko": "요요기우에하라",
        "name:ru": "Ёёги-Уэхара",
        "name:zh": "代代木上原",
        "network": "小田急線;千代田線",
        "operator": "小田急電鉄;東京地下鉄",
        "operator:en": "Odakyu Electric Railway;Tokyo Metro",
        "operator:ja": "小田急電鉄;東京地下鉄",
        "operator:wikidata": "Q83584;Q682894",
        "public_transport": "station",
        "railway": "station",
        "ref": "OH05;C01",
        "source": "KSJ2",
        "source_ref": "http://nlftp.mlit.go.jp/ksj/jpgis/datalist/KsjTmplt-N02-v1_1.html",
        "wheelchair": "yes",
        "wikidata": "Q1131825",
        "wikipedia": "ja:代々木上原駅"
      },
      "geometry": {
        "type": "Point",
        "coordinates": [
          139.6797884,
          35.6690082
        ]
      },
      "id": "node/281366963"
    },
    {
      "type": "Feature",
      "properties": {
        "@id": "node/281366971",
        "contact:website": "https://www.odakyu.jp/station/gotokuji/",
        "name": "豪徳寺",
        "name:de": "Gotokuji",
        "name:en": "Gotokuji",
        "name:fr": "Gotokuji",
        "name:ja": "豪徳寺",
        "name:ja-Hira": "ごうとくじ",
        "name:ja-Latn": "Gōtokuji",
        "name:ko": "고토쿠지",
        "name:ru": "Готокудзи",
        "network": "小田急電鉄",
        "network:en": "Odakyu Electric Railway",
        "network:ja": "小田急電鉄",
        "network:wikidata": "Q83584",
        "operator": "小田急電鉄",
        "operator:en": "Odakyu Electric Railway",
        "operator:ja": "小田急電鉄",
        "operator:wikidata": "Q83584",
        "public_transport": "station",
        "railway": "station",
        "ref": "OH10",
        "source": "KSJ2",
        "source_ref": "http://nlftp.mlit.go.jp/ksj/jpgis/datalist/KsjTmplt-N02-v1_1.html",
        "train": "yes",
        "wheelchair": "yes",
        "wikidata": "Q4147064",
        "wikipedia": "ja:豪徳寺駅"
      },
      "geometry": {
        "type": "Point",
        "coordinates": [
          139.6468507,
          35.6535429
        ]
      },
      "id": "node/281366971"
    },
    {
      "type": "Feature",
      "properties": {
        "@id": "node/281417661",
        "alt_name": "新宿",
        "alt_name:en": "New Line Shinjuku",
        "colour": "lightgreen",
        "name": "新線新宿",
        "name:en": "Shinsen-Shinjuku",
        "name:es": "Shinsen-Shinjuku",
        "name:fr": "Shinsen-Shinjuku",
        "name:ja": "新線新宿",
        "name:ja-Hira": "（しんせん）しんじゅく*",
        "name:ja_rm": "Shinsen-Shinjuku",
        "name:ko": "신주쿠",
        "name:ru": "Синдзюку",
        "network": "都営地下鉄",
        "public_transport": "station",
        "railway": "station",
        "ref": "S01",
        "source": "KSJ2",
        "start_date": "1915",
        "station": "subway",
        "subway": "yes",
        "wheelchair": "yes",
        "wikidata": "Q11503937",
        "wikipedia": "ja:新線新宿駅"
      },
      "geometry": {
        "type": "Point",
        "coordinates": [
          139.699177,
          35.6886028
        ]
      },
      "id": "node/281417661"
    },
    {
      "type": "Feature",
      "properties": {
        "@id": "node/308840568",
        "name": "牛田",
        "name:en": "Ushida",
        "name:ja": "牛田",
        "name:ja-Hira": "うしだ",
        "name:ja_rm": "Ushida",
        "name:ko": "우시다",
        "name:ru": "Усида",
        "network": "東武鉄道",
        "network:en": "Tobu Railway",
        "network:ja": "東武鉄道",
        "network:wikidata": "Q1321914",
        "note": "National-Land Numerical Information (Railway) 2007, MLIT Japan",
        "operator": "東武鉄道",
        "platforms": "2",
        "public_transport": "station",
        "railway": "station",
        "ref": "TS08",
        "source": "KSJ2",
        "source_ref": "http://nlftp.mlit.go.jp/ksj/jpgis/datalist/KsjTmplt-N02-v1_1.html",
        "train": "yes",
        "wikidata": "Q7901940",
        "wikipedia": "ja:牛田駅 (東京都)"
      },
      "geometry": {
        "type": "Point",
        "coordinates": [
          139.8121358,
          35.7446629
        ]
      },
      "id": "node/308840568"
    },
    {
      "type": "Feature",
      "properties": {
        "@id": "node/475369200",
        "name": "若松河田",
        "name:en": "Wakamatsu-kawada",
        "name:ja": "若松河田",
        "name:ja-Hira": "わかまつかわだ",
        "name:ja_rm": "Wakamatsu Kawada",
        "name:ko": "와카마쓰카와다",
        "network": "都営地下鉄",
        "network:en": "Toei subway",
        "operator": "東京都交通局",
        "operator:en": "Toei",
        "operator:wikidata": "Q1377135",
        "public_transport": "station",
        "railway": "station",
        "ref": "E03",
        "station": "subway",
        "subway": "yes",
        "wheelchair": "yes",
        "wikidata": "Q246173",
        "wikipedia": "ja:若松河田駅"
      },
      "geometry": {
        "type": "Point",
        "coordinates": [
          139.7184084,
          35.6992849
        ]
      },
      "id": "node/475369200"
    },
    {
      "type": "Feature",
      "properties": {
        "@id": "node/502964478",
        "distance": "0.048",
        "monorail": "yes",
        "name": "山頂駅",
        "name:en": "Sanchō",
        "name:es": "Sancho",
        "name:fr": "Gare amont",
        "name:ja-Hira": "さんちょう",
        "name:ja-Latn": "Sanchō",
        "operator": "東京都北区",
        "public_transport": "stop_position",
        "railway": "halt"
      },
      "geometry": {
        "type": "Point",
        "coordinates": [
          139.7367734,
          35.7524438
        ]
      },
      "id": "node/502964478"
    },
    {
      "type": "Feature",
      "properties": {
        "@id": "node/502964481",
        "monorail": "yes",
        "name": "公園入口駅",
        "name:en": "Kōen-iriguchi",
        "name:es": "Koen-iriguchi",
        "name:fr": "Entrée du parc",
        "name:ja-Hira": "こうえん いりぐち",
        "name:ja-Latn": "Kōen-iriguchi",
        "operator": "東京都北区",
        "public_transport": "stop_position",
        "railway": "halt"
      },
      "geometry": {
        "type": "Point",
        "coordinates": [
          139.7370704,
          35.7527009
        ]
      },
      "id": "node/502964481"
    },
    {
      "type": "Feature",
      "properties": {
        "@id": "node/664579530",
        "alt_name:ko": "샤쿠지이코엔",
        "name": "石神井公園",
        "name:en": "Shakujii-kōen Station",
        "name:ja": "石神井公園",
        "name:ja-Hira": "しゃくじいこうえん",
        "name:ja_rm": "Shakujii-kōen",
        "name:ko": "샤쿠지이공원",
        "network": "西武鉄道",
        "network:en": "Seibu Railway",
        "network:ja": "西武鉄道",
        "network:wikidata": "Q83543",
        "note": "National-Land Numerical Information (Railway) 2007, MLIT Japan",
        "old_name": "石神井",
        "operator": "西武鉄道",
        "public_transport": "station",
        "railway": "station",
        "ref": "SI10",
        "source": "KSJ2",
        "source_ref": "http://nlftp.mlit.go.jp/ksj/jpgis/datalist/KsjTmplt-N02-v1_1.html",
        "toilets:wheelchair": "yes",
        "train": "yes",
        "wheelchair": "yes",
        "wikidata": "Q8016003",
        "wikipedia": "ja:石神井公園駅"
      },
      "geometry": {
        "type": "Point",
        "coordinates": [
          139.6061566,
          35.7438271
        ]
      },
      "id": "node/664579530"
    },
    {
      "type": "Feature",
      "properties": {
        "@id": "node/664579533",
        "name": "富士見台",
        "name:en": "Fujimidai",
        "name:ja": "富士見台",
        "name:ja-Hira": "ふじみだい",
        "name:ja_rm": "Fujimidai",
        "name:ko": "후지미다이",
        "network": "西武鉄道",
        "network:en": "Seibu Railway",
        "network:ja": "西武鉄道",
        "network:wikidata": "Q83543",
        "note": "National-Land Numerical Information (Railway) 2007, MLIT Japan",
        "old_name": "貫井",
        "operator": "西武鉄道",
        "public_transport": "station",
        "railway": "station",
        "ref": "SI08",
        "source": "KSJ2",
        "source_ref": "http://nlftp.mlit.go.jp/ksj/jpgis/datalist/KsjTmplt-N02-v1_1.html",
        "train": "yes",
        "wikidata": "Q5507443",
        "wikipedia": "ja:富士見台駅"
      },
      "geometry": {
        "type": "Point",
        "coordinates": [
          139.6300042,
          35.7359523
        ]
      },
      "id": "node/664579533"
    },
    {
      "type": "Feature",
      "properties": {
        "@id": "node/664579534",
        "name": "練馬高野台",
        "name:en": "Nerima-Takanodai",
        "name:ja": "練馬高野台",
        "name:ja-Hira": "ねりまたかのだい",
        "name:ja_rm": "Nerima Takanodai",
        "name:ko": "네리마타카노다이",
        "note": "National-Land Numerical Information (Railway) 2007, MLIT Japan",
        "operator": "西武鉄道",
        "public_transport": "station",
        "railway": "station",
        "ref": "SI09",
        "source": "KSJ2",
        "source_ref": "http://nlftp.mlit.go.jp/ksj/jpgis/datalist/KsjTmplt-N02-v1_1.html",
        "train": "yes",
        "wikidata": "Q843164",
        "wikipedia": "ja:練馬高野台駅"
      },
      "geometry": {
        "type": "Point",
        "coordinates": [
          139.6163048,
          35.7409213
        ]
      },
      "id": "node/664579534"
    },
    {
      "type": "Feature",
      "properties": {
        "@id": "node/664579553",
        "name": "椎名町",
        "name:en": "Shiinamachi",
        "name:ja": "椎名町",
        "name:ja-Hira": "しいなまち",
        "name:ja_rm": "Shiinamachi",
        "name:ko": "시나마치",
        "network": "西武鉄道",
        "network:en": "Seibu Railway",
        "network:ja": "西武鉄道",
        "network:wikidata": "Q83543",
        "note": "National-Land Numerical Information (Railway) 2007, MLIT Japan",
        "operator": "西武鉄道",
        "public_transport": "station",
        "railway": "station",
        "ref": "SI02",
        "source": "KSJ2",
        "source_ref": "http://nlftp.mlit.go.jp/ksj/jpgis/datalist/KsjTmplt-N02-v1_1.html",
        "train": "yes",
        "wikidata": "Q7496494",
        "wikipedia": "ja:椎名町駅"
      },
      "geometry": {
        "type": "Point",
        "coordinates": [
          139.6948922,
          35.7264476
        ]
      },
      "id": "node/664579553"
    },
    {
      "type": "Feature",
      "properties": {
        "@id": "node/664579562",
        "name": "池袋",
        "name:en": "Ikebukuro",
        "name:es": "Ikebukuro",
        "name:ja": "池袋",
        "name:ja-Hira": "いけぶくろ",
        "name:ja-Latn": "Ikebukuro",
        "name:ko": "이케부쿠로",
        "network": "西武鉄道",
        "network:en": "Seibu Railway",
        "network:ja": "西武鉄道",
        "network:wikidata": "Q83543",
        "note": "National-Land Numerical Information (Railway) 2007, MLIT Japan",
        "operator": "西武鉄道",
        "public_transport": "station",
        "railway": "station",
        "ref": "SI01",
        "source": "KSJ2",
        "source_ref": "http://nlftp.mlit.go.jp/ksj/jpgis/datalist/KsjTmplt-N02-v1_1.html",
        "toilets:wheelchair": "yes",
        "train": "yes",
        "wheelchair": "yes",
        "wikidata": "Q173919",
        "wikipedia": "ja:池袋駅"
      },
      "geometry": {
        "type": "Point",
        "coordinates": [
          139.7110372,
          35.7280917
        ]
      },
      "id": "node/664579562"
    },
    {
      "type": "Feature",
      "properties": {
        "@id": "node/722149242",
        "alt_name:ko": "미누마다이신스이코엔",
        "light_rail": "yes",
        "name": "見沼代親水公園",
        "name:en": "Minumadai-shinsuikoen",
        "name:es": "Minumadai-shinsuikoen",
        "name:ja": "見沼代親水公園",
        "name:ja-Hira": "みぬまだいしんすいこうえん",
        "name:ja_rm": "Minumadai shinsui kōen",
        "name:ko": "미누마다이친수공원",
        "operator": "東京都交通局",
        "public_transport": "station",
        "railway": "station",
        "ref": "NT13",
        "station": "light_rail",
        "toilets:wheelchair": "yes",
        "wheelchair": "yes",
        "wikidata": "Q6869774",
        "wikipedia": "ja:見沼代親水公園駅"
      },
      "geometry": {
        "type": "Point",
        "coordinates": [
          139.7707277,
          35.814493
        ]
      },
      "id": "node/722149242"
    },
    {
      "type": "Feature",
      "properties": {
        "@id": "node/760985649",
        "level": "2",
        "name": "北千住",
        "name:en": "Kita-Senju",
        "name:es": "Kita-Senju",
        "name:ja": "北千住",
        "name:ja-Hira": "きたせんじゅ",
        "name:ja-Latn": "Kita Senju",
        "name:ko": "키타센쥬",
        "name:ru": "Кита Сэндзю",
        "name:th": "คิตะเซ็นจู",
        "operator": "首都圏新都市鉄道",
        "operator:en": "Metropolitan Intercity Railway Company",
        "operator:ja": "首都圏新都市鉄道",
        "operator:wikidata": "Q841227",
        "public_transport": "station",
        "railway": "station",
        "ref": "TX05",
        "source": "KSJ2",
        "toilets:wheelchair": "yes",
        "train": "yes",
        "wheelchair": "yes",
        "wikidata": "Q801026",
        "wikipedia": "ja:北千住駅"
      },
      "geometry": {
        "type": "Point",
        "coordinates": [
          139.8050915,
          35.7495401
        ]
      },
      "id": "node/760985649"
    },
    {
      "type": "Feature",
      "properties": {
        "@id": "node/769422102",
        "name": "京成金町",
        "name:en": "Keisei Kanamachi",
        "name:ja": "京成金町",
        "name:ja-Hira": "けいせいかなまち",
        "name:ja_rm": "Keisei Kanamachi",
        "name:ko": "게이세이카나마치",
        "operator": "京成電鉄",
        "public_transport": "station",
        "railway": "station",
        "ref": "KS51",
        "source": "KSJ2",
        "source_ref": "http://w3land.mlit.go.jp/ksj2/datalist/N02.html",
        "wikidata": "Q6383841",
        "wikipedia": "ja:京成金町駅"
      },
      "geometry": {
        "type": "Point",
        "coordinates": [
          139.8704721,
          35.7686276
        ]
      },
      "id": "node/769422102"
    },
    {
      "type": "Feature",
      "properties": {
        "@id": "node/772364943",
        "layer": "5",
        "light_rail": "yes",
        "name": "西日暮里",
        "name:en": "Nishi-nippori",
        "name:es": "Nishi-nippori",
        "name:ja": "西日暮里",
        "name:ja-Hira": "にしにっぽり",
        "name:ja_rm": "Nishi Nippori",
        "name:ko": "니시닛포리",
        "name:ru": "Ниси-Ниппори",
        "operator": "東京都交通局",
        "public_transport": "station",
        "railway": "station",
        "ref": "NT02",
        "station": "light_rail",
        "toilets:wheelchair": "yes",
        "wheelchair": "yes",
        "wikidata": "Q636845",
        "wikipedia": "ja:西日暮里駅"
      },
      "geometry": {
        "type": "Point",
        "coordinates": [
          139.7681087,
          35.7337333
        ]
      },
      "id": "node/772364943"
    },
    {
      "type": "Feature",
      "properties": {
        "@id": "node/772389775",
        "layer": "5",
        "light_rail": "yes",
        "name": "日暮里",
        "name:en": "Nippori",
        "name:es": "Nippori",
        "name:it": "Nippori",
        "name:ja": "日暮里",
        "name:ja-Hira": "にっぽり",
        "name:ja-Latn": "Nippori",
        "name:ko": "닛포리",
        "operator": "東京都交通局",
        "public_transport": "station",
        "railway": "station",
        "ref": "NT01",
        "station": "light_rail",
        "toilets:wheelchair": "yes",
        "wheelchair": "yes",
        "wikidata": "Q801262",
        "wikipedia": "ja:日暮里駅"
      },
      "geometry": {
        "type": "Point",
        "coordinates": [
          139.7713635,
          35.7289204
        ]
      },
      "id": "node/772389775"
    },
    {
      "type": "Feature",
      "properties": {
        "@id": "node/789405355",
        "colour": "red",
        "name": "本郷三丁目",
        "name:en": "Hongo-sanchome",
        "name:es": "Hongo-sanchome",
        "name:ja": "本郷三丁目",
        "name:ja-Hira": "ほんごうさんちょうめ",
        "name:ja_rm": "Hongō Sanchōme",
        "name:ko": "혼고3초메",
        "name:ru": "Хонго Сантёмэ",
        "name:zh": "本乡三町目",
        "name:zh-Hans": "本乡三町目",
        "operator": "東京地下鉄",
        "platforms": "2",
        "public_transport": "station",
        "railway": "station",
        "ref": "M21",
        "station": "subway",
        "subway": "yes",
        "wheelchair": "yes",
        "wikidata": "Q80774",
        "wikipedia": "ja:本郷三丁目駅"
      },
      "geometry": {
        "type": "Point",
        "coordinates": [
          139.7599627,
          35.7066386
        ]
      },
      "id": "node/789405355"
    },
    {
      "type": "Feature",
      "properties": {
        "@id": "node/1078841212",
        "name": "王子神谷",
        "name:en": "Oji-kamiya",
        "name:ja": "王子神谷",
        "name:ja-Hira": "おうじかみや",
        "name:ja_rm": "Ōji Kamiya",
        "name:ko": "오지카미야 역",
        "name:zh": "王子神谷站",
        "network": "東京メトロ",
        "operator": "東京地下鉄",
        "public_transport": "station",
        "railway": "station",
        "ref": "N17",
        "station": "subway",
        "subway": "yes",
        "wheelchair": "yes",
        "wikidata": "Q151406",
        "wikipedia": "ja:王子神谷駅"
      },
      "geometry": {
        "type": "Point",
        "coordinates": [
          139.7357178,
          35.7650552
        ]
      },
      "id": "node/1078841212"
    },
    {
      "type": "Feature",
      "properties": {
        "@id": "node/1252108021",
        "name": "二子玉川",
        "name:en": "Futako-tamagawa",
        "name:ja": "二子玉川",
        "name:ja-Hira": "ふたこたまがわ",
        "name:ja_rm": "Futako-tamagawa",
        "name:ko": "후타코타마가와",
        "name:ru": "Футако-Тамагава",
        "public_transport": "station",
        "railway": "station",
        "ref": "OM15;DT08",
        "source": "Bing 2010",
        "wikidata": "Q1042466",
        "wikipedia": "ja:二子玉川駅"
      },
      "geometry": {
        "type": "Point",
        "coordinates": [
          139.6268002,
          35.6117897
        ]
      },
      "id": "node/1252108021"
    },
    {
      "type": "Feature",
      "properties": {
        "@id": "node/1456006005",
        "alt_name:ko": "도다이마에",
        "name": "東大前",
        "name:en": "Todaimae",
        "name:es": "Todaimae",
        "name:ja": "東大前",
        "name:ja-Hira": "とうだいまえ",
        "name:ja_rm": "Tōdai Mae",
        "name:ko": "동대앞",
        "network": "東京メトロ",
        "operator": "東京地下鉄",
        "public_transport": "station",
        "railway": "station",
        "ref": "N12",
        "station": "subway",
        "subway": "yes",
        "wikidata": "Q1073411",
        "wikipedia": "ja:東大前駅"
      },
      "geometry": {
        "type": "Point",
        "coordinates": [
          139.7581767,
          35.7173365
        ]
      },
      "id": "node/1456006005"
    },
    {
      "type": "Feature",
      "properties": {
        "@id": "node/1895223197",
        "name": "三ノ輪橋",
        "name:en": "Minowabashi",
        "name:es": "Minowabashi",
        "name:ja": "三ノ輪橋",
        "name:ja-Hira": "みのわばし",
        "name:ja_rm": "Minowabashi",
        "name:ko": "미노와바시",
        "operator": "東京都交通局",
        "public_transport": "station",
        "railway": "station",
        "start_date": "1913-04-01",
        "tram": "yes",
        "wikidata": "Q9027040",
        "wikipedia": "ja:三ノ輪橋駅"
      },
      "geometry": {
        "type": "Point",
        "coordinates": [
          139.7915752,
          35.7321207
        ]
      },
      "id": "node/1895223197"
    },
    {
      "type": "Feature",
      "properties": {
        "@id": "node/1895223210",
        "alt_name": "ジョイフル三ノ輪前",
        "name": "荒川一中前",
        "name:en": "Arakawa-itchumae",
        "name:ja": "荒川一中前",
        "name:ja-Hira": "あらかわいっちゅうまえ",
        "name:ja_rm": "Arakawa itchū mae",
        "name:ko": "아라카와잇추마에",
        "operator": "東京都交通局",
        "public_transport": "station",
        "railway": "station",
        "ref": "SA02",
        "start_date": "2000-11-11",
        "tram": "yes",
        "wheelchair": "yes",
        "wikidata": "Q11618515",
        "wikipedia": "ja:荒川一中前駅"
      },
      "geometry": {
        "type": "Point",
        "coordinates": [
          139.7889304,
          35.7337167
        ]
      },
      "id": "node/1895223210"
    },
    {
      "type": "Feature",
      "properties": {
        "@id": "node/1895223231",
        "alt_name": "ゆいの森あらかわ前",
        "contact:website": "https://www.kotsu.metro.tokyo.jp/toden/stations/arakawa2-chome/",
        "name": "荒川二丁目",
        "name:en": "Arakawa-nichome",
        "name:fr": "Arakawa-nichōme",
        "name:ja": "荒川二丁目",
        "name:ja-Hira": "あらかわにちょうめ",
        "name:ja-Latn": "Arakawa-nichōme",
        "name:ko": "아라카와니초메",
        "network": "東京都電車",
        "network:wikidata": "Q7814005",
        "operator": "東京都交通局",
        "operator:wikidata": "Q1377135",
        "public_transport": "station",
        "railway": "station",
        "ref": "SA04",
        "start_date": "1913-04-01",
        "tram": "yes",
        "wikidata": "Q11618522",
        "wikipedia": "ja:荒川二丁目駅"
      },
      "geometry": {
        "type": "Point",
        "coordinates": [
          139.7846639,
          35.7386835
        ]
      },
      "id": "node/1895223231"
    },
    {
      "type": "Feature",
      "properties": {
        "@id": "node/1895223270",
        "name": "荒川区役所前",
        "name:en": "Arakawa-kuyakushomae",
        "name:ja": "荒川区役所前",
        "name:ja-Hira": "あらかわくやくしょまえ",
        "name:ja_rm": "Arakawa kuyakusho mae",
        "name:ko": "아라카와쿠야쿠쇼마에",
        "network": "都電荒川線",
        "operator": "東京都交通局",
        "public_transport": "station",
        "railway": "station",
        "ref": "SA02",
        "start_date": "1913-04-01",
        "tram": "yes",
        "wikidata": "Q11618540",
        "wikipedia": "ja:荒川区役所前駅"
      },
      "geometry": {
        "type": "Point",
        "coordinates": [
          139.7864577,
          35.7349219
        ]
      },
      "id": "node/1895223270"
    },
    {
      "type": "Feature",
      "properties": {
        "@id": "node/1895738589",
        "name": "町屋駅前",
        "name:en": "Machiya-ekimae",
        "name:ja": "町屋駅前",
        "name:ja-Hira": "まちやえきまえ",
        "name:ja_rm": "Machiya Ekimae",
        "name:ko": "마치야에키마에",
        "operator": "東京都交通局",
        "public_transport": "station",
        "railway": "station",
        "ref": "SA07",
        "start_date": "1913-04-01",
        "tram": "yes",
        "wikidata": "Q390638",
        "wikipedia": "ja:町屋駅"
      },
      "geometry": {
        "type": "Point",
        "coordinates": [
          139.7809588,
          35.742778
        ]
      },
      "id": "node/1895738589"
    },
    {
      "type": "Feature",
      "properties": {
        "@id": "node/1901864569",
        "name": "栄町",
        "name:en": "Sakaecho",
        "name:es": "Sakaecho",
        "name:ja": "栄町",
        "name:ja-Hira": "さかえちょう",
        "name:ja_rm": "Sakaechō",
        "name:ko": "사카에초",
        "operator": "東京都交通局",
        "public_transport": "station",
        "railway": "station",
        "ref": "SA15",
        "start_date": "1913-04-01",
        "tram": "yes",
        "wikidata": "Q11535715",
        "wikipedia": "ja:栄町 (東京都北区)"
      },
      "geometry": {
        "type": "Point",
        "coordinates": [
          139.7422541,
          35.7509144
        ]
      },
      "id": "node/1901864569"
    },
    {
      "type": "Feature",
      "properties": {
        "@id": "node/1901864575",
        "name": "梶原",
        "name:en": "Kajiwara",
        "name:es": "Kajiwara",
        "name:ja": "梶原",
        "name:ja-Hira": "かじわら",
        "name:ja_rm": "Kajiwara",
        "name:ko": "가지와라",
        "operator": "東京都交通局",
        "public_transport": "station",
        "railway": "station",
        "ref": "SA14",
        "start_date": "1913-04-01",
        "tram": "yes",
        "wikidata": "Q11116153",
        "wikipedia": "ja:梶原駅"
      },
      "geometry": {
        "type": "Point",
        "coordinates": [
          139.7478469,
          35.7510769
        ]
      },
      "id": "node/1901864575"
    },
    {
      "type": "Feature",
      "properties": {
        "@id": "node/1901864580",
        "name": "滝野川一丁目",
        "name:en": "Takinogawa-itchome",
        "name:ja": "滝野川一丁目",
        "name:ja-Hira": "たきのがわいっちょうめ",
        "name:ja_rm": "Takinogawa itchōme",
        "name:ko": "다키노가와잇초메",
        "operator": "東京都交通局",
        "public_transport": "station",
        "railway": "station",
        "ref": "SA18",
        "start_date": "1911-08-20",
        "tram": "yes",
        "wikidata": "Q11565314",
        "wikipedia": "ja:滝野川一丁目停留所"
      },
      "geometry": {
        "type": "Point",
        "coordinates": [
          139.7353992,
          35.7473062
        ]
      },
      "id": "node/1901864580"
    },
    {
      "type": "Feature",
      "properties": {
        "@id": "node/1901864597",
        "name": "飛鳥山",
        "name:en": "Asukayama",
        "name:es": "Asukayama",
        "name:ja": "飛鳥山",
        "name:ja-Hira": "あすかやま",
        "name:ja_rm": "Asukayama",
        "name:ko": "아스카야마",
        "operator": "東京都交通局",
        "public_transport": "station",
        "railway": "station",
        "ref": "SA17",
        "start_date": "1911-08-20",
        "tram": "yes",
        "wikidata": "Q4811868",
        "wikipedia": "ja:飛鳥山停留所"
      },
      "geometry": {
        "type": "Point",
        "coordinates": [
          139.7373997,
          35.7501777
        ]
      },
      "id": "node/1901864597"
    },
    {
      "type": "Feature",
      "properties": {
        "@id": "node/1923746848",
        "name": "西葛西",
        "name:en": "Nishi-kasai",
        "name:es": "Nishi-kasai",
        "name:ja": "西葛西",
        "name:ja-Hira": "にしかさい",
        "name:ja_rm": "Nishi Kasai",
        "name:ko": "니시카사이",
        "name:ru": "Ниси-Касай",
        "operator": "東京地下鉄",
        "platforms": "2",
        "public_transport": "station",
        "railway": "station",
        "ref": "T16",
        "station": "subway",
        "subway": "yes",
        "toilets:wheelchair": "yes",
        "wheelchair": "yes",
        "wikidata": "Q126768",
        "wikipedia": "ja:西葛西駅"
      },
      "geometry": {
        "type": "Point",
        "coordinates": [
          139.8593173,
          35.6645795
        ]
      },
      "id": "node/1923746848"
    },
    {
      "type": "Feature",
      "properties": {
        "@id": "node/1923746850",
        "name": "南砂町",
        "name:en": "Minami-sunamachi",
        "name:es": "Minami-sunamachi",
        "name:ja": "南砂町",
        "name:ja-Hira": "みなみすなまち",
        "name:ja_rm": "Minami Sunamachi",
        "name:ko": "미나미스나마치",
        "name:ru": "Минами-Сунамати",
        "operator": "東京地下鉄",
        "platforms": "2",
        "public_transport": "station",
        "railway": "station",
        "ref": "T15",
        "station": "subway",
        "subway": "yes",
        "wikidata": "Q126760",
        "wikipedia": "ja:南砂町駅"
      },
      "geometry": {
        "type": "Point",
        "coordinates": [
          139.8318642,
          35.6683446
        ]
      },
      "id": "node/1923746850"
    },
    {
      "type": "Feature",
      "properties": {
        "@id": "node/1923746858",
        "name": "東陽町",
        "name:en": "Toyocho",
        "name:ja": "東陽町",
        "name:ja-Hira": "とうようちょう",
        "name:ja-Latn": "Tōyōchō",
        "name:ko": "도요초",
        "name:ru": "Тоётё",
        "operator": "東京地下鉄",
        "platforms": "2",
        "public_transport": "station",
        "railway": "station",
        "ref": "T14",
        "station": "subway",
        "subway": "yes",
        "wikidata": "Q126765",
        "wikipedia": "ja:東陽町駅"
      },
      "geometry": {
        "type": "Point",
        "coordinates": [
          139.8174761,
          35.6695961
        ]
      },
      "id": "node/1923746858"
    },
    {
      "type": "Feature",
      "properties": {
        "@id": "node/1923746881",
        "name": "葛西",
        "name:en": "Kasai",
        "name:es": "Kasai",
        "name:ja": "葛西",
        "name:ja-Hira": "かさい",
        "name:ja_rm": "Kasai",
        "name:ko": "가사이",
        "name:ru": "Касай",
        "operator": "東京地下鉄",
        "platforms": "2",
        "public_transport": "station",
        "railway": "station",
        "ref": "T17",
        "station": "subway",
        "subway": "yes",
        "wikidata": "Q126762",
        "wikipedia": "ja:葛西駅"
      },
      "geometry": {
        "type": "Point",
        "coordinates": [
          139.8726921,
          35.6636282
        ]
      },
      "id": "node/1923746881"
    },
    {
      "type": "Feature",
      "properties": {
        "@id": "node/1923761823",
        "name": "木場",
        "name:en": "Kiba",
        "name:ja": "木場",
        "name:ja-Hira": "きば",
        "name:ja_rm": "Kiba",
        "name:ko": "기바",
        "name:ru": "Киба",
        "operator": "東京地下鉄",
        "platforms": "2",
        "public_transport": "station",
        "railway": "station",
        "ref": "T13",
        "station": "subway",
        "subway": "yes",
        "wikidata": "Q126770",
        "wikipedia": "ja:木場駅"
      },
      "geometry": {
        "type": "Point",
        "coordinates": [
          139.8065455,
          35.669416
        ]
      },
      "id": "node/1923761823"
    },
    {
      "type": "Feature",
      "properties": {
        "@id": "node/1923768928",
        "name": "大手町",
        "name:en": "Otemachi",
        "name:es": "Otemachi",
        "name:fr": "Ōtemachi",
        "name:ja": "大手町",
        "name:ja-Hira": "おおてまち",
        "name:ja_rm": "Ōtemachi",
        "name:ko": "오테마치",
        "name:ru": "Отэмати",
        "name:zh": "大手町",
        "name:zh-Hans": "大手町",
        "operator": "東京地下鉄",
        "platforms": "2",
        "public_transport": "station",
        "railway": "station",
        "ref": "T09",
        "station": "subway",
        "subway": "yes",
        "wheelchair": "no",
        "wikidata": "Q1326767",
        "wikipedia": "ja:大手町駅 (東京都)"
      },
      "geometry": {
        "type": "Point",
        "coordinates": [
          139.7664613,
          35.6846087
        ]
      },
      "id": "node/1923768928"
    },
    {
      "type": "Feature",
      "properties": {
        "@id": "node/1926189620",
        "colour": "orange",
        "name": "日本橋",
        "name:en": "Nihombashi",
        "name:es": "Nihombashi",
        "name:ja": "日本橋",
        "name:ja-Hira": "にほんばし",
        "name:ja_rm": "Nihombashi",
        "name:ru": "Нихонбаси",
        "name:zh": "日本橋",
        "note": "銀座線",
        "operator": "東京地下鉄",
        "public_transport": "stop_position",
        "railway": "stop",
        "ref": "G11",
        "station": "subway",
        "subway": "yes",
        "wikidata": "Q775847",
        "wikipedia": "ja:日本橋駅 (東京都)"
      },
      "geometry": {
        "type": "Point",
        "coordinates": [
          139.7734474,
          35.6820518
        ]
      },
      "id": "node/1926189620"
    },
    {
      "type": "Feature",
      "properties": {
        "@id": "node/1926239447",
        "colour": "green",
        "layer": "-2",
        "level": "-2",
        "name": "北千住",
        "name:en": "Kita-Senju",
        "name:es": "Kita-Senju",
        "name:ja": "北千住",
        "name:ja-Hira": "きたせんじゅ",
        "name:ja-Latn": "Kita Senju",
        "name:ko": "기타센주",
        "name:ru": "Кита Сэндзю",
        "name:th": "คิตะเซ็นจู",
        "operator": "東京地下鉄",
        "public_transport": "station",
        "railway": "station",
        "ref": "C18",
        "station": "subway",
        "transport": "subway",
        "wikidata": "Q801026",
        "wikipedia": "ja:北千住駅"
      },
      "geometry": {
        "type": "Point",
        "coordinates": [
          139.8045026,
          35.7496649
        ]
      },
      "id": "node/1926239447"
    },
    {
      "type": "Feature",
      "properties": {
        "@id": "node/1926239471",
        "name": "西日暮里",
        "name:en": "Nishi-nippori",
        "name:es": "Nishi-nippori",
        "name:it": "Nishi-Nippori",
        "name:ja": "西日暮里",
        "name:ja-Hira": "にしにっぽり",
        "name:ja-Latn": "Nishi Nippori",
        "name:ko": "니시닛포리",
        "name:ru": "Ниси Ниппори",
        "name:th": "นิชิ-นิปโปะริ",
        "network": "東京メトロ",
        "operator": "東京地下鉄",
        "public_transport": "station",
        "railway": "station",
        "ref": "C16",
        "station": "subway",
        "subway": "yes",
        "wikidata": "Q636845",
        "wikipedia": "ja:西日暮里駅"
      },
      "geometry": {
        "type": "Point",
        "coordinates": [
          139.7672175,
          35.7325841
        ]
      },
      "id": "node/1926239471"
    },
    {
      "type": "Feature",
      "properties": {
        "@id": "node/1926277330",
        "name": "大手町",
        "name:en": "Otemachi",
        "name:es": "Otemachi",
        "name:fr": "Ōtemachi",
        "name:ja": "大手町",
        "name:ja-Hira": "おおてまち",
        "name:ja_rm": "Ōtemachi",
        "name:ko": "오테마치",
        "name:ru": "Отэмати",
        "name:zh": "大手町",
        "name:zh-Hans": "大手町",
        "network": "東京メトロ",
        "operator": "東京地下鉄",
        "public_transport": "station",
        "railway": "station",
        "ref": "Z08",
        "source": "survey",
        "station": "subway",
        "subway": "yes",
        "wheelchair": "yes",
        "wikidata": "Q1326767",
        "wikipedia": "ja:大手町駅 (東京都)"
      },
      "geometry": {
        "type": "Point",
        "coordinates": [
          139.7650376,
          35.6866919
        ]
      },
      "id": "node/1926277330"
    },
    {
      "type": "Feature",
      "properties": {
        "@id": "node/1926277338",
        "colour": "green",
        "name": "大手町",
        "name:en": "Otemachi",
        "name:es": "Otemachi",
        "name:fr": "Ōtemachi",
        "name:ja": "大手町",
        "name:ja-Hira": "おおてまち",
        "name:ja_rm": "Ōtemachi",
        "name:ko": "오테마치",
        "name:ru": "Отэмати",
        "name:zh": "大手町",
        "name:zh-Hans": "大手町",
        "network": "東京メトロ",
        "operator": "東京地下鉄",
        "public_transport": "station",
        "railway": "station",
        "ref": "C11",
        "station": "subway",
        "subway": "yes",
        "wheelchair": "yes",
        "wikidata": "Q1326767",
        "wikipedia": "ja:大手町駅 (東京都)"
      },
      "geometry": {
        "type": "Point",
        "coordinates": [
          139.7636157,
          35.686757
        ]
      },
      "id": "node/1926277338"
    },
    {
      "type": "Feature",
      "properties": {
        "@id": "node/1926277346",
        "colour": "red",
        "name": "新宿",
        "name:en": "Shinjuku",
        "name:es": "Shinjuku",
        "name:fr": "Shinjuku",
        "name:ja": "新宿",
        "name:ja-Hira": "しんじゅく",
        "name:ja_rm": "Shinjuku",
        "name:ko": "신주쿠",
        "name:ru": "Синдзюку",
        "network": "東京メトロ",
        "operator": "東京地下鉄",
        "platforms": "2",
        "public_transport": "station",
        "railway": "station",
        "ref": "M08",
        "station": "subway",
        "subway": "yes",
        "wheelchair": "yes",
        "wikidata": "Q801447",
        "wikipedia": "ja:新宿駅"
      },
      "geometry": {
        "type": "Point",
        "coordinates": [
          139.7006009,
          35.6922273
        ]
      },
      "id": "node/1926277346"
    },
    {
      "type": "Feature",
      "properties": {
        "@id": "node/1926355396",
        "name": "人形町",
        "name:en": "Ningyōchō",
        "name:es": "Ningyōchō",
        "name:fr": "Ningyōchō",
        "name:ja": "人形町 (都営地下鉄浅草線)",
        "name:ja-Hira": "にんぎょうちょう",
        "name:ja-Latn": "Ningyōchō",
        "name:ko": "닌교초",
        "name:ru": "Нингётё",
        "name:zh": "人形町",
        "name:zh-Hans": "人形町",
        "network": "都営地下鉄",
        "public_transport": "station",
        "railway": "station",
        "ref": "A14",
        "station": "subway",
        "subway": "yes",
        "transport": "subway",
        "wheelchair": "yes",
        "wikidata": "Q1147003",
        "wikipedia": "ja:人形町駅"
      },
      "geometry": {
        "type": "Point",
        "coordinates": [
          139.7821879,
          35.6862799
        ]
      },
      "id": "node/1926355396"
    },
    {
      "type": "Feature",
      "properties": {
        "@id": "node/1926355402",
        "name": "東銀座",
        "name:en": "Higashi-Ginza",
        "name:es": "Higashi-Ginza",
        "name:ja": "東銀座",
        "name:ja-Hira": "ひがしぎんざ",
        "name:ja_rm": "Higashi-Ginza",
        "name:ko": "히가시긴자",
        "name:ru": "Хигаси Гиндза",
        "network": "東京メトロ",
        "operator": "東京地下鉄",
        "public_transport": "station",
        "railway": "station",
        "ref": "H09",
        "station": "subway",
        "subway": "yes",
        "wheelchair": "yes",
        "wikidata": "Q1078393",
        "wikipedia": "ja:東銀座駅"
      },
      "geometry": {
        "type": "Point",
        "coordinates": [
          139.7669476,
          35.6696837
        ]
      },
      "id": "node/1926355402"
    },
    {
      "type": "Feature",
      "properties": {
        "@id": "node/1926355405",
        "colour": "gray",
        "name": "築地",
        "name:en": "Tsukiji",
        "name:es": "Tsukiji",
        "name:ja": "築地",
        "name:ja-Hira": "つきじ",
        "name:ja_rm": "Tsukiji",
        "name:ko": "쓰키지",
        "name:ru": "Цукидзи",
        "network": "東京メトロ",
        "operator": "東京地下鉄",
        "phone": "+81 3 35421561",
        "public_transport": "station",
        "railway": "station",
        "ref": "H10",
        "station": "subway",
        "subway": "yes",
        "website": "https://www.tokyometro.jp/lang_en/station/tsukiji/",
        "wheelchair": "yes",
        "wikidata": "Q1072938",
        "wikipedia": "ja:築地駅"
      },
      "geometry": {
        "type": "Point",
        "coordinates": [
          139.7725918,
          35.6680848
        ]
      },
      "id": "node/1926355405"
    },
    {
      "type": "Feature",
      "properties": {
        "@id": "node/1926376076",
        "loc_ref": "2",
        "name": "千川",
        "name:en": "Senkawa",
        "name:es": "Senkawa",
        "name:ja": "千川",
        "name:ja-Hira": "せんかわ",
        "name:ja_rm": "Senkawa",
        "name:ko": "센카와",
        "name:ru": "Сэнкава",
        "operator": "東京メトロ",
        "public_transport": "station",
        "railway": "station",
        "ref": "F07;Y07",
        "station": "subway",
        "subway": "yes",
        "wheelchair": "yes",
        "wikidata": "Q128304",
        "wikipedia": "ja:千川駅"
      },
      "geometry": {
        "type": "Point",
        "coordinates": [
          139.689366,
          35.7383242
        ]
      },
      "id": "node/1926376076"
    },
    {
      "type": "Feature",
      "properties": {
        "@id": "node/1926376079",
        "colour": "yellow",
        "name": "東池袋",
        "name:en": "Higashi-ikebukuro",
        "name:es": "Higashi-ikebukuro",
        "name:ja": "東池袋",
        "name:ja_rm": "Higashi Ikebukuro",
        "name:ko": "히가시이케부쿠로",
        "name:ru": "Хигаси Икэбукуро",
        "operator": "東京地下鉄",
        "public_transport": "station",
        "railway": "station",
        "ref": "Y10",
        "station": "subway",
        "subway": "yes",
        "website": "https://www.tokyometro.jp/rosen/eki/higashi-ikebukuro/index.html",
        "wheelchair": "yes",
        "wikidata": "Q331193",
        "wikipedia": "ja:東池袋駅"
      },
      "geometry": {
        "type": "Point",
        "coordinates": [
          139.7193857,
          35.7256214
        ]
      },
      "id": "node/1926376079"
    },
    {
      "type": "Feature",
      "properties": {
        "@id": "node/1926376081",
        "name": "永田町",
        "name:en": "Nagatacho",
        "name:es": "Nagatacho",
        "name:ja": "永田町",
        "name:ja-Hira": "ながたちょう",
        "name:ja_rm": "Nagatachō",
        "name:ko": "나가타초",
        "name:ru": "Нагататё",
        "operator": "東京地下鉄",
        "public_transport": "station",
        "railway": "station",
        "ref": "Y16;Z04;N07",
        "station": "subway",
        "subway": "yes",
        "wheelchair": "yes",
        "wikidata": "Q1142211",
        "wikipedia": "ja:永田町駅"
      },
      "geometry": {
        "type": "Point",
        "coordinates": [
          139.7415775,
          35.6779456
        ]
      },
      "id": "node/1926376081"
    },
    {
      "type": "Feature",
      "properties": {
        "@id": "node/1926376083",
        "name": "池袋",
        "name:en": "Ikebukuro",
        "name:es": "Ikebukuro",
        "name:ja": "池袋",
        "name:ja-Hira": "いけぶくろ",
        "name:ja-Latn": "Ikebukuro",
        "name:ko": "이케부쿠로",
        "name:ru": "Икебукуро",
        "public_transport": "station",
        "railway": "station",
        "ref": "Y09",
        "station": "subway",
        "subway": "yes",
        "wheelchair": "yes",
        "wikidata": "Q173919",
        "wikipedia": "ja:池袋駅"
      },
      "geometry": {
        "type": "Point",
        "coordinates": [
          139.7096856,
          35.729643
        ]
      },
      "id": "node/1926376083"
    },
    {
      "type": "Feature",
      "properties": {
        "@id": "node/1926376084",
        "colour": "yellow",
        "name": "要町",
        "name:en": "Kanamecho",
        "name:es": "Kanamecho",
        "name:ja": "要町",
        "name:ja-Hira": "かなめちょう",
        "name:ja_rm": "Kanamechō",
        "name:ko": "가나메초",
        "name:ru": "Канамэтё",
        "operator": "東京地下鉄",
        "public_transport": "station",
        "railway": "station",
        "ref": "Y08;F08",
        "station": "subway",
        "subway": "yes",
        "transport": "subway",
        "wheelchair": "yes",
        "wikidata": "Q128296",
        "wikipedia": "ja:要町駅"
      },
      "geometry": {
        "type": "Point",
        "coordinates": [
          139.6986842,
          35.7332405
        ]
      },
      "id": "node/1926376084"
    },
    {
      "type": "Feature",
      "properties": {
        "@id": "node/1926417053",
        "colour": "yellow",
        "name": "新富町",
        "name:en": "Shintomicho",
        "name:es": "Shintomicho",
        "name:ja": "新富町",
        "name:ja-Hira": "しんとみちょう",
        "name:ja_rm": "Shintomichō",
        "name:ko": "신토미초",
        "name:ru": "Синтомитё",
        "operator": "東京地下鉄",
        "operator:ja": "東京地下鉄",
        "public_transport": "station",
        "railway": "station",
        "ref": "Y20",
        "station": "subway",
        "subway": "yes",
        "wheelchair": "yes",
        "wikidata": "Q332002",
        "wikipedia": "ja:新富町駅 (東京都)"
      },
      "geometry": {
        "type": "Point",
        "coordinates": [
          139.7734197,
          35.6706344
        ]
      },
      "id": "node/1926417053"
    },
    {
      "type": "Feature",
      "properties": {
        "@id": "node/1926417056",
        "addr:city": "中央区",
        "colour": "violet",
        "name": "月島",
        "name:en": "Tsukishima",
        "name:es": "Tsukishima",
        "name:fr": "Tsukishima",
        "name:ja": "月島",
        "name:ja-Hira": "つきしま",
        "name:ja_rm": "Tsukishima",
        "name:ko": "쓰키시마",
        "name:ru": "Цукисима",
        "network": "都営大江戸線",
        "network:en": "Toei subway",
        "operator": "東京都交通局",
        "operator:en": "Toei",
        "operator:wikidata": "Q1377135",
        "public_transport": "station",
        "railway": "station",
        "ref": "E16",
        "station": "subway",
        "subway": "yes",
        "wheelchair": "yes",
        "wikidata": "Q112337",
        "wikipedia": "ja:月島駅"
      },
      "geometry": {
        "type": "Point",
        "coordinates": [
          139.7844793,
          35.6641695
        ]
      },
      "id": "node/1926417056"
    },
    {
      "type": "Feature",
      "properties": {
        "@id": "node/1926700040",
        "name": "池袋",
        "name:en": "Ikebukuro",
        "name:es": "Ikebukuro",
        "name:fr": "Ikebukuro",
        "name:ja": "池袋",
        "name:ja-Hira": "いけぶくろ",
        "name:ja-Latn": "Ikebukuro",
        "name:ko": "이케부쿠로",
        "name:ru": "Икебукуро",
        "name:th": "อิเคะบุคุโระ",
        "operator": "東京地下鉄",
        "public_transport": "station",
        "railway": "station",
        "ref": "M25",
        "station": "subway",
        "subway": "yes",
        "wheelchair": "yes",
        "wikidata": "Q173919",
        "wikipedia": "ja:池袋駅"
      },
      "geometry": {
        "type": "Point",
        "coordinates": [
          139.7114846,
          35.7302282
        ]
      },
      "id": "node/1926700040"
    },
    {
      "type": "Feature",
      "properties": {
        "@id": "node/1926700041",
        "name": "茗荷谷",
        "name:en": "Myogadani",
        "name:es": "Myogadani",
        "name:ja": "茗荷谷",
        "name:ja-Hira": "みょうがだに",
        "name:ja-Latn": "Myōgatani",
        "name:ko": "묘가다니",
        "name:ru": "Мёгадани",
        "operator": "東京地下鉄",
        "platforms": "2",
        "public_transport": "station",
        "railway": "station",
        "ref": "M23",
        "station": "subway",
        "subway": "yes",
        "wheelchair": "yes",
        "wikidata": "Q1078367",
        "wikipedia": "ja:茗荷谷駅"
      },
      "geometry": {
        "type": "Point",
        "coordinates": [
          139.7369396,
          35.7171896
        ]
      },
      "id": "node/1926700041"
    },
    {
      "type": "Feature",
      "properties": {
        "@id": "node/1926703932",
        "alt_name:ko": "미쓰코시마에",
        "name": "三越前",
        "name:en": "Mitsukoshimae",
        "name:es": "Mitsukoshimae",
        "name:fr": "Mitsukoshimae",
        "name:ja": "三越前",
        "name:ja-Hira": "みつこしまえ",
        "name:ja_rm": "Mitsukoshi Mae",
        "name:ko": "미쓰코시앞",
        "name:ru": "Мицукосимаэ",
        "name:zh": "三越前",
        "name:zh-Hans": "三越前",
        "network": "東京メトロ半蔵門線",
        "note": "Hanzomon Line station, ginza line has a station of the same name.",
        "operator": "東京地下鉄",
        "public_transport": "station",
        "railway": "station",
        "ref": "Z09",
        "station": "subway",
        "subway": "yes",
        "transport": "subway",
        "wheelchair": "yes",
        "wikidata": "Q76898",
        "wikipedia": "ja:三越前駅"
      },
      "geometry": {
        "type": "Point",
        "coordinates": [
          139.7730743,
          35.6849516
        ]
      },
      "id": "node/1926703932"
    },
    {
      "type": "Feature",
      "properties": {
        "@id": "node/1926726026",
        "alt_name": "浜松町",
        "name": "大門",
        "name:en": "Daimon",
        "name:es": "Daimon",
        "name:ja": "大門",
        "name:ja-Hira": "だいもん",
        "name:ja_rm": "Daimon",
        "name:ko": "다이몬",
        "name:ru": "Даймон",
        "network": "浅草線",
        "network:en": "Toei subway",
        "operator": "東京都交通局",
        "operator:en": "Toei",
        "operator:wikidata": "Q1377135",
        "public_transport": "station",
        "railway": "station",
        "ref": "A09",
        "station": "subway",
        "subway": "yes",
        "wikidata": "Q247129",
        "wikipedia": "ja:大門駅 (東京都)"
      },
      "geometry": {
        "type": "Point",
        "coordinates": [
          139.7547098,
          35.6569261
        ]
      },
      "id": "node/1926726026"
    },
    {
      "type": "Feature",
      "properties": {
        "@id": "node/1931878067",
        "name": "大塚駅前",
        "name:en": "Otsuka-ekimae",
        "name:ja": "大塚駅前",
        "name:ja-Hira": "おおつかえきまえ",
        "name:ja_rm": "Ōtsuka eki mae",
        "name:ko": "오쓰카에키마에",
        "operator": "東京都交通局",
        "public_transport": "station",
        "railway": "station",
        "ref": "SA23",
        "start_date": "1925-12-12",
        "tram": "yes",
        "wikidata": "Q801696",
        "wikipedia": "ja:大塚駅 (東京都)"
      },
      "geometry": {
        "type": "Point",
        "coordinates": [
          139.72926,
          35.7314483
        ]
      },
      "id": "node/1931878067"
    },
    {
      "type": "Feature",
      "properties": {
        "@id": "node/1947656218",
        "maxspeed": "100",
        "name": "葛西臨海公園",
        "name:en": "Kasai-Rinkai Park",
        "name:ja": "葛西臨海公園",
        "name:ja-Hira": "かさいりんかいこうえん",
        "name:ja-Latn": "Kasai Rinkai Kōen",
        "name:ko": "가사이 임해공원",
        "name:ru": "Касай Ринкай Коэн",
        "public_transport": "station",
        "railway": "station",
        "ref": "JE06",
        "usage": "main",
        "website": "https://www.jreast.co.jp/estation/station/info.aspx?StationCd=424",
        "wheelchair": "yes",
        "wikidata": "Q844280",
        "wikipedia": "ja:葛西臨海公園駅"
      },
      "geometry": {
        "type": "Point",
        "coordinates": [
          139.8615992,
          35.6444075
        ]
      },
      "id": "node/1947656218"
    },
    {
      "type": "Feature",
      "properties": {
        "@id": "node/1950328487",
        "name": "落合",
        "name:en": "Ochiai",
        "name:es": "Ochiai",
        "name:ja": "落合",
        "name:ja-Hira": "おちあい",
        "name:ja-Latn": "Ochiai",
        "name:ko": "오치아이",
        "name:ru": "Отиай",
        "operator": "東京地下鉄",
        "platforms": "2",
        "public_transport": "station",
        "railway": "station",
        "ref": "T02",
        "station": "subway",
        "subway": "yes",
        "wikidata": "Q80579",
        "wikipedia": "ja:落合駅 (東京都)"
      },
      "geometry": {
        "type": "Point",
        "coordinates": [
          139.6859133,
          35.7106637
        ]
      },
      "id": "node/1950328487"
    },
    {
      "type": "Feature",
      "properties": {
        "@id": "node/1951952367",
        "name": "北参道",
        "name:en": "Kita-sando",
        "name:es": "Kita-sando",
        "name:ja": "北参道",
        "name:ja-Hira": "きたさんどう",
        "name:ja_rm": "Kita sandō",
        "name:ko": "기타산도",
        "name:ru": "Кита-Сандо",
        "operator": "東京地下鉄",
        "platforms": "2",
        "public_transport": "stop_position",
        "railway": "stop",
        "ref": "F14",
        "station": "subway",
        "subway": "yes",
        "wheelchair": "yes",
        "wikidata": "Q128322",
        "wikipedia": "ja:北参道駅"
      },
      "geometry": {
        "type": "Point",
        "coordinates": [
          139.7054087,
          35.6784659
        ]
      },
      "id": "node/1951952367"
    },
    {
      "type": "Feature",
      "properties": {
        "@id": "node/1951953898",
        "name": "東新宿",
        "name:en": "Higashi-shinjuku",
        "name:es": "Higashi-shinjuku",
        "name:ja": "東新宿",
        "name:ja-Hira": "ひがししんじゅく",
        "name:ja_rm": "Higashi Shinjuku",
        "name:ko": "히가시신주쿠",
        "operator": "東京地下鉄",
        "platforms": "2",
        "public_transport": "station",
        "railway": "station",
        "ref": "F12",
        "station": "subway",
        "subway": "yes",
        "wheelchair": "yes",
        "wikidata": "Q112503",
        "wikipedia": "ja:東新宿駅"
      },
      "geometry": {
        "type": "Point",
        "coordinates": [
          139.707695,
          35.698933
        ]
      },
      "id": "node/1951953898"
    },
    {
      "type": "Feature",
      "properties": {
        "@id": "node/1951954570",
        "name": "西早稲田",
        "name:en": "Nishi-waseda",
        "name:es": "Nishi-waseda",
        "name:ja": "西早稲田",
        "name:ja-Hira": "にしわせだ",
        "name:ja_rm": "Nishi Waseda",
        "name:ko": "니시와세다",
        "name:ru": "Ниси-Васэда",
        "operator": "東京地下鉄",
        "platforms": "2",
        "public_transport": "stop_position",
        "railway": "stop",
        "ref": "F11",
        "station": "subway",
        "subway": "yes",
        "wikidata": "Q128305",
        "wikipedia": "ja:西早稲田駅"
      },
      "geometry": {
        "type": "Point",
        "coordinates": [
          139.7090644,
          35.7079175
        ]
      },
      "id": "node/1951954570"
    },
    {
      "type": "Feature",
      "properties": {
        "@id": "node/1951959623",
        "name": "雑司が谷",
        "name:en": "Zoshigaya",
        "name:es": "Zoshigaya",
        "name:ja": "雑司が谷",
        "name:ja-Hira": "ぞうしがや",
        "name:ja_rm": "Zōshigaya",
        "name:ko": "조시가야",
        "operator": "東京地下鉄",
        "platforms": "2",
        "public_transport": "station",
        "railway": "station",
        "ref": "F10",
        "station": "subway",
        "subway": "yes",
        "wikidata": "Q128312",
        "wikipedia": "ja:雑司が谷駅"
      },
      "geometry": {
        "type": "Point",
        "coordinates": [
          139.7147782,
          35.7202465
        ]
      },
      "id": "node/1951959623"
    },
    {
      "type": "Feature",
      "properties": {
        "@id": "node/1956007334",
        "name": "六町",
        "name:en": "Rokucho",
        "name:ja": "六町",
        "name:ja-Hira": "ろくちょう",
        "name:ja_rm": "Rokuchō",
        "name:ko": "로쿠초",
        "operator": "首都圏新都市鉄道",
        "public_transport": "station",
        "railway": "station",
        "ref": "07",
        "source": "Bing",
        "toilets:wheelchair": "yes",
        "wheelchair": "yes",
        "wikidata": "Q5369300",
        "wikipedia": "ja:六町駅"
      },
      "geometry": {
        "type": "Point",
        "coordinates": [
          139.8218681,
          35.7848565
        ]
      },
      "id": "node/1956007334"
    },
    {
      "type": "Feature",
      "properties": {
        "@id": "node/1956007338",
        "name": "青井",
        "name:en": "Aoi",
        "name:ja": "青井",
        "name:ja-Hira": "あおい",
        "name:ja_rm": "Aoi",
        "name:ko": "아오이",
        "operator": "首都圏新都市鉄道",
        "public_transport": "station",
        "railway": "station",
        "ref": "06",
        "source": "Bing",
        "toilets:wheelchair": "yes",
        "wheelchair": "yes",
        "wikidata": "Q850623",
        "wikipedia": "ja:青井駅"
      },
      "geometry": {
        "type": "Point",
        "coordinates": [
          139.8203104,
          35.7717439
        ]
      },
      "id": "node/1956007338"
    },
    {
      "type": "Feature",
      "properties": {
        "@id": "node/2012000223",
        "name": "白金台",
        "name:en": "Shirokanedai",
        "name:es": "Shirokanedai",
        "name:ja": "白金台",
        "name:ja-Hira": "しろかねだい",
        "name:ja_rm": "Shirokanedai",
        "name:ko": "시로카네다이",
        "name:ru": "Сироганэдай",
        "network": "都営地下鉄",
        "network:en": "Toei subway",
        "operator": "東京都交通局",
        "operator:en": "Toei",
        "operator:wikidata": "Q1377135",
        "public_transport": "station",
        "railway": "station",
        "ref": "I02;N02",
        "station": "subway",
        "subway": "yes",
        "wheelchair": "yes",
        "wikidata": "Q112357",
        "wikipedia": "ja:白金台駅"
      },
      "geometry": {
        "type": "Point",
        "coordinates": [
          139.7265652,
          35.6381027
        ]
      },
      "id": "node/2012000223"
    },
    {
      "type": "Feature",
      "properties": {
        "@id": "node/2099275526",
        "name": "戸越銀座",
        "name:en": "Togoshi-ginza",
        "name:ja": "戸越銀座",
        "name:ja-Hira": "とごしぎんざ",
        "name:ja_rm": "Togoshi-ginza",
        "name:ko": "도고시긴자",
        "phone": "03-3441-0939",
        "public_transport": "station",
        "railway": "station",
        "ref": "IK03",
        "website": "https://www.tokyu.co.jp/railway/station/info/Pid=70.html",
        "wikidata": "Q11496630",
        "wikipedia": "ja:戸越銀座駅"
      },
      "geometry": {
        "type": "Point",
        "coordinates": [
          139.7150774,
          35.616206
        ]
      },
      "id": "node/2099275526"
    },
    {
      "type": "Feature",
      "properties": {
        "@id": "node/2179133140",
        "name": "白金高輪",
        "name:en": "Shirokane-takanawa",
        "name:ja": "白金高輪",
        "name:ja-Hira": "しろかねたかなわ",
        "name:ja_rm": "Shirokane Takanawa",
        "name:ko": "시로카네타카나와",
        "name:ru": "Сираганэ Таканава",
        "network": "都営地下鉄",
        "note": "See https://commons.wikimedia.org/wiki/File:Rail_Tracks_map_Shirokane-Takanawa_Station.svg",
        "operator": "東京都交通局",
        "public_transport": "station",
        "railway": "station",
        "ref": "I03",
        "source": "KSJ2",
        "source_ref": "http://nlftp.mlit.go.jp/ksj/jpgis/datalist/KsjTmplt-N02-v1_1.html",
        "station": "subway",
        "subway": "yes",
        "wheelchair": "yes",
        "wikidata": "Q112323",
        "wikipedia": "ja:白金高輪駅"
      },
      "geometry": {
        "type": "Point",
        "coordinates": [
          139.734168,
          35.6429531
        ]
      },
      "id": "node/2179133140"
    },
    {
      "type": "Feature",
      "properties": {
        "@id": "node/2206530973",
        "addr:province": "東京都",
        "addr:quarter": "羽田空港",
        "addr:suburb": "大田区",
        "contact:website": "https://www.tokyo-monorail.co.jp/guidance/haneda1/",
        "monorail": "yes",
        "name": "羽田空港第1ターミナル",
        "name:en": "Haneda Airport Terminal 1",
        "name:es": "Haneda Airport Terminal 1",
        "name:fr": "Aéroport de Haneda Terminal 1",
        "name:it": "Haneda Aeroporto Terminal 1",
        "name:ja": "羽田空港第1ターミナル",
        "name:ja-Hira": "はねだくうこうだいいちたーみなる",
        "name:ja-Latn": "Haneda kūkō daiichi tāminaru",
        "name:ko": "하네다공항 제1터미널",
        "name:ru": "Терминал №1 аэропорта Ханэда",
        "name:zh": "羽田机场第1大楼",
        "old_name": "羽田空港第1ビル",
        "operator": "東京モノレール",
        "public_transport": "station",
        "railway": "station",
        "ref": "MO10",
        "wikidata": "Q5647752",
        "wikipedia": "ja:羽田空港第1ターミナル駅"
      },
      "geometry": {
        "type": "Point",
        "coordinates": [
          139.7845527,
          35.5491583
        ]
      },
      "id": "node/2206530973"
    },
    {
      "type": "Feature",
      "properties": {
        "@id": "node/2206531138",
        "contact:website": "https://www.tokyo-monorail.co.jp/guidance/haneda2/",
        "monorail": "yes",
        "name": "羽田空港第2ターミナル",
        "name:en": "Haneda Airport Terminal 2",
        "name:es": "Haneda Airport Terminal 2",
        "name:fr": "Aéroport de Haneda Terminal 2",
        "name:it": "Haneda Aeroporto Terminal 2",
        "name:ja": "羽田空港第2ターミナル",
        "name:ja-Hira": "はねだくうこうだいにたーみなる",
        "name:ja-Latn": "Haneda kūkō dai-ni tāminaru",
        "name:ko": "하네다공항 제2터미널",
        "name:ru": "Терминал №2 аэропорта Ханэда",
        "name:zh": "羽田机场第2大楼",
        "old_name": "羽田空港第2ビル",
        "operator": "東京モノレール",
        "public_transport": "station",
        "railway": "station",
        "ref": "MO11",
        "toilets:wheelchair": "yes",
        "wheelchair": "yes",
        "wikidata": "Q5647754",
        "wikipedia": "ja:羽田空港第2ターミナル駅"
      },
      "geometry": {
        "type": "Point",
        "coordinates": [
          139.7882659,
          35.5508205
        ]
      },
      "id": "node/2206531138"
    },
    {
      "type": "Feature",
      "properties": {
        "@id": "node/2206531158",
        "alt_name:en": "Shin-Seibijō",
        "contact:website": "https://www.tokyo-monorail.co.jp/guidance/shinseibijyo/",
        "monorail": "yes",
        "name": "新整備場",
        "name:en": "Shinseibijo",
        "name:es": "Shinseibijo",
        "name:fr": "Shin-Seibijō",
        "name:it": "Shin-Seibijo",
        "name:ja": "新整備場",
        "name:ja-Hira": "しんせいびじょう",
        "name:ja-Latn": "Shin-Seibijō",
        "name:ko": "신세이비조",
        "name:ru": "Синсэйбидзё",
        "operator": "東京モノレール",
        "platforms": "2",
        "public_transport": "station",
        "railway": "station",
        "ref": "MO09",
        "wikidata": "Q5362517",
        "wikipedia": "ja:新整備場駅"
      },
      "geometry": {
        "type": "Point",
        "coordinates": [
          139.7868344,
          35.5428212
        ]
      },
      "id": "node/2206531158"
    },
    {
      "type": "Feature",
      "properties": {
        "@id": "node/2217212323",
        "contact:website": "https://www.odakyu.jp/station/shimo_kitazawa/",
        "name": "下北沢",
        "name:de": "Shimo-Kitazawa",
        "name:en": "Shimo-Kitazawa",
        "name:es": "Shimo-Kitazawa",
        "name:fr": "Shimo-Kitazawa",
        "name:ja-Hira": "しもきたざわ",
        "name:ja-Latn": "Shimo-Kitazawa",
        "name:ko": "시모키타자와",
        "name:ru": "Симо-Китадзава",
        "name:zh-Hans": "下北泽",
        "network": "小田急電鉄",
        "network:en": "Odakyu Electric Railway",
        "network:ja": "小田急電鉄",
        "network:wikidata": "Q83584",
        "operator": "小田急電鉄",
        "operator:en": "Odakyu Electric Railway",
        "operator:ja": "小田急電鉄",
        "operator:wikidata": "Q83584",
        "public_transport": "station",
        "railway": "station",
        "ref": "OH07",
        "source": "KSJ2",
        "source_ref": "http://nlftp.mlit.go.jp/ksj/jpgis/datalist/KsjTmplt-N02-v1_1.html",
        "train": "yes",
        "wheelchair": "yes",
        "wikidata": "Q1059947",
        "wikipedia": "ja:下北沢駅"
      },
      "geometry": {
        "type": "Point",
        "coordinates": [
          139.666822,
          35.6611356
        ]
      },
      "id": "node/2217212323"
    },
    {
      "type": "Feature",
      "properties": {
        "@id": "node/2217212325",
        "contact:website": "https://www.odakyu.jp/station/higashi_kitazawa/",
        "name": "東北沢",
        "name:de": "Higashi-Kitazawa",
        "name:en": "Higashi-Kitazawa",
        "name:fr": "Higashi-Kitazawa",
        "name:ja": "東北沢",
        "name:ja-Hira": "ひがしきたざわ",
        "name:ja-Latn": "Higashi-Kitazawa",
        "name:ko": "히가시키타자와",
        "name:ru": "Хигаси-Китадзава",
        "network": "小田急電鉄",
        "network:en": "Odakyu Electric Railway",
        "network:ja": "小田急電鉄",
        "network:wikidata": "Q83584",
        "note": "National-Land Numerical Information (Railway) 2007, MLIT Japan",
        "operator": "小田急電鉄",
        "operator:en": "Odakyu Electric Railway",
        "operator:ja": "小田急電鉄",
        "operator:wikidata": "Q83584",
        "public_transport": "station",
        "railway": "station",
        "ref": "OH06",
        "source": "KSJ2",
        "source_ref": "http://nlftp.mlit.go.jp/ksj/jpgis/datalist/KsjTmplt-N02-v1_1.html",
        "train": "yes",
        "wikidata": "Q4497457",
        "wikipedia": "ja:東北沢駅"
      },
      "geometry": {
        "type": "Point",
        "coordinates": [
          139.6724982,
          35.6651291
        ]
      },
      "id": "node/2217212325"
    },
    {
      "type": "Feature",
      "properties": {
        "@id": "node/2330644212",
        "alt_name:ko": "오이즈미가쿠엔",
        "name": "大泉学園",
        "name:en": "Oizumi-gakuen",
        "name:ja": "大泉学園",
        "name:ja-Hira": "おおいずみがくえん",
        "name:ja_rm": "Ōizumi gakuen",
        "name:ko": "오이즈미학원",
        "name:ru": "Оидзуми-гакуэн",
        "network": "西武鉄道",
        "network:en": "Seibu Railway",
        "network:ja": "西武鉄道",
        "network:wikidata": "Q83543",
        "note": "National-Land Numerical Information (Railway) 2007, MLIT Japan",
        "old_name": "東大泉",
        "operator": "西武鉄道",
        "public_transport": "station",
        "railway": "station",
        "ref": "SI11",
        "source": "KSJ2",
        "source_ref": "http://nlftp.mlit.go.jp/ksj/jpgis/datalist/KsjTmplt-N02-v1_1.html",
        "train": "yes",
        "wikidata": "Q8016303",
        "wikipedia": "ja:大泉学園駅"
      },
      "geometry": {
        "type": "Point",
        "coordinates": [
          139.5865223,
          35.7495045
        ]
      },
      "id": "node/2330644212"
    },
    {
      "type": "Feature",
      "properties": {
        "@id": "node/2389061846",
        "contact:website": "https://www.odakyu.jp/station/shinjuku/",
        "name": "新宿",
        "name:de": "Shinjuku",
        "name:en": "Shinjuku",
        "name:es": "Shinjuku",
        "name:fr": "Shinjuku",
        "name:ja": "新宿",
        "name:ja-Hira": "しんじゅく",
        "name:ja-Latn": "Shinjuku",
        "name:ko": "신주쿠",
        "name:ru": "Синдзюку",
        "name:th": "ชินจูกุ",
        "network": "小田急電鉄",
        "network:en": "Odakyu Electric Railway",
        "network:ja": "小田急電鉄",
        "network:wikidata": "Q83584",
        "operator": "小田急電鉄",
        "operator:en": "Odakyu Electric Railway",
        "operator:ja": "小田急電鉄",
        "operator:wikidata": "Q83584",
        "public_transport": "station",
        "railway": "station",
        "ref": "OH01",
        "source": "KSJ2",
        "source_ref": "http://nlftp.mlit.go.jp/ksj/jpgis/datalist/KsjTmplt-N02-v1_1.html",
        "train": "yes",
        "wheelchair": "limited",
        "wikidata": "Q801447",
        "wikipedia": "ja:新宿駅"
      },
      "geometry": {
        "type": "Point",
        "coordinates": [
          139.6996243,
          35.6902156
        ]
      },
      "id": "node/2389061846"
    },
    {
      "type": "Feature",
      "properties": {
        "@id": "node/2389825841",
        "alt_name": "シオサイト",
        "colour": "violet",
        "name": "汐留",
        "name:en": "Shiodome",
        "name:es": "Shiodome",
        "name:ja": "汐留",
        "name:ja-Hira": "しおどめ",
        "name:ja_rm": "Shiodome",
        "network": "都営地下鉄",
        "network:en": "Toei subway",
        "operator": "東京都交通局",
        "operator:en": "Toei",
        "operator:wikidata": "Q1377135",
        "public_transport": "stop_position",
        "railway": "stop",
        "ref": "E19",
        "station": "subway",
        "subway": "yes",
        "wheelchair": "yes",
        "wikidata": "Q1063299",
        "wikipedia": "ja:汐留駅"
      },
      "geometry": {
        "type": "Point",
        "coordinates": [
          139.7602145,
          35.6632694
        ]
      },
      "id": "node/2389825841"
    },
    {
      "type": "Feature",
      "properties": {
        "@id": "node/2389826024",
        "name": "新宿",
        "name:en": "Shinjuku",
        "name:es": "Shinjuku",
        "name:fr": "Shinjuku",
        "name:ja": "新宿",
        "name:ja_rm": "Shinjuku",
        "name:ko": "신주쿠",
        "name:ru": "Синдзюку",
        "network": "都営地下鉄",
        "network:en": "Toei subway",
        "operator": "東京都交通局",
        "operator:en": "Toei",
        "operator:wikidata": "Q1377135",
        "phone": "+81 3 32997210",
        "public_transport": "station",
        "railway": "station",
        "station": "subway",
        "subway": "yes",
        "website": "https://www.kotsu.metro.tokyo.jp/subway/stations/shinjuku.html",
        "wheelchair": "yes",
        "wikidata": "Q801447",
        "wikipedia": "ja:新宿駅"
      },
      "geometry": {
        "type": "Point",
        "coordinates": [
          139.6990749,
          35.6883635
        ]
      },
      "id": "node/2389826024"
    },
    {
      "type": "Feature",
      "properties": {
        "@id": "node/2389826102",
        "addr:block_number": "3",
        "addr:housenumber": "17",
        "addr:neighbourhood": "1",
        "internet_access": "wlan",
        "internet_access:fee": "no",
        "name": "新宿西口",
        "name:en": "Shinjuku-nishiguchi",
        "name:es": "Shinjuku-nishiguchi",
        "name:ja": "新宿西口",
        "name:ja-Hira": "しんじゅくにしぐち",
        "name:ja_rm": "Shinjuku nishiguchi",
        "name:ko": "신주쿠니시구치",
        "name:ru": "Синдзюку-нисигути",
        "network": "都営地下鉄",
        "network:en": "Toei subway",
        "operator": "東京都交通局",
        "operator:en": "Toei",
        "operator:wikidata": "Q1377135",
        "phone": "+81 3 53892254",
        "public_transport": "station",
        "railway": "station",
        "ref": "E01",
        "station": "subway",
        "subway": "yes",
        "website": "https://www.kotsu.metro.tokyo.jp/subway/stations/shinjuku-nishiguchi.html",
        "wheelchair": "limited",
        "wikidata": "Q246198",
        "wikipedia": "ja:新宿西口駅"
      },
      "geometry": {
        "type": "Point",
        "coordinates": [
          139.6991763,
          35.6931366
        ]
      },
      "id": "node/2389826102"
    },
    {
      "type": "Feature",
      "properties": {
        "@id": "node/2389826186",
        "colour": "violet",
        "name": "牛込柳町",
        "name:en": "Ushigome-yanagicho",
        "name:ja": "牛込柳町",
        "name:ja-Hira": "うしごめやなぎちょう",
        "name:ja_rm": "Ushigome Yanagichō",
        "name:ko": "우시고메야나기초",
        "name:ru": "Усигомэ Янагитё",
        "network": "都営地下鉄",
        "network:en": "Toei subway",
        "operator": "東京都交通局",
        "operator:en": "Toei",
        "operator:wikidata": "Q1377135",
        "public_transport": "station",
        "railway": "station",
        "ref": "E04",
        "station": "subway",
        "subway": "yes",
        "transport": "subway",
        "wheelchair": "no",
        "wikidata": "Q247099",
        "wikipedia": "ja:牛込柳町駅"
      },
      "geometry": {
        "type": "Point",
        "coordinates": [
          139.7255744,
          35.6994561
        ]
      },
      "id": "node/2389826186"
    },
    {
      "type": "Feature",
      "properties": {
        "@id": "node/2389826225",
        "colour": "violet",
        "name": "牛込神楽坂",
        "name:en": "Ushigome-kagurazaka",
        "name:ja": "牛込神楽坂",
        "name:ja-Hira": "うしごめかぐらざか",
        "name:ja_rm": "Ushigome Kagurazaka",
        "name:ko": "우시고메카구라자카",
        "name:ru": "Усигомэ Кагурадзака",
        "network": "都営地下鉄",
        "network:en": "Toei subway",
        "operator": "東京都交通局",
        "operator:en": "Toei",
        "operator:wikidata": "Q1377135",
        "public_transport": "station",
        "railway": "station",
        "ref": "E05",
        "station": "subway",
        "subway": "yes",
        "transport": "subway",
        "wheelchair": "no",
        "wikidata": "Q246195",
        "wikipedia": "ja:牛込神楽坂駅"
      },
      "geometry": {
        "type": "Point",
        "coordinates": [
          139.7359501,
          35.7009139
        ]
      },
      "id": "node/2389826225"
    },
    {
      "type": "Feature",
      "properties": {
        "@id": "node/2407466991",
        "addr:block_number": "60",
        "addr:country": "JP",
        "addr:neighbourhood": "1丁目",
        "addr:postcode": "110-0007",
        "addr:province": "東京都",
        "addr:quarter": "上野公園",
        "addr:suburb": "台東区",
        "name": "京成上野",
        "name:en": "Keisei-Ueno",
        "name:es": "Keisei-Ueno",
        "name:it": "Keisei Ueno",
        "name:ja": "京成上野",
        "name:ja-Latn": "Keisei-Ueno",
        "name:ko": "게이세이우에노",
        "network": "京成",
        "operator": "京成電鉄",
        "operator:en": "Keisei Electric Railway",
        "phone": "+81 3 3831 2528",
        "platforms": "2",
        "public_transport": "station",
        "railway": "station",
        "ref": "KS01",
        "toilets:wheelchair": "yes",
        "wheelchair": "yes",
        "wikidata": "Q907059",
        "wikipedia": "ja:京成上野駅"
      },
      "geometry": {
        "type": "Point",
        "coordinates": [
          139.7735044,
          35.7109406
        ]
      },
      "id": "node/2407466991"
    },
    {
      "type": "Feature",
      "properties": {
        "@id": "node/2467422036",
        "name": "新高島平",
        "name:en": "Shin-takashimadaira",
        "name:es": "Shin-takashimadaira",
        "name:ja": "新高島平",
        "name:ja-Hira": "しんたかしまだいら",
        "name:ja_rm": "Shin Takashimadaira",
        "name:ko": "신타카시마다이라",
        "name:ru": "Син-Такасимадайра",
        "network": "都営地下鉄",
        "network:en": "Toei subway",
        "operator": "東京都交通局",
        "operator:en": "Toei",
        "operator:wikidata": "Q1377135",
        "public_transport": "station",
        "railway": "station",
        "ref": "I26",
        "station": "subway",
        "subway": "yes",
        "wikidata": "Q1039572",
        "wikipedia": "ja:新高島平駅"
      },
      "geometry": {
        "type": "Point",
        "coordinates": [
          139.6544258,
          35.7902142
        ]
      },
      "id": "node/2467422036"
    },
    {
      "type": "Feature",
      "properties": {
        "@id": "node/2496988966",
        "monorail": "yes",
        "name": "羽田空港第3ターミナル",
        "name:en": "Haneda Airport Terminal 3",
        "name:es": "Haneda Airport Terminal 3",
        "name:it": "Haneda Aeroporto Terminal 3",
        "name:ja": "羽田空港第3ターミナル",
        "name:ja-Hira": "はねだくうこうだいさんたーみなる",
        "name:ja-Latn": "Haneda kūkō dai-san tāminaru",
        "name:ko": "하네다 공항 제3 터미널",
        "name:ru": "Аэропорт Ханеда Терминал 3",
        "name:zh": "羽田机场3号航站楼",
        "network": "東京モノレール",
        "old_name": "羽田空港国際線ビル",
        "operator": "東京モノレール株式会社",
        "platforms": "2",
        "public_transport": "station",
        "railway": "station",
        "ref": "MO08",
        "short_name:en": "Terminal 3",
        "start_date": "2010",
        "wikidata": "Q5364359",
        "wikipedia": "ja:羽田空港第3ターミナル駅"
      },
      "geometry": {
        "type": "Point",
        "coordinates": [
          139.7686524,
          35.5438875
        ]
      },
      "id": "node/2496988966"
    },
    {
      "type": "Feature",
      "properties": {
        "@id": "node/2540852495",
        "name": "本郷三丁目",
        "name:en": "Hongo-sanchome",
        "name:es": "Hongo-sanchome",
        "name:ja": "本郷三丁目",
        "name:ja-Hira": "ほんごうさんちょうめ",
        "name:ja_rm": "Hongō Sanchōme",
        "name:ko": "혼고3초메",
        "name:ru": "Хонго Сантёмэ",
        "name:zh": "本乡三町目",
        "name:zh-Hans": "本乡三町目",
        "network": "都営地下鉄",
        "network:en": "Toei subway",
        "operator": "東京都交通局",
        "operator:en": "Toei",
        "operator:wikidata": "Q1377135",
        "phone": "+81 3 3812 6921",
        "public_transport": "station",
        "railway": "station",
        "ref": "E08",
        "station": "subway",
        "subway": "yes",
        "wikidata": "Q80774",
        "wikipedia": "ja:本郷三丁目駅"
      },
      "geometry": {
        "type": "Point",
        "coordinates": [
          139.7605489,
          35.7075159
        ]
      },
      "id": "node/2540852495"
    },
    {
      "type": "Feature",
      "properties": {
        "@id": "node/2543426281",
        "name": "青砥",
        "name:en": "Aoto",
        "name:it": "Aoto",
        "name:ja": "青砥",
        "name:ja-Hira": "あおと",
        "name:ja-Latn": "Aoto",
        "name:ko": "아오토",
        "network": "京成電鉄",
        "network:en": "Keisei Electric Railway",
        "network:ja": "京成電鉄",
        "network:wikidata": "Q83538",
        "operator": "京成電鉄",
        "public_transport": "station",
        "railway": "station",
        "ref": "KS09",
        "source": "KSJ2",
        "source_ref": "http://nlftp.mlit.go.jp/ksj/jpgis/datalist/KsjTmplt-N02-v1_1.html",
        "train": "yes",
        "wikidata": "Q4132960",
        "wikipedia": "ja:青砥駅"
      },
      "geometry": {
        "type": "Point",
        "coordinates": [
          139.8560545,
          35.7455741
        ]
      },
      "id": "node/2543426281"
    },
    {
      "type": "Feature",
      "properties": {
        "@id": "node/2543426602",
        "name": "京成高砂",
        "name:en": "Keisei Takasago",
        "name:it": "Keisei Takasago",
        "name:ja": "京成高砂",
        "name:ja-Hira": "けいせいたかさご",
        "name:ko": "게이세이다카사고",
        "name:ru": "Кэйсэй-Такасаго",
        "network": "京成;北総",
        "operator": "京成電鉄;北総鉄道",
        "public_transport": "station",
        "railway": "station",
        "ref": "KS10",
        "wikidata": "Q4162460",
        "wikipedia": "ja:京成高砂駅"
      },
      "geometry": {
        "type": "Point",
        "coordinates": [
          139.8671221,
          35.7509396
        ]
      },
      "id": "node/2543426602"
    },
    {
      "type": "Feature",
      "properties": {
        "@id": "node/2545151221",
        "name": "京成曳舟",
        "name:en": "Keisei Hikifune",
        "name:ja": "京成曳舟",
        "name:ja-Hira": "けいせいひきふね",
        "name:ja_rm": "Keisei Hikifune",
        "name:ko": "게이세이히키후네",
        "operator": "京成電鉄",
        "public_transport": "station",
        "railway": "station",
        "ref": "KS46",
        "source": "KSJ2",
        "source_ref": "http://nlftp.mlit.go.jp/ksj/jpgis/datalist/KsjTmplt-N02-v1_1.html",
        "wheelchair": "limited",
        "wikidata": "Q5366562",
        "wikipedia": "ja:京成曳舟駅"
      },
      "geometry": {
        "type": "Point",
        "coordinates": [
          139.8197495,
          35.7181883
        ]
      },
      "id": "node/2545151221"
    },
    {
      "type": "Feature",
      "properties": {
        "@id": "node/2545214081",
        "name": "柴又",
        "name:en": "Shibamata",
        "name:fr": "Shibamata",
        "name:ja-Hira": "しばまた",
        "name:ja-Latn": "Shibamata",
        "name:ko": "시바마타",
        "network": "京成電鉄",
        "network:en": "Keisei Electric Railway",
        "network:ja": "京成電鉄",
        "network:wikidata": "Q83538",
        "operator": "京成電鉄",
        "public_transport": "station",
        "railway": "station",
        "ref": "KS50",
        "source": "Bing, 1980/1-2007/4",
        "train": "yes",
        "wikidata": "Q7496017",
        "wikimedia_commons": "Category:Shibamata Station",
        "wikipedia": "ja:柴又駅"
      },
      "geometry": {
        "type": "Point",
        "coordinates": [
          139.8751807,
          35.7564295
        ]
      },
      "id": "node/2545214081"
    },
    {
      "type": "Feature",
      "properties": {
        "@id": "node/2546879670",
        "contact:website": "https://www.keikyu.co.jp/ride/kakueki/KK11.html",
        "gauge": "1435",
        "mapillary": "257533973529888",
        "name": "京急蒲田",
        "name:en": "Keikyu Kamata",
        "name:es": "Keikyu Kamata",
        "name:ja": "京急蒲田",
        "name:ja-Hira": "けいきゅうかまた",
        "name:ja-Latn": "Keikyū Kamata",
        "name:ko": "게이큐가마타",
        "name:ru": "Кэйкю Камата",
        "operator": "京浜急行電鉄",
        "operator:en": "Keikyu Corporation",
        "operator:ja": "京浜急行電鉄",
        "platforms": "6",
        "public_transport": "station",
        "railway": "station",
        "ref": "KK11",
        "source": "Bing",
        "station": "subway",
        "subway": "yes",
        "train": "yes",
        "wheelchair": "yes",
        "wikidata": "Q841552",
        "wikipedia": "ja:京急蒲田駅"
      },
      "geometry": {
        "type": "Point",
        "coordinates": [
          139.7241595,
          35.5613307
        ]
      },
      "id": "node/2546879670"
    },
    {
      "type": "Feature",
      "properties": {
        "@id": "node/2546879674",
        "gauge": "1435",
        "name": "品川",
        "name:en": "Shinagawa",
        "name:fr": "Shinagawa",
        "name:it": "Shinagawa",
        "name:ja": "品川",
        "name:ja-Hira": "しながわ",
        "name:ja-Latn": "Shinagawa",
        "name:ko": "시나가와",
        "name:ru": "Синагава",
        "name:th": "ชินางาวะ",
        "name:zh": "品川",
        "note": "National-Land Numerical Information (Railway) 2007, MLIT Japan",
        "operator": "京浜急行電鉄",
        "operator:en": "Keikyu Corporation",
        "operator:ja": "京浜急行電鉄",
        "public_transport": "station",
        "railway": "station",
        "ref": "KK01",
        "source": "Bing",
        "source_ref": "http://nlftp.mlit.go.jp/ksj/jpgis/datalist/KsjTmplt-N02-v1_1.html",
        "subway": "yes",
        "train": "yes",
        "wikidata": "Q801442",
        "wikipedia": "ja:品川駅"
      },
      "geometry": {
        "type": "Point",
        "coordinates": [
          139.7380078,
          35.6280038
        ]
      },
      "id": "node/2546879674"
    },
    {
      "type": "Feature",
      "properties": {
        "@id": "node/2550872406",
        "gauge": "1435",
        "name": "北品川",
        "name:en": "Kitashinagawa",
        "name:ja": "北品川",
        "name:ja-Hira": "きたしながわ",
        "name:ja_rm": "Kita Shinagawa",
        "name:ko": "기타시나가와 역",
        "network": "Keikyu Main Line",
        "note": "National-Land Numerical Information (Railway) 2007, MLIT Japan",
        "operator": "京浜急行電鉄",
        "operator:en": "Keikyu Corporation",
        "operator:ja": "京浜急行電鉄",
        "public_transport": "station",
        "railway": "station",
        "ref": "KK02",
        "source": "Bing",
        "source_ref": "http://nlftp.mlit.go.jp/ksj/jpgis/datalist/KsjTmplt-N02-v1_1.html",
        "wikidata": "Q858214",
        "wikipedia": "ja:北品川駅"
      },
      "geometry": {
        "type": "Point",
        "coordinates": [
          139.7392733,
          35.6220705
        ]
      },
      "id": "node/2550872406"
    },
    {
      "type": "Feature",
      "properties": {
        "@id": "node/2550872520",
        "gauge": "1435",
        "name": "鮫洲",
        "name:en": "Samezu",
        "name:ja": "鮫洲",
        "name:ja-Hira": "さめず",
        "name:ja_rm": "Samezu",
        "name:ko": "사메즈",
        "operator": "京浜急行電鉄",
        "operator:en": "Keikyu Corporation",
        "operator:ja": "京浜急行電鉄",
        "platforms": "2",
        "public_transport": "station",
        "railway": "station",
        "ref": "KK05",
        "source": "Bing",
        "wikidata": "Q3019291",
        "wikipedia": "ja:鮫洲駅"
      },
      "geometry": {
        "type": "Point",
        "coordinates": [
          139.7422644,
          35.6050235
        ]
      },
      "id": "node/2550872520"
    },
    {
      "type": "Feature",
      "properties": {
        "@id": "node/2550872531",
        "gauge": "1435",
        "name": "立会川",
        "name:en": "Tachiaigawa",
        "name:ja": "立会川",
        "name:ja-Hira": "たちあいがわ",
        "name:ja_rm": "Tachiaigawa",
        "name:ko": "다치아이가와",
        "operator": "京浜急行電鉄",
        "operator:en": "Keikyu Corporation",
        "operator:ja": "京浜急行電鉄",
        "public_transport": "station",
        "railway": "station",
        "ref": "KK06",
        "source": "Bing",
        "subway": "yes",
        "train": "yes",
        "wikidata": "Q3019280",
        "wikipedia": "ja:立会川駅"
      },
      "geometry": {
        "type": "Point",
        "coordinates": [
          139.7389803,
          35.5986986
        ]
      },
      "id": "node/2550872531"
    },
    {
      "type": "Feature",
      "properties": {
        "@id": "node/2558121912",
        "electrified": "contact_line",
        "maxspeed": "95",
        "name": "市ケ谷",
        "name:en": "Ichigaya",
        "name:fr": "Ichigaya",
        "name:it": "Ichigaya",
        "name:ja-Hira": "いちがや",
        "name:ja-Latn": "Ichigaya",
        "name:ko": "이치가야",
        "name:ru": "Итигая",
        "public_transport": "station",
        "railway": "station",
        "start_date": "1895-03-06",
        "train": "yes",
        "wheelchair": "yes",
        "wikidata": "Q800947",
        "wikimedia_commons": "Category:Ichigaya Station",
        "wikipedia": "ja:市ケ谷駅"
      },
      "geometry": {
        "type": "Point",
        "coordinates": [
          139.7355526,
          35.6913465
        ]
      },
      "id": "node/2558121912"
    },
    {
      "type": "Feature",
      "properties": {
        "@id": "node/2558151864",
        "name": "志茂",
        "name:en": "Shimo",
        "name:ja": "志茂",
        "name:ja-Hira": "しも",
        "name:ja_rm": "Shimo",
        "name:ko": "시모 역",
        "name:zh": "志茂站",
        "operator": "東京地下鉄",
        "public_transport": "station",
        "railway": "station",
        "ref": "N18",
        "station": "subway",
        "subway": "yes",
        "wheelchair": "yes",
        "wikidata": "Q151416",
        "wikipedia": "ja:志茂駅"
      },
      "geometry": {
        "type": "Point",
        "coordinates": [
          139.7325256,
          35.7779045
        ]
      },
      "id": "node/2558151864"
    },
    {
      "type": "Feature",
      "properties": {
        "@id": "node/2559434114",
        "electrified": "contact_line",
        "maxspeed": "95",
        "name": "飯田橋",
        "name:en": "Iidabashi",
        "name:es": "Iidabashi",
        "name:fr": "Iidabashi",
        "name:it": "Iidabashi",
        "name:ja-Hira": "いいだばし",
        "name:ja-Latn": "Iidabashi",
        "name:ko": "이다바시",
        "name:ru": "Иидабаси",
        "public_transport": "station",
        "railway": "station",
        "source": "Bing,2007-04",
        "start_date": "1894-10-09",
        "wheelchair": "yes",
        "wikidata": "Q800953",
        "wikimedia_commons": "Category:Iidabashi Station",
        "wikipedia": "ja:飯田橋駅"
      },
      "geometry": {
        "type": "Point",
        "coordinates": [
          139.7439955,
          35.7007552
        ]
      },
      "id": "node/2559434114"
    },
    {
      "type": "Feature",
      "properties": {
        "@id": "node/2559434134",
        "contact:website": "https://www.jreast.co.jp/estation/station/info.aspx?StationCd=1104",
        "maxspeed": "95",
        "name": "中野",
        "name:de": "Nakano",
        "name:en": "Nakano",
        "name:es": "Nakano",
        "name:fr": "Nakano",
        "name:it": "Nakano",
        "name:ja": "中野",
        "name:ja-Hira": "なかの",
        "name:ja-Latn": "Nakano",
        "name:ko": "나카노",
        "name:ru": "Накано",
        "operator": "東日本旅客鉄道;東京地下鉄",
        "operator:en": "East Japan Railway Company;Tokyo Metro",
        "operator:ja": "東日本旅客鉄道;東京地下鉄",
        "operator:wikidata": "Q499071;Q682894",
        "platforms": "4",
        "public_transport": "station",
        "railway": "station",
        "ref": "JB07;JC06;T01",
        "source": "KSJ2",
        "station": "subway",
        "subway": "yes",
        "train": "yes",
        "wheelchair": "no",
        "wikidata": "Q801234",
        "wikipedia": "ja:中野駅 (東京都)"
      },
      "geometry": {
        "type": "Point",
        "coordinates": [
          139.665537,
          35.7058282
        ]
      },
      "id": "node/2559434134"
    },
    {
      "type": "Feature",
      "properties": {
        "@id": "node/2559434165",
        "name": "高田馬場",
        "name:en": "Takadanobaba",
        "name:es": "Takadanobaba",
        "name:fr": "Takadanobaba",
        "name:it": "Takadanobaba",
        "name:ja": "高田馬場",
        "name:ja-Hira": "たかだのばば",
        "name:ja-Latn": "Takadanobaba",
        "name:ko": "다카다노바바",
        "name:ru": "Такаданобаба",
        "name:th": "ทาคาดะโนะบาบะ",
        "network": "西武鉄道",
        "network:en": "Seibu Railway",
        "network:ja": "西武鉄道",
        "network:wikidata": "Q83543",
        "operator": "西武鉄道",
        "public_transport": "station",
        "railway": "station",
        "ref": "SS02",
        "source": "KSJ2",
        "source_ref": "http://nlftp.mlit.go.jp/ksj/jpgis/datalist/KsjTmplt-N02-v1_1.html",
        "toilets:wheelchair": "yes",
        "train": "yes",
        "wheelchair": "yes",
        "wikidata": "Q801506",
        "wikipedia": "ja:高田馬場駅"
      },
      "geometry": {
        "type": "Point",
        "coordinates": [
          139.7038744,
          35.7126401
        ]
      },
      "id": "node/2559434165"
    },
    {
      "type": "Feature",
      "properties": {
        "@id": "node/2574536692",
        "name": "九品仏",
        "name:en": "Kuhombutsu",
        "name:ja": "九品仏",
        "name:ja-Hira": "くほんぶつ",
        "name:ja-Latn": "Kuhombutsu",
        "name:ko": "구혼부쓰",
        "network": "東急電鉄",
        "network:en": "Tokyu Railways",
        "network:ja": "東急電鉄",
        "network:wikidata": "Q80229029",
        "note": "National-Land Numerical Information (Railway) 2007, MLIT Japan",
        "operator": "東急電鉄",
        "public_transport": "station",
        "railway": "station",
        "ref": "OM11",
        "source": "KSJ2",
        "source_ref": "http://nlftp.mlit.go.jp/ksj/jpgis/datalist/KsjTmplt-N02-v1_1.html",
        "train": "yes",
        "wikidata": "Q6442177",
        "wikipedia": "ja:九品仏駅"
      },
      "geometry": {
        "type": "Point",
        "coordinates": [
          139.6612181,
          35.6054056
        ]
      },
      "id": "node/2574536692"
    },
    {
      "type": "Feature",
      "properties": {
        "@id": "node/2574536696",
        "name": "等々力",
        "name:en": "Todoroki",
        "name:ja": "等々力",
        "name:ja-Hira": "とどろき",
        "name:ja-Latn": "Todoroki",
        "name:ko": "도도로키",
        "network": "東急電鉄",
        "network:en": "Tokyu Railways",
        "network:ja": "東急電鉄",
        "network:wikidata": "Q80229029",
        "operator": "東急電鉄",
        "public_transport": "station",
        "railway": "station",
        "ref": "OM13",
        "source": "KSJ2",
        "source_ref": "http://nlftp.mlit.go.jp/ksj/jpgis/datalist/KsjTmplt-N02-v1_1.html",
        "train": "yes",
        "wikidata": "Q7812857",
        "wikipedia": "ja:等々力駅"
      },
      "geometry": {
        "type": "Point",
        "coordinates": [
          139.6480235,
          35.608362
        ]
      },
      "id": "node/2574536696"
    },
    {
      "type": "Feature",
      "properties": {
        "@id": "node/2600954688",
        "name": "小竹向原",
        "name:en": "Kotake-mukaihara",
        "name:es": "Kotake-mukaihara",
        "name:ja": "小竹向原",
        "name:ja-Hira": "こたけむかいはら",
        "name:ja_rm": "Kotake-Mukaihara",
        "name:ko": "고타케무카이하라",
        "name:ru": "Котакэ Мукаихара",
        "operator": "西武鉄道;東京地下鉄",
        "public_transport": "station",
        "railway": "station",
        "ref": "Y06;F06;SI37",
        "station": "subway",
        "subway": "yes",
        "transport": "subway",
        "wheelchair": "yes",
        "wikidata": "Q93684",
        "wikimedia_commons": "Category:Kotake-mukaihara Station",
        "wikipedia": "ja:小竹向原駅"
      },
      "geometry": {
        "type": "Point",
        "coordinates": [
          139.6795267,
          35.7433734
        ]
      },
      "id": "node/2600954688"
    },
    {
      "type": "Feature",
      "properties": {
        "@id": "node/2613600680",
        "name": "西ケ原",
        "name:en": "Nishigahara",
        "name:es": "Nishigahara",
        "name:ja": "西ケ原",
        "name:ja-Hira": "にしがはら",
        "name:ja_rm": "Nishigahara",
        "name:ko": "니시가하라",
        "operator": "東京地下鉄",
        "public_transport": "station",
        "railway": "station",
        "ref": "N15",
        "station": "subway",
        "subway": "yes",
        "wikidata": "Q151561",
        "wikipedia": "ja:西ケ原駅"
      },
      "geometry": {
        "type": "Point",
        "coordinates": [
          139.7421722,
          35.7460496
        ]
      },
      "id": "node/2613600680"
    },
    {
      "type": "Feature",
      "properties": {
        "@id": "node/2632036488",
        "alt_name:ko": "아카도쇼갓코마에",
        "light_rail": "yes",
        "name": "赤土小学校前",
        "name:en": "Akado-shogakkomae",
        "name:es": "Akado-shogakkomae",
        "name:ja": "赤土小学校前",
        "name:ja-Hira": "あかどしょうがっこうまえ",
        "name:ja_rm": "Akado shōgakkō mae",
        "name:ko": "아카도소학교앞",
        "operator": "東京都交通局",
        "public_transport": "station",
        "railway": "station",
        "ref": "NT03",
        "station": "light_rail",
        "toilets:wheelchair": "yes",
        "wheelchair": "yes",
        "wikidata": "Q4700094",
        "wikipedia": "ja:赤土小学校前駅"
      },
      "geometry": {
        "type": "Point",
        "coordinates": [
          139.7690418,
          35.7428607
        ]
      },
      "id": "node/2632036488"
    },
    {
      "type": "Feature",
      "properties": {
        "@id": "node/2696334868",
        "name": "鬼子母神前",
        "name:en": "Kishibojimmae",
        "name:ja": "鬼子母神前",
        "name:ja-Hira": "きしぼじんまえ",
        "name:ja_rm": "Kishibojin mae",
        "name:ko": "기시보진마에",
        "network": "都電荒川線",
        "operator": "東京都交通局",
        "public_transport": "station",
        "railway": "station",
        "start_date": "1914-12-25",
        "tram": "yes",
        "wikidata": "Q6416581",
        "wikipedia": "ja:鬼子母神前停留場"
      },
      "geometry": {
        "type": "Point",
        "coordinates": [
          139.7148568,
          35.7202125
        ]
      },
      "id": "node/2696334868"
    },
    {
      "type": "Feature",
      "properties": {
        "@id": "node/2702380569",
        "name": "多摩川",
        "name:en": "Tamagawa",
        "name:ja": "多摩川",
        "name:ja-Hira": "たまがわ",
        "name:ja_rm": "Tamagawa",
        "name:ko": "다마가와",
        "operator": "東京急行電鉄",
        "public_transport": "station",
        "railway": "station",
        "ref": "TY09;MG09;TM01",
        "train": "yes",
        "wheelchair": "yes",
        "wikidata": "Q7680540",
        "wikipedia": "ja:多摩川駅"
      },
      "geometry": {
        "type": "Point",
        "coordinates": [
          139.6687943,
          35.5896908
        ]
      },
      "id": "node/2702380569"
    },
    {
      "type": "Feature",
      "properties": {
        "@id": "node/2714358960",
        "name": "新木場",
        "name:en": "Shin-kiba",
        "name:es": "Shin-kiba",
        "name:ja": "新木場",
        "name:ja-Hira": "しんきば",
        "name:ja_rm": "Shin-kiba",
        "name:ko": "신키바",
        "name:ru": "Син-Киба",
        "operator": "東京臨海高速鉄道",
        "public_transport": "station",
        "railway": "station",
        "ref": "R01",
        "station": "subway",
        "toilets:wheelchair": "yes",
        "wheelchair": "yes",
        "wikidata": "Q1376066",
        "wikipedia": "ja:新木場駅"
      },
      "geometry": {
        "type": "Point",
        "coordinates": [
          139.8272901,
          35.6461392
        ]
      },
      "id": "node/2714358960"
    },
    {
      "type": "Feature",
      "properties": {
        "@id": "node/2730655241",
        "name": "茅場町",
        "name:en": "Kayabacho",
        "name:es": "Kayabacho",
        "name:ja": "茅場町",
        "name:ja-Hira": "かやばちょう",
        "name:ja_rm": "Kayabachō",
        "name:ko": "가야바초",
        "name:ru": "Кайабатё",
        "operator": "東京地下鉄",
        "public_transport": "station",
        "railway": "station",
        "ref": "T11",
        "station": "subway",
        "subway": "yes",
        "transport": "subway",
        "wheelchair": "limited",
        "wikidata": "Q80566",
        "wikipedia": "ja:茅場町駅"
      },
      "geometry": {
        "type": "Point",
        "coordinates": [
          139.7794236,
          35.6802291
        ]
      },
      "id": "node/2730655241"
    },
    {
      "type": "Feature",
      "properties": {
        "@id": "node/2730694910",
        "name": "町屋二丁目",
        "name:en": "Machiya-nichome",
        "name:ja": "町屋二丁目",
        "name:ja-Hira": "まちやにちょうめ",
        "name:ja_rm": "Machiya nichōme",
        "name:ko": "마치야니초메",
        "operator": "東京都交通局",
        "public_transport": "station",
        "railway": "station",
        "ref": "SA07",
        "source": "Bing",
        "source_ref": "http://www.kotsu.metro.tokyo.jp/toden/map/",
        "tram": "yes",
        "wikidata": "Q11578231"
      },
      "geometry": {
        "type": "Point",
        "coordinates": [
          139.7767536,
          35.7437837
        ]
      },
      "id": "node/2730694910"
    },
    {
      "type": "Feature",
      "properties": {
        "@id": "node/2730694911",
        "name": "荒川七丁目",
        "name:en": "Arakawa-nanachome",
        "name:ja": "荒川七丁目",
        "name:ja-Hira": "あらかわななちょうめ",
        "name:ja_rm": "Arakawa nanachōme",
        "name:ko": "아라카와나나초메",
        "operator": "東京都交通局",
        "public_transport": "station",
        "railway": "station",
        "ref": "SA05",
        "source": "Bing",
        "source_ref": "http://www.kotsu.metro.tokyo.jp/toden/",
        "tram": "yes",
        "wikidata": "Q11618516"
      },
      "geometry": {
        "type": "Point",
        "coordinates": [
          139.7841403,
          35.741991
        ]
      },
      "id": "node/2730694911"
    },
    {
      "type": "Feature",
      "properties": {
        "@id": "node/2732305545",
        "contact:website": "https://www.odakyu.jp/station/setagaya_daita/",
        "name": "世田谷代田",
        "name:de": "Setagaya-Daita",
        "name:en": "Setagaya-Daita",
        "name:fr": "Setagaya-Daita",
        "name:ja": "世田谷代田",
        "name:ja-Hira": "せたがやだいた",
        "name:ja-Latn": "Setagaya-Daita",
        "name:ko": "세타가야다이타",
        "name:ru": "Сэтагая-Дайта",
        "network": "小田急電鉄",
        "network:en": "Odakyu Electric Railway",
        "network:ja": "小田急電鉄",
        "network:wikidata": "Q83584",
        "note": "National-Land Numerical Information (Railway) 2007, MLIT Japan",
        "operator": "小田急電鉄",
        "operator:en": "Odakyu Electric Railway",
        "operator:ja": "小田急電鉄",
        "operator:wikidata": "Q83584",
        "public_transport": "station",
        "railway": "station",
        "ref": "OH08",
        "source": "KSJ2",
        "source_ref": "http://nlftp.mlit.go.jp/ksj/jpgis/datalist/KsjTmplt-N02-v1_1.html",
        "train": "yes",
        "wheelchair": "yes",
        "wikidata": "Q4448445",
        "wikipedia": "ja:世田谷代田駅"
      },
      "geometry": {
        "type": "Point",
        "coordinates": [
          139.6615307,
          35.6582913
        ]
      },
      "id": "node/2732305545"
    },
    {
      "type": "Feature",
      "properties": {
        "@id": "node/2733671211",
        "name": "沼袋",
        "name:en": "Numabukuro",
        "name:ja": "沼袋",
        "name:ja-Hira": "ぬまぶくろ",
        "name:ja_rm": "Numabukuro",
        "name:ko": "누마부쿠로",
        "network": "西武鉄道",
        "network:en": "Seibu Railway",
        "network:ja": "西武鉄道",
        "network:wikidata": "Q83543",
        "operator": "西武鉄道",
        "public_transport": "station",
        "railway": "station",
        "ref": "SS06",
        "source": "KSJ2",
        "train": "yes",
        "wikidata": "Q843370",
        "wikipedia": "ja:沼袋駅"
      },
      "geometry": {
        "type": "Point",
        "coordinates": [
          139.6646063,
          35.7192687
        ]
      },
      "id": "node/2733671211"
    },
    {
      "type": "Feature",
      "properties": {
        "@id": "node/2758163097",
        "colour": "green",
        "name": "国会議事堂前",
        "name:en": "Kokkai-gijidomae",
        "name:es": "Kokkai-gijidomae",
        "name:ja": "国会議事堂前",
        "name:ja-Hira": "こっかいぎじどうまえ",
        "name:ja_rm": "Kokkai gijidō mae",
        "name:ru": "Коккай Гидзидомаэ",
        "network": "千代田線, 丸ノ内線, 銀座線, 南北線",
        "operator": "東京地下鉄",
        "public_transport": "stop_position",
        "railway": "stop",
        "ref": "C07",
        "station": "subway",
        "subway": "yes"
      },
      "geometry": {
        "type": "Point",
        "coordinates": [
          139.743424,
          35.6737567
        ]
      },
      "id": "node/2758163097"
    },
    {
      "type": "Feature",
      "properties": {
        "@id": "node/2773536829",
        "name": "八幡山",
        "name:en": "Hachimanyama",
        "name:ja": "八幡山",
        "name:ja-Hira": "はちまんやま",
        "name:ja_rm": "Hachimanyama",
        "name:ko": "하치만야마",
        "name:ru": "Хатиманъяма",
        "note": "National-Land Numerical Information (Railway) 2007, MLIT Japan",
        "operator": "京王電鉄",
        "public_transport": "station",
        "railway": "station",
        "ref": "KO10",
        "source": "KSJ2",
        "source_ref": "http://nlftp.mlit.go.jp/ksj/jpgis/datalist/KsjTmplt-N02-v1_1.html",
        "wikidata": "Q4496530",
        "wikipedia": "ja:八幡山駅"
      },
      "geometry": {
        "type": "Point",
        "coordinates": [
          139.6157094,
          35.6698828
        ]
      },
      "id": "node/2773536829"
    },
    {
      "type": "Feature",
      "properties": {
        "@id": "node/2822191201",
        "name": "四ツ谷",
        "name:en": "Yotsuya",
        "name:es": "Yotsuya",
        "name:ja": "四ツ谷",
        "name:ja_rm": "Yotsuya",
        "name:ko": "요츠야",
        "name:ru": "Ёцуя",
        "network": "ロ丸ノ内線",
        "operator": "東京地下鉄",
        "platforms": "2",
        "public_transport": "station",
        "railway": "station",
        "ref": "M12",
        "station": "subway",
        "subway": "yes"
      },
      "geometry": {
        "type": "Point",
        "coordinates": [
          139.7299237,
          35.6849915
        ]
      },
      "id": "node/2822191201"
    },
    {
      "type": "Feature",
      "properties": {
        "@id": "node/2926897392",
        "name": "大井町",
        "name:en": "Oimachi",
        "name:es": "Oimachi",
        "name:ja": "大井町",
        "name:ja-Hira": "おおいまち",
        "name:ja-Latn": "Ōimachi",
        "name:ko": "오이마치",
        "network": "東急電鉄",
        "network:en": "Tokyu Railways",
        "network:ja": "東急電鉄",
        "network:wikidata": "Q80229029",
        "note": "National-Land Numerical Information (Railway) 2007, MLIT Japan",
        "operator": "東急電鉄",
        "public_transport": "station",
        "railway": "station",
        "ref": "OM01",
        "source": "KSJ2",
        "source_ref": "http://nlftp.mlit.go.jp/ksj/jpgis/datalist/KsjTmplt-N02-v1_1.html",
        "train": "yes",
        "wheelchair": "yes",
        "wikidata": "Q801690",
        "wikipedia": "ja:大井町駅"
      },
      "geometry": {
        "type": "Point",
        "coordinates": [
          139.734319,
          35.6076529
        ]
      },
      "id": "node/2926897392"
    },
    {
      "type": "Feature",
      "properties": {
        "@id": "node/3349839243",
        "contact:website": "https://www.yurikamome.co.jp/station-timetable/u-10.html",
        "light_rail": "yes",
        "name": "青海",
        "name:en": "Aomi",
        "name:es": "Aomi",
        "name:it": "Aomi",
        "name:ja": "青海",
        "name:ja-Hira": "あおみ",
        "name:ja-Latn": "Aomi",
        "name:ko": "아오미",
        "name:ru": "Аоми",
        "name:zh": "青海",
        "operator": "ゆりかもめ",
        "public_transport": "station",
        "railway": "station",
        "ref": "U10",
        "station": "light_rail",
        "wikidata": "Q1042051",
        "wikipedia": "ja:青海駅 (東京都)"
      },
      "geometry": {
        "type": "Point",
        "coordinates": [
          139.7812328,
          35.6247166
        ]
      },
      "id": "node/3349839243"
    },
    {
      "type": "Feature",
      "properties": {
        "@id": "node/3349902307",
        "contact:website": "https://www.yurikamome.co.jp/station-timetable/u-07.html",
        "light_rail": "yes",
        "name": "台場",
        "name:en": "Daiba",
        "name:es": "Daiba",
        "name:ja": "台場",
        "name:ja-Hira": "だいば",
        "name:ja-Latn": "Daiba",
        "name:ko": "다이바",
        "name:ru": "Дайба",
        "operator": "ゆりかもめ",
        "public_transport": "station",
        "railway": "station",
        "ref": "U07",
        "station": "light_rail",
        "wheelchair": "yes",
        "wikidata": "Q906784",
        "wikipedia": "ja:台場駅"
      },
      "geometry": {
        "type": "Point",
        "coordinates": [
          139.7714067,
          35.6258854
        ]
      },
      "id": "node/3349902307"
    },
    {
      "type": "Feature",
      "properties": {
        "@id": "node/3349902308",
        "light_rail": "yes",
        "name": "東京国際クルーズターミナル",
        "name:en": "Tokyo International Cruise Terminal",
        "name:es": "Tokyo International Cruise Terminal",
        "name:ja": "東京国際クルーズターミナル",
        "name:ja-Hira": "とうきょうこくさいくるーずたーみなる",
        "name:ja-Latn": "Tōkyō kokusai kurūzu tāminaru",
        "name:ko": "도쿄국제크루즈터미널",
        "name:ru": "Токио Интернатионал Крюйсе терминал",
        "name:zh": "东京国际邮轮码头",
        "network": "ゆりかもめ東京臨海新交通臨海線",
        "old_name": "船の科学館",
        "old_name:en": "Fune-no-kagakukan",
        "old_name:es": "Fune-no-kagakukan",
        "old_name:ja": "船の科学館",
        "old_name:ja-Hira": "ふねのかがくかん",
        "old_name:ja-Latn": "Fune no kagakukan",
        "old_name:ko": "배의과학관",
        "operator": "ゆりかもめ",
        "public_transport": "station",
        "railway": "station",
        "ref": "U08",
        "station": "light_rail",
        "wikidata": "Q852902",
        "wikipedia": "ja:東京国際クルーズターミナル駅"
      },
      "geometry": {
        "type": "Point",
        "coordinates": [
          139.7730812,
          35.621401
        ]
      },
      "id": "node/3349902308"
    },
    {
      "type": "Feature",
      "properties": {
        "@id": "node/3349902309",
        "alt_name:ko": "오다이바카이힌코엔",
        "contact:website": "https://www.yurikamome.co.jp/station-timetable/u-06.html",
        "name": "お台場海浜公園",
        "name:en": "Odaiba-kaihinkoen",
        "name:es": "Odaiba-kaihinkoen",
        "name:ja": "お台場海浜公園",
        "name:ja-Hira": "おだいばかいひんこうえん",
        "name:ja-Latn": "Odaiba-kaihinkōen",
        "name:ko": "오다이바해변공원",
        "name:ru": "Одайба-кайхинкоэн",
        "name:zh-Hans": "台场海滨公园",
        "operator": "ゆりかもめ",
        "public_transport": "station",
        "railway": "station",
        "ref": "U06",
        "station": "light_rail",
        "wikidata": "Q858883",
        "wikipedia": "ja:お台場海浜公園駅"
      },
      "geometry": {
        "type": "Point",
        "coordinates": [
          139.7788045,
          35.6299058
        ]
      },
      "id": "node/3349902309"
    },
    {
      "type": "Feature",
      "properties": {
        "@id": "node/3349961077",
        "contact:website": "https://www.yurikamome.co.jp/station-timetable/u-12.html",
        "light_rail": "yes",
        "name": "有明",
        "name:en": "Ariake",
        "name:es": "Ariake",
        "name:ja": "有明",
        "name:ja-Hira": "ありあけ",
        "name:ja-Latn": "Ariake",
        "name:ko": "아리아케",
        "name:ru": "Ариакэ",
        "operator": "ゆりかもめ",
        "public_transport": "station",
        "railway": "station",
        "ref": "U12",
        "station": "light_rail",
        "wikidata": "Q17719",
        "wikipedia": "ja:有明駅 (東京都)"
      },
      "geometry": {
        "type": "Point",
        "coordinates": [
          139.7933259,
          35.6345339
        ]
      },
      "id": "node/3349961077"
    },
    {
      "type": "Feature",
      "properties": {
        "@id": "node/3349961078",
        "contact:website": "https://www.yurikamome.co.jp/station-timetable/u-13.html",
        "name": "有明テニスの森",
        "name:en": "Ariake-Tennis-no-mori",
        "name:es": "Ariake-Tennis-no-mori",
        "name:ja": "有明テニスの森",
        "name:ja-Hira": "ありあけてにすのもり",
        "name:ja_rm": "Ariake-tenisu-no-mori",
        "name:ko": "아리아케테니스노모리",
        "name:ru": "Ариакэ-Тэнису-но-мори",
        "name:zh": "有明网球之森",
        "name:zh-Hans": "有明网球之森",
        "name:zh-Hant": "有明網球之森",
        "operator": "ゆりかもめ",
        "public_transport": "station",
        "railway": "station",
        "ref": "U13",
        "station": "light_rail",
        "wheelchair": "yes",
        "wikidata": "Q373913",
        "wikipedia": "ja:有明テニスの森駅"
      },
      "geometry": {
        "type": "Point",
        "coordinates": [
          139.7887862,
          35.6401103
        ]
      },
      "id": "node/3349961078"
    },
    {
      "type": "Feature",
      "properties": {
        "@id": "node/3349961079",
        "contact:website": "https://www.yurikamome.co.jp/station-timetable/u-04.html",
        "light_rail": "yes",
        "name": "日の出",
        "name:en": "Hinode",
        "name:es": "Hinode",
        "name:ja": "日の出",
        "name:ja-Hira": "ひので",
        "name:ja-Latn": "Hinode",
        "name:ko": "히노데",
        "name:ru": "Хинодэ",
        "operator": "ゆりかもめ",
        "public_transport": "station",
        "railway": "station",
        "ref": "U04",
        "station": "light_rail",
        "wikidata": "Q5365974",
        "wikipedia": "ja:日の出駅"
      },
      "geometry": {
        "type": "Point",
        "coordinates": [
          139.759088,
          35.6491505
        ]
      },
      "id": "node/3349961079"
    },
    {
      "type": "Feature",
      "properties": {
        "@id": "node/3349961080",
        "contact:website": "https://www.yurikamome.co.jp/station-timetable/u-11.html",
        "light_rail": "yes",
        "name": "東京ビッグサイト",
        "name:en": "Tokyo Big Sight",
        "name:es": "Tokyo Big Sight",
        "name:ja": "東京ビッグサイト",
        "name:ja-Hira": "とうきょうびっぐさいと",
        "name:ja-Latn": "Tōkyō Biggu Saito",
        "name:ko": "도쿄빅사이트",
        "name:ru": "Токио Биг Сайт",
        "name:zh": "东京国际展览中心",
        "old_name": "国際展示場正門",
        "old_name:en": "Kokusai-tenjijo-seimon",
        "old_name:es": "Kokusai-tenjijo-seimon",
        "old_name:ja": "国際展示場正門",
        "old_name:ja-Hira": "こくさいてんじじょうせいもん",
        "old_name:ja-Latn": "Kokusai-tenjijō-seimon",
        "old_name:ko": "국제전시장정문",
        "operator": "ゆりかもめ",
        "public_transport": "station",
        "railway": "station",
        "ref": "U11",
        "station": "light_rail",
        "wikidata": "Q841620",
        "wikipedia": "ja:東京ビッグサイト駅"
      },
      "geometry": {
        "type": "Point",
        "coordinates": [
          139.7913707,
          35.6302189
        ]
      },
      "id": "node/3349961080"
    },
    {
      "type": "Feature",
      "properties": {
        "@id": "node/3349961081",
        "contact:website": "https://www.yurikamome.co.jp/station-timetable/u-05.html",
        "light_rail": "yes",
        "name": "芝浦ふ頭",
        "name:en": "Shibaura-futo",
        "name:es": "Shibaura-futo",
        "name:ja": "芝浦ふ頭",
        "name:ja-Hira": "しばうらふとう",
        "name:ja-Latn": "Shibaura-futō",
        "name:ko": "시바우라후토",
        "name:ru": "Сибаура-Футо",
        "operator": "ゆりかもめ",
        "public_transport": "station",
        "railway": "station",
        "ref": "U05",
        "station": "light_rail",
        "wikidata": "Q858865",
        "wikipedia": "ja:芝浦ふ頭駅"
      },
      "geometry": {
        "type": "Point",
        "coordinates": [
          139.7577715,
          35.6417259
        ]
      },
      "id": "node/3349961081"
    },
    {
      "type": "Feature",
      "properties": {
        "@id": "node/3349961082",
        "contact:website": "https://www.yurikamome.co.jp/station-timetable/u-14.html",
        "light_rail": "yes",
        "name": "市場前",
        "name:en": "Shijo-mae",
        "name:es": "Shijo-mae",
        "name:ja": "市場前",
        "name:ja-Hira": "しじょうまえ",
        "name:ja-Latn": "Shijō-mae",
        "name:ko": "시조마에",
        "name:ru": "Сидзё-маэ",
        "operator": "ゆりかもめ",
        "public_transport": "station",
        "railway": "station",
        "ref": "U14",
        "station": "light_rail",
        "wheelchair": "yes",
        "wikidata": "Q859054",
        "wikipedia": "ja:市場前駅"
      },
      "geometry": {
        "type": "Point",
        "coordinates": [
          139.785778,
          35.6457626
        ]
      },
      "id": "node/3349961082"
    },
    {
      "type": "Feature",
      "properties": {
        "@id": "node/3349961083",
        "contact:website": "https://www.yurikamome.co.jp/station-timetable/u-01.html",
        "light_rail": "yes",
        "name": "新橋",
        "name:en": "Shimbashi",
        "name:es": "Shimbashi",
        "name:fr": "Shimbashi",
        "name:ja": "新橋",
        "name:ja-Hira": "しんばし",
        "name:ja-Latn": "Shimbashi",
        "name:ko": "신바시",
        "name:ru": "Симбаси",
        "name:zh": "新橋",
        "name:zh-Hans": "新桥",
        "network": "ゆりかもめ東京臨海新交通臨海線",
        "operator": "ゆりかもめ",
        "operator:en": "Tokyo Waterfront New Transit Corporation",
        "public_transport": "station",
        "railway": "station",
        "ref": "U01",
        "station": "light_rail",
        "wheelchair": "yes",
        "wikidata": "Q801436",
        "wikipedia": "ja:新橋駅"
      },
      "geometry": {
        "type": "Point",
        "coordinates": [
          139.7598367,
          35.6653649
        ]
      },
      "id": "node/3349961083"
    },
    {
      "type": "Feature",
      "properties": {
        "@id": "node/3349961084",
        "contact:website": "https://www.yurikamome.co.jp/station-timetable/u-15.html",
        "light_rail": "yes",
        "name": "新豊洲",
        "name:en": "Shin-Toyosu",
        "name:es": "Shin-Toyosu",
        "name:ja": "新豊洲",
        "name:ja-Hira": "しんとよす",
        "name:ja-Latn": "Shin-Toyosu",
        "name:ko": "신토요스",
        "name:ru": "Син-Тоёсу",
        "operator": "ゆりかもめ",
        "public_transport": "station",
        "railway": "station",
        "ref": "U15",
        "station": "light_rail",
        "wheelchair": "yes",
        "wikidata": "Q766348",
        "wikipedia": "ja:新豊洲駅"
      },
      "geometry": {
        "type": "Point",
        "coordinates": [
          139.7901891,
          35.6487492
        ]
      },
      "id": "node/3349961084"
    },
    {
      "type": "Feature",
      "properties": {
        "@id": "node/3349961085",
        "contact:website": "https://www.yurikamome.co.jp/station-timetable/u-02.html",
        "light_rail": "yes",
        "monorail": "yes",
        "name": "汐留",
        "name:en": "Shiodome",
        "name:es": "Shiodome",
        "name:ja": "汐留",
        "name:ja-Hira": "しおどめ",
        "name:ja-Latn": "Shiodome",
        "name:ko": "시오도메",
        "name:ru": "Сиодомэ",
        "network": "ゆりかもめ東京臨海新交通臨海線",
        "operator": "ゆりかもめ",
        "public_transport": "station",
        "railway": "station",
        "ref": "U02",
        "wikidata": "Q1063299",
        "wikipedia": "ja:汐留駅"
      },
      "geometry": {
        "type": "Point",
        "coordinates": [
          139.7599809,
          35.6629205
        ]
      },
      "id": "node/3349961085"
    },
    {
      "type": "Feature",
      "properties": {
        "@id": "node/3349961086",
        "contact:website": "https://www.yurikamome.co.jp/station-timetable/u-03.html",
        "light_rail": "yes",
        "name": "竹芝",
        "name:en": "Takeshiba",
        "name:es": "Takeshiba",
        "name:fr": "Takeshiba",
        "name:ja": "竹芝",
        "name:ja-Hira": "たけしば",
        "name:ja-Latn": "Takeshiba",
        "name:ko": "다케시바",
        "name:ru": "Такэсиба",
        "operator": "ゆりかもめ",
        "public_transport": "station",
        "railway": "station",
        "ref": "U03",
        "station": "light_rail",
        "wikidata": "Q858876",
        "wikipedia": "ja:竹芝駅"
      },
      "geometry": {
        "type": "Point",
        "coordinates": [
          139.7619159,
          35.6539872
        ]
      },
      "id": "node/3349961086"
    },
    {
      "type": "Feature",
      "properties": {
        "@id": "node/3349961087",
        "contact:website": "https://www.yurikamome.co.jp/station-timetable/u-09.html",
        "light_rail": "yes",
        "name": "テレコムセンター",
        "name:en": "Telecom Center",
        "name:es": "Telecom Center",
        "name:ja": "テレコムセンター",
        "name:ja-Hira": "てれこむせんたー",
        "name:ja-Latn": "Terekomu-sentā",
        "name:ko": "텔레컴센터",
        "name:ru": "Телеком Центр",
        "name:zh": "远程通信中心",
        "name:zh-Hans": "远程通信中心",
        "name:zh-Hant": "遠程通信中心",
        "operator": "ゆりかもめ",
        "public_transport": "station",
        "railway": "station",
        "ref": "U09",
        "station": "light_rail",
        "wheelchair": "limited",
        "wikidata": "Q859177",
        "wikipedia": "ja:テレコムセンター駅"
      },
      "geometry": {
        "type": "Point",
        "coordinates": [
          139.7794432,
          35.6175666
        ]
      },
      "id": "node/3349961087"
    },
    {
      "type": "Feature",
      "properties": {
        "@id": "node/3349961088",
        "contact:website": "https://www.yurikamome.co.jp/station-timetable/u-16.html",
        "internet_access": "terminal",
        "light_rail": "yes",
        "name": "豊洲",
        "name:en": "Toyosu",
        "name:es": "Toyosu",
        "name:ja": "豊洲",
        "name:ja-Hira": "とよす",
        "name:ja-Latn": "Toyosu",
        "name:ko": "도요스",
        "name:ru": "Тоёсу",
        "operator": "ゆりかもめ",
        "public_transport": "station",
        "railway": "station",
        "ref": "U16",
        "station": "light_rail",
        "wheelchair": "yes",
        "wikidata": "Q1141968",
        "wikipedia": "ja:豊洲駅"
      },
      "geometry": {
        "type": "Point",
        "coordinates": [
          139.7954311,
          35.6537476
        ]
      },
      "id": "node/3349961088"
    },
    {
      "type": "Feature",
      "properties": {
        "@id": "node/3558446593",
        "name": "大師前",
        "name:en": "Daishimae",
        "name:ja": "大師前",
        "name:ja-Hira": "だいしまえ",
        "name:ja_rm": "Daishimae",
        "name:ko": "다이시마에",
        "network": "東武鉄道",
        "network:en": "Tobu Railway",
        "network:ja": "東武鉄道",
        "network:wikidata": "Q1321914",
        "note": "National-Land Numerical Information (Railway) 2007, MLIT Japan",
        "operator": "東武鉄道",
        "public_transport": "station",
        "railway": "station",
        "ref": "TS51",
        "source": "KSJ2",
        "source_ref": "http://nlftp.mlit.go.jp/ksj/jpgis/datalist/KsjTmplt-N02-v1_1.html",
        "train": "yes",
        "wikidata": "Q5209614",
        "wikipedia": "ja:大師前駅"
      },
      "geometry": {
        "type": "Point",
        "coordinates": [
          139.7814629,
          35.7788753
        ]
      },
      "id": "node/3558446593"
    },
    {
      "type": "Feature",
      "properties": {
        "@id": "node/3558446594",
        "name": "西新井",
        "name:en": "Nishiarai",
        "name:ja": "西新井",
        "name:ja-Hira": "にしあらい",
        "name:ja_rm": "Nishiarai",
        "name:ko": "니시아라이",
        "network": "東武鉄道",
        "network:en": "Tobu Railway",
        "network:ja": "東武鉄道",
        "network:wikidata": "Q1321914",
        "note": "National-Land Numerical Information (Railway) 2007, MLIT Japan",
        "operator": "東武鉄道",
        "public_transport": "station",
        "railway": "station",
        "ref": "TS13",
        "source": "KSJ2",
        "source_ref": "http://nlftp.mlit.go.jp/ksj/jpgis/datalist/KsjTmplt-N02-v1_1.html",
        "train": "yes",
        "wikidata": "Q841838",
        "wikipedia": "ja:西新井駅"
      },
      "geometry": {
        "type": "Point",
        "coordinates": [
          139.790321,
          35.777253
        ]
      },
      "id": "node/3558446594"
    },
    {
      "type": "Feature",
      "properties": {
        "@id": "node/3558471784",
        "name": "東あずま",
        "name:en": "Higashi-azuma",
        "name:ja": "東あずま",
        "name:ja-Hira": "ひがしあずま",
        "name:ja_rm": "Higashi Azuma",
        "name:ko": "히가시아즈마",
        "name:zh": "东吾嬬",
        "name:zh-Hans": "东吾嬬",
        "name:zh-Hant": "東吾嬬",
        "network": "東武鉄道",
        "network:en": "Tobu Railway",
        "network:ja": "東武鉄道",
        "network:wikidata": "Q1321914",
        "operator": "東武鉄道",
        "public_transport": "station",
        "railway": "station",
        "ref": "TS42",
        "train": "yes",
        "wikidata": "Q11523777",
        "wikipedia": "ja:東あずま駅"
      },
      "geometry": {
        "type": "Point",
        "coordinates": [
          139.8318081,
          35.7070693
        ]
      },
      "id": "node/3558471784"
    },
    {
      "type": "Feature",
      "properties": {
        "@id": "node/3558471786",
        "name": "曳舟",
        "name:en": "Hikifune",
        "name:es": "Hikifune",
        "name:ja": "曳舟",
        "name:ja-Hira": "ひきふね",
        "name:ja_rm": "Hikifune",
        "name:ko": "히키후네",
        "name:ru": "Хикифуне",
        "network": "東武鉄道",
        "network:en": "Tobu Railway",
        "network:ja": "東武鉄道",
        "network:wikidata": "Q1321914",
        "note": "National-Land Numerical Information (Railway) 2007, MLIT Japan",
        "operator": "東武鉄道",
        "public_transport": "station",
        "railway": "station",
        "ref": "TS04",
        "source": "KSJ2",
        "source_ref": "http://nlftp.mlit.go.jp/ksj/jpgis/datalist/KsjTmplt-N02-v1_1.html",
        "train": "yes",
        "url": "http://www.tobu.co.jp/station/info/1104.html",
        "wikidata": "Q842038",
        "wikipedia": "ja:曳舟駅"
      },
      "geometry": {
        "type": "Point",
        "coordinates": [
          139.8167501,
          35.7183056
        ]
      },
      "id": "node/3558471786"
    },
    {
      "type": "Feature",
      "properties": {
        "@id": "node/3558471790",
        "name": "亀戸水神",
        "name:en": "Kameidosuijin",
        "name:ja": "亀戸水神",
        "name:ja-Hira": "かめいどすいじん",
        "name:ja-Latn": "Kameido Suijin",
        "name:ko": "가메이도스이진",
        "operator": "東武鉄道",
        "public_transport": "station",
        "railway": "station",
        "ref": "TS43",
        "wikidata": "Q6356576",
        "wikipedia": "ja:亀戸水神駅"
      },
      "geometry": {
        "type": "Point",
        "coordinates": [
          139.8335333,
          35.7000853
        ]
      },
      "id": "node/3558471790"
    },
    {
      "type": "Feature",
      "properties": {
        "@id": "node/3558471792",
        "name": "小村井",
        "name:en": "Omurai",
        "name:ja": "小村井",
        "name:ja-Hira": "おむらい",
        "name:ja_rm": "Omurai",
        "name:ko": "오무라이",
        "network": "東武鉄道",
        "network:en": "Tobu Railway",
        "network:ja": "東武鉄道",
        "network:wikidata": "Q1321914",
        "operator": "東武鉄道",
        "public_transport": "station",
        "railway": "station",
        "ref": "TS41",
        "train": "yes",
        "wikidata": "Q7090805",
        "wikipedia": "ja:小村井駅"
      },
      "geometry": {
        "type": "Point",
        "coordinates": [
          139.8277754,
          35.7102802
        ]
      },
      "id": "node/3558471792"
    },
    {
      "type": "Feature",
      "properties": {
        "@id": "node/3613410677",
        "contact:website": "https://www.odakyu.jp/station/sangubashi/",
        "name": "参宮橋",
        "name:de": "Sangubashi",
        "name:en": "Sangubashi",
        "name:fr": "Sangūbashi",
        "name:ja": "参宮橋",
        "name:ja-Hira": "さんぐうばし",
        "name:ja-Latn": "Sangūbashi",
        "name:ko": "산구바시",
        "name:ru": "Сангубаси",
        "name:zh": "參宮橋站",
        "network": "小田急電鉄",
        "network:en": "Odakyu Electric Railway",
        "network:ja": "小田急電鉄",
        "network:wikidata": "Q83584",
        "operator": "小田急電鉄",
        "operator:en": "Odakyu Electric Railway",
        "operator:ja": "小田急電鉄",
        "operator:wikidata": "Q83584",
        "public_transport": "station",
        "railway": "station",
        "ref": "OH03",
        "source": "KSJ2",
        "source_ref": "http://nlftp.mlit.go.jp/ksj/jpgis/datalist/KsjTmplt-N02-v1_1.html",
        "train": "yes",
        "wikidata": "Q1010020",
        "wikipedia": "ja:参宮橋駅"
      },
      "geometry": {
        "type": "Point",
        "coordinates": [
          139.6936737,
          35.6787414
        ]
      },
      "id": "node/3613410677"
    },
    {
      "type": "Feature",
      "properties": {
        "@id": "node/3623712582",
        "alt_name:en": "Shimokitazawa",
        "name": "下北沢",
        "name:de": "Shimo-Kitazawa",
        "name:en": "Shimo-Kitazawa",
        "name:es": "Shimo-Kitazawa",
        "name:fr": "Shimo-Kitazawa",
        "name:ja-Hira": "しもきたざわ",
        "name:ja-Latn": "Shimo-Kitazawa",
        "name:ko": "시모키타자와",
        "name:ru": "Симо-Китадзава",
        "name:zh-Hans": "下北泽",
        "note": "National-Land Numerical Information (Railway) 2007, MLIT Japan",
        "operator": "京王電鉄",
        "operator:ja": "京王電鉄",
        "public_transport": "station",
        "railway": "station",
        "ref": "IN05",
        "source_ref": "http://nlftp.mlit.go.jp/ksj/jpgis/datalist/KsjTmplt-N02-v1_1.html",
        "wheelchair": "yes",
        "wikidata": "Q1059947",
        "wikimedia_commons": "Category:Shimo-Kitazawa Station",
        "wikipedia": "ja:下北沢駅"
      },
      "geometry": {
        "type": "Point",
        "coordinates": [
          139.6670604,
          35.6615657
        ]
      },
      "id": "node/3623712582"
    },
    {
      "type": "Feature",
      "properties": {
        "@id": "node/3623712584",
        "name": "明大前",
        "name:en": "Meidaimae",
        "name:ja": "明大前",
        "name:ja-Hira": "めいだいまえ",
        "name:ja_rm": "Meidai Mae",
        "name:ko": "메이다이마에",
        "name:ru": "Мэйдаймаэ",
        "note": "National-Land Numerical Information (Railway) 2007, MLIT Japan",
        "operator": "京王電鉄",
        "operator:ja": "京王電鉄",
        "public_transport": "station",
        "railway": "station",
        "ref": "KO06;IN08",
        "source": "KSJ2",
        "source_ref": "http://nlftp.mlit.go.jp/ksj/jpgis/datalist/KsjTmplt-N02-v1_1.html",
        "wheelchair": "yes",
        "wikidata": "Q906793",
        "wikipedia": "ja:明大前駅"
      },
      "geometry": {
        "type": "Point",
        "coordinates": [
          139.6504275,
          35.6684337
        ]
      },
      "id": "node/3623712584"
    },
    {
      "type": "Feature",
      "properties": {
        "@id": "node/3623713008",
        "name": "渋谷",
        "name:en": "Shibuya",
        "name:es": "Shibuya",
        "name:fr": "Shibuya",
        "name:ja": "渋谷",
        "name:ja-Hira": "しぶや",
        "name:ja_rm": "Shibuya",
        "name:ko": "시부야",
        "name:ru": "Сибуя",
        "note": "National-Land Numerical Information (Railway) 2007, MLIT Japan",
        "operator": "京王電鉄",
        "operator:en": "Keiō railway",
        "operator:ja": "京王電鉄",
        "public_transport": "station",
        "railway": "station",
        "ref": "IN01",
        "source": "KSJ2",
        "source_ref": "http://nlftp.mlit.go.jp/ksj/jpgis/datalist/KsjTmplt-N02-v1_1.html",
        "wheelchair": "yes",
        "wikidata": "Q428811",
        "wikipedia": "ja:渋谷駅"
      },
      "geometry": {
        "type": "Point",
        "coordinates": [
          139.6991599,
          35.6585367
        ]
      },
      "id": "node/3623713008"
    },
    {
      "type": "Feature",
      "properties": {
        "@id": "node/3624969353",
        "name": "中村橋",
        "name:en": "Nakamurabashi",
        "name:ja": "中村橋",
        "name:ja-Hira": "なかむらばし",
        "name:ja_rm": "Nakamurabashi",
        "name:ko": "나카무라바시",
        "network": "西武鉄道",
        "network:en": "Seibu Railway",
        "network:ja": "西武鉄道",
        "network:wikidata": "Q83543",
        "note": "National-Land Numerical Information (Railway) 2007, MLIT Japan",
        "operator": "西武鉄道",
        "public_transport": "station",
        "railway": "station",
        "ref": "SI07",
        "source": "KSJ2",
        "source_ref": "http://nlftp.mlit.go.jp/ksj/jpgis/datalist/KsjTmplt-N02-v1_1.html",
        "train": "yes",
        "wikidata": "Q6960255",
        "wikipedia": "ja:中村橋駅"
      },
      "geometry": {
        "type": "Point",
        "coordinates": [
          139.6378105,
          35.7368176
        ]
      },
      "id": "node/3624969353"
    },
    {
      "type": "Feature",
      "properties": {
        "@id": "node/3625262338",
        "addr:city": "練馬区",
        "addr:province": "東京都",
        "name": "練馬",
        "name:en": "Nerima",
        "name:ja": "練馬",
        "name:ja_rm": "Nerima",
        "name:ko": "네리마",
        "network": "西武鉄道",
        "network:en": "Seibu Railway",
        "network:ja": "西武鉄道",
        "network:wikidata": "Q83543",
        "operator": "西武鉄道",
        "public_transport": "station",
        "railway": "station",
        "ref": "SI06",
        "train": "yes",
        "wheelchair": "yes",
        "wikidata": "Q906953",
        "wikipedia": "ja:練馬駅"
      },
      "geometry": {
        "type": "Point",
        "coordinates": [
          139.6540818,
          35.737877
        ]
      },
      "id": "node/3625262338"
    },
    {
      "type": "Feature",
      "properties": {
        "@id": "node/3625412826",
        "name": "東長崎",
        "name:en": "Higashi-Nagasaki",
        "name:ja": "東長崎",
        "name:ja-Hira": "ひがしながさき",
        "name:ja_rm": "Higashi Nagasaki",
        "name:ko": "히가시나가사키",
        "network": "西武鉄道",
        "network:en": "Seibu Railway",
        "network:ja": "西武鉄道",
        "network:wikidata": "Q83543",
        "operator": "西武鉄道",
        "platforms": "2",
        "public_transport": "station",
        "railway": "station",
        "ref": "SI03",
        "train": "yes",
        "wheelchair": "yes",
        "wikidata": "Q843275",
        "wikipedia": "ja:東長崎駅"
      },
      "geometry": {
        "type": "Point",
        "coordinates": [
          139.6828643,
          35.7302608
        ]
      },
      "id": "node/3625412826"
    },
    {
      "type": "Feature",
      "properties": {
        "@id": "node/3656055989",
        "name": "西早稲田",
        "name:en": "Nishi-waseda",
        "name:es": "Nishi-waseda",
        "name:ja": "西早稲田",
        "name:ja-Hira": "にしわせだ",
        "name:ja_rm": "Nishi Waseda",
        "name:ko": "니시와세다",
        "name:ru": "Ниси-Васэда",
        "operator": "東京地下鉄",
        "platforms": "2",
        "public_transport": "stop_position",
        "railway": "stop",
        "ref": "F11",
        "station": "subway",
        "subway": "yes",
        "wikidata": "Q128305",
        "wikipedia": "ja:西早稲田駅"
      },
      "geometry": {
        "type": "Point",
        "coordinates": [
          139.7090109,
          35.707926
        ]
      },
      "id": "node/3656055989"
    },
    {
      "type": "Feature",
      "properties": {
        "@id": "node/3656056035",
        "name": "代官山",
        "name:en": "Daikan-yama",
        "name:es": "Daikan-yama",
        "name:fr": "Daikanyama",
        "name:ja": "代官山",
        "name:ja-Hira": "だいかんやま",
        "name:ja_rm": "Daikan yama",
        "name:ko": "다이칸야마",
        "name:zh": "代官山",
        "operator": "東京急行電鉄",
        "railway": "station",
        "ref": "TY02",
        "station": "subway",
        "toilets:wheelchair": "yes",
        "wheelchair": "yes",
        "wikidata": "Q852326",
        "wikipedia": "ja:代官山駅"
      },
      "geometry": {
        "type": "Point",
        "coordinates": [
          139.703293,
          35.648157
        ]
      },
      "id": "node/3656056035"
    },
    {
      "type": "Feature",
      "properties": {
        "@id": "node/3656464152",
        "colour": "green",
        "name": "綾瀬",
        "name:en": "Ayase",
        "name:es": "Ayase",
        "name:ja": "綾瀬",
        "name:ja-Hira": "あやせ",
        "name:ja_rm": "Ayase",
        "name:ko": "아야세",
        "name:ru": "Аясэ",
        "operator": "東京地下鉄",
        "platforms": "5",
        "public_transport": "station",
        "railway": "station",
        "ref": "C19",
        "station": "subway",
        "subway": "yes",
        "transport": "subway",
        "wheelchair": "yes",
        "wikidata": "Q390691",
        "wikipedia": "ja:綾瀬駅"
      },
      "geometry": {
        "type": "Point",
        "coordinates": [
          139.8248669,
          35.7621283
        ]
      },
      "id": "node/3656464152"
    },
    {
      "type": "Feature",
      "properties": {
        "@id": "node/3666779220",
        "alt_name": "東武 浅草駅",
        "name": "浅草",
        "name:en": "Asakusa",
        "name:es": "Asakusa",
        "name:ja": "浅草",
        "name:ja-Hira": "あさくさ",
        "name:ja_rm": "Asakusa",
        "name:ko": "아사쿠사",
        "name:ru": "Асакуса",
        "name:yue": "淺草",
        "name:zh": "浅草",
        "network": "東武鉄道",
        "network:en": "Tobu Railway",
        "network:ja": "東武鉄道",
        "network:wikidata": "Q1321914",
        "note": "National-Land Numerical Information (Railway) 2007, MLIT Japan",
        "operator": "東武鉄道",
        "public_transport": "station",
        "railway": "station",
        "ref": "TS01",
        "source": "KSJ2",
        "source_ref": "http://nlftp.mlit.go.jp/ksj/jpgis/datalist/KsjTmplt-N02-v1_1.html",
        "train": "yes",
        "wikidata": "Q800405",
        "wikipedia": "ja:浅草駅"
      },
      "geometry": {
        "type": "Point",
        "coordinates": [
          139.7983683,
          35.7119514
        ]
      },
      "id": "node/3666779220"
    },
    {
      "type": "Feature",
      "properties": {
        "@id": "node/3666779222",
        "name": "とうきょうスカイツリー",
        "name:en": "TOKYO SKYTREE",
        "name:fr": "Tokyo Skytree",
        "name:ja-Hira": "とうきょうスカイツリー",
        "name:ja-Latn": "Tōkyō Sukaitsurī",
        "name:ko": "도쿄 스카이트리",
        "name:ru": "Токио Скай-три",
        "name:zh": "东京晴空塔",
        "note": "National-Land Numerical Information (Railway) 2007, MLIT Japan",
        "old_name": "業平橋",
        "old_name:en": "Narihirabashi",
        "old_name:fr": "Pont de Narihira",
        "old_name:ja-Hira": "なりひらばし",
        "old_name:ja-Latn": "Narihirabashi",
        "operator": "東武鉄道",
        "public_transport": "station",
        "railway": "station",
        "ref": "TS02",
        "source": "KSJ2",
        "source_ref": "http://nlftp.mlit.go.jp/ksj/jpgis/datalist/KsjTmplt-N02-v1_1.html",
        "start_date": "1902-04-01",
        "wikidata": "Q900250",
        "wikimedia_commons": "Category:Tokyo Skytree Station",
        "wikipedia": "ja:とうきょうスカイツリー駅"
      },
      "geometry": {
        "type": "Point",
        "coordinates": [
          139.8110139,
          35.7106916
        ]
      },
      "id": "node/3666779222"
    },
    {
      "type": "Feature",
      "properties": {
        "@id": "node/3666792383",
        "alt_name": "押上〈スカイツリー前〉",
        "alt_name:en": "Oshiage ‘SKYTREE’",
        "alt_name:ja": "押上〈スカイツリー前〉",
        "name": "押上〈スカイツリー前〉",
        "name:en": "Oshiage 'SKYTREE'",
        "name:es": "Oshiage 'SKYTREE'",
        "name:ja-Hira": "おしあげ〈スカイツリーまえ〉",
        "name:ja_rm": "Oshiage",
        "name:ko": "오시아게(스카이트리)",
        "name:ru": "Осиагэ (Скай-три)",
        "note": "National-Land Numerical Information (Railway) 2007, MLIT Japan",
        "operator": "京成電鉄;東京都交通局",
        "operator:en": "Keisei Electric Railway;Tokyo Metro",
        "public_transport": "station",
        "railway": "station",
        "ref": "KS45;A20;Z14",
        "source": "KSJ2",
        "source_ref": "http://nlftp.mlit.go.jp/ksj/jpgis/datalist/KsjTmplt-N02-v1_1.html",
        "station": "subway",
        "subway": "yes",
        "train": "yes",
        "wheelchair": "yes",
        "wikidata": "Q80545",
        "wikipedia": "ja:押上駅"
      },
      "geometry": {
        "type": "Point",
        "coordinates": [
          139.8132943,
          35.7102863
        ]
      },
      "id": "node/3666792383"
    },
    {
      "type": "Feature",
      "properties": {
        "@id": "node/3668999960",
        "alt_name:en": "Meiji-jingumae;Harajuku",
        "alt_name:es": "Meiji-jingumae;Harajuku",
        "alt_name:ja": "明治神宮前;原宿",
        "alt_name:ja-Hira": "めいじじんぐうまえ;はらじゅく",
        "colour": "green",
        "name": "明治神宮前〈原宿〉",
        "name:en": "Meiji-jingumae 'Harajuku'",
        "name:es": "Meiji-jingumae 'Harajuku'",
        "name:fr": "Meiji-jingumae 'Harajuku'",
        "name:ja-Hira": "めいじじんぐうまえ〈はらじゅく〉",
        "name:ja_rm": "Meiji jingūmae Harajuku",
        "name:ko": "메이지진구마에(하라주쿠)",
        "name:ru": "Мэйдзи Дзингумаэ (Харадзюку)",
        "network": "千代田線",
        "operator": "東京地下鉄",
        "public_transport": "station",
        "railway": "station",
        "ref": "C03",
        "source": "Survey",
        "station": "subway",
        "subway": "yes",
        "wheelchair": "yes",
        "wikidata": "Q80429",
        "wikipedia": "ja:明治神宮前駅"
      },
      "geometry": {
        "type": "Point",
        "coordinates": [
          139.7043604,
          35.6689704
        ]
      },
      "id": "node/3668999960"
    },
    {
      "type": "Feature",
      "properties": {
        "@id": "node/3730686212",
        "name": "豊島園",
        "name:en": "Toshimaen",
        "name:ja": "豊島園",
        "name:ja-Hira": "としまえん",
        "name:ja_rm": "Toshimaen",
        "name:ko": "도시마엔",
        "operator": "西武鉄道",
        "public_transport": "station",
        "railway": "station",
        "ref": "SI39",
        "train": "yes",
        "wheelchair": "yes",
        "wikidata": "Q906947",
        "wikipedia": "ja:豊島園駅"
      },
      "geometry": {
        "type": "Point",
        "coordinates": [
          139.6479768,
          35.7424193
        ]
      },
      "id": "node/3730686212"
    },
    {
      "type": "Feature",
      "properties": {
        "@id": "node/3730703333",
        "name": "桜台",
        "name:en": "Sakuradai",
        "name:ja": "桜台",
        "name:ja-Hira": "さくらだい",
        "name:ja_rm": "Sakuradai",
        "name:ko": "사쿠라다이",
        "network": "西武鉄道",
        "network:en": "Seibu Railway",
        "network:ja": "西武鉄道",
        "network:wikidata": "Q83543",
        "operator": "西武鉄道",
        "public_transport": "station",
        "railway": "station",
        "ref": "SI05",
        "train": "yes",
        "wheelchair": "yes",
        "wikidata": "Q843041",
        "wikipedia": "ja:桜台駅 (東京都)"
      },
      "geometry": {
        "type": "Point",
        "coordinates": [
          139.6623844,
          35.7387537
        ]
      },
      "id": "node/3730703333"
    },
    {
      "type": "Feature",
      "properties": {
        "@id": "node/4406782069",
        "monorail": "yes",
        "name": "天空橋",
        "name:en": "Tenkubashi",
        "name:es": "Tenkubashi",
        "name:fr": "Tenkubashi",
        "name:ja": "天空橋",
        "name:ko": "덴쿠바시",
        "operator": "東京モノレール",
        "public_transport": "station",
        "railway": "station",
        "ref": "MO07",
        "wikidata": "Q5367248",
        "wikipedia": "en:Tenkūbashi Station"
      },
      "geometry": {
        "type": "Point",
        "coordinates": [
          139.7543773,
          35.5489693
        ]
      },
      "id": "node/4406782069"
    },
    {
      "type": "Feature",
      "properties": {
        "@id": "node/4406782070",
        "contact:website": "https://www.tokyo-monorail.co.jp/guidance/seibijyo/",
        "monorail": "yes",
        "name": "整備場",
        "name:en": "Seibijo",
        "name:es": "Seibijo",
        "name:fr": "Seibijo",
        "name:ja": "整備場",
        "name:ja-Hira": "せいびじょう",
        "name:ja-Latn": "Seibijō",
        "name:ko": "세이비조",
        "operator": "東京モノレール",
        "platforms": "2",
        "public_transport": "station",
        "railway": "station",
        "ref": "MO06",
        "wikidata": "Q7446588",
        "wikipedia": "ja:整備場駅"
      },
      "geometry": {
        "type": "Point",
        "coordinates": [
          139.7536818,
          35.5552802
        ]
      },
      "id": "node/4406782070"
    },
    {
      "type": "Feature",
      "properties": {
        "@id": "node/4406782071",
        "contact:website": "https://www.tokyo-monorail.co.jp/guidance/syowajima/",
        "monorail": "yes",
        "name": "昭和島",
        "name:en": "Showajima",
        "name:es": "Showajima",
        "name:fr": "Showajima",
        "name:ja": "昭和島",
        "name:ko": "쇼와지마",
        "operator": "東京モノレール",
        "public_transport": "station",
        "railway": "station",
        "ref": "MO05",
        "wheelchair": "yes",
        "wikidata": "Q5368842"
      },
      "geometry": {
        "type": "Point",
        "coordinates": [
          139.750008,
          35.5708971
        ]
      },
      "id": "node/4406782071"
    },
    {
      "type": "Feature",
      "properties": {
        "@id": "node/4406782073",
        "contact:website": "https://www.tokyo-monorail.co.jp/guidance/ryutsucenter/",
        "monorail": "yes",
        "name": "流通センター",
        "name:en": "Ryutsu Center",
        "name:es": "Ryutsu Center",
        "name:fr": "Ryutsu Center",
        "name:ja": "流通センター",
        "name:ko": "류쓰센터",
        "operator": "東京モノレール",
        "public_transport": "station",
        "railway": "station",
        "ref": "MO04",
        "wikidata": "Q5367298",
        "wikipedia": "ja:流通センター駅流通センター"
      },
      "geometry": {
        "type": "Point",
        "coordinates": [
          139.7491265,
          35.5816815
        ]
      },
      "id": "node/4406782073"
    },
    {
      "type": "Feature",
      "properties": {
        "@id": "node/4406782074",
        "alt_name:ko": "오이케이바조마에",
        "contact:website": "https://www.tokyo-monorail.co.jp/guidance/ooikeiba/",
        "monorail": "yes",
        "name": "大井競馬場前",
        "name:en": "Oikeibajo-Mae",
        "name:es": "Oikeibajo-Mae",
        "name:fr": "Oikeibajo-Mae",
        "name:ja": "大井競馬場前",
        "name:ja-Hira": "おおいけいばじょうまえ",
        "name:ja-Latn": "Ōi keibajō mae",
        "name:ko": "오이경마장앞",
        "name:ru": "Ои-Кэйбадзёмаэ",
        "operator": "東京モノレール",
        "platforms": "2",
        "public_transport": "station",
        "railway": "station",
        "ref": "MO03",
        "wheelchair": "yes",
        "wikidata": "Q5367547",
        "wikipedia": "ja:大井競馬場前駅天王洲アイル駅"
      },
      "geometry": {
        "type": "Point",
        "coordinates": [
          139.7470566,
          35.5951297
        ]
      },
      "id": "node/4406782074"
    },
    {
      "type": "Feature",
      "properties": {
        "@id": "node/4406782075",
        "layer": "3",
        "monorail": "yes",
        "name": "天王洲アイル",
        "name:en": "Tennozu Isle",
        "name:es": "Tennozu Isle",
        "name:fr": "Tennozu Isle",
        "name:ja": "天王洲アイル",
        "name:ja-Hira": "てんのうずあいる",
        "name:ja-Latn": "Tennōzu airu",
        "name:ko": "덴노즈아일",
        "name:ru": "Тэннодзу Айл",
        "network": "東京モノレール",
        "operator": "東京モノレール",
        "platforms": "2",
        "public_transport": "station",
        "railway": "station",
        "ref": "MO02",
        "wheelchair": "yes",
        "wikidata": "Q841425",
        "wikipedia": "ja:天王洲アイル駅"
      },
      "geometry": {
        "type": "Point",
        "coordinates": [
          139.7507947,
          35.6227359
        ]
      },
      "id": "node/4406782075"
    },
    {
      "type": "Feature",
      "properties": {
        "@id": "node/4406983223",
        "name": "四ツ谷",
        "name:en": "Yotsuya",
        "name:es": "Yotsuya",
        "name:fr": "Yotsuya",
        "name:it": "Yotsuya",
        "name:ja-Hira": "よつやえき",
        "name:ja-Latn": "Yotsuya",
        "name:ko": "요츠야",
        "platforms": "4",
        "public_transport": "station",
        "railway": "station",
        "start_date": "1894-10-09",
        "train": "yes",
        "wheelchair": "yes",
        "wikidata": "Q801654",
        "wikimedia_commons": "Category:Yotsuya Station",
        "wikipedia": "ja:四ツ谷駅"
      },
      "geometry": {
        "type": "Point",
        "coordinates": [
          139.7306162,
          35.6860348
        ]
      },
      "id": "node/4406983223"
    },
    {
      "type": "Feature",
      "properties": {
        "@id": "node/4406993248",
        "name": "後楽園",
        "name:en": "Korakuen",
        "name:es": "Korakuen",
        "name:ja": "後楽園",
        "name:ja-Hira": "こうらくえん",
        "name:ja_rm": "Kōrakuen",
        "name:ko": "고라쿠엔",
        "name:ru": "Коракуэн",
        "network": "東京メトロ丸ノ内線",
        "operator": "東京地下鉄",
        "platforms": "2",
        "public_transport": "station",
        "railway": "station",
        "ref": "M22",
        "station": "subway",
        "subway": "yes",
        "wheelchair": "yes",
        "wikidata": "Q1156432",
        "wikipedia": "ja:後楽園駅"
      },
      "geometry": {
        "type": "Point",
        "coordinates": [
          139.7512155,
          35.7073372
        ]
      },
      "id": "node/4406993248"
    },
    {
      "type": "Feature",
      "properties": {
        "@id": "node/4409431301",
        "name": "荏原町",
        "name:en": "Ebara-machi",
        "name:ja": "荏原町",
        "name:ja-Hira": "えばらまち",
        "name:ja-Latn": "Ebara-machi",
        "name:ko": "에바라마치",
        "network": "東急電鉄",
        "network:en": "Tokyu Railways",
        "network:ja": "東急電鉄",
        "network:wikidata": "Q80229029",
        "operator": "東急電鉄",
        "platforms": "2",
        "public_transport": "station",
        "railway": "station",
        "ref": "OM05",
        "toilets:wheelchair": "yes",
        "train": "yes",
        "wheelchair": "yes",
        "wikidata": "Q5331501",
        "wikipedia": "ja:荏原町駅"
      },
      "geometry": {
        "type": "Point",
        "coordinates": [
          139.7077399,
          35.6038557
        ]
      },
      "id": "node/4409431301"
    },
    {
      "type": "Feature",
      "properties": {
        "@id": "node/4416024078",
        "colour": "violet",
        "name": "青山一丁目",
        "name:en": "Aoyama-itchome",
        "name:es": "Aoyama-itchome",
        "name:ja": "青山一丁目",
        "name:ja-Hira": "あおやまいっちょうめ",
        "name:ja_rm": "Aoyama itchōme",
        "name:ko": "아오야마1초메",
        "name:ru": "Аояма Иттёмэ",
        "name:zh": "青山一丁目",
        "network": "都営地下鉄",
        "operator": "東京地下鉄;東京都交通局",
        "public_transport": "stop_position",
        "railway": "stop",
        "ref": "G04;Z03;E24",
        "station": "subway",
        "subway": "yes",
        "wikidata": "Q602410",
        "wikipedia": "ja:青山一丁目駅"
      },
      "geometry": {
        "type": "Point",
        "coordinates": [
          139.7239507,
          35.6726412
        ]
      },
      "id": "node/4416024078"
    },
    {
      "type": "Feature",
      "properties": {
        "@id": "node/4416166080",
        "name": "九段下",
        "name:en": "Kudanshita",
        "name:es": "Kudanshita",
        "name:ja": "九段下",
        "name:ja-Hira": "くだんした",
        "name:ja_rm": "Kudanshita",
        "name:ko": "구단시타",
        "name:ru": "Кудансита",
        "operator": "東京地下鉄",
        "public_transport": "station",
        "railway": "station",
        "ref": "T07",
        "station": "subway",
        "subway": "yes",
        "transport": "subway",
        "wheelchair": "yes",
        "wikidata": "Q76899",
        "wikipedia": "ja:九段下駅"
      },
      "geometry": {
        "type": "Point",
        "coordinates": [
          139.7512822,
          35.6959079
        ]
      },
      "id": "node/4416166080"
    },
    {
      "type": "Feature",
      "properties": {
        "@id": "node/5392079473",
        "name": "四ツ谷",
        "name:en": "Yotsuya",
        "name:es": "Yotsuya",
        "name:ja": "四ツ谷",
        "name:ko": "요쓰야",
        "public_transport": "station",
        "railway": "station",
        "station": "subway",
        "subway": "yes"
      },
      "geometry": {
        "type": "Point",
        "coordinates": [
          139.7295015,
          35.6855979
        ]
      },
      "id": "node/5392079473"
    },
    {
      "type": "Feature",
      "properties": {
        "@id": "node/5406685207",
        "name": "市ケ谷",
        "name:en": "Ichigaya",
        "name:es": "Ichigaya",
        "name:ja": "市ケ谷",
        "name:ko": "이치가야",
        "network": "東京メトロ南北線",
        "operator": "東京メト",
        "public_transport": "station",
        "railway": "station",
        "station": "subway",
        "subway": "yes"
      },
      "geometry": {
        "type": "Point",
        "coordinates": [
          139.7366562,
          35.6932032
        ]
      },
      "id": "node/5406685207"
    },
    {
      "type": "Feature",
      "properties": {
        "@id": "node/5406690065",
        "colour": "yellow",
        "name": "飯田橋",
        "name:en": "Iidabashi",
        "name:es": "Iidabashi",
        "name:ja": "飯田橋",
        "name:ja-Hira": "いいだばし",
        "name:ja_rm": "Iidabashi",
        "name:ko": "이다바시",
        "name:ru": "Иидабаси",
        "operator": "東京地下鉄",
        "public_transport": "station",
        "railway": "station",
        "ref": "Y13",
        "station": "subway",
        "subway": "yes",
        "transport": "subway",
        "wikidata": "Q800953",
        "wikipedia": "ja:飯田橋駅"
      },
      "geometry": {
        "type": "Point",
        "coordinates": [
          139.7436346,
          35.7015405
        ]
      },
      "id": "node/5406690065"
    },
    {
      "type": "Feature",
      "properties": {
        "@id": "node/5406695969",
        "name": "後楽園",
        "name:en": "Korakuen",
        "name:es": "Korakuen",
        "name:ja": "後楽園",
        "name:ko": "고라쿠엔",
        "network": "東京メトロ南北線",
        "operator": "東京地下鉄",
        "public_transport": "station",
        "railway": "station",
        "station": "subway",
        "subway": "yes",
        "wheelchair": "yes"
      },
      "geometry": {
        "type": "Point",
        "coordinates": [
          139.751799,
          35.7082639
        ]
      },
      "id": "node/5406695969"
    },
    {
      "type": "Feature",
      "properties": {
        "@id": "node/5406700296",
        "name": "本駒込",
        "name:en": "Hon-komagome",
        "name:ja": "本駒込",
        "name:ko": "혼코마고메",
        "public_transport": "station",
        "railway": "station",
        "station": "subway",
        "subway": "yes",
        "wikidata": "Q151419"
      },
      "geometry": {
        "type": "Point",
        "coordinates": [
          139.7537008,
          35.7247631
        ]
      },
      "id": "node/5406700296"
    },
    {
      "type": "Feature",
      "properties": {
        "@id": "node/5406704191",
        "name": "駒込",
        "name:en": "Komagome",
        "name:es": "Komagome",
        "name:ja": "駒込",
        "name:ko": "고마고메",
        "public_transport": "station",
        "railway": "station",
        "station": "subway",
        "subway": "yes"
      },
      "geometry": {
        "type": "Point",
        "coordinates": [
          139.7467609,
          35.7359873
        ]
      },
      "id": "node/5406704191"
    },
    {
      "type": "Feature",
      "properties": {
        "@id": "node/5406714005",
        "name": "王子",
        "name:en": "Oji",
        "name:es": "Oji",
        "name:ja": "王子",
        "name:ja-Hira": "おうじ",
        "name:ja-Latn": "Ōji",
        "name:ko": "오지 역 (도쿄 도)",
        "name:zh": "王子站",
        "operator": "東京メトロ",
        "operator:en": "Tokyo Metro",
        "public_transport": "station",
        "railway": "station",
        "ref": "N16",
        "station": "subway",
        "subway": "yes",
        "website": "https://www.tokyometro.jp/station/oji/index.html"
      },
      "geometry": {
        "type": "Point",
        "coordinates": [
          139.7375243,
          35.7539617
        ]
      },
      "id": "node/5406714005"
    },
    {
      "type": "Feature",
      "properties": {
        "@id": "node/5406718981",
        "name": "赤羽岩淵",
        "name:en": "Akabane-iwabuchi",
        "name:es": "Akabane-iwabuchi",
        "name:ja": "赤羽岩淵",
        "name:ko": "아카바네이와부치",
        "public_transport": "station",
        "railway": "station",
        "station": "subway",
        "subway": "yes",
        "train": "yes",
        "wikidata": "Q151409"
      },
      "geometry": {
        "type": "Point",
        "coordinates": [
          139.7221,
          35.7834478
        ]
      },
      "id": "node/5406718981"
    },
    {
      "type": "Feature",
      "properties": {
        "@id": "node/5408169522",
        "name": "新宿三丁目",
        "name:en": "Shinjuku-sanchome",
        "name:es": "Shinjuku-sanchome",
        "name:ja": "新宿三丁目",
        "name:ja-Hira": "しんじゅくさんちょうめ",
        "name:ko": "신주쿠산초메",
        "network": "副都心線",
        "operator": "東京地下鉄",
        "platforms": "2",
        "public_transport": "station",
        "railway": "station",
        "ref": "F13",
        "station": "subway",
        "subway": "yes",
        "wheelchair": "yes"
      },
      "geometry": {
        "type": "Point",
        "coordinates": [
          139.7047597,
          35.6907365
        ]
      },
      "id": "node/5408169522"
    },
    {
      "type": "Feature",
      "properties": {
        "@id": "node/5408201206",
        "name": "氷川台",
        "name:en": "Hikawadai",
        "name:es": "Hikawadai",
        "name:ja": "氷川台",
        "name:ko": "히카와다이",
        "public_transport": "station",
        "railway": "station",
        "station": "subway",
        "subway": "yes",
        "wheelchair": "yes",
        "wikidata": "Q93680"
      },
      "geometry": {
        "type": "Point",
        "coordinates": [
          139.6650083,
          35.7497818
        ]
      },
      "id": "node/5408201206"
    },
    {
      "type": "Feature",
      "properties": {
        "@id": "node/5408201207",
        "name": "平和台",
        "name:en": "Heiwadai",
        "name:es": "Heiwadai",
        "name:ja": "平和台",
        "name:ko": "헤이와다리",
        "public_transport": "station",
        "railway": "station",
        "station": "subway",
        "subway": "yes",
        "wheelchair": "yes",
        "wikidata": "Q80427",
        "wikipedia": "ja:平和台駅 (東京都)"
      },
      "geometry": {
        "type": "Point",
        "coordinates": [
          139.6541369,
          35.7576885
        ]
      },
      "id": "node/5408201207"
    },
    {
      "type": "Feature",
      "properties": {
        "@id": "node/5408201208",
        "name": "地下鉄赤塚",
        "name:en": "Chikatetsu-akatsuka",
        "name:es": "Chikatetsu-akatsuka",
        "name:ja": "地下鉄赤塚",
        "name:ko": "지카테쓰아카쓰카",
        "operator": "東京地下鉄",
        "public_transport": "station",
        "railway": "station",
        "station": "subway",
        "subway": "yes",
        "wheelchair": "yes",
        "wikidata": "Q80412"
      },
      "geometry": {
        "type": "Point",
        "coordinates": [
          139.6441259,
          35.7699229
        ]
      },
      "id": "node/5408201208"
    },
    {
      "type": "Feature",
      "properties": {
        "@id": "node/5408201209",
        "name": "地下鉄成増",
        "name:en": "Chikatetsu-narimasu",
        "name:es": "Chikatetsu-narimasu",
        "name:ja": "地下鉄成増",
        "name:ko": "지카테쓰나리마스",
        "operator": "東京地下鉄",
        "public_transport": "station",
        "railway": "station",
        "station": "subway",
        "subway": "yes",
        "wheelchair": "yes",
        "wikidata": "Q80506"
      },
      "geometry": {
        "type": "Point",
        "coordinates": [
          139.6312465,
          35.7766946
        ]
      },
      "id": "node/5408201209"
    },
    {
      "type": "Feature",
      "properties": {
        "@id": "node/5408217482",
        "name": "高田馬場",
        "name:en": "Takadanobaba",
        "name:ja": "高田馬場",
        "name:ko": "다카다노바바",
        "operator": "東京地下鉄",
        "public_transport": "station",
        "railway": "station",
        "station": "subway",
        "subway": "yes"
      },
      "geometry": {
        "type": "Point",
        "coordinates": [
          139.7050188,
          35.7133806
        ]
      },
      "id": "node/5408217482"
    },
    {
      "type": "Feature",
      "properties": {
        "@id": "node/5408225235",
        "name": "早稲田",
        "name:en": "Waseda",
        "name:es": "Waseda",
        "name:ja": "早稲田",
        "name:ko": "와세다",
        "network": "東京メトロ東西線",
        "operator": "東京地下鉄",
        "public_transport": "station",
        "railway": "station",
        "ref": "T04",
        "station": "subway",
        "subway": "yes",
        "wikidata": "Q1078459",
        "wikipedia": "en:Waseda Station"
      },
      "geometry": {
        "type": "Point",
        "coordinates": [
          139.721191,
          35.7058028
        ]
      },
      "id": "node/5408225235"
    },
    {
      "type": "Feature",
      "properties": {
        "@id": "node/5408235029",
        "name": "神楽坂",
        "name:en": "Kagurazaka",
        "name:es": "Kagurazaka",
        "name:ja": "神楽坂",
        "name:ko": "가구라자카",
        "public_transport": "station",
        "railway": "station",
        "station": "subway",
        "subway": "yes",
        "wikidata": "Q80573"
      },
      "geometry": {
        "type": "Point",
        "coordinates": [
          139.7341347,
          35.7039298
        ]
      },
      "id": "node/5408235029"
    },
    {
      "type": "Feature",
      "properties": {
        "@id": "node/5408242400",
        "name": "飯田橋",
        "name:en": "Iidabashi",
        "name:es": "Iidabashi",
        "name:ja": "飯田橋",
        "name:ko": "이다바시",
        "network": "東京メトロ東西線",
        "operator": "東京地下鉄",
        "public_transport": "station",
        "railway": "station",
        "station": "subway",
        "subway": "yes"
      },
      "geometry": {
        "type": "Point",
        "coordinates": [
          139.7459937,
          35.7017139
        ]
      },
      "id": "node/5408242400"
    },
    {
      "type": "Feature",
      "properties": {
        "@id": "node/5408256884",
        "internet_access": "wlan",
        "internet_access:fee": "no",
        "internet_access:ssid": "Metro_Free_Wi-Fi",
        "name": "竹橋",
        "name:en": "Takebashi",
        "name:es": "Takebashi",
        "name:ja": "竹橋",
        "name:ja-Hira": "たけばし",
        "name:ja_rm": "Takebashi",
        "name:ko": "다케바시 역",
        "name:ru": "Такебаси",
        "name:zh": "竹橋站",
        "network": "東京メトロ東西線",
        "operator": "東京地下鉄",
        "phone": "+81 3 32116094",
        "platforms": "2",
        "public_transport": "station",
        "railway": "station",
        "ref": "T08",
        "station": "subway",
        "website": "https://www.tokyometro.jp/lang_en/station/takebashi/",
        "wikidata": "Q80564",
        "wikipedia": "ja:竹橋駅"
      },
      "geometry": {
        "type": "Point",
        "coordinates": [
          139.7587484,
          35.6900994
        ]
      },
      "id": "node/5408256884"
    },
    {
      "type": "Feature",
      "properties": {
        "@id": "node/5408257692",
        "name": "日本橋",
        "name:en": "Nihombashi",
        "name:es": "Nihombashi",
        "name:ja": "日本橋",
        "name:ko": "니혼바시",
        "name:ru": "Нихонбаси",
        "name:th": "นิฮมบะชิ",
        "name:zh": "日本橋",
        "name:zh-Hans": "日本桥",
        "public_transport": "station",
        "railway": "station",
        "station": "subway",
        "subway": "yes",
        "wheelchair": "yes"
      },
      "geometry": {
        "type": "Point",
        "coordinates": [
          139.7744933,
          35.6822079
        ]
      },
      "id": "node/5408257692"
    },
    {
      "type": "Feature",
      "properties": {
        "@id": "node/5409191613",
        "name": "三田",
        "name:en": "Mita",
        "name:es": "Mita",
        "name:fr": "Mita",
        "name:ja": "三田",
        "name:ja-Hira": "みた",
        "name:ja_rm": "Mita",
        "name:ko": "미타",
        "name:ru": "Мита",
        "network": "都営地下鉄",
        "network:en": "Toei subway",
        "operator": "東京都交通局",
        "operator:en": "Tokyo Metropolitan Bureau of Transportation",
        "operator:wikidata": "Q1377135",
        "public_transport": "station",
        "railway": "station",
        "ref": "A08;I04",
        "station": "subway",
        "subway": "yes",
        "website": "https://www.kotsu.metro.tokyo.jp/subway/stations/mita.html",
        "wheelchair": "no",
        "wikidata": "Q905732",
        "wikipedia": "ja:三田駅 (東京都)"
      },
      "geometry": {
        "type": "Point",
        "coordinates": [
          139.7483983,
          35.6476619
        ]
      },
      "id": "node/5409191613"
    },
    {
      "type": "Feature",
      "properties": {
        "@id": "node/5409192473",
        "name": "大手町",
        "name:en": "Otemachi",
        "name:es": "Otemachi",
        "name:ja": "大手町",
        "name:ko": "오테마치",
        "name:zh": "大手町",
        "name:zh-Hans": "大手町",
        "network": "都営地下鉄",
        "network:en": "Toei subway",
        "operator": "東京都交通局",
        "operator:en": "Toei",
        "operator:wikidata": "Q1377135",
        "public_transport": "station",
        "railway": "station",
        "ref": "I09",
        "station": "subway",
        "subway": "yes",
        "wikidata": "Q1326767",
        "wikipedia": "ja:大手町駅 (東京都)"
      },
      "geometry": {
        "type": "Point",
        "coordinates": [
          139.7626637,
          35.6840162
        ]
      },
      "id": "node/5409192473"
    },
    {
      "type": "Feature",
      "properties": {
        "@id": "node/5409193801",
        "name": "水道橋",
        "name:en": "Suidobashi",
        "name:es": "Suidobashi",
        "name:ja": "水道橋",
        "name:ko": "스이도바시",
        "name:zh-Hans": "水道桥",
        "network": "都営地下鉄",
        "network:en": "Toei subway",
        "operator": "東京都交通局",
        "operator:en": "Toei",
        "operator:wikidata": "Q1377135",
        "public_transport": "station",
        "railway": "station",
        "station": "subway",
        "subway": "yes"
      },
      "geometry": {
        "type": "Point",
        "coordinates": [
          139.7551538,
          35.7035144
        ]
      },
      "id": "node/5409193801"
    },
    {
      "type": "Feature",
      "properties": {
        "@id": "node/5409196590",
        "name": "春日",
        "name:en": "Kasuga",
        "name:es": "Kasuga",
        "name:ja": "春日",
        "name:ko": "가스가",
        "network": "都営地下鉄",
        "network:en": "Toei subway",
        "operator": "東京都交通局",
        "operator:en": "Toei",
        "operator:wikidata": "Q1377135",
        "public_transport": "station",
        "railway": "station",
        "station": "subway",
        "subway": "yes"
      },
      "geometry": {
        "type": "Point",
        "coordinates": [
          139.7531843,
          35.7098805
        ]
      },
      "id": "node/5409196590"
    },
    {
      "type": "Feature",
      "properties": {
        "@id": "node/5409203621",
        "name": "白山",
        "name:en": "Hakusan",
        "name:es": "Hakusan",
        "name:ja": "白山",
        "name:ko": "하쿠산",
        "network": "都営地下鉄",
        "network:en": "Toei subway",
        "operator": "東京都交通局",
        "operator:en": "Toei",
        "operator:wikidata": "Q1377135",
        "public_transport": "station",
        "railway": "station",
        "station": "subway",
        "subway": "yes",
        "wikidata": "Q1039879"
      },
      "geometry": {
        "type": "Point",
        "coordinates": [
          139.7521578,
          35.7215048
        ]
      },
      "id": "node/5409203621"
    },
    {
      "type": "Feature",
      "properties": {
        "@id": "node/5409203742",
        "name": "千石",
        "name:en": "Sengoku",
        "name:ja": "千石",
        "name:ko": "센고쿠",
        "network": "都営地下鉄",
        "network:en": "Toei subway",
        "operator": "東京都交通局",
        "operator:en": "Toei",
        "operator:wikidata": "Q1377135",
        "public_transport": "station",
        "railway": "station",
        "station": "subway",
        "subway": "yes",
        "wikidata": "Q1039142"
      },
      "geometry": {
        "type": "Point",
        "coordinates": [
          139.7449946,
          35.7277122
        ]
      },
      "id": "node/5409203742"
    },
    {
      "type": "Feature",
      "properties": {
        "@id": "node/5409208380",
        "name": "巣鴨",
        "name:en": "Sugamo",
        "name:es": "Sugamo",
        "name:ja": "巣鴨",
        "name:ko": "스가모신덴",
        "network": "都営地下鉄",
        "network:en": "Toei subway",
        "operator": "東京都交通局",
        "operator:en": "Toei",
        "operator:wikidata": "Q1377135",
        "public_transport": "station",
        "railway": "station",
        "station": "subway",
        "subway": "yes",
        "wikidata": "Q126097385"
      },
      "geometry": {
        "type": "Point",
        "coordinates": [
          139.7382188,
          35.7337873
        ]
      },
      "id": "node/5409208380"
    },
    {
      "type": "Feature",
      "properties": {
        "@id": "node/5409272742",
        "alt_name": "新線池袋",
        "description": "副都心線開通以前（小竹向原～池袋間の有楽町新線時代）は 通称「新線池袋駅」と呼称された",
        "name": "池袋",
        "name:en": "Ikebukuro",
        "name:es": "Ikebukuro",
        "name:ja": "池袋",
        "name:ko": "이케부쿠로",
        "operator": "東京メトロ",
        "public_transport": "station",
        "railway": "station",
        "ref": "F09",
        "routes": "副都心線",
        "source": "survey",
        "station": "subway",
        "subway": "yes",
        "wheelchair": "yes",
        "wikidata": "Q173919",
        "wikipedia": "ja:池袋駅"
      },
      "geometry": {
        "type": "Point",
        "coordinates": [
          139.7089439,
          35.7311425
        ]
      },
      "id": "node/5409272742"
    },
    {
      "type": "Feature",
      "properties": {
        "@id": "node/5410120851",
        "name": "上北沢",
        "name:en": "Kami-kitazawa",
        "name:ja": "上北沢",
        "name:ko": "가미키타자와",
        "public_transport": "station",
        "railway": "station",
        "train": "yes",
        "wikidata": "Q4211559"
      },
      "geometry": {
        "type": "Point",
        "coordinates": [
          139.6232912,
          35.6688535
        ]
      },
      "id": "node/5410120851"
    },
    {
      "type": "Feature",
      "properties": {
        "@id": "node/5410124418",
        "name": "代々木",
        "name:en": "Yoyogi",
        "name:es": "Yoyogi",
        "name:ja": "代々木",
        "name:ko": "요요기",
        "name:ru": "Ёёги",
        "public_transport": "station",
        "railway": "station",
        "station": "subway",
        "subway": "yes"
      },
      "geometry": {
        "type": "Point",
        "coordinates": [
          139.7015967,
          35.6835694
        ]
      },
      "id": "node/5410124418"
    },
    {
      "type": "Feature",
      "properties": {
        "@id": "node/5411585752",
        "name": "仲御徒町",
        "name:en": "Naka-okachimachi",
        "name:es": "Naka-okachimachi",
        "name:ja": "仲御徒町",
        "name:ja-Hira": "なかおかちまち",
        "name:ko": "나카오카치마치",
        "name:zh": "仲御徒町",
        "name:zh-Hans": "仲御徒町",
        "operator": "東京地下鉄",
        "public_transport": "station",
        "railway": "station",
        "station": "subway",
        "subway": "yes",
        "wikidata": "Q1072993",
        "wikipedia": "ja:仲御徒町駅"
      },
      "geometry": {
        "type": "Point",
        "coordinates": [
          139.7761952,
          35.7064914
        ]
      },
      "id": "node/5411585752"
    },
    {
      "type": "Feature",
      "properties": {
        "@id": "node/5594490948",
        "name": "住吉",
        "name:en": "Sumiyoshi",
        "name:eo": "Sumijoŝi",
        "name:ja": "住吉",
        "name:ja-Hira": "すみよし",
        "name:ja_rm": "Sumiyoshi",
        "name:ko": "스미요시",
        "name:ru": "Сумиёси",
        "official_name": "住吉駅",
        "operator": "東京地下鉄;東京都交通局",
        "public_transport": "station",
        "railway": "station",
        "ref": "S13;Z12",
        "station": "subway",
        "subway": "yes",
        "transport": "subway",
        "wheelchair": "yes",
        "wikidata": "Q80536",
        "wikipedia": "ja:住吉駅 (東京都)"
      },
      "geometry": {
        "type": "Point",
        "coordinates": [
          139.8156854,
          35.6889959
        ]
      },
      "id": "node/5594490948"
    },
    {
      "type": "Feature",
      "properties": {
        "@id": "node/5594511143",
        "name": "森下",
        "name:en": "Morishita",
        "name:es": "Morishita",
        "name:ja": "森下",
        "name:ja-Hira": "もりした",
        "name:ja_rm": "Morishita",
        "name:ko": "모리시타",
        "name:ru": "Морисита",
        "network": "都営地下鉄",
        "network:en": "Toei subway",
        "operator": "東京都交通局",
        "operator:en": "Toei",
        "operator:wikidata": "Q1377135",
        "public_transport": "station",
        "railway": "station",
        "ref": "E13",
        "station": "subway",
        "subway": "yes",
        "wikidata": "Q112723",
        "wikipedia": "ja:森下駅 (東京都)"
      },
      "geometry": {
        "type": "Point",
        "coordinates": [
          139.7970443,
          35.6879977
        ]
      },
      "id": "node/5594511143"
    },
    {
      "type": "Feature",
      "properties": {
        "@id": "node/5594511144",
        "name": "清澄白河",
        "name:en": "Kiyosumi-shirakawa",
        "name:es": "Kiyosumi-shirakawa",
        "name:ja": "清澄白河",
        "name:ja-Hira": "きよすみしらかわ",
        "name:ja_rm": "Kiyosumi Shirakawa",
        "name:ko": "기요스미시라카와",
        "name:ru": "Киёсуми-Сиракава",
        "network": "都営地下鉄;東京メトロ",
        "operator": "東京地下鉄;東京都交通局",
        "public_transport": "station",
        "railway": "station",
        "ref": "E14;Z11",
        "station": "subway",
        "subway": "yes",
        "wheelchair": "yes",
        "wikidata": "Q80542",
        "wikipedia": "ja:清澄白河駅"
      },
      "geometry": {
        "type": "Point",
        "coordinates": [
          139.7987644,
          35.6820504
        ]
      },
      "id": "node/5594511144"
    },
    {
      "type": "Feature",
      "properties": {
        "@id": "node/5867904899",
        "name": "荒川遊園地前",
        "name:en": "Arakawa-yuenchimae",
        "name:ja": "荒川遊園地前",
        "name:ko": "아라카와유엔치마에",
        "public_transport": "station",
        "railway": "station",
        "ref": "SA12",
        "tram": "yes",
        "wikidata": "Q11618626"
      },
      "geometry": {
        "type": "Point",
        "coordinates": [
          139.7579108,
          35.7506767
        ]
      },
      "id": "node/5867904899"
    },
    {
      "type": "Feature",
      "properties": {
        "@id": "node/6057744442",
        "name": "戸越公園",
        "name:en": "Togoshi-koen",
        "name:ja": "戸越公園",
        "name:ja-Hira": "とごしこうえん",
        "name:ja-Latn": "Togoshi-kōen",
        "name:ko": "도고시코엔",
        "network": "東急電鉄",
        "network:en": "Tokyu Railways",
        "network:ja": "東急電鉄",
        "network:wikidata": "Q80229029",
        "note": "National-Land Numerical Information (Railway) 2007, MLIT Japan",
        "operator": "東急電鉄",
        "public_transport": "station",
        "railway": "station",
        "ref": "OM03",
        "source": "KSJ2",
        "source_ref": "http://nlftp.mlit.go.jp/ksj/jpgis/datalist/KsjTmplt-N02-v1_1.html",
        "train": "yes",
        "wikidata": "Q999134",
        "wikipedia": "ja:戸越公園駅"
      },
      "geometry": {
        "type": "Point",
        "coordinates": [
          139.7181853,
          35.6089107
        ]
      },
      "id": "node/6057744442"
    },
    {
      "type": "Feature",
      "properties": {
        "@id": "node/6057744443",
        "name": "中延",
        "name:en": "Nakanobu",
        "name:ja": "中延",
        "name:ja-Hira": "なかのぶ",
        "name:ja-Latn": "Nakanobu",
        "name:ko": "나카노부",
        "network": "東急電鉄",
        "network:en": "Tokyu Railways",
        "network:ja": "東急電鉄",
        "network:wikidata": "Q80229029",
        "note": "National-Land Numerical Information (Railway) 2007, MLIT Japan",
        "operator": "東急電鉄",
        "phone": "03-3771-2006",
        "public_transport": "station",
        "railway": "station",
        "ref": "OM04",
        "source": "KSJ2",
        "source_ref": "http://nlftp.mlit.go.jp/ksj/jpgis/datalist/KsjTmplt-N02-v1_1.html",
        "train": "yes",
        "website": "https://www.tokyu.co.jp/railway/station/info/Pid=59.html",
        "wikipedia": "ja:中延駅"
      },
      "geometry": {
        "type": "Point",
        "coordinates": [
          139.7128829,
          35.6059262
        ]
      },
      "id": "node/6057744443"
    },
    {
      "type": "Feature",
      "properties": {
        "@id": "node/6057744444",
        "name": "下神明",
        "name:en": "Shimo-simmei",
        "name:ja": "下神明",
        "name:ja-Hira": "しもしんめい",
        "name:ja-Latn": "Shimo-simmei",
        "name:ko": "시모신메이",
        "network": "東急電鉄",
        "network:en": "Tokyu Railways",
        "network:ja": "東急電鉄",
        "network:wikidata": "Q80229029",
        "note": "National-Land Numerical Information (Railway) 2007, MLIT Japan",
        "public_transport": "station",
        "railway": "station",
        "ref": "OM02",
        "source": "KSJ2",
        "source_ref": "http://nlftp.mlit.go.jp/ksj/jpgis/datalist/KsjTmplt-N02-v1_1.html",
        "train": "yes",
        "wikidata": "Q7496934",
        "wikipedia": "ja:下神明駅"
      },
      "geometry": {
        "type": "Point",
        "coordinates": [
          139.7262498,
          35.6087809
        ]
      },
      "id": "node/6057744444"
    },
    {
      "type": "Feature",
      "properties": {
        "@id": "node/6057804601",
        "addr:block_number": "4",
        "addr:housenumber": "12",
        "addr:neighbourhood": "2丁目",
        "contact:website": "https://www.tokyo-monorail.co.jp/guidance/hamamatucho/",
        "internet_access": "wlan",
        "internet_access:fee": "no",
        "internet_access:ssid": "00_Monorail_Free_Wi-Fi",
        "monorail": "yes",
        "name": "モノレール浜松町",
        "name:en": "Monorail Hamamatsucho",
        "name:es": "Monorail Hamamatsucho",
        "name:ja": "モノレール浜松町",
        "name:ja-Hira": "ものれーるはままつちょう",
        "name:ja-Latn": "Monorēru Hamamatsuchō",
        "name:ko": "모노레일 하마마츠쵸역",
        "name:ru": "Хамамацутё (монорельс)",
        "name:zh": "單軌電車濱松町",
        "name:zh-Hans": "单轨电车滨松町",
        "network": "東京モノレール",
        "operator": "モノレール浜松町",
        "platforms": "2",
        "public_transport": "station",
        "railway": "station",
        "ref": "MO01",
        "start_date": "1964-09-17",
        "website": "https://www.tokyo-monorail.co.jp/guidance/hamamatucho/",
        "wikipedia": "ja:浜松町駅"
      },
      "geometry": {
        "type": "Point",
        "coordinates": [
          139.7567283,
          35.6554012
        ]
      },
      "id": "node/6057804601"
    },
    {
      "type": "Feature",
      "properties": {
        "@id": "node/6063546675",
        "name": "亀戸",
        "name:en": "Kameido",
        "name:ja": "亀戸",
        "name:ja-Hira": "かめいど",
        "name:ja_rm": "Kameido",
        "name:ko": "가메이도",
        "network": "東武鉄道",
        "network:en": "Tobu Railway",
        "network:ja": "東武鉄道",
        "network:wikidata": "Q1321914",
        "operator": "東武鉄道",
        "public_transport": "station",
        "railway": "station",
        "ref": "TS44",
        "source": "bing",
        "train": "yes",
        "wikidata": "Q1036376",
        "wikipedia": "ja:亀戸駅"
      },
      "geometry": {
        "type": "Point",
        "coordinates": [
          139.827138,
          35.6976987
        ]
      },
      "id": "node/6063546675"
    },
    {
      "type": "Feature",
      "properties": {
        "@id": "node/6140211238",
        "name": "井荻",
        "name:en": "Iogi",
        "name:ja": "井荻",
        "name:ja-Hira": "いおぎ",
        "name:ja_rm": "Iogi",
        "name:ko": "이오기",
        "network": "西武鉄道",
        "network:en": "Seibu Railway",
        "network:ja": "西武鉄道",
        "network:wikidata": "Q83543",
        "operator": "西武鉄道",
        "public_transport": "station",
        "railway": "station",
        "ref": "SS11",
        "source": "KSJ2",
        "train": "yes",
        "wikidata": "Q843289",
        "wikipedia": "ja:井荻駅"
      },
      "geometry": {
        "type": "Point",
        "coordinates": [
          139.6152362,
          35.7246904
        ]
      },
      "id": "node/6140211238"
    },
    {
      "type": "Feature",
      "properties": {
        "@id": "node/6179550652",
        "internet_access": "wlan",
        "internet_access:fee": "no",
        "internet_access:ssid": "Metro_Free_Wi-Fi",
        "name": "赤坂見附",
        "name:en": "Akasaka-mitsuke",
        "name:es": "Akasaka-mitsuke",
        "name:ja": "赤坂見附",
        "name:ja-Hira": "あかさかみつけ",
        "name:ja_rm": "Akasaka Mitsuke",
        "name:ko": "아카사카미츠케",
        "name:ru": "Акасака Мицукэ",
        "name:th": "อะกะซะกะ-มึตสึเกะ",
        "network": "東京メトロ丸ノ内線;銀座線",
        "note": "See diagram: https://commons.wikimedia.org/wiki/File:Rail_Tracks_map_Tokyo_Metro_Akasaka-mitsuke_Station.svg",
        "operator": "東京地下鉄",
        "platforms": "4",
        "public_transport": "station",
        "railway": "station",
        "ref": "M13;G05",
        "station": "subway",
        "subway": "yes",
        "toilets": "yes",
        "transport": "subway",
        "wheelchair": "yes",
        "wikidata": "Q602384",
        "wikipedia": "ja:赤坂見附駅"
      },
      "geometry": {
        "type": "Point",
        "coordinates": [
          139.7375253,
          35.6763213
        ]
      },
      "id": "node/6179550652"
    },
    {
      "type": "Feature",
      "properties": {
        "@id": "node/6184838874",
        "colour": "lightgreen",
        "name": "小川町",
        "name:en": "Ogawamachi",
        "name:es": "Ogawamachi",
        "name:ja": "小川町",
        "name:ja-Hira": "おがわまち",
        "name:ja_rm": "Ogawamachi",
        "name:ko": "오가와마치",
        "name:ru": "Огавамати",
        "name:zh": "小川町",
        "name:zh-Hans": "小川町",
        "network": "都営地下鉄",
        "network:en": "Toei subway",
        "operator": "東京都交通局",
        "operator:en": "Toei",
        "operator:wikidata": "Q1377135",
        "public_transport": "station",
        "railway": "station",
        "ref": "S07",
        "station": "subway",
        "subway": "yes",
        "transport": "subway",
        "wikidata": "Q1074315",
        "wikipedia": "ja:小川町駅 (東京都)"
      },
      "geometry": {
        "type": "Point",
        "coordinates": [
          139.7662986,
          35.6949465
        ]
      },
      "id": "node/6184838874"
    },
    {
      "type": "Feature",
      "properties": {
        "@id": "node/6186032720",
        "alt_name:en": "Jinbocho",
        "name": "神保町",
        "name:en": "Jimbocho",
        "name:es": "Jimbocho",
        "name:ja": "神保町",
        "name:ja-Hira": "じんぼうちょう",
        "name:ja_rm": "Jimbōchō",
        "name:ko": "짐보초",
        "name:ru": "Дзимботё",
        "name:zh": "神保町站",
        "network": "都営地下鉄",
        "network:en": "Toei subway",
        "operator": "東京都交通局",
        "operator:en": "Toei",
        "operator:wikidata": "Q1377135",
        "public_transport": "station",
        "railway": "station",
        "ref": "I10",
        "station": "subway",
        "subway": "yes",
        "transport": "subway",
        "wikidata": "Q76805",
        "wikipedia": "ja:神保町駅"
      },
      "geometry": {
        "type": "Point",
        "coordinates": [
          139.7582694,
          35.695008
        ]
      },
      "id": "node/6186032720"
    },
    {
      "type": "Feature",
      "properties": {
        "@id": "node/6186649798",
        "alt_name:en": "Jinbocho",
        "name": "神保町",
        "name:en": "Jimbocho",
        "name:es": "Jimbocho",
        "name:ja": "神保町",
        "name:ja-Hira": "じんぼうちょう",
        "name:ja_rm": "Jimbōchō",
        "name:ko": "짐보초",
        "name:ru": "Дзимботё",
        "name:zh": "神保町站",
        "network": "東京メトロ半蔵門線",
        "operator": "東京地下鉄",
        "public_transport": "station",
        "railway": "station",
        "ref": "Z07",
        "station": "subway",
        "website": "https://www.tokyometro.jp/lang_en/station/jimbocho/",
        "wikidata": "Q76805",
        "wikipedia": "ja:神保町駅"
      },
      "geometry": {
        "type": "Point",
        "coordinates": [
          139.7572047,
          35.6959273
        ]
      },
      "id": "node/6186649798"
    },
    {
      "type": "Feature",
      "properties": {
        "@id": "node/6189867178",
        "name": "九段下",
        "name:en": "Kudanshita",
        "name:es": "Kudanshita",
        "name:ja": "九段下",
        "name:ja-Hira": "くだんした",
        "name:ja_rm": "Kudanshita",
        "name:ko": "구단시타",
        "name:ru": "Кудансита",
        "network": "都営地下鉄新宿線",
        "operator": "東京地下鉄",
        "public_transport": "station",
        "railway": "station",
        "ref": "S05",
        "station": "subway",
        "subway": "yes",
        "transport": "subway",
        "wikidata": "Q76899",
        "wikipedia": "ja:九段下駅"
      },
      "geometry": {
        "type": "Point",
        "coordinates": [
          139.7503783,
          35.6953694
        ]
      },
      "id": "node/6189867178"
    },
    {
      "type": "Feature",
      "properties": {
        "@id": "node/6189867179",
        "name": "九段下",
        "name:en": "Kudanshita",
        "name:es": "Kudanshita",
        "name:ja": "九段下",
        "name:ja-Hira": "くだんした",
        "name:ja_rm": "Kudanshita",
        "name:ko": "구단시타",
        "name:ru": "Кудансита",
        "operator": "東京地下鉄",
        "public_transport": "station",
        "railway": "station",
        "ref": "Z06",
        "station": "subway",
        "subway": "yes",
        "transport": "subway",
        "wikidata": "Q76899",
        "wikipedia": "ja:九段下駅"
      },
      "geometry": {
        "type": "Point",
        "coordinates": [
          139.7505069,
          35.6952299
        ]
      },
      "id": "node/6189867179"
    },
    {
      "type": "Feature",
      "properties": {
        "@id": "node/6190974817",
        "colour": "green",
        "name": "湯島",
        "name:en": "Yushima",
        "name:es": "Yushima",
        "name:ja": "湯島",
        "name:ja-Hira": "ゆしま",
        "name:ja_rm": "Yushima",
        "name:ko": "유시마",
        "name:ru": "Юсима",
        "name:zh": "汤岛",
        "name:zh-Hans": "汤岛",
        "network": "東京メトロ千代田線",
        "operator": "東京地下鉄",
        "public_transport": "station",
        "railway": "station",
        "ref": "C13",
        "station": "subway",
        "subway": "yes",
        "transport": "subway",
        "wheelchair": "yes",
        "wikidata": "Q390694",
        "wikipedia": "ja:湯島駅"
      },
      "geometry": {
        "type": "Point",
        "coordinates": [
          139.7700104,
          35.7073329
        ]
      },
      "id": "node/6190974817"
    },
    {
      "type": "Feature",
      "properties": {
        "@id": "node/6191130324",
        "name": "日比谷",
        "name:en": "Hibiya",
        "name:es": "Hibiya",
        "name:fr": "Hibiya",
        "name:ja": "日比谷",
        "name:ja-Hira": "ひびや",
        "name:ja_rm": "Hibiya",
        "name:ko": "히비야",
        "name:ru": "Хибия",
        "network": "東京メトロ",
        "operator": "東京地下鉄;東京都交通局",
        "public_transport": "station",
        "railway": "station",
        "ref": "C09",
        "source": "Survey",
        "station": "subway",
        "subway": "yes",
        "wheelchair": "yes",
        "wikidata": "Q511753",
        "wikipedia": "ja:日比谷駅"
      },
      "geometry": {
        "type": "Point",
        "coordinates": [
          139.7583499,
          35.6737302
        ]
      },
      "id": "node/6191130324"
    },
    {
      "type": "Feature",
      "properties": {
        "@id": "node/6192618377",
        "colour": "yellow",
        "internet_access": "wlan",
        "internet_access:fee": "no",
        "internet_access:ssid": "Metro_Free_Wi-Fi",
        "name": "桜田門",
        "name:en": "Sakuradamon",
        "name:es": "Sakuradamon",
        "name:ja": "桜田門",
        "name:ja-Hira": "さくらだもん",
        "name:ja_rm": "Sakudaramon",
        "name:ko": "사쿠라다몬",
        "name:ru": "Сакурадамон",
        "network": "東京メトロ有楽町線",
        "operator": "東京地下鉄",
        "public_transport": "station",
        "railway": "station",
        "ref": "Y17",
        "station": "subway",
        "subway": "yes",
        "wheelchair": "yes",
        "wikidata": "Q277196",
        "wikipedia": "ja:桜田門駅"
      },
      "geometry": {
        "type": "Point",
        "coordinates": [
          139.7515757,
          35.6774009
        ]
      },
      "id": "node/6192618377"
    },
    {
      "type": "Feature",
      "properties": {
        "@id": "node/6193465461",
        "name": "日比谷",
        "name:en": "Hibiya",
        "name:es": "Hibiya",
        "name:fr": "Hibiya",
        "name:ja": "日比谷",
        "name:ja-Hira": "ひびや",
        "name:ja_rm": "Hibiya",
        "name:ko": "히비야",
        "name:ru": "Хибия",
        "network": "都営地下鉄",
        "operator": "東京地下鉄;東京都交通局",
        "public_transport": "station",
        "railway": "station",
        "ref": "I08",
        "source": "Survey",
        "station": "subway",
        "subway": "yes",
        "transport": "subway",
        "wheelchair": "yes",
        "wikidata": "Q511753",
        "wikipedia": "ja:日比谷駅"
      },
      "geometry": {
        "type": "Point",
        "coordinates": [
          139.7601969,
          35.6762399
        ]
      },
      "id": "node/6193465461"
    },
    {
      "type": "Feature",
      "properties": {
        "@id": "node/6193611538",
        "colour": "yellow",
        "name": "有楽町",
        "name:en": "Yurakucho",
        "name:es": "Yurakucho",
        "name:fr": "Yūrakuchō",
        "name:ja": "有楽町",
        "name:ja-Hira": "ゆうらくちょう",
        "name:ja_rm": "Yūrakuchō",
        "name:ko": "유라쿠초",
        "name:ru": "Юракутё",
        "network": "東京メトロ有楽町線",
        "operator": "東京地下鉄",
        "public_transport": "station",
        "railway": "station",
        "ref": "Y18",
        "station": "subway",
        "subway": "yes",
        "transport": "subway",
        "wheelchair": "no",
        "wikidata": "Q801655",
        "wikipedia": "ja:有楽町駅"
      },
      "geometry": {
        "type": "Point",
        "coordinates": [
          139.7621359,
          35.6759691
        ]
      },
      "id": "node/6193611538"
    },
    {
      "type": "Feature",
      "properties": {
        "@id": "node/6193732167",
        "internet_access": "wlan",
        "name": "東京",
        "name:ar": "طوكيو",
        "name:ast": "Tokio",
        "name:ca": "Tòquio",
        "name:ckb": "تۆکیۆ",
        "name:cs": "Tokio",
        "name:cy": "Tokyo",
        "name:da": "Tokyo",
        "name:de": "Tokio",
        "name:el": "Τόκιο",
        "name:en": "Tokyo",
        "name:eo": "Tokio",
        "name:es": "Tokio",
        "name:et": "Tōkyō",
        "name:fa": "توکیو",
        "name:fi": "Tokio",
        "name:fr": "Tokyo",
        "name:he": "טוקיו",
        "name:hr": "Tokio",
        "name:hu": "Tokió",
        "name:ia": "Tokyo",
        "name:io": "Tokyo",
        "name:is": "Tókýó",
        "name:it": "Tokyo",
        "name:ja": "東京",
        "name:ja-Hira": "とうきょう",
        "name:ja_rm": "Tōkyō",
        "name:jbo": ".tokios.",
        "name:kn": "ಟೋಕ್ಯೊ",
        "name:ko": "도쿄도",
        "name:ku": "Tokyo",
        "name:lb": "Tokio",
        "name:lt": "Tokijas",
        "name:lv": "Tokija",
        "name:nan": "Tang-kiaⁿ",
        "name:nl": "Tokio",
        "name:oc": "Tòquio",
        "name:pap": "Tokyo",
        "name:pl": "Tokio",
        "name:pt": "Tóquio",
        "name:ru": "Токио",
        "name:sk": "Tokio",
        "name:sl": "Tokio",
        "name:sr": "Токио",
        "name:sv": "Tokyo",
        "name:szl": "Tokjo",
        "name:ta": "டோக்கியோ",
        "name:tg": "Токио",
        "name:th": "โตเกียว",
        "name:tr": "Tokyo",
        "name:uk": "Токіо",
        "name:vi": "Tokyo",
        "name:wuu": "东京",
        "name:yue": "東京",
        "name:zh": "东京",
        "name:zh-Hans": "东京",
        "name:zh-Hant": "東京",
        "network": "東京メトロ丸ノ内線",
        "operator": "東京地下鉄",
        "phone": "+81 3 32515652",
        "public_transport": "station",
        "railway": "station",
        "ref": "M17",
        "station": "subway",
        "subway": "yes",
        "website": "https://www.tokyometro.jp/lang_en/station/tokyo/",
        "wheelchair": "yes"
      },
      "geometry": {
        "type": "Point",
        "coordinates": [
          139.7649584,
          35.6820173
        ]
      },
      "id": "node/6193732167"
    },
    {
      "type": "Feature",
      "properties": {
        "@id": "node/6195254304",
        "colour": "green",
        "name": "霞ケ関",
        "name:en": "Kasumigaseki",
        "name:es": "Kasumigaseki",
        "name:fr": "Kasumigaseki",
        "name:ja": "霞ケ関",
        "name:ja-Hira": "かすみがせき",
        "name:ja_rm": "Kasumigaseki",
        "name:ko": "가스미가세키",
        "name:ru": "Касумигасэки",
        "network": "千代田線",
        "operator": "東京地下鉄",
        "public_transport": "station",
        "railway": "station",
        "ref": "C08",
        "source": "Survey",
        "station": "subway",
        "subway": "yes",
        "wheelchair": "yes",
        "wikidata": "Q741614",
        "wikipedia": "ja:霞ケ関駅 (東京都)"
      },
      "geometry": {
        "type": "Point",
        "coordinates": [
          139.7516221,
          35.6725014
        ]
      },
      "id": "node/6195254304"
    },
    {
      "type": "Feature",
      "properties": {
        "@id": "node/6196655597",
        "colour": "gray",
        "name": "霞ケ関",
        "name:en": "Kasumigaseki",
        "name:es": "Kasumigaseki",
        "name:ja": "霞ケ関",
        "name:ja-Hira": "かすみがせき",
        "name:ja_rm": "Kasumigaseki",
        "name:ko": "가스미가세키",
        "name:ru": "Касумигасэки",
        "network": "東京メト",
        "note": "日比谷線",
        "operator": "東京地下鉄",
        "public_transport": "station",
        "railway": "station",
        "ref": "H06",
        "station": "subway",
        "subway": "yes",
        "wheelchair": "yes",
        "wikidata": "Q741614",
        "wikipedia": "ja:霞ケ関駅 (東京都)"
      },
      "geometry": {
        "type": "Point",
        "coordinates": [
          139.7510565,
          35.6738544
        ]
      },
      "id": "node/6196655597"
    },
    {
      "type": "Feature",
      "properties": {
        "@id": "node/6198306276",
        "colour": "red",
        "name": "霞ケ関",
        "name:en": "Kasumigaseki",
        "name:es": "Kasumigaseki",
        "name:ja": "霞ケ関",
        "name:ja-Hira": "かすみがせき",
        "name:ja_rm": "Kasumigaseki",
        "name:ko": "가스미가세키",
        "name:ru": "Касумигасэки",
        "note": "丸ノ内線",
        "operator": "東京地下鉄",
        "public_transport": "station",
        "railway": "station",
        "ref": "M15",
        "station": "subway",
        "subway": "yes",
        "wheelchair": "yes",
        "wikidata": "Q741614",
        "wikipedia": "ja:霞ケ関駅 (東京都)"
      },
      "geometry": {
        "type": "Point",
        "coordinates": [
          139.7527174,
          35.674217
        ]
      },
      "id": "node/6198306276"
    },
    {
      "type": "Feature",
      "properties": {
        "@id": "node/6199739250",
        "colour": "green",
        "name": "新御茶ノ水",
        "name:en": "Shin-ochanomizu",
        "name:es": "Shin-ochanomizu",
        "name:ja": "新御茶ノ水",
        "name:ja-Hira": "しんおちゃのみず",
        "name:ja_rm": "Shin Ochanomizu",
        "name:ko": "신오차노미즈",
        "name:ru": "Син-Отяномидзу",
        "name:zh": "新御茶之水",
        "name:zh-Hans": "新御茶之水",
        "operator": "東京地下鉄",
        "public_transport": "station",
        "railway": "station",
        "ref": "C12",
        "station": "subway",
        "subway": "yes",
        "transport": "subway",
        "wikidata": "Q80433",
        "wikipedia": "ja:新御茶ノ水駅"
      },
      "geometry": {
        "type": "Point",
        "coordinates": [
          139.7656264,
          35.6972185
        ]
      },
      "id": "node/6199739250"
    },
    {
      "type": "Feature",
      "properties": {
        "@id": "node/6199814789",
        "name": "上野御徒町",
        "name:en": "Ueno-okachimachi",
        "name:es": "Ueno-okachimachi",
        "name:ja": "上野御徒町",
        "name:ja-Hira": "うえのおかちまち",
        "name:ja_rm": "Ueno Okachimachi",
        "name:ko": "우에노오카치마치",
        "name:zh": "上野御徒町",
        "name:zh-Hans": "上野御徒町",
        "network": "都営地下鉄",
        "network:en": "Toei subway",
        "operator": "東京都交通局",
        "operator:en": "Toei",
        "operator:wikidata": "Q1377135",
        "public_transport": "station",
        "railway": "station",
        "ref": "E09",
        "station": "subway",
        "subway": "yes",
        "wikidata": "Q80555",
        "wikipedia": "ja:上野御徒町駅"
      },
      "geometry": {
        "type": "Point",
        "coordinates": [
          139.7732996,
          35.7079766
        ]
      },
      "id": "node/6199814789"
    },
    {
      "type": "Feature",
      "properties": {
        "@id": "node/6202341257",
        "alt_name:ko": "곳카이기지도마에",
        "colour": "green",
        "internet_access": "wlan",
        "internet_access:fee": "no",
        "internet_access:ssid": "Metro_Free_Wi-Fi",
        "name": "国会議事堂前",
        "name:en": "Kokkai-gijidomae",
        "name:es": "Kokkai-gijidomae",
        "name:ja": "国会議事堂前",
        "name:ja-Hira": "こっかいぎじどうまえ",
        "name:ja_rm": "Kokkai gijidō mae",
        "name:ko": "국회의사당앞",
        "name:ru": "Коккай Гидзидомаэ",
        "network": "千代田線, 丸ノ内線, 銀座線, 南北線",
        "operator": "東京地下鉄",
        "public_transport": "station",
        "railway": "station",
        "ref": "C07",
        "source": "Survey",
        "station": "subway",
        "subway": "yes",
        "wheelchair": "yes",
        "wikidata": "Q1192508",
        "wikipedia": "ja:国会議事堂前駅"
      },
      "geometry": {
        "type": "Point",
        "coordinates": [
          139.7434262,
          35.6736889
        ]
      },
      "id": "node/6202341257"
    },
    {
      "type": "Feature",
      "properties": {
        "@id": "node/6202341258",
        "colour": "green",
        "name": "国会議事堂前",
        "name:en": "Kokkai-gijidomae",
        "name:es": "Kokkai-gijidomae",
        "name:ja": "国会議事堂前",
        "name:ja-Hira": "こっかいぎじどうまえ",
        "name:ja_rm": "Kokkai gijidō mae",
        "name:ru": "Коккай Гидзидомаэ",
        "network": "千代田線, 丸ノ内線, 銀座線, 南北線",
        "operator": "東京地下鉄",
        "public_transport": "stop_position",
        "railway": "stop",
        "ref": "C07",
        "station": "subway",
        "subway": "yes"
      },
      "geometry": {
        "type": "Point",
        "coordinates": [
          139.7434236,
          35.6736208
        ]
      },
      "id": "node/6202341258"
    },
    {
      "type": "Feature",
      "properties": {
        "@id": "node/6202373220",
        "name": "溜池山王",
        "name:en": "Tameike-sanno",
        "name:es": "Tameike-sanno",
        "name:ja": "溜池山王",
        "name:ja-Hira": "ためいけさんのう",
        "name:ja-Latn": "Tameike San-nō",
        "name:ja_kana": "ためいけさんのう",
        "name:ja_rm": "Tameike San-nō",
        "name:ko": "다메이케산노",
        "name:ru": "Тамэикэ Санно",
        "operator": "東京地下鉄",
        "public_transport": "station",
        "railway": "station",
        "ref": "N06",
        "station": "subway",
        "subway": "yes",
        "toilets": "yes",
        "toilets:access": "customers",
        "toilets:unisex": "yes",
        "toilets:wheelchair": "designated",
        "wheelchair": "yes",
        "wikidata": "Q277208",
        "wikipedia": "ja:溜池山王駅"
      },
      "geometry": {
        "type": "Point",
        "coordinates": [
          139.741424,
          35.6729903
        ]
      },
      "id": "node/6202373220"
    },
    {
      "type": "Feature",
      "properties": {
        "@id": "node/6203282789",
        "colour": "orange",
        "name": "溜池山王",
        "name:en": "Tameike-sanno",
        "name:es": "Tameike-sanno",
        "name:ja": "溜池山王",
        "name:ja-Hira": "ためいけさんのう",
        "name:ja-Latn": "Tameike San-nō",
        "name:ja_kana": "ためいけさんのう",
        "name:ja_rm": "Tameike San-nō",
        "name:ko": "다메이케산노",
        "name:ru": "Тамэикэ Санно",
        "name:th": "ทะเมะอิเกะ-ซันโนะ",
        "name:zh": "溜池山王",
        "operator": "東京地下鉄",
        "public_transport": "station",
        "railway": "station",
        "ref": "G06",
        "station": "subway",
        "subway": "yes",
        "toilets": "yes",
        "toilets:access": "customers",
        "toilets:unisex": "yes",
        "toilets:wheelchair": "designated",
        "wikidata": "Q277208",
        "wikipedia": "ja:溜池山王駅"
      },
      "geometry": {
        "type": "Point",
        "coordinates": [
          139.741961,
          35.6715337
        ]
      },
      "id": "node/6203282789"
    },
    {
      "type": "Feature",
      "properties": {
        "@id": "node/6203591949",
        "alt_name:en": "Tokyo Metropolitan Government Station",
        "name": "都庁前",
        "name:en": "Tochomae",
        "name:es": "Tochomae",
        "name:ja": "都庁前",
        "name:ja-Hira": "とちょうまえ",
        "name:ja_rm": "Tochō mae",
        "name:ko": "도초마에",
        "name:ru": "Тотёмаэ",
        "network": "都営地下鉄",
        "network:en": "Toei subway",
        "note": "See diagram: https://commons.wikimedia.org/wiki/File:Rail_Tracks_map_Toei_Tochomae_Station.svg",
        "opening_hours": "06:00-23:00",
        "operator": "東京都交通局",
        "operator:en": "Toei",
        "operator:wikidata": "Q1377135",
        "public_transport": "station",
        "railway": "station",
        "ref": "E28",
        "station": "subway",
        "subway": "yes",
        "wikidata": "Q246186",
        "wikipedia": "ja:都庁前駅"
      },
      "geometry": {
        "type": "Point",
        "coordinates": [
          139.692814,
          35.6906065
        ]
      },
      "id": "node/6203591949"
    },
    {
      "type": "Feature",
      "properties": {
        "@id": "node/6205618547",
        "alt_name:ko": "요요기코엔",
        "colour": "green",
        "name": "代々木公園",
        "name:en": "Yoyogi-koen",
        "name:es": "Yoyogi-koen",
        "name:fr": "Parc de Yoyogi",
        "name:it": "Yoyogi-koen",
        "name:ja": "代々木公園",
        "name:ja-Hira": "よよぎこうえん",
        "name:ja-Latn": "Yoyogi-kōen",
        "name:ko": "요요기공원",
        "name:ru": "Ёёги Коэн",
        "network": "千代田線",
        "operator": "東京地下鉄",
        "public_transport": "station",
        "railway": "station",
        "ref": "C02",
        "source": "Survey",
        "station": "subway",
        "subway": "yes",
        "wheelchair": "yes",
        "wikidata": "Q347796",
        "wikipedia": "ja:代々木公園駅"
      },
      "geometry": {
        "type": "Point",
        "coordinates": [
          139.6900949,
          35.6690489
        ]
      },
      "id": "node/6205618547"
    },
    {
      "type": "Feature",
      "properties": {
        "@id": "node/6206496012",
        "alt_name": "東京体育館前",
        "name": "国立競技場",
        "name:en": "Kokuritsu-kyogijo",
        "name:es": "Kokuritsu-kyogijo",
        "name:ja": "国立競技場",
        "name:ja-Hira": "こくりつきょうぎじょう",
        "name:ja_rm": "Kokuritsu Kyōgijō",
        "name:ko": "국립경기장",
        "name:ru": "Кокурицу Кёгидзё",
        "network": "都営地下鉄",
        "network:en": "Toei subway",
        "operator": "東京都交通局",
        "operator:en": "Toei",
        "operator:wikidata": "Q1377135",
        "public_transport": "station",
        "railway": "station",
        "ref": "E25",
        "station": "subway",
        "subway": "yes",
        "transport": "subway",
        "wikidata": "Q275113",
        "wikipedia": "ja:国立競技場駅"
      },
      "geometry": {
        "type": "Point",
        "coordinates": [
          139.7139442,
          35.6801003
        ]
      },
      "id": "node/6206496012"
    },
    {
      "type": "Feature",
      "properties": {
        "@id": "node/6206669779",
        "name": "二重橋前〈丸の内〉",
        "name:en": "Nijubashimae 'Marunouchi'",
        "name:es": "Nijubashimae 'Marunouchi'",
        "name:ja-Hira": "にじゅうばしまえ〈まるのうち〉",
        "name:ja_rm": "Nijūbashi mae",
        "name:ko": "니주바시마에",
        "name:ru": "Нидзюбасимаэ",
        "network": "千代田線",
        "operator": "東京地下鉄",
        "public_transport": "station",
        "railway": "station",
        "ref": "C10",
        "source": "Survey",
        "station": "subway",
        "transport": "subway",
        "wheelchair": "limited",
        "wikidata": "Q390676",
        "wikipedia": "ja:二重橋前駅"
      },
      "geometry": {
        "type": "Point",
        "coordinates": [
          139.7616161,
          35.6803213
        ]
      },
      "id": "node/6206669779"
    },
    {
      "type": "Feature",
      "properties": {
        "@id": "node/6208064122",
        "name": "半蔵門",
        "name:en": "Hanzomon",
        "name:es": "Hanzomon",
        "name:ja": "半蔵門",
        "name:ja-Hira": "はんぞうもん",
        "name:ja_rm": "Hanzōmon",
        "name:ko": "한조몬",
        "name:ru": "Хандзомон",
        "operator": "東京地下鉄",
        "public_transport": "station",
        "railway": "station",
        "ref": "Z05",
        "station": "subway",
        "subway": "yes",
        "wheelchair": "yes",
        "wikidata": "Q80551",
        "wikipedia": "ja:半蔵門駅"
      },
      "geometry": {
        "type": "Point",
        "coordinates": [
          139.7415832,
          35.6852213
        ]
      },
      "id": "node/6208064122"
    },
    {
      "type": "Feature",
      "properties": {
        "@id": "node/6209017478",
        "name": "新御徒町",
        "name:en": "Shin-okachimachi",
        "name:es": "Shin-Okachimachi",
        "name:ja": "新御徒町",
        "name:ja-Hira": "しんおかちまち",
        "name:ja_rm": "Shin Okachimachi",
        "name:ko": "신오카치마치",
        "name:ru": "Син-Окатимати",
        "name:zh": "新御徒町",
        "name:zh-Hans": "新御徒町",
        "network": "都営地下鉄",
        "network:en": "Toei subway",
        "operator": "東京都交通局",
        "operator:en": "Toei",
        "operator:wikidata": "Q1377135",
        "public_transport": "station",
        "railway": "station",
        "ref": "E10",
        "station": "subway",
        "subway": "yes",
        "wikidata": "Q80540",
        "wikipedia": "ja:新御徒町駅"
      },
      "geometry": {
        "type": "Point",
        "coordinates": [
          139.7818428,
          35.7070597
        ]
      },
      "id": "node/6209017478"
    },
    {
      "type": "Feature",
      "properties": {
        "@id": "node/6209071059",
        "name": "新御徒町",
        "name:en": "Shin-Okachimachi",
        "name:es": "Shin-Okachimachi",
        "name:ja": "新御徒町",
        "name:ja-Hira": "しんおかちまち",
        "name:ja_rm": "Shin Okachimachi",
        "name:ko": "신오카치마치",
        "name:ru": "Син-Окатимати",
        "name:zh": "新御徒町",
        "name:zh-Hans": "新御徒町",
        "operator": "首都圏新都市鉄道",
        "platforms": "1",
        "public_transport": "station",
        "railway": "station",
        "ref": "02",
        "wikidata": "Q80540",
        "wikipedia": "ja:新御徒町駅"
      },
      "geometry": {
        "type": "Point",
        "coordinates": [
          139.7820289,
          35.7070114
        ]
      },
      "id": "node/6209071059"
    },
    {
      "type": "Feature",
      "properties": {
        "@id": "node/6210190874",
        "colour": "green",
        "level": "-1",
        "name": "赤坂",
        "name:en": "Akasaka",
        "name:es": "Akasaka",
        "name:ja": "赤坂",
        "name:ja-Hira": "あかさか",
        "name:ja_rm": "Akasaka",
        "name:ko": "아카사카",
        "name:ru": "Акасака",
        "network": "千代田線",
        "operator": "東京地下鉄",
        "public_transport": "station",
        "railway": "station",
        "ref": "C06",
        "source": "Survey",
        "station": "subway",
        "subway": "yes",
        "transport": "subway",
        "wikidata": "Q1042002",
        "wikipedia": "ja:赤坂駅 (東京都)"
      },
      "geometry": {
        "type": "Point",
        "coordinates": [
          139.736388,
          35.672224
        ]
      },
      "id": "node/6210190874"
    },
    {
      "type": "Feature",
      "properties": {
        "@id": "node/6211575889",
        "maxspeed": "100",
        "name": "東雲",
        "name:en": "Shinonome",
        "name:es": "Shinonome",
        "name:ja": "東雲",
        "name:ja-Hira": "しののめ",
        "name:ja_rm": "Shinonome",
        "name:ko": "시노노메",
        "name:ru": "Синономе",
        "operator": "東京臨海高速鉄道",
        "public_transport": "station",
        "railway": "station",
        "ref": "R02",
        "station": "subway",
        "subway": "yes",
        "wikidata": "Q849094",
        "wikipedia": "ja:東雲駅 (東京都)"
      },
      "geometry": {
        "type": "Point",
        "coordinates": [
          139.8036235,
          35.64073
        ]
      },
      "id": "node/6211575889"
    },
    {
      "type": "Feature",
      "properties": {
        "@id": "node/6211575890",
        "maxspeed": "100",
        "name": "東京テレポート",
        "name:en": "Tokyo Teleport",
        "name:es": "Tokyo Teleport",
        "name:ja": "東京テレポート",
        "name:ja-Hira": "とうきょうてれぽーと",
        "name:ja_rm": "Tōkyō Terepōto",
        "name:ko": "도쿄텔레포트",
        "name:ru": "Токио Телепорт",
        "name:zh": "東京電訊",
        "name:zh-Hans": "东京电讯",
        "operator": "東京臨海高速鉄道",
        "public_transport": "station",
        "railway": "station",
        "ref": "R04",
        "station": "subway",
        "toilets:wheelchair": "yes",
        "wheelchair": "yes",
        "wikidata": "Q906738",
        "wikipedia": "ja:東京テレポート駅"
      },
      "geometry": {
        "type": "Point",
        "coordinates": [
          139.7780908,
          35.6270927
        ]
      },
      "id": "node/6211575890"
    },
    {
      "type": "Feature",
      "properties": {
        "@id": "node/6211678481",
        "maxspeed": "100",
        "name": "天王洲アイル",
        "name:en": "Tennozu Isle",
        "name:es": "Tennozu Isle",
        "name:ja": "天王洲アイル",
        "name:ja-Hira": "てんのうずあいる",
        "name:ja_rm": "Tennōzu airu",
        "name:ko": "덴노즈아일",
        "name:ru": "Теннодзу Айл",
        "operator": "東京臨海高速鉄道",
        "public_transport": "station",
        "railway": "station",
        "ref": "R05",
        "station": "subway",
        "subway": "yes",
        "wikidata": "Q841425",
        "wikipedia": "ja:天王洲アイル駅"
      },
      "geometry": {
        "type": "Point",
        "coordinates": [
          139.7508785,
          35.6205792
        ]
      },
      "id": "node/6211678481"
    },
    {
      "type": "Feature",
      "properties": {
        "@id": "node/6211678482",
        "maxspeed": "100",
        "name": "品川シーサイド",
        "name:en": "Shinagawa Seaside",
        "name:es": "Shinagawa Seaside",
        "name:ja": "品川シーサイド",
        "name:ja-Hira": "しながわしーさいど",
        "name:ja_rm": "Shinagawa shīsaido",
        "name:ko": "시나가와시사이드",
        "operator": "東京臨海高速鉄道",
        "public_transport": "station",
        "railway": "station",
        "ref": "R06",
        "station": "subway",
        "subway": "yes",
        "train": "yes",
        "wikidata": "Q849106",
        "wikipedia": "ja:品川シーサイド駅"
      },
      "geometry": {
        "type": "Point",
        "coordinates": [
          139.7498775,
          35.6097199
        ]
      },
      "id": "node/6211678482"
    },
    {
      "type": "Feature",
      "properties": {
        "@id": "node/6211678483",
        "layer": "-1",
        "maxspeed": "100",
        "name": "大井町",
        "name:en": "Oimachi",
        "name:es": "Oimachi",
        "name:ja": "大井町",
        "name:ja-Hira": "おおいまち",
        "name:ja-Latn": "Ōimachi",
        "name:ko": "오이마치",
        "operator": "東京臨海高速鉄道",
        "public_transport": "station",
        "railway": "station",
        "ref": "R07",
        "station": "subway",
        "subway": "yes",
        "wikidata": "Q801690",
        "wikipedia": "ja:大井町駅"
      },
      "geometry": {
        "type": "Point",
        "coordinates": [
          139.7344119,
          35.6074432
        ]
      },
      "id": "node/6211678483"
    },
    {
      "type": "Feature",
      "properties": {
        "@id": "node/6214783969",
        "maxspeed": "100",
        "name": "国際展示場",
        "name:en": "Kokusai-tenjijo",
        "name:es": "Kokusai-tenjijo",
        "name:ja": "国際展示場",
        "name:ja-Hira": "こくさいてんじじょう",
        "name:ja_rm": "Kokusai Tenjijō",
        "name:ko": "고쿠사이텐지조",
        "name:ru": "Кокусай Тэндзидзё",
        "operator": "東京臨海高速鉄道",
        "public_transport": "station",
        "railway": "station",
        "ref": "R03",
        "station": "subway",
        "subway": "yes",
        "toilets:wheelchair": "yes",
        "wheelchair": "yes",
        "wikidata": "Q841567",
        "wikipedia": "ja:国際展示場駅"
      },
      "geometry": {
        "type": "Point",
        "coordinates": [
          139.7917555,
          35.6344374
        ]
      },
      "id": "node/6214783969"
    },
    {
      "type": "Feature",
      "properties": {
        "@id": "node/6214910740",
        "colour": "yellow",
        "name": "新木場",
        "name:en": "Shin-kiba",
        "name:es": "Shin-Kiba",
        "name:ja": "新木場",
        "name:ja-Hira": "しんきば",
        "name:ja_rm": "Shin-kiba",
        "name:ko": "신키바",
        "name:ru": "Синкиба",
        "operator": "東京地下鉄",
        "public_transport": "station",
        "railway": "station",
        "ref": "Y24",
        "station": "subway",
        "subway": "yes",
        "transport": "subway",
        "wheelchair": "yes",
        "wikidata": "Q1376066",
        "wikipedia": "ja:新木場駅"
      },
      "geometry": {
        "type": "Point",
        "coordinates": [
          139.8266597,
          35.6459052
        ]
      },
      "id": "node/6214910740"
    },
    {
      "type": "Feature",
      "properties": {
        "@id": "node/6217547168",
        "name": "中野坂上",
        "name:en": "Nakano-sakaue",
        "name:es": "Nakano-sakaue",
        "name:ja": "中野坂上",
        "name:ja-Hira": "なかのさかうえ",
        "name:ja_rm": "Nakano sakaue",
        "name:ko": "나카노사카우에",
        "name:ru": "Накано Сакауэ",
        "operator": "東京地下鉄",
        "platforms": "4",
        "public_transport": "station",
        "railway": "station",
        "ref": "M06",
        "station": "subway",
        "subway": "yes",
        "wheelchair": "yes",
        "wikidata": "Q275436",
        "wikipedia": "ja:中野坂上駅"
      },
      "geometry": {
        "type": "Point",
        "coordinates": [
          139.6817498,
          35.6971173
        ]
      },
      "id": "node/6217547168"
    },
    {
      "type": "Feature",
      "properties": {
        "@id": "node/6217625964",
        "name": "中野坂上",
        "name:en": "Nakano-sakaue",
        "name:es": "Nakano-sakaue",
        "name:ja": "中野坂上",
        "name:ja-Hira": "なかのさかうえ",
        "name:ja_rm": "Nakano sakaue",
        "name:ko": "나카노사카우에",
        "name:ru": "Накано Сакауэ",
        "network": "都営地下鉄",
        "network:en": "Toei subway",
        "operator": "東京都交通局",
        "operator:en": "Toei",
        "operator:wikidata": "Q1377135",
        "public_transport": "station",
        "railway": "station",
        "ref": "E30",
        "station": "subway",
        "subway": "yes",
        "wheelchair": "limited",
        "wikidata": "Q275436",
        "wikipedia": "ja:中野坂上駅"
      },
      "geometry": {
        "type": "Point",
        "coordinates": [
          139.6829208,
          35.6972839
        ]
      },
      "id": "node/6217625964"
    },
    {
      "type": "Feature",
      "properties": {
        "@id": "node/6219132765",
        "name": "表参道",
        "name:en": "Omote-sando",
        "name:es": "Omote-sando",
        "name:fr": "Omote-sando",
        "name:it": "Omote-sando",
        "name:ja": "表参道",
        "name:ja-Hira": "おもてさんどう",
        "name:ja-Latn": "Omote-sandō",
        "name:ja_rm": "Omote Sandō",
        "name:ko": "오모테산도",
        "name:ru": "Омотэсандо",
        "name:th": "โอโมเตะซันโด",
        "name:zh": "表参道",
        "network": "銀座線;千代田線;半蔵門線",
        "operator": "東京地下鉄",
        "public_transport": "station",
        "railway": "station",
        "ref": "G02;C04;Z02",
        "source": "Survey",
        "station": "subway",
        "subway": "yes",
        "transport": "subway",
        "wheelchair": "yes",
        "wikidata": "Q1326733",
        "wikipedia": "ja:表参道駅"
      },
      "geometry": {
        "type": "Point",
        "coordinates": [
          139.7125432,
          35.6651609
        ]
      },
      "id": "node/6219132765"
    },
    {
      "type": "Feature",
      "properties": {
        "@id": "node/6219204314",
        "colour": "orange",
        "name": "渋谷",
        "name:en": "Shibuya",
        "name:es": "Shibuya",
        "name:ja": "渋谷",
        "name:ja-Hira": "しぶや",
        "name:ja-Latn": "Shibuya",
        "name:ko": "시부야",
        "name:ru": "Сибуя",
        "name:th": "ชิบูยะ",
        "name:zh": "涩谷",
        "network": "銀座線",
        "operator": "東京地下鉄",
        "operator:en": "Tokyo Metro",
        "public_transport": "station",
        "railway": "station",
        "ref": "G01",
        "source": "Knowledge;survey",
        "station": "subway",
        "subway": "yes",
        "website": "https://www.tokyometro.jp/lang_en/station/shibuya/index.html",
        "wheelchair": "yes",
        "wikidata": "Q428811",
        "wikipedia": "ja:渋谷駅"
      },
      "geometry": {
        "type": "Point",
        "coordinates": [
          139.7024447,
          35.658999
        ]
      },
      "id": "node/6219204314"
    },
    {
      "type": "Feature",
      "properties": {
        "@id": "node/6219636719",
        "colour": "brown",
        "name": "渋谷",
        "name:en": "Shibuya",
        "name:es": "Shibuya",
        "name:fr": "Shibuya",
        "name:ja": "渋谷",
        "name:ja-Hira": "しぶや",
        "name:ja_rm": "Shibuya",
        "name:ko": "시부야",
        "name:ru": "Сибуя",
        "network": "東急電鉄;東京地下鉄",
        "network:en": "Tokyu Railways;Tokyo Metro",
        "network:ja": "東急電鉄",
        "network:wikidata": "Q80229029",
        "operator": "東急電鉄",
        "operator:en": "Tokyu Railways",
        "platforms": "4",
        "public_transport": "station",
        "railway": "station",
        "ref": "T01;F16",
        "source": "KSJ2;Tokyo Metro Co.,Ltd.",
        "station": "subway",
        "subway": "yes",
        "train": "yes",
        "website": "https://www.tokyometro.jp/lang_en/station/shibuya/index.html",
        "wheelchair": "yes",
        "wikidata": "Q428811",
        "wikipedia": "ja:渋谷駅"
      },
      "geometry": {
        "type": "Point",
        "coordinates": [
          139.7028426,
          35.6584501
        ]
      },
      "id": "node/6219636719"
    },
    {
      "type": "Feature",
      "properties": {
        "@id": "node/6219656544",
        "colour": "purple",
        "name": "渋谷",
        "name:en": "Shibuya",
        "name:es": "Shibuya",
        "name:fr": "Shibuya",
        "name:ja": "渋谷",
        "name:ja-Hira": "しぶや",
        "name:ja_rm": "Shibuya",
        "name:ko": "시부야",
        "name:ru": "Сибуя",
        "public_transport": "station",
        "railway": "station",
        "ref": "DT01;Z01",
        "source": "KSJ2",
        "station": "subway",
        "subway": "yes",
        "wheelchair": "yes",
        "wikidata": "Q428811",
        "wikipedia": "ja:渋谷駅"
      },
      "geometry": {
        "type": "Point",
        "coordinates": [
          139.701972,
          35.659501
        ]
      },
      "id": "node/6219656544"
    },
    {
      "type": "Feature",
      "properties": {
        "@id": "node/6227812514",
        "name": "六本木一丁目",
        "name:en": "Roppongi-itchome",
        "name:es": "Roppongi-itchome",
        "name:ja": "六本木一丁目",
        "name:ko": "롯폰기1초메",
        "name:ru": "Роппонги-иттёме",
        "operator": "東京地下鉄",
        "platforms": "2",
        "public_transport": "station",
        "railway": "station",
        "ref": "N05",
        "station": "subway",
        "subway": "yes",
        "wikidata": "Q1073717"
      },
      "geometry": {
        "type": "Point",
        "coordinates": [
          139.738849,
          35.6649728
        ]
      },
      "id": "node/6227812514"
    },
    {
      "type": "Feature",
      "properties": {
        "@id": "node/6230838993",
        "colour": "orange",
        "name": "新橋",
        "name:en": "Shimbashi",
        "name:es": "Shimbashi",
        "name:fr": "Shimbashi",
        "name:ja": "新橋",
        "name:ja-Hira": "しんばし",
        "name:ja_rm": "Shimbashi",
        "name:ko": "신바시",
        "name:ru": "Симбаси",
        "name:zh": "新橋",
        "network": "ロ銀座線",
        "operator": "東京地下鉄",
        "public_transport": "station",
        "railway": "station",
        "ref": "G08",
        "station": "subway",
        "subway": "yes",
        "transport": "subway",
        "wheelchair": "yes",
        "wikidata": "Q801436",
        "wikipedia": "ja:新橋駅"
      },
      "geometry": {
        "type": "Point",
        "coordinates": [
          139.7588592,
          35.6671895
        ]
      },
      "id": "node/6230838993"
    },
    {
      "type": "Feature",
      "properties": {
        "@id": "node/6231153217",
        "fax": "+81 3 34311370",
        "name": "新橋",
        "name:en": "Shimbashi",
        "name:es": "Shimbashi",
        "name:fr": "Shimbashi",
        "name:ja": "新橋",
        "name:ja-Hira": "しんばし",
        "name:ja_rm": "Shimbashi",
        "name:ko": "신바시",
        "name:ru": "Симбаси",
        "network": "都営地下鉄",
        "network:en": "Toei subway",
        "operator": "東京都交通局",
        "operator:en": "Toei",
        "operator:wikidata": "Q1377135",
        "phone": "+81 3 35711693",
        "public_transport": "station",
        "railway": "station",
        "ref": "A10",
        "station": "subway",
        "subway": "yes",
        "wheelchair": "yes",
        "wikidata": "Q801436",
        "wikipedia": "ja:新橋駅"
      },
      "geometry": {
        "type": "Point",
        "coordinates": [
          139.759388,
          35.6654012
        ]
      },
      "id": "node/6231153217"
    },
    {
      "type": "Feature",
      "properties": {
        "@id": "node/6231304485",
        "internet_access": "wlan",
        "internet_access:fee": "no",
        "internet_access:ssid": "Metro_Free_Wi-Fi",
        "name": "日比谷",
        "name:en": "Hibiya",
        "name:es": "Hibiya",
        "name:ja": "日比谷",
        "name:ko": "히비야",
        "network": "日比谷線",
        "operator": "東京地下鉄",
        "public_transport": "station",
        "railway": "station",
        "ref": "H07",
        "station": "subway",
        "subway": "yes",
        "transport": "subway",
        "wheelchair": "yes"
      },
      "geometry": {
        "type": "Point",
        "coordinates": [
          139.760332,
          35.6744172
        ]
      },
      "id": "node/6231304485"
    },
    {
      "type": "Feature",
      "properties": {
        "@id": "node/6231308300",
        "local_ref": "1",
        "monorail": "yes",
        "name": "汐留",
        "name:en": "Shiodome",
        "name:es": "Shiodome",
        "name:ja": "汐留",
        "name:ja-Hira": "しおどめ",
        "name:ja-Latn": "Shiodome",
        "name:ko": "시오도메",
        "name:ru": "Сиодомэ",
        "network": "ゆりかもめ東京臨海新交通臨海線",
        "public_transport": "stop_position",
        "railway": "stop",
        "ref": "U02"
      },
      "geometry": {
        "type": "Point",
        "coordinates": [
          139.7600204,
          35.6629015
        ]
      },
      "id": "node/6231308300"
    },
    {
      "type": "Feature",
      "properties": {
        "@id": "node/6231339938",
        "alt_name": "シオサイト",
        "name": "汐留",
        "name:en": "Shiodome",
        "name:es": "Shiodome",
        "name:ja": "汐留",
        "name:ja-Hira": "しおどめ",
        "name:ja_rm": "Shiodome",
        "name:ko": "시오도메",
        "network": "都営地下鉄",
        "network:en": "Toei subway",
        "operator": "東京都交通局",
        "operator:en": "Toei",
        "operator:wikidata": "Q1377135",
        "public_transport": "station",
        "railway": "station",
        "ref": "E19",
        "station": "subway",
        "subway": "yes",
        "wikidata": "Q1063299",
        "wikipedia": "ja:汐留駅"
      },
      "geometry": {
        "type": "Point",
        "coordinates": [
          139.7602718,
          35.6632377
        ]
      },
      "id": "node/6231339938"
    },
    {
      "type": "Feature",
      "properties": {
        "@id": "node/6231339941",
        "alt_name": "シオサイト",
        "colour": "violet",
        "name": "汐留",
        "name:en": "Shiodome",
        "name:es": "Shiodome",
        "name:ja": "汐留",
        "name:ja-Hira": "しおどめ",
        "name:ja_rm": "Shiodome",
        "network": "都営地下鉄",
        "network:en": "Toei subway",
        "operator": "東京都交通局",
        "operator:en": "Toei",
        "operator:wikidata": "Q1377135",
        "public_transport": "stop_position",
        "railway": "stop",
        "ref": "E19",
        "station": "subway",
        "subway": "yes",
        "wikidata": "Q1063299",
        "wikipedia": "ja:汐留駅"
      },
      "geometry": {
        "type": "Point",
        "coordinates": [
          139.7603251,
          35.6632061
        ]
      },
      "id": "node/6231339941"
    },
    {
      "type": "Feature",
      "properties": {
        "@id": "node/6233024957",
        "layer": "2",
        "level": "2",
        "monorail": "yes",
        "name": "整備場",
        "name:en": "Seibijo",
        "name:es": "Seibijo",
        "name:ja": "整備場",
        "name:ja-Hira": "せいびじょう",
        "name:ja-Latn": "Seibijō",
        "operator": "東京モノレール",
        "public_transport": "stop_position",
        "railway": "stop",
        "ref": "MO06",
        "wikipedia": "ja:整備場駅"
      },
      "geometry": {
        "type": "Point",
        "coordinates": [
          139.7533425,
          35.5551651
        ]
      },
      "id": "node/6233024957"
    },
    {
      "type": "Feature",
      "properties": {
        "@id": "node/6233024958",
        "layer": "2",
        "level": "2",
        "monorail": "yes",
        "name": "整備場",
        "name:en": "Seibijo",
        "name:es": "Seibijo",
        "name:ja": "整備場",
        "name:ja-Hira": "せいびじょう",
        "name:ja-Latn": "Seibijō",
        "operator": "東京モノレール",
        "public_transport": "stop_position",
        "railway": "stop",
        "ref": "MO06",
        "wikipedia": "ja:整備場駅"
      },
      "geometry": {
        "type": "Point",
        "coordinates": [
          139.7533778,
          35.5551633
        ]
      },
      "id": "node/6233024958"
    },
    {
      "type": "Feature",
      "properties": {
        "@id": "node/6233024959",
        "level": "-1",
        "monorail": "yes",
        "name": "天空橋",
        "name:en": "Tenkubashi",
        "name:es": "Tenkubashi",
        "name:ja": "天空橋",
        "name:ko": "덴쿠바시",
        "operator": "東京モノレール",
        "public_transport": "stop_position",
        "railway": "stop",
        "ref": "MO07"
      },
      "geometry": {
        "type": "Point",
        "coordinates": [
          139.7543453,
          35.5489762
        ]
      },
      "id": "node/6233024959"
    },
    {
      "type": "Feature",
      "properties": {
        "@id": "node/6233024960",
        "level": "-1",
        "monorail": "yes",
        "name": "天空橋",
        "name:en": "Tenkubashi",
        "name:es": "Tenkubashi",
        "name:ja": "天空橋",
        "name:ko": "덴쿠바시",
        "operator": "東京モノレール",
        "public_transport": "stop_position",
        "railway": "stop",
        "ref": "MO07"
      },
      "geometry": {
        "type": "Point",
        "coordinates": [
          139.7543945,
          35.5489899
        ]
      },
      "id": "node/6233024960"
    },
    {
      "type": "Feature",
      "properties": {
        "@id": "node/6233025300",
        "level": "-2",
        "monorail": "yes",
        "name": "新整備場",
        "name:en": "Shinseibijo",
        "name:es": "Shinseibijo",
        "name:it": "Shin-Seibijo",
        "name:ja": "新整備場",
        "name:ja-Hira": "しんせいびじょう",
        "name:ja-Latn": "Shin-Seibijō",
        "name:ko": "신세이비조",
        "name:ru": "Синсэйбидзё",
        "public_transport": "stop_position",
        "railway": "stop",
        "ref": "MO09"
      },
      "geometry": {
        "type": "Point",
        "coordinates": [
          139.7868127,
          35.542837
        ]
      },
      "id": "node/6233025300"
    },
    {
      "type": "Feature",
      "properties": {
        "@id": "node/6233025301",
        "level": "-2",
        "monorail": "yes",
        "name": "新整備場",
        "name:en": "Shinseibijo",
        "name:es": "Shinseibijo",
        "name:it": "Shin-Seibijo",
        "name:ja": "新整備場",
        "name:ja-Hira": "しんせいびじょう",
        "name:ja-Latn": "Shin-Seibijō",
        "name:ko": "신세이비조",
        "name:ru": "Синсэйбидзё",
        "public_transport": "stop_position",
        "railway": "stop",
        "ref": "MO09"
      },
      "geometry": {
        "type": "Point",
        "coordinates": [
          139.7868577,
          35.5428155
        ]
      },
      "id": "node/6233025301"
    },
    {
      "type": "Feature",
      "properties": {
        "@id": "node/6233041642",
        "local_ref": "2",
        "monorail": "yes",
        "name": "羽田空港第2ターミナル",
        "name:en": "Haneda Airport Terminal 2",
        "name:es": "Haneda Airport Terminal 2",
        "name:it": "Haneda Aeroporto Terminal 2",
        "name:ja": "羽田空港第2ターミナル",
        "name:ja-Hira": "はねだくうこうだいにたーみなる",
        "name:ja-Latn": "Haneda kūkō dai-ni tāminaru",
        "name:ko": "하네다공항 제2터미널",
        "name:ru": "Терминал №2 аэропорта Ханэда",
        "name:zh": "羽田机场第2大楼",
        "operator": "東京モノレール",
        "public_transport": "stop_position",
        "railway": "stop",
        "ref": "MO11",
        "wheelchair": "yes",
        "wikidata": "Q5647754",
        "wikipedia": "ja:羽田空港第2ターミナル駅"
      },
      "geometry": {
        "type": "Point",
        "coordinates": [
          139.7882856,
          35.5508377
        ]
      },
      "id": "node/6233041642"
    },
    {
      "type": "Feature",
      "properties": {
        "@id": "node/6233041643",
        "local_ref": "1",
        "monorail": "yes",
        "name": "羽田空港第2ターミナル",
        "name:en": "Haneda Airport Terminal 2",
        "name:es": "Haneda Airport Terminal 2",
        "name:it": "Haneda Aeroporto Terminal 2",
        "name:ja": "羽田空港第2ターミナル",
        "name:ja-Hira": "はねだくうこうだいにたーみなる",
        "name:ja-Latn": "Haneda kūkō dai-ni tāminaru",
        "name:ko": "하네다공항 제2터미널",
        "name:ru": "Терминал №2 аэропорта Ханэда",
        "name:zh": "羽田机场第2大楼",
        "old_name": "羽田空港第2ビル",
        "operator": "東京モノレール",
        "public_transport": "stop_position",
        "railway": "stop",
        "ref": "MO11",
        "wheelchair": "yes",
        "wikidata": "Q5647754",
        "wikipedia": "ja:羽田空港第2ターミナル駅"
      },
      "geometry": {
        "type": "Point",
        "coordinates": [
          139.7882329,
          35.5508149
        ]
      },
      "id": "node/6233041643"
    },
    {
      "type": "Feature",
      "properties": {
        "@id": "node/6233192379",
        "level": "-2",
        "local_ref": "2",
        "monorail": "yes",
        "name": "羽田空港第1ターミナル",
        "name:en": "Haneda Airport Terminal 1",
        "name:es": "Haneda Airport Terminal 1",
        "name:it": "Haneda Aeroporto Terminal 1",
        "name:ja": "羽田空港第1ターミナル",
        "name:ja-Hira": "はねだくうこうだいいちたーみなる",
        "name:ja-Latn": "Haneda kūkō daiichi tāminaru",
        "name:ko": "하네다공항 제1터미널",
        "name:ru": "Терминал №1 аэропорта Ханэда",
        "name:zh": "羽田机场第1大楼",
        "old_name": "羽田空港第1ビル",
        "operator": "東京モノレール",
        "public_transport": "stop_position",
        "railway": "stop",
        "ref": "MO10",
        "wikidata": "Q5647752",
        "wikipedia": "ja:羽田空港第1ターミナル駅"
      },
      "geometry": {
        "type": "Point",
        "coordinates": [
          139.7845042,
          35.5491467
        ]
      },
      "id": "node/6233192379"
    },
    {
      "type": "Feature",
      "properties": {
        "@id": "node/6233192380",
        "level": "-2",
        "local_ref": "1",
        "monorail": "yes",
        "name": "羽田空港第1ターミナル",
        "name:en": "Haneda Airport Terminal 1",
        "name:es": "Haneda Airport Terminal 1",
        "name:it": "Haneda Aeroporto Terminal 1",
        "name:ja": "羽田空港第1ターミナル",
        "name:ja-Hira": "はねだくうこうだいいちたーみなる",
        "name:ja-Latn": "Haneda kūkō daiichi tāminaru",
        "name:ko": "하네다공항 제1터미널",
        "name:ru": "Терминал №1 аэропорта Ханэда",
        "name:zh": "羽田机场第1大楼",
        "old_name": "羽田空港第1ビル",
        "operator": "東京モノレール",
        "public_transport": "stop_position",
        "railway": "stop",
        "ref": "MO10",
        "wikidata": "Q5647752",
        "wikipedia": "ja:羽田空港第1ターミナル駅"
      },
      "geometry": {
        "type": "Point",
        "coordinates": [
          139.7845895,
          35.5491856
        ]
      },
      "id": "node/6233192380"
    },
    {
      "type": "Feature",
      "properties": {
        "@id": "node/6233196291",
        "monorail": "yes",
        "name": "羽田空港第3ターミナル",
        "name:en": "Haneda Airport Terminal 3",
        "name:es": "Haneda Airport Terminal 3",
        "name:it": "Haneda Aeroporto Terminal 3",
        "name:ja": "羽田空港第3ターミナル",
        "name:ja-Hira": "はねだくうこうだいさんたーみなる",
        "name:ja-Latn": "Haneda kūkō dai-san tāminaru",
        "name:ko": "하네다 공항 제3 터미널",
        "name:ru": "Аэропорт Ханеда Терминал 3",
        "name:zh": "羽田机场3号航站楼",
        "network": "東京モノレール",
        "old_name": "羽田空港国際線ビル",
        "operator": "東京モノレール株式会社",
        "public_transport": "stop_position",
        "railway": "stop",
        "ref": "MO08"
      },
      "geometry": {
        "type": "Point",
        "coordinates": [
          139.7686275,
          35.5438787
        ]
      },
      "id": "node/6233196291"
    },
    {
      "type": "Feature",
      "properties": {
        "@id": "node/6233196292",
        "monorail": "yes",
        "name": "羽田空港第3ターミナル",
        "name:en": "Haneda Airport Terminal 3",
        "name:es": "Haneda Airport Terminal 3",
        "name:it": "Haneda Aeroporto Terminal 3",
        "name:ja": "羽田空港第3ターミナル",
        "name:ja-Hira": "はねだくうこうだいさんたーみなる",
        "name:ja-Latn": "Haneda kūkō dai-san tāminaru",
        "name:ko": "하네다 공항 제3 터미널",
        "name:ru": "Аэропорт Ханеда Терминал 3",
        "name:zh": "羽田机场3号航站楼",
        "network": "東京モノレール",
        "old_name": "羽田空港国際線ビル",
        "operator": "東京モノレール株式会社",
        "public_transport": "stop_position",
        "railway": "stop",
        "ref": "MO08"
      },
      "geometry": {
        "type": "Point",
        "coordinates": [
          139.7686676,
          35.5438943
        ]
      },
      "id": "node/6233196292"
    },
    {
      "type": "Feature",
      "properties": {
        "@id": "node/6233228615",
        "level": "2",
        "monorail": "yes",
        "name": "流通センター",
        "name:en": "Ryutsu Center",
        "name:es": "Ryutsu Center",
        "name:ja": "流通センター",
        "operator": "東京モノレール",
        "public_transport": "stop_position",
        "railway": "stop",
        "ref": "MO04",
        "wikipedia": "ja:流通センター駅流通センター"
      },
      "geometry": {
        "type": "Point",
        "coordinates": [
          139.749107,
          35.581679
        ]
      },
      "id": "node/6233228615"
    },
    {
      "type": "Feature",
      "properties": {
        "@id": "node/6233228616",
        "level": "2",
        "monorail": "yes",
        "name": "流通センター",
        "name:en": "Ryutsu Center",
        "name:es": "Ryutsu Center",
        "name:ja": "流通センター",
        "operator": "東京モノレール",
        "public_transport": "stop_position",
        "railway": "stop",
        "ref": "MO04",
        "wikipedia": "ja:流通センター駅流通センター"
      },
      "geometry": {
        "type": "Point",
        "coordinates": [
          139.7491442,
          35.5816902
        ]
      },
      "id": "node/6233228616"
    },
    {
      "type": "Feature",
      "properties": {
        "@id": "node/6233258068",
        "level": "4",
        "monorail": "yes",
        "name": "モノレール浜松町",
        "name:en": "Monorail Hamamatsucho",
        "name:es": "Monorail Hamamatsucho",
        "name:ja": "モノレール浜松町",
        "name:ja-Hira": "ものれーるはままつちょう",
        "name:ja-Latn": "Monorēru Hamamatsuchō",
        "name:ko": "모노레일 하마마츠쵸역",
        "name:ru": "Хамамацутё (монорельс)",
        "name:zh": "單軌電車濱松町",
        "network": "東京モノレール",
        "operator": "東京モノレール株式会社",
        "public_transport": "stop_position",
        "railway": "stop",
        "ref": "MO01"
      },
      "geometry": {
        "type": "Point",
        "coordinates": [
          139.7567934,
          35.6555976
        ]
      },
      "id": "node/6233258068"
    },
    {
      "type": "Feature",
      "properties": {
        "@id": "node/6233288126",
        "monorail": "yes",
        "name": "天王洲アイル",
        "name:en": "Tennozu Isle",
        "name:es": "Tennozu Isle",
        "name:ja": "天王洲アイル",
        "name:ja-Hira": "てんのうずあいる",
        "name:ja-Latn": "Tennōzu airu",
        "name:ko": "덴노즈아일",
        "name:ru": "Тэннодзу Айл",
        "network": "東京モノレール",
        "operator": "東京モノレール",
        "public_transport": "stop_position",
        "railway": "stop",
        "ref": "MO02"
      },
      "geometry": {
        "type": "Point",
        "coordinates": [
          139.7507709,
          35.6227409
        ]
      },
      "id": "node/6233288126"
    },
    {
      "type": "Feature",
      "properties": {
        "@id": "node/6233288127",
        "monorail": "yes",
        "name": "天王洲アイル",
        "name:en": "Tennozu Isle",
        "name:es": "Tennozu Isle",
        "name:ja": "天王洲アイル",
        "name:ja-Hira": "てんのうずあいる",
        "name:ja-Latn": "Tennōzu airu",
        "name:ko": "덴노즈아일",
        "name:ru": "Тэннодзу Айл",
        "network": "東京モノレール",
        "operator": "東京モノレール",
        "public_transport": "stop_position",
        "railway": "stop",
        "ref": "MO02"
      },
      "geometry": {
        "type": "Point",
        "coordinates": [
          139.7508064,
          35.6227519
        ]
      },
      "id": "node/6233288127"
    },
    {
      "type": "Feature",
      "properties": {
        "@id": "node/6233306619",
        "monorail": "yes",
        "name": "大井競馬場前",
        "name:en": "Oikeibajo-Mae",
        "name:es": "Oikeibajo-Mae",
        "name:ja": "大井競馬場前",
        "name:ja-Hira": "おおいけいばじょうまえ",
        "name:ja-Latn": "Ōi keibajō mae",
        "name:ko": "오이경마장앞",
        "name:ru": "Ои-Кэйбадзёмаэ",
        "operator": "東京モノレール",
        "public_transport": "stop_position",
        "railway": "stop",
        "ref": "MO03"
      },
      "geometry": {
        "type": "Point",
        "coordinates": [
          139.7470367,
          35.5951314
        ]
      },
      "id": "node/6233306619"
    },
    {
      "type": "Feature",
      "properties": {
        "@id": "node/6233306620",
        "monorail": "yes",
        "name": "大井競馬場前",
        "name:en": "Oikeibajo-Mae",
        "name:es": "Oikeibajo-Mae",
        "name:ja": "大井競馬場前",
        "name:ja-Hira": "おおいけいばじょうまえ",
        "name:ja-Latn": "Ōi keibajō mae",
        "name:ko": "오이경마장앞",
        "name:ru": "Ои-Кэйбадзёмаэ",
        "operator": "東京モノレール",
        "public_transport": "stop_position",
        "railway": "stop",
        "ref": "MO03"
      },
      "geometry": {
        "type": "Point",
        "coordinates": [
          139.7470745,
          35.5951293
        ]
      },
      "id": "node/6233306620"
    },
    {
      "type": "Feature",
      "properties": {
        "@id": "node/6233329985",
        "local_ref": "3",
        "monorail": "yes",
        "name": "昭和島",
        "name:en": "Showajima",
        "name:es": "Showajima",
        "name:ja": "昭和島",
        "name:ko": "쇼와지마",
        "operator": "東京モノレール",
        "public_transport": "stop_position",
        "railway": "stop",
        "ref": "MO05"
      },
      "geometry": {
        "type": "Point",
        "coordinates": [
          139.7499321,
          35.5706826
        ]
      },
      "id": "node/6233329985"
    },
    {
      "type": "Feature",
      "properties": {
        "@id": "node/6233329986",
        "local_ref": "2",
        "monorail": "yes",
        "name": "昭和島",
        "name:en": "Showajima",
        "name:es": "Showajima",
        "name:ja": "昭和島",
        "name:ko": "쇼와지마",
        "operator": "東京モノレール",
        "public_transport": "stop_position",
        "railway": "stop",
        "ref": "MO05"
      },
      "geometry": {
        "type": "Point",
        "coordinates": [
          139.7500007,
          35.5707768
        ]
      },
      "id": "node/6233329986"
    },
    {
      "type": "Feature",
      "properties": {
        "@id": "node/6233834712",
        "colour": "blue",
        "name": "芝公園",
        "name:en": "Shibakoen",
        "name:es": "Shibakoen",
        "name:ja": "芝公園",
        "name:ja-Hira": "しばこうえん",
        "name:ja_rm": "Shiba kōen",
        "name:ko": "시바코엔",
        "name:ru": "Сиба Коэн",
        "network": "都営地下鉄",
        "network:en": "Toei subway",
        "operator": "東京都交通局",
        "operator:en": "Toei",
        "operator:wikidata": "Q1377135",
        "public_transport": "station",
        "railway": "station",
        "ref": "I05",
        "station": "subway",
        "subway": "yes",
        "transport": "subway",
        "wheelchair": "yes",
        "wikidata": "Q905609",
        "wikipedia": "ja:芝公園駅"
      },
      "geometry": {
        "type": "Point",
        "coordinates": [
          139.7498924,
          35.654237
        ]
      },
      "id": "node/6233834712"
    },
    {
      "type": "Feature",
      "properties": {
        "@id": "node/6234960537",
        "light_rail": "yes",
        "name": "舎人",
        "name:en": "Toneri",
        "name:es": "Toneri",
        "name:ja": "舎人",
        "name:ja-Hira": "とねり",
        "name:ja_rm": "Toneri",
        "name:ko": "도네리",
        "operator": "東京都交通局",
        "public_transport": "station",
        "railway": "station",
        "ref": "NT12",
        "station": "light_rail",
        "toilets:wheelchair": "yes",
        "wheelchair": "yes",
        "wikidata": "Q7820886",
        "wikipedia": "ja:舎人駅"
      },
      "geometry": {
        "type": "Point",
        "coordinates": [
          139.7701164,
          35.8056634
        ]
      },
      "id": "node/6234960537"
    },
    {
      "type": "Feature",
      "properties": {
        "@id": "node/6234960538",
        "alt_name:ko": "도네리코엔",
        "light_rail": "yes",
        "name": "舎人公園",
        "name:en": "Toneri-koen",
        "name:es": "Toneri-koen",
        "name:ja": "舎人公園",
        "name:ja-Hira": "とねりこうえん",
        "name:ja_rm": "Toneri kōen",
        "name:ko": "도네리공원",
        "operator": "東京都交通局",
        "public_transport": "station",
        "railway": "station",
        "ref": "11",
        "station": "light_rail",
        "toilets:wheelchair": "yes",
        "wheelchair": "yes",
        "wikidata": "Q7820883",
        "wikipedia": "ja:舎人公園駅"
      },
      "geometry": {
        "type": "Point",
        "coordinates": [
          139.7701613,
          35.7963713
        ]
      },
      "id": "node/6234960538"
    },
    {
      "type": "Feature",
      "properties": {
        "@id": "node/6234995903",
        "light_rail": "yes",
        "name": "谷在家",
        "name:en": "Yazaike",
        "name:es": "Yazaike",
        "name:ja": "谷在家",
        "name:ja-Hira": "やざいけ",
        "name:ja_rm": "Yazaike",
        "name:ko": "야자이케",
        "operator": "東京都交通局",
        "public_transport": "station",
        "railway": "station",
        "ref": "10",
        "station": "light_rail",
        "toilets:wheelchair": "yes",
        "wheelchair": "yes",
        "wikidata": "Q8050564",
        "wikipedia": "ja:谷在家駅"
      },
      "geometry": {
        "type": "Point",
        "coordinates": [
          139.7700523,
          35.7887298
        ]
      },
      "id": "node/6234995903"
    },
    {
      "type": "Feature",
      "properties": {
        "@id": "node/6234995904",
        "light_rail": "yes",
        "name": "江北",
        "name:en": "Kohoku",
        "name:es": "Kohoku",
        "name:ja": "江北",
        "name:ja-Hira": "こうほく",
        "name:ja_rm": "Kōhoku",
        "name:ko": "고호쿠",
        "operator": "東京都交通局",
        "public_transport": "station",
        "railway": "station",
        "ref": "08",
        "station": "light_rail",
        "toilets:wheelchair": "yes",
        "wheelchair": "yes",
        "wikidata": "Q6455131",
        "wikipedia": "ja:江北駅"
      },
      "geometry": {
        "type": "Point",
        "coordinates": [
          139.7703113,
          35.7738081
        ]
      },
      "id": "node/6234995904"
    },
    {
      "type": "Feature",
      "properties": {
        "@id": "node/6234995905",
        "light_rail": "yes",
        "name": "高野",
        "name:en": "Koya",
        "name:ja": "高野",
        "name:ja-Hira": "こうや",
        "name:ja_rm": "Kōya",
        "name:ko": "고야",
        "operator": "東京都交通局",
        "public_transport": "station",
        "railway": "station",
        "ref": "NT07",
        "station": "light_rail",
        "toilets:wheelchair": "yes",
        "wheelchair": "yes",
        "wikidata": "Q6455332",
        "wikipedia": "ja:高野駅 (東京都)"
      },
      "geometry": {
        "type": "Point",
        "coordinates": [
          139.7706994,
          35.7685095
        ]
      },
      "id": "node/6234995905"
    },
    {
      "type": "Feature",
      "properties": {
        "@id": "node/6234995906",
        "light_rail": "yes",
        "name": "扇大橋",
        "name:en": "Ogi-ohashi",
        "name:es": "Ogi-ohashi",
        "name:ja": "扇大橋",
        "name:ja-Hira": "おうぎおおはし",
        "name:ja_rm": "Ōgi ōhashi",
        "name:ko": "오기오하시",
        "operator": "東京都交通局",
        "public_transport": "station",
        "railway": "station",
        "ref": "06",
        "station": "light_rail",
        "toilets:wheelchair": "yes",
        "wheelchair": "yes",
        "wikidata": "Q8081475",
        "wikipedia": "ja:扇大橋駅"
      },
      "geometry": {
        "type": "Point",
        "coordinates": [
          139.7708262,
          35.7639694
        ]
      },
      "id": "node/6234995906"
    },
    {
      "type": "Feature",
      "properties": {
        "@id": "node/6235000937",
        "addr:city": "足立区",
        "addr:province": "東京都",
        "light_rail": "yes",
        "name": "足立小台",
        "name:en": "Adachi-odai",
        "name:es": "Adachi-odai",
        "name:ja": "足立小台",
        "name:ja-Hira": "あだちおだい",
        "name:ja_rm": "Adachi Odai",
        "name:ko": "아다치오다이",
        "network": "日暮里・舎人ライナー",
        "operator": "東京都交通局",
        "public_transport": "station",
        "railway": "station",
        "ref": "NT05",
        "start_date": "2008-03-30",
        "station": "light_rail",
        "toilets:wheelchair": "yes",
        "wheelchair": "yes",
        "wikidata": "Q4678340",
        "wikipedia": "ja:足立小台駅"
      },
      "geometry": {
        "type": "Point",
        "coordinates": [
          139.7703819,
          35.7546937
        ]
      },
      "id": "node/6235000937"
    },
    {
      "type": "Feature",
      "properties": {
        "@id": "node/6235000939",
        "light_rail": "yes",
        "name": "熊野前",
        "name:en": "Kumanomae",
        "name:es": "Kumanomae",
        "name:ja": "熊野前",
        "name:ja-Hira": "くまのまえ",
        "name:ja_rm": "Kumanomae",
        "name:ko": "구마노마에",
        "operator": "東京都交通局",
        "public_transport": "station",
        "railway": "station",
        "ref": "NT04",
        "station": "light_rail",
        "toilets:wheelchair": "yes",
        "wheelchair": "yes",
        "wikidata": "Q6443453",
        "wikipedia": "ja:熊野前駅"
      },
      "geometry": {
        "type": "Point",
        "coordinates": [
          139.7698441,
          35.7484991
        ]
      },
      "id": "node/6235000939"
    },
    {
      "type": "Feature",
      "properties": {
        "@id": "node/6235008973",
        "light_rail": "yes",
        "name": "西新井大師西",
        "name:en": "Nishiaraidaishi-nishi",
        "name:es": "Nishiaraidaishi-nishi",
        "name:ja": "西新井大師西",
        "name:ja-Hira": "にしあらいだいしにし",
        "name:ja_rm": "Nishiarai daishi nishi",
        "name:ko": "니시아라이다이시니시",
        "operator": "東京都交通局",
        "public_transport": "station",
        "railway": "station",
        "ref": "NT09",
        "station": "light_rail",
        "toilets:wheelchair": "yes",
        "wheelchair": "yes",
        "wikidata": "Q11628298",
        "wikipedia": "ja:西新井大師西駅"
      },
      "geometry": {
        "type": "Point",
        "coordinates": [
          139.770084,
          35.7815121
        ]
      },
      "id": "node/6235008973"
    },
    {
      "type": "Feature",
      "properties": {
        "@id": "node/6235968753",
        "name": "早稲田",
        "name:en": "Waseda",
        "name:es": "Waseda",
        "name:ja": "早稲田",
        "name:ja-Hira": "わせだ",
        "name:ja_rm": "Waseda",
        "name:ko": "와세다",
        "operator": "東京都交通局",
        "public_transport": "station",
        "railway": "station",
        "start_date": "1930-03-30",
        "tram": "yes",
        "wikidata": "Q7971386",
        "wikipedia": "ja:早稲田停留場"
      },
      "geometry": {
        "type": "Point",
        "coordinates": [
          139.7191703,
          35.711807
        ]
      },
      "id": "node/6235968753"
    },
    {
      "type": "Feature",
      "properties": {
        "@id": "node/6236061923",
        "name": "面影橋",
        "name:en": "Omokagebashi",
        "name:es": "Omokagebashi",
        "name:fr": "Omokagebashi",
        "name:ja-Hira": "おもかげばし",
        "name:ja-Latn": "Omokagebashi",
        "name:ko": "오모카게바시",
        "operator": "東京都交通局",
        "operator:wikidata": "Q1377135",
        "public_transport": "station",
        "railway": "station",
        "start_date": "1930-03-30",
        "tram": "yes",
        "wikidata": "Q11663788",
        "wikipedia": "ja:面影橋停留場"
      },
      "geometry": {
        "type": "Point",
        "coordinates": [
          139.714259,
          35.7130061
        ]
      },
      "id": "node/6236061923"
    },
    {
      "type": "Feature",
      "properties": {
        "@id": "node/6236080112",
        "name": "学習院下",
        "name:en": "Gakushuinshita",
        "name:es": "Gakushuinshita",
        "name:ja": "学習院下",
        "name:ja-Hira": "がくしゅういんした",
        "name:ja_rm": "Gakushūin shita",
        "name:ko": "가쿠슈인시타",
        "operator": "東京都交通局",
        "public_transport": "station",
        "railway": "station",
        "ref": "SA28",
        "start_date": "1914-12-25",
        "tram": "yes",
        "wheelchair": "yes",
        "wikidata": "Q10945769",
        "wikipedia": "ja:学習院下停留場"
      },
      "geometry": {
        "type": "Point",
        "coordinates": [
          139.7125211,
          35.7163541
        ]
      },
      "id": "node/6236080112"
    },
    {
      "type": "Feature",
      "properties": {
        "@id": "node/6236080113",
        "name": "都電雑司ヶ谷",
        "name:en": "Toden-zoshigaya",
        "name:ja": "都電雑司ヶ谷",
        "name:ja-Hira": "とでんぞうしがや",
        "name:ja_rm": "Toden-zōshigaya",
        "name:ko": "도덴조시가야",
        "operator": "東京都交通局",
        "public_transport": "station",
        "railway": "station",
        "ref": "SA26",
        "start_date": "1925-12-12",
        "tram": "yes",
        "wheelchair": "yes",
        "wikidata": "Q7812764",
        "wikipedia": "ja:都電雑司ヶ谷停留場"
      },
      "geometry": {
        "type": "Point",
        "coordinates": [
          139.7179309,
          35.7241989
        ]
      },
      "id": "node/6236080113"
    },
    {
      "type": "Feature",
      "properties": {
        "@id": "node/6236080114",
        "name": "東池袋四丁目",
        "name:en": "Higashi-ikebukuro-yonchome",
        "name:ja": "東池袋四丁目",
        "name:ja-Hira": "ひがしいけぶくろよんちょうめ",
        "name:ja_rm": "Higashi Ikebukuro yonchōme",
        "name:ko": "히가시이케부쿠로욘초메",
        "operator": "東京都交通局",
        "public_transport": "station",
        "railway": "station",
        "ref": "SA25",
        "start_date": "1925-12-12",
        "tram": "yes",
        "wheelchair": "yes",
        "wikidata": "Q13479437",
        "wikipedia": "ja:東池袋四丁目停留所"
      },
      "geometry": {
        "type": "Point",
        "coordinates": [
          139.7201704,
          35.7252736
        ]
      },
      "id": "node/6236080114"
    },
    {
      "type": "Feature",
      "properties": {
        "@id": "node/6236080117",
        "name": "向原",
        "name:en": "Mukohara",
        "name:ja": "向原",
        "name:ja-Hira": "むこうはら",
        "name:ja_rm": "Mukōhara",
        "name:ko": "무코하라",
        "operator": "東京都交通局",
        "public_transport": "station",
        "railway": "station",
        "ref": "SA24",
        "start_date": "1925-12-12",
        "tram": "yes",
        "wheelchair": "yes",
        "wikidata": "Q10918083",
        "wikipedia": "ja:向原停留所"
      },
      "geometry": {
        "type": "Point",
        "coordinates": [
          139.7250932,
          35.7290407
        ]
      },
      "id": "node/6236080117"
    },
    {
      "type": "Feature",
      "properties": {
        "@id": "node/6236325155",
        "name": "巣鴨新田",
        "name:en": "Sugamoshinden",
        "name:es": "Sugamoshinden",
        "name:ja": "巣鴨新田",
        "name:ja-Hira": "すがもしんでん",
        "name:ja_rm": "Sugamo shinden",
        "name:ko": "스가모신덴",
        "operator": "東京都交通局",
        "public_transport": "station",
        "railway": "station",
        "start_date": "1911-08-20",
        "tram": "yes",
        "wikidata": "Q11056416",
        "wikipedia": "ja:巣鴨新田停留所"
      },
      "geometry": {
        "type": "Point",
        "coordinates": [
          139.7277426,
          35.735513
        ]
      },
      "id": "node/6236325155"
    },
    {
      "type": "Feature",
      "properties": {
        "@id": "node/6236350648",
        "name": "庚申塚",
        "name:en": "Koshinzuka",
        "name:es": "Koshinzuka",
        "name:ja": "庚申塚",
        "name:ja-Hira": "こうしんづか",
        "name:ja_rm": "Kōshinzuka",
        "name:ko": "고신즈카",
        "operator": "東京都交通局",
        "public_transport": "station",
        "railway": "station",
        "start_date": "1911-08-20",
        "toilets:wheelchair": "no",
        "tram": "yes",
        "wheelchair": "yes",
        "wikidata": "Q11063262",
        "wikipedia": "ja:庚申塚停留所"
      },
      "geometry": {
        "type": "Point",
        "coordinates": [
          139.7297221,
          35.7396036
        ]
      },
      "id": "node/6236350648"
    },
    {
      "type": "Feature",
      "properties": {
        "@id": "node/6236350649",
        "name": "新庚申塚",
        "name:en": "Shin-koshinzuka",
        "name:es": "Shin-koshinzuka",
        "name:ja": "新庚申塚",
        "name:ja-Hira": "しんこうしんづか",
        "name:ja_rm": "Shin Kōshinzuka",
        "name:ko": "신고신즈카",
        "operator": "東京都交通局",
        "public_transport": "station",
        "railway": "station",
        "start_date": "1911-08-20",
        "tram": "yes",
        "wikidata": "Q8191303",
        "wikipedia": "ja:新庚申塚停留場"
      },
      "geometry": {
        "type": "Point",
        "coordinates": [
          139.7306336,
          35.7415243
        ]
      },
      "id": "node/6236350649"
    },
    {
      "type": "Feature",
      "properties": {
        "@id": "node/6236350650",
        "name": "西ヶ原四丁目",
        "name:en": "Nishigahara-yonchome",
        "name:ja": "西ヶ原四丁目",
        "name:ja-Hira": "にしがはらよんちょうめ",
        "name:ja_rm": "Nishigahara yonchōme",
        "name:ko": "니시가하라욘초메",
        "operator": "東京都交通局",
        "public_transport": "station",
        "railway": "station",
        "start_date": "1911-08-20",
        "tram": "yes",
        "wikidata": "Q11627080",
        "wikipedia": "ja:西ヶ原四丁目停留所"
      },
      "geometry": {
        "type": "Point",
        "coordinates": [
          139.7329388,
          35.7445689
        ]
      },
      "id": "node/6236350650"
    },
    {
      "type": "Feature",
      "properties": {
        "@id": "node/6236367099",
        "name": "王子駅前",
        "name:en": "Oji-ekimae",
        "name:es": "Oji-ekimae",
        "name:ja": "王子駅前",
        "name:ja-Hira": "おうじえきまえ",
        "name:ja_rm": "Ōji eki mae",
        "name:ko": "오지에키마에",
        "operator": "東京都交通局",
        "public_transport": "station",
        "railway": "station",
        "ref": "SA16",
        "tram": "yes",
        "website": "https://www.kotsu.metro.tokyo.jp/toden/stations/oji-ekimae/index.html",
        "wikidata": "Q801689",
        "wikipedia": "ja:王子駅"
      },
      "geometry": {
        "type": "Point",
        "coordinates": [
          139.7382607,
          35.7527409
        ]
      },
      "id": "node/6236367099"
    },
    {
      "type": "Feature",
      "properties": {
        "@id": "node/6236471539",
        "name": "荒川車庫前",
        "name:en": "Arakawa-shakomae",
        "name:es": "Arakawa-shakomae",
        "name:ja": "荒川車庫前",
        "name:ja-Hira": "あらかわしゃこまえ",
        "name:ja_rm": "Arakawa shako mae",
        "name:ko": "아라카와샤코마에",
        "operator": "東京都交通局",
        "public_transport": "station",
        "railway": "station",
        "ref": "SA13",
        "start_date": "1913-04-01",
        "tram": "yes",
        "wikidata": "Q11618624",
        "wikipedia": "ja:荒川車庫前駅"
      },
      "geometry": {
        "type": "Point",
        "coordinates": [
          139.7527129,
          35.750891
        ]
      },
      "id": "node/6236471539"
    },
    {
      "type": "Feature",
      "properties": {
        "@id": "node/6236482425",
        "name": "小台",
        "name:en": "Odai",
        "name:ja": "小台",
        "name:ja-Hira": "おだい",
        "name:ja_rm": "Odai",
        "name:ko": "오다이",
        "operator": "東京都交通局",
        "public_transport": "station",
        "railway": "station",
        "start_date": "1913-04-01",
        "tram": "yes",
        "wikidata": "Q10958045",
        "wikipedia": "ja:小台駅"
      },
      "geometry": {
        "type": "Point",
        "coordinates": [
          139.7620294,
          35.7505193
        ]
      },
      "id": "node/6236482425"
    },
    {
      "type": "Feature",
      "properties": {
        "@id": "node/6236490715",
        "name": "宮ノ前",
        "name:en": "Miyanomae",
        "name:ja": "宮ノ前",
        "name:ja-Hira": "みやのまえ",
        "name:ja_rm": "Miyanomae",
        "name:ko": "미야노마에",
        "operator": "東京都交通局",
        "public_transport": "station",
        "railway": "station",
        "ref": "SA10",
        "start_date": "1913-04-01",
        "tram": "yes",
        "wikidata": "Q11453134",
        "wikipedia": "ja:宮ノ前駅"
      },
      "geometry": {
        "type": "Point",
        "coordinates": [
          139.7652475,
          35.7500466
        ]
      },
      "id": "node/6236490715"
    },
    {
      "type": "Feature",
      "properties": {
        "@id": "node/6236498188",
        "alt_name": "首都大学東京荒川キャンパス前",
        "name": "熊野前",
        "name:en": "Kumanomae",
        "name:ja": "熊野前",
        "name:ja-Hira": "くまのまえ",
        "name:ja_rm": "Kumanomae",
        "name:ko": "구마노마에",
        "operator": "東京都交通局",
        "public_transport": "station",
        "railway": "station",
        "start_date": "1913-04-01",
        "tram": "yes",
        "wikidata": "Q6443453",
        "wikipedia": "ja:熊野前駅"
      },
      "geometry": {
        "type": "Point",
        "coordinates": [
          139.7697005,
          35.7491167
        ]
      },
      "id": "node/6236498188"
    },
    {
      "type": "Feature",
      "properties": {
        "@id": "node/6237073657",
        "name": "東尾久三丁目",
        "name:en": "Higashi-ogu-sanchome",
        "name:ja": "東尾久三丁目",
        "name:ja-Hira": "ひがしおぐさんちょうめ",
        "name:ja_rm": "Higashi Ogu sanchōme",
        "name:ko": "히가시오구산초메",
        "operator": "東京都交通局",
        "public_transport": "station",
        "railway": "station",
        "ref": "SA08",
        "source": "Bing",
        "source_ref": "http://www.kotsu.metro.tokyo.jp/toden/map/",
        "tram": "yes",
        "wikidata": "Q11103269"
      },
      "geometry": {
        "type": "Point",
        "coordinates": [
          139.7740826,
          35.7455749
        ]
      },
      "id": "node/6237073657"
    },
    {
      "type": "Feature",
      "properties": {
        "@id": "node/6237151013",
        "colour": "orange",
        "name": "浅草",
        "name:en": "Asakusa",
        "name:es": "Asakusa",
        "name:fr": "Asakusa",
        "name:ja": "浅草",
        "name:ja-Hira": "あさくさ",
        "name:ja_rm": "Asakusa",
        "name:ko": "아사쿠사 역",
        "name:ru": "Асакуса",
        "name:zh": "浅草",
        "note": "銀座線",
        "operator": "東京地下鉄",
        "public_transport": "station",
        "railway": "station",
        "ref": "G19",
        "station": "subway",
        "subway": "yes",
        "transport": "subway",
        "wikidata": "Q800405",
        "wikipedia": "ja:浅草駅"
      },
      "geometry": {
        "type": "Point",
        "coordinates": [
          139.7978163,
          35.7108423
        ]
      },
      "id": "node/6237151013"
    },
    {
      "type": "Feature",
      "properties": {
        "@id": "node/6237880982",
        "colour": "gray",
        "name": "南千住",
        "name:en": "Minami-senju",
        "name:es": "Minami-senju",
        "name:ja": "南千住",
        "name:ja-Hira": "みなみせんじゅ",
        "name:ja_rm": "Minami Senju",
        "name:ko": "미나미센주",
        "name:ru": "Минами-Сендзю",
        "operator": "東京地下鉄",
        "public_transport": "station",
        "railway": "station",
        "ref": "H20",
        "station": "subway",
        "subway": "yes",
        "transport": "subway",
        "wheelchair": "yes",
        "wikidata": "Q80570",
        "wikipedia": "ja:南千住駅"
      },
      "geometry": {
        "type": "Point",
        "coordinates": [
          139.7988024,
          35.7323539
        ]
      },
      "id": "node/6237880982"
    },
    {
      "type": "Feature",
      "properties": {
        "@id": "node/6238841525",
        "name": "秋葉原",
        "name:en": "Akihabara",
        "name:es": "Akihabara",
        "name:it": "Akihabara",
        "name:ja": "秋葉原",
        "name:ja-Hira": "あきはばら",
        "name:ja-Latn": "Akihabara",
        "name:ko": "아키하바라",
        "name:zh": "秋葉原",
        "name:zh-Hans": "秋叶原",
        "operator": "首都圏新都市鉄道",
        "public_transport": "station",
        "railway": "station",
        "ref": "01",
        "toilets:wheelchair": "yes",
        "wheelchair": "yes",
        "wikidata": "Q800374",
        "wikipedia": "ja:秋葉原駅"
      },
      "geometry": {
        "type": "Point",
        "coordinates": [
          139.774291,
          35.698825
        ]
      },
      "id": "node/6238841525"
    },
    {
      "type": "Feature",
      "properties": {
        "@id": "node/6238851056",
        "addr:city": "千代田区",
        "addr:postcode": "101-0033",
        "addr:province": "東京都",
        "colour": "lightgreen",
        "name": "岩本町",
        "name:en": "Iwamotocho",
        "name:es": "Iwamotocho",
        "name:ja": "岩本町",
        "name:ja-Hira": "いわもとちょう",
        "name:ja-Latn": "Iwamotochō",
        "name:ko": "이와모토쵸",
        "name:ru": "Ивамототё",
        "name:zh": "岩本町",
        "name:zh-Hans": "岩本町",
        "network": "都営地下鉄",
        "network:en": "Toei subway",
        "operator": "東京都交通局",
        "operator:en": "Toei",
        "operator:wikidata": "Q1377135",
        "phone": "+81 3 32558591",
        "public_transport": "station",
        "railway": "station",
        "ref": "S08",
        "station": "subway",
        "subway": "yes",
        "wikidata": "Q128319",
        "wikipedia": "ja:岩本町駅"
      },
      "geometry": {
        "type": "Point",
        "coordinates": [
          139.7753176,
          35.695614
        ]
      },
      "id": "node/6238851056"
    },
    {
      "type": "Feature",
      "properties": {
        "@id": "node/6240615686",
        "colour": "gray",
        "name": "秋葉原",
        "name:en": "Akihabara",
        "name:es": "Akihabara",
        "name:fr": "Akihabara",
        "name:ja": "秋葉原",
        "name:ja-Hira": "あきはばら",
        "name:ja_rm": "Akihabara",
        "name:ko": "아키하바라",
        "name:ru": "Акихабара",
        "name:zh": "秋葉原",
        "name:zh-Hans": "秋叶原",
        "operator": "東京地下鉄",
        "phone": "+81 3 32535301",
        "public_transport": "station",
        "railway": "station",
        "ref": "H15",
        "station": "subway",
        "subway": "yes",
        "transport": "subway",
        "wikidata": "Q800374",
        "wikipedia": "ja:秋葉原駅"
      },
      "geometry": {
        "type": "Point",
        "coordinates": [
          139.775504,
          35.6984622
        ]
      },
      "id": "node/6240615686"
    },
    {
      "type": "Feature",
      "properties": {
        "@id": "node/6240689933",
        "colour": "orange",
        "name": "日本橋",
        "name:en": "Nihombashi",
        "name:es": "Nihombashi",
        "name:ja": "日本橋",
        "name:ja-Hira": "にほんばし",
        "name:ja_rm": "Nihombashi",
        "name:ru": "Нихонбаси",
        "name:zh": "日本橋",
        "note": "銀座線",
        "operator": "東京地下鉄",
        "public_transport": "stop_position",
        "railway": "stop",
        "ref": "G11",
        "station": "subway",
        "subway": "yes",
        "wikidata": "Q775847",
        "wikipedia": "ja:日本橋駅 (東京都)"
      },
      "geometry": {
        "type": "Point",
        "coordinates": [
          139.7733413,
          35.682087
        ]
      },
      "id": "node/6240689933"
    },
    {
      "type": "Feature",
      "properties": {
        "@id": "node/6240689967",
        "colour": "orange",
        "name": "日本橋",
        "name:en": "Nihombashi",
        "name:es": "Nihombashi",
        "name:ja": "日本橋",
        "name:ja-Hira": "にほんばし",
        "name:ja_rm": "Nihombashi",
        "name:ko": "니혼바시",
        "name:ru": "Нихонбаси",
        "name:th": "นิฮมบะชิ",
        "name:zh": "日本橋",
        "name:zh-Hans": "日本桥",
        "note": "銀座線",
        "operator": "東京地下鉄",
        "public_transport": "station",
        "railway": "station",
        "ref": "G11",
        "station": "subway",
        "subway": "yes",
        "transport": "subway",
        "wikidata": "Q775847",
        "wikipedia": "ja:日本橋駅 (東京都)"
      },
      "geometry": {
        "type": "Point",
        "coordinates": [
          139.7733976,
          35.6820843
        ]
      },
      "id": "node/6240689967"
    },
    {
      "type": "Feature",
      "properties": {
        "@id": "node/6240710301",
        "name": "日本橋",
        "name:en": "Nihombashi",
        "name:es": "Nihombashi",
        "name:ja": "日本橋",
        "name:ja-Hira": "にほんばし",
        "name:ja_rm": "Nihombashi",
        "name:ko": "니혼바시",
        "name:ru": "Нихонбаси",
        "name:th": "นิฮมบะชิ",
        "name:zh": "日本橋",
        "name:zh-Hans": "日本桥",
        "network": "都営地下鉄",
        "network:en": "Toei subway",
        "note": "浅草線",
        "operator": "東京都交通局",
        "operator:en": "Toei",
        "operator:wikidata": "Q1377135",
        "public_transport": "station",
        "railway": "station",
        "ref": "A13",
        "station": "subway",
        "subway": "yes",
        "wikidata": "Q775847",
        "wikipedia": "ja:日本橋駅 (東京都)"
      },
      "geometry": {
        "type": "Point",
        "coordinates": [
          139.7758101,
          35.6818307
        ]
      },
      "id": "node/6240710301"
    },
    {
      "type": "Feature",
      "properties": {
        "@id": "node/6242231340",
        "alt_name:ko": "미쓰코시마에",
        "colour": "orange",
        "name": "三越前",
        "name:en": "Mitsukoshimae",
        "name:es": "Mitsukoshimae",
        "name:fr": "Mitsukoshimae",
        "name:ja": "三越前",
        "name:ja-Hira": "みつこしまえ",
        "name:ja_rm": "Mitsukoshi Mae",
        "name:ko": "미쓰코시앞",
        "name:ru": "Мицукосимаэ",
        "name:zh": "三越前",
        "name:zh-Hans": "三越前",
        "network": "Tokyo Metro Ginza Line",
        "operator": "東京地下鉄",
        "public_transport": "station",
        "railway": "station",
        "ref": "G12",
        "station": "subway",
        "subway": "yes",
        "transport": "subway",
        "wheelchair": "yes",
        "wikidata": "Q76898",
        "wikipedia": "ja:三越前駅"
      },
      "geometry": {
        "type": "Point",
        "coordinates": [
          139.7736283,
          35.687054
        ]
      },
      "id": "node/6242231340"
    },
    {
      "type": "Feature",
      "properties": {
        "@id": "node/6244588865",
        "name": "春日",
        "name:en": "Kasuga",
        "name:es": "Kasuga",
        "name:ja": "春日",
        "name:ja-Hira": "かすが",
        "name:ja_rm": "Kasuga",
        "name:ko": "가스가",
        "name:ru": "Касуга",
        "network": "都営地下鉄",
        "network:en": "Toei subway",
        "operator": "東京都交通局",
        "operator:en": "Toei",
        "operator:wikidata": "Q1377135",
        "public_transport": "station",
        "railway": "station",
        "ref": "E07",
        "station": "subway",
        "subway": "yes",
        "wikidata": "Q1073928",
        "wikipedia": "ja:春日駅 (東京都)"
      },
      "geometry": {
        "type": "Point",
        "coordinates": [
          139.7527409,
          35.7084896
        ]
      },
      "id": "node/6244588865"
    },
    {
      "type": "Feature",
      "properties": {
        "@id": "node/6254457082",
        "name": "祐天寺",
        "name:en": "Yutenji",
        "name:ja": "祐天寺",
        "name:ja-Hira": "ゆうてんじ",
        "name:ja_rm": "Yūtenji",
        "name:ko": "유텐지",
        "operator": "東京急行電鉄",
        "public_transport": "station",
        "railway": "station",
        "ref": "TY04",
        "train": "yes",
        "wikidata": "Q3178446",
        "wikipedia": "ja:祐天寺駅"
      },
      "geometry": {
        "type": "Point",
        "coordinates": [
          139.6910072,
          35.6375747
        ]
      },
      "id": "node/6254457082"
    },
    {
      "type": "Feature",
      "properties": {
        "@id": "node/6254460285",
        "name": "学芸大学",
        "name:en": "Gakugei-daigaku",
        "name:ja": "学芸大学",
        "name:ja-Hira": "がくげいだいがく",
        "name:ja_rm": "Gakugei Daigaku",
        "name:ko": "가쿠게이대학",
        "operator": "東京急行電鉄",
        "public_transport": "station",
        "railway": "station",
        "ref": "TY05",
        "train": "yes",
        "wheelchair": "yes",
        "wikidata": "Q5517709",
        "wikipedia": "ja:学芸大学駅"
      },
      "geometry": {
        "type": "Point",
        "coordinates": [
          139.6853465,
          35.6289468
        ]
      },
      "id": "node/6254460285"
    },
    {
      "type": "Feature",
      "properties": {
        "@id": "node/6254479996",
        "name": "自由が丘",
        "name:en": "Jiyugaoka",
        "name:ja": "自由が丘",
        "name:ja-Hira": "じゆうがおか",
        "name:ja-Latn": "Jiyūgaoka",
        "name:ko": "지유가오카",
        "name:zh-Hans": "自由丘",
        "network": "東急電鉄",
        "network:en": "Tokyu Railways",
        "network:ja": "東急電鉄",
        "network:wikidata": "Q80229029",
        "operator": "東急電鉄",
        "public_transport": "station",
        "railway": "station",
        "ref": "TY07",
        "train": "yes",
        "wheelchair": "yes",
        "wikidata": "Q800972",
        "wikipedia": "ja:自由が丘駅"
      },
      "geometry": {
        "type": "Point",
        "coordinates": [
          139.6688278,
          35.6075379
        ]
      },
      "id": "node/6254479996"
    },
    {
      "type": "Feature",
      "properties": {
        "@id": "node/6254493955",
        "name": "田園調布",
        "name:en": "Den-en-chofu",
        "name:ja": "田園調布",
        "name:ja-Hira": "でんえんちょうふ",
        "name:ja_rm": "Den-en-chōfu",
        "name:ko": "덴엔초후",
        "operator": "東京急行電鉄",
        "public_transport": "station",
        "railway": "station",
        "ref": "TY08",
        "train": "yes",
        "wikidata": "Q5256442",
        "wikipedia": "ja:田園調布駅"
      },
      "geometry": {
        "type": "Point",
        "coordinates": [
          139.6673676,
          35.5968896
        ]
      },
      "id": "node/6254493955"
    },
    {
      "type": "Feature",
      "properties": {
        "@id": "node/6261787929",
        "colour": "yellow",
        "name": "市ケ谷",
        "name:en": "Ichigaya",
        "name:es": "Ichigaya",
        "name:ja": "市ケ谷",
        "name:ja_rm": "Ichigaya",
        "name:ko": "이치가야",
        "name:ru": "Итигая",
        "network": "東京メトロ有楽町線",
        "operator": "東京地下鉄",
        "public_transport": "station",
        "railway": "station",
        "ref": "Y14",
        "station": "subway",
        "subway": "yes",
        "transport": "subway",
        "wikidata": "Q109577534",
        "wikipedia": "ja:市ケ谷駅"
      },
      "geometry": {
        "type": "Point",
        "coordinates": [
          139.736689,
          35.6923805
        ]
      },
      "id": "node/6261787929"
    },
    {
      "type": "Feature",
      "properties": {
        "@id": "node/6270528135",
        "name": "飯田橋",
        "name:en": "Iidabashi",
        "name:es": "Iidabashi",
        "name:ja": "飯田橋",
        "name:ja-Hira": "いいだばし",
        "name:ja_rm": "Iidabashi",
        "name:ko": "이다바시",
        "network": "都営地下鉄",
        "network:en": "Toei subway",
        "operator": "東京都交通局",
        "operator:en": "Toei",
        "operator:wikidata": "Q1377135",
        "public_transport": "station",
        "railway": "station",
        "ref": "E06",
        "station": "subway",
        "subway": "yes",
        "wikidata": "Q800953",
        "wikipedia": "ja:飯田橋駅"
      },
      "geometry": {
        "type": "Point",
        "coordinates": [
          139.7457081,
          35.7031331
        ]
      },
      "id": "node/6270528135"
    },
    {
      "type": "Feature",
      "properties": {
        "@id": "node/6271990033",
        "name": "銀座",
        "name:en": "Ginza",
        "name:es": "Ginza",
        "name:fr": "Ginza",
        "name:ja": "銀座",
        "name:ja-Hira": "ぎんざ",
        "name:ja_rm": "Ginza",
        "name:ko": "긴자",
        "name:ru": "Гиндза",
        "operator": "東京地下鉄",
        "public_transport": "station",
        "railway": "station",
        "ref": "M16",
        "station": "subway",
        "subway": "yes",
        "wheelchair": "yes",
        "wikidata": "Q602372",
        "wikipedia": "ja:銀座駅"
      },
      "geometry": {
        "type": "Point",
        "coordinates": [
          139.7631029,
          35.6728411
        ]
      },
      "id": "node/6271990033"
    },
    {
      "type": "Feature",
      "properties": {
        "@id": "node/6272010117",
        "colour": "gray",
        "name": "銀座",
        "name:en": "Ginza",
        "name:es": "Ginza",
        "name:fr": "Ginza",
        "name:ja": "銀座",
        "name:ja-Hira": "ぎんざ",
        "name:ja_rm": "Ginza",
        "name:ko": "긴자",
        "name:ru": "Гиндза",
        "name:th": "กินซะ",
        "operator": "東京地下鉄",
        "public_transport": "station",
        "railway": "station",
        "ref": "H08",
        "station": "subway",
        "subway": "yes",
        "wheelchair": "limited",
        "wikidata": "Q602372",
        "wikipedia": "ja:銀座駅"
      },
      "geometry": {
        "type": "Point",
        "coordinates": [
          139.7638932,
          35.6720707
        ]
      },
      "id": "node/6272010117"
    },
    {
      "type": "Feature",
      "properties": {
        "@id": "node/6272039605",
        "colour": "orange",
        "name": "銀座",
        "name:en": "Ginza",
        "name:es": "Ginza",
        "name:fr": "Ginza",
        "name:ja": "銀座",
        "name:ja-Hira": "ぎんざ",
        "name:ja_rm": "Ginza",
        "name:ko": "긴자",
        "name:ru": "Гиндза",
        "name:zh": "銀座",
        "operator": "東京地下鉄",
        "public_transport": "station",
        "railway": "station",
        "ref": "G09",
        "station": "subway",
        "subway": "yes",
        "wikidata": "Q602372",
        "wikipedia": "ja:銀座駅"
      },
      "geometry": {
        "type": "Point",
        "coordinates": [
          139.7652995,
          35.6714622
        ]
      },
      "id": "node/6272039605"
    },
    {
      "type": "Feature",
      "properties": {
        "@id": "node/6274211194",
        "name": "豊洲",
        "name:en": "Toyosu",
        "name:es": "Toyosu",
        "name:ja": "豊洲",
        "name:ja-Hira": "とよす",
        "name:ja_rm": "Toyosu",
        "name:ko": "도요스",
        "name:ru": "Тоёсу",
        "operator": "東京地下鉄",
        "public_transport": "station",
        "railway": "station",
        "ref": "Y22",
        "station": "subway",
        "subway": "yes",
        "wheelchair": "no",
        "wikidata": "Q1141968",
        "wikipedia": "ja:豊洲駅"
      },
      "geometry": {
        "type": "Point",
        "coordinates": [
          139.796174,
          35.6549298
        ]
      },
      "id": "node/6274211194"
    },
    {
      "type": "Feature",
      "properties": {
        "@id": "node/6277490559",
        "alt_name:en": "Meiji-jingumae;Harajuku",
        "alt_name:es": "Meiji-jingumae;Harajuku",
        "alt_name:ja": "明治神宮前;原宿",
        "alt_name:ja-Hira": "めいじじんぐうまえ;はらじゅく",
        "colour": "brown",
        "name": "明治神宮前〈原宿〉",
        "name:en": "Meiji-jingumae 'Harajuku'",
        "name:es": "Meiji-jingumae 'Harajuku'",
        "name:fr": "Meiji-jingumae 'Harajuku'",
        "name:ja-Hira": "めいじじんぐうまえ〈はらじゅく〉",
        "name:ja_rm": "Meiji jingūmae Harajuku",
        "name:ko": "메이지진구마에(하라주쿠)",
        "name:ru": "Мэйдзи Дзингумаэ (Харадзюку)",
        "network": "副都心線",
        "operator": "東京地下鉄",
        "public_transport": "station",
        "railway": "station",
        "ref": "F15",
        "source": "Survey",
        "station": "subway",
        "subway": "yes",
        "transport": "subway",
        "wheelchair": "yes",
        "wikidata": "Q80429",
        "wikipedia": "ja:明治神宮前駅"
      },
      "geometry": {
        "type": "Point",
        "coordinates": [
          139.705341,
          35.6684209
        ]
      },
      "id": "node/6277490559"
    },
    {
      "type": "Feature",
      "properties": {
        "@id": "node/6278523326",
        "addr:city": "中央区",
        "colour": "yellow",
        "name": "月島",
        "name:en": "Tsukishima",
        "name:es": "Tsukishima",
        "name:fr": "Tsukishima",
        "name:ja": "月島",
        "name:ja-Hira": "つきしま",
        "name:ja_rm": "Tsukishima",
        "name:ko": "쓰키시마",
        "name:ru": "Цукисима",
        "operator": "東京地下鉄",
        "public_transport": "station",
        "railway": "station",
        "ref": "Y21",
        "station": "subway",
        "subway": "yes",
        "wheelchair": "yes",
        "wikidata": "Q112337",
        "wikipedia": "ja:月島駅"
      },
      "geometry": {
        "type": "Point",
        "coordinates": [
          139.7845639,
          35.664645
        ]
      },
      "id": "node/6278523326"
    },
    {
      "type": "Feature",
      "properties": {
        "@id": "node/6279803459",
        "gauge": "1435",
        "name": "泉岳寺",
        "name:en": "Sengakuji",
        "name:es": "Sengakuji",
        "name:it": "Sengakuji",
        "name:ja": "泉岳寺",
        "name:ja-Hira": "せんがくじ",
        "name:ja-Latn": "Sengakuji",
        "name:ja_rm": "Sengakuji",
        "name:ko": "센가쿠지",
        "name:ru": "Сэнгакудзи",
        "operator": "東京都交通局",
        "public_transport": "station",
        "railway": "station",
        "ref": "A07",
        "source": "Bing",
        "station": "subway",
        "subway": "yes",
        "wikidata": "Q905742",
        "wikipedia": "ja:泉岳寺駅"
      },
      "geometry": {
        "type": "Point",
        "coordinates": [
          139.7400615,
          35.6387807
        ]
      },
      "id": "node/6279803459"
    },
    {
      "type": "Feature",
      "properties": {
        "@id": "node/6280924992",
        "name": "新宿三丁目",
        "name:en": "Shinjuku-sanchome",
        "name:es": "Shinjuku-sanchome",
        "name:ja": "新宿三丁目",
        "name:ja-Hira": "しんじゅくさんちょうめ",
        "name:ja_rm": "Shinjuku sanchōme",
        "name:ko": "신주쿠산초메",
        "name:ru": "Синдзюку Сантёмэ",
        "network": "丸ノ内線",
        "operator": "東京地下鉄",
        "platforms": "2",
        "public_transport": "station",
        "railway": "station",
        "ref": "M09",
        "station": "subway",
        "subway": "yes",
        "wheelchair": "limited",
        "wheelchair:description": "A1出口情報です。向かいの伊勢丹出口か大塚家具側にエレベーターがあります。",
        "wikidata": "Q1147009",
        "wikipedia": "ja:新宿三丁目駅"
      },
      "geometry": {
        "type": "Point",
        "coordinates": [
          139.7040936,
          35.6911965
        ]
      },
      "id": "node/6280924992"
    },
    {
      "type": "Feature",
      "properties": {
        "@id": "node/6281454731",
        "colour": "lightgreen",
        "name": "新宿三丁目",
        "name:en": "Shinjuku-sanchome",
        "name:es": "Shinjuku-sanchome",
        "name:ja": "新宿三丁目",
        "name:ja-Hira": "しんじゅくさんちょうめ",
        "name:ja_rm": "Shinjuku sanchōme",
        "name:ko": "신주쿠산초메",
        "name:ru": "Синдзюку Сантёмэ",
        "network": "新宿線",
        "network:en": "Toei Shinjuku Line",
        "operator": "東京都交通局",
        "operator:en": "Toei",
        "operator:wikidata": "Q1377135",
        "public_transport": "station",
        "railway": "station",
        "ref": "S02",
        "station": "subway",
        "subway": "yes",
        "wheelchair": "no",
        "wikidata": "Q1147009",
        "wikipedia": "ja:新宿三丁目駅"
      },
      "geometry": {
        "type": "Point",
        "coordinates": [
          139.70626,
          35.6906011
        ]
      },
      "id": "node/6281454731"
    },
    {
      "type": "Feature",
      "properties": {
        "@id": "node/6283010875",
        "name": "西武新宿",
        "name:en": "Seibu-Shinjuku",
        "name:es": "Seibu-Shinjuku",
        "name:fr": "Seibu-Shinjuku",
        "name:ja": "西武新宿",
        "name:ja-Hira": "せいぶしんじゅく",
        "name:ja_rm": "Seibu-Shinjuku",
        "name:ko": "세이부신주쿠",
        "name:ru": "Сейбу Синдзюку",
        "name:zh": "西武新宿",
        "network": "西武鉄道",
        "network:en": "Seibu Railway",
        "network:ja": "西武鉄道",
        "network:wikidata": "Q83543",
        "operator": "西武鉄道",
        "public_transport": "station",
        "railway": "station",
        "ref": "SS01",
        "source": "KSJ2",
        "train": "yes",
        "wikidata": "Q167299",
        "wikipedia": "ja:西武新宿駅"
      },
      "geometry": {
        "type": "Point",
        "coordinates": [
          139.7000249,
          35.6954016
        ]
      },
      "id": "node/6283010875"
    },
    {
      "type": "Feature",
      "properties": {
        "@id": "node/6283384525",
        "name": "新宿",
        "name:en": "Shinjuku",
        "name:es": "Shinjuku",
        "name:fr": "Shinjuku",
        "name:ja": "新宿",
        "name:ko": "신주쿠",
        "public_transport": "station",
        "railway": "station",
        "ref": "KO01",
        "source": "KSJ2/N02",
        "source_ref": "http://wiki.openstreetmap.org/wiki/Import/Catalogue/Japan_KSJ2_Import",
        "wheelchair": "no",
        "wikidata": "Q801447",
        "wikipedia": "ja:新宿駅"
      },
      "geometry": {
        "type": "Point",
        "coordinates": [
          139.6991102,
          35.6905828
        ]
      },
      "id": "node/6283384525"
    },
    {
      "type": "Feature",
      "properties": {
        "@id": "node/6284888994",
        "colour": "violet",
        "name": "青山一丁目",
        "name:en": "Aoyama-itchome",
        "name:es": "Aoyama-itchome",
        "name:ja": "青山一丁目",
        "name:ja-Hira": "あおやまいっちょうめ",
        "name:ja_rm": "Aoyama itchōme",
        "name:ko": "아오야마1초메",
        "name:ru": "Аояма Иттёмэ",
        "name:zh": "青山一丁目",
        "network": "都営地下鉄",
        "network:en": "Toei subway",
        "operator": "東京都交通局",
        "operator:en": "Toei",
        "operator:wikidata": "Q1377135",
        "public_transport": "stop_position",
        "railway": "stop",
        "ref": "G04;Z03;E24",
        "station": "subway",
        "subway": "yes",
        "wikidata": "Q602410",
        "wikipedia": "ja:青山一丁目駅"
      },
      "geometry": {
        "type": "Point",
        "coordinates": [
          139.7241153,
          35.6727808
        ]
      },
      "id": "node/6284888994"
    },
    {
      "type": "Feature",
      "properties": {
        "@id": "node/6284888995",
        "colour": "violet",
        "name": "青山一丁目",
        "name:en": "Aoyama-itchome",
        "name:es": "Aoyama-itchome",
        "name:ja": "青山一丁目",
        "name:ja-Hira": "あおやまいっちょうめ",
        "name:ja_rm": "Aoyama itchōme",
        "name:ko": "아오야마1초메",
        "name:ru": "Аояма Иттёмэ",
        "name:th": "อะโอะยะมะ-อิตโชเมะ",
        "name:zh": "青山一丁目",
        "network": "都営地下鉄",
        "operator": "東京地下鉄;東京都交通局",
        "public_transport": "station",
        "railway": "station",
        "ref": "G04;Z03;E24",
        "station": "subway",
        "subway": "yes",
        "transport": "subway",
        "wheelchair": "yes",
        "wikidata": "Q602410",
        "wikipedia": "ja:青山一丁目駅"
      },
      "geometry": {
        "type": "Point",
        "coordinates": [
          139.7240186,
          35.6727797
        ]
      },
      "id": "node/6284888995"
    },
    {
      "type": "Feature",
      "properties": {
        "@id": "node/6289331413",
        "name": "奥沢",
        "name:en": "Okusawa",
        "name:ja": "奥沢",
        "name:ja-Hira": "おくさわ",
        "name:ja_rm": "Okusawa",
        "name:ko": "오쿠사와",
        "note": "National-Land Numerical Information (Railway) 2007, MLIT Japan",
        "public_transport": "station",
        "railway": "station",
        "ref": "MG07",
        "source": "KSJ2",
        "source_ref": "http://nlftp.mlit.go.jp/ksj/jpgis/datalist/KsjTmplt-N02-v1_1.html",
        "train": "yes",
        "wikidata": "Q7082777",
        "wikipedia": "ja:奥沢駅"
      },
      "geometry": {
        "type": "Point",
        "coordinates": [
          139.6727375,
          35.6040262
        ]
      },
      "id": "node/6289331413"
    },
    {
      "type": "Feature",
      "properties": {
        "@id": "node/6289646643",
        "name": "洗足",
        "name:en": "Senzoku",
        "name:ja": "洗足",
        "name:ja-Hira": "せんぞく",
        "name:ja_rm": "Senzoku",
        "name:ko": "센조쿠",
        "note": "National-Land Numerical Information (Railway) 2007, MLIT Japan",
        "public_transport": "station",
        "railway": "station",
        "ref": "MG05",
        "source": "KSJ2",
        "source_ref": "http://nlftp.mlit.go.jp/ksj/jpgis/datalist/KsjTmplt-N02-v1_1.html",
        "train": "yes",
        "wheelchair": "yes",
        "wikidata": "Q7451439",
        "wikipedia": "ja:洗足駅"
      },
      "geometry": {
        "type": "Point",
        "coordinates": [
          139.6941664,
          35.6101514
        ]
      },
      "id": "node/6289646643"
    },
    {
      "type": "Feature",
      "properties": {
        "@id": "node/6289655849",
        "int_name": "Musashi-koyama",
        "name": "武蔵小山",
        "name:en": "Musashi-koyama",
        "name:es": "Musashi-koyama",
        "name:ja": "武蔵小山",
        "name:ja-Hira": "むさしこやま",
        "name:ja_rm": "Musashi Koyama",
        "name:ko": "무사시코야마",
        "note": "National-Land Numerical Information (Railway) 2007, MLIT Japan",
        "public_transport": "station",
        "railway": "station",
        "ref": "MG03",
        "source": "KSJ2",
        "source_ref": "http://nlftp.mlit.go.jp/ksj/jpgis/datalist/KsjTmplt-N02-v1_1.html",
        "train": "yes",
        "wheelchair": "yes",
        "wikidata": "Q3097145",
        "wikipedia": "ja:武蔵小山駅"
      },
      "geometry": {
        "type": "Point",
        "coordinates": [
          139.7045734,
          35.6205612
        ]
      },
      "id": "node/6289655849"
    },
    {
      "type": "Feature",
      "properties": {
        "@id": "node/6289699814",
        "int_name": "Fudō-mae",
        "name": "不動前",
        "name:en": "Fudo-mae",
        "name:es": "Fudo-mae",
        "name:ja": "不動前",
        "name:ja-Hira": "ふどうまえ",
        "name:ja_rm": "Fudō mae",
        "name:ko": "후도마에",
        "note": "National-Land Numerical Information (Railway) 2007, MLIT Japan",
        "public_transport": "station",
        "railway": "station",
        "ref": "MG02",
        "source": "KSJ2",
        "source_ref": "http://nlftp.mlit.go.jp/ksj/jpgis/datalist/KsjTmplt-N02-v1_1.html",
        "train": "yes",
        "wheelchair": "yes",
        "wikidata": "Q852869",
        "wikipedia": "ja:不動前駅"
      },
      "geometry": {
        "type": "Point",
        "coordinates": [
          139.713046,
          35.6253418
        ]
      },
      "id": "node/6289699814"
    },
    {
      "type": "Feature",
      "properties": {
        "@id": "node/6289850738",
        "name": "大岡山",
        "name:en": "Ookayama",
        "name:ja": "大岡山",
        "name:ja-Hira": "おおおかやま",
        "name:ja-Latn": "Ōokayama",
        "name:ko": "오오카야마",
        "note": "National-Land Numerical Information (Railway) 2007, MLIT Japan",
        "public_transport": "station",
        "railway": "station",
        "ref": "MG06;OM08",
        "source": "KSJ2",
        "source_ref": "http://nlftp.mlit.go.jp/ksj/jpgis/datalist/KsjTmplt-N02-v1_1.html",
        "train": "yes",
        "wheelchair": "yes",
        "wikidata": "Q843724",
        "wikipedia": "ja:大岡山駅"
      },
      "geometry": {
        "type": "Point",
        "coordinates": [
          139.6857012,
          35.6074155
        ]
      },
      "id": "node/6289850738"
    },
    {
      "type": "Feature",
      "properties": {
        "@id": "node/6289932019",
        "name": "旗の台",
        "name:en": "Hatanodai",
        "name:ja": "旗の台",
        "name:ja-Hira": "はたのだい",
        "name:ja-Latn": "Hatanodai",
        "name:ko": "하타노다이",
        "network": "東急電鉄",
        "network:en": "Tokyu Railways",
        "network:ja": "東急電鉄",
        "network:wikidata": "Q80229029",
        "note": "National-Land Numerical Information (Railway) 2007, MLIT Japan",
        "public_transport": "station",
        "railway": "station",
        "ref": "OM06",
        "source": "KSJ2",
        "source_ref": "http://nlftp.mlit.go.jp/ksj/jpgis/datalist/KsjTmplt-N02-v1_1.html",
        "toilets:wheelchair": "yes",
        "train": "yes",
        "website": "https://www.tokyu.co.jp/railway/station/info/Pid=61.html",
        "wheelchair": "yes",
        "wikidata": "Q852281",
        "wikipedia": "ja:旗の台駅"
      },
      "geometry": {
        "type": "Point",
        "coordinates": [
          139.7025878,
          35.604888
        ]
      },
      "id": "node/6289932019"
    },
    {
      "type": "Feature",
      "properties": {
        "@id": "node/6289932022",
        "name": "北千束",
        "name:en": "Kita-senzoku",
        "name:ja": "北千束",
        "name:ja-Hira": "きたせんぞく",
        "name:ja-Latn": "Kita-senzoku",
        "name:ko": "기타센조쿠",
        "network": "東急電鉄",
        "network:en": "Tokyu Railways",
        "network:ja": "東急電鉄",
        "network:wikidata": "Q80229029",
        "note": "National-Land Numerical Information (Railway) 2007, MLIT Japan",
        "public_transport": "station",
        "railway": "station",
        "ref": "OM07",
        "source": "KSJ2",
        "source_ref": "http://nlftp.mlit.go.jp/ksj/jpgis/datalist/KsjTmplt-N02-v1_1.html",
        "train": "yes",
        "wheelchair": "yes",
        "wikidata": "Q6417605",
        "wikipedia": "ja:北千束駅"
      },
      "geometry": {
        "type": "Point",
        "coordinates": [
          139.6928877,
          35.6065472
        ]
      },
      "id": "node/6289932022"
    },
    {
      "type": "Feature",
      "properties": {
        "@id": "node/6290069795",
        "name": "緑が丘",
        "name:en": "Midorigaoka",
        "name:ja": "緑が丘",
        "name:ja-Hira": "みどりがおか",
        "name:ja-Latn": "Midorigaoka",
        "name:ko": "미도리가오카",
        "network": "東急電鉄",
        "network:en": "Tokyu Railways",
        "network:ja": "東急電鉄",
        "network:wikidata": "Q80229029",
        "note": "National-Land Numerical Information (Railway) 2007, MLIT Japan",
        "public_transport": "station",
        "railway": "station",
        "ref": "OM09",
        "source": "KSJ2",
        "source_ref": "http://nlftp.mlit.go.jp/ksj/jpgis/datalist/KsjTmplt-N02-v1_1.html",
        "train": "yes",
        "wikidata": "Q6842941",
        "wikipedia": "ja:緑が丘駅 (東京都)"
      },
      "geometry": {
        "type": "Point",
        "coordinates": [
          139.6790149,
          35.6065599
        ]
      },
      "id": "node/6290069795"
    },
    {
      "type": "Feature",
      "properties": {
        "@id": "node/6290069797",
        "name": "自由が丘",
        "name:en": "Jiyugaoka",
        "name:ja": "自由が丘",
        "name:ja-Hira": "じゆうがおか",
        "name:ja-Latn": "Jiyūgaoka",
        "name:ko": "지유가오카",
        "name:zh-Hans": "自由丘",
        "network": "東急電鉄",
        "network:en": "Tokyu Railways",
        "network:ja": "東急電鉄",
        "network:wikidata": "Q80229029",
        "note": "National-Land Numerical Information (Railway) 2007, MLIT Japan",
        "operator": "東急電鉄",
        "public_transport": "station",
        "railway": "station",
        "ref": "OM10",
        "source": "KSJ2",
        "source_ref": "http://nlftp.mlit.go.jp/ksj/jpgis/datalist/KsjTmplt-N02-v1_1.html",
        "train": "yes",
        "wheelchair": "yes",
        "wikidata": "Q800972",
        "wikipedia": "ja:自由が丘駅"
      },
      "geometry": {
        "type": "Point",
        "coordinates": [
          139.6692766,
          35.6075549
        ]
      },
      "id": "node/6290069797"
    },
    {
      "type": "Feature",
      "properties": {
        "@id": "node/6290069800",
        "name": "尾山台",
        "name:en": "Oyamadai",
        "name:ja": "尾山台",
        "name:ja-Hira": "おやまだい",
        "name:ja-Latn": "Oyamadai",
        "name:ko": "오야마다이",
        "network": "東急電鉄",
        "network:en": "Tokyu Railways",
        "network:ja": "東急電鉄",
        "network:wikidata": "Q80229029",
        "note": "National-Land Numerical Information (Railway) 2007, MLIT Japan",
        "operator": "東急電鉄",
        "public_transport": "station",
        "railway": "station",
        "ref": "OM12",
        "source": "KSJ2",
        "source_ref": "http://nlftp.mlit.go.jp/ksj/jpgis/datalist/KsjTmplt-N02-v1_1.html",
        "train": "yes",
        "wikidata": "Q7116237",
        "wikipedia": "ja:尾山台駅"
      },
      "geometry": {
        "type": "Point",
        "coordinates": [
          139.6537506,
          35.6070357
        ]
      },
      "id": "node/6290069800"
    },
    {
      "type": "Feature",
      "properties": {
        "@id": "node/6290069807",
        "name": "上野毛",
        "name:en": "Kaminoge",
        "name:ja": "上野毛",
        "name:ja-Hira": "かみのげ",
        "name:ja-Latn": "Kaminoge",
        "name:ko": "가미노게",
        "network": "東急電鉄",
        "network:en": "Tokyu Railways",
        "network:ja": "東急電鉄",
        "network:wikidata": "Q80229029",
        "note": "National-Land Numerical Information (Railway) 2007, MLIT Japan",
        "operator": "東急電鉄",
        "public_transport": "station",
        "railway": "station",
        "ref": "OM14",
        "source": "KSJ2",
        "source_ref": "http://nlftp.mlit.go.jp/ksj/jpgis/datalist/KsjTmplt-N02-v1_1.html",
        "train": "yes",
        "wikidata": "Q6357226",
        "wikipedia": "ja:上野毛駅"
      },
      "geometry": {
        "type": "Point",
        "coordinates": [
          139.638886,
          35.6119862
        ]
      },
      "id": "node/6290069807"
    },
    {
      "type": "Feature",
      "properties": {
        "@id": "node/6291466014",
        "light_rail": "yes",
        "name": "蒲田",
        "name:en": "Kamata",
        "name:es": "Kamata",
        "name:ja": "蒲田",
        "name:ja-Hira": "かまた",
        "name:ja_rm": "Kamata",
        "name:ko": "가마타",
        "network": "東急電鉄",
        "network:en": "Tokyu Railways",
        "network:ja": "東急電鉄",
        "network:wikidata": "Q80229029",
        "note": "National-Land Numerical Information (Railway) 2007, MLIT Japan",
        "operator": "東急電鉄",
        "public_transport": "station",
        "railway": "station",
        "ref": "IK15;TM07",
        "source": "KSJ2",
        "source_ref": "http://nlftp.mlit.go.jp/ksj/jpgis/datalist/KsjTmplt-N02-v1_1.html",
        "station": "light_rail",
        "train": "yes",
        "wikidata": "Q800981",
        "wikipedia": "ja:蒲田駅"
      },
      "geometry": {
        "type": "Point",
        "coordinates": [
          139.7147258,
          35.5617519
        ]
      },
      "id": "node/6291466014"
    },
    {
      "type": "Feature",
      "properties": {
        "@id": "node/6293444409",
        "name": "東銀座",
        "name:en": "Higashi-Ginza",
        "name:es": "Higashi-Ginza",
        "name:ja": "東銀座",
        "name:ja-Hira": "ひがしぎんざ",
        "name:ja_rm": "Higashi-Ginza",
        "name:ko": "히가시긴자",
        "name:ru": "Хигаси Гиндза",
        "network": "都営地下鉄",
        "network:en": "Toei subway",
        "operator": "東京都交通局",
        "operator:en": "Toei",
        "operator:wikidata": "Q1377135",
        "public_transport": "station",
        "railway": "station",
        "ref": "A11",
        "station": "subway",
        "subway": "yes",
        "transport": "subway",
        "wikidata": "Q1078393",
        "wikipedia": "ja:東銀座駅"
      },
      "geometry": {
        "type": "Point",
        "coordinates": [
          139.7672583,
          35.6698189
        ]
      },
      "id": "node/6293444409"
    },
    {
      "type": "Feature",
      "properties": {
        "@id": "node/6329152325",
        "colour": "orange",
        "name": "神田",
        "name:en": "Kanda",
        "name:es": "Kanda",
        "name:ja": "神田",
        "name:ja-Hira": "かんだ",
        "name:ja_rm": "Kanda",
        "name:ko": "간다",
        "name:ru": "Канда",
        "name:zh": "神田",
        "name:zh-Hans": "神田",
        "operator": "東京地下鉄",
        "public_transport": "station",
        "railway": "station",
        "ref": "G13",
        "station": "subway",
        "subway": "yes",
        "toilets": "yes",
        "toilets:access": "customers",
        "toilets:unisex": "yes",
        "toilets:wheelchair": "designated",
        "transport": "subway",
        "wikidata": "Q800989",
        "wikipedia": "ja:神田駅 (東京都)"
      },
      "geometry": {
        "type": "Point",
        "coordinates": [
          139.7708898,
          35.6937148
        ]
      },
      "id": "node/6329152325"
    },
    {
      "type": "Feature",
      "properties": {
        "@id": "node/6329791674",
        "colour": "violet",
        "name": "青山一丁目",
        "name:en": "Aoyama-itchome",
        "name:es": "Aoyama-itchome",
        "name:ja": "青山一丁目",
        "name:ja-Hira": "あおやまいっちょうめ",
        "name:ja_rm": "Aoyama itchōme",
        "name:ko": "아오야마1초메",
        "name:ru": "Аояма Иттёмэ",
        "name:zh": "青山一丁目",
        "network": "都営地下鉄",
        "operator": "東京地下鉄;東京都交通局",
        "public_transport": "stop_position",
        "railway": "stop",
        "ref": "Z03",
        "station": "subway",
        "subway": "yes",
        "wikidata": "Q602410",
        "wikipedia": "ja:青山一丁目駅"
      },
      "geometry": {
        "type": "Point",
        "coordinates": [
          139.7239173,
          35.6727598
        ]
      },
      "id": "node/6329791674"
    },
    {
      "type": "Feature",
      "properties": {
        "@id": "node/6329802719",
        "colour": "violet",
        "name": "青山一丁目",
        "name:en": "Aoyama-itchome",
        "name:es": "Aoyama-itchome",
        "name:ja": "青山一丁目",
        "name:ja-Hira": "あおやまいっちょうめ",
        "name:ja_rm": "Aoyama itchōme",
        "name:ko": "아오야마1초메",
        "name:ru": "Аояма Иттёмэ",
        "name:zh": "青山一丁目",
        "network": "都営地下鉄",
        "network:en": "Toei subway",
        "operator": "東京都交通局",
        "operator:en": "Toei",
        "operator:wikidata": "Q1377135",
        "public_transport": "stop_position",
        "railway": "stop",
        "ref": "G04;Z03;E24",
        "station": "subway",
        "subway": "yes",
        "wikidata": "Q602410",
        "wikipedia": "ja:青山一丁目駅"
      },
      "geometry": {
        "type": "Point",
        "coordinates": [
          139.7239642,
          35.6727324
        ]
      },
      "id": "node/6329802719"
    },
    {
      "type": "Feature",
      "properties": {
        "@id": "node/6333133527",
        "alt_name:en": "Ginza 1-chome",
        "colour": "yellow",
        "name": "銀座一丁目",
        "name:en": "Ginza-itchome",
        "name:es": "Ginza-itchome",
        "name:ja": "銀座一丁目",
        "name:ja-Hira": "ぎんざいっちょうめ",
        "name:ja_rm": "Ginza Itchōme",
        "name:ko": "긴자1초메",
        "name:ru": "Гиндза Иттёмэ",
        "operator": "東京地下鉄",
        "public_transport": "station",
        "railway": "station",
        "ref": "Y19",
        "station": "subway",
        "subway": "yes",
        "transport": "subway",
        "wheelchair": "no",
        "wikidata": "Q331185",
        "wikipedia": "ja:銀座一丁目駅"
      },
      "geometry": {
        "type": "Point",
        "coordinates": [
          139.7670332,
          35.6743469
        ]
      },
      "id": "node/6333133527"
    },
    {
      "type": "Feature",
      "properties": {
        "@id": "node/6335374288",
        "name": "辰巳",
        "name:en": "Tatsumi",
        "name:es": "Tatsumi",
        "name:ja": "辰巳",
        "name:ja-Hira": "たつみ",
        "name:ja_rm": "Tatsumi",
        "name:ko": "다쓰미",
        "name:ru": "Тацуми",
        "operator": "東京地下鉄",
        "public_transport": "station",
        "railway": "station",
        "ref": "Y23",
        "station": "subway",
        "subway": "yes",
        "transport": "subway",
        "wheelchair": "yes",
        "wikidata": "Q331177",
        "wikipedia": "ja:辰巳駅"
      },
      "geometry": {
        "type": "Point",
        "coordinates": [
          139.8107392,
          35.6454772
        ]
      },
      "id": "node/6335374288"
    },
    {
      "type": "Feature",
      "properties": {
        "@id": "node/6352945230",
        "alt_name": "東京タワー前",
        "colour": "blue",
        "name": "御成門",
        "name:en": "Onarimon",
        "name:es": "Onarimon",
        "name:ja": "御成門",
        "name:ja-Hira": "おなりもん",
        "name:ja_rm": "Onarimon",
        "name:ko": "오나리몬",
        "name:ru": "Онаримон",
        "network": "都営地下鉄",
        "network:en": "Toei subway",
        "operator": "東京都交通局",
        "operator:en": "Toei",
        "operator:wikidata": "Q1377135",
        "public_transport": "station",
        "railway": "station",
        "ref": "I06",
        "station": "subway",
        "subway": "yes",
        "wikidata": "Q1039085",
        "wikipedia": "ja:御成門駅"
      },
      "geometry": {
        "type": "Point",
        "coordinates": [
          139.7513591,
          35.6608011
        ]
      },
      "id": "node/6352945230"
    },
    {
      "type": "Feature",
      "properties": {
        "@id": "node/6353024187",
        "alt_name:ko": "스이텐구마에",
        "name": "水天宮前",
        "name:en": "Suitengumae",
        "name:es": "Suitengumae",
        "name:ja": "水天宮前",
        "name:ja-Hira": "すいてんぐうまえ",
        "name:ja_rm": "Suitengū Mae",
        "name:ko": "스이텐구앞",
        "name:ru": "Суйтенгумаэ",
        "name:zh": "水天宫前",
        "name:zh-Hans": "水天宫前",
        "operator": "東京地下鉄",
        "public_transport": "station",
        "railway": "station",
        "ref": "Z10",
        "station": "subway",
        "subway": "yes",
        "wheelchair": "yes",
        "wikidata": "Q80546",
        "wikipedia": "ja:水天宮前駅"
      },
      "geometry": {
        "type": "Point",
        "coordinates": [
          139.7856405,
          35.6825235
        ]
      },
      "id": "node/6353024187"
    },
    {
      "type": "Feature",
      "properties": {
        "@id": "node/6365108499",
        "light_rail": "yes",
        "local_ref": "1",
        "name": "市場前",
        "name:en": "Shijo-mae",
        "name:es": "Shijo-mae",
        "name:ja": "市場前",
        "name:ja-Hira": "しじょうまえ",
        "name:ja-Latn": "Shijō-mae",
        "name:ko": "시조마에",
        "name:ru": "Сидзё-маэ",
        "operator": "ゆりかもめ",
        "public_transport": "stop_position",
        "railway": "stop",
        "ref": "U14",
        "station": "light_rail",
        "wikidata": "Q859054",
        "wikipedia": "ja:市場前駅"
      },
      "geometry": {
        "type": "Point",
        "coordinates": [
          139.7857454,
          35.6457957
        ]
      },
      "id": "node/6365108499"
    },
    {
      "type": "Feature",
      "properties": {
        "@id": "node/6365108500",
        "light_rail": "yes",
        "local_ref": "2",
        "name": "市場前",
        "name:en": "Shijo-mae",
        "name:es": "Shijo-mae",
        "name:ja": "市場前",
        "name:ja-Hira": "しじょうまえ",
        "name:ja-Latn": "Shijō-mae",
        "name:ko": "시조마에",
        "name:ru": "Сидзё-маэ",
        "operator": "ゆりかもめ",
        "public_transport": "stop_position",
        "railway": "stop",
        "ref": "U14",
        "station": "light_rail",
        "wikidata": "Q859054",
        "wikipedia": "ja:市場前駅"
      },
      "geometry": {
        "type": "Point",
        "coordinates": [
          139.7858105,
          35.6457294
        ]
      },
      "id": "node/6365108500"
    },
    {
      "type": "Feature",
      "properties": {
        "@id": "node/6376099903",
        "colour": "lightgreen",
        "name": "浜町",
        "name:en": "Hamacho",
        "name:es": "Hamacho",
        "name:ja": "浜町",
        "name:ja-Hira": "はまちょう",
        "name:ja_rm": "Hamachō",
        "name:ko": "하마초",
        "name:ru": "Хаматё",
        "operator": "東京都交通局",
        "public_transport": "station",
        "railway": "station",
        "ref": "S10",
        "station": "subway",
        "subway": "yes",
        "wikidata": "Q128403",
        "wikipedia": "ja:浜町駅"
      },
      "geometry": {
        "type": "Point",
        "coordinates": [
          139.7881422,
          35.6884743
        ]
      },
      "id": "node/6376099903"
    },
    {
      "type": "Feature",
      "properties": {
        "@id": "node/6384602191",
        "name": "小菅",
        "name:en": "Kosuge",
        "name:es": "Kosuge",
        "name:ja": "小菅",
        "name:ja-Hira": "こすげ",
        "name:ja_rm": "Kosuge",
        "name:ko": "코스게",
        "network": "東武鉄道",
        "network:en": "Tobu Railway",
        "network:ja": "東武鉄道",
        "network:wikidata": "Q1321914",
        "note": "National-Land Numerical Information (Railway) 2007, MLIT Japan",
        "operator": "東武鉄道",
        "public_transport": "station",
        "railway": "station",
        "ref": "TS10",
        "source": "KSJ2",
        "source_ref": "http://nlftp.mlit.go.jp/ksj/jpgis/datalist/KsjTmplt-N02-v1_1.html",
        "train": "yes",
        "wikidata": "Q6433611",
        "wikipedia": "ja:小菅駅"
      },
      "geometry": {
        "type": "Point",
        "coordinates": [
          139.8126428,
          35.7586732
        ]
      },
      "id": "node/6384602191"
    },
    {
      "type": "Feature",
      "properties": {
        "@id": "node/6423969022",
        "name": "荻窪",
        "name:en": "Ogikubo",
        "name:es": "Ogikubo",
        "name:ja": "荻窪",
        "name:ja-Hira": "おぎくぼ",
        "name:ja_rm": "Ogikubo",
        "name:ko": "오기쿠보",
        "name:ru": "Огикубо",
        "operator": "東京地下鉄",
        "platforms": "2",
        "public_transport": "station",
        "railway": "station",
        "ref": "M01",
        "station": "subway",
        "subway": "yes",
        "wheelchair": "yes",
        "wikidata": "Q801294",
        "wikipedia": "ja:荻窪駅"
      },
      "geometry": {
        "type": "Point",
        "coordinates": [
          139.6200267,
          35.7042744
        ]
      },
      "id": "node/6423969022"
    },
    {
      "type": "Feature",
      "properties": {
        "@id": "node/6440614866",
        "name": "勝どき",
        "name:en": "Kachidoki",
        "name:ja": "勝どき",
        "name:ja-Hira": "かちどき",
        "name:ja_rm": "Kachidoki",
        "name:ko": "가치도키",
        "name:ru": "Катидоки",
        "network": "都営地下鉄",
        "network:en": "Toei subway",
        "operator": "東京都交通局",
        "operator:en": "Toei",
        "operator:wikidata": "Q1377135",
        "public_transport": "station",
        "railway": "station",
        "ref": "E17",
        "station": "subway",
        "subway": "yes",
        "toilets:wheelchair": "yes",
        "wheelchair": "yes",
        "wikidata": "Q246191",
        "wikipedia": "ja:勝どき駅"
      },
      "geometry": {
        "type": "Point",
        "coordinates": [
          139.7771747,
          35.6589623
        ]
      },
      "id": "node/6440614866"
    },
    {
      "type": "Feature",
      "properties": {
        "@id": "node/6443199834",
        "colour": "green",
        "name": "乃木坂",
        "name:en": "Nogizaka",
        "name:es": "Nogizaka",
        "name:ja": "乃木坂",
        "name:ja-Hira": "のぎざか",
        "name:ja_rm": "Nogizaka",
        "name:ko": "노기자카",
        "name:ru": "Ногидзака",
        "network": "東京メトロ",
        "operator": "東京地下鉄",
        "public_transport": "station",
        "railway": "station",
        "ref": "C05",
        "source": "Survey",
        "station": "subway",
        "subway": "yes",
        "transport": "subway",
        "wheelchair": "yes",
        "wikidata": "Q347791",
        "wikipedia": "ja:乃木坂駅"
      },
      "geometry": {
        "type": "Point",
        "coordinates": [
          139.726365,
          35.6666651
        ]
      },
      "id": "node/6443199834"
    },
    {
      "type": "Feature",
      "properties": {
        "@id": "node/6443282063",
        "light_rail": "yes",
        "name": "山下",
        "name:en": "Yamashita",
        "name:ja": "山下",
        "name:ja-Hira": "やました",
        "name:ja-Latn": "Yamashita",
        "name:ko": "야마시타",
        "name:ru": "Ямасита",
        "operator": "東京急行電鉄",
        "public_transport": "station",
        "railway": "station",
        "ref": "SG08",
        "source": "KSJ2",
        "station": "light_rail",
        "wheelchair": "yes",
        "wikidata": "Q8047952",
        "wikipedia": "ja:山下駅 (東京都)"
      },
      "geometry": {
        "type": "Point",
        "coordinates": [
          139.6465157,
          35.6538239
        ]
      },
      "id": "node/6443282063"
    },
    {
      "type": "Feature",
      "properties": {
        "@id": "node/6509432921",
        "colour": "violet",
        "name": "麻布十番",
        "name:en": "Azabu-juban",
        "name:es": "Azabu-juban",
        "name:ja": "麻布十番",
        "name:ja-Hira": "あざぶじゅうばん",
        "name:ja_rm": "Azabu jūban",
        "name:ko": "아자부주반",
        "network": "都営地下鉄",
        "network:en": "Toei subway",
        "operator": "東京都交通局",
        "operator:en": "Toei",
        "operator:wikidata": "Q1377135",
        "public_transport": "stop_position",
        "railway": "stop",
        "ref": "E22",
        "station": "subway",
        "subway": "yes",
        "wikidata": "Q112382",
        "wikipedia": "ja:麻布十番駅"
      },
      "geometry": {
        "type": "Point",
        "coordinates": [
          139.7361199,
          35.6564518
        ]
      },
      "id": "node/6509432921"
    },
    {
      "type": "Feature",
      "properties": {
        "@id": "node/6511944763",
        "name": "麻布十番",
        "name:en": "Azabu-juban",
        "name:es": "Azabu-juban",
        "name:ja": "麻布十番",
        "name:ja-Hira": "あざぶじゅうばん",
        "name:ja_rm": "Azabu jūban",
        "name:ko": "아자부주반",
        "name:ru": "Адзабудзюбан",
        "network": "都営地下鉄",
        "network:en": "Toei subway",
        "operator": "東京都交通局",
        "operator:en": "Toei",
        "operator:wikidata": "Q1377135",
        "public_transport": "station",
        "railway": "station",
        "ref": "E22",
        "station": "subway",
        "subway": "yes",
        "wikidata": "Q112382",
        "wikipedia": "ja:麻布十番駅"
      },
      "geometry": {
        "type": "Point",
        "coordinates": [
          139.7361613,
          35.6565014
        ]
      },
      "id": "node/6511944763"
    },
    {
      "type": "Feature",
      "properties": {
        "@id": "node/6511944764",
        "colour": "violet",
        "name": "麻布十番",
        "name:en": "Azabu-juban",
        "name:es": "Azabu-juban",
        "name:ja": "麻布十番",
        "name:ja-Hira": "あざぶじゅうばん",
        "name:ja_rm": "Azabu jūban",
        "name:ko": "아자부주반",
        "network": "都営地下鉄",
        "network:en": "Toei subway",
        "operator": "東京都交通局",
        "operator:en": "Toei",
        "operator:wikidata": "Q1377135",
        "public_transport": "stop_position",
        "railway": "stop",
        "ref": "E22",
        "station": "subway",
        "subway": "yes",
        "wikidata": "Q112382",
        "wikipedia": "ja:麻布十番駅"
      },
      "geometry": {
        "type": "Point",
        "coordinates": [
          139.736177,
          35.6565513
        ]
      },
      "id": "node/6511944764"
    },
    {
      "type": "Feature",
      "properties": {
        "@id": "node/6545039555",
        "colour": "yellow",
        "name": "江戸川橋",
        "name:en": "Edogawabashi",
        "name:es": "Edogawabashi",
        "name:ja": "江戸川橋",
        "name:ja-Hira": "えどがわばし",
        "name:ja_rm": "Edogawabashi",
        "name:ko": "에도가와바시",
        "name:ru": "Эдогавабаси",
        "network": "東京メトロ",
        "operator": "東京地下鉄",
        "public_transport": "station",
        "railway": "station",
        "ref": "Y12",
        "station": "subway",
        "subway": "yes",
        "transport": "subway",
        "wikidata": "Q331929",
        "wikipedia": "ja:江戸川橋駅"
      },
      "geometry": {
        "type": "Point",
        "coordinates": [
          139.7335636,
          35.7095155
        ]
      },
      "id": "node/6545039555"
    },
    {
      "type": "Feature",
      "properties": {
        "@id": "node/6545122783",
        "colour": "yellow",
        "name": "護国寺",
        "name:en": "Gokokuji",
        "name:es": "Gokokuji",
        "name:ja": "護国寺",
        "name:ja-Hira": "ごこくじ",
        "name:ja_rm": "Gokokuji",
        "name:ko": "고코쿠지",
        "name:ru": "Гококудзи",
        "operator": "東京地下鉄",
        "public_transport": "station",
        "railway": "station",
        "ref": "Y11",
        "station": "subway",
        "subway": "yes",
        "transport": "subway",
        "wheelchair": "yes",
        "wikidata": "Q331941",
        "wikipedia": "ja:護国寺駅"
      },
      "geometry": {
        "type": "Point",
        "coordinates": [
          139.7274629,
          35.7190787
        ]
      },
      "id": "node/6545122783"
    },
    {
      "type": "Feature",
      "properties": {
        "@id": "node/6547961657",
        "name": "錦糸町",
        "name:en": "Kinshicho",
        "name:es": "Kinshicho",
        "name:ja": "錦糸町",
        "name:ja-Hira": "きんしちょう",
        "name:ja_rm": "Kinshichō",
        "name:ko": "긴시초",
        "name:ru": "Кинситё",
        "name:zh": "锦丝町",
        "name:zh-Hans": "锦丝町",
        "name:zh-Hant": "錦絲町",
        "operator": "東京地下鉄",
        "public_transport": "station",
        "railway": "station",
        "ref": "Z13",
        "station": "subway",
        "subway": "yes",
        "wheelchair": "yes",
        "wikidata": "Q801017",
        "wikipedia": "ja:錦糸町駅"
      },
      "geometry": {
        "type": "Point",
        "coordinates": [
          139.8150431,
          35.6963122
        ]
      },
      "id": "node/6547961657"
    },
    {
      "type": "Feature",
      "properties": {
        "@id": "node/6548175855",
        "name": "東新宿",
        "name:en": "Higashi-shinjuku",
        "name:es": "Higashi-shinjuku",
        "name:ja": "東新宿",
        "name:ja-Hira": "ひがししんじゅく",
        "name:ja_rm": "Higashi Shinjuku",
        "name:ko": "히가시신주쿠",
        "name:ru": "Хигаси Синдзюку",
        "network": "都営地下鉄",
        "network:en": "Toei subway",
        "operator": "東京都交通局",
        "operator:en": "Toei",
        "operator:wikidata": "Q1377135",
        "public_transport": "station",
        "railway": "station",
        "ref": "E02",
        "station": "subway",
        "subway": "yes",
        "toilets:wheelchair": "yes",
        "wheelchair": "yes",
        "wikidata": "Q112503",
        "wikipedia": "ja:東新宿駅"
      },
      "geometry": {
        "type": "Point",
        "coordinates": [
          139.7075443,
          35.6978967
        ]
      },
      "id": "node/6548175855"
    },
    {
      "type": "Feature",
      "properties": {
        "@id": "node/6548181146",
        "layer": "-3",
        "name": "光が丘",
        "name:en": "Hikarigaoka",
        "name:es": "Hikarigaoka",
        "name:ja": "光が丘",
        "name:ja-Hira": "ひかりがおか",
        "name:ja_rm": "Hikarigaoka",
        "name:ko": "히카리가오카",
        "name:ru": "Хикаригаока",
        "network": "都営地下鉄",
        "network:en": "Toei subway",
        "operator": "東京都交通局",
        "operator:en": "Toei",
        "operator:wikidata": "Q1377135",
        "public_transport": "station",
        "railway": "station",
        "ref": "E38",
        "station": "subway",
        "subway": "yes",
        "wheelchair": "yes",
        "wikidata": "Q1132210",
        "wikipedia": "ja:光が丘駅"
      },
      "geometry": {
        "type": "Point",
        "coordinates": [
          139.6293801,
          35.7585523
        ]
      },
      "id": "node/6548181146"
    },
    {
      "type": "Feature",
      "properties": {
        "@id": "node/6810298549",
        "name": "幡ヶ谷",
        "name:en": "Hatagaya",
        "name:ja": "幡ヶ谷",
        "name:ja-Hira": "はたがや",
        "name:ja_rm": "Hatagaya",
        "name:ko": "하타가야",
        "name:ru": "Хатагая",
        "operator": "京王電鉄",
        "public_transport": "station",
        "railway": "station",
        "ref": "KO03",
        "train": "yes",
        "wikidata": "Q4496513",
        "wikipedia": "ja:幡ヶ谷駅"
      },
      "geometry": {
        "type": "Point",
        "coordinates": [
          139.6768293,
          35.6772317
        ]
      },
      "id": "node/6810298549"
    },
    {
      "type": "Feature",
      "properties": {
        "@id": "node/6810298550",
        "name": "笹塚",
        "name:en": "Sasazuka",
        "name:ja": "笹塚",
        "name:ja-Hira": "ささづか",
        "name:ja_rm": "Sasazuka",
        "name:ko": "사사즈카",
        "name:ru": "Сасадзука",
        "note": "National-Land Numerical Information (Railway) 2007, MLIT Japan",
        "operator": "京王電鉄",
        "public_transport": "station",
        "railway": "station",
        "ref": "KO04",
        "source": "KSJ2",
        "source_ref": "http://nlftp.mlit.go.jp/ksj/jpgis/datalist/KsjTmplt-N02-v1_1.html",
        "wheelchair": "yes",
        "wikidata": "Q841861",
        "wikipedia": "ja:笹塚駅"
      },
      "geometry": {
        "type": "Point",
        "coordinates": [
          139.6672321,
          35.6736801
        ]
      },
      "id": "node/6810298550"
    },
    {
      "type": "Feature",
      "properties": {
        "@id": "node/6812265365",
        "name": "中野新橋",
        "name:en": "Nakano-shimbashi",
        "name:es": "Nakano-shimbashi",
        "name:ja": "中野新橋",
        "name:ja-Hira": "なかのしんばし",
        "name:ja_rm": "Nakano Shimbashi",
        "name:ko": "나카노신바시",
        "name:ru": "Накано Симбаси",
        "operator": "東京地下鉄",
        "platforms": "2",
        "public_transport": "station",
        "railway": "station",
        "ref": "Mb05",
        "station": "subway",
        "subway": "yes",
        "wheelchair": "yes",
        "wikidata": "Q1132589",
        "wikipedia": "ja:中野新橋駅"
      },
      "geometry": {
        "type": "Point",
        "coordinates": [
          139.6738042,
          35.692021
        ]
      },
      "id": "node/6812265365"
    },
    {
      "type": "Feature",
      "properties": {
        "@id": "node/7093641218",
        "name": "池袋",
        "name:en": "Ikebukuro",
        "name:es": "Ikebukuro",
        "name:it": "Ikebukuro",
        "name:ja": "池袋",
        "name:ja-Hira": "いけぶくろ",
        "name:ja-Latn": "Ikebukuro",
        "name:ko": "이케부쿠로",
        "name:ru": "Икебукуро",
        "operator": "Tojoouter",
        "public_transport": "station",
        "railway": "station",
        "ref": "TJ01",
        "train": "yes",
        "wheelchair": "yes",
        "wikidata": "Q173919",
        "wikipedia": "ja:池袋駅"
      },
      "geometry": {
        "type": "Point",
        "coordinates": [
          139.7107453,
          35.7304418
        ]
      },
      "id": "node/7093641218"
    },
    {
      "type": "Feature",
      "properties": {
        "@id": "node/7097139114",
        "name": "野方",
        "name:en": "Nogata",
        "name:ja": "野方",
        "name:ja-Hira": "のがた",
        "name:ja_rm": "Nogata",
        "name:ko": "노가타",
        "network": "西武鉄道",
        "network:en": "Seibu Railway",
        "network:ja": "西武鉄道",
        "network:wikidata": "Q83543",
        "operator": "西武鉄道",
        "public_transport": "station",
        "railway": "station",
        "ref": "SS07",
        "train": "yes",
        "wheelchair": "yes",
        "wikidata": "Q260859",
        "wikipedia": "ja:野方駅"
      },
      "geometry": {
        "type": "Point",
        "coordinates": [
          139.6531263,
          35.7196957
        ]
      },
      "id": "node/7097139114"
    },
    {
      "type": "Feature",
      "properties": {
        "@id": "node/7140328435",
        "name": "麻布十番",
        "name:en": "Azabu-juban",
        "name:es": "Azabu-juban",
        "name:ja": "麻布十番",
        "name:ja-Hira": "あざぶじゅうばん",
        "name:ja_rm": "Azabu jūban",
        "name:ko": "아자부주반",
        "name:ru": "Адзабудзюбан",
        "note": "南北線",
        "operator": "東京地下鉄",
        "public_transport": "station",
        "railway": "station",
        "ref": "N04",
        "station": "subway",
        "subway": "yes",
        "train": "yes",
        "wheelchair": "limited",
        "wikidata": "Q112382",
        "wikipedia": "ja:麻布十番駅"
      },
      "geometry": {
        "type": "Point",
        "coordinates": [
          139.7371506,
          35.6551789
        ]
      },
      "id": "node/7140328435"
    },
    {
      "type": "Feature",
      "properties": {
        "@id": "node/7179891194",
        "name": "南千住",
        "name:en": "Minami-Senju",
        "name:ja": "南千住",
        "name:ja-Hira": "みなみせんじゅ",
        "name:ja_rm": "Minami Senju",
        "name:ko": "미나미센주",
        "name:ru": "Минами-Сендзю",
        "operator": "首都圏新都市鉄道",
        "platforms": "2",
        "public_transport": "station",
        "railway": "station",
        "ref": "04",
        "wheelchair": "yes",
        "wikidata": "Q80570",
        "wikipedia": "ja:南千住駅"
      },
      "geometry": {
        "type": "Point",
        "coordinates": [
          139.7988176,
          35.7328539
        ]
      },
      "id": "node/7179891194"
    },
    {
      "type": "Feature",
      "properties": {
        "@id": "node/7382935074",
        "name": "新桜台",
        "name:en": "Shin-Sakuradai",
        "name:ja": "新桜台",
        "name:ja-Hira": "しんさくらだい",
        "name:ja_rm": "Shin Sakuradai",
        "name:ko": "신사쿠라다이",
        "operator": "西武鉄道",
        "public_transport": "station",
        "railway": "station",
        "ref": "SI38",
        "source": "KSJ2",
        "wikidata": "Q7497126",
        "wikipedia": "ja:新桜台駅"
      },
      "geometry": {
        "type": "Point",
        "coordinates": [
          139.6686209,
          35.7410899
        ]
      },
      "id": "node/7382935074"
    },
    {
      "type": "Feature",
      "properties": {
        "@id": "node/7412555523",
        "name": "浅草",
        "name:en": "Asakusa",
        "name:es": "Asakusa Tsukuba",
        "name:ja": "浅草",
        "name:ja-Hira": "あさくさ",
        "name:ja_rm": "Asakusa",
        "name:ko": "아사쿠사",
        "name:ru": "Асакуса",
        "operator": "首都圏新都市鉄道",
        "public_transport": "station",
        "railway": "station",
        "ref": "03",
        "wikidata": "Q4803450",
        "wikipedia": "ja:浅草駅 (首都圏新都市鉄道)"
      },
      "geometry": {
        "type": "Point",
        "coordinates": [
          139.792416,
          35.7136174
        ]
      },
      "id": "node/7412555523"
    },
    {
      "type": "Feature",
      "properties": {
        "@id": "node/7430288084",
        "name": "江古田",
        "name:en": "Ekoda",
        "name:ja": "江古田",
        "name:ja-Hira": "えこだ",
        "name:ja_rm": "Ekoda",
        "name:ko": "에코다",
        "network": "西武鉄道",
        "network:en": "Seibu Railway",
        "network:ja": "西武鉄道",
        "network:wikidata": "Q83543",
        "operator": "西武鉄道",
        "public_transport": "station",
        "railway": "station",
        "ref": "SI04",
        "source": "KSJ2",
        "train": "yes",
        "wikidata": "Q5350525",
        "wikipedia": "ja:江古田駅"
      },
      "geometry": {
        "type": "Point",
        "coordinates": [
          139.6727894,
          35.7375689
        ]
      },
      "id": "node/7430288084"
    },
    {
      "type": "Feature",
      "properties": {
        "@id": "node/7430368356",
        "name": "下落合",
        "name:en": "Shimo-Ochiai",
        "name:ja": "下落合",
        "name:ja-Hira": "しもおちあい",
        "name:ja_rm": "Shimo-Ochiai",
        "name:ko": "시모오치아이",
        "network": "西武鉄道",
        "network:en": "Seibu Railway",
        "network:ja": "西武鉄道",
        "network:wikidata": "Q83543",
        "note": "National-Land Numerical Information (Railway) 2007, MLIT Japan",
        "operator": "西武鉄道",
        "public_transport": "station",
        "railway": "station",
        "ref": "SS03",
        "source": "KSJ2",
        "source_ref": "http://nlftp.mlit.go.jp/ksj/jpgis/datalist/KsjTmplt-N02-v1_1.html",
        "train": "yes",
        "wheelchair": "yes",
        "wikidata": "Q843464",
        "wikipedia": "ja:下落合駅"
      },
      "geometry": {
        "type": "Point",
        "coordinates": [
          139.6954383,
          35.7157663
        ]
      },
      "id": "node/7430368356"
    },
    {
      "type": "Feature",
      "properties": {
        "@id": "node/7430375681",
        "name": "新井薬師前",
        "name:en": "Araiyakushi-mae",
        "name:ja": "新井薬師前",
        "name:ja-Hira": "あらいやくしまえ",
        "name:ja_rm": "Araiyakushi Mae",
        "name:ko": "아라이야쿠시마에",
        "network": "西武鉄道",
        "network:en": "Seibu Railway",
        "network:ja": "西武鉄道",
        "network:wikidata": "Q83543",
        "operator": "西武鉄道",
        "public_transport": "station",
        "railway": "station",
        "ref": "SS05",
        "source": "KSJ2",
        "train": "yes",
        "wheelchair": "yes",
        "wikidata": "Q843454",
        "wikipedia": "ja:新井薬師前駅"
      },
      "geometry": {
        "type": "Point",
        "coordinates": [
          139.672568,
          35.7157294
        ]
      },
      "id": "node/7430375681"
    },
    {
      "type": "Feature",
      "properties": {
        "@id": "node/7430377036",
        "name": "中井",
        "name:en": "Nakai",
        "name:ja": "中井",
        "name:ja-Hira": "なかい",
        "name:ja_rm": "Nakai",
        "name:ko": "나카이",
        "network": "西武鉄道",
        "network:en": "Seibu Railway",
        "network:ja": "西武鉄道",
        "network:wikidata": "Q83543",
        "note": "National-Land Numerical Information (Railway) 2007, MLIT Japan",
        "operator": "西武鉄道",
        "public_transport": "station",
        "railway": "station",
        "ref": "SS04",
        "source": "KSJ2",
        "source_ref": "http://nlftp.mlit.go.jp/ksj/jpgis/datalist/KsjTmplt-N02-v1_1.html",
        "train": "yes",
        "wheelchair": "yes",
        "wikidata": "Q275116",
        "wikipedia": "ja:中井駅"
      },
      "geometry": {
        "type": "Point",
        "coordinates": [
          139.686289,
          35.7150887
        ]
      },
      "id": "node/7430377036"
    },
    {
      "type": "Feature",
      "properties": {
        "@id": "node/7482027434",
        "name": "梅島",
        "name:en": "Umejima",
        "name:ja": "梅島",
        "name:ja-Hira": "うめじま",
        "name:ja_rm": "Umejima",
        "name:ko": "우메지마",
        "note": "National-Land Numerical Information (Railway) 2007, MLIT Japan",
        "operator": "東武鉄道",
        "public_transport": "station",
        "railway": "station",
        "ref": "TS12",
        "source": "KSJ2",
        "source_ref": "http://nlftp.mlit.go.jp/ksj/jpgis/datalist/KsjTmplt-N02-v1_1.html",
        "wikidata": "Q7881477",
        "wikipedia": "ja:梅島駅"
      },
      "geometry": {
        "type": "Point",
        "coordinates": [
          139.7979912,
          35.7723784
        ]
      },
      "id": "node/7482027434"
    },
    {
      "type": "Feature",
      "properties": {
        "@id": "node/7482027435",
        "name": "五反野",
        "name:en": "Gotanno",
        "name:ja": "五反野",
        "name:ja-Hira": "ごたんの",
        "name:ja_rm": "Gotan-no",
        "name:ko": "고탄노",
        "network": "東武鉄道",
        "network:en": "Tobu Railway",
        "network:ja": "東武鉄道",
        "network:wikidata": "Q1321914",
        "note": "National-Land Numerical Information (Railway) 2007, MLIT Japan",
        "operator": "東武鉄道",
        "public_transport": "station",
        "railway": "station",
        "ref": "TS11",
        "source": "KSJ2",
        "source_ref": "http://nlftp.mlit.go.jp/ksj/jpgis/datalist/KsjTmplt-N02-v1_1.html",
        "train": "yes",
        "wikidata": "Q5587720",
        "wikipedia": "ja:五反野駅"
      },
      "geometry": {
        "type": "Point",
        "coordinates": [
          139.8094973,
          35.7659593
        ]
      },
      "id": "node/7482027435"
    },
    {
      "type": "Feature",
      "properties": {
        "@id": "node/7482043457",
        "name": "堀切",
        "name:en": "Horikiri",
        "name:ja": "堀切",
        "name:ja-Hira": "ほりきり",
        "name:ja_rm": "Horikiri",
        "name:ko": "호리키리",
        "name:ru": "Хорикири",
        "network": "東武鉄道",
        "network:en": "Tobu Railway",
        "network:ja": "東武鉄道",
        "network:wikidata": "Q1321914",
        "note": "National-Land Numerical Information (Railway) 2007, MLIT Japan",
        "operator": "東武鉄道",
        "platforms": "2",
        "public_transport": "station",
        "railway": "station",
        "ref": "TS07",
        "source": "KSJ2",
        "source_ref": "http://nlftp.mlit.go.jp/ksj/jpgis/datalist/KsjTmplt-N02-v1_1.html",
        "train": "yes",
        "wikidata": "Q5903267",
        "wikipedia": "ja:堀切駅"
      },
      "geometry": {
        "type": "Point",
        "coordinates": [
          139.8176989,
          35.7432581
        ]
      },
      "id": "node/7482043457"
    },
    {
      "type": "Feature",
      "properties": {
        "@id": "node/7482077157",
        "alt_name": "Higashi-mukojima",
        "name": "東向島",
        "name:en": "Higashi-mukojima",
        "name:es": "Higashi-mukojima",
        "name:ja": "東向島",
        "name:ja-Hira": "ひがしむこうじま",
        "name:ja_rm": "Higashi Mukōjima",
        "name:ko": "히가시무코지마",
        "name:ru": "Хигаси-Мукодзима",
        "note": "National-Land Numerical Information (Railway) 2007, MLIT Japan",
        "operator": "東武鉄道",
        "public_transport": "station",
        "railway": "station",
        "ref": "TS05",
        "source": "KSJ2;(URL)",
        "source_ref": "http://nlftp.mlit.go.jp/ksj/jpgis/datalist/KsjTmplt-N02-v1_1.html",
        "url": "http://www.tobu.co.jp/station/info/1106.html",
        "wheelchair": "limited",
        "wikidata": "Q5753733",
        "wikipedia": "ja:東向島駅"
      },
      "geometry": {
        "type": "Point",
        "coordinates": [
          139.8193077,
          35.7243341
        ]
      },
      "id": "node/7482077157"
    },
    {
      "type": "Feature",
      "properties": {
        "@id": "node/7482077160",
        "name": "鐘ヶ淵",
        "name:en": "Kanegafuchi",
        "name:ja": "鐘ヶ淵",
        "name:ja-Hira": "かねがふち",
        "name:ja_rm": "Kanegafuchi",
        "name:ko": "가네가후치",
        "name:ru": "Канегафути",
        "note": "National-Land Numerical Information (Railway) 2007, MLIT Japan",
        "operator": "東武鉄道",
        "public_transport": "station",
        "railway": "station",
        "ref": "TS06",
        "source": "KSJ2;(URL)",
        "source_ref": "http://nlftp.mlit.go.jp/ksj/jpgis/datalist/KsjTmplt-N02-v1_1.html",
        "wikidata": "Q6361921",
        "wikipedia": "ja:鐘ヶ淵駅"
      },
      "geometry": {
        "type": "Point",
        "coordinates": [
          139.8205233,
          35.7337353
        ]
      },
      "id": "node/7482077160"
    },
    {
      "type": "Feature",
      "properties": {
        "@id": "node/7483347890",
        "name": "竹ノ塚",
        "name:en": "Takenotsuka",
        "name:ja": "竹ノ塚",
        "name:ja-Hira": "たけのつか",
        "name:ja_rm": "Takenotsuka",
        "name:ko": "다케노쓰카",
        "note": "National-Land Numerical Information (Railway) 2007, MLIT Japan",
        "operator": "東武鉄道",
        "public_transport": "station",
        "railway": "station",
        "ref": "TS14",
        "source": "KSJ2",
        "source_ref": "http://nlftp.mlit.go.jp/ksj/jpgis/datalist/KsjTmplt-N02-v1_1.html",
        "wikidata": "Q7678040",
        "wikipedia": "ja:竹ノ塚駅"
      },
      "geometry": {
        "type": "Point",
        "coordinates": [
          139.7908431,
          35.7944805
        ]
      },
      "id": "node/7483347890"
    },
    {
      "type": "Feature",
      "properties": {
        "@id": "node/7661834794",
        "contact:website": "https://www.odakyu.jp/station/minami_shinjuku/",
        "name": "南新宿",
        "name:ar": "مينامي-شينجوكو",
        "name:de": "MInami-Shinjuku",
        "name:en": "Minami-Shinjuku",
        "name:fr": "Minami-Shinjuku",
        "name:ja": "南新宿",
        "name:ja-Hira": "みなみしんじゅく",
        "name:ja-Latn": "Minami-shinjuku",
        "name:ko": "미나미신주쿠",
        "name:ru": "Минами-Синдзюку",
        "name:zh": "南新宿站",
        "network": "小田急電鉄",
        "network:en": "Odakyu Electric Railway",
        "network:ja": "小田急電鉄",
        "network:wikidata": "Q83584",
        "operator": "小田急電鉄",
        "operator:en": "Odakyu Electric Railway",
        "operator:ja": "小田急電鉄",
        "operator:wikidata": "Q83584",
        "public_transport": "station",
        "railway": "station",
        "ref": "OH02",
        "source": "KSJ2",
        "source_ref": "http://nlftp.mlit.go.jp/ksj/jpgis/datalist/KsjTmplt-N02-v1_1.html",
        "train": "yes",
        "wheelchair": "yes",
        "wikidata": "Q1135947",
        "wikipedia": "ja:南新宿駅"
      },
      "geometry": {
        "type": "Point",
        "coordinates": [
          139.698857,
          35.6837073
        ]
      },
      "id": "node/7661834794"
    },
    {
      "type": "Feature",
      "properties": {
        "@id": "node/7678485635",
        "contact:website": "https://www.odakyu.jp/station/kitami/",
        "name": "喜多見",
        "name:de": "Kitami",
        "name:en": "Kitami",
        "name:fr": "Kitami",
        "name:ja": "喜多見",
        "name:ja-Hira": "きたみ",
        "name:ja_rm": "Kitami",
        "name:ko": "기타미",
        "name:ru": "Китами",
        "network": "小田急電鉄",
        "network:en": "Odakyu Electric Railway",
        "network:ja": "小田急電鉄",
        "network:wikidata": "Q83584",
        "operator": "小田急電鉄",
        "operator:en": "Odakyu Electric Railway",
        "operator:ja": "小田急電鉄",
        "operator:wikidata": "Q83584",
        "public_transport": "station",
        "railway": "station",
        "ref": "OH15",
        "source": "KSJ2",
        "train": "yes",
        "wikidata": "Q4222438",
        "wikipedia": "ja:喜多見駅"
      },
      "geometry": {
        "type": "Point",
        "coordinates": [
          139.5868713,
          35.6365293
        ]
      },
      "id": "node/7678485635"
    },
    {
      "type": "Feature",
      "properties": {
        "@id": "node/7681378384",
        "light_rail": "yes",
        "name": "下高井戸",
        "name:en": "Shimo-takaido",
        "name:es": "Shimo-takaido",
        "name:ja": "下高井戸",
        "name:ja-Hira": "しもたかいど",
        "name:ja-Latn": "Shimo Takaido",
        "name:ko": "시모타카이도",
        "name:ru": "Симо-Такайдо",
        "note": "National-Land Numerical Information (Railway) 2007, MLIT Japan",
        "operator": "京王電鉄",
        "public_transport": "station",
        "railway": "station",
        "ref": "KO07",
        "source": "KSJ2",
        "source_ref": "http://nlftp.mlit.go.jp/ksj/jpgis/datalist/KsjTmplt-N02-v1_1.html",
        "station": "light_rail",
        "wikidata": "Q994285",
        "wikipedia": "ja:下高井戸駅"
      },
      "geometry": {
        "type": "Point",
        "coordinates": [
          139.6415946,
          35.6661345
        ]
      },
      "id": "node/7681378384"
    },
    {
      "type": "Feature",
      "properties": {
        "@id": "node/7681380424",
        "light_rail": "yes",
        "name": "三軒茶屋",
        "name:en": "Sangen-jaya",
        "name:fr": "Sangen-jaya",
        "name:ja": "三軒茶屋",
        "name:ja-Hira": "さんげんぢゃや",
        "name:ja-Latn": "Sangen-jaya",
        "name:ko": "산겐자야",
        "name:ru": "Сангэндзяя",
        "operator": "東急電鉄",
        "operator:wikidata": "Q80229029",
        "public_transport": "station",
        "railway": "station",
        "ref": "SG01",
        "source": "KSJ2",
        "start_date": "1907-03-06",
        "station": "light_rail",
        "wheelchair": "yes",
        "wikidata": "Q7417938",
        "wikipedia": "ja:三軒茶屋駅"
      },
      "geometry": {
        "type": "Point",
        "coordinates": [
          139.669068,
          35.6440586
        ]
      },
      "id": "node/7681380424"
    },
    {
      "type": "Feature",
      "properties": {
        "@id": "node/7681383448",
        "light_rail": "yes",
        "name": "西太子堂",
        "name:en": "Nishi-taishido",
        "name:ja": "西太子堂",
        "name:ja-Hira": "にしたいしどう",
        "name:ja_rm": "Nishi Taishidō",
        "name:ko": "니시타이시도",
        "public_transport": "station",
        "railway": "station",
        "ref": "SG02",
        "source": "KSJ2",
        "station": "light_rail",
        "wheelchair": "yes",
        "wikidata": "Q7040419",
        "wikipedia": "ja:西太子堂駅"
      },
      "geometry": {
        "type": "Point",
        "coordinates": [
          139.666303,
          35.6445861
        ]
      },
      "id": "node/7681383448"
    },
    {
      "type": "Feature",
      "properties": {
        "@id": "node/7681383449",
        "light_rail": "yes",
        "name": "若林",
        "name:en": "Wakabayashi",
        "name:ja": "若林",
        "name:ja-Hira": "わかばやし",
        "name:ja_rm": "Wakabayashi",
        "name:ko": "와카바야시",
        "name:ru": "Вакабаяси",
        "public_transport": "station",
        "railway": "station",
        "ref": "SG03",
        "source": "KSJ2",
        "station": "light_rail",
        "wheelchair": "yes",
        "wikidata": "Q7960749",
        "wikipedia": "ja:若林駅 (東京都)"
      },
      "geometry": {
        "type": "Point",
        "coordinates": [
          139.6598567,
          35.6459516
        ]
      },
      "id": "node/7681383449"
    },
    {
      "type": "Feature",
      "properties": {
        "@id": "node/7681390222",
        "light_rail": "yes",
        "name": "松陰神社前",
        "name:en": "Shoin-jinja-mae",
        "name:ja": "松陰神社前",
        "name:ja-Hira": "しょういんじんじゃまえ",
        "name:ja_rm": "Shōin jinja mae",
        "name:ko": "쇼인진자마에",
        "name:ru": "Сёин-Дзиндзямаэ",
        "public_transport": "station",
        "railway": "station",
        "ref": "SG04",
        "source": "KSJ2",
        "station": "light_rail",
        "wheelchair": "yes",
        "wikidata": "Q7506130",
        "wikipedia": "ja:松陰神社前駅"
      },
      "geometry": {
        "type": "Point",
        "coordinates": [
          139.6551898,
          35.6439381
        ]
      },
      "id": "node/7681390222"
    },
    {
      "type": "Feature",
      "properties": {
        "@id": "node/7681390223",
        "light_rail": "yes",
        "name": "世田谷",
        "name:en": "Setagaya",
        "name:ja": "世田谷",
        "name:ja-Hira": "せたがや",
        "name:ja_rm": "Setagaya",
        "name:ko": "세타가야",
        "name:ru": "Сэтагая",
        "public_transport": "station",
        "railway": "station",
        "ref": "SG05",
        "source": "KSJ2",
        "station": "light_rail",
        "wheelchair": "yes",
        "wikidata": "Q7456328",
        "wikipedia": "ja:世田谷駅"
      },
      "geometry": {
        "type": "Point",
        "coordinates": [
          139.6508094,
          35.6435069
        ]
      },
      "id": "node/7681390223"
    },
    {
      "type": "Feature",
      "properties": {
        "@id": "node/7681390224",
        "light_rail": "yes",
        "name": "上町",
        "name:en": "Kamimachi",
        "name:ja": "上町",
        "name:ja-Hira": "かみまち",
        "name:ja-Latn": "Kamimachi",
        "name:ko": "가미마치",
        "name:ru": "Камимати",
        "network": "東急世田谷線",
        "operator": "東急",
        "public_transport": "station",
        "railway": "station",
        "ref": "SG06",
        "source": "KSJ2",
        "station": "light_rail",
        "wheelchair": "yes",
        "wikidata": "Q6358110",
        "wikipedia": "ja:上町駅"
      },
      "geometry": {
        "type": "Point",
        "coordinates": [
          139.6468285,
          35.6432455
        ]
      },
      "id": "node/7681390224"
    },
    {
      "type": "Feature",
      "properties": {
        "@id": "node/7681398785",
        "light_rail": "yes",
        "name": "宮の坂",
        "name:en": "Miyanosaka",
        "name:fr": "Miyanosaka",
        "name:ja-Hira": "みやのさか",
        "name:ja-Latn": "Miyanosaka",
        "name:ko": "미야노사카",
        "name:ru": "Мияносака",
        "public_transport": "station",
        "railway": "station",
        "ref": "SG07",
        "source": "KSJ2",
        "station": "light_rail",
        "wheelchair": "yes",
        "wikidata": "Q6884414",
        "wikipedia": "ja:宮の坂駅"
      },
      "geometry": {
        "type": "Point",
        "coordinates": [
          139.6449893,
          35.6478254
        ]
      },
      "id": "node/7681398785"
    },
    {
      "type": "Feature",
      "properties": {
        "@id": "node/7681398788",
        "light_rail": "yes",
        "name": "松原",
        "name:en": "Matsubara",
        "name:ja": "松原",
        "name:ja-Hira": "まつばら",
        "name:ja-Latn": "Matsubara",
        "name:ko": "마쓰바라",
        "name:ru": "Мацубара",
        "public_transport": "station",
        "railway": "station",
        "ref": "SG09",
        "source": "survey; KSJ2",
        "station": "light_rail",
        "wheelchair": "yes",
        "wikidata": "Q6788018",
        "wikipedia": "ja:松原駅 (東京都)"
      },
      "geometry": {
        "type": "Point",
        "coordinates": [
          139.641968,
          35.6601167
        ]
      },
      "id": "node/7681398788"
    },
    {
      "type": "Feature",
      "properties": {
        "@id": "node/7682830399",
        "name": "代田橋",
        "name:en": "Daitabashi",
        "name:ja": "代田橋",
        "name:ja-Hira": "だいたばし",
        "name:ja_rm": "Daitabashi",
        "name:ko": "다이타바시",
        "name:ru": "Дайтабаси",
        "note": "National-Land Numerical Information (Railway) 2007, MLIT Japan",
        "operator": "京王電鉄",
        "public_transport": "station",
        "railway": "station",
        "ref": "KO05",
        "source": "KSJ2",
        "source_ref": "http://nlftp.mlit.go.jp/ksj/jpgis/datalist/KsjTmplt-N02-v1_1.html",
        "wikidata": "Q4154095",
        "wikipedia": "ja:代田橋駅"
      },
      "geometry": {
        "type": "Point",
        "coordinates": [
          139.6587527,
          35.6709596
        ]
      },
      "id": "node/7682830399"
    },
    {
      "type": "Feature",
      "properties": {
        "@id": "node/7682838109",
        "name": "桜上水",
        "name:en": "Sakurajosui",
        "name:ja": "桜上水",
        "name:ja-Hira": "さくらじょうすい",
        "name:ja_rm": "Sakurajōsui",
        "name:ko": "사쿠라조스이",
        "name:ru": "Сакурадзёсуй",
        "note": "National-Land Numerical Information (Railway) 2007, MLIT Japan",
        "operator": "京王電鉄",
        "public_transport": "station",
        "railway": "station",
        "ref": "KO08",
        "source": "KSJ2",
        "source_ref": "http://nlftp.mlit.go.jp/ksj/jpgis/datalist/KsjTmplt-N02-v1_1.html",
        "wikidata": "Q842009",
        "wikipedia": "ja:桜上水駅"
      },
      "geometry": {
        "type": "Point",
        "coordinates": [
          139.6320107,
          35.6675627
        ]
      },
      "id": "node/7682838109"
    },
    {
      "type": "Feature",
      "properties": {
        "@id": "node/7682843594",
        "name": "芦花公園",
        "name:en": "Roka-koen",
        "name:es": "Roka-koen",
        "name:ja": "芦花公園",
        "name:ja-Hira": "ろかこうえん",
        "name:ja_rm": "Roka Kōen",
        "name:ko": "로카코엔",
        "name:ru": "Рока-Коэн",
        "note": "National-Land Numerical Information (Railway) 2007, MLIT Japan",
        "operator": "京王電鉄",
        "public_transport": "station",
        "railway": "station",
        "ref": "KO11",
        "source": "KSJ2",
        "source_ref": "http://nlftp.mlit.go.jp/ksj/jpgis/datalist/KsjTmplt-N02-v1_1.html",
        "wikidata": "Q2717793",
        "wikipedia": "ja:芦花公園駅"
      },
      "geometry": {
        "type": "Point",
        "coordinates": [
          139.6083951,
          35.6705822
        ]
      },
      "id": "node/7682843594"
    },
    {
      "type": "Feature",
      "properties": {
        "@id": "node/7682885667",
        "name": "千歳烏山",
        "name:en": "Chitose-karasuyama",
        "name:ja": "千歳烏山",
        "name:ja-Latn": "Chitose-karasuyama",
        "name:ko": "지토세카라스야마",
        "public_transport": "station",
        "railway": "station",
        "wheelchair": "yes",
        "wikidata": "Q841868"
      },
      "geometry": {
        "type": "Point",
        "coordinates": [
          139.6008523,
          35.6680037
        ]
      },
      "id": "node/7682885667"
    },
    {
      "type": "Feature",
      "properties": {
        "@id": "node/7761741825",
        "colour": "violet",
        "name": "牛込神楽坂",
        "name:en": "Ushigome-kagurazaka",
        "name:ja": "牛込神楽坂",
        "name:ja-Hira": "うしごめかぐらざか",
        "name:ja_rm": "Ushigome Kagurazaka",
        "name:ko": "우시고메카구라자카",
        "name:ru": "Усигомэ Кагурадзака",
        "network": "都営地下鉄",
        "network:en": "Toei subway",
        "operator": "東京都交通局",
        "operator:en": "Toei",
        "operator:wikidata": "Q1377135",
        "public_transport": "stop_position",
        "railway": "stop",
        "ref": "E05",
        "station": "subway",
        "subway": "yes",
        "wheelchair": "no",
        "wikidata": "Q246195",
        "wikipedia": "ja:牛込神楽坂駅"
      },
      "geometry": {
        "type": "Point",
        "coordinates": [
          139.7359264,
          35.7009492
        ]
      },
      "id": "node/7761741825"
    },
    {
      "type": "Feature",
      "properties": {
        "@id": "node/7761779877",
        "alt_name": "清水橋",
        "colour": "violet",
        "name": "西新宿五丁目",
        "name:en": "Nishi-shinjuku-gochome",
        "name:es": "Nishi-shinjuku-gochome",
        "name:ja": "西新宿五丁目",
        "name:ja-Hira": "にししんじゅくごちょうめ",
        "name:ja_rm": "Nishi Shinjuku gochōme",
        "name:ko": "니시신주쿠5초메",
        "name:ru": "Ниси Синдзюку Готёмэ",
        "network": "都営地下鉄",
        "network:en": "Toei subway",
        "operator": "東京都交通局",
        "operator:en": "Toei",
        "operator:wikidata": "Q1377135",
        "public_transport": "station",
        "railway": "station",
        "ref": "E29",
        "station": "subway",
        "subway": "yes",
        "wikidata": "Q275541",
        "wikipedia": "ja:西新宿五丁目駅"
      },
      "geometry": {
        "type": "Point",
        "coordinates": [
          139.6845183,
          35.6898839
        ]
      },
      "id": "node/7761779877"
    },
    {
      "type": "Feature",
      "properties": {
        "@id": "node/7761785476",
        "colour": "violet",
        "name": "牛込神楽坂",
        "name:en": "Ushigome-kagurazaka",
        "name:ja": "牛込神楽坂",
        "name:ja-Hira": "うしごめかぐらざか",
        "name:ja_rm": "Ushigome Kagurazaka",
        "name:ko": "우시고메카구라자카",
        "name:ru": "Усигомэ Кагурадзака",
        "network": "都営地下鉄",
        "network:en": "Toei subway",
        "operator": "東京都交通局",
        "operator:en": "Toei",
        "operator:wikidata": "Q1377135",
        "public_transport": "stop_position",
        "railway": "stop",
        "ref": "E05",
        "station": "subway",
        "subway": "yes",
        "wheelchair": "no",
        "wikidata": "Q246195",
        "wikipedia": "ja:牛込神楽坂駅"
      },
      "geometry": {
        "type": "Point",
        "coordinates": [
          139.7359757,
          35.7008826
        ]
      },
      "id": "node/7761785476"
    },
    {
      "type": "Feature",
      "properties": {
        "@id": "node/7761786712",
        "colour": "violet",
        "name": "牛込柳町",
        "name:en": "Ushigome-yanagicho",
        "name:ja": "牛込柳町",
        "name:ja-Hira": "うしごめやなぎちょう",
        "name:ja_rm": "Ushigome Yanagichō",
        "name:ko": "우시고메야나기초",
        "name:ru": "Усигомэ Янагитё",
        "network": "都営地下鉄",
        "network:en": "Toei subway",
        "operator": "東京都交通局",
        "operator:en": "Toei",
        "operator:wikidata": "Q1377135",
        "public_transport": "stop_position",
        "railway": "stop",
        "ref": "E04",
        "station": "subway",
        "subway": "yes",
        "wheelchair": "no",
        "wikidata": "Q247099",
        "wikipedia": "ja:牛込柳町駅"
      },
      "geometry": {
        "type": "Point",
        "coordinates": [
          139.7255669,
          35.6994157
        ]
      },
      "id": "node/7761786712"
    },
    {
      "type": "Feature",
      "properties": {
        "@id": "node/7772934663",
        "name": "都立大学",
        "name:en": "Toritsu-daigaku",
        "name:ja": "都立大学",
        "name:ja-Hira": "とりつだいがく",
        "name:ja_rm": "Toritsu daigaku",
        "name:ko": "도리쓰다이가쿠",
        "network": "東急電鉄",
        "network:en": "Tokyu Railways",
        "network:ja": "東急電鉄",
        "network:wikidata": "Q80229029",
        "operator": "東急電鉄",
        "public_transport": "station",
        "railway": "station",
        "ref": "TY06",
        "train": "yes",
        "wikidata": "Q7825831",
        "wikipedia": "ja:都立大学駅"
      },
      "geometry": {
        "type": "Point",
        "coordinates": [
          139.676184,
          35.6175433
        ]
      },
      "id": "node/7772934663"
    },
    {
      "type": "Feature",
      "properties": {
        "@id": "node/7775801427",
        "loc_ref": "1",
        "name": "地下鉄赤塚",
        "name:en": "Chikatetsu-akatsuka",
        "name:es": "Chikatetsu-akatsuka",
        "name:ja": "地下鉄赤塚01",
        "name:ja-Hira": "ちかてつあかつか",
        "name:ja_rm": "Chikatetsu Akatsuka",
        "name:ru": "Тикатэцу Акацука",
        "operator": "東京地下鉄",
        "public_transport": "stop_position",
        "railway": "stop",
        "ref": "Y03;F03",
        "station": "subway",
        "subway": "yes",
        "wikidata": "Q80412",
        "wikipedia": "ja:地下鉄赤塚駅"
      },
      "geometry": {
        "type": "Point",
        "coordinates": [
          139.6441677,
          35.769971
        ]
      },
      "id": "node/7775801427"
    },
    {
      "type": "Feature",
      "properties": {
        "@id": "node/7775802447",
        "loc_ref": "2",
        "name": "地下鉄赤塚",
        "name:en": "Chikatetsu-akatsuka",
        "name:es": "Chikatetsu-akatsuka",
        "name:ja": "地下鉄赤塚02",
        "name:ja-Hira": "ちかてつあかつか",
        "name:ja_rm": "Chikatetsu Akatsuka",
        "name:ru": "Тикатэцу Акацука",
        "operator": "東京地下鉄",
        "public_transport": "stop_position",
        "railway": "stop",
        "ref": "Y03;F03",
        "station": "subway",
        "subway": "yes",
        "wikidata": "Q80412",
        "wikipedia": "ja:地下鉄赤塚駅"
      },
      "geometry": {
        "type": "Point",
        "coordinates": [
          139.6440815,
          35.7698772
        ]
      },
      "id": "node/7775802447"
    },
    {
      "type": "Feature",
      "properties": {
        "@id": "node/7775803876",
        "name": "北参道",
        "name:en": "Kita-sando",
        "name:es": "Kita-sando",
        "name:ja": "北参道",
        "name:ja-Hira": "きたさんどう",
        "name:ja_rm": "Kita sandō",
        "name:ko": "기타산도",
        "name:ru": "Кита-Сандо",
        "operator": "東京地下鉄",
        "platforms": "2",
        "public_transport": "station",
        "railway": "station",
        "ref": "F14",
        "station": "subway",
        "subway": "yes",
        "transport": "subway",
        "wheelchair": "yes",
        "wikidata": "Q128322",
        "wikipedia": "ja:北参道駅"
      },
      "geometry": {
        "type": "Point",
        "coordinates": [
          139.705414,
          35.6784974
        ]
      },
      "id": "node/7775803876"
    },
    {
      "type": "Feature",
      "properties": {
        "@id": "node/7775803877",
        "name": "北参道",
        "name:en": "Kita-sando",
        "name:es": "Kita-sando",
        "name:ja": "北参道",
        "name:ja-Hira": "きたさんどう",
        "name:ja_rm": "Kita sandō",
        "name:ko": "기타산도",
        "name:ru": "Кита-Сандо",
        "operator": "東京地下鉄",
        "platforms": "2",
        "public_transport": "stop_position",
        "railway": "stop",
        "ref": "F14",
        "station": "subway",
        "subway": "yes",
        "wheelchair": "yes",
        "wikidata": "Q128322",
        "wikipedia": "ja:北参道駅"
      },
      "geometry": {
        "type": "Point",
        "coordinates": [
          139.7054958,
          35.6784821
        ]
      },
      "id": "node/7775803877"
    },
    {
      "type": "Feature",
      "properties": {
        "@id": "node/7775803878",
        "name": "西早稲田",
        "name:en": "Nishi-waseda",
        "name:es": "Nishi-waseda",
        "name:ja": "西早稲田",
        "name:ja-Hira": "にしわせだ",
        "name:ja_rm": "Nishi Waseda",
        "name:ko": "니시와세다",
        "name:ru": "Ниси-Васэда",
        "operator": "東京地下鉄",
        "platforms": "2",
        "public_transport": "station",
        "railway": "station",
        "ref": "F11",
        "station": "subway",
        "subway": "yes",
        "wikidata": "Q128305",
        "wikipedia": "ja:西早稲田駅"
      },
      "geometry": {
        "type": "Point",
        "coordinates": [
          139.7090404,
          35.7079347
        ]
      },
      "id": "node/7775803878"
    },
    {
      "type": "Feature",
      "properties": {
        "@id": "node/7775809567",
        "loc_ref": "2",
        "name": "氷川台",
        "name:en": "Hikawadai",
        "name:es": "Hikawadai",
        "name:ja": "氷川台02",
        "name:ja-Hira": "ひかわだい",
        "name:ja_rm": "Hikawadai",
        "name:ru": "Хикавадай",
        "operator": "東京地下鉄",
        "public_transport": "stop_position",
        "railway": "stop",
        "ref": "Y05;F05",
        "station": "subway",
        "subway": "yes",
        "wikidata": "Q93680",
        "wikipedia": "ja:氷川台駅"
      },
      "geometry": {
        "type": "Point",
        "coordinates": [
          139.6650562,
          35.7498203
        ]
      },
      "id": "node/7775809567"
    },
    {
      "type": "Feature",
      "properties": {
        "@id": "node/7775824110",
        "loc_ref": "1",
        "name": "氷川台",
        "name:en": "Hikawadai",
        "name:es": "Hikawadai",
        "name:ja": "氷川台01",
        "name:ja-Hira": "ひかわだい",
        "name:ja_rm": "Hikawadai",
        "name:ru": "Хикавадай",
        "operator": "東京地下鉄",
        "public_transport": "stop_position",
        "railway": "stop",
        "ref": "Y05;F05",
        "station": "subway",
        "subway": "yes",
        "wikidata": "Q93680",
        "wikipedia": "ja:氷川台駅"
      },
      "geometry": {
        "type": "Point",
        "coordinates": [
          139.6650785,
          35.7498601
        ]
      },
      "id": "node/7775824110"
    },
    {
      "type": "Feature",
      "properties": {
        "@id": "node/7777176885",
        "colour": "green",
        "name": "根津",
        "name:en": "Nezu",
        "name:es": "Nezu",
        "name:fr": "Nezu",
        "name:ja-Hira": "ねづ",
        "name:ja-Latn": "Nezu",
        "name:ko": "네즈",
        "name:ru": "Нэдзу",
        "operator": "東京地下鉄",
        "public_transport": "station",
        "railway": "station",
        "ref": "C14",
        "station": "subway",
        "subway": "yes",
        "train": "yes",
        "transport": "subway",
        "wikidata": "Q390655",
        "wikipedia": "ja:根津駅"
      },
      "geometry": {
        "type": "Point",
        "coordinates": [
          139.7657175,
          35.7173914
        ]
      },
      "id": "node/7777176885"
    },
    {
      "type": "Feature",
      "properties": {
        "@id": "node/7777176985",
        "colour": "green",
        "name": "町屋",
        "name:en": "Machiya",
        "name:es": "Machiya",
        "name:ja": "町屋",
        "name:ja-Hira": "まちや",
        "name:ja_rm": "Machiya",
        "name:ko": "마치야",
        "name:ru": "Матия",
        "operator": "東京地下鉄",
        "public_transport": "station",
        "railway": "station",
        "ref": "C17",
        "station": "subway",
        "subway": "yes",
        "transport": "subway",
        "wikidata": "Q390638",
        "wikipedia": "ja:町屋駅"
      },
      "geometry": {
        "type": "Point",
        "coordinates": [
          139.7800901,
          35.7421779
        ]
      },
      "id": "node/7777176985"
    },
    {
      "type": "Feature",
      "properties": {
        "@id": "node/7777177085",
        "colour": "green",
        "name": "千駄木",
        "name:en": "Sendagi",
        "name:es": "Sendagi",
        "name:ja": "千駄木",
        "name:ja-Hira": "せんだぎ",
        "name:ja_rm": "Sendagi",
        "name:ko": "센다기",
        "name:ru": "Сэндаги",
        "operator": "東京地下鉄",
        "public_transport": "station",
        "railway": "station",
        "ref": "C15",
        "station": "subway",
        "subway": "yes",
        "transport": "subway",
        "wikidata": "Q390662",
        "wikipedia": "ja:千駄木駅"
      },
      "geometry": {
        "type": "Point",
        "coordinates": [
          139.7632458,
          35.7255677
        ]
      },
      "id": "node/7777177085"
    },
    {
      "type": "Feature",
      "properties": {
        "@id": "node/7777248485",
        "colour": "violet",
        "name": "赤羽橋",
        "name:en": "Akabanebashi",
        "name:es": "Akabanebashi",
        "name:ja": "赤羽橋",
        "name:ja-Hira": "あかばねばし",
        "name:ja_rm": "Akabanebashi",
        "name:ko": "아카바네바시",
        "name:ru": "Акабанебаси",
        "network": "都営地下鉄",
        "network:en": "Toei subway",
        "operator": "東京都交通局",
        "operator:en": "Toei",
        "operator:wikidata": "Q1377135",
        "public_transport": "station",
        "railway": "station",
        "ref": "E21",
        "station": "subway",
        "subway": "yes",
        "transport": "subway",
        "wheelchair": "yes",
        "wikidata": "Q246176",
        "wikipedia": "ja:赤羽橋駅"
      },
      "geometry": {
        "type": "Point",
        "coordinates": [
          139.7439828,
          35.6550406
        ]
      },
      "id": "node/7777248485"
    },
    {
      "type": "Feature",
      "properties": {
        "@id": "node/7786715952",
        "colour": "green",
        "name": "北綾瀬",
        "name:en": "Kita-ayase",
        "name:es": "Kita-ayase",
        "name:ja": "北綾瀬",
        "name:ja-Hira": "きたあやせ",
        "name:ja_rm": "Kita Ayase",
        "name:ko": "기타아야세",
        "name:ru": "Кита Аясэ",
        "operator": "東京地下鉄",
        "public_transport": "station",
        "railway": "station",
        "ref": "C20",
        "station": "subway",
        "subway": "yes",
        "transport": "subway",
        "wheelchair": "yes",
        "wikidata": "Q1040951",
        "wikipedia": "ja:北綾瀬駅"
      },
      "geometry": {
        "type": "Point",
        "coordinates": [
          139.832145,
          35.7768999
        ]
      },
      "id": "node/7786715952"
    },
    {
      "type": "Feature",
      "properties": {
        "@id": "node/7786715953",
        "colour": "orange",
        "name": "外苑前",
        "name:en": "Gaiemmae",
        "name:es": "Gaiemmae",
        "name:fr": "Gaiemmae",
        "name:ja": "外苑前",
        "name:ja-Hira": "がいえんまえ",
        "name:ja_rm": "Gaien Mae",
        "name:ko": "가이엔마에",
        "name:ru": "Гайэнмаэ",
        "name:th": "ไกเอนมะเอะ",
        "name:zh": "外苑前",
        "operator": "東京地下鉄",
        "public_transport": "station",
        "railway": "station",
        "ref": "G03",
        "station": "subway",
        "subway": "yes",
        "transport": "subway",
        "wikidata": "Q275433",
        "wikipedia": "ja:外苑前駅"
      },
      "geometry": {
        "type": "Point",
        "coordinates": [
          139.7178823,
          35.6704649
        ]
      },
      "id": "node/7786715953"
    },
    {
      "type": "Feature",
      "properties": {
        "@id": "node/7786715954",
        "colour": "orange",
        "name": "京橋",
        "name:en": "Kyobashi",
        "name:es": "Kyobashi",
        "name:ja": "京橋",
        "name:ja-Hira": "きょうばし",
        "name:ja_rm": "Kyōbashi",
        "name:ko": "교바시",
        "name:ru": "Кёбаси",
        "name:th": "เคียวบะชิ",
        "name:zh": "京橋",
        "operator": "東京地下鉄",
        "public_transport": "station",
        "railway": "station",
        "ref": "G10",
        "station": "subway",
        "subway": "yes",
        "transport": "subway",
        "wheelchair": "yes",
        "wikidata": "Q347981",
        "wikipedia": "ja:京橋駅 (東京都)"
      },
      "geometry": {
        "type": "Point",
        "coordinates": [
          139.7700412,
          35.676696
        ]
      },
      "id": "node/7786715954"
    },
    {
      "type": "Feature",
      "properties": {
        "@id": "node/7786715955",
        "colour": "orange",
        "name": "末広町",
        "name:en": "Suehirocho",
        "name:es": "Suehirocho",
        "name:ja": "末広町",
        "name:ja-Hira": "すえひろちょう",
        "name:ja_rm": "Suehirochō",
        "name:ko": "스에히로쵸",
        "name:ru": "Суэхиротё",
        "name:zh": "末廣町",
        "name:zh-Hans": "末广町",
        "operator": "東京地下鉄",
        "public_transport": "station",
        "railway": "station",
        "ref": "G14",
        "station": "subway",
        "subway": "yes",
        "train": "yes",
        "transport": "subway",
        "wheelchair": "yes",
        "wikidata": "Q347988",
        "wikipedia": "ja:末広町駅 (東京都)"
      },
      "geometry": {
        "type": "Point",
        "coordinates": [
          139.7716793,
          35.7029361
        ]
      },
      "id": "node/7786715955"
    },
    {
      "type": "Feature",
      "properties": {
        "@id": "node/7786715956",
        "colour": "orange",
        "name": "上野広小路",
        "name:en": "Ueno-hirokoji",
        "name:es": "Ueno-hirokoji",
        "name:ja": "上野広小路",
        "name:ja-Hira": "うえのひろこうじ",
        "name:ja_rm": "Ueno Hirokōji",
        "name:ko": "우에노히로코지",
        "name:ru": "Уэно Хирокодзи",
        "name:zh": "上野廣小路",
        "name:zh-Hans": "上野广小路",
        "operator": "東京地下鉄",
        "public_transport": "station",
        "railway": "station",
        "ref": "G15",
        "station": "subway",
        "subway": "yes",
        "transport": "subway",
        "wheelchair": "yes",
        "wikidata": "Q1156446",
        "wikipedia": "ja:上野広小路駅"
      },
      "geometry": {
        "type": "Point",
        "coordinates": [
          139.7729909,
          35.7078328
        ]
      },
      "id": "node/7786715956"
    },
    {
      "type": "Feature",
      "properties": {
        "@id": "node/7786715957",
        "colour": "orange",
        "name": "上野",
        "name:en": "Ueno",
        "name:es": "Ueno",
        "name:fr": "Ueno",
        "name:it": "Ueno",
        "name:ja": "上野",
        "name:ja-Hira": "うえの",
        "name:ja-Latn": "Ueno",
        "name:ko": "우에노",
        "name:ru": "Уэно",
        "name:zh": "上野",
        "operator": "東京地下鉄",
        "public_transport": "station",
        "railway": "station",
        "ref": "G16 H18",
        "station": "subway",
        "subway": "yes",
        "wikidata": "Q801551",
        "wikipedia": "ja:上野駅"
      },
      "geometry": {
        "type": "Point",
        "coordinates": [
          139.7761542,
          35.7117081
        ]
      },
      "id": "node/7786715957"
    },
    {
      "type": "Feature",
      "properties": {
        "@id": "node/7786715958",
        "colour": "orange",
        "name": "稲荷町",
        "name:en": "Inaricho",
        "name:es": "Inaricho",
        "name:ja": "稲荷町",
        "name:ja-Hira": "いなりちょう",
        "name:ja_rm": "Inarichō",
        "name:ko": "이나리초",
        "name:ru": "Инаритё",
        "name:zh": "稲荷町",
        "operator": "東京地下鉄",
        "public_transport": "station",
        "railway": "station",
        "ref": "G17",
        "station": "subway",
        "subway": "yes",
        "transport": "subway",
        "wikidata": "Q347996",
        "wikipedia": "ja:稲荷町駅 (東京都)"
      },
      "geometry": {
        "type": "Point",
        "coordinates": [
          139.7826851,
          35.7113867
        ]
      },
      "id": "node/7786715958"
    },
    {
      "type": "Feature",
      "properties": {
        "@id": "node/7786715959",
        "colour": "orange",
        "name": "田原町",
        "name:en": "Tawaramachi",
        "name:es": "Tawaramachi",
        "name:ja": "田原町",
        "name:ja-Hira": "たわらまち",
        "name:ja_rm": "Tawaramachi",
        "name:ko": "다와라마치",
        "name:ru": "Таварамати",
        "name:zh": "田原町",
        "network": "東京メトロ",
        "operator": "東京地下鉄",
        "public_transport": "station",
        "railway": "station",
        "ref": "G18",
        "start_date": "1927",
        "station": "subway",
        "subway": "yes",
        "toilets": "yes",
        "toilets:access": "customers",
        "toilets:unisex": "yes",
        "transport": "subway",
        "wheelchair": "yes",
        "wikidata": "Q1196090",
        "wikipedia": "ja:田原町駅 (東京都)"
      },
      "geometry": {
        "type": "Point",
        "coordinates": [
          139.7907549,
          35.7098357
        ]
      },
      "id": "node/7786715959"
    },
    {
      "type": "Feature",
      "properties": {
        "@id": "node/7786715960",
        "name": "新大塚",
        "name:en": "Shin-otsuka",
        "name:es": "Shin-otsuka",
        "name:ja": "新大塚",
        "name:ja_rm": "Shin-ōtsuka",
        "name:ko": "신오쓰카",
        "name:ru": "Син-Оцука",
        "operator": "東京地下鉄",
        "public_transport": "station",
        "railway": "station",
        "ref": "M24",
        "station": "subway",
        "subway": "yes",
        "wheelchair": "yes",
        "wikidata": "Q1078382",
        "wikipedia": "ja:新大塚駅"
      },
      "geometry": {
        "type": "Point",
        "coordinates": [
          139.7299234,
          35.7257823
        ]
      },
      "id": "node/7786715960"
    },
    {
      "type": "Feature",
      "properties": {
        "@id": "node/7786715961",
        "colour": "red",
        "name": "御茶ノ水",
        "name:en": "Ochanomizu",
        "name:es": "Ochanomizu",
        "name:fr": "Ochanomizu",
        "name:ja": "御茶ノ水",
        "name:ja-Hira": "おちゃのみず",
        "name:ja_rm": "Ochanomizu",
        "name:ko": "오차노미즈",
        "name:ru": "Отяномидзу",
        "name:zh": "御茶之水",
        "name:zh-Hans": "御茶之水",
        "operator": "東京地下鉄",
        "platforms": "2",
        "public_transport": "station",
        "railway": "station",
        "ref": "M20",
        "station": "subway",
        "subway": "yes",
        "toilets:wheelchair": "yes",
        "wheelchair": "yes",
        "wikidata": "Q801289",
        "wikipedia": "ja:御茶ノ水駅"
      },
      "geometry": {
        "type": "Point",
        "coordinates": [
          139.764082,
          35.7005755
        ]
      },
      "id": "node/7786715961"
    },
    {
      "type": "Feature",
      "properties": {
        "@id": "node/7786715962",
        "alt_name:ko": "신주쿠교엔마에",
        "name": "新宿御苑前",
        "name:en": "Shinjuku-gyoemmae",
        "name:es": "Shinjuku-gyoemmae",
        "name:ja": "新宿御苑前",
        "name:ja-Hira": "しんじゅくぎょえんまえ",
        "name:ja_rm": "Shinjuku gyoen mae",
        "name:ko": "신주쿠교엔앞",
        "name:ru": "Синдзюку Гёэнмаэ",
        "operator": "東京地下鉄",
        "platforms": "2",
        "public_transport": "station",
        "railway": "station",
        "ref": "M10",
        "station": "subway",
        "subway": "yes",
        "wikidata": "Q1132610",
        "wikipedia": "ja:新宿御苑前駅"
      },
      "geometry": {
        "type": "Point",
        "coordinates": [
          139.7107396,
          35.6885735
        ]
      },
      "id": "node/7786715962"
    },
    {
      "type": "Feature",
      "properties": {
        "@id": "node/7786715963",
        "name": "新中野",
        "name:en": "Shin-nakano",
        "name:es": "Shin-nakano",
        "name:ja": "新中野",
        "name:ja-Hira": "しんなかの",
        "name:ja_rm": "Shin Nakano",
        "name:ko": "신나카노",
        "name:ru": "Син-Накано",
        "operator": "東京地下鉄",
        "platforms": "2",
        "public_transport": "station",
        "railway": "station",
        "ref": "M05",
        "station": "subway",
        "subway": "yes",
        "wheelchair": "yes",
        "wikidata": "Q1073232",
        "wikipedia": "ja:新中野駅"
      },
      "geometry": {
        "type": "Point",
        "coordinates": [
          139.6686428,
          35.6974599
        ]
      },
      "id": "node/7786715963"
    },
    {
      "type": "Feature",
      "properties": {
        "@id": "node/7786715964",
        "colour": "red",
        "name": "国会議事堂前",
        "name:en": "Kokkai-gijidomae",
        "name:es": "Kokkai-gijidomae",
        "name:ja": "国会議事堂前",
        "name:ja-Hira": "こっかいぎじどうまえ",
        "name:ja_rm": "Kokkai gijidō mae",
        "name:ko": "곳카이기지도마에",
        "name:ru": "Коккай Гидзидомаэ",
        "name:zh": "國會議事堂前站",
        "note": "丸ノ内線",
        "operator": "東京地下鉄",
        "platforms": "2",
        "public_transport": "station",
        "railway": "station",
        "ref": "M14",
        "station": "subway",
        "subway": "yes",
        "wheelchair": "yes",
        "wikidata": "Q1192508",
        "wikipedia": "ja:国会議事堂前駅"
      },
      "geometry": {
        "type": "Point",
        "coordinates": [
          139.7455534,
          35.6745485
        ]
      },
      "id": "node/7786715964"
    },
    {
      "type": "Feature",
      "properties": {
        "@id": "node/7786715965",
        "name": "淡路町",
        "name:en": "Awajicho",
        "name:es": "Awajicho",
        "name:ja": "淡路町",
        "name:ja-Hira": "あわじちょう",
        "name:ja_rm": "Awajichō",
        "name:ko": "아와지초",
        "name:ru": "Авадзитё",
        "name:zh": "淡路町",
        "name:zh-Hans": "淡路町",
        "operator": "東京地下鉄",
        "public_transport": "station",
        "railway": "station",
        "ref": "M19",
        "station": "subway",
        "subway": "yes",
        "wikidata": "Q1078432",
        "wikipedia": "ja:淡路町駅"
      },
      "geometry": {
        "type": "Point",
        "coordinates": [
          139.767473,
          35.6950614
        ]
      },
      "id": "node/7786715965"
    },
    {
      "type": "Feature",
      "properties": {
        "@id": "node/7786715966",
        "name": "大手町",
        "name:en": "Otemachi",
        "name:es": "Otemachi",
        "name:fr": "Ōtemachi",
        "name:ja": "大手町",
        "name:ja-Hira": "おおてまち",
        "name:ja_rm": "Ōtemachi",
        "name:ko": "오테마치",
        "name:ru": "Отэмати",
        "name:zh": "大手町",
        "name:zh-Hans": "大手町",
        "operator": "東京地下鉄",
        "public_transport": "station",
        "railway": "station",
        "ref": "M18",
        "station": "subway",
        "subway": "yes",
        "wheelchair": "yes",
        "wikidata": "Q1326767",
        "wikipedia": "ja:大手町駅 (東京都)"
      },
      "geometry": {
        "type": "Point",
        "coordinates": [
          139.7662244,
          35.6867882
        ]
      },
      "id": "node/7786715966"
    },
    {
      "type": "Feature",
      "properties": {
        "@id": "node/7786715967",
        "name": "四谷三丁目",
        "name:en": "Yotsuya-sanchome",
        "name:es": "Yotsuya-sanchome",
        "name:ja": "四谷三丁目",
        "name:ja-Hira": "よつやさんちょうめ",
        "name:ja_rm": "Yotsuya sanchōme",
        "name:ko": "요츠야 3초메",
        "name:ru": "Ёцуя Сантёмэ",
        "operator": "東京地下鉄",
        "platforms": "2",
        "public_transport": "station",
        "railway": "station",
        "ref": "M11",
        "station": "subway",
        "subway": "yes",
        "wikidata": "Q1073207",
        "wikipedia": "ja:四谷三丁目駅"
      },
      "geometry": {
        "type": "Point",
        "coordinates": [
          139.7205752,
          35.687988
        ]
      },
      "id": "node/7786715967"
    },
    {
      "type": "Feature",
      "properties": {
        "@id": "node/7786715968",
        "addr:city": "新宿区",
        "addr:neighbourhood": "7丁目",
        "addr:postcode": "160-0023",
        "addr:province": "東京都",
        "addr:quarter": "西新宿",
        "internet_access": "wlan",
        "name": "西新宿",
        "name:en": "Nishi-shinjuku",
        "name:es": "Nishi-shinjuku",
        "name:ja": "西新宿",
        "name:ja-Hira": "にししんじゅく",
        "name:ja_rm": "Nishi Shinjuku",
        "name:ko": "니시신주쿠",
        "name:ru": "Ниси Синдзюку",
        "operator": "東京地下鉄",
        "platforms": "2",
        "public_transport": "station",
        "railway": "station",
        "ref": "M07",
        "station": "subway",
        "subway": "yes",
        "wheelchair": "yes",
        "wikidata": "Q138555",
        "wikipedia": "ja:西新宿駅"
      },
      "geometry": {
        "type": "Point",
        "coordinates": [
          139.6927667,
          35.6944315
        ]
      },
      "id": "node/7786715968"
    },
    {
      "type": "Feature",
      "properties": {
        "@id": "node/7786715969",
        "colour": "orange",
        "name": "虎ノ門",
        "name:en": "Toranomon",
        "name:es": "Toranomon",
        "name:ja": "虎ノ門",
        "name:ja-Hira": "とらのもん",
        "name:ja_rm": "Toranomon",
        "name:ko": "도라노몬",
        "name:ru": "Тораномон",
        "name:th": "โทะระโนะมอน",
        "name:zh": "虎之門",
        "network": "ロ銀座線",
        "operator": "東京地下鉄",
        "public_transport": "station",
        "railway": "station",
        "ref": "G07",
        "station": "subway",
        "subway": "yes",
        "wheelchair": "no",
        "wikidata": "Q347972",
        "wikipedia": "ja:虎ノ門駅"
      },
      "geometry": {
        "type": "Point",
        "coordinates": [
          139.750056,
          35.6701871
        ]
      },
      "id": "node/7786715969"
    },
    {
      "type": "Feature",
      "properties": {
        "@id": "node/7786715970",
        "name": "東高円寺",
        "name:en": "Higashi-koenji",
        "name:es": "Higashi-koenji",
        "name:ja": "東高円寺",
        "name:ja-Hira": "ひがしこうえんじ",
        "name:ja_rm": "Higashi Kōenji",
        "name:ko": "히가시코엔지",
        "name:ru": "Хигаси Коэндзи",
        "operator": "東京地下鉄",
        "platforms": "2",
        "public_transport": "station",
        "railway": "station",
        "ref": "M04",
        "station": "subway",
        "subway": "yes",
        "train": "yes",
        "wheelchair": "yes",
        "wikidata": "Q1078443",
        "wikipedia": "ja:東高円寺駅"
      },
      "geometry": {
        "type": "Point",
        "coordinates": [
          139.6581601,
          35.6979717
        ]
      },
      "id": "node/7786715970"
    },
    {
      "type": "Feature",
      "properties": {
        "@id": "node/7786715971",
        "name": "新高円寺",
        "name:en": "Shin-koenji",
        "name:es": "Shin-koenji",
        "name:ja": "新高円寺",
        "name:ja-Hira": "しんこうえんじ",
        "name:ja_rm": "Shin Kōenji",
        "name:ko": "신코엔지",
        "name:ru": "Син-Коэндзи",
        "operator": "東京地下鉄",
        "platforms": "2",
        "public_transport": "station",
        "railway": "station",
        "ref": "M03",
        "station": "subway",
        "subway": "yes",
        "wheelchair": "yes",
        "wikidata": "Q1078400",
        "wikipedia": "ja:新高円寺駅"
      },
      "geometry": {
        "type": "Point",
        "coordinates": [
          139.648688,
          35.6978735
        ]
      },
      "id": "node/7786715971"
    },
    {
      "type": "Feature",
      "properties": {
        "@id": "node/7786715972",
        "name": "南阿佐ケ谷",
        "name:en": "Minami-asagaya",
        "name:es": "Minami-asagaya",
        "name:ja": "南阿佐ケ谷",
        "name:ja-Hira": "みなみあさがや",
        "name:ja_rm": "Minami Asagaya",
        "name:ko": "미나미아사가야",
        "name:ru": "Минами Асагая",
        "operator": "東京地下鉄",
        "platforms": "2",
        "public_transport": "station",
        "railway": "station",
        "ref": "M02",
        "source": "Bing 2010",
        "station": "subway",
        "subway": "yes",
        "wheelchair": "yes",
        "wikidata": "Q1073001",
        "wikipedia": "ja:南阿佐ケ谷駅"
      },
      "geometry": {
        "type": "Point",
        "coordinates": [
          139.6357088,
          35.6993987
        ]
      },
      "id": "node/7786715972"
    },
    {
      "type": "Feature",
      "properties": {
        "@id": "node/7786715973",
        "colour": "silver",
        "name": "虎ノ門ヒルズ",
        "name:en": "Toranomon Hills",
        "name:es": "Toranomon Hills",
        "name:ja": "虎ノ門ヒルズ",
        "name:ja-Hira": "とらのもんヒルズえき",
        "name:ja_rm": "Toranomon Hiruzu",
        "name:ko": "도라노몬 힐스",
        "name:ru": "Тораномон хирудзу",
        "name:zh": "虎之门之丘",
        "network": "東京メトロ",
        "operator": "東京地下鉄",
        "public_transport": "station",
        "railway": "station",
        "ref": "H06",
        "station": "subway",
        "subway": "yes",
        "transport": "subway",
        "wheelchair": "yes",
        "wikidata": "Q59452622",
        "wikipedia": "ja:虎ノ門ヒルズ駅"
      },
      "geometry": {
        "type": "Point",
        "coordinates": [
          139.7477648,
          35.6674688
        ]
      },
      "id": "node/7786715973"
    },
    {
      "type": "Feature",
      "properties": {
        "@id": "node/7786715974",
        "colour": "gray",
        "name": "神谷町",
        "name:en": "Kamiyacho",
        "name:es": "Kamiyacho",
        "name:ja": "神谷町",
        "name:ja-Hira": "かみやちょう",
        "name:ja_rm": "Kamiyachō",
        "name:ko": "가미야초",
        "name:ru": "Камиятё",
        "operator": "東京地下鉄",
        "public_transport": "station",
        "railway": "station",
        "ref": "H05",
        "station": "subway",
        "subway": "yes",
        "transport": "subway",
        "wheelchair": "yes",
        "wikidata": "Q1072953",
        "wikipedia": "ja:神谷町駅"
      },
      "geometry": {
        "type": "Point",
        "coordinates": [
          139.7450477,
          35.662964
        ]
      },
      "id": "node/7786715974"
    },
    {
      "type": "Feature",
      "properties": {
        "@id": "node/7786715975",
        "colour": "gray",
        "name": "六本木",
        "name:en": "Roppongi",
        "name:es": "Roppongi",
        "name:fr": "Roppongi",
        "name:ja": "六本木",
        "name:ja-Hira": "ろっぽんぎ",
        "name:ja_rm": "Roppongi",
        "name:ko": "롯폰기",
        "name:ru": "Роппонги",
        "operator": "東京地下鉄",
        "public_transport": "station",
        "railway": "station",
        "ref": "H04",
        "station": "subway",
        "subway": "yes",
        "train": "yes",
        "transport": "subway",
        "wheelchair": "yes",
        "wheelchair:description": "Exit 4B has a stair assist.",
        "wikidata": "Q1326723",
        "wikipedia": "ja:六本木駅"
      },
      "geometry": {
        "type": "Point",
        "coordinates": [
          139.7313268,
          35.6628364
        ]
      },
      "id": "node/7786715975"
    },
    {
      "type": "Feature",
      "properties": {
        "@id": "node/7786715976",
        "alt_name:en": "Hiroo",
        "colour": "gray",
        "name": "広尾",
        "name:en": "Hiro-o",
        "name:es": "Hiro-o",
        "name:ja": "広尾",
        "name:ja-Hira": "ひろお",
        "name:ja_rm": "Hiroo",
        "name:ko": "히로오",
        "name:ru": "Хироо",
        "operator": "東京地下鉄",
        "public_transport": "station",
        "railway": "station",
        "ref": "H03",
        "station": "subway",
        "subway": "yes",
        "train": "yes",
        "transport": "subway",
        "wheelchair": "no",
        "wikidata": "Q1156428",
        "wikipedia": "ja:広尾駅"
      },
      "geometry": {
        "type": "Point",
        "coordinates": [
          139.7222033,
          35.6520629
        ]
      },
      "id": "node/7786715976"
    },
    {
      "type": "Feature",
      "properties": {
        "@id": "node/7786715977",
        "alt_name": "麴町",
        "alt_name:ja": "麹町",
        "colour": "yellow",
        "name": "麹町",
        "name:en": "Kojimachi",
        "name:es": "Kojimachi",
        "name:ja": "麹町",
        "name:ja-Hira": "こうじまち",
        "name:ja_rm": "Kōjimachi",
        "name:ko": "고지마치",
        "name:ru": "Кодзимати",
        "operator": "東京地下鉄",
        "public_transport": "station",
        "railway": "station",
        "ref": "Y15",
        "station": "subway",
        "subway": "yes",
        "transport": "subway",
        "wheelchair": "yes",
        "wikidata": "Q331948",
        "wikipedia": "ja:麹町駅"
      },
      "geometry": {
        "type": "Point",
        "coordinates": [
          139.7376514,
          35.6840244
        ]
      },
      "id": "node/7786715977"
    },
    {
      "type": "Feature",
      "properties": {
        "@id": "node/7786715978",
        "colour": "gray",
        "name": "八丁堀",
        "name:en": "Hatchobori",
        "name:es": "Hatchobori",
        "name:fr": "Hatchobori",
        "name:ja": "八丁堀",
        "name:ja-Hira": "はっちょうぼり",
        "name:ja_rm": "Hatchōbori",
        "name:ko": "핫초보리",
        "name:ru": "Хаттёбори",
        "operator": "東京地下鉄",
        "public_transport": "station",
        "railway": "station",
        "ref": "H12",
        "station": "subway",
        "subway": "yes",
        "transport": "subway",
        "wikidata": "Q1073008",
        "wikipedia": "ja:八丁堀駅 (東京都)"
      },
      "geometry": {
        "type": "Point",
        "coordinates": [
          139.7770726,
          35.6750004
        ]
      },
      "id": "node/7786715978"
    },
    {
      "type": "Feature",
      "properties": {
        "@id": "node/7786715979",
        "name": "茅場町",
        "name:en": "Kayabacho",
        "name:es": "Kayabacho",
        "name:ja": "茅場町",
        "name:ja-Hira": "かやばちょう",
        "name:ja_rm": "Kayabachō",
        "name:ko": "가야바초",
        "name:ru": "Кайабатё",
        "operator": "東京地下鉄",
        "public_transport": "station",
        "railway": "station",
        "ref": "H13",
        "station": "subway",
        "subway": "yes",
        "transport": "subway",
        "wikidata": "Q80566",
        "wikipedia": "ja:茅場町駅"
      },
      "geometry": {
        "type": "Point",
        "coordinates": [
          139.779738,
          35.6792567
        ]
      },
      "id": "node/7786715979"
    },
    {
      "type": "Feature",
      "properties": {
        "@id": "node/7786715980",
        "colour": "gray",
        "name": "小伝馬町",
        "name:en": "Kodemmacho",
        "name:ja": "小伝馬町",
        "name:ja-Hira": "こでんまちょう",
        "name:ja_rm": "Kodemmachō",
        "name:ko": "고덴마초",
        "name:ru": "Кодэмматё",
        "name:zh": "小传马町",
        "name:zh-Hans": "小传马町",
        "operator": "東京地下鉄",
        "public_transport": "station",
        "railway": "station",
        "ref": "H15",
        "station": "subway",
        "subway": "yes",
        "transport": "subway",
        "wheelchair": "yes",
        "wikidata": "Q1072970",
        "wikipedia": "ja:小伝馬町駅"
      },
      "geometry": {
        "type": "Point",
        "coordinates": [
          139.7784526,
          35.6907525
        ]
      },
      "id": "node/7786715980"
    },
    {
      "type": "Feature",
      "properties": {
        "@id": "node/7786715981",
        "name": "上野",
        "name:en": "Ueno",
        "name:es": "Ueno",
        "name:fr": "Ueno",
        "name:it": "Ueno",
        "name:ja": "上野",
        "name:ja-Hira": "うえの",
        "name:ja-Latn": "Ueno",
        "name:ko": "우에노",
        "name:ru": "Уэно",
        "operator": "東京地下鉄",
        "public_transport": "station",
        "railway": "station",
        "ref": "H18",
        "station": "subway",
        "subway": "yes",
        "wikidata": "Q801551",
        "wikipedia": "ja:上野駅"
      },
      "geometry": {
        "type": "Point",
        "coordinates": [
          139.7775694,
          35.7118212
        ]
      },
      "id": "node/7786715981"
    },
    {
      "type": "Feature",
      "properties": {
        "@id": "node/7786715982",
        "colour": "gray",
        "name": "入谷",
        "name:en": "Iriya",
        "name:ja": "入谷",
        "name:ja-Hira": "いりや",
        "name:ja_rm": "Iriya",
        "name:ko": "이리야",
        "name:ru": "Ирия",
        "operator": "東京地下鉄",
        "public_transport": "station",
        "railway": "station",
        "ref": "H19",
        "station": "subway",
        "subway": "yes",
        "transport": "subway",
        "wikidata": "Q1073228",
        "wikipedia": "ja:入谷駅 (東京都)"
      },
      "geometry": {
        "type": "Point",
        "coordinates": [
          139.7845821,
          35.720709
        ]
      },
      "id": "node/7786715982"
    },
    {
      "type": "Feature",
      "properties": {
        "@id": "node/7786715983",
        "colour": "gray",
        "name": "三ノ輪",
        "name:en": "Minowa",
        "name:fr": "Minowa",
        "name:ja": "三ノ輪",
        "name:ja-Hira": "みのわ",
        "name:ja_rm": "Minowa",
        "name:ko": "미노와",
        "name:ru": "Минова",
        "operator": "東京地下鉄",
        "public_transport": "station",
        "railway": "station",
        "ref": "H20",
        "station": "subway",
        "subway": "yes",
        "transport": "subway",
        "wheelchair": "yes",
        "wikidata": "Q1072979",
        "wikipedia": "ja:三ノ輪駅"
      },
      "geometry": {
        "type": "Point",
        "coordinates": [
          139.7913004,
          35.7295502
        ]
      },
      "id": "node/7786715983"
    },
    {
      "type": "Feature",
      "properties": {
        "@id": "node/7787647712",
        "name": "方南町",
        "name:en": "Honancho",
        "name:es": "Honancho",
        "name:ja": "方南町",
        "name:ja-Hira": "ほうなんちょう",
        "name:ja_rm": "Hōnanchō",
        "name:ko": "호난초",
        "name:ru": "Хонантё",
        "old_ref": "m03",
        "operator": "東京地下鉄",
        "platforms": "2",
        "public_transport": "station",
        "railway": "station",
        "ref": "Mb03",
        "station": "subway",
        "subway": "yes",
        "wikidata": "Q1078437",
        "wikipedia": "ja:方南町駅"
      },
      "geometry": {
        "type": "Point",
        "coordinates": [
          139.6576888,
          35.6835007
        ]
      },
      "id": "node/7787647712"
    },
    {
      "type": "Feature",
      "properties": {
        "@id": "node/7787647714",
        "name": "中野富士見町",
        "name:en": "Nakano-fujimicho",
        "name:es": "Nakano-fujimicho",
        "name:ja": "中野富士見町",
        "name:ja-Hira": "なかのふじみちょう",
        "name:ja_rm": "Nakano Fujimichō",
        "name:ko": "나카노후지미초",
        "name:ru": "Накано Фудзимитё",
        "operator": "東京地下鉄",
        "platforms": "2",
        "public_transport": "station",
        "railway": "station",
        "ref": "Mb04",
        "station": "subway",
        "subway": "yes",
        "wheelchair": "yes",
        "wikidata": "Q1132601",
        "wikipedia": "ja:中野富士見町駅"
      },
      "geometry": {
        "type": "Point",
        "coordinates": [
          139.6670329,
          35.6905641
        ]
      },
      "id": "node/7787647714"
    },
    {
      "type": "Feature",
      "properties": {
        "@id": "node/7791591074",
        "name": "東日本橋",
        "name:en": "Higashi-nihombashi",
        "name:it": "Higashi Nihombashi",
        "name:ja": "東日本橋",
        "name:ja-Hira": "ひがしにほんばし",
        "name:ja-Latn": "Higashi Nihombashi",
        "name:ko": "히가시니혼바시",
        "name:ru": "Хигаси Нихонбаси",
        "name:zh": "东日本桥",
        "name:zh-Hans": "东日本桥",
        "network": "都営地下鉄",
        "network:en": "Toei subway",
        "operator": "東京都交通局",
        "operator:en": "Toei",
        "operator:wikidata": "Q1377135",
        "public_transport": "station",
        "railway": "station",
        "ref": "A15",
        "station": "subway",
        "subway": "yes",
        "wikidata": "Q906172",
        "wikipedia": "ja:東日本橋駅"
      },
      "geometry": {
        "type": "Point",
        "coordinates": [
          139.7848848,
          35.6921239
        ]
      },
      "id": "node/7791591074"
    },
    {
      "type": "Feature",
      "properties": {
        "@id": "node/7791591075",
        "name": "浅草橋",
        "name:en": "Asakusabashi",
        "name:ja": "浅草橋",
        "name:ja-Hira": "あさくさばし",
        "name:ja_rm": "Asakusabashi",
        "name:ko": "아사쿠사바시",
        "name:ru": "Асакусабаси",
        "name:zh": "淺草橋",
        "network": "都営地下鉄",
        "network:en": "Toei subway",
        "operator": "東京都交通局",
        "operator:en": "Toei",
        "operator:wikidata": "Q1377135",
        "public_transport": "station",
        "railway": "station",
        "ref": "A16",
        "station": "subway",
        "subway": "yes",
        "wikidata": "Q800404",
        "wikipedia": "ja:浅草橋駅"
      },
      "geometry": {
        "type": "Point",
        "coordinates": [
          139.7863101,
          35.6973915
        ]
      },
      "id": "node/7791591075"
    },
    {
      "type": "Feature",
      "properties": {
        "@id": "node/7791591076",
        "name": "蔵前",
        "name:en": "Kuramae",
        "name:es": "Kuramae",
        "name:fr": "Kuramae",
        "name:ja": "蔵前",
        "name:ja-Hira": "くらまえ",
        "name:ja_rm": "Kuramae",
        "name:ko": "구라마에",
        "name:ru": "Курамаэ",
        "name:zh": "藏前",
        "network": "都営地下鉄",
        "network:en": "Toei subway",
        "operator": "東京都交通局",
        "operator:en": "Toei",
        "operator:wikidata": "Q1377135",
        "public_transport": "station",
        "railway": "station",
        "ref": "A17",
        "station": "subway",
        "subway": "yes",
        "wikidata": "Q112348",
        "wikipedia": "ja:蔵前駅"
      },
      "geometry": {
        "type": "Point",
        "coordinates": [
          139.790939,
          35.7032122
        ]
      },
      "id": "node/7791591076"
    },
    {
      "type": "Feature",
      "properties": {
        "@id": "node/7791591077",
        "addr:housename": "練馬春日町駅",
        "addr:housename:en": "Nerima-kasugacho-eki",
        "addr:housename:ja": "練馬春日町駅",
        "addr:housename:ja-Hira": "ねりまかすがちょうえき",
        "addr:housename:ja-Latn": "Nerima Kasugachō Eki",
        "brand": "都営地下鉄",
        "brand:en": "Toei subway",
        "brand:ja": "都営地下鉄",
        "colour": "violet",
        "fixme": "position estimated",
        "name": "練馬春日町",
        "name:en": "Nerima-kasugacho",
        "name:es": "Nerima-kasugacho",
        "name:ja": "練馬春日町",
        "name:ja-Hira": "ねりまかすがちょう",
        "name:ja-Latn": "Nerima Kasugachō",
        "name:ko": "네리마카스가초",
        "name:ru": "Нэрима Касугатё",
        "network": "都営地下鉄",
        "network:en": "Toei subway",
        "network:ja": "都営地下鉄",
        "operator": "東京都交通局",
        "operator:en": "Tokyo Metropolitan Bureau of Transportation",
        "operator:ja": "東京都交通局",
        "operator:wikidata": "Q1377135",
        "owner": "東京都交通局",
        "owner:en": "Tokyo Metropolitan Bureau of Transportation",
        "owner:ja": "東京都交通局",
        "owner:wikidata": "Q1377135",
        "public_transport": "station",
        "railway": "station",
        "ref": "E27",
        "station": "subway",
        "subway": "yes",
        "wheelchair": "yes",
        "wikidata": "Q275521",
        "wikipedia": "ja:練馬春日町駅"
      },
      "geometry": {
        "type": "Point",
        "coordinates": [
          139.6403755,
          35.751398
        ]
      },
      "id": "node/7791591077"
    },
    {
      "type": "Feature",
      "properties": {
        "@id": "node/7791591078",
        "name": "宝町",
        "name:en": "Takaracho",
        "name:es": "Takaracho",
        "name:ja": "宝町",
        "name:ja-Hira": "たからちょう",
        "name:ja_rm": "Takarachō",
        "name:ko": "다카라초",
        "name:ru": "Такаратё",
        "network": "都営地下鉄",
        "network:en": "Toei subway",
        "operator": "東京都交通局",
        "operator:en": "Toei",
        "operator:wikidata": "Q1377135",
        "public_transport": "station",
        "railway": "station",
        "ref": "A12",
        "station": "subway",
        "subway": "yes",
        "wikidata": "Q1040938",
        "wikipedia": "ja:宝町駅 (東京都)"
      },
      "geometry": {
        "type": "Point",
        "coordinates": [
          139.7718846,
          35.6754339
        ]
      },
      "id": "node/7791591078"
    },
    {
      "type": "Feature",
      "properties": {
        "@id": "node/7791591079",
        "name": "高輪台",
        "name:en": "Takanawadai",
        "name:es": "Takanawadai",
        "name:ja": "高輪台",
        "name:ja-Hira": "たかなわだい",
        "name:ja_rm": "Takanawadai",
        "name:ko": "다카나와다이",
        "name:ru": "Таканавадай",
        "network": "都営地下鉄",
        "network:en": "Toei subway",
        "operator": "東京都交通局",
        "operator:en": "Toei",
        "operator:wikidata": "Q1377135",
        "public_transport": "station",
        "railway": "station",
        "ref": "A06",
        "station": "subway",
        "subway": "yes",
        "wikidata": "Q1040769",
        "wikipedia": "ja:高輪台駅"
      },
      "geometry": {
        "type": "Point",
        "coordinates": [
          139.7304256,
          35.6317345
        ]
      },
      "id": "node/7791591079"
    },
    {
      "type": "Feature",
      "properties": {
        "@id": "node/7791591080",
        "name": "戸越",
        "name:en": "Togoshi",
        "name:ja": "戸越",
        "name:ja-Hira": "とごし",
        "name:ja_rm": "Togoshi",
        "name:ko": "도고시",
        "name:ru": "Тогоси",
        "network": "都営地下鉄",
        "network:en": "Toei subway",
        "operator": "東京都交通局",
        "operator:en": "Toei",
        "operator:wikidata": "Q1377135",
        "phone": "+81 3-3786-4635",
        "public_transport": "station",
        "railway": "station",
        "ref": "A04",
        "station": "subway",
        "subway": "yes",
        "website": "https://www.kotsu.metro.tokyo.jp/subway/stations/togoshi.html",
        "wheelchair": "no",
        "wikidata": "Q1040884",
        "wikipedia": "ja:戸越駅"
      },
      "geometry": {
        "type": "Point",
        "coordinates": [
          139.7163642,
          35.614502
        ]
      },
      "id": "node/7791591080"
    },
    {
      "type": "Feature",
      "properties": {
        "@id": "node/7791591081",
        "colour": "violet",
        "name": "豊島園",
        "name:en": "Toshimaen",
        "name:es": "Toshimaen",
        "name:ja": "豊島園",
        "name:ja-Hira": "としまえん",
        "name:ja_rm": "Toshimaen",
        "name:ko": "도시마엔",
        "name:ru": "Тосимаэн",
        "network": "都営地下鉄",
        "network:en": "Toei Subway",
        "network:ja": "都営地下鉄",
        "network:wikidata": "Q247782",
        "operator": "東京都交通局",
        "operator:en": "Tokyo Metropolitan Bureau of Transportation",
        "operator:ja": "東京都交通局",
        "operator:wikidata": "Q1377135",
        "public_transport": "station",
        "railway": "station",
        "ref": "E36",
        "station": "subway",
        "subway": "yes",
        "wikidata": "Q906947",
        "wikipedia": "ja:豊島園駅"
      },
      "geometry": {
        "type": "Point",
        "coordinates": [
          139.6490783,
          35.7421722
        ]
      },
      "id": "node/7791591081"
    },
    {
      "type": "Feature",
      "properties": {
        "@id": "node/7791591082",
        "colour": "violet",
        "name": "練馬",
        "name:en": "Nerima",
        "name:es": "Nerima",
        "name:ja": "練馬",
        "name:ja-Hira": "ねりま",
        "name:ja_rm": "Nerima",
        "name:ko": "네리마",
        "name:ru": "Нэрима",
        "network": "都営地下鉄",
        "network:en": "Toei subway",
        "operator": "東京都交通局",
        "operator:en": "Toei",
        "operator:wikidata": "Q1377135",
        "public_transport": "station",
        "railway": "station",
        "ref": "E35",
        "station": "subway",
        "wheelchair": "yes",
        "wikidata": "Q906953",
        "wikipedia": "ja:練馬駅"
      },
      "geometry": {
        "type": "Point",
        "coordinates": [
          139.6544918,
          35.7373437
        ]
      },
      "id": "node/7791591082"
    },
    {
      "type": "Feature",
      "properties": {
        "@id": "node/7791591083",
        "colour": "violet",
        "name": "新江古田",
        "name:en": "Shin-egota",
        "name:ja": "新江古田",
        "name:ja-Hira": "しんえごた",
        "name:ja_rm": "Shin Egota",
        "name:ko": "신에고타",
        "name:ru": "Син-Эгота",
        "network": "都営地下鉄",
        "network:en": "Toei subway",
        "operator": "東京都交通局",
        "operator:en": "Toei",
        "operator:wikidata": "Q1377135",
        "public_transport": "station",
        "railway": "station",
        "ref": "E34",
        "station": "subway",
        "wikidata": "Q275527",
        "wikipedia": "ja:新江古田駅"
      },
      "geometry": {
        "type": "Point",
        "coordinates": [
          139.6704167,
          35.7326022
        ]
      },
      "id": "node/7791591083"
    },
    {
      "type": "Feature",
      "properties": {
        "@id": "node/7791591084",
        "colour": "violet",
        "name": "落合南長崎",
        "name:en": "Ochiai-minami-nagasaki",
        "name:es": "Ochiai-minami-nagasaki",
        "name:ja": "落合南長崎",
        "name:ja-Hira": "おちあいみなみながさき",
        "name:ja_rm": "Ochiai Minami Nagasaki",
        "name:ko": "오치아이미나미나가사키",
        "name:ru": "Отиаи Минами Нагасаки",
        "network": "都営地下鉄",
        "network:en": "Toei subway",
        "operator": "東京都交通局",
        "operator:en": "Toei",
        "operator:wikidata": "Q1377135",
        "public_transport": "station",
        "railway": "station",
        "ref": "E33",
        "station": "subway",
        "subway": "yes",
        "wikidata": "Q275510",
        "wikipedia": "ja:落合南長崎駅"
      },
      "geometry": {
        "type": "Point",
        "coordinates": [
          139.6835782,
          35.7232248
        ]
      },
      "id": "node/7791591084"
    },
    {
      "type": "Feature",
      "properties": {
        "@id": "node/7791605885",
        "name": "本所吾妻橋",
        "name:en": "Honjo-azumabashi",
        "name:ja": "本所吾妻橋",
        "name:ja-Hira": "ほんじょあずまばし",
        "name:ja_rm": "Honjo Azumabashi",
        "name:ko": "혼조아즈마바시",
        "name:ru": "Хондзё Адзумабаси",
        "network": "都営地下鉄",
        "network:en": "Toei subway",
        "operator": "東京都交通局",
        "operator:en": "Toei",
        "operator:wikidata": "Q1377135",
        "public_transport": "station",
        "railway": "station",
        "ref": "A19",
        "station": "subway",
        "subway": "yes",
        "toilets:wheelchair": "yes",
        "wheelchair": "yes",
        "wheelchair:description": "A0A5出口エレベーターあり",
        "wikidata": "Q910813",
        "wikipedia": "en:Honjo-azumabashi Station"
      },
      "geometry": {
        "type": "Point",
        "coordinates": [
          139.8043487,
          35.7085609
        ]
      },
      "id": "node/7791605885"
    },
    {
      "type": "Feature",
      "properties": {
        "@id": "node/7791605886",
        "name": "浅草",
        "name:en": "Asakusa",
        "name:it": "Asakusa",
        "name:ja": "浅草",
        "name:ja-Hira": "あさくさ",
        "name:ja-Latn": "Asakusa",
        "name:ko": "아사쿠사",
        "name:ru": "Асакуса",
        "network": "都営地下鉄",
        "network:en": "Toei subway",
        "note": "浅草線",
        "operator": "東京都交通局",
        "operator:en": "Toei",
        "operator:wikidata": "Q1377135",
        "public_transport": "station",
        "railway": "station",
        "ref": "A18",
        "station": "subway",
        "subway": "yes",
        "wheelchair": "yes",
        "wikidata": "Q800405",
        "wikipedia": "ja:浅草駅"
      },
      "geometry": {
        "type": "Point",
        "coordinates": [
          139.7965668,
          35.708959
        ]
      },
      "id": "node/7791605886"
    },
    {
      "type": "Feature",
      "properties": {
        "@id": "node/7791605887",
        "internet_access": "wlan",
        "name": "中延",
        "name:en": "Nakanobu",
        "name:es": "Nakanobu",
        "name:ja": "中延",
        "name:ja-Hira": "なかのぶ",
        "name:ja_rm": "Nakanobu",
        "name:ko": "나카노부",
        "name:ru": "Наканобу",
        "network": "都営地下鉄",
        "network:en": "Toei subway",
        "operator": "東京都交通局",
        "operator:en": "Toei",
        "operator:wikidata": "Q1377135",
        "public_transport": "station",
        "railway": "station",
        "ref": "A03",
        "station": "subway",
        "subway": "yes",
        "wikidata": "Q1040875",
        "wikipedia": "ja:中延駅"
      },
      "geometry": {
        "type": "Point",
        "coordinates": [
          139.7136531,
          35.605254
        ]
      },
      "id": "node/7791605887"
    },
    {
      "type": "Feature",
      "properties": {
        "@id": "node/7791605888",
        "contact:website": "https://www.kotsu.metro.tokyo.jp/subway/stations/gotanda.html",
        "name": "五反田",
        "name:en": "Gotanda",
        "name:es": "Gotanda",
        "name:it": "Gotanda",
        "name:ja": "五反田",
        "name:ja-Hira": "ごたんだ",
        "name:ja-Latn": "Gotanda",
        "name:ko": "고탄다",
        "name:ru": "Готанда",
        "name:th": "โกทันดะ",
        "network": "都営地下鉄",
        "network:en": "Toei Subway",
        "network:ja": "都営地下鉄",
        "network:wikidata": "Q247782",
        "operator": "東京都交通局",
        "operator:en": "Tokyo Metropolitan Bureau of Transportation",
        "operator:ja": "東京都交通局",
        "operator:wikidata": "Q1377135",
        "public_transport": "station",
        "railway": "station",
        "ref": "A05",
        "station": "subway",
        "subway": "yes",
        "wheelchair": "yes",
        "wikidata": "Q736018",
        "wikipedia": "ja:五反田駅"
      },
      "geometry": {
        "type": "Point",
        "coordinates": [
          139.7242137,
          35.6270895
        ]
      },
      "id": "node/7791605888"
    },
    {
      "type": "Feature",
      "properties": {
        "@id": "node/7791605889",
        "addr:block_number": "31",
        "addr:city": "大田区",
        "addr:housenumber": "9",
        "addr:neighbourhood": "2",
        "addr:province": "東京都",
        "addr:quarter": "北馬込",
        "internet_access": "wlan",
        "name": "馬込",
        "name:en": "Magome",
        "name:es": "Magome",
        "name:ja": "馬込",
        "name:ja-Hira": "まごめ",
        "name:ja_rm": "Magome",
        "name:ko": "마고메",
        "name:ru": "Магомэ",
        "network": "都営地下鉄",
        "network:en": "Toei subway",
        "operator": "東京都交通局",
        "operator:en": "Toei",
        "operator:wikidata": "Q1377135",
        "phone": "03-3773-4210",
        "public_transport": "station",
        "railway": "station",
        "ref": "A02",
        "station": "subway",
        "subway": "yes",
        "website": "https://www.kotsu.metro.tokyo.jp/subway/stations/magome.html",
        "wikidata": "Q1040904",
        "wikipedia": "ja:馬込駅"
      },
      "geometry": {
        "type": "Point",
        "coordinates": [
          139.7119274,
          35.5967788
        ]
      },
      "id": "node/7791605889"
    },
    {
      "type": "Feature",
      "properties": {
        "@id": "node/7791605890",
        "internet_access": "yes",
        "local_ref": "A01",
        "name": "西馬込",
        "name:en": "Nishi-magome",
        "name:es": "Nishi-magome",
        "name:ja": "西馬込",
        "name:ja-Hira": "にしまごめ",
        "name:ja_rm": "Nishi Magome",
        "name:ko": "니시마고메",
        "name:ru": "Ниси Магомэ",
        "network": "都営地下鉄",
        "network:en": "Toei subway",
        "operator": "東京都交通局",
        "operator:en": "Toei",
        "operator:wikidata": "Q1377135",
        "public_transport": "station",
        "railway": "station",
        "ref": "A01",
        "station": "subway",
        "subway": "yes",
        "toilets:wheelchair": "no",
        "website": "https://www.kotsu.metro.tokyo.jp/subway/stations/nishi-magome.html",
        "wheelchair": "yes",
        "wikidata": "Q1038919",
        "wikipedia": "ja:西馬込駅"
      },
      "geometry": {
        "type": "Point",
        "coordinates": [
          139.7063115,
          35.5872987
        ]
      },
      "id": "node/7791605890"
    },
    {
      "type": "Feature",
      "properties": {
        "@id": "node/7791605891",
        "colour": "violet",
        "name": "中井",
        "name:en": "Nakai",
        "name:es": "Nakai",
        "name:ja": "中井",
        "name:ja-Hira": "なかい",
        "name:ja_rm": "Nakai",
        "name:ko": "나카이",
        "name:ru": "Накаи",
        "network": "都営地下鉄",
        "network:en": "Toei subway",
        "operator": "東京都交通局",
        "operator:en": "Toei",
        "operator:wikidata": "Q1377135",
        "public_transport": "station",
        "railway": "station",
        "ref": "E32",
        "station": "subway",
        "subway": "yes",
        "wheelchair": "yes",
        "wikidata": "Q275116",
        "wikipedia": "ja:中井駅"
      },
      "geometry": {
        "type": "Point",
        "coordinates": [
          139.6863482,
          35.714067
        ]
      },
      "id": "node/7791605891"
    },
    {
      "type": "Feature",
      "properties": {
        "@id": "node/7791605892",
        "colour": "violet",
        "name": "東中野",
        "name:en": "Higashi-nakano",
        "name:es": "Higashi-nakano",
        "name:ja": "東中野",
        "name:ja-Hira": "ひがしなかの",
        "name:ja_rm": "Higashi Nakano",
        "name:ko": "히가시나카노",
        "name:ru": "Хигаси Накано",
        "network": "都営地下鉄",
        "network:en": "Toei subway",
        "operator": "東京都交通局",
        "operator:en": "Toei",
        "operator:wikidata": "Q1377135",
        "public_transport": "station",
        "railway": "station",
        "ref": "E31",
        "station": "subway",
        "subway": "yes",
        "wikidata": "Q800921",
        "wikipedia": "ja:東中野駅"
      },
      "geometry": {
        "type": "Point",
        "coordinates": [
          139.6832315,
          35.7073477
        ]
      },
      "id": "node/7791605892"
    },
    {
      "type": "Feature",
      "properties": {
        "@id": "node/7791605893",
        "colour": "violet",
        "name": "六本木",
        "name:en": "Roppongi",
        "name:es": "Roppongi",
        "name:ja": "六本木",
        "name:ja-Hira": "ろっぽんぎ",
        "name:ja_rm": "Roppongi",
        "name:ko": "롯폰기",
        "name:ru": "Роппонги",
        "network": "都営地下鉄",
        "network:en": "Toei subway",
        "operator": "東京都交通局",
        "operator:en": "Toei",
        "operator:wikidata": "Q1377135",
        "public_transport": "station",
        "railway": "station",
        "ref": "E23",
        "station": "subway",
        "subway": "yes",
        "wikidata": "Q1326723",
        "wikipedia": "ja:六本木駅"
      },
      "geometry": {
        "type": "Point",
        "coordinates": [
          139.7319706,
          35.6635758
        ]
      },
      "id": "node/7791605893"
    },
    {
      "type": "Feature",
      "properties": {
        "@id": "node/7791605894",
        "name": "築地市場",
        "name:en": "Tsukijishijo",
        "name:es": "Tsukijishijo",
        "name:ja": "築地市場",
        "name:ja-Hira": "つきじしじょう",
        "name:ja_rm": "Tsukiji Shijō",
        "name:ko": "쓰키지시조",
        "name:ru": "Цукидзи Сидзё",
        "network": "都営地下鉄",
        "network:en": "Toei subway",
        "operator": "東京都交通局",
        "operator:en": "Toei",
        "operator:wikidata": "Q1377135",
        "public_transport": "station",
        "railway": "station",
        "ref": "E18",
        "station": "subway",
        "subway": "yes",
        "wheelchair": "limited",
        "wikidata": "Q246180",
        "wikipedia": "ja:築地市場駅"
      },
      "geometry": {
        "type": "Point",
        "coordinates": [
          139.7668843,
          35.6648789
        ]
      },
      "id": "node/7791605894"
    },
    {
      "type": "Feature",
      "properties": {
        "@id": "node/7791605895",
        "colour": "violet",
        "name": "門前仲町",
        "name:en": "Monzen-nakacho",
        "name:es": "Monzen-nakacho",
        "name:ja": "門前仲町",
        "name:ja-Hira": "もんぜんなかちょう",
        "name:ja_rm": "Monzen Nakachō",
        "name:ko": "몬젠나카초",
        "network": "都営地下鉄",
        "network:en": "Toei subway",
        "operator": "東京都交通局",
        "operator:en": "Toei",
        "operator:wikidata": "Q1377135",
        "platforms": "2",
        "public_transport": "station",
        "railway": "station",
        "ref": "E15",
        "station": "subway",
        "subway": "yes",
        "wikidata": "Q80576",
        "wikipedia": "ja:門前仲町駅"
      },
      "geometry": {
        "type": "Point",
        "coordinates": [
          139.7950012,
          35.6726188
        ]
      },
      "id": "node/7791605895"
    },
    {
      "type": "Feature",
      "properties": {
        "@id": "node/7791605896",
        "colour": "violet",
        "name": "両国",
        "name:en": "Ryogoku",
        "name:ja": "両国",
        "name:ja-Hira": "りょうごく",
        "name:ja_rm": "Ryōgoku",
        "name:ko": "료고쿠",
        "name:ru": "Рёгоку",
        "network": "都営地下鉄",
        "network:en": "Toei subway",
        "operator": "東京都交通局",
        "operator:en": "Toei",
        "operator:wikidata": "Q1377135",
        "public_transport": "station",
        "railway": "station",
        "ref": "E12",
        "station": "subway",
        "subway": "yes",
        "wikidata": "Q801389",
        "wikipedia": "ja:両国駅"
      },
      "geometry": {
        "type": "Point",
        "coordinates": [
          139.7974284,
          35.6968538
        ]
      },
      "id": "node/7791605896"
    },
    {
      "type": "Feature",
      "properties": {
        "@id": "node/7791605897",
        "colour": "violet",
        "name": "蔵前",
        "name:en": "Kuramae",
        "name:ja": "蔵前",
        "name:ja-Hira": "くらまえ",
        "name:ja_rm": "Kuramae",
        "name:ko": "구라마에",
        "network": "都営地下鉄",
        "network:en": "Toei subway",
        "operator": "東京都交通局",
        "operator:en": "Toei",
        "operator:wikidata": "Q1377135",
        "public_transport": "station",
        "railway": "station",
        "ref": "E11",
        "station": "subway",
        "subway": "yes",
        "wikidata": "Q112348",
        "wikipedia": "ja:蔵前駅"
      },
      "geometry": {
        "type": "Point",
        "coordinates": [
          139.7924102,
          35.7055187
        ]
      },
      "id": "node/7791605897"
    },
    {
      "type": "Feature",
      "properties": {
        "@id": "node/7791605898",
        "name": "本蓮沼",
        "name:en": "Motohasunuma",
        "name:ja": "本蓮沼",
        "name:ja-Hira": "もとはすぬま",
        "name:ja_rm": "Motohasunuma",
        "name:ko": "모토하스누마",
        "name:ru": "Мото Хасунума",
        "network": "都営地下鉄",
        "network:en": "Toei subway",
        "operator": "東京都交通局",
        "operator:en": "Toei",
        "operator:wikidata": "Q1377135",
        "public_transport": "station",
        "railway": "station",
        "ref": "I20",
        "station": "subway",
        "subway": "yes",
        "wheelchair": "yes",
        "wikidata": "Q1039257",
        "wikipedia": "ja:本蓮沼駅"
      },
      "geometry": {
        "type": "Point",
        "coordinates": [
          139.7024438,
          35.7685214
        ]
      },
      "id": "node/7791605898"
    },
    {
      "type": "Feature",
      "properties": {
        "@id": "node/7791605899",
        "name": "板橋本町",
        "name:en": "Itabashihoncho",
        "name:ja": "板橋本町",
        "name:ja-Hira": "いたばしほんちょう",
        "name:ja_rm": "Itabashi honchō",
        "name:ko": "이타바시혼초",
        "name:ru": "Итабаси Хонтё",
        "network": "都営地下鉄",
        "network:en": "Toei subway",
        "operator": "東京都交通局",
        "operator:en": "Toei",
        "operator:wikidata": "Q1377135",
        "public_transport": "station",
        "railway": "station",
        "ref": "I19",
        "station": "subway",
        "wikidata": "Q1073933",
        "wikipedia": "ja:板橋本町駅"
      },
      "geometry": {
        "type": "Point",
        "coordinates": [
          139.7055249,
          35.7614305
        ]
      },
      "id": "node/7791605899"
    },
    {
      "type": "Feature",
      "properties": {
        "@id": "node/7791605900",
        "alt_name:ko": "이타바시쿠야쿠쇼마에",
        "name": "板橋区役所前",
        "name:en": "Itabashi-kuyakushomae",
        "name:ja": "板橋区役所前",
        "name:ja-Hira": "いたばしくやくしょまえ",
        "name:ja_rm": "Itabashi kuyakusho mae",
        "name:ko": "이타바시구청앞",
        "name:ru": "Итабаси-Куякусёмаэ",
        "network": "都営地下鉄",
        "network:en": "Toei subway",
        "operator": "東京都交通局",
        "operator:en": "Toei",
        "operator:wikidata": "Q1377135",
        "public_transport": "station",
        "railway": "station",
        "ref": "I18",
        "station": "subway",
        "wikidata": "Q1039760",
        "wikipedia": "ja:板橋区役所前駅"
      },
      "geometry": {
        "type": "Point",
        "coordinates": [
          139.71004,
          35.7513477
        ]
      },
      "id": "node/7791605900"
    },
    {
      "type": "Feature",
      "properties": {
        "@id": "node/7791605901",
        "name": "西巣鴨",
        "name:en": "Nishi-sugamo",
        "name:es": "Nishi-sugamo",
        "name:ja": "西巣鴨",
        "name:ja-Hira": "にしすがも",
        "name:ja_rm": "Nishi Sugamo",
        "name:ko": "니시스가모",
        "name:ru": "Ниси Сугамо",
        "network": "都営地下鉄",
        "network:en": "Toei subway",
        "operator": "東京都交通局",
        "operator:en": "Toei",
        "operator:wikidata": "Q1377135",
        "public_transport": "station",
        "railway": "station",
        "ref": "I16",
        "station": "subway",
        "wikidata": "Q1039887",
        "wikipedia": "ja:西巣鴨駅"
      },
      "geometry": {
        "type": "Point",
        "coordinates": [
          139.7286973,
          35.7435537
        ]
      },
      "id": "node/7791605901"
    },
    {
      "type": "Feature",
      "properties": {
        "@id": "node/7791605902",
        "alt_name": "西新橋",
        "colour": "blue",
        "name": "内幸町",
        "name:en": "Uchisaiwaicho",
        "name:fr": "Uchisaiwaicho",
        "name:ja": "内幸町",
        "name:ja-Hira": "うちさいわいちょう",
        "name:ja_rm": "Uchisaiwaichō",
        "name:ko": "우치사이와이초",
        "name:ru": "Утисайвайтё",
        "network": "都営地下鉄",
        "network:en": "Toei subway",
        "operator": "東京都交通局",
        "operator:en": "Toei",
        "operator:wikidata": "Q1377135",
        "public_transport": "station",
        "railway": "station",
        "ref": "I07",
        "station": "subway",
        "subway": "yes",
        "wikidata": "Q1038948",
        "wikipedia": "ja:内幸町駅"
      },
      "geometry": {
        "type": "Point",
        "coordinates": [
          139.7553799,
          35.6694556
        ]
      },
      "id": "node/7791605902"
    },
    {
      "type": "Feature",
      "properties": {
        "@id": "node/7791605903",
        "colour": "lightgreen",
        "name": "曙橋",
        "name:en": "Akebonobashi",
        "name:es": "Akebonobashi",
        "name:ja": "曙橋",
        "name:ja-Hira": "あけぼのばし",
        "name:ja_rm": "Akebonobashi",
        "name:ko": "아케보노바시",
        "name:ru": "Акэбонобаси",
        "network": "都営地下鉄",
        "network:en": "Toei subway",
        "operator": "東京都交通局",
        "operator:en": "Toei",
        "operator:wikidata": "Q1377135",
        "public_transport": "station",
        "railway": "station",
        "ref": "S03",
        "station": "subway",
        "subway": "yes",
        "wikidata": "Q128308",
        "wikipedia": "ja:曙橋駅"
      },
      "geometry": {
        "type": "Point",
        "coordinates": [
          139.7228634,
          35.6924146
        ]
      },
      "id": "node/7791605903"
    },
    {
      "type": "Feature",
      "properties": {
        "@id": "node/7791605904",
        "name": "市ケ谷",
        "name:en": "Ichigaya",
        "name:es": "Ichigaya",
        "name:fr": "Ichigaya",
        "name:ja": "市ケ谷",
        "name:ja_rm": "Ichigaya",
        "name:ko": "이치가야",
        "name:ru": "Итигая",
        "network": "都営地下鉄",
        "network:en": "Toei subway",
        "operator": "東京都交通局",
        "operator:en": "Toei",
        "operator:wikidata": "Q1377135",
        "public_transport": "station",
        "railway": "station",
        "ref": "S04",
        "station": "subway",
        "subway": "yes",
        "wikidata": "Q800947",
        "wikipedia": "ja:市ケ谷駅"
      },
      "geometry": {
        "type": "Point",
        "coordinates": [
          139.7376683,
          35.6915471
        ]
      },
      "id": "node/7791605904"
    },
    {
      "type": "Feature",
      "properties": {
        "@id": "node/7791605905",
        "alt_name:en": "Jinbocho",
        "name": "神保町",
        "name:en": "Jimbocho",
        "name:es": "Jimbocho",
        "name:ja": "神保町",
        "name:ja-Hira": "じんぼうちょう",
        "name:ja_rm": "Jimbōchō",
        "name:ko": "짐보초",
        "name:ru": "Дзимботё",
        "name:zh": "神保町站",
        "network": "都営地下鉄",
        "network:en": "Toei subway",
        "operator": "東京都交通局",
        "operator:en": "Toei",
        "operator:wikidata": "Q1377135",
        "public_transport": "station",
        "railway": "station",
        "ref": "S06",
        "station": "subway",
        "subway": "yes",
        "wheelchair": "no",
        "wikidata": "Q76805",
        "wikipedia": "ja:神保町駅"
      },
      "geometry": {
        "type": "Point",
        "coordinates": [
          139.7583937,
          35.6959719
        ]
      },
      "id": "node/7791605905"
    },
    {
      "type": "Feature",
      "properties": {
        "@id": "node/7791605906",
        "colour": "lightgreen",
        "name": "馬喰横山",
        "name:en": "Bakuroyokoyama",
        "name:es": "Bakuroyokoyama",
        "name:ja": "馬喰横山",
        "name:ja-Hira": "ばくろよこやま",
        "name:ja_rm": "Bakuro Yokoyama",
        "name:ko": "바쿠로요코야마",
        "name:ru": "Бакуро Ёкояма",
        "name:zh": "马喰横山",
        "name:zh-Hans": "马喰横山",
        "network": "都営地下鉄",
        "network:en": "Toei subway",
        "operator": "東京都交通局",
        "operator:en": "Toei",
        "operator:wikidata": "Q1377135",
        "public_transport": "station",
        "railway": "station",
        "ref": "S09",
        "station": "subway",
        "subway": "yes",
        "wheelchair": "yes",
        "wikidata": "Q128303",
        "wikipedia": "ja:馬喰横山駅"
      },
      "geometry": {
        "type": "Point",
        "coordinates": [
          139.7827937,
          35.6921222
        ]
      },
      "id": "node/7791605906"
    },
    {
      "type": "Feature",
      "properties": {
        "@id": "node/7791605907",
        "colour": "lightgreen",
        "name": "船堀",
        "name:en": "Funabori",
        "name:es": "Funabori",
        "name:ja": "船堀",
        "name:ja-Hira": "ふなぼり",
        "name:ja_rm": "Funabori",
        "name:ko": "후나보리",
        "name:ru": "Фунабори",
        "network": "都営地下鉄",
        "network:en": "Toei subway",
        "operator": "東京都交通局",
        "operator:en": "Toei",
        "operator:wikidata": "Q1377135",
        "public_transport": "station",
        "railway": "station",
        "ref": "S17",
        "station": "subway",
        "subway": "yes",
        "wheelchair": "yes",
        "wikidata": "Q1041252",
        "wikipedia": "ja:船堀駅"
      },
      "geometry": {
        "type": "Point",
        "coordinates": [
          139.864297,
          35.6838309
        ]
      },
      "id": "node/7791605907"
    },
    {
      "type": "Feature",
      "properties": {
        "@id": "node/7791605908",
        "colour": "lightgreen",
        "name": "篠崎",
        "name:en": "Shinozaki",
        "name:es": "Shinozaki",
        "name:ja": "篠崎",
        "name:ja-Hira": "しのざき",
        "name:ja_rm": "Shinozaki",
        "name:ko": "시노자키",
        "name:ru": "Синодзаки",
        "network": "都営地下鉄",
        "network:en": "Toei subway",
        "operator": "東京都交通局",
        "operator:en": "Toei",
        "operator:wikidata": "Q1377135",
        "public_transport": "station",
        "railway": "station",
        "ref": "S20",
        "station": "subway",
        "wheelchair": "yes",
        "wikidata": "Q1043876",
        "wikipedia": "ja:篠崎駅"
      },
      "geometry": {
        "type": "Point",
        "coordinates": [
          139.9038381,
          35.7060788
        ]
      },
      "id": "node/7791605908"
    },
    {
      "type": "Feature",
      "properties": {
        "@id": "node/7791605909",
        "colour": "lightgreen",
        "name": "瑞江",
        "name:en": "Mizue",
        "name:ja": "瑞江",
        "name:ja-Hira": "みずえ",
        "name:ja_rm": "Mizue",
        "name:ko": "미즈에",
        "name:ru": "Мидзуэ",
        "network": "都営地下鉄",
        "network:en": "Toei subway",
        "note:ja": "国土数値情報（鉄道データ）平成19年 国土交通省",
        "operator": "東京都交通局",
        "operator:en": "Toei",
        "operator:wikidata": "Q1377135",
        "public_transport": "station",
        "railway": "station",
        "ref": "S19",
        "source_ref": "http://w3land.mlit.go.jp/ksj2/datalist/N02.html",
        "station": "subway",
        "wheelchair": "yes",
        "wikidata": "Q1040898",
        "wikipedia": "ja:瑞江駅"
      },
      "geometry": {
        "type": "Point",
        "coordinates": [
          139.8976392,
          35.6932479
        ]
      },
      "id": "node/7791605909"
    },
    {
      "type": "Feature",
      "properties": {
        "@id": "node/7791605910",
        "atm": "yes",
        "colour": "lightgreen",
        "name": "大島",
        "name:en": "Ojima",
        "name:es": "Ojima",
        "name:ja": "大島",
        "name:ja-Hira": "おおじま",
        "name:ja_rm": "Ōjima",
        "name:ko": "오지마",
        "name:ru": "Одзима",
        "network": "都営地下鉄",
        "network:en": "Toei subway",
        "operator": "東京都交通局",
        "operator:en": "Toei",
        "operator:wikidata": "Q1377135",
        "public_transport": "station",
        "railway": "station",
        "ref": "S15",
        "station": "subway",
        "subway": "yes",
        "toilets": "yes",
        "toilets:access": "customers",
        "wikidata": "Q1040931",
        "wikipedia": "ja:大島駅 (東京都)"
      },
      "geometry": {
        "type": "Point",
        "coordinates": [
          139.835076,
          35.6897695
        ]
      },
      "id": "node/7791605910"
    },
    {
      "type": "Feature",
      "properties": {
        "@id": "node/7791605911",
        "colour": "lightgreen",
        "name": "東大島",
        "name:en": "Higashi-ojima",
        "name:ja": "東大島",
        "name:ja-Hira": "ひがしおおじま",
        "name:ja_rm": "Higashi Ōjima",
        "name:ko": "히가시오지마",
        "name:ru": "Хигаси Одзима",
        "network": "都営地下鉄",
        "network:en": "Toei subway",
        "operator": "東京都交通局",
        "operator:en": "Toei",
        "operator:wikidata": "Q1377135",
        "public_transport": "station",
        "railway": "station",
        "ref": "S16",
        "station": "subway",
        "subway": "yes",
        "transport": "subway",
        "wikidata": "Q908010",
        "wikipedia": "ja:東大島駅"
      },
      "geometry": {
        "type": "Point",
        "coordinates": [
          139.8459524,
          35.6902967
        ]
      },
      "id": "node/7791605911"
    },
    {
      "type": "Feature",
      "properties": {
        "@id": "node/7791605913",
        "name": "新板橋",
        "name:en": "Shin-itabashi",
        "name:es": "Shin-itabashi",
        "name:ja": "新板橋",
        "name:ja-Hira": "しんいたばし",
        "name:ja_rm": "Shin Itabashi",
        "name:ko": "신이타바시",
        "name:ru": "Син-Итабаси",
        "network": "都営地下鉄",
        "network:en": "Toei subway",
        "operator": "東京都交通局",
        "operator:en": "Toei",
        "operator:wikidata": "Q1377135",
        "public_transport": "station",
        "railway": "station",
        "ref": "I17",
        "station": "subway",
        "subway": "yes",
        "wikidata": "Q1039904",
        "wikipedia": "ja:新板橋駅"
      },
      "geometry": {
        "type": "Point",
        "coordinates": [
          139.7199032,
          35.7487966
        ]
      },
      "id": "node/7791605913"
    },
    {
      "type": "Feature",
      "properties": {
        "@id": "node/7791605915",
        "name": "志村坂上",
        "name:en": "Shimura-sakaue",
        "name:es": "Shimura-sakaue",
        "name:ja": "志村坂上",
        "name:ja-Hira": "しむらさかうえ",
        "name:ja_rm": "Shimura sakaue",
        "name:ko": "시무라사카우에",
        "name:ru": "Симура Сакауэ",
        "network": "都営地下鉄",
        "network:en": "Toei subway",
        "operator": "東京都交通局",
        "operator:en": "Toei",
        "operator:wikidata": "Q1377135",
        "public_transport": "station",
        "railway": "station",
        "ref": "I21",
        "station": "subway",
        "subway": "yes",
        "wikidata": "Q1039780",
        "wikipedia": "ja:志村坂上駅"
      },
      "geometry": {
        "type": "Point",
        "coordinates": [
          139.6955288,
          35.7756688
        ]
      },
      "id": "node/7791605915"
    },
    {
      "type": "Feature",
      "properties": {
        "@id": "node/7791605917",
        "name": "志村三丁目",
        "name:en": "Shimura-sanchome",
        "name:es": "Shimura-sanchome",
        "name:ja": "志村三丁目",
        "name:ja-Hira": "しむらさんちょうめ",
        "name:ja_rm": "Shimura sanchōme",
        "name:ko": "시무라3초메",
        "name:ru": "Симура Сантёмэ",
        "network": "都営地下鉄",
        "network:en": "Toei subway",
        "operator": "東京都交通局",
        "operator:en": "Toei",
        "operator:wikidata": "Q1377135",
        "public_transport": "station",
        "railway": "station",
        "ref": "I22",
        "station": "subway",
        "wikidata": "Q1039149",
        "wikipedia": "ja:志村三丁目駅"
      },
      "geometry": {
        "type": "Point",
        "coordinates": [
          139.6859968,
          35.7775108
        ]
      },
      "id": "node/7791605917"
    },
    {
      "type": "Feature",
      "properties": {
        "@id": "node/7791605919",
        "name": "蓮根",
        "name:en": "Hasune",
        "name:es": "Hasune",
        "name:ja": "蓮根",
        "name:ja-Hira": "はすね",
        "name:ja_rm": "Hasune",
        "name:ko": "하스네",
        "name:ru": "Хасунэ",
        "network": "都営地下鉄",
        "network:en": "Toei subway",
        "operator": "東京都交通局",
        "operator:en": "Toei",
        "operator:wikidata": "Q1377135",
        "public_transport": "station",
        "railway": "station",
        "ref": "I23",
        "station": "subway",
        "wikidata": "Q1038786",
        "wikipedia": "ja:蓮根駅"
      },
      "geometry": {
        "type": "Point",
        "coordinates": [
          139.6790713,
          35.7843239
        ]
      },
      "id": "node/7791605919"
    },
    {
      "type": "Feature",
      "properties": {
        "@id": "node/7791605921",
        "name": "西台",
        "name:en": "Nishidai",
        "name:es": "Nishidai",
        "name:ja": "西台",
        "name:ja-Hira": "にしだい",
        "name:ja_rm": "Nishidai",
        "name:ko": "니시다이",
        "name:ru": "Нисидай",
        "network": "都営地下鉄",
        "network:en": "Toei subway",
        "operator": "東京都交通局",
        "operator:en": "Toei",
        "operator:wikidata": "Q1377135",
        "public_transport": "station",
        "railway": "station",
        "ref": "I24",
        "station": "subway",
        "wheelchair": "yes",
        "wikidata": "Q1039896",
        "wikipedia": "ja:西台駅"
      },
      "geometry": {
        "type": "Point",
        "coordinates": [
          139.6740221,
          35.7869663
        ]
      },
      "id": "node/7791605921"
    },
    {
      "type": "Feature",
      "properties": {
        "@id": "node/7791605923",
        "name": "高島平",
        "name:en": "Takashimadaira",
        "name:es": "Takashimadaira",
        "name:ja": "高島平",
        "name:ja-Hira": "たかしまだいら",
        "name:ja_rm": "Takashimadaira",
        "name:ko": "다카시마다이라",
        "name:ru": "Такасимадайра",
        "network": "都営地下鉄",
        "network:en": "Toei subway",
        "operator": "東京都交通局",
        "operator:en": "Toei",
        "operator:wikidata": "Q1377135",
        "public_transport": "station",
        "railway": "station",
        "ref": "I25",
        "station": "subway",
        "subway": "yes",
        "wheelchair": "yes",
        "wikidata": "Q1038971",
        "wikipedia": "ja:高島平駅"
      },
      "geometry": {
        "type": "Point",
        "coordinates": [
          139.6612548,
          35.7889131
        ]
      },
      "id": "node/7791605923"
    },
    {
      "type": "Feature",
      "properties": {
        "@id": "node/7791605925",
        "name": "西高島平",
        "name:en": "Nishi-takashimadaira",
        "name:es": "Nishi-takashimadaira",
        "name:ja": "西高島平",
        "name:ja-Hira": "にしたかしまだいら",
        "name:ja_rm": "Nishi Takashimadaira",
        "name:ko": "니시타카시마다이라",
        "name:ru": "Ниси Такасимадайра",
        "network": "都営地下鉄",
        "network:en": "Toei subway",
        "operator": "東京都交通局",
        "operator:en": "Toei",
        "operator:wikidata": "Q1377135",
        "public_transport": "station",
        "railway": "station",
        "ref": "I27",
        "station": "subway",
        "wikidata": "Q1039288",
        "wikipedia": "ja:西高島平駅"
      },
      "geometry": {
        "type": "Point",
        "coordinates": [
          139.6457724,
          35.7919112
        ]
      },
      "id": "node/7791605925"
    },
    {
      "type": "Feature",
      "properties": {
        "@id": "node/7791605927",
        "colour": "lightgreen",
        "name": "西大島",
        "name:en": "Nishi-ojima",
        "name:es": "Nishi-ojima",
        "name:ja": "西大島",
        "name:ja-Hira": "にしおおじま",
        "name:ja_rm": "Nishi Ōjima",
        "name:ko": "니시오지마",
        "name:ru": "Ниси Одзима",
        "network": "都営地下鉄",
        "network:en": "Toei subway",
        "operator": "東京都交通局",
        "operator:en": "Toei",
        "operator:wikidata": "Q1377135",
        "public_transport": "station",
        "railway": "station",
        "ref": "S14",
        "station": "subway",
        "subway": "yes",
        "wheelchair": "yes",
        "wikidata": "Q1044267",
        "wikipedia": "ja:西大島駅"
      },
      "geometry": {
        "type": "Point",
        "coordinates": [
          139.8266345,
          35.6893724
        ]
      },
      "id": "node/7791605927"
    },
    {
      "type": "Feature",
      "properties": {
        "@id": "node/7791605928",
        "colour": "lightgreen",
        "name": "菊川",
        "name:en": "Kikukawa",
        "name:es": "Kikukawa",
        "name:ja": "菊川",
        "name:ja-Hira": "きくかわ",
        "name:ja_rm": "Kikukawa",
        "name:ko": "기쿠카와",
        "name:ru": "Кикукава",
        "name:zh": "菊川站 (東京都)",
        "network": "都営地下鉄",
        "network:en": "Toei Subway",
        "network:ja": "都営地下鉄",
        "network:wikidata": "Q247782",
        "operator": "東京都交通局",
        "operator:en": "Tokyo Metropolitan Bureau of Transportation",
        "operator:ja": "東京都交通局",
        "operator:wikidata": "Q1377135",
        "public_transport": "station",
        "railway": "station",
        "ref": "S12",
        "station": "subway",
        "subway": "yes",
        "wikidata": "Q1043756",
        "wikipedia": "ja:菊川駅 (東京都)"
      },
      "geometry": {
        "type": "Point",
        "coordinates": [
          139.806123,
          35.6884156
        ]
      },
      "id": "node/7791605928"
    },
    {
      "type": "Feature",
      "properties": {
        "@id": "node/7791605929",
        "colour": "lightgreen",
        "name": "一之江",
        "name:en": "Ichinoe",
        "name:ja": "一之江",
        "name:ja-Hira": "いちのえ",
        "name:ja_rm": "Ichinoe",
        "name:ko": "이치노에",
        "name:ru": "Итиноэ",
        "network": "都営地下鉄",
        "network:en": "Toei subway",
        "operator": "東京都交通局",
        "operator:en": "Toei",
        "operator:wikidata": "Q1377135",
        "public_transport": "station",
        "railway": "station",
        "ref": "S18",
        "station": "subway",
        "subway": "yes",
        "wikidata": "Q1044276",
        "wikipedia": "ja:一之江駅"
      },
      "geometry": {
        "type": "Point",
        "coordinates": [
          139.8831198,
          35.6860437
        ]
      },
      "id": "node/7791605929"
    },
    {
      "type": "Feature",
      "properties": {
        "@id": "node/7808705900",
        "name": "大崎広小路",
        "name:en": "Osakihirokoji",
        "name:ja": "大崎広小路",
        "name:ja-Hira": "おおさきひろこうじ",
        "name:ja_rm": "Ōsakihirokōji",
        "name:ko": "오사키히로코지",
        "public_transport": "station",
        "railway": "station",
        "ref": "IK02",
        "toilets:wheelchair": "yes",
        "train": "yes",
        "wheelchair": "yes",
        "wikidata": "Q8081686",
        "wikipedia": "ja:大崎広小路駅"
      },
      "geometry": {
        "type": "Point",
        "coordinates": [
          139.7225696,
          35.6225443
        ]
      },
      "id": "node/7808705900"
    },
    {
      "type": "Feature",
      "properties": {
        "@id": "node/7811267724",
        "name": "新三河島",
        "name:en": "Shim-Mikawashima",
        "name:it": "Shin-Mikawashima",
        "name:ja": "新三河島",
        "name:ja-Hira": "しんみかわしま",
        "name:ja-Latn": "Shin Mikawashima",
        "name:ko": "신미카와시마",
        "network": "京成",
        "operator": "京成電鉄",
        "public_transport": "station",
        "railway": "station",
        "ref": "KS03",
        "source": "Bing",
        "wikidata": "Q5367894",
        "wikipedia": "ja:新三河島駅"
      },
      "geometry": {
        "type": "Point",
        "coordinates": [
          139.7739458,
          35.7372049
        ]
      },
      "id": "node/7811267724"
    },
    {
      "type": "Feature",
      "properties": {
        "@id": "node/7811267726",
        "loc_name": "関屋",
        "name": "京成関屋",
        "name:en": "Keisei Sekiya",
        "name:it": "Keisei Sekiya",
        "name:ja": "京成関屋",
        "name:ja-Hira": "けいせいせきや",
        "name:ja-Latn": "Keisei Sekiya",
        "name:ko": "게이세이세키야",
        "name:ru": "Кейсей-Секия",
        "network": "京成電鉄",
        "network:en": "Keisei Electric Railway",
        "network:ja": "京成電鉄",
        "network:wikidata": "Q83538",
        "operator": "京成電鉄",
        "platforms": "2",
        "public_transport": "station",
        "railway": "station",
        "ref": "KS06",
        "train": "yes",
        "wikidata": "Q6383849",
        "wikipedia": "ja:京成関屋駅"
      },
      "geometry": {
        "type": "Point",
        "coordinates": [
          139.8117763,
          35.7439951
        ]
      },
      "id": "node/7811267726"
    },
    {
      "type": "Feature",
      "properties": {
        "@id": "node/7811267728",
        "alt_name:ko": "호리키리쇼부엔",
        "name": "堀切菖蒲園",
        "name:en": "Horikirishobuen",
        "name:it": "Horikiri-Shobuen",
        "name:ja": "堀切菖蒲園",
        "name:ja-Hira": "ほりきりしょうぶえん",
        "name:ja-Latn": "Horikiri shōbuen",
        "name:ko": "호리키리창포원",
        "network": "京成",
        "operator": "京成電鉄",
        "public_transport": "station",
        "railway": "station",
        "ref": "KS07",
        "website": "https://keisei.ekitan.com/search/timetable/station/254-6/d1",
        "wheelchair": "yes",
        "wikidata": "Q5903250",
        "wikipedia": "ja:堀切菖蒲園駅"
      },
      "geometry": {
        "type": "Point",
        "coordinates": [
          139.8274834,
          35.7476751
        ]
      },
      "id": "node/7811267728"
    },
    {
      "type": "Feature",
      "properties": {
        "@id": "node/7817272379",
        "light_rail": "yes",
        "name": "石川台",
        "name:en": "Ishikawa-dai",
        "name:ja": "石川台",
        "name:ja-Hira": "いしかわだい",
        "name:ja_rm": "Ishikawa-dai",
        "name:ko": "이시카와다이",
        "network": "東急電鉄",
        "network:en": "Tokyu Railways",
        "network:ja": "東急電鉄",
        "network:wikidata": "Q80229029",
        "operator": "東急電鉄",
        "public_transport": "station",
        "railway": "station",
        "ref": "IK08",
        "train": "yes",
        "wheelchair": "yes",
        "wikidata": "Q6080316",
        "wikipedia": "ja:石川台駅"
      },
      "geometry": {
        "type": "Point",
        "coordinates": [
          139.6854947,
          35.5971322
        ]
      },
      "id": "node/7817272379"
    },
    {
      "type": "Feature",
      "properties": {
        "@id": "node/7834193975",
        "name": "沼部",
        "name:en": "Numabe",
        "name:ja": "沼部",
        "name:ja-Hira": "ぬまべ",
        "name:ja_rm": "Numabe",
        "name:ko": "누마베",
        "note": "National-Land Numerical Information (Railway) 2007, MLIT Japan",
        "public_transport": "station",
        "railway": "station",
        "ref": "TM02",
        "source": "KSJ2",
        "source_ref": "http://nlftp.mlit.go.jp/ksj/jpgis/datalist/KsjTmplt-N02-v1_1.html",
        "wheelchair": "yes",
        "wikidata": "Q11554639",
        "wikipedia": "ja:沼部駅"
      },
      "geometry": {
        "type": "Point",
        "coordinates": [
          139.6730652,
          35.5827683
        ]
      },
      "id": "node/7834193975"
    },
    {
      "type": "Feature",
      "properties": {
        "@id": "node/7834193976",
        "light_rail": "yes",
        "name": "下丸子",
        "name:en": "Shimomaruko",
        "name:ja": "下丸子",
        "name:ja-Hira": "しもまるこ",
        "name:ja_rm": "Shimomaruko",
        "name:ko": "시모마루코",
        "note": "National-Land Numerical Information (Railway) 2007, MLIT Japan",
        "public_transport": "station",
        "railway": "station",
        "ref": "TM04",
        "source": "KSJ2",
        "source_ref": "http://nlftp.mlit.go.jp/ksj/jpgis/datalist/KsjTmplt-N02-v1_1.html",
        "station": "light_rail",
        "wikidata": "Q7496927",
        "wikipedia": "ja:下丸子駅"
      },
      "geometry": {
        "type": "Point",
        "coordinates": [
          139.6855952,
          35.5713856
        ]
      },
      "id": "node/7834193976"
    },
    {
      "type": "Feature",
      "properties": {
        "@id": "node/7834193978",
        "name": "武蔵新田",
        "name:en": "Musashi-nitta",
        "name:ja": "武蔵新田",
        "name:ja-Hira": "むさしにった",
        "name:ja_rm": "Musashi-nitta",
        "name:ko": "무사시닛타",
        "note": "National-Land Numerical Information (Railway) 2007, MLIT Japan",
        "public_transport": "station",
        "railway": "station",
        "ref": "TM05",
        "source": "KSJ2",
        "source_ref": "http://nlftp.mlit.go.jp/ksj/jpgis/datalist/KsjTmplt-N02-v1_1.html",
        "wheelchair": "yes",
        "wikidata": "Q6940140",
        "wikipedia": "ja:武蔵新田駅"
      },
      "geometry": {
        "type": "Point",
        "coordinates": [
          139.6924791,
          35.5678616
        ]
      },
      "id": "node/7834193978"
    },
    {
      "type": "Feature",
      "properties": {
        "@id": "node/7834193980",
        "name": "矢口渡",
        "name:en": "Yaguchi-no-watashi",
        "name:ja": "矢口渡",
        "name:ja-Hira": "やぐちのわたし",
        "name:ja_rm": "Yaguchi-no-watashi",
        "name:ko": "야구치노와타시",
        "network": "東急電鉄",
        "network:en": "Tokyu Railways",
        "network:ja": "東急電鉄",
        "network:wikidata": "Q80229029",
        "note": "National-Land Numerical Information (Railway) 2007, MLIT Japan",
        "operator": "東急電鉄",
        "public_transport": "station",
        "railway": "station",
        "ref": "TM06",
        "source": "KSJ2",
        "source_ref": "http://nlftp.mlit.go.jp/ksj/jpgis/datalist/KsjTmplt-N02-v1_1.html",
        "train": "yes",
        "wheelchair": "yes",
        "wikidata": "Q8046756",
        "wikipedia": "ja:矢口渡駅"
      },
      "geometry": {
        "type": "Point",
        "coordinates": [
          139.7002588,
          35.5625766
        ]
      },
      "id": "node/7834193980"
    },
    {
      "type": "Feature",
      "properties": {
        "@id": "node/7834193982",
        "light_rail": "yes",
        "name": "鵜の木",
        "name:en": "Unoki",
        "name:ja": "鵜の木",
        "name:ja-Hira": "うのき",
        "name:ja_rm": "Unoki",
        "name:ko": "우노키",
        "note": "National-Land Numerical Information (Railway) 2007, MLIT Japan",
        "public_transport": "station",
        "railway": "station",
        "ref": "TM03",
        "source": "KSJ2",
        "source_ref": "http://nlftp.mlit.go.jp/ksj/jpgis/datalist/KsjTmplt-N02-v1_1.html",
        "station": "light_rail",
        "wheelchair": "yes",
        "wikidata": "Q7897240",
        "wikipedia": "ja:鵜の木駅"
      },
      "geometry": {
        "type": "Point",
        "coordinates": [
          139.6805741,
          35.5754603
        ]
      },
      "id": "node/7834193982"
    },
    {
      "type": "Feature",
      "properties": {
        "@id": "node/7834193984",
        "light_rail": "yes",
        "name": "久が原",
        "name:en": "Kugahara",
        "name:ja": "久が原",
        "name:ja-Hira": "くがはら",
        "name:ja_rm": "Kugahara",
        "name:ko": "구가하라",
        "public_transport": "station",
        "railway": "station",
        "ref": "IK11",
        "station": "light_rail",
        "wikidata": "Q6441939",
        "wikipedia": "ja:久が原駅"
      },
      "geometry": {
        "type": "Point",
        "coordinates": [
          139.6856542,
          35.5795927
        ]
      },
      "id": "node/7834193984"
    },
    {
      "type": "Feature",
      "properties": {
        "@id": "node/7834298285",
        "contact:website": "https://www.keikyu.co.jp/ride/kakueki/KK16.html",
        "name": "羽田空港第3ターミナル",
        "name:en": "Haneda Airport Terminal 3",
        "name:es": "Terminal 3 del Aeropuerto de Haneda",
        "name:fr": "Aéroport de Haneda Terminal 3",
        "name:it": "Haneda Aeroporto Terminal 3",
        "name:ja": "羽田空港第3ターミナル",
        "name:ja-Hira": "はねだくうこうだいさんたーみなる",
        "name:ja-Latn": "Haneda kūkō dai-san tāminaru",
        "name:ko": "하네다 공항 제3 터미널",
        "name:ru": "Аэропорт Ханеда Терминал 3",
        "name:zh": "羽田机场3号航站楼",
        "old_name": "羽田空港国際線ターミナル",
        "operator": "京浜急行電鉄",
        "operator:en": "Keikyu Corporation",
        "operator:ja": "京浜急行電鉄",
        "public_transport": "station",
        "railway": "station",
        "ref": "KK16",
        "source": "Bing",
        "station": "subway",
        "subway": "yes",
        "wikidata": "Q11284112",
        "wikipedia": "ja:羽田空港第3ターミナル駅"
      },
      "geometry": {
        "type": "Point",
        "coordinates": [
          139.7670385,
          35.5450118
        ]
      },
      "id": "node/7834298285"
    },
    {
      "type": "Feature",
      "properties": {
        "@id": "node/7834562506",
        "contact:website": "https://www.keikyu.co.jp/ride/kakueki/KK15.html",
        "name": "天空橋",
        "name:en": "Tenkubashi",
        "name:es": "Tenkūbashi",
        "name:fr": "Tenkūbashi",
        "name:ja": "天空橋",
        "name:ja-Hira": "てんくうばし",
        "name:ja-Latn": "Tenkūbashi",
        "name:ko": "덴쿠바시",
        "name:ru": "Тэнкубаси",
        "note": "National-Land Numerical Information (Railway) 2007, MLIT Japan",
        "operator": "京浜急行電鉄 (Keikyu Corporation)",
        "operator:en": "Keikyu Corporation",
        "operator:ja": "京浜急行電鉄",
        "public_transport": "station",
        "railway": "station",
        "ref": "KK15",
        "source": "Bing",
        "source_ref": "http://nlftp.mlit.go.jp/ksj/jpgis/datalist/KsjTmplt-N02-v1_1.html",
        "subway": "yes",
        "train": "yes",
        "wikidata": "Q5367248",
        "wikipedia": "ja:天空橋駅"
      },
      "geometry": {
        "type": "Point",
        "coordinates": [
          139.7546775,
          35.54812
        ]
      },
      "id": "node/7834562506"
    },
    {
      "type": "Feature",
      "properties": {
        "@id": "node/7834562508",
        "contact:website": "https://www.keikyu.co.jp/ride/kakueki/KK17.html",
        "name": "羽田空港第1・第2ターミナル",
        "name:en": "Haneda Airport Terminal 1・2",
        "name:es": "Haneda Airport Terminal 1・2",
        "name:it": "Haneda Aeroporto Terminal 1・2",
        "name:ja": "羽田空港第1・第2ターミナル",
        "name:ja-Hira": "はねだくうこうだいいち・だいにたーみなる",
        "name:ja-Latn": "Haneda kūkō dai-ichi・dai-ni tāminaru",
        "name:ko": "하네다 공항 제 1 · 제 2 터미널",
        "name:ru": "Аэропорт Ханеда Терминал 1・2",
        "name:zh": "羽田机场1号・2号航站楼",
        "note": "National-Land Numerical Information (Railway) 2007, MLIT Japan",
        "note:ja": "国土数値情報（鉄道データ）平成19年　国土交通省",
        "old_name": "羽田空港国内線ターミナル",
        "operator": "京浜急行電鉄",
        "operator:en": "Keikyu Corporation",
        "operator:ja": "京浜急行電鉄",
        "public_transport": "station",
        "railway": "station",
        "ref": "KK17",
        "source": "Bing",
        "source_ref": "http://nlftp.mlit.go.jp/ksj/jpgis/datalist/KsjTmplt-N02-v1_1.html",
        "station": "subway",
        "toilets:wheelchair": "yes",
        "wheelchair": "yes",
        "wikidata": "Q906745",
        "wikipedia": "ja:羽田空港第1・第2ターミナル駅"
      },
      "geometry": {
        "type": "Point",
        "coordinates": [
          139.7860924,
          35.5498485
        ]
      },
      "id": "node/7834562508"
    },
    {
      "type": "Feature",
      "properties": {
        "@id": "node/7834562509",
        "addr:block_number": "６",
        "addr:city": "大田区",
        "addr:housenumber": "11",
        "addr:neighbourhood": "４",
        "addr:province": "東京都",
        "addr:quarter": "羽田",
        "alt_name": "ヤマトグループ 羽田クロノゲート前",
        "name": "穴守稲荷",
        "name:en": "Anamori-Inari",
        "name:es": "Anamori-Inari",
        "name:ja": "穴守稲荷",
        "name:ja-Hira": "あなもりいなり",
        "name:ja_rm": "Anamori inari",
        "name:ko": "아나모리이나리",
        "name:ru": "Анамори-Инари",
        "note": "National-Land Numerical Information (Railway) 2007, MLIT Japan",
        "operator": "京浜急行電鉄",
        "operator:en": "Keikyu Corporation",
        "operator:ja": "京浜急行電鉄",
        "public_transport": "station",
        "railway": "station",
        "ref": "KK14",
        "source": "Bing",
        "source_ref": "http://nlftp.mlit.go.jp/ksj/jpgis/datalist/KsjTmplt-N02-v1_1.html",
        "subway": "yes",
        "toilets:wheelchair": "yes",
        "train": "yes",
        "wheelchair": "yes",
        "wikidata": "Q4751212",
        "wikipedia": "ja:穴守稲荷駅"
      },
      "geometry": {
        "type": "Point",
        "coordinates": [
          139.7467757,
          35.5503099
        ]
      },
      "id": "node/7834562509"
    },
    {
      "type": "Feature",
      "properties": {
        "@id": "node/7834562510",
        "name": "大鳥居",
        "name:en": "Otorii",
        "name:es": "Otorii",
        "name:ja": "大鳥居",
        "name:ja-Hira": "おおとりい",
        "name:ja_rm": "Ōtorii",
        "name:ko": "오토리이",
        "name:ru": "Отории",
        "note": "National-Land Numerical Information (Railway) 2007, MLIT Japan",
        "operator": "京浜急行電鉄",
        "operator:en": "Keikyu Corporation",
        "operator:ja": "京浜急行電鉄",
        "public_transport": "station",
        "railway": "station",
        "ref": "KK13",
        "source": "Bing",
        "source_ref": "http://nlftp.mlit.go.jp/ksj/jpgis/datalist/KsjTmplt-N02-v1_1.html",
        "subway": "yes",
        "train": "yes",
        "wikidata": "Q5362449",
        "wikipedia": "ja:大鳥居駅"
      },
      "geometry": {
        "type": "Point",
        "coordinates": [
          139.7395158,
          35.5525175
        ]
      },
      "id": "node/7834562510"
    },
    {
      "type": "Feature",
      "properties": {
        "@id": "node/7834562511",
        "name": "糀谷",
        "name:en": "Kojiya",
        "name:es": "Kojiya",
        "name:ja": "糀谷",
        "name:ja-Hira": "こうじや",
        "name:ja_rm": "Kōjiya",
        "name:ko": "고지야",
        "name:ru": "Кодзия",
        "note": "National-Land Numerical Information (Railway) 2007, MLIT Japan",
        "operator": "京浜急行電鉄 (Keikyu Corporation)",
        "operator:en": "Keikyu Corporation",
        "operator:ja": "京浜急行電鉄",
        "public_transport": "station",
        "railway": "station",
        "ref": "KK12",
        "source": "Bing",
        "source_ref": "http://nlftp.mlit.go.jp/ksj/jpgis/datalist/KsjTmplt-N02-v1_1.html",
        "subway": "yes",
        "train": "yes",
        "wheelchair": "yes",
        "wikidata": "Q5361691",
        "wikipedia": "ja:糀谷駅"
      },
      "geometry": {
        "type": "Point",
        "coordinates": [
          139.7294667,
          35.5547016
        ]
      },
      "id": "node/7834562511"
    },
    {
      "type": "Feature",
      "properties": {
        "@id": "node/7834575753",
        "gauge": "1435",
        "name": "新馬場",
        "name:en": "Shimbamba",
        "name:ja": "新馬場",
        "name:ja-Hira": "しんばんば",
        "name:ja_rm": "Shin Bamba",
        "name:ko": "신반바 역",
        "operator": "京浜急行電鉄",
        "operator:en": "Keikyu Corporation",
        "operator:ja": "京浜急行電鉄",
        "platforms": "2",
        "public_transport": "station",
        "railway": "station",
        "ref": "KK03",
        "source": "Bing",
        "wikidata": "Q863236",
        "wikipedia": "ja:新馬場駅"
      },
      "geometry": {
        "type": "Point",
        "coordinates": [
          139.7414646,
          35.6165106
        ]
      },
      "id": "node/7834575753"
    },
    {
      "type": "Feature",
      "properties": {
        "@id": "node/7834719308",
        "gauge": "1435",
        "name": "雑色",
        "name:en": "Zoshiki",
        "name:ja": "雑色",
        "name:ja-Hira": "ぞうしき",
        "name:ja_rm": "Zōshiki",
        "name:ko": "조시키",
        "note": "National-Land Numerical Information (Railway) 2007, MLIT Japan",
        "operator": "京浜急行電鉄 (Keikyu Corporation)",
        "operator:en": "Keikyu Corporation",
        "operator:ja": "京浜急行電鉄",
        "public_transport": "station",
        "railway": "station",
        "ref": "KK18",
        "source": "Bing",
        "source_ref": "http://nlftp.mlit.go.jp/ksj/jpgis/datalist/KsjTmplt-N02-v1_1.html",
        "wikidata": "Q8076244",
        "wikipedia": "ja:雑色駅"
      },
      "geometry": {
        "type": "Point",
        "coordinates": [
          139.7149801,
          35.5496951
        ]
      },
      "id": "node/7834719308"
    },
    {
      "type": "Feature",
      "properties": {
        "@id": "node/7834719310",
        "alt_name": "東邦大学前",
        "gauge": "1435",
        "name": "梅屋敷",
        "name:en": "Umeyashiki",
        "name:ja": "梅屋敷",
        "name:ja-Hira": "うめやしき",
        "name:ja_rm": "Umeyashiki",
        "name:ko": "우메야시키",
        "operator": "京浜急行電鉄",
        "operator:en": "Keikyu Corporation",
        "operator:ja": "京浜急行電鉄",
        "platforms": "2",
        "public_transport": "station",
        "railway": "station",
        "ref": "KK10",
        "source": "Bing",
        "wikidata": "Q865643",
        "wikipedia": "ja:梅屋敷駅 (東京都)"
      },
      "geometry": {
        "type": "Point",
        "coordinates": [
          139.728368,
          35.5669662
        ]
      },
      "id": "node/7834719310"
    },
    {
      "type": "Feature",
      "properties": {
        "@id": "node/7834719312",
        "gauge": "1435",
        "name": "大森町",
        "name:en": "Omorimachi",
        "name:ja": "大森町",
        "name:ja-Hira": "おおもりまち",
        "name:ja_rm": "Ōmorimachi",
        "name:ko": "오모리마치",
        "operator": "京浜急行電鉄",
        "operator:en": "Keikyu Corporation",
        "operator:ja": "京浜急行電鉄",
        "public_transport": "station",
        "railway": "station",
        "ref": "KK09",
        "source": "Bing",
        "wheelchair": "yes",
        "wikidata": "Q5362060",
        "wikipedia": "ja:大森町駅"
      },
      "geometry": {
        "type": "Point",
        "coordinates": [
          139.7320685,
          35.5725032
        ]
      },
      "id": "node/7834719312"
    },
    {
      "type": "Feature",
      "properties": {
        "@id": "node/7834719314",
        "gauge": "1435",
        "name": "平和島",
        "name:en": "Heiwajima",
        "name:ja": "平和島",
        "name:ja-Hira": "へいわじま",
        "name:ja_rm": "Heiwajima",
        "name:ko": "헤이와지마",
        "operator": "京浜急行電鉄",
        "operator:en": "Keikyu Corporation",
        "operator:ja": "京浜急行電鉄",
        "platforms": "4",
        "public_transport": "station",
        "railway": "station",
        "ref": "KK08",
        "source": "Bing",
        "station": "train",
        "subway": "yes",
        "train": "yes",
        "website": "https://www.keikyu.co.jp/ride/kakueki/KK08.html",
        "wikidata": "Q5367220",
        "wikipedia": "ja:平和島駅"
      },
      "geometry": {
        "type": "Point",
        "coordinates": [
          139.7349686,
          35.5787037
        ]
      },
      "id": "node/7834719314"
    },
    {
      "type": "Feature",
      "properties": {
        "@id": "node/7834719318",
        "gauge": "1435",
        "name": "大森海岸",
        "name:en": "Ōmorikaigan",
        "name:ja": "大森海岸",
        "name:ja-Hira": "おおもりかいがん",
        "name:ja_rm": "Ōmori kaigan",
        "name:ko": "오모리카이간",
        "operator": "京浜急行電鉄",
        "operator:en": "Keikyu Corporation",
        "operator:ja": "京浜急行電鉄",
        "public_transport": "station",
        "railway": "station",
        "ref": "KK07",
        "source": "Bing",
        "wheelchair": "limited",
        "wikidata": "Q1592872",
        "wikipedia": "ja:大森海岸駅"
      },
      "geometry": {
        "type": "Point",
        "coordinates": [
          139.7353937,
          35.5876986
        ]
      },
      "id": "node/7834719318"
    },
    {
      "type": "Feature",
      "properties": {
        "@id": "node/7834719324",
        "gauge": "1435",
        "name": "青物横丁",
        "name:en": "Aomono-yokocho",
        "name:es": "Aomono-yokocho",
        "name:ja": "青物横丁",
        "name:ja-Hira": "あおものよこちょう",
        "name:ja_rm": "Aomono yokochō",
        "name:ko": "아오모노요코초",
        "operator": "京浜急行電鉄",
        "operator:en": "Keikyu Corporation",
        "operator:ja": "京浜急行電鉄",
        "public_transport": "station",
        "railway": "station",
        "ref": "KK04",
        "source": "Bing",
        "station": "subway",
        "subway": "yes",
        "train": "yes",
        "wikidata": "Q852188",
        "wikipedia": "ja:青物横丁駅"
      },
      "geometry": {
        "type": "Point",
        "coordinates": [
          139.7430769,
          35.6088735
        ]
      },
      "id": "node/7834719324"
    },
    {
      "type": "Feature",
      "properties": {
        "@id": "node/7834808028",
        "gauge": "1435",
        "name": "六郷土手",
        "name:en": "Rokugodote",
        "name:ja": "六郷土手",
        "name:ja-Hira": "ろくごうどて",
        "name:ja_rm": "Rokugō dote",
        "name:ko": "로쿠고도테",
        "note": "National-Land Numerical Information (Railway) 2007, MLIT Japan",
        "operator": "京浜急行電鉄",
        "operator:en": "Keikyu Corporation",
        "operator:ja": "京浜急行電鉄",
        "public_transport": "station",
        "railway": "station",
        "ref": "KK19",
        "source": "Bing",
        "source_ref": "http://nlftp.mlit.go.jp/ksj/jpgis/datalist/KsjTmplt-N02-v1_1.html",
        "wikidata": "Q7360103",
        "wikipedia": "ja:六郷土手駅"
      },
      "geometry": {
        "type": "Point",
        "coordinates": [
          139.7076671,
          35.5406578
        ]
      },
      "id": "node/7834808028"
    },
    {
      "type": "Feature",
      "properties": {
        "@id": "node/7857922509",
        "name": "お花茶屋",
        "name:en": "Ohanajaya",
        "name:it": "Ohanajaya",
        "name:ja": "お花茶屋",
        "name:ja-Hira": "おはなぢゃや",
        "name:ja-Latn": "Ohanajaya",
        "name:ko": "오하나자야",
        "network": "京成電鉄",
        "network:en": "Keisei Electric Railway",
        "network:ja": "京成電鉄",
        "network:wikidata": "Q83538",
        "operator": "京成電鉄",
        "public_transport": "station",
        "railway": "station",
        "ref": "KS08",
        "train": "yes",
        "wikidata": "Q7080614",
        "wikipedia": "ja:お花茶屋駅"
      },
      "geometry": {
        "type": "Point",
        "coordinates": [
          139.8401447,
          35.7475893
        ]
      },
      "id": "node/7857922509"
    },
    {
      "type": "Feature",
      "properties": {
        "@id": "node/7857922511",
        "name": "千住大橋",
        "name:en": "Senjuohashi",
        "name:it": "Senju-Ohashi",
        "name:ja": "千住大橋",
        "name:ja-Hira": "せんじゅおおはし",
        "name:ja-Latn": "Senju Ōhashi",
        "name:ko": "센주오하시",
        "network": "京成電鉄",
        "network:en": "Keisei Electric Railway",
        "network:ja": "京成電鉄",
        "network:wikidata": "Q83538",
        "operator": "京成電鉄",
        "platforms": "2",
        "public_transport": "station",
        "railway": "station",
        "ref": "KS05",
        "toilets:wheelchair": "yes",
        "train": "yes",
        "wheelchair": "yes",
        "wikidata": "Q388969",
        "wikipedia": "ja:千住大橋駅"
      },
      "geometry": {
        "type": "Point",
        "coordinates": [
          139.7968196,
          35.7424234
        ]
      },
      "id": "node/7857922511"
    },
    {
      "type": "Feature",
      "properties": {
        "@id": "node/7857922514",
        "name": "町屋",
        "name:en": "Machiya",
        "name:it": "Machiya",
        "name:ja": "町屋",
        "name:ja-Hira": "まちや",
        "name:ja-Latn": "Machiya",
        "name:ko": "마치야",
        "network": "京成電鉄",
        "network:en": "Keisei Electric Railway",
        "network:ja": "京成電鉄",
        "network:wikidata": "Q83538",
        "operator": "京成電鉄",
        "public_transport": "station",
        "railway": "station",
        "ref": "KS04",
        "source": "Bing",
        "train": "yes",
        "wheelchair": "yes",
        "wikidata": "Q390638",
        "wikipedia": "ja:町屋駅"
      },
      "geometry": {
        "type": "Point",
        "coordinates": [
          139.7814487,
          35.742289
        ]
      },
      "id": "node/7857922514"
    },
    {
      "type": "Feature",
      "properties": {
        "@id": "node/7858131585",
        "name": "江戸川",
        "name:en": "Edogawa",
        "name:it": "Edogawa",
        "name:ja": "江戸川",
        "name:ja-Hira": "えどがわ",
        "name:ja-Latn": "Edogawa",
        "name:ko": "에도가와",
        "network": "京成",
        "operator": "京成電鉄",
        "platforms": "2",
        "public_transport": "station",
        "railway": "station",
        "ref": "KS12",
        "wheelchair": "yes",
        "wikidata": "Q5340176",
        "wikipedia": "ja:江戸川駅"
      },
      "geometry": {
        "type": "Point",
        "coordinates": [
          139.8958777,
          35.7377552
        ]
      },
      "id": "node/7858131585"
    },
    {
      "type": "Feature",
      "properties": {
        "@id": "node/7858131586",
        "alt_name": "小岩",
        "name": "京成小岩",
        "name:en": "Keisei Koiwa",
        "name:it": "Keisei Koiwa",
        "name:ja": "京成小岩",
        "name:ja-Hira": "けいせいこいわ",
        "name:ja-Latn": "Keisei Koiwa",
        "name:ko": "게이세이코이와",
        "network": "京成電鉄",
        "network:en": "Keisei Electric Railway",
        "network:ja": "京成電鉄",
        "network:wikidata": "Q83538",
        "operator": "京成電鉄",
        "platforms": "4",
        "public_transport": "station",
        "railway": "station",
        "ref": "KS11",
        "source": "Bing",
        "train": "yes",
        "wheelchair": "yes",
        "wikidata": "Q6383844",
        "wikipedia": "ja:京成小岩駅"
      },
      "geometry": {
        "type": "Point",
        "coordinates": [
          139.8833524,
          35.7424201
        ]
      },
      "id": "node/7858131586"
    },
    {
      "type": "Feature",
      "properties": {
        "@id": "node/7863114045",
        "name": "北池袋",
        "name:en": "Kita-ikebukuro",
        "name:ja": "北池袋",
        "name:ja-Hira": "きたいけぶくろ",
        "name:ja_rm": "Kita Ikebukuro",
        "name:ko": "기타이케부쿠로",
        "name:ru": "Кита-Икебукуро",
        "network": "東武鉄道",
        "network:en": "Tobu Railway",
        "network:ja": "東武鉄道",
        "network:wikidata": "Q1321914",
        "operator": "東武鉄道",
        "public_transport": "station",
        "railway": "station",
        "ref": "TJ02",
        "train": "yes",
        "wikidata": "Q6417547",
        "wikipedia": "ja:北池袋駅"
      },
      "geometry": {
        "type": "Point",
        "coordinates": [
          139.7168198,
          35.7409856
        ]
      },
      "id": "node/7863114045"
    },
    {
      "type": "Feature",
      "properties": {
        "@id": "node/7863114049",
        "name": "下赤塚",
        "name:en": "Shimo-akatsuka",
        "name:ja": "下赤塚",
        "name:ja-Hira": "しもあかつか",
        "name:ja_rm": "Shimo Akatsuka",
        "name:ko": "시모아카쓰카",
        "name:ru": "Симо-Акацука",
        "network": "東武鉄道",
        "network:en": "Tobu Railway",
        "network:ja": "東武鉄道",
        "network:wikidata": "Q1321914",
        "operator": "東武鉄道",
        "public_transport": "station",
        "railway": "station",
        "ref": "TJ09",
        "train": "yes",
        "wheelchair": "yes",
        "wikidata": "Q7496913",
        "wikipedia": "ja:下赤塚駅"
      },
      "geometry": {
        "type": "Point",
        "coordinates": [
          139.6445735,
          35.7705809
        ]
      },
      "id": "node/7863114049"
    },
    {
      "type": "Feature",
      "properties": {
        "@id": "node/7864238163",
        "name": "成増",
        "name:en": "Narimasu",
        "name:ja": "成増",
        "name:ja-Hira": "なります",
        "name:ja_rm": "Narimasu",
        "name:ko": "나리마스",
        "network": "東武鉄道",
        "network:en": "Tobu Railway",
        "network:ja": "東武鉄道",
        "network:wikidata": "Q1321914",
        "operator": "東武鉄道",
        "public_transport": "station",
        "railway": "station",
        "ref": "TJ10",
        "train": "yes",
        "wikidata": "Q6965958"
      },
      "geometry": {
        "type": "Point",
        "coordinates": [
          139.632934,
          35.7775924
        ]
      },
      "id": "node/7864238163"
    },
    {
      "type": "Feature",
      "properties": {
        "@id": "node/7864238167",
        "name": "東武練馬",
        "name:en": "Tobu-nerima",
        "name:ja": "東武練馬",
        "name:ja-Hira": "とうぶねりま",
        "name:ja_rm": "Tōbu Nerima",
        "name:ko": "도부네리마",
        "name:ru": "Тобу-Нэрима",
        "network": "東武鉄道",
        "network:en": "Tobu Railway",
        "network:ja": "東武鉄道",
        "network:wikidata": "Q1321914",
        "operator": "東武鉄道",
        "public_transport": "station",
        "railway": "station",
        "ref": "TJ08",
        "train": "yes",
        "wikidata": "Q7862632",
        "wikipedia": "ja:東武練馬駅"
      },
      "geometry": {
        "type": "Point",
        "coordinates": [
          139.6625765,
          35.7686483
        ]
      },
      "id": "node/7864238167"
    },
    {
      "type": "Feature",
      "properties": {
        "@id": "node/7864238168",
        "name": "上板橋",
        "name:en": "Kami-itabashi",
        "name:ja": "上板橋",
        "name:ja-Hira": "かみいたばし",
        "name:ja_rm": "Kami Itabashi",
        "name:ko": "가미이타바시",
        "name:ru": "Ками-Итабаси",
        "network": "東武鉄道",
        "network:en": "Tobu Railway",
        "network:ja": "東武鉄道",
        "network:wikidata": "Q1321914",
        "operator": "東武鉄道",
        "public_transport": "station",
        "railway": "station",
        "ref": "TJ07",
        "train": "yes",
        "wikidata": "Q6357144",
        "wikipedia": "ja:上板橋駅"
      },
      "geometry": {
        "type": "Point",
        "coordinates": [
          139.6765427,
          35.763474
        ]
      },
      "id": "node/7864238168"
    },
    {
      "type": "Feature",
      "properties": {
        "@id": "node/7864238172",
        "name": "ときわ台",
        "name:en": "Tokiwadai",
        "name:ja": "ときわ台",
        "name:ja-Hira": "ときわだい",
        "name:ja_rm": "Tokiwadai",
        "name:ko": "도키와다이",
        "name:ru": "Токивадай",
        "network": "東武鉄道",
        "network:en": "Tobu Railway",
        "network:ja": "東武鉄道",
        "network:wikidata": "Q1321914",
        "operator": "東武鉄道",
        "public_transport": "station",
        "railway": "station",
        "ref": "TJ06",
        "train": "yes",
        "wikidata": "Q7813626",
        "wikipedia": "ja:ときわ台駅 (東京都)"
      },
      "geometry": {
        "type": "Point",
        "coordinates": [
          139.6885362,
          35.7589153
        ]
      },
      "id": "node/7864238172"
    },
    {
      "type": "Feature",
      "properties": {
        "@id": "node/7864238174",
        "name": "中板橋",
        "name:en": "Naka-itabashi",
        "name:ja": "中板橋",
        "name:ja-Hira": "なかいたばし",
        "name:ja_rm": "Naka Itabashi",
        "name:ko": "나카이타바시",
        "name:ru": "Нака-Итабаси",
        "network": "東武鉄道",
        "network:en": "Tobu Railway",
        "network:ja": "東武鉄道",
        "network:wikidata": "Q1321914",
        "operator": "東武鉄道",
        "public_transport": "station",
        "railway": "station",
        "ref": "TJ05",
        "train": "yes",
        "wikidata": "Q6960085",
        "wikipedia": "ja:中板橋駅"
      },
      "geometry": {
        "type": "Point",
        "coordinates": [
          139.6941829,
          35.7564001
        ]
      },
      "id": "node/7864238174"
    },
    {
      "type": "Feature",
      "properties": {
        "@id": "node/7864238179",
        "name": "大山",
        "name:en": "Oyama",
        "name:ja": "大山",
        "name:ja-Hira": "おおやま",
        "name:ja_rm": "Ōyama",
        "name:ko": "오야마",
        "name:ru": "Ояма",
        "operator": "東武鉄道",
        "public_transport": "station",
        "railway": "station",
        "ref": "TJ04",
        "url": "http://www.tobu.co.jp/station/info/7203.html",
        "wikidata": "Q8081809",
        "wikipedia": "ja:大山駅 (東京都)"
      },
      "geometry": {
        "type": "Point",
        "coordinates": [
          139.7024348,
          35.7486238
        ]
      },
      "id": "node/7864238179"
    },
    {
      "type": "Feature",
      "properties": {
        "@id": "node/7864238181",
        "name": "下板橋",
        "name:en": "Shimo-itabashi",
        "name:ja": "下板橋",
        "name:ja-Hira": "しもいたばし",
        "name:ja_rm": "Shimo Itabashi",
        "name:ko": "시모이타바시",
        "name:ru": "Симо-Итабаси",
        "network": "東武鉄道",
        "network:en": "Tobu Railway",
        "network:ja": "東武鉄道",
        "network:wikidata": "Q1321914",
        "operator": "東武鉄道",
        "public_transport": "station",
        "railway": "station",
        "ref": "TJ03",
        "train": "yes",
        "wikidata": "Q7496921",
        "wikipedia": "ja:下板橋駅"
      },
      "geometry": {
        "type": "Point",
        "coordinates": [
          139.7154787,
          35.7452488
        ]
      },
      "id": "node/7864238181"
    },
    {
      "type": "Feature",
      "properties": {
        "@id": "node/7872741440",
        "name": "初台",
        "name:en": "Hatsudai",
        "name:es": "Hatsudai",
        "name:ja": "初台",
        "name:ja-Hira": "はつだい",
        "name:ko": "하쓰다이",
        "name:ru": "Хацудай",
        "operator": "京王電鉄",
        "public_transport": "station",
        "railway": "station",
        "ref": "KO02",
        "wheelchair": "yes",
        "wikidata": "Q4496691",
        "wikipedia": "ja:初台駅"
      },
      "geometry": {
        "type": "Point",
        "coordinates": [
          139.6862442,
          35.6811565
        ]
      },
      "id": "node/7872741440"
    },
    {
      "type": "Feature",
      "properties": {
        "@id": "node/7880318769",
        "alt_name": "GMOインターネットTOWER前",
        "alt_name:ja": "GMOインターネットTOWER前",
        "light_rail": "no",
        "name": "用賀",
        "name:en": "Yoga",
        "name:ja": "用賀",
        "name:ja-Hira": "ようが",
        "name:ja-Latn": "Yōga",
        "name:ko": "요가",
        "name:ru": "Ёга",
        "network": "東急電鉄",
        "network:en": "Tokyu Railways",
        "network:ja": "東急電鉄",
        "network:wikidata": "Q80229029",
        "operator": "東急電鉄",
        "public_transport": "station",
        "railway": "station",
        "ref": "DT06",
        "source": "KSJ2",
        "train": "yes",
        "wheelchair": "yes",
        "wikidata": "Q5367233",
        "wikipedia": "ja:用賀駅",
        "wikipedia:en": "en:Yōga_Station"
      },
      "geometry": {
        "type": "Point",
        "coordinates": [
          139.6341544,
          35.6266472
        ]
      },
      "id": "node/7880318769"
    },
    {
      "type": "Feature",
      "properties": {
        "@id": "node/7880318770",
        "light_rail": "no",
        "name": "桜新町",
        "name:en": "Sakura-shimmachi",
        "name:ja": "桜新町",
        "name:ja-Hira": "さくらしんまち",
        "name:ja_rm": "Sakura-simmachi",
        "name:ko": "사쿠라신마치",
        "name:ru": "Сакура-Симмати",
        "public_transport": "station",
        "railway": "station",
        "ref": "DT05",
        "source": "KSJ2",
        "wheelchair": "yes",
        "wikidata": "Q261870",
        "wikipedia": "ja:桜新町駅"
      },
      "geometry": {
        "type": "Point",
        "coordinates": [
          139.6453688,
          35.6317241
        ]
      },
      "id": "node/7880318770"
    },
    {
      "type": "Feature",
      "properties": {
        "@id": "node/7880318771",
        "light_rail": "no",
        "name": "駒沢大学",
        "name:en": "Komazawa-daigaku",
        "name:ja": "駒沢大学",
        "name:ja-Hira": "こまざわだいがく",
        "name:ja_rm": "Komazawa daigaku",
        "name:ko": "고마자와다이가쿠",
        "name:ru": "Комадзава-Дайгаку",
        "network": "東急電鉄",
        "network:en": "Tokyu Railways",
        "network:ja": "東急電鉄",
        "network:wikidata": "Q80229029",
        "operator": "東急電鉄",
        "public_transport": "station",
        "railway": "station",
        "ref": "DT04",
        "source": "KSJ2",
        "train": "yes",
        "wheelchair": "yes",
        "wikidata": "Q6428224",
        "wikipedia": "ja:駒沢大学駅"
      },
      "geometry": {
        "type": "Point",
        "coordinates": [
          139.6611562,
          35.6331934
        ]
      },
      "id": "node/7880318771"
    },
    {
      "type": "Feature",
      "properties": {
        "@id": "node/7880318772",
        "light_rail": "no",
        "name": "三軒茶屋",
        "name:en": "Sangen-jaya",
        "name:es": "Sangen-jaya",
        "name:fr": "Sangen Jaya",
        "name:ja": "三軒茶屋",
        "name:ja-Hira": "さんげんぢゃや",
        "name:ja_rm": "Sangen-jaya",
        "name:ko": "산겐자야",
        "name:ru": "Сангэндзяя",
        "public_transport": "station",
        "railway": "station",
        "ref": "DT03",
        "source": "KSJ2",
        "wheelchair": "limited",
        "wikidata": "Q7417938",
        "wikipedia": "ja:三軒茶屋駅"
      },
      "geometry": {
        "type": "Point",
        "coordinates": [
          139.6713037,
          35.6435527
        ]
      },
      "id": "node/7880318772"
    },
    {
      "type": "Feature",
      "properties": {
        "@id": "node/7880318773",
        "light_rail": "no",
        "name": "池尻大橋",
        "name:en": "Ikejiri-ohashi",
        "name:ja": "池尻大橋",
        "name:ja-Hira": "いけじりおおはし",
        "name:ja_rm": "Ikejiri-ōhashi",
        "name:ko": "이케지리오하시",
        "name:ru": "Икэдзири-Охаси",
        "public_transport": "station",
        "railway": "station",
        "ref": "DT02",
        "source": "KSJ2",
        "wheelchair": "yes",
        "wikidata": "Q852141",
        "wikipedia": "ja:池尻大橋駅"
      },
      "geometry": {
        "type": "Point",
        "coordinates": [
          139.6847724,
          35.6507634
        ]
      },
      "id": "node/7880318773"
    },
    {
      "type": "Feature",
      "properties": {
        "@id": "node/7892696560",
        "name": "池ノ上",
        "name:en": "Ikenoue",
        "name:ja": "池ノ上",
        "name:ja-Hira": "いけのうえ",
        "name:ja_rm": "Ikenoue",
        "name:ko": "이케노우에",
        "name:ru": "Икэноуэ",
        "operator": "京王電鉄",
        "operator:ja": "京王電鉄",
        "public_transport": "station",
        "railway": "station",
        "ref": "IN04",
        "wikidata": "Q4199142",
        "wikipedia": "ja:池ノ上駅"
      },
      "geometry": {
        "type": "Point",
        "coordinates": [
          139.6729246,
          35.6605069
        ]
      },
      "id": "node/7892696560"
    },
    {
      "type": "Feature",
      "properties": {
        "@id": "node/7892696562",
        "name": "新代田",
        "name:en": "Shindaita",
        "name:ja": "新代田",
        "name:ja-Hira": "しんだいた",
        "name:ja_rm": "Shindaita",
        "name:ko": "신다이타",
        "name:ru": "Син-Дайта",
        "note": "National-Land Numerical Information (Railway) 2007, MLIT Japan",
        "operator": "京王電鉄",
        "operator:ja": "京王電鉄",
        "public_transport": "station",
        "railway": "station",
        "ref": "IN06",
        "source": "KSJ2",
        "source_ref": "http://nlftp.mlit.go.jp/ksj/jpgis/datalist/KsjTmplt-N02-v1_1.html",
        "wikidata": "Q263289",
        "wikipedia": "ja:新代田駅"
      },
      "geometry": {
        "type": "Point",
        "coordinates": [
          139.6606159,
          35.6626076
        ]
      },
      "id": "node/7892696562"
    },
    {
      "type": "Feature",
      "properties": {
        "@id": "node/7892696564",
        "name": "東松原",
        "name:en": "Higashi-matsubara",
        "name:ja": "東松原",
        "name:ja-Hira": "ひがしまつばら",
        "name:ja_rm": "Higashi Matsubara",
        "name:ko": "히가시마쓰바라",
        "name:ru": "Хигаси-Мацубара",
        "note": "National-Land Numerical Information (Railway) 2007, MLIT Japan",
        "operator": "京王電鉄",
        "operator:ja": "京王電鉄",
        "public_transport": "station",
        "railway": "station",
        "ref": "IN07",
        "source": "KSJ2",
        "source_ref": "http://nlftp.mlit.go.jp/ksj/jpgis/datalist/KsjTmplt-N02-v1_1.html",
        "wikidata": "Q4389689",
        "wikipedia": "ja:東松原駅"
      },
      "geometry": {
        "type": "Point",
        "coordinates": [
          139.6558575,
          35.6626431
        ]
      },
      "id": "node/7892696564"
    },
    {
      "type": "Feature",
      "properties": {
        "@id": "node/7892696569",
        "name": "永福町",
        "name:en": "Eifukucho",
        "name:ja": "永福町",
        "name:ja-Hira": "えいふくちょう",
        "name:ja_rm": "Eifukuchō",
        "name:ko": "에이후쿠초",
        "name:ru": "Эйфукутё",
        "operator": "京王電鉄",
        "operator:ja": "京王電鉄",
        "public_transport": "station",
        "railway": "station",
        "ref": "IN09",
        "source": "KSJ2",
        "wheelchair": "yes",
        "wikidata": "Q4389461",
        "wikipedia": "ja:永福町駅"
      },
      "geometry": {
        "type": "Point",
        "coordinates": [
          139.642645,
          35.6762576
        ]
      },
      "id": "node/7892696569"
    },
    {
      "type": "Feature",
      "properties": {
        "@id": "node/7892696570",
        "name": "西永福",
        "name:en": "Nishi-eifuku",
        "name:ja": "西永福",
        "name:ja-Hira": "にしえいふく",
        "name:ja_rm": "Nishi Eifuku",
        "name:ko": "니시에이후쿠",
        "name:ru": "Ниси-Эйфуку",
        "operator": "京王電鉄",
        "operator:ja": "京王電鉄",
        "public_transport": "station",
        "railway": "station",
        "source": "KSJ2",
        "tram": "no",
        "wheelchair": "yes",
        "wikidata": "Q31589",
        "wikipedia": "ja:西永福駅"
      },
      "geometry": {
        "type": "Point",
        "coordinates": [
          139.635535,
          35.678698
        ]
      },
      "id": "node/7892696570"
    },
    {
      "type": "Feature",
      "properties": {
        "@id": "node/7892696572",
        "name": "浜田山",
        "name:en": "Hamadayama",
        "name:ja": "浜田山",
        "name:ja-Hira": "はまだやま",
        "name:ja_rm": "Hamadayama",
        "name:ko": "하마다야마",
        "name:ru": "Хамадаяма",
        "operator": "京王電鉄",
        "operator:ja": "京王電鉄",
        "public_transport": "station",
        "railway": "station",
        "ref": "IN11",
        "source": "KSJ2",
        "wheelchair": "yes",
        "wikidata": "Q27101",
        "wikipedia": "ja:浜田山駅"
      },
      "geometry": {
        "type": "Point",
        "coordinates": [
          139.6274677,
          35.6816467
        ]
      },
      "id": "node/7892696572"
    },
    {
      "type": "Feature",
      "properties": {
        "@id": "node/7892696573",
        "name": "高井戸",
        "name:en": "Takaido",
        "name:ja": "高井戸",
        "name:ja-Hira": "たかいど",
        "name:ja_rm": "Takaido",
        "name:ko": "다카이도",
        "name:ru": "Такайдо",
        "note": "National-Land Numerical Information (Railway) 2007, MLIT Japan",
        "operator": "京王電鉄",
        "operator:ja": "京王電鉄",
        "public_transport": "station",
        "railway": "station",
        "ref": "IN12",
        "source": "KSJ2",
        "source_ref": "http://nlftp.mlit.go.jp/ksj/jpgis/datalist/KsjTmplt-N02-v1_1.html",
        "toilets:wheelchair": "yes",
        "wheelchair": "yes",
        "wikidata": "Q31309",
        "wikipedia": "ja:高井戸駅"
      },
      "geometry": {
        "type": "Point",
        "coordinates": [
          139.6149498,
          35.683248
        ]
      },
      "id": "node/7892696573"
    },
    {
      "type": "Feature",
      "properties": {
        "@id": "node/7892696574",
        "name": "富士見ヶ丘",
        "name:en": "Fujimigaoka",
        "name:ja": "富士見ヶ丘",
        "name:ja-Hira": "ふじみがおか",
        "name:ja_rm": "Fujimigaoka",
        "name:ko": "후지미가오카",
        "name:ru": "Фудзимигаока",
        "note": "National-Land Numerical Information (Railway) 2007, MLIT Japan",
        "operator": "京王電鉄",
        "operator:ja": "京王電鉄",
        "public_transport": "station",
        "railway": "station",
        "ref": "IN13",
        "source": "KSJ2",
        "source_ref": "http://nlftp.mlit.go.jp/ksj/jpgis/datalist/KsjTmplt-N02-v1_1.html",
        "toilets:wheelchair": "yes",
        "wheelchair": "yes",
        "wikidata": "Q27285",
        "wikipedia": "ja:富士見ヶ丘駅"
      },
      "geometry": {
        "type": "Point",
        "coordinates": [
          139.6076113,
          35.684671
        ]
      },
      "id": "node/7892696574"
    },
    {
      "type": "Feature",
      "properties": {
        "@id": "node/7892696575",
        "name": "久我山",
        "name:en": "Kugayama",
        "name:ja": "久我山",
        "name:ja-Hira": "くがやま",
        "name:ja_rm": "Kugayama",
        "name:ko": "구가야마",
        "operator": "京王電鉄",
        "operator:ja": "京王電鉄",
        "public_transport": "station",
        "railway": "station",
        "ref": "IN14",
        "source": "Bing,2007-03",
        "wheelchair": "yes",
        "wikidata": "Q4244277"
      },
      "geometry": {
        "type": "Point",
        "coordinates": [
          139.5996129,
          35.6879766
        ]
      },
      "id": "node/7892696575"
    },
    {
      "type": "Feature",
      "properties": {
        "@id": "node/7892857493",
        "name": "神泉",
        "name:en": "Shinsen",
        "name:ja": "神泉",
        "name:ja-Hira": "しんせん",
        "name:ja_rm": "Shinsen",
        "name:ko": "신센",
        "name:ru": "Синсэн",
        "note": "National-Land Numerical Information (Railway) 2007, MLIT Japan",
        "operator": "京王電鉄",
        "operator:ja": "京王電鉄",
        "public_transport": "station",
        "railway": "station",
        "ref": "IN02",
        "source": "KSJ2",
        "source_ref": "http://nlftp.mlit.go.jp/ksj/jpgis/datalist/KsjTmplt-N02-v1_1.html",
        "wikidata": "Q4389637",
        "wikipedia": "ja:神泉駅"
      },
      "geometry": {
        "type": "Point",
        "coordinates": [
          139.6934884,
          35.6572159
        ]
      },
      "id": "node/7892857493"
    },
    {
      "type": "Feature",
      "properties": {
        "@id": "node/7892857494",
        "name": "駒場東大前",
        "name:en": "Komaba-todaimae",
        "name:ja": "駒場東大前",
        "name:ja-Hira": "こまばとうだいまえ",
        "name:ja_rm": "Komaba todai mae",
        "name:ko": "고마바토다이마에",
        "name:ru": "Комаба-Тодаймаэ",
        "note": "National-Land Numerical Information (Railway) 2007, MLIT Japan",
        "operator": "京王電鉄",
        "operator:ja": "京王電鉄",
        "public_transport": "station",
        "railway": "station",
        "ref": "IN03",
        "source": "KSJ2",
        "source_ref": "http://nlftp.mlit.go.jp/ksj/jpgis/datalist/KsjTmplt-N02-v1_1.html",
        "wheelchair": "yes",
        "wikidata": "Q4229113",
        "wikipedia": "ja:駒場東大前駅"
      },
      "geometry": {
        "type": "Point",
        "coordinates": [
          139.6844553,
          35.6586714
        ]
      },
      "id": "node/7892857494"
    },
    {
      "type": "Feature",
      "properties": {
        "@id": "node/7894118184",
        "level": "-2",
        "name": "人形町",
        "name:en": "Ningyocho",
        "name:es": "Ningyocho",
        "name:ja": "人形町",
        "name:ko": "닌교초",
        "name:ru": "Нингётё",
        "name:zh": "人形町",
        "name:zh-Hans": "人形町",
        "network": "東京メトロ",
        "operator": "東京地下鉄",
        "operator:ja": "東京地下鉄",
        "public_transport": "station",
        "railway": "station",
        "ref": "H14",
        "station": "subway",
        "subway": "yes"
      },
      "geometry": {
        "type": "Point",
        "coordinates": [
          139.7824162,
          35.6861848
        ]
      },
      "id": "node/7894118184"
    },
    {
      "type": "Feature",
      "properties": {
        "@id": "node/7899349367",
        "light_rail": "yes",
        "name": "洗足池",
        "name:en": "Senzoku-ike",
        "name:ja": "洗足池",
        "name:ja-Hira": "せんぞくいけ",
        "name:ja_rm": "Senzoku ike",
        "name:ko": "센조쿠못",
        "network": "東急電鉄",
        "network:en": "Tokyu Railways",
        "network:ja": "東急電鉄",
        "network:wikidata": "Q80229029",
        "operator": "東急電鉄",
        "public_transport": "station",
        "railway": "station",
        "ref": "IK07",
        "station": "light_rail",
        "train": "yes",
        "wheelchair": "limited",
        "wikidata": "Q7451436",
        "wikipedia": "ja:洗足池駅"
      },
      "geometry": {
        "type": "Point",
        "coordinates": [
          139.6913023,
          35.5997965
        ]
      },
      "id": "node/7899349367"
    },
    {
      "type": "Feature",
      "properties": {
        "@id": "node/7899349368",
        "name": "長原",
        "name:en": "Nagahara",
        "name:ja": "長原",
        "name:ja-Hira": "ながはら",
        "name:ja_rm": "Nagahara",
        "name:ko": "나가하라",
        "public_transport": "station",
        "railway": "station",
        "ref": "IK06",
        "toilets:wheelchair": "yes",
        "train": "yes",
        "wheelchair": "yes",
        "wikidata": "Q6958330",
        "wikipedia": "ja:長原駅 (東京都)"
      },
      "geometry": {
        "type": "Point",
        "coordinates": [
          139.6979521,
          35.6022652
        ]
      },
      "id": "node/7899349368"
    },
    {
      "type": "Feature",
      "properties": {
        "@id": "node/7899349372",
        "contact:website": "https://www.tokyu.co.jp/area/gotanda/station/",
        "name": "五反田",
        "name:en": "Gotanda",
        "name:es": "Gotanda",
        "name:it": "Gotanda",
        "name:ja": "五反田",
        "name:ja-Hira": "ごたんだ",
        "name:ja-Latn": "Gotanda",
        "name:ko": "고탄다",
        "name:ru": "Готанда",
        "name:th": "โกทันดะ",
        "network": "東急電鉄",
        "network:en": "Tokyu Railways",
        "network:ja": "東急電鉄",
        "network:wikidata": "Q80229029",
        "operator": "東急電鉄",
        "operator:en": "Tokyu Railways",
        "operator:ja": "東急電鉄",
        "operator:wikidata": "Q80229029",
        "public_transport": "station",
        "railway": "station",
        "ref": "IK01",
        "toilets:wheelchair": "yes",
        "train": "yes",
        "wheelchair": "yes",
        "wikidata": "Q736018",
        "wikipedia": "ja:五反田駅"
      },
      "geometry": {
        "type": "Point",
        "coordinates": [
          139.7241399,
          35.6251373
        ]
      },
      "id": "node/7899349372"
    },
    {
      "type": "Feature",
      "properties": {
        "@id": "node/7899349374",
        "name": "雪が谷大塚",
        "name:en": "Yukigaya-otsuka",
        "name:ja": "雪が谷大塚",
        "name:ja-Hira": "ゆきがやおおつか",
        "name:ja_rm": "Yukigaya Ōtsuka",
        "name:ko": "유키가야오쓰카",
        "network": "東急電鉄",
        "network:en": "Tokyu Railways",
        "network:ja": "東急電鉄",
        "network:wikidata": "Q80229029",
        "operator": "東急電鉄",
        "public_transport": "station",
        "railway": "station",
        "ref": "IK09",
        "train": "yes",
        "wikidata": "Q8060692",
        "wikipedia": "ja:雪が谷大塚駅"
      },
      "geometry": {
        "type": "Point",
        "coordinates": [
          139.6810408,
          35.5919901
        ]
      },
      "id": "node/7899349374"
    },
    {
      "type": "Feature",
      "properties": {
        "@id": "node/7899349376",
        "name": "荏原中延",
        "name:en": "Ebara-nakanobu",
        "name:ja": "荏原中延",
        "name:ja-Hira": "えばらなかのぶ",
        "name:ja_rm": "Ebara-nakanobu",
        "name:ko": "에바라나카노부",
        "network": "東急電鉄",
        "network:en": "Tokyu Railways",
        "network:ja": "東急電鉄",
        "network:wikidata": "Q80229029",
        "operator": "東急電鉄",
        "phone": "03-3441-0939",
        "public_transport": "station",
        "railway": "station",
        "ref": "IK04",
        "train": "yes",
        "website": "https://www.tokyu.co.jp/railway/station/info/Pid=71.html",
        "wheelchair": "yes",
        "wikidata": "Q5331497",
        "wikipedia": "ja:荏原中延駅"
      },
      "geometry": {
        "type": "Point",
        "coordinates": [
          139.7120054,
          35.6099457
        ]
      },
      "id": "node/7899349376"
    },
    {
      "type": "Feature",
      "properties": {
        "@id": "node/7899349378",
        "name": "池上",
        "name:en": "Ikegami",
        "name:ja": "池上",
        "name:ja-Hira": "いけがみ",
        "name:ja_rm": "Ikegami",
        "name:ko": "이케가미",
        "public_transport": "station",
        "railway": "station",
        "ref": "IK13",
        "wheelchair": "yes",
        "wikidata": "Q5995781",
        "wikipedia": "ja:池上駅"
      },
      "geometry": {
        "type": "Point",
        "coordinates": [
          139.703049,
          35.5720205
        ]
      },
      "id": "node/7899349378"
    },
    {
      "type": "Feature",
      "properties": {
        "@id": "node/7899349379",
        "light_rail": "yes",
        "name": "蓮沼",
        "name:en": "Hasunuma",
        "name:ja": "蓮沼",
        "name:ja-Hira": "はすぬま",
        "name:ja_rm": "Hasunuma",
        "name:ko": "하스누마",
        "network": "東急電鉄",
        "network:en": "Tokyu Railways",
        "network:ja": "東急電鉄",
        "network:wikidata": "Q80229029",
        "operator": "東急電鉄",
        "operator:ja": "東急電鉄",
        "public_transport": "station",
        "railway": "station",
        "ref": "IK14",
        "station": "light_rail",
        "train": "yes",
        "wikidata": "Q5680732",
        "wikipedia": "ja:蓮沼駅"
      },
      "geometry": {
        "type": "Point",
        "coordinates": [
          139.70852,
          35.5642517
        ]
      },
      "id": "node/7899349379"
    },
    {
      "type": "Feature",
      "properties": {
        "@id": "node/7899349381",
        "name": "千鳥町",
        "name:en": "Chidoricho",
        "name:ja": "千鳥町",
        "name:ja-Hira": "ちどりちょう",
        "name:ja_rm": "Chidorichō",
        "name:ko": "지도리초",
        "public_transport": "station",
        "railway": "station",
        "ref": "IK12",
        "wikidata": "Q5096628",
        "wikipedia": "ja:千鳥町駅 (東京都)"
      },
      "geometry": {
        "type": "Point",
        "coordinates": [
          139.6915805,
          35.5729144
        ]
      },
      "id": "node/7899349381"
    },
    {
      "type": "Feature",
      "properties": {
        "@id": "node/7899349382",
        "light_rail": "yes",
        "name": "御嶽山",
        "name:en": "Ontakesan",
        "name:ja": "御嶽山",
        "name:ja-Hira": "おんたけさん",
        "name:ja_rm": "Ontakesan",
        "name:ko": "온타케산",
        "network": "東急電鉄",
        "network:en": "Tokyu Railways",
        "network:ja": "東急電鉄",
        "network:wikidata": "Q80229029",
        "operator": "東急電鉄",
        "operator:ja": "東急電鉄",
        "public_transport": "station",
        "railway": "station",
        "ref": "IK10",
        "station": "light_rail",
        "train": "yes",
        "wikidata": "Q7094574",
        "wikipedia": "ja:御嶽山駅"
      },
      "geometry": {
        "type": "Point",
        "coordinates": [
          139.6824718,
          35.5852523
        ]
      },
      "id": "node/7899349382"
    },
    {
      "type": "Feature",
      "properties": {
        "@id": "node/7908619801",
        "name": "白金高輪",
        "name:en": "Shirokane-takanawa",
        "name:es": "Shirokane-takanawa",
        "name:ja": "白金高輪",
        "name:ja-Hira": "しろかねたかなわ",
        "name:ja_rm": "Shirokane Takanawa",
        "name:ko": "시로카네타카나와",
        "name:ru": "Сираганэ Таканава",
        "network": "東京メトロ",
        "operator": "東京地下鉄",
        "public_transport": "station",
        "railway": "station",
        "ref": "N03",
        "station": "subway",
        "subway": "yes",
        "wheelchair": "yes",
        "wikidata": "Q112323",
        "wikipedia": "ja:白金高輪駅"
      },
      "geometry": {
        "type": "Point",
        "coordinates": [
          139.7341529,
          35.6429263
        ]
      },
      "id": "node/7908619801"
    },
    {
      "type": "Feature",
      "properties": {
        "@id": "node/7912711175",
        "name": "泉岳寺",
        "name:en": "Sengakuji",
        "name:es": "Sengakuji",
        "name:it": "Sengakuji",
        "name:ja": "泉岳寺",
        "name:ja-Hira": "せんがくじ",
        "name:ja-Latn": "Sengakuji",
        "name:ja_rm": "Sengakuji",
        "name:ko": "센가쿠지",
        "name:ru": "Сэнгакудзи",
        "operator": "京浜急行電鉄",
        "public_transport": "station",
        "railway": "station",
        "ref": "A07",
        "source": "Bing",
        "station": "subway",
        "subway": "yes",
        "wikidata": "Q905742",
        "wikipedia": "ja:泉岳寺駅"
      },
      "geometry": {
        "type": "Point",
        "coordinates": [
          139.7400118,
          35.6386825
        ]
      },
      "id": "node/7912711175"
    },
    {
      "type": "Feature",
      "properties": {
        "@id": "node/7913349582",
        "KSJ2:LIN": "押上線",
        "name": "八広",
        "name:en": "Yahiro",
        "name:ja": "八広",
        "name:ja-Hira": "やひろ",
        "name:ja_rm": "Yahiro",
        "name:ko": "야히로",
        "operator": "京成電鉄",
        "public_transport": "station",
        "railway": "station",
        "ref": "KS47",
        "source": "KSJ2",
        "source_ref": "http://nlftp.mlit.go.jp/ksj/jpgis/datalist/KsjTmplt-N02-v1_1.html",
        "wikidata": "Q8015247",
        "wikipedia": "ja:八広駅"
      },
      "geometry": {
        "type": "Point",
        "coordinates": [
          139.8282344,
          35.727185
        ]
      },
      "id": "node/7913349582"
    },
    {
      "type": "Feature",
      "properties": {
        "@id": "node/7913349583",
        "name": "四ツ木",
        "name:en": "Yotsugi",
        "name:ja": "四ツ木",
        "name:ja-Hira": "よつぎ",
        "name:ja_rm": "Yotsugi",
        "name:ko": "요쓰기",
        "operator": "京成電鉄",
        "public_transport": "station",
        "railway": "station",
        "ref": "KS48",
        "source": "KSJ2",
        "source_ref": "http://nlftp.mlit.go.jp/ksj/jpgis/datalist/KsjTmplt-N02-v1_1.html",
        "wikidata": "Q8015357",
        "wikipedia": "ja:四ツ木駅"
      },
      "geometry": {
        "type": "Point",
        "coordinates": [
          139.8348561,
          35.7317433
        ]
      },
      "id": "node/7913349583"
    },
    {
      "type": "Feature",
      "properties": {
        "@id": "node/7913349584",
        "addr:block_number": "24",
        "addr:city": "葛飾区",
        "addr:country": "JP",
        "addr:housenumber": "1",
        "addr:neighbourhood": "四丁目",
        "addr:postcode": "124-0012",
        "addr:province": "東京都",
        "addr:quarter": "立石",
        "name": "京成立石",
        "name:en": "Keisei Tateishi",
        "name:ja": "京成立石",
        "name:ja-Hira": "けいせいたていし",
        "name:ja_rm": "Keisei Tateishi",
        "name:ko": "게이세이다테이시",
        "network": "京成電鉄",
        "network:en": "Keisei Electric Railway",
        "network:ja": "京成電鉄",
        "network:wikidata": "Q83538",
        "operator": "京成電鉄",
        "phone": "+81 3 3691 0838",
        "public_transport": "station",
        "railway": "station",
        "ref": "KS49",
        "source": "KSJ2;(URL)",
        "source_ref": "http://nlftp.mlit.go.jp/ksj/jpgis/datalist/KsjTmplt-N02-v1_1.html",
        "train": "yes",
        "wikidata": "Q5366765",
        "wikipedia": "ja:京成立石駅"
      },
      "geometry": {
        "type": "Point",
        "coordinates": [
          139.8485055,
          35.7382678
        ]
      },
      "id": "node/7913349584"
    },
    {
      "type": "Feature",
      "properties": {
        "@id": "node/7921767695",
        "alt_name": "浜松町",
        "name": "大門",
        "name:en": "Daimon",
        "name:es": "Daimon",
        "name:ja": "大門",
        "name:ja-Hira": "だいもん",
        "name:ja_rm": "Daimon",
        "name:ko": "다이몬",
        "name:ru": "Даймон",
        "network": "大江戸線",
        "network:en": "Toei subway",
        "operator": "東京都交通局",
        "operator:en": "Toei",
        "operator:wikidata": "Q1377135",
        "public_transport": "station",
        "railway": "station",
        "ref": "E20",
        "station": "subway",
        "subway": "yes",
        "wikidata": "Q247129",
        "wikipedia": "ja:大門駅 (東京都)"
      },
      "geometry": {
        "type": "Point",
        "coordinates": [
          139.7553648,
          35.6567438
        ]
      },
      "id": "node/7921767695"
    },
    {
      "type": "Feature",
      "properties": {
        "@id": "node/7947512245",
        "int_name": "Nishi-koyama",
        "name": "西小山",
        "name:en": "Nishi-koyama",
        "name:ja": "西小山",
        "name:ja-Hira": "にしこやま",
        "name:ja_rm": "Nishi Koyama",
        "name:ko": "니시코야마",
        "note": "National-Land Numerical Information (Railway) 2007, MLIT Japan",
        "public_transport": "station",
        "railway": "station",
        "ref": "MG04",
        "source": "KSJ2",
        "source_ref": "http://nlftp.mlit.go.jp/ksj/jpgis/datalist/KsjTmplt-N02-v1_1.html",
        "toilets:wheelchair": "yes",
        "train": "yes",
        "wheelchair": "yes",
        "wikidata": "Q5370722",
        "wikipedia": "ja:西小山駅"
      },
      "geometry": {
        "type": "Point",
        "coordinates": [
          139.6987365,
          35.61547
        ]
      },
      "id": "node/7947512245"
    },
    {
      "type": "Feature",
      "properties": {
        "@id": "node/7966050122",
        "name": "新柴又",
        "name:en": "Shin-Shibamata",
        "name:ja": "新柴又",
        "name:ja_rm": "Shin Shibamata",
        "name:ko": "신시바마타",
        "name:ru": "Син-Сибамата",
        "operator": "北総鉄道",
        "operator:en": "Hokusō Railway",
        "operator:ja": "北総鉄道",
        "public_transport": "station",
        "railway": "station",
        "ref": "HS01",
        "wikidata": "Q5370898",
        "wikipedia": "ja:新柴又駅"
      },
      "geometry": {
        "type": "Point",
        "coordinates": [
          139.8793606,
          35.7510711
        ]
      },
      "id": "node/7966050122"
    },
    {
      "type": "Feature",
      "properties": {
        "@id": "node/7968982374",
        "name": "上井草",
        "name:en": "Kami-Igusa",
        "name:ja": "上井草",
        "name:ja-Hira": "かみいぐさ",
        "name:ja_rm": "Kami Igusa",
        "name:ko": "가미이구사",
        "public_transport": "station",
        "railway": "station",
        "ref": "SS12",
        "source": "KSJ2",
        "wikidata": "Q5973346",
        "wikipedia": "ja:上井草駅"
      },
      "geometry": {
        "type": "Point",
        "coordinates": [
          139.6030669,
          35.7252616
        ]
      },
      "id": "node/7968982374"
    },
    {
      "type": "Feature",
      "properties": {
        "@id": "node/7975048240",
        "name": "武蔵関",
        "name:en": "Musashi-Seki",
        "name:ja": "武蔵関",
        "name:ja-Hira": "むさしせき",
        "name:ja_rm": "Musashi Seki",
        "name:ko": "무사시세키",
        "network": "西武鉄道",
        "network:en": "Seibu Railway",
        "network:ja": "西武鉄道",
        "network:wikidata": "Q83543",
        "operator": "西武鉄道",
        "public_transport": "station",
        "railway": "station",
        "ref": "SS14",
        "source": "KSJ2",
        "source_ref": "http://nlftp.mlit.go.jp/ksj/jpgis/datalist/KsjTmplt-N02-v1_1.html",
        "toilets:wheelchair": "yes",
        "train": "yes",
        "wheelchair": "yes",
        "wikidata": "Q843304",
        "wikipedia": "ja:武蔵関駅"
      },
      "geometry": {
        "type": "Point",
        "coordinates": [
          139.576787,
          35.7276304
        ]
      },
      "id": "node/7975048240"
    },
    {
      "type": "Feature",
      "properties": {
        "@id": "node/7975088465",
        "name": "下井草",
        "name:en": "Shimo-Igusa",
        "name:ja": "下井草",
        "name:ja-Hira": "しもぐさ",
        "name:ja_rm": "Shimo Igusa",
        "name:ko": "시모이구사",
        "network": "西武鉄道",
        "network:en": "Seibu Railway",
        "network:ja": "西武鉄道",
        "network:wikidata": "Q83543",
        "operator": "西武鉄道",
        "platforms": "2",
        "public_transport": "station",
        "railway": "station",
        "ref": "SS10",
        "source": "KSJ2",
        "train": "yes",
        "wikidata": "Q843437",
        "wikipedia": "ja:下井草駅"
      },
      "geometry": {
        "type": "Point",
        "coordinates": [
          139.6253354,
          35.7238306
        ]
      },
      "id": "node/7975088465"
    },
    {
      "type": "Feature",
      "properties": {
        "@id": "node/7975105177",
        "name": "都立家政",
        "name:en": "Toritsu-Kasei",
        "name:ja": "都立家政",
        "name:ja-Hira": "とりつかせい",
        "name:ja_rm": "Toritsu Kasei",
        "name:ko": "도리쓰카세이",
        "network": "西武鉄道",
        "network:en": "Seibu Railway",
        "network:ja": "西武鉄道",
        "network:wikidata": "Q83543",
        "operator": "西武鉄道",
        "public_transport": "station",
        "railway": "station",
        "ref": "SS08",
        "source": "KSJ2",
        "train": "yes",
        "wikidata": "Q843447",
        "wikipedia": "ja:都立家政駅"
      },
      "geometry": {
        "type": "Point",
        "coordinates": [
          139.6446653,
          35.7224188
        ]
      },
      "id": "node/7975105177"
    },
    {
      "type": "Feature",
      "properties": {
        "@id": "node/7975130445",
        "name": "上石神井",
        "name:en": "Kami-Shakujii",
        "name:ja": "上石神井",
        "name:ja-Hira": "かみしゃくじい",
        "name:ja_rm": "Kami Shakujii",
        "name:ko": "가미샤쿠지이",
        "network": "西武鉄道",
        "network:en": "Seibu Railway",
        "network:ja": "西武鉄道",
        "network:wikidata": "Q83543",
        "operator": "西武鉄道",
        "public_transport": "station",
        "railway": "station",
        "ref": "SS13",
        "source": "KSJ2",
        "source_ref": "http://nlftp.mlit.go.jp/ksj/jpgis/datalist/KsjTmplt-N02-v1_1.html",
        "train": "yes",
        "wikidata": "Q842904",
        "wikipedia": "ja:上石神井駅"
      },
      "geometry": {
        "type": "Point",
        "coordinates": [
          139.5925257,
          35.7261749
        ]
      },
      "id": "node/7975130445"
    },
    {
      "type": "Feature",
      "properties": {
        "@id": "node/7978376605",
        "addr:block_number": "15",
        "addr:city": "中野区",
        "addr:housenumber": "2",
        "addr:neighbourhood": "鷺宮三丁目",
        "addr:postcode": "165-0032",
        "addr:province": "東京都",
        "name": "鷺ノ宮",
        "name:en": "Saginomiya",
        "name:ja": "鷺ノ宮",
        "name:ja-Hira": "さぎのみや",
        "name:ja_rm": "Saginomiya",
        "name:ko": "사기노미야",
        "network": "西武鉄道",
        "network:en": "Seibu Railway",
        "network:ja": "西武鉄道",
        "network:wikidata": "Q83543",
        "operator": "西武鉄道",
        "public_transport": "station",
        "railway": "station",
        "ref": "SS09",
        "source": "KSJ2",
        "toilets:wheelchair": "yes",
        "train": "yes",
        "website": "http://www.seibu-group.co.jp/railways/railway/ekimap/saginomiya/index.html",
        "wheelchair": "limited",
        "wheelchair:description": "南口には、エレベーターがないので、利用の際は踏切を渡り北口から上がる。（20151114）",
        "wikidata": "Q843170",
        "wikipedia": "ja:鷺ノ宮駅"
      },
      "geometry": {
        "type": "Point",
        "coordinates": [
          139.639543,
          35.7226521
        ]
      },
      "id": "node/7978376605"
    },
    {
      "type": "Feature",
      "properties": {
        "@id": "node/7992223096",
        "name": "押上〈スカイツリー前〉",
        "name:en": "Oshiage 'SKYTREE'",
        "name:es": "Oshiage 'SKYTREE'",
        "name:fr": "Oshiage (Skytree)",
        "name:ja-Hira": "おしあげ〈スカイツリーまえ〉",
        "name:ja-Latn": "Oshiage (Sukaitsurī-mae)",
        "name:ko": "오시아게(스카이트리)",
        "name:ru": "Осиагэ (Скай-три)",
        "note": "National-Land Numerical Information (Railway) 2007, MLIT Japan",
        "public_transport": "station",
        "railway": "station",
        "source": "KSJ2",
        "source_ref": "http://nlftp.mlit.go.jp/ksj/jpgis/datalist/KsjTmplt-N02-v1_1.html",
        "station": "subway",
        "subway": "yes",
        "train": "yes",
        "wheelchair": "yes",
        "wikidata": "Q80545",
        "wikimedia_commons": "Category:Oshiage Station",
        "wikipedia": "ja:押上駅"
      },
      "geometry": {
        "type": "Point",
        "coordinates": [
          139.8128217,
          35.7106337
        ]
      },
      "id": "node/7992223096"
    },
    {
      "type": "Feature",
      "properties": {
        "@id": "node/8301464115",
        "colour": "violet",
        "name": "青山一丁目",
        "name:en": "Aoyama-itchome",
        "name:es": "Aoyama-itchome",
        "name:ja": "青山一丁目",
        "name:ja-Hira": "あおやまいっちょうめ",
        "name:ja_rm": "Aoyama itchōme",
        "name:ko": "아오야마1초메",
        "name:ru": "Аояма Иттёмэ",
        "name:zh": "青山一丁目",
        "network": "都営地下鉄",
        "operator": "東京地下鉄;東京都交通局",
        "public_transport": "stop_position",
        "railway": "stop",
        "ref": "G04;Z03;E24",
        "station": "subway",
        "subway": "yes",
        "wikidata": "Q602410",
        "wikipedia": "ja:青山一丁目駅"
      },
      "geometry": {
        "type": "Point",
        "coordinates": [
          139.7239341,
          35.6726745
        ]
      },
      "id": "node/8301464115"
    },
    {
      "type": "Feature",
      "properties": {
        "@id": "node/9216207028",
        "name": "旗の台",
        "name:en": "Hatanodai",
        "name:ja": "旗の台",
        "name:ja-Hira": "はたのだい",
        "name:ja-Latn": "Hatanodai",
        "name:ko": "하타노다이",
        "network": "東急電鉄",
        "network:en": "Tokyu Railways",
        "network:ja": "東急電鉄",
        "network:wikidata": "Q80229029",
        "note": "National-Land Numerical Information (Railway) 2007, MLIT Japan",
        "public_transport": "station",
        "railway": "station",
        "ref": "IK05",
        "source": "KSJ2",
        "source_ref": "http://nlftp.mlit.go.jp/ksj/jpgis/datalist/KsjTmplt-N02-v1_1.html",
        "toilets:wheelchair": "yes",
        "train": "yes",
        "website": "https://www.tokyu.co.jp/railway/station/info/Pid=61.html",
        "wheelchair": "yes",
        "wikidata": "Q852281",
        "wikipedia": "ja:旗の台駅"
      },
      "geometry": {
        "type": "Point",
        "coordinates": [
          139.7033846,
          35.6051865
        ]
      },
      "id": "node/9216207028"
    },
    {
      "type": "Feature",
      "properties": {
        "@id": "node/9706383884",
        "monorail": "yes",
        "name": "駐車場",
        "railway": "halt",
        "station": "funicular"
      },
      "geometry": {
        "type": "Point",
        "coordinates": [
          139.8031377,
          35.7170993
        ]
      },
      "id": "node/9706383884"
    },
    {
      "type": "Feature",
      "properties": {
        "@id": "node/9706383887",
        "monorail": "yes",
        "name": "本堂",
        "railway": "halt",
        "station": "funicular"
      },
      "geometry": {
        "type": "Point",
        "coordinates": [
          139.8030384,
          35.7172147
        ]
      },
      "id": "node/9706383887"
    },
    {
      "type": "Feature",
      "properties": {
        "@id": "node/10113292369",
        "name": "永田町",
        "name:en": "Nagatacho",
        "name:es": "Nagatacho",
        "name:ja": "永田町",
        "name:ko": "나가타초",
        "public_transport": "station",
        "railway": "station",
        "station": "subway",
        "subway": "yes",
        "train": "yes"
      },
      "geometry": {
        "type": "Point",
        "coordinates": [
          139.7389145,
          35.6784518
        ]
      },
      "id": "node/10113292369"
    },
    {
      "type": "Feature",
      "properties": {
        "@id": "node/10115801078",
        "level": "1;3",
        "name": "北千住",
        "name:en": "Kita-Senju",
        "name:es": "Kita-Senju",
        "name:ja": "北千住",
        "name:ja-Hira": "きたせんじゅ",
        "name:ja-Latn": "Kita Senju",
        "name:ko": "키타센쥬",
        "name:ru": "Кита Сэндзю",
        "name:th": "คิตะเซ็นจู",
        "operator": "東武鉄道;東京地下鉄",
        "operator:en": "Tobu Railway;Tokyo Metro",
        "operator:ja": "東武鉄道;東京地下鉄",
        "operator:wikidata": "Q1321914;Q682894",
        "public_transport": "station",
        "railway": "station",
        "ref": "TS09;H22",
        "source": "KSJ2",
        "station": "subway",
        "subway": "yes",
        "toilets:wheelchair": "yes",
        "train": "yes",
        "transport": "subway",
        "wheelchair": "yes",
        "wikidata": "Q801026",
        "wikipedia": "ja:北千住駅"
      },
      "geometry": {
        "type": "Point",
        "coordinates": [
          139.8054115,
          35.7495017
        ]
      },
      "id": "node/10115801078"
    },
    {
      "type": "Feature",
      "properties": {
        "@id": "node/11047386279",
        "name": "永田町",
        "name:en": "Nagatacho",
        "name:es": "Nagatacho",
        "name:ja": "永田町",
        "name:ko": "나가타초",
        "public_transport": "station",
        "railway": "station",
        "station": "subway",
        "subway": "yes",
        "train": "yes"
      },
      "geometry": {
        "type": "Point",
        "coordinates": [
          139.7391968,
          35.6785619
        ]
      },
      "id": "node/11047386279"
    },
    {
      "type": "Feature",
      "properties": {
        "@id": "node/11329319855",
        "highspeed": "yes",
        "name": "東京",
        "name:en": "Tokyo",
        "name:ja": "東京",
        "name:ko": "도쿄",
        "name:zh": "東京",
        "name:zh-Hans": "东京",
        "name:zh-Hant": "東京",
        "note": "This station is for JRC operated high speed train (新幹線 or shinkansen), such as tokaido shinkansen line",
        "operator": "東海旅客鉄道",
        "operator:en": "Central Japan Railway Company",
        "public_transport": "station",
        "railway": "station"
      },
      "geometry": {
        "type": "Point",
        "coordinates": [
          139.7679859,
          35.6809626
        ]
      },
      "id": "node/11329319855"
    },
    {
      "type": "Feature",
      "properties": {
        "@id": "node/12346011982",
        "monorail": "yes",
        "name": "寺務所",
        "railway": "halt",
        "station": "funicular"
      },
      "geometry": {
        "type": "Point",
        "coordinates": [
          139.8030606,
          35.7171649
        ]
      },
      "id": "node/12346011982"
    },
    {
      "type": "Feature",
      "properties": {
        "@id": "node/12628416139",
        "local_ref": "1",
        "monorail": "yes",
        "name": "昭和島",
        "name:en": "Showajima",
        "name:es": "Showajima",
        "name:ja": "昭和島",
        "name:ko": "쇼와지마",
        "operator": "東京モノレール",
        "public_transport": "stop_position",
        "railway": "stop",
        "ref": "MO05"
      },
      "geometry": {
        "type": "Point",
        "coordinates": [
          139.7500681,
          35.5707693
        ]
      },
      "id": "node/12628416139"
    },
    {
      "type": "Feature",
      "properties": {
        "@id": "node/12628416140",
        "local_ref": "4",
        "monorail": "yes",
        "name": "昭和島",
        "name:en": "Showajima",
        "name:es": "Showajima",
        "name:ja": "昭和島",
        "name:ko": "쇼와지마",
        "operator": "東京モノレール",
        "public_transport": "stop_position",
        "railway": "stop",
        "ref": "MO05"
      },
      "geometry": {
        "type": "Point",
        "coordinates": [
          139.7498676,
          35.5706853
        ]
      },
      "id": "node/12628416140"
    }
  ]
}