name,date,whether
南白亀川,2026-10-05,{"hourly":[{"weather":[[1.14,19.07,0,0,5.95,null,null],[1.73,18.56,0,0.37,6.85,null,null],[1.27,18.6,0.15,0.37,8.08,null,null],[8.93,18.68,1.75,0.32,8.1,null,null],[1.57,19.9,4.9,1.46,8.11,null,null],[1,22.45,7.67,7.4,9.38,null,null],[1.85,23.51,7.71,16.43,9.5,null,null],[2.14,23.35,5.42,24.6,8.33,null,null],[1.88,22.74,2.48,20.21,7.73,null,null],[1.71,21.89,0.99,5.04,6.57,null,null],[1.12,21.43,1.14,0.12,6,null,null],[1.71,21.2,2.88,1.56,6.46,null,null]],"oneday":{"avg":null,"sunrise":null,"sunset":null},"tide":[null,null,null,null,null,null,null,null,null,null,null,null,null,null,null,null,null,null,null,null,null,null,null,null]},{"weather":[[1.98,20.91,3.02,6.22,7.01,null,null],[1.85,20.65,1.68,3.36,7.11,null,null],[1.85,20.71,1.94,1.21,7.1,null,null],[1.27,20.75,2.66,1.68,7.61,null,null],[1.27,22.38,3.66,4.05,8.03,null,null],[9.79,23.1,5.22,6.04,8.38,null,null],[2.57,23.67,5.33,6.66,10.06,null,null],[1.14,24.28,3.58,4.29,11.79,null,null],[1.14,23.54,1.79,1.8,11.18,null,null],[1,22.62,0.69,0.25,10.4,null,null],[0.73,22.11,0.54,0,11.11,null,null],[0.85,21.23,0.56,0.59,9.98,null,null]],"oneday":{"avg":null,"sunrise":null,"sunset":null},"tide":[null,null,null,null,null,null,null,null,null,null,null,null,null,null,null,null,null,null,null,null,null,null,null,null]},{"weather":[[1,20.39,0.29,1.18,7.7,null,null],[0.86,19.61,0,0.84,7.45,null,null],[1.15,19.09,0.58,0.74,7.18,null,null],[1.71,18.66,0.73,2.42,7.08,null,null],[1.12,19.84,0.59,2.17,6.33,null,null],[0.99,21.39,0.29,1.21,4.6,null,null],[0.54,22.99,0.27,0.5,2.77,null,null],[0,22.53,0,0.37,4.18,null,null],[0.54,20.6,0,0.25,5.14,null,null],[0,17.93,0.15,0.25,3.61,null,null],[0.15,17.39,0.59,0,5.18,null,null],[0.96,17.33,0.88,0.84,6.01,null,null]],"oneday":{"avg":null,"sunrise":null,"sunset":null},"tide":[null,null,null,null,null,null,null,null,null,null,null,null,null,null,null,null,null,null,null,null,null,null,null,null]}],"daily":[{"weather":[2.86,22.52],"tide":[null,null,null,null,null,null,null,null,null,null,null,null,null,null,null,null,null,null,null,null,null,null,null,null],"dailyEx":{"avg":null,"wave":null,"sunrise":null,"sunset":null}},{"weather":[0.15,22.88],"tide":[null,null,null,null,null,null,null,null,null,null,null,null,null,null,null,null,null,null,null,null,null,null,null,null],"dailyEx":{"avg":null,"wave":null,"sunrise":null,"sunset":null}},{"weather":[7.49,23.11],"tide":[null,null,null,null,null,null,null,null,null,null,null,null,null,null,null,null,null,null,null,null,null,null,null,null],"dailyEx":{"avg":null,"wave":null,"sunrise":null,"sunset":null}},{"weather":[1.3,22.63],"tide":[null,null,null,null,null,null,null,null,null,null,null,null,null,null,null,null,null,null,null,null,null,null,null,null],"dailyEx":{"avg":null,"wave":null,"sunrise":null,"sunset":null}},{"weather":[1,22.31],"tide":[null,null,null,null,null,null,null,null,null,null,null,null,null,null,null,null,null,null,null,null,null,null,null,null],"dailyEx":{"avg":null,"wave":null,"sunrise":null,"sunset":null}}]}
大戸周辺水路,2026-10-05,{"hourly":[{"weather":[[1.73,19.94,0,0,4.85,null,null],[1.78,19.66,0,0,6.05,null,null],[2.03,19.69,0,0,6.88,null,null],[4.75,19.81,1.54,0.02,7.47,null,null],[1.74,20.7,6.16,1.15,7.53,null,null],[24.66,21.66,8.21,4.52,8.11,null,null],[2,22.51,6.67,9.03,7.9,null,null],[2.04,22.38,3.08,12.53,7.23,null,null],[2,22.1,2.05,10,6.64,null,null],[1.27,21.56,2.05,2.48,5.74,null,null],[1,21.29,2.05,0.66,5.4,null,null],[1.49,21.18,3.59,1.63,5.51,null,null]],"oneday":{"avg":null,"sunrise":null,"sunset":null},"tide":[null,null,null,null,null,null,null,null,null,null,null,null,null,null,null,null,null,null,null,null,null,null,null,null]},{"weather":[[1.53,20.97,4.11,3.89,5.72,null,null],[1.78,20.74,4.11,1.95,5.58,null,null],[2,20.8,5.65,0.49,5.48,null,null],[2.03,20.97,6.67,0.97,5.87,null,null],[2.03,22.22,8.21,2.26,6.58,null,null],[5.24,22.79,11.29,3.31,6.72,null,null],[2.49,23.14,12.83,3.54,8.14,null,null],[1.51,23.49,11.29,2.48,9.88,null,null],[1.04,23.3,5.65,1.19,9.67,null,null],[1,22.45,2.05,0.44,9.62,null,null],[1,21.82,2.05,0.22,9.67,null,null],[1.69,21.06,1.54,0.27,8.73,null,null]],"oneday":{"avg":null,"sunrise":null,"sunset":null},"tide":[null,null,null,null,null,null,null,null,null,null,null,null,null,null,null,null,null,null,null,null,null,null,null,null]},{"weather":[[1,20.37,0.51,0.53,6.92,null,null],[0.49,19.56,0,0.27,6.29,null,null],[0.78,18.95,0.51,0,5.8,null,null],[1.05,18.34,0.51,0.53,5.05,null,null],[0.31,20.04,0,0.53,5.17,null,null],[0.27,21.77,0.51,0.27,3.92,null,null],[0,23.08,1.03,0,3.02,null,null],[0,22.74,0,0.66,3.52,null,null],[11.25,20.33,0.02,1.1,3.87,null,null],[0,18.27,0,1.32,2.29,null,null],[0,17.96,0,1.32,5.16,null,null],[0.49,17.4,0.51,1.59,4.83,null,null]],"oneday":{"avg":null,"sunrise":null,"sunset":null},"tide":[null,null,null,null,null,null,null,null,null,null,null,null,null,null,null,null,null,null,null,null,null,null,null,null]}],"daily":[{"weather":[2.02,22.47],"tide":[null,null,null,null,null,null,null,null,null,null,null,null,null,null,null,null,null,null,null,null,null,null,null,null],"dailyEx":{"avg":null,"wave":null,"sunrise":null,"sunset":null}},{"weather":[0.69,21.77],"tide":[null,null,null,null,null,null,null,null,null,null,null,null,null,null,null,null,null,null,null,null,null,null,null,null],"dailyEx":{"avg":null,"wave":null,"sunrise":null,"sunset":null}},{"weather":[1.19,22.19],"tide":[null,null,null,null,null,null,null,null,null,null,null,null,null,null,null,null,null,null,null,null,null,null,null,null],"dailyEx":{"avg":null,"wave":null,"sunrise":null,"sunset":null}},{"weather":[24.52,22.14],"tide":[null,null,null,null,null,null,null,null,null,null,null,null,null,null,null,null,null,null,null,null,null,null,null,null],"dailyEx":{"avg":null,"wave":null,"sunrise":null,"sunset":null}},{"weather":[1.44,21.3],"tide":[null,null,null,null,null,null,null,null,null,null,null,null,null,null,null,null,null,null,null,null,null,null,null,null],"dailyEx":{"avg":null,"wave":null,"sunrise":null,"sunset":null}}]}
大網駅周辺,2026-10-05,{"hourly":[{"weather":[[1.11,18.92,0,0,6.28,null,null],[1.82,18.36,0,0.25,7.29,null,null],[1.21,18.39,0.1,0.25,8.59,null,null],[7.38,18.46,1.2,0.22,8.66,null,null],[1.7,19.73,3.43,1.29,8.62,null,null],[1,22.39,5.33,8.12,10.2,null,null],[1.9,23.5,5.31,18.61,10.28,null,null],[2.11,23.33,3.69,26.92,8.84,null,null],[1.92,22.7,1.7,21.76,8.24,null,null],[1.8,21.81,0.72,5.27,6.84,null,null],[1.08,21.35,0.82,0.08,6.19,null,null],[1.8,21.12,2.02,1.67,6.65,null,null]],"oneday":{"avg":null,"sunrise":null,"sunset":null},"tide":[null,null,null,null,null,null,null,null,null,null,null,null,null,null,null,null,null,null,null,null,null,null,null,null]},{"weather":[[1.98,20.83,2.13,6.7,7.3,null,null],[1.9,20.56,1.24,3.51,7.31,null,null],[1.9,20.6,1.46,1.12,7.3,null,null],[1.21,20.6,1.96,1.76,7.87,null,null],[1.21,22.29,2.67,4.61,8.28,null,null],[8.27,23.09,3.8,6.91,8.73,null,null],[2.7,23.67,3.92,7.63,10.54,null,null],[1.11,24.29,2.71,4.78,12.38,null,null],[1.11,23.55,1.36,1.84,11.64,null,null],[1,22.58,0.52,0.16,10.65,null,null],[0.82,22.08,0.42,0,11.53,null,null],[0.9,21.2,0.42,0.71,10.4,null,null]],"oneday":{"avg":null,"sunrise":null,"sunset":null},"tide":[null,null,null,null,null,null,null,null,null,null,null,null,null,null,null,null,null,null,null,null,null,null,null,null]},{"weather":[[1,20.31,0.2,1.43,7.73,null,null],[0.89,19.47,0,0.88,7.46,null,null],[1.1,18.93,0.4,0.49,7.27,null,null],[1.8,18.48,0.5,2.25,7.19,null,null],[1.08,19.75,0.39,2.08,6.51,null,null],[0.98,21.46,0.2,1.12,4.75,null,null],[0.36,23.2,0.21,0.33,2.78,null,null],[0,22.67,0,0.25,4.4,null,null],[0.36,20.68,0,0.16,5.46,null,null],[0,17.87,0.1,0.16,3.61,null,null],[0.1,17.23,0.39,0,5.31,null,null],[0.96,17.06,0.6,0.88,6.09,null,null]],"oneday":{"avg":null,"sunrise":null,"sunset":null},"tide":[null,null,null,null,null,null,null,null,null,null,null,null,null,null,null,null,null,null,null,null,null,null,null,null]}],"daily":[{"weather":[2.89,22.54],"tide":[null,null,null,null,null,null,null,null,null,null,null,null,null,null,null,null,null,null,null,null,null,null,null,null],"dailyEx":{"avg":null,"wave":null,"sunrise":null,"sunset":null}},{"weather":[0.1,23.05],"tide":[null,null,null,null,null,null,null,null,null,null,null,null,null,null,null,null,null,null,null,null,null,null,null,null],"dailyEx":{"avg":null,"wave":null,"sunrise":null,"sunset":null}},{"weather":[5.6,23.18],"tide":[null,null,null,null,null,null,null,null,null,null,null,null,null,null,null,null,null,null,null,null,null,null,null,null],"dailyEx":{"avg":null,"wave":null,"sunrise":null,"sunset":null}},{"weather":[1.23,22.62],"tide":[null,null,null,null,null,null,null,null,null,null,null,null,null,null,null,null,null,null,null,null,null,null,null,null],"dailyEx":{"avg":null,"wave":null,"sunrise":null,"sunset":null}},{"weather":[1,22.32],"tide":[null,null,null,null,null,null,null,null,null,null,null,null,null,null,null,null,null,null,null,null,null,null,null,null],"dailyEx":{"avg":null,"wave":null,"sunrise":null,"sunset":null}}]}
黒部川周辺水路,2026-10-05,{"hourly":[{"weather":[[1.81,21.33,0,0,4.47,null,null],[1.94,21.16,0,0,5.61,null,null],[2.51,21.24,0,0,6.25,null,null],[14.89,21.21,2.27,0.12,6.81,null,null],[1.7,21.77,9.07,0.42,7.13,null,null],[26.72,22.26,12.09,2.43,7.51,null,null],[2,22.72,9.83,5.17,7.25,null,null],[2.24,22.6,4.53,7.13,6.77,null,null],[2,22.4,3.02,5.66,6.28,null,null],[1.19,22.06,3.02,1.35,5.82,null,null],[1,21.93,3.02,0.17,5.43,null,null],[1.24,21.77,5.29,0.66,5.82,null,null]],"oneday":{"avg":null,"sunrise":null,"sunset":null},"tide":[null,null,null,null,null,null,null,null,null,null,null,null,null,null,null,null,null,null,null,null,null,null,null,null]},{"weather":[[1.49,21.52,6.05,1.95,5.82,null,null],[1.94,21.3,6.05,0.98,5.96,null,null],[2,21.42,8.31,0.24,5.71,null,null],[2.51,21.65,9.83,0.49,6.3,null,null],[2.51,22.38,12.09,1.29,6.84,null,null],[15.13,22.62,16.63,2.08,7.53,null,null],[2.24,22.89,18.89,2.09,8.86,null,null],[1.76,23.01,16.63,1.35,10.43,null,null],[1.24,22.95,8.31,0.55,10.6,null,null],[1,22.52,3.02,0.12,10.7,null,null],[1,22.08,3.02,0.06,10.34,null,null],[1.57,21.43,2.27,0.19,9.49,null,null]],"oneday":{"avg":null,"sunrise":null,"sunset":null},"tide":[null,null,null,null,null,null,null,null,null,null,null,null,null,null,null,null,null,null,null,null,null,null,null,null]},{"weather":[[1,20.87,0.76,0.37,7.81,null,null],[0.24,20.16,0,0.19,6.67,null,null],[0.94,19.63,0.76,0,6.01,null,null],[1.13,19.27,0.76,0.37,5.53,null,null],[0.43,20.5,0,0.37,5.01,null,null],[0.19,21.76,0.76,0.19,3.72,null,null],[0,22.69,1.51,0,2.68,null,null],[0,22.35,0,0.17,3.28,null,null],[2.95,20.07,0.01,0.29,3.12,null,null],[0,18.56,0,0.35,1.7,null,null],[0,18.74,0,0.35,3.86,null,null],[0.24,18.31,0.76,0.53,4.72,null,null]],"oneday":{"avg":null,"sunrise":null,"sunset":null},"tide":[null,null,null,null,null,null,null,null,null,null,null,null,null,null,null,null,null,null,null,null,null,null,null,null]}],"daily":[{"weather":[1.73,22.52],"tide":[null,null,null,null,null,null,null,null,null,null,null,null,null,null,null,null,null,null,null,null,null,null,null,null],"dailyEx":{"avg":null,"wave":null,"sunrise":null,"sunset":null}},{"weather":[0.57,21.39],"tide":[null,null,null,null,null,null,null,null,null,null,null,null,null,null,null,null,null,null,null,null,null,null,null,null],"dailyEx":{"avg":null,"wave":null,"sunrise":null,"sunset":null}},{"weather":[0.55,22.11],"tide":[null,null,null,null,null,null,null,null,null,null,null,null,null,null,null,null,null,null,null,null,null,null,null,null],"dailyEx":{"avg":null,"wave":null,"sunrise":null,"sunset":null}},{"weather":[27.14,22.14],"tide":[null,null,null,null,null,null,null,null,null,null,null,null,null,null,null,null,null,null,null,null,null,null,null,null],"dailyEx":{"avg":null,"wave":null,"sunrise":null,"sunset":null}},{"weather":[1.12,21.21],"tide":[null,null,null,null,null,null,null,null,null,null,null,null,null,null,null,null,null,null,null,null,null,null,null,null],"dailyEx":{"avg":null,"wave":null,"sunrise":null,"sunset":null}}]}
神崎水路,2026-10-05,{"hourly":[{"weather":[[1.68,19.25,0,0,5.19,null,null],[1.7,18.91,0,0,6.35,null,null],[1.76,18.94,0,0,7.2,null,null],[2.38,19.12,1.14,0,7.75,null,null],[1.7,20.17,4.56,1.54,7.71,null,null],[20.29,21.42,6.07,5.67,8.36,null,null],[2,22.44,4.94,11.21,8.26,null,null],[2,22.31,2.28,15.57,7.57,null,null],[2,21.99,1.52,12.45,6.9,null,null],[1.32,21.33,1.52,3.11,5.8,null,null],[1,20.99,1.52,0.92,5.47,null,null],[1.62,20.89,2.66,2.16,5.5,null,null]],"oneday":{"avg":null,"sunrise":null,"sunset":null},"tide":[null,null,null,null,null,null,null,null,null,null,null,null,null,null,null,null,null,null,null,null,null,null,null,null]},{"weather":[[1.62,20.71,3.04,4.96,5.84,null,null],[1.7,20.48,3.04,2.48,5.61,null,null],[2,20.5,4.18,0.62,5.58,null,null],[1.76,20.62,4.94,1.24,5.84,null,null],[1.76,22.13,6.07,2.81,6.63,null,null],[3,22.87,8.35,4.06,6.5,null,null],[2.62,23.28,9.49,4.37,8,null,null],[1.38,23.77,8.35,3.11,9.85,null,null],[1,23.5,4.18,1.54,9.48,null,null],[1,22.43,1.52,0.61,9.38,null,null],[1,21.7,1.52,0.3,9.66,null,null],[1.68,20.89,1.14,0.32,8.6,null,null]],"oneday":{"avg":null,"sunrise":null,"sunset":null},"tide":[null,null,null,null,null,null,null,null,null,null,null,null,null,null,null,null,null,null,null,null,null,null,null,null]},{"weather":[[1,20.14,0.38,0.63,6.77,null,null],[0.62,19.3,0,0.32,6.38,null,null],[0.7,18.67,0.38,0,5.94,null,null],[1.01,17.9,0.38,0.63,5.04,null,null],[0.32,19.76,0,0.63,5.4,null,null],[0.32,21.71,0.38,0.32,4.11,null,null],[0,23.23,0.76,0,3.24,null,null],[0,22.89,0,0.92,3.72,null,null],[15.61,20.48,0.03,1.53,4.26,null,null],[0,18.12,0,1.84,2.66,null,null],[0,17.54,0,1.84,5.87,null,null],[0.62,16.92,0.38,2.15,5,null,null]],"oneday":{"avg":null,"sunrise":null,"sunset":null},"tide":[null,null,null,null,null,null,null,null,null,null,null,null,null,null,null,null,null,null,null,null,null,null,null,null]}],"daily":[{"weather":[2.24,22.38],"tide":[null,null,null,null,null,null,null,null,null,null,null,null,null,null,null,null,null,null,null,null,null,null,null,null],"dailyEx":{"avg":null,"wave":null,"sunrise":null,"sunset":null}},{"weather":[0.68,21.98],"tide":[null,null,null,null,null,null,null,null,null,null,null,null,null,null,null,null,null,null,null,null,null,null,null,null],"dailyEx":{"avg":null,"wave":null,"sunrise":null,"sunset":null}},{"weather":[1.54,22.24],"tide":[null,null,null,null,null,null,null,null,null,null,null,null,null,null,null,null,null,null,null,null,null,null,null,null],"dailyEx":{"avg":null,"wave":null,"sunrise":null,"sunset":null}},{"weather":[19.98,22.18],"tide":[null,null,null,null,null,null,null,null,null,null,null,null,null,null,null,null,null,null,null,null,null,null,null,null],"dailyEx":{"avg":null,"wave":null,"sunrise":null,"sunset":null}},{"weather":[1.61,21.37],"tide":[null,null,null,null,null,null,null,null,null,null,null,null,null,null,null,null,null,null,null,null,null,null,null,null],"dailyEx":{"avg":null,"wave":null,"sunrise":null,"sunset":null}}]}
釣パラダイス,2026-10-05,{"hourly":[{"weather":[[1.19,18.54,0,0,6.76,null,null],[1.87,17.93,0,0,7.88,null,null],[1.13,17.94,0,0,9.08,null,null],[5.27,18.03,0.2,0.03,9.26,null,null],[1.87,19.34,0.78,1.44,9.24,null,null],[1.06,21.99,1.05,9.46,11.01,null,null],[2,23.24,0.85,21.41,11.01,null,null],[2.06,23.14,0.39,29.32,9.39,null,null],[2,22.55,0.26,23.28,8.69,null,null],[1.87,21.58,0.26,5.84,6.93,null,null],[1,21.09,0.26,0.74,6.26,null,null],[1.94,20.89,0.46,2.43,6.71,null,null]],"oneday":{"avg":null,"sunrise":null,"sunset":null},"tide":[null,null,null,null,null,null,null,null,null,null,null,null,null,null,null,null,null,null,null,null,null,null,null,null]},{"weather":[[1.94,20.63,0.52,7.48,7.53,null,null],[1.87,20.34,0.52,3.8,7.42,null,null],[1.94,20.28,0.72,1.12,7.27,null,null],[1.07,20.2,0.85,1.99,7.96,null,null],[1.13,22.03,1.05,5.29,8.36,null,null],[6.14,23.14,1.44,7.89,8.91,null,null],[2.94,23.78,1.63,8.84,10.79,null,null],[1.06,24.48,1.44,5.54,12.79,null,null],[1.13,23.81,0.72,2.18,11.8,null,null],[1.06,22.62,0.26,0.5,10.81,null,null],[1,21.96,0.26,0.19,11.8,null,null],[1.06,21.04,0.2,0.81,10.73,null,null]],"oneday":{"avg":null,"sunrise":null,"sunset":null},"tide":[null,null,null,null,null,null,null,null,null,null,null,null,null,null,null,null,null,null,null,null,null,null,null,null]},{"weather":[[0.94,20.12,0.06,1.62,7.87,null,null],[0.87,19.2,0,0.81,7.69,null,null],[0.87,18.62,0.06,0,7.6,null,null],[1.68,18.03,0.06,1.62,7.26,null,null],[0.87,19.57,0,1.62,7.06,null,null],[0.81,21.63,0.06,0.81,5.42,null,null],[0,23.63,0.13,0,3.49,null,null],[0,23.07,0,0.19,4.93,null,null],[3.3,20.94,0.01,0.32,6.14,null,null],[0.12,17.87,0,0.39,3.59,null,null],[0,17.03,0,0.81,5.7,null,null],[0.87,16.53,0.06,1.93,6.16,null,null]],"oneday":{"avg":null,"sunrise":null,"sunset":null},"tide":[null,null,null,null,null,null,null,null,null,null,null,null,null,null,null,null,null,null,null,null,null,null,null,null]}],"daily":[{"weather":[2.94,22.5],"tide":[null,null,null,null,null,null,null,null,null,null,null,null,null,null,null,null,null,null,null,null,null,null,null,null],"dailyEx":{"avg":null,"wave":null,"sunrise":null,"sunset":null}},{"weather":[0.06,23.19],"tide":[null,null,null,null,null,null,null,null,null,null,null,null,null,null,null,null,null,null,null,null,null,null,null,null],"dailyEx":{"avg":null,"wave":null,"sunrise":null,"sunset":null}},{"weather":[1.99,23.19],"tide":[null,null,null,null,null,null,null,null,null,null,null,null,null,null,null,null,null,null,null,null,null,null,null,null],"dailyEx":{"avg":null,"wave":null,"sunrise":null,"sunset":null}},{"weather":[1.07,22.64],"tide":[null,null,null,null,null,null,null,null,null,null,null,null,null,null,null,null,null,null,null,null,null,null,null,null],"dailyEx":{"avg":null,"wave":null,"sunrise":null,"sunset":null}},{"weather":[1.13,22.3],"tide":[null,null,null,null,null,null,null,null,null,null,null,null,null,null,null,null,null,null,null,null,null,null,null,null],"dailyEx":{"avg":null,"wave":null,"sunrise":null,"sunset":null}}]}
フィッシングクラブジョイバレー,2026-10-05,{"hourly":[{"weather":[[1.44,19.15,0,0,6.31,null,null],[1.8,18.73,0,0,7.25,null,null],[1.48,18.82,0,0,7.94,null,null],[14.19,18.91,0.72,0.12,8.19,null,null],[1.56,19.99,2.87,1.38,8.29,null,null],[1.2,22.02,3.83,7.2,9.33,null,null],[2,22.97,3.11,15.8,9.55,null,null],[2.24,22.82,1.44,21.84,8.78,null,null],[2,22.39,0.96,17.33,7.99,null,null],[1.56,21.58,0.96,4.16,6.71,null,null],[1,21.18,0.96,0.61,6.17,null,null],[1.76,21,1.67,2.13,6.56,null,null]],"oneday":{"avg":null,"sunrise":null,"sunset":null},"tide":[null,null,null,null,null,null,null,null,null,null,null,null,null,null,null,null,null,null,null,null,null,null,null,null]},{"weather":[[2,20.8,1.91,6.09,7.2,null,null],[1.8,20.55,1.91,3.04,7.2,null,null],[2,20.53,2.63,0.76,7.11,null,null],[1.48,20.52,3.11,1.52,7.46,null,null],[1.48,22.11,3.83,3.95,8.05,null,null],[14.95,22.93,5.26,5.99,8.24,null,null],[2.76,23.46,5.98,6.38,10.06,null,null],[1.24,24.03,5.26,4.16,12.08,null,null],[1.24,23.59,2.63,1.72,11.64,null,null],[1,22.55,0.96,0.41,11.2,null,null],[1,21.87,0.96,0.2,11.88,null,null],[1.2,21.05,0.72,0.56,10.52,null,null]],"oneday":{"avg":null,"sunrise":null,"sunset":null},"tide":[null,null,null,null,null,null,null,null,null,null,null,null,null,null,null,null,null,null,null,null,null,null,null,null]},{"weather":[[1,20.25,0.24,1.11,8.36,null,null],[0.76,19.48,0,0.56,7.82,null,null],[0.8,18.93,0.24,0,7.37,null,null],[1.35,18.17,0.24,1.11,6.8,null,null],[0.8,19.58,0,1.11,6.48,null,null],[0.56,21.4,0.24,0.56,4.72,null,null],[0,23.16,0.48,0,3.25,null,null],[0,22.72,0,0.61,4.32,null,null],[10.43,20.64,0.02,1.02,4.88,null,null],[0,17.99,0,1.23,3.23,null,null],[0,17.28,0,1.23,5.88,null,null],[0.76,16.81,0.24,1.78,5.81,null,null]],"oneday":{"avg":null,"sunrise":null,"sunset":null},"tide":[null,null,null,null,null,null,null,null,null,null,null,null,null,null,null,null,null,null,null,null,null,null,null,null]}],"daily":[{"weather":[2.76,22.21],"tide":[null,null,null,null,null,null,null,null,null,null,null,null,null,null,null,null,null,null,null,null,null,null,null,null],"dailyEx":{"avg":null,"wave":null,"sunrise":null,"sunset":null}},{"weather":[0.2,22.55],"tide":[null,null,null,null,null,null,null,null,null,null,null,null,null,null,null,null,null,null,null,null,null,null,null,null],"dailyEx":{"avg":null,"wave":null,"sunrise":null,"sunset":null}},{"weather":[1.72,22.67],"tide":[null,null,null,null,null,null,null,null,null,null,null,null,null,null,null,null,null,null,null,null,null,null,null,null],"dailyEx":{"avg":null,"wave":null,"sunrise":null,"sunset":null}},{"weather":[1.48,22.5],"tide":[null,null,null,null,null,null,null,null,null,null,null,null,null,null,null,null,null,null,null,null,null,null,null,null],"dailyEx":{"avg":null,"wave":null,"sunrise":null,"sunset":null}},{"weather":[1.41,21.76],"tide":[null,null,null,null,null,null,null,null,null,null,null,null,null,null,null,null,null,null,null,null,null,null,null,null],"dailyEx":{"avg":null,"wave":null,"sunrise":null,"sunset":null}}]}
長熊釣堀センター,2026-10-05,{"hourly":[{"weather":[[1.66,20.95,0,0,5.46,null,null],[1.94,20.72,0,0,6.36,null,null],[2.2,20.86,0,0,6.75,null,null],[24.63,20.79,1.8,0.22,7.06,null,null],[1.5,21.42,7.19,0.58,7.48,null,null],[8.99,22.56,9.59,3.92,8.03,null,null],[2,23.03,7.79,8.91,8.11,null,null],[2.44,22.89,3.59,12.29,7.76,null,null],[2,22.62,2.4,9.72,7.09,null,null],[1.34,22.12,2.4,2.29,6.48,null,null],[1,21.91,2.4,0.18,5.96,null,null],[1.4,21.7,4.19,0.98,6.58,null,null]],"oneday":{"avg":null,"sunrise":null,"sunset":null},"tide":[null,null,null,null,null,null,null,null,null,null,null,null,null,null,null,null,null,null,null,null,null,null,null,null]},{"weather":[[1.84,21.47,4.8,3.2,6.87,null,null],[1.94,21.23,4.8,1.6,7.17,null,null],[2,21.3,6.59,0.4,6.9,null,null],[2.2,21.41,7.79,0.8,7.42,null,null],[2.2,22.31,9.59,2.23,7.89,null,null],[25.03,22.69,13.18,3.62,8.6,null,null],[2.4,23.09,14.98,3.66,10.19,null,null],[1.6,23.32,13.18,2.29,11.95,null,null],[1.44,23.14,6.59,0.86,12.07,null,null],[1,22.61,2.4,0.12,12.03,null,null],[1,22.13,2.4,0.06,12.03,null,null],[1.22,21.45,1.8,0.34,10.83,null,null]],"oneday":{"avg":null,"sunrise":null,"sunset":null},"tide":[null,null,null,null,null,null,null,null,null,null,null,null,null,null,null,null,null,null,null,null,null,null,null,null]},{"weather":[[1,20.84,0.6,0.69,9.1,null,null],[0.4,20.2,0,0.34,7.92,null,null],[0.94,19.73,0.6,0,7.23,null,null],[1.29,19.25,0.6,0.69,6.83,null,null],[0.78,20.21,0,0.69,5.94,null,null],[0.34,21.45,0.6,0.34,4.26,null,null],[0,22.65,1.2,0,2.89,null,null],[0,22.27,0,0.18,3.79,null,null],[2.98,20.24,0.01,0.29,3.64,null,null],[0,18.4,0,0.35,2.31,null,null],[0,18.35,0,0.35,4.32,null,null],[0.4,17.99,0.6,0.69,5.39,null,null]],"oneday":{"avg":null,"sunrise":null,"sunset":null},"tide":[null,null,null,null,null,null,null,null,null,null,null,null,null,null,null,null,null,null,null,null,null,null,null,null]}],"daily":[{"weather":[2.24,22.27],"tide":[null,null,null,null,null,null,null,null,null,null,null,null,null,null,null,null,null,null,null,null,null,null,null,null],"dailyEx":{"avg":null,"wave":null,"sunrise":null,"sunset":null}},{"weather":[0.22,21.83],"tide":[null,null,null,null,null,null,null,null,null,null,null,null,null,null,null,null,null,null,null,null,null,null,null,null],"dailyEx":{"avg":null,"wave":null,"sunrise":null,"sunset":null}},{"weather":[0.86,22.38],"tide":[null,null,null,null,null,null,null,null,null,null,null,null,null,null,null,null,null,null,null,null,null,null,null,null],"dailyEx":{"avg":null,"wave":null,"sunrise":null,"sunset":null}},{"weather":[9.81,22.41],"tide":[null,null,null,null,null,null,null,null,null,null,null,null,null,null,null,null,null,null,null,null,null,null,null,null],"dailyEx":{"avg":null,"wave":null,"sunrise":null,"sunset":null}},{"weather":[1.12,21.46],"tide":[null,null,null,null,null,null,null,null,null,null,null,null,null,null,null,null,null,null,null,null,null,null,null,null],"dailyEx":{"avg":null,"wave":null,"sunrise":null,"sunset":null}}]}
九十九里海釣りセンター,2026-10-05,{"hourly":[{"weather":[[1.17,19.22,0,0,6.1,null,null],[1.8,18.72,0,0.27,7.04,null,null],[1.34,18.77,0.11,0.27,8.2,null,null],[10.64,18.82,1.49,0.27,8.26,null,null],[1.61,19.99,4.43,1.27,8.3,null,null],[1,22.47,6.74,7.4,9.65,null,null],[1.89,23.48,6.56,16.78,9.76,null,null],[2.17,23.32,4.39,24.54,8.56,null,null],[1.91,22.73,2.09,19.94,7.94,null,null],[1.72,21.9,1.01,4.87,6.73,null,null],[1.09,21.46,1.11,0.09,6.12,null,null],[1.72,21.23,2.6,1.53,6.61,null,null]],"oneday":{"avg":null,"sunrise":null,"sunset":null},"tide":[null,null,null,null,null,null,null,null,null,null,null,null,null,null,null,null,null,null,null,null,null,null,null,null]},{"weather":[[1.98,20.95,2.77,6.13,7.19,null,null],[1.89,20.68,1.79,3.25,7.29,null,null],[1.89,20.73,2.19,1.08,7.25,null,null],[1.34,20.76,2.86,1.63,7.79,null,null],[1.34,22.33,3.8,4.15,8.2,null,null],[11.47,23.05,5.36,6.25,8.66,null,null],[2.61,23.61,5.65,6.85,10.4,null,null],[1.17,24.18,4.16,4.33,12.19,null,null],[1.17,23.5,2.08,1.72,11.61,null,null],[1,22.61,0.79,0.18,10.8,null,null],[0.8,22.11,0.68,0,11.52,null,null],[0.89,21.25,0.62,0.63,10.37,null,null]],"oneday":{"avg":null,"sunrise":null,"sunset":null},"tide":[null,null,null,null,null,null,null,null,null,null,null,null,null,null,null,null,null,null,null,null,null,null,null,null]},{"weather":[[1,20.41,0.28,1.26,7.95,null,null],[0.83,19.62,0,0.81,7.58,null,null],[1.11,19.11,0.5,0.54,7.3,null,null],[1.72,18.66,0.6,2.17,7.19,null,null],[1.09,19.84,0.43,1.99,6.42,null,null],[0.92,21.41,0.28,1.08,4.66,null,null],[0.4,23.04,0.34,0.36,2.79,null,null],[0,22.55,0,0.27,4.26,null,null],[0.4,20.6,0,0.18,5.14,null,null],[0,17.96,0.11,0.18,3.49,null,null],[0.11,17.42,0.43,0,5.13,null,null],[0.9,17.28,0.71,0.81,6.02,null,null]],"oneday":{"avg":null,"sunrise":null,"sunset":null},"tide":[null,null,null,null,null,null,null,null,null,null,null,null,null,null,null,null,null,null,null,null,null,null,null,null]}],"daily":[{"weather":[2.83,22.49],"tide":[null,null,null,null,null,null,null,null,null,null,null,null,null,null,null,null,null,null,null,null,null,null,null,null],"dailyEx":{"avg":null,"wave":null,"sunrise":null,"sunset":null}},{"weather":[0.11,22.87],"tide":[null,null,null,null,null,null,null,null,null,null,null,null,null,null,null,null,null,null,null,null,null,null,null,null],"dailyEx":{"avg":null,"wave":null,"sunrise":null,"sunset":null}},{"weather":[5.88,23.08],"tide":[null,null,null,null,null,null,null,null,null,null,null,null,null,null,null,null,null,null,null,null,null,null,null,null],"dailyEx":{"avg":null,"wave":null,"sunrise":null,"sunset":null}},{"weather":[1.36,22.62],"tide":[null,null,null,null,null,null,null,null,null,null,null,null,null,null,null,null,null,null,null,null,null,null,null,null],"dailyEx":{"avg":null,"wave":null,"sunrise":null,"sunset":null}},{"weather":[1,22.24],"tide":[null,null,null,null,null,null,null,null,null,null,null,null,null,null,null,null,null,null,null,null,null,null,null,null],"dailyEx":{"avg":null,"wave":null,"sunrise":null,"sunset":null}}]}
道の駅くりもとニジマス釣り,2026-10-05,{"hourly":[{"weather":[[1.55,19.62,0,0,5.81,null,null],[1.81,19.26,0,0,6.81,null,null],[1.73,19.34,0,0,7.48,null,null],[13.48,19.41,1.09,0.11,7.83,null,null],[1.59,20.38,4.34,1.21,7.96,null,null],[8.18,22.01,5.79,6.03,8.81,null,null],[2,22.86,4.71,13.03,8.9,null,null],[2.22,22.71,2.17,18.01,8.23,null,null],[2,22.35,1.45,14.31,7.51,null,null],[1.45,21.65,1.45,3.45,6.42,null,null],[1,21.31,1.45,0.57,5.94,null,null],[1.64,21.15,2.53,1.84,6.3,null,null]],"oneday":{"avg":null,"sunrise":null,"sunset":null},"tide":[null,null,null,null,null,null,null,null,null,null,null,null,null,null,null,null,null,null,null,null,null,null,null,null]},{"weather":[[1.86,20.94,2.9,5.1,6.77,null,null],[1.81,20.7,2.9,2.55,6.79,null,null],[2,20.71,3.98,0.64,6.67,null,null],[1.73,20.76,4.71,1.27,7.04,null,null],[1.73,22.17,5.79,3.26,7.65,null,null],[14.11,22.86,7.96,4.95,7.9,null,null],[2.64,23.32,9.05,5.24,9.58,null,null],[1.36,23.79,7.96,3.45,11.5,null,null],[1.22,23.46,3.98,1.46,11.2,null,null],[1,22.53,1.45,0.38,10.93,null,null],[1,21.89,1.45,0.19,11.34,null,null],[1.33,21.11,1.09,0.45,10.11,null,null]],"oneday":{"avg":null,"sunrise":null,"sunset":null},"tide":[null,null,null,null,null,null,null,null,null,null,null,null,null,null,null,null,null,null,null,null,null,null,null,null]},{"weather":[[1,20.37,0.36,0.89,8.11,null,null],[0.64,19.61,0,0.45,7.46,null,null],[0.81,19.06,0.36,0,6.96,null,null],[1.26,18.37,0.36,0.89,6.36,null,null],[0.67,19.79,0,0.89,6.07,null,null],[0.45,21.5,0.36,0.45,4.45,null,null],[0,23.06,0.73,0,3.15,null,null],[0,22.65,0,0.57,4.04,null,null],[9.69,20.5,0.02,0.95,4.43,null,null],[0,18.12,0,1.14,2.86,null,null],[0,17.61,0,1.14,5.48,null,null],[0.64,17.13,0.36,1.59,5.5,null,null]],"oneday":{"avg":null,"sunrise":null,"sunset":null},"tide":[null,null,null,null,null,null,null,null,null,null,null,null,null,null,null,null,null,null,null,null,null,null,null,null]}],"daily":[{"weather":[2.5,22.28],"tide":[null,null,null,null,null,null,null,null,null,null,null,null,null,null,null,null,null,null,null,null,null,null,null,null],"dailyEx":{"avg":null,"wave":null,"sunrise":null,"sunset":null}},{"weather":[0.33,22.24],"tide":[null,null,null,null,null,null,null,null,null,null,null,null,null,null,null,null,null,null,null,null,null,null,null,null],"dailyEx":{"avg":null,"wave":null,"sunrise":null,"sunset":null}},{"weather":[1.46,22.5],"tide":[null,null,null,null,null,null,null,null,null,null,null,null,null,null,null,null,null,null,null,null,null,null,null,null],"dailyEx":{"avg":null,"wave":null,"sunrise":null,"sunset":null}},{"weather":[8.44,22.39],"tide":[null,null,null,null,null,null,null,null,null,null,null,null,null,null,null,null,null,null,null,null,null,null,null,null],"dailyEx":{"avg":null,"wave":null,"sunrise":null,"sunset":null}},{"weather":[1.38,21.59],"tide":[null,null,null,null,null,null,null,null,null,null,null,null,null,null,null,null,null,null,null,null,null,null,null,null],"dailyEx":{"avg":null,"wave":null,"sunrise":null,"sunset":null}}]}
道の口沼,2026-10-05,{"hourly":[{"weather":[[1.46,20.44,0,0,6.12,null,null],[1.98,20.1,0,0,7.01,null,null],[1.88,20.24,0,0,7.54,null,null],[24.51,20.16,1.33,0.22,7.72,null,null],[1.54,20.95,5.29,0.63,8.08,null,null],[1.02,22.68,7.06,5.54,9.06,null,null],[2,23.28,5.74,13.15,9.24,null,null],[2.44,23.13,2.65,18.09,8.56,null,null],[2,22.74,1.77,14.27,7.86,null,null],[1.54,22.1,1.77,3.31,6.94,null,null],[1,21.82,1.77,0.06,6.3,null,null],[1.56,21.58,3.09,1.19,7,null,null]],"oneday":{"avg":null,"sunrise":null,"sunset":null},"tide":[null,null,null,null,null,null,null,null,null,null,null,null,null,null,null,null,null,null,null,null,null,null,null,null]},{"weather":[[2,21.33,3.53,4.47,7.5,null,null],[1.98,21.08,3.53,2.23,7.79,null,null],[2,21.12,4.85,0.56,7.54,null,null],[1.88,21.15,5.74,1.12,8.12,null,null],[1.88,22.27,7.06,3.29,8.51,null,null],[25.07,22.79,9.71,5.23,9.3,null,null],[2.56,23.26,11.03,5.46,11.08,null,null],[1.44,23.61,9.71,3.31,12.96,null,null],[1.44,23.26,4.85,1.14,12.84,null,null],[1,22.63,1.77,0.04,12.44,null,null],[1,22.15,1.77,0.02,12.8,null,null],[1.02,21.43,1.33,0.54,11.52,null,null]],"oneday":{"avg":null,"sunrise":null,"sunset":null},"tide":[null,null,null,null,null,null,null,null,null,null,null,null,null,null,null,null,null,null,null,null,null,null,null,null]},{"weather":[[1,20.74,0.44,1.08,9.35,null,null],[0.56,20.06,0,0.54,8.32,null,null],[0.98,19.59,0.44,0,7.74,null,null],[1.52,19.1,0.44,1.08,7.51,null,null],[0.98,20.01,0,1.08,6.48,null,null],[0.54,21.37,0.44,0.54,4.62,null,null],[0,22.81,0.88,0,2.89,null,null],[0,22.35,0,0.06,4.19,null,null],[1.1,20.41,0,0.11,4.33,null,null],[0,18.23,0,0.13,2.76,null,null],[0,17.97,0,0.13,4.61,null,null],[0.56,17.65,0.44,0.67,5.83,null,null]],"oneday":{"avg":null,"sunrise":null,"sunset":null},"tide":[null,null,null,null,null,null,null,null,null,null,null,null,null,null,null,null,null,null,null,null,null,null,null,null]}],"daily":[{"weather":[2.56,22.27],"tide":[null,null,null,null,null,null,null,null,null,null,null,null,null,null,null,null,null,null,null,null,null,null,null,null],"dailyEx":{"avg":null,"wave":null,"sunrise":null,"sunset":null}},{"weather":[0.02,22.32],"tide":[null,null,null,null,null,null,null,null,null,null,null,null,null,null,null,null,null,null,null,null,null,null,null,null],"dailyEx":{"avg":null,"wave":null,"sunrise":null,"sunset":null}},{"weather":[1.14,22.7],"tide":[null,null,null,null,null,null,null,null,null,null,null,null,null,null,null,null,null,null,null,null,null,null,null,null],"dailyEx":{"avg":null,"wave":null,"sunrise":null,"sunset":null}},{"weather":[1.88,22.55],"tide":[null,null,null,null,null,null,null,null,null,null,null,null,null,null,null,null,null,null,null,null,null,null,null,null],"dailyEx":{"avg":null,"wave":null,"sunrise":null,"sunset":null}},{"weather":[1.04,21.75],"tide":[null,null,null,null,null,null,null,null,null,null,null,null,null,null,null,null,null,null,null,null,null,null,null,null],"dailyEx":{"avg":null,"wave":null,"sunrise":null,"sunset":null}}]}
釣り堀 亀山園,2026-10-05,{"hourly":[{"weather":[[1,18.25,0.16,0,4.88,null,null],[1.04,17.78,0.62,2.08,4.93,null,null],[1.16,17.83,0.42,2.08,7.2,null,null],[2,17.94,1.6,1.39,6.6,null,null],[1.63,19.08,3.94,4.9,6.52,null,null],[1,21.73,6.19,8.75,6.88,null,null],[1.73,23.25,8.7,13.5,7.23,null,null],[2,23.54,10.68,29.84,6.74,null,null],[1.31,22.92,5.15,28.16,5.92,null,null],[1.73,21.99,1.1,8.58,5.84,null,null],[1.69,21.36,0.43,0.69,5.63,null,null],[1.73,20.99,2.65,2.17,5.96,null,null]],"oneday":{"avg":null,"sunrise":null,"sunset":null},"tide":[null,null,null,null,null,null,null,null,null,null,null,null,null,null,null,null,null,null,null,null,null,null,null,null]},{"weather":[[2.43,20.71,3.12,8.67,6.02,null,null],[1.73,20.52,1.37,5.72,6.22,null,null],[1.73,20.7,0.95,3.51,6.65,null,null],[1,20.77,1.27,2.86,6.78,null,null],[1,22.5,1.71,3.03,7.54,null,null],[3,23.21,2.4,3.85,6.93,null,null],[2.47,23.88,2.34,4.58,8.11,null,null],[1,24.95,1.37,4.41,9.39,null,null],[1,24.03,0.68,3.55,8.93,null,null],[0.84,22.9,0.27,1.39,8.65,null,null],[0.04,22.3,0,0,9.15,null,null],[0.89,21.16,0.11,0.04,7.74,null,null]],"oneday":{"avg":null,"sunrise":null,"sunset":null},"tide":[null,null,null,null,null,null,null,null,null,null,null,null,null,null,null,null,null,null,null,null,null,null,null,null]},{"weather":[[1,20.45,0.27,0.08,7.42,null,null],[1,19.86,0.62,1.43,8.32,null,null],[1.11,19.4,1.73,4.16,8.14,null,null],[1.89,19.11,1.83,7.03,8.03,null,null],[1.85,19.87,1.37,5.64,7.04,null,null],[1.85,20.94,0.89,3.51,5.2,null,null],[1.92,21.97,0.47,2.78,3.74,null,null],[0,22.19,0.31,2.08,3.21,null,null],[2.07,20.45,0.31,1.39,5.88,null,null],[0.47,17.67,0.27,1.39,5.9,null,null],[0.58,16.94,0.43,0,6.87,null,null],[2.28,17.33,1.48,1.43,6.46,null,null]],"oneday":{"avg":null,"sunrise":null,"sunset":null},"tide":[null,null,null,null,null,null,null,null,null,null,null,null,null,null,null,null,null,null,null,null,null,null,null,null]}],"daily":[{"weather":[3,22.84],"tide":[null,null,null,null,null,null,null,null,null,null,null,null,null,null,null,null,null,null,null,null,null,null,null,null],"dailyEx":{"avg":null,"wave":null,"sunrise":null,"sunset":null}},{"weather":[0.27,23.03],"tide":[null,null,null,null,null,null,null,null,null,null,null,null,null,null,null,null,null,null,null,null,null,null,null,null],"dailyEx":{"avg":null,"wave":null,"sunrise":null,"sunset":null}},{"weather":[35.49,23.2],"tide":[null,null,null,null,null,null,null,null,null,null,null,null,null,null,null,null,null,null,null,null,null,null,null,null],"dailyEx":{"avg":null,"wave":null,"sunrise":null,"sunset":null}},{"weather":[0.72,22.85],"tide":[null,null,null,null,null,null,null,null,null,null,null,null,null,null,null,null,null,null,null,null,null,null,null,null],"dailyEx":{"avg":null,"wave":null,"sunrise":null,"sunset":null}},{"weather":[0.84,22.94],"tide":[null,null,null,null,null,null,null,null,null,null,null,null,null,null,null,null,null,null,null,null,null,null,null,null],"dailyEx":{"avg":null,"wave":null,"sunrise":null,"sunset":null}}]}
太海フラワー磯釣りセンター,2026-10-05,{"hourly":[{"weather":[[1,19.47,0.98,0,4.93,null,null],[1,19.08,3.55,0.24,5.66,null,null],[1.92,19.08,1.84,0.24,6.34,null,null],[2,19.43,3.61,0.16,6.1,null,null],[1.08,20.94,8.8,0.57,5.7,null,null],[1,23.1,12.15,0.98,4.95,null,null],[1.08,24.44,24.05,1.46,5.23,null,null],[1.94,24.26,40.28,3.33,4.86,null,null],[1.85,23.45,20.63,3.17,4.6,null,null],[1.08,22.62,4.34,0.98,4.73,null,null],[1.08,22.2,0,0.08,4.57,null,null],[1.08,21.81,7.03,0.24,5.05,null,null]],"oneday":{"avg":null,"sunrise":null,"sunset":null},"tide":[null,null,null,null,null,null,null,null,null,null,null,null,null,null,null,null,null,null,null,null,null,null,null,null]},{"weather":[[1.16,21.6,9.72,0.98,5.1,null,null],[1.08,21.5,5.51,0.65,5.96,null,null],[1.08,21.69,3.74,0.41,5.7,null,null],[0.94,22.13,3.61,0.33,5.93,null,null],[0.94,24.15,3.55,0.33,5.89,null,null],[3,24.34,4.4,0.41,5.6,null,null],[1.16,24.95,5.32,0.49,5.79,null,null],[1,25.37,5.51,0.49,6.37,null,null],[1,24.23,2.69,0.41,6.11,null,null],[0.08,23.47,0.85,0.16,6.28,null,null],[0.06,22.87,0.13,0,6.29,null,null],[1.06,21.78,0.19,0,5.45,null,null]],"oneday":{"avg":null,"sunrise":null,"sunset":null},"tide":[null,null,null,null,null,null,null,null,null,null,null,null,null,null,null,null,null,null,null,null,null,null,null,null]},{"weather":[[1,21.17,1.18,0,5.84,null,null],[1,20.68,3.8,0.16,6.39,null,null],[1.06,20.36,8.01,0.49,6.04,null,null],[2,20.16,8.2,0.81,5.31,null,null],[2,20.9,6.03,0.65,4.71,null,null],[1.94,21.8,5.24,0.41,3.54,null,null],[1.94,22.36,3.34,0.33,2.03,null,null],[0.06,21.52,2.23,0.24,2.42,null,null],[2.73,20.02,2.1,0.16,3.23,null,null],[2.76,18.71,1.31,0.16,2.6,null,null],[2.76,18.9,0.77,0,3.22,null,null],[1.16,19,6.8,0.16,4.07,null,null]],"oneday":{"avg":null,"sunrise":null,"sunset":null},"tide":[null,null,null,null,null,null,null,null,null,null,null,null,null,null,null,null,null,null,null,null,null,null,null,null]}],"daily":[{"weather":[3,22.55],"tide":[null,null,null,null,null,null,null,null,null,null,null,null,null,null,null,null,null,null,null,null,null,null,null,null],"dailyEx":{"avg":null,"wave":null,"sunrise":null,"sunset":null}},{"weather":[1.05,21.89],"tide":[null,null,null,null,null,null,null,null,null,null,null,null,null,null,null,null,null,null,null,null,null,null,null,null],"dailyEx":{"avg":null,"wave":null,"sunrise":null,"sunset":null}},{"weather":[4.14,22.96],"tide":[null,null,null,null,null,null,null,null,null,null,null,null,null,null,null,null,null,null,null,null,null,null,null,null],"dailyEx":{"avg":null,"wave":null,"sunrise":null,"sunset":null}},{"weather":[2.69,22.51],"tide":[null,null,null,null,null,null,null,null,null,null,null,null,null,null,null,null,null,null,null,null,null,null,null,null],"dailyEx":{"avg":null,"wave":null,"sunrise":null,"sunset":null}},{"weather":[0.08,22.78],"tide":[null,null,null,null,null,null,null,null,null,null,null,null,null,null,null,null,null,null,null,null,null,null,null,null],"dailyEx":{"avg":null,"wave":null,"sunrise":null,"sunset":null}}]}
晴れパークたてやま,2026-10-05,{"hourly":[{"weather":[[1,19.42,1.11,0,6.44,null,null],[1,19.17,1.11,0.65,6.84,null,null],[1.78,19.07,1.11,0.65,7.86,null,null],[1.77,19.28,1.67,0.44,7.83,null,null],[1.22,20.21,2.68,1.53,7.15,null,null],[1,21.56,2.8,2.61,7.43,null,null],[1.22,22.87,2.47,3.92,6.75,null,null],[1.22,23.35,2.02,8.93,6.29,null,null],[1,23.29,1.34,8.49,5.73,null,null],[1.22,22.47,0.56,2.61,5.99,null,null],[1.22,22.06,0,0.22,5.95,null,null],[1.22,21.76,1.89,0.65,6.42,null,null]],"oneday":{"avg":null,"sunrise":null,"sunset":null},"tide":[null,null,null,null,null,null,null,null,null,null,null,null,null,null,null,null,null,null,null,null,null,null,null,null]},{"weather":[[1.44,21.54,3.46,2.61,6.29,null,null],[1.22,21.5,4.24,1.74,7.13,null,null],[1.22,21.64,3.46,1.09,6.63,null,null],[0.44,21.79,2.35,0.87,7.39,null,null],[0.22,23.29,2.02,0.87,7.44,null,null],[3,23.88,1.34,1.09,7.21,null,null],[1.44,24.63,1.67,1.31,7.83,null,null],[0.77,25.3,3.34,1.31,7.96,null,null],[0.77,24.72,1.11,1.09,7.78,null,null],[0.22,23.83,0.23,0.44,7.87,null,null],[0.78,23.06,1.56,0,8.02,null,null],[1.78,22.15,1.89,0,8.16,null,null]],"oneday":{"avg":null,"sunrise":null,"sunset":null},"tide":[null,null,null,null,null,null,null,null,null,null,null,null,null,null,null,null,null,null,null,null,null,null,null,null]},{"weather":[[1,21.55,3.68,0,8.55,null,null],[1.23,21.21,6.05,0.44,9.04,null,null],[2.01,20.86,8.42,1.31,8.62,null,null],[2.23,20.7,12.12,2.18,8.44,null,null],[2.23,20.91,15.69,1.74,8.07,null,null],[1.67,21.74,13.54,1.09,6.05,null,null],[0.99,22.66,10.74,0.87,4.49,null,null],[0.56,22.33,8.97,0.65,3.95,null,null],[1.11,21.27,6.5,0.44,4.55,null,null],[2.35,20.36,6.6,0.44,3.93,null,null],[2.35,20.32,10.29,0,4.65,null,null],[1.44,20.19,18.76,0.44,4.92,null,null]],"oneday":{"avg":null,"sunrise":null,"sunset":null},"tide":[null,null,null,null,null,null,null,null,null,null,null,null,null,null,null,null,null,null,null,null,null,null,null,null]}],"daily":[{"weather":[3,22.95],"tide":[null,null,null,null,null,null,null,null,null,null,null,null,null,null,null,null,null,null,null,null,null,null,null,null],"dailyEx":{"avg":null,"wave":null,"sunrise":null,"sunset":null}},{"weather":[13.18,22.8],"tide":[null,null,null,null,null,null,null,null,null,null,null,null,null,null,null,null,null,null,null,null,null,null,null,null],"dailyEx":{"avg":null,"wave":null,"sunrise":null,"sunset":null}},{"weather":[11.11,23.29],"tide":[null,null,null,null,null,null,null,null,null,null,null,null,null,null,null,null,null,null,null,null,null,null,null,null],"dailyEx":{"avg":null,"wave":null,"sunrise":null,"sunset":null}},{"weather":[1.79,23.34],"tide":[null,null,null,null,null,null,null,null,null,null,null,null,null,null,null,null,null,null,null,null,null,null,null,null],"dailyEx":{"avg":null,"wave":null,"sunrise":null,"sunset":null}},{"weather":[0.22,23.32],"tide":[null,null,null,null,null,null,null,null,null,null,null,null,null,null,null,null,null,null,null,null,null,null,null,null],"dailyEx":{"avg":null,"wave":null,"sunrise":null,"sunset":null}}]}
磯源フィッシングパーク,2026-10-05,{"hourly":[{"weather":[[1.09,18.42,0.34,0,5.18,null,null],[1.09,17.93,0.95,1.92,5.21,null,null],[1.16,17.94,0.72,1.92,7.17,null,null],[2,18.05,1.54,1.28,6.63,null,null],[1.93,18.88,3.17,4.49,6.44,null,null],[1,21.1,4.17,7.69,7,null,null],[1.64,22.63,7.12,11.53,7.18,null,null],[1.64,23.22,10.89,26.27,6.71,null,null],[1.09,22.83,5.62,24.99,5.85,null,null],[1.93,21.96,1.26,7.69,5.83,null,null],[1.84,21.4,0,0.64,5.66,null,null],[1.93,21.07,2.18,1.92,6.02,null,null]],"oneday":{"avg":null,"sunrise":null,"sunset":null},"tide":[null,null,null,null,null,null,null,null,null,null,null,null,null,null,null,null,null,null,null,null,null,null,null,null]},{"weather":[[2.48,20.82,3.1,7.69,5.91,null,null],[1.93,20.7,1.98,5.13,6.09,null,null],[2.02,20.81,1.33,3.21,6.29,null,null],[0.93,20.75,1.37,2.56,6.64,null,null],[0.93,22.22,1.64,2.56,7.28,null,null],[3,23.06,1.59,3.21,6.8,null,null],[2.28,23.84,1.77,3.84,7.89,null,null],[1,24.95,1.98,3.84,8.63,null,null],[0.8,24.21,0.84,3.21,8.43,null,null],[0.73,23.14,0.2,1.28,8.21,null,null],[0.36,22.45,0.14,0,8.9,null,null],[1.07,21.34,0.21,0,7.89,null,null]],"oneday":{"avg":null,"sunrise":null,"sunset":null},"tide":[null,null,null,null,null,null,null,null,null,null,null,null,null,null,null,null,null,null,null,null,null,null,null,null]},{"weather":[[1,20.66,0.55,0,7.95,null,null],[1.29,20.13,1.23,1.28,8.78,null,null],[1.36,19.69,2.52,3.84,8.65,null,null],[2,19.48,2.99,6.41,8.52,null,null],[1.91,20.05,2.72,5.13,7.36,null,null],[1.56,21.22,2.32,3.21,5.43,null,null],[1.35,22.24,1.54,2.56,4.07,null,null],[0.07,22.32,0.97,1.92,3.22,null,null],[1.89,20.66,0.83,1.28,5.64,null,null],[0.41,18.01,0.86,1.28,5.61,null,null],[0.41,17.07,1.36,0,6.13,null,null],[2.48,17.31,3.56,1.28,5.5,null,null]],"oneday":{"avg":null,"sunrise":null,"sunset":null},"tide":[null,null,null,null,null,null,null,null,null,null,null,null,null,null,null,null,null,null,null,null,null,null,null,null]}],"daily":[{"weather":[2.91,23.07],"tide":[null,null,null,null,null,null,null,null,null,null,null,null,null,null,null,null,null,null,null,null,null,null,null,null],"dailyEx":{"avg":null,"wave":null,"sunrise":null,"sunset":null}},{"weather":[0.7,23.33],"tide":[null,null,null,null,null,null,null,null,null,null,null,null,null,null,null,null,null,null,null,null,null,null,null,null],"dailyEx":{"avg":null,"wave":null,"sunrise":null,"sunset":null}},{"weather":[32.77,23.36],"tide":[null,null,null,null,null,null,null,null,null,null,null,null,null,null,null,null,null,null,null,null,null,null,null,null],"dailyEx":{"avg":null,"wave":null,"sunrise":null,"sunset":null}},{"weather":[0.72,23.12],"tide":[null,null,null,null,null,null,null,null,null,null,null,null,null,null,null,null,null,null,null,null,null,null,null,null],"dailyEx":{"avg":null,"wave":null,"sunrise":null,"sunset":null}},{"weather":[0.64,23.18],"tide":[null,null,null,null,null,null,null,null,null,null,null,null,null,null,null,null,null,null,null,null,null,null,null,null],"dailyEx":{"avg":null,"wave":null,"sunrise":null,"sunset":null}}]}
笹川湖,2026-10-05,{"hourly":[{"weather":[[1,18.66,0.42,0,4.78,null,null],[1,18.22,1.67,1.5,5.04,null,null],[1.42,18.26,0.92,1.5,6.77,null,null],[2,18.46,2.41,1,6.27,null,null],[1.42,19.73,5.99,3.5,6.11,null,null],[1,22.23,8.89,6,5.99,null,null],[1.5,23.69,14.99,9,6.36,null,null],[2,23.81,22.18,20.5,5.97,null,null],[1.5,23.11,11.09,19.5,5.34,null,null],[1.5,22.22,2.34,6,5.38,null,null],[1.5,21.66,0.33,0.5,5.2,null,null],[1.5,21.27,4.41,1.5,5.57,null,null]],"oneday":{"avg":null,"sunrise":null,"sunset":null},"tide":[null,null,null,null,null,null,null,null,null,null,null,null,null,null,null,null,null,null,null,null,null,null,null,null]},{"weather":[[2,21.02,5.67,6,5.61,null,null],[1.5,20.86,2.84,4,6.04,null,null],[1.5,21.05,1.92,2.5,6.26,null,null],[1,21.26,2.16,2,6.4,null,null],[1,23.1,2.49,2,6.89,null,null],[3,23.61,3.32,2.5,6.35,null,null],[2,24.26,3.58,3,7.16,null,null],[1,25.1,2.84,3,8.19,null,null],[1,24.09,1.42,2.5,7.81,null,null],[0.58,23.09,0.5,1,7.73,null,null],[0,22.49,0,0,8.04,null,null],[0.92,21.36,0.08,0,6.79,null,null]],"oneday":{"avg":null,"sunrise":null,"sunset":null},"tide":[null,null,null,null,null,null,null,null,null,null,null,null,null,null,null,null,null,null,null,null,null,null,null,null]},{"weather":[[1,20.69,0.5,0,6.79,null,null],[1,20.14,1.67,1,7.59,null,null],[1.08,19.73,4.01,3,7.35,null,null],[1.92,19.48,4.09,5,7.01,null,null],[1.92,20.23,2.84,4,6.13,null,null],[1.92,21.22,2.17,2.5,4.55,null,null],[2,22.05,1.25,2,3.11,null,null],[0,21.92,0.84,1.5,2.86,null,null],[2.42,20.27,0.84,1,4.9,null,null],[1.25,17.98,0.5,1,4.78,null,null],[1.33,17.58,0.33,0,5.61,null,null],[1.92,17.91,2.92,1,5.63,null,null]],"oneday":{"avg":null,"sunrise":null,"sunset":null},"tide":[null,null,null,null,null,null,null,null,null,null,null,null,null,null,null,null,null,null,null,null,null,null,null,null]}],"daily":[{"weather":[3,22.74],"tide":[null,null,null,null,null,null,null,null,null,null,null,null,null,null,null,null,null,null,null,null,null,null,null,null],"dailyEx":{"avg":null,"wave":null,"sunrise":null,"sunset":null}},{"weather":[0.5,22.6],"tide":[null,null,null,null,null,null,null,null,null,null,null,null,null,null,null,null,null,null,null,null,null,null,null,null],"dailyEx":{"avg":null,"wave":null,"sunrise":null,"sunset":null}},{"weather":[25.5,23.1],"tide":[null,null,null,null,null,null,null,null,null,null,null,null,null,null,null,null,null,null,null,null,null,null,null,null],"dailyEx":{"avg":null,"wave":null,"sunrise":null,"sunset":null}},{"weather":[1.42,22.71],"tide":[null,null,null,null,null,null,null,null,null,null,null,null,null,null,null,null,null,null,null,null,null,null,null,null],"dailyEx":{"avg":null,"wave":null,"sunrise":null,"sunset":null}},{"weather":[0.58,22.88],"tide":[null,null,null,null,null,null,null,null,null,null,null,null,null,null,null,null,null,null,null,null,null,null,null,null],"dailyEx":{"avg":null,"wave":null,"sunrise":null,"sunset":null}}]}
豊英湖,2026-10-05,{"hourly":[{"weather":[[1,18.52,0.5,0,5.15,null,null],[1,18.09,1.33,1.84,5.25,null,null],[1.3,18.12,0.78,1.84,7.22,null,null],[2,18.24,1.44,1.22,6.7,null,null],[1.7,19.26,3.21,4.28,6.49,null,null],[1,21.55,4.19,7.34,6.79,null,null],[1.61,23.09,7.93,11,6.96,null,null],[1.8,23.51,13.16,25.06,6.51,null,null],[1.19,23.01,6.83,23.84,5.71,null,null],[1.7,22.1,1.49,7.34,5.78,null,null],[1.7,21.53,0,0.61,5.62,null,null],[1.7,21.17,2.54,1.84,6.01,null,null]],"oneday":{"avg":null,"sunrise":null,"sunset":null},"tide":[null,null,null,null,null,null,null,null,null,null,null,null,null,null,null,null,null,null,null,null,null,null,null,null]},{"weather":[[2.31,20.91,3.59,7.34,5.98,null,null],[1.7,20.77,2.33,4.89,6.31,null,null],[1.7,20.93,1.67,3.06,6.53,null,null],[0.89,21,1.44,2.45,6.8,null,null],[0.89,22.64,1.33,2.45,7.42,null,null],[3,23.32,1.6,3.06,6.85,null,null],[2.22,24.04,1.99,3.67,7.85,null,null],[1,25.07,2.33,3.67,8.8,null,null],[0.91,24.22,1.05,3.06,8.45,null,null],[0.61,23.15,0.28,1.22,8.23,null,null],[0.2,22.52,0.23,0,8.77,null,null],[1.11,21.39,0.34,0,7.62,null,null]],"oneday":{"avg":null,"sunrise":null,"sunset":null},"tide":[null,null,null,null,null,null,null,null,null,null,null,null,null,null,null,null,null,null,null,null,null,null,null,null]},{"weather":[[1,20.73,0.84,0,7.68,null,null],[1.09,20.2,1.78,1.22,8.56,null,null],[1.2,19.78,3.04,3.67,8.36,null,null],[2,19.54,3.38,6.11,8.17,null,null],[2,20.13,3.24,4.89,7.26,null,null],[1.8,21.18,3.08,3.06,5.39,null,null],[1.72,22.1,2.19,2.45,3.9,null,null],[0.11,22.13,1.46,1.84,3.18,null,null],[2.05,20.52,1.23,1.22,5.65,null,null],[0.99,18.09,1.07,1.22,5.5,null,null],[0.99,17.45,1.36,0,6.28,null,null],[2.31,17.68,4.61,1.22,5.81,null,null]],"oneday":{"avg":null,"sunrise":null,"sunset":null},"tide":[null,null,null,null,null,null,null,null,null,null,null,null,null,null,null,null,null,null,null,null,null,null,null,null]}],"daily":[{"weather":[3,22.91],"tide":[null,null,null,null,null,null,null,null,null,null,null,null,null,null,null,null,null,null,null,null,null,null,null,null],"dailyEx":{"avg":null,"wave":null,"sunrise":null,"sunset":null}},{"weather":[0.7,23],"tide":[null,null,null,null,null,null,null,null,null,null,null,null,null,null,null,null,null,null,null,null,null,null,null,null],"dailyEx":{"avg":null,"wave":null,"sunrise":null,"sunset":null}},{"weather":[31.18,23.24],"tide":[null,null,null,null,null,null,null,null,null,null,null,null,null,null,null,null,null,null,null,null,null,null,null,null],"dailyEx":{"avg":null,"wave":null,"sunrise":null,"sunset":null}},{"weather":[0.97,22.97],"tide":[null,null,null,null,null,null,null,null,null,null,null,null,null,null,null,null,null,null,null,null,null,null,null,null],"dailyEx":{"avg":null,"wave":null,"sunrise":null,"sunset":null}},{"weather":[0.61,23.09],"tide":[null,null,null,null,null,null,null,null,null,null,null,null,null,null,null,null,null,null,null,null,null,null,null,null],"dailyEx":{"avg":null,"wave":null,"sunrise":null,"sunset":null}}]}
三島湖,2026-10-05,{"hourly":[{"weather":[[1,18.46,0.44,0,5.1,null,null],[1,18.01,1.27,1.92,5.17,null,null],[1.27,18.05,0.72,1.92,7.22,null,null],[2,18.17,1.35,1.28,6.67,null,null],[1.73,19.17,3.1,4.49,6.49,null,null],[1,21.51,4.12,7.69,6.81,null,null],[1.64,23.06,7.92,11.53,7.02,null,null],[1.83,23.49,13.19,26.27,6.58,null,null],[1.19,22.98,6.81,24.99,5.76,null,null],[1.73,22.07,1.47,7.69,5.81,null,null],[1.73,21.49,0,0.64,5.64,null,null],[1.73,21.13,2.46,1.92,6.02,null,null]],"oneday":{"avg":null,"sunrise":null,"sunset":null},"tide":[null,null,null,null,null,null,null,null,null,null,null,null,null,null,null,null,null,null,null,null,null,null,null,null]},{"weather":[[2.37,20.87,3.46,7.69,5.99,null,null],[1.73,20.72,2.16,5.13,6.28,null,null],[1.73,20.88,1.52,3.2,6.55,null,null],[0.92,20.94,1.35,2.56,6.8,null,null],[0.92,22.57,1.27,2.56,7.46,null,null],[3,23.28,1.55,3.2,6.87,null,null],[2.28,23.99,1.91,3.84,7.9,null,null],[1,25.05,2.16,3.84,8.91,null,null],[0.91,24.2,0.99,3.2,8.54,null,null],[0.64,23.11,0.28,1.28,8.31,null,null],[0.17,22.48,0.16,0,8.89,null,null],[1.08,21.34,0.25,0,7.66,null,null]],"oneday":{"avg":null,"sunrise":null,"sunset":null},"tide":[null,null,null,null,null,null,null,null,null,null,null,null,null,null,null,null,null,null,null,null,null,null,null,null]},{"weather":[[1,20.68,0.69,0,7.69,null,null],[1.09,20.14,1.6,1.28,8.59,null,null],[1.17,19.71,2.9,3.84,8.41,null,null],[2,19.48,3.15,6.41,8.22,null,null],[2,20.07,2.81,5.13,7.27,null,null],[1.83,21.14,2.62,3.2,5.4,null,null],[1.73,22.08,1.82,2.56,3.94,null,null],[0.08,22.14,1.21,1.92,3.18,null,null],[2.11,20.52,1.05,1.28,5.74,null,null],[0.89,18,0.85,1.28,5.63,null,null],[0.89,17.3,0.99,0,6.41,null,null],[2.37,17.55,3.8,1.28,5.89,null,null]],"oneday":{"avg":null,"sunrise":null,"sunset":null},"tide":[null,null,null,null,null,null,null,null,null,null,null,null,null,null,null,null,null,null,null,null,null,null,null,null]}],"daily":[{"weather":[3,22.93],"tide":[null,null,null,null,null,null,null,null,null,null,null,null,null,null,null,null,null,null,null,null,null,null,null,null],"dailyEx":{"avg":null,"wave":null,"sunrise":null,"sunset":null}},{"weather":[0.62,23.04],"tide":[null,null,null,null,null,null,null,null,null,null,null,null,null,null,null,null,null,null,null,null,null,null,null,null],"dailyEx":{"avg":null,"wave":null,"sunrise":null,"sunset":null}},{"weather":[32.68,23.23],"tide":[null,null,null,null,null,null,null,null,null,null,null,null,null,null,null,null,null,null,null,null,null,null,null,null],"dailyEx":{"avg":null,"wave":null,"sunrise":null,"sunset":null}},{"weather":[0.9,22.96],"tide":[null,null,null,null,null,null,null,null,null,null,null,null,null,null,null,null,null,null,null,null,null,null,null,null],"dailyEx":{"avg":null,"wave":null,"sunrise":null,"sunset":null}},{"weather":[0.64,23.08],"tide":[null,null,null,null,null,null,null,null,null,null,null,null,null,null,null,null,null,null,null,null,null,null,null,null],"dailyEx":{"avg":null,"wave":null,"sunrise":null,"sunset":null}}]}
亀山湖,2026-10-05,{"hourly":[{"weather":[[1,18.28,0.16,0,4.86,null,null],[1.04,17.82,0.65,2.01,4.94,null,null],[1.16,17.87,0.45,2.01,7.14,null,null],[2,17.99,1.77,1.34,6.56,null,null],[1.59,19.15,4.37,4.72,6.48,null,null],[1,21.79,6.89,8.46,6.8,null,null],[1.71,23.3,9.55,13.08,7.14,null,null],[2,23.56,11.54,28.85,6.66,null,null],[1.33,22.93,5.54,27.21,5.87,null,null],[1.71,22,1.19,8.29,5.78,null,null],[1.67,21.38,0.5,0.67,5.57,null,null],[1.71,21.02,2.92,2.09,5.9,null,null]],"oneday":{"avg":null,"sunrise":null,"sunset":null},"tide":[null,null,null,null,null,null,null,null,null,null,null,null,null,null,null,null,null,null,null,null,null,null,null,null]},{"weather":[[2.38,20.73,3.42,8.37,5.97,null,null],[1.71,20.55,1.48,5.52,6.18,null,null],[1.71,20.72,1.03,3.39,6.59,null,null],[1,20.81,1.4,2.76,6.73,null,null],[1,22.55,1.9,2.94,7.46,null,null],[3,23.24,2.68,3.74,6.86,null,null],[2.42,23.91,2.6,4.45,8.01,null,null],[1,24.95,1.48,4.27,9.27,null,null],[1,24.02,0.74,3.43,8.81,null,null],[0.84,22.9,0.29,1.34,8.54,null,null],[0.04,22.3,0,0,9.03,null,null],[0.87,21.17,0.13,0.04,7.65,null,null]],"oneday":{"avg":null,"sunrise":null,"sunset":null},"tide":[null,null,null,null,null,null,null,null,null,null,null,null,null,null,null,null,null,null,null,null,null,null,null,null]},{"weather":[[1,20.46,0.29,0.09,7.32,null,null],[1,19.87,0.65,1.38,8.2,null,null],[1.13,19.41,1.84,4.01,8.01,null,null],[1.87,19.12,1.97,6.77,7.88,null,null],[1.83,19.9,1.48,5.44,6.92,null,null],[1.83,20.97,0.94,3.39,5.1,null,null],[1.91,21.99,0.49,2.67,3.65,null,null],[0,22.18,0.33,2.01,3.19,null,null],[2.08,20.44,0.33,1.34,5.76,null,null],[0.49,17.7,0.29,1.34,5.76,null,null],[0.61,17.01,0.5,0,6.72,null,null],[2.21,17.4,1.6,1.38,6.38,null,null]],"oneday":{"avg":null,"sunrise":null,"sunset":null},"tide":[null,null,null,null,null,null,null,null,null,null,null,null,null,null,null,null,null,null,null,null,null,null,null,null]}],"daily":[{"weather":[3,22.83],"tide":[null,null,null,null,null,null,null,null,null,null,null,null,null,null,null,null,null,null,null,null,null,null,null,null],"dailyEx":{"avg":null,"wave":null,"sunrise":null,"sunset":null}},{"weather":[0.29,22.98],"tide":[null,null,null,null,null,null,null,null,null,null,null,null,null,null,null,null,null,null,null,null,null,null,null,null],"dailyEx":{"avg":null,"wave":null,"sunrise":null,"sunset":null}},{"weather":[34.17,23.19],"tide":[null,null,null,null,null,null,null,null,null,null,null,null,null,null,null,null,null,null,null,null,null,null,null,null],"dailyEx":{"avg":null,"wave":null,"sunrise":null,"sunset":null}},{"weather":[0.78,22.83],"tide":[null,null,null,null,null,null,null,null,null,null,null,null,null,null,null,null,null,null,null,null,null,null,null,null],"dailyEx":{"avg":null,"wave":null,"sunrise":null,"sunset":null}},{"weather":[0.84,22.93],"tide":[null,null,null,null,null,null,null,null,null,null,null,null,null,null,null,null,null,null,null,null,null,null,null,null],"dailyEx":{"avg":null,"wave":null,"sunrise":null,"sunset":null}}]}
戸面原ダム,2026-10-05,{"hourly":[{"weather":[[1,18.53,0.65,0,5.45,null,null],[1,18.15,0.88,1.91,5.5,null,null],[1.28,18.15,0.73,1.91,7.53,null,null],[2,18.23,1.17,1.27,7.06,null,null],[1.72,19.13,1.92,4.45,6.72,null,null],[1,21.23,1.94,7.63,7.29,null,null],[1.64,22.8,2.74,11.44,7.18,null,null],[1.64,23.35,4.21,26.07,6.7,null,null],[1,23.02,2.43,24.8,5.86,null,null],[1.72,22.06,0.67,7.63,5.99,null,null],[1.72,21.51,0,0.64,5.87,null,null],[1.72,21.16,1.48,1.91,6.31,null,null]],"oneday":{"avg":null,"sunrise":null,"sunset":null},"tide":[null,null,null,null,null,null,null,null,null,null,null,null,null,null,null,null,null,null,null,null,null,null,null,null]},{"weather":[[2.35,20.89,2.28,7.63,6.22,null,null],[1.72,20.76,2.19,5.09,6.6,null,null],[1.72,20.91,1.74,3.18,6.71,null,null],[0.72,20.94,1.17,2.54,7.12,null,null],[0.72,22.47,0.88,2.54,7.73,null,null],[3,23.22,0.96,3.18,7.18,null,null],[2.27,23.95,1.32,3.81,8.24,null,null],[1,25.08,2.19,3.81,9.05,null,null],[0.92,24.32,0.81,3.18,8.74,null,null],[0.64,23.22,0.08,1.27,8.46,null,null],[0.36,22.57,0.57,0,8.98,null,null],[1.28,21.49,0.86,0,8.07,null,null]],"oneday":{"avg":null,"sunrise":null,"sunset":null},"tide":[null,null,null,null,null,null,null,null,null,null,null,null,null,null,null,null,null,null,null,null,null,null,null,null]},{"weather":[[1,20.83,1.51,0,8.2,null,null],[1.08,20.33,2.03,1.27,9.15,null,null],[1.36,19.9,2.13,3.81,8.89,null,null],[2,19.68,2.99,6.36,8.84,null,null],[2,20.14,4.48,5.09,8.07,null,null],[1.64,21.16,4.69,3.18,5.94,null,null],[1.56,22.12,3.68,2.54,4.35,null,null],[0.28,22.25,2.45,1.91,3.45,null,null],[1.5,20.68,1.88,1.27,5.99,null,null],[0.93,18.39,2.08,1.27,5.78,null,null],[0.93,17.73,3.44,0,6.57,null,null],[2.35,17.91,7.92,1.27,5.94,null,null]],"oneday":{"avg":null,"sunrise":null,"sunset":null},"tide":[null,null,null,null,null,null,null,null,null,null,null,null,null,null,null,null,null,null,null,null,null,null,null,null]}],"daily":[{"weather":[3,22.96],"tide":[null,null,null,null,null,null,null,null,null,null,null,null,null,null,null,null,null,null,null,null,null,null,null,null],"dailyEx":{"avg":null,"wave":null,"sunrise":null,"sunset":null}},{"weather":[1.01,23.15],"tide":[null,null,null,null,null,null,null,null,null,null,null,null,null,null,null,null,null,null,null,null,null,null,null,null],"dailyEx":{"avg":null,"wave":null,"sunrise":null,"sunset":null}},{"weather":[32.42,23.33],"tide":[null,null,null,null,null,null,null,null,null,null,null,null,null,null,null,null,null,null,null,null,null,null,null,null],"dailyEx":{"avg":null,"wave":null,"sunrise":null,"sunset":null}},{"weather":[0.73,23.15],"tide":[null,null,null,null,null,null,null,null,null,null,null,null,null,null,null,null,null,null,null,null,null,null,null,null],"dailyEx":{"avg":null,"wave":null,"sunrise":null,"sunset":null}},{"weather":[0.64,23.23],"tide":[null,null,null,null,null,null,null,null,null,null,null,null,null,null,null,null,null,null,null,null,null,null,null,null],"dailyEx":{"avg":null,"wave":null,"sunrise":null,"sunset":null}}]}
新治堰,2026-10-05,{"hourly":[{"weather":[[1.32,18.72,0,0,5.83,null,null],[1.76,18.09,0,0.33,6.69,null,null],[1.32,18.02,0.78,0.33,7.72,null,null],[2,18.22,3.11,0.22,7.64,null,null],[1.74,19.5,6.1,1.2,7.28,null,null],[1,22.05,9.03,5.69,8.38,null,null],[1.55,23.36,10.07,12.47,8.62,null,null],[1.68,23.31,8.57,18.91,7.39,null,null],[1.89,22.71,3.96,15.63,6.97,null,null],[1.87,21.87,1.04,3.93,5.94,null,null],[1.11,21.38,0.52,0.11,5.47,null,null],[1.87,21.13,2.99,1.2,5.91,null,null]],"oneday":{"avg":null,"sunrise":null,"sunset":null},"tide":[null,null,null,null,null,null,null,null,null,null,null,null,null,null,null,null,null,null,null,null,null,null,null,null]},{"weather":[[1.66,20.9,3.63,4.81,6.13,null,null],[1.87,20.75,1.81,2.62,6.34,null,null],[2.19,20.78,1.04,0.98,6.03,null,null],[1,20.71,2.08,1.31,6.67,null,null],[1,22.43,3.89,3.06,6.64,null,null],[3,23.25,3.57,4.49,7.13,null,null],[2.09,23.89,2.99,5.03,8.37,null,null],[1,24.6,1.81,3.28,9.01,null,null],[1,23.8,0.58,1.42,8.89,null,null],[1,22.93,0.13,0.22,8.51,null,null],[0.76,22.21,0,0,8.79,null,null],[0.87,21.34,0.13,0.44,8.44,null,null]],"oneday":{"avg":null,"sunrise":null,"sunset":null},"tide":[null,null,null,null,null,null,null,null,null,null,null,null,null,null,null,null,null,null,null,null,null,null,null,null]},{"weather":[[1,20.5,0.13,0.88,6.94,null,null],[1.32,19.73,0,0.66,7.18,null,null],[1.45,19.24,1.68,0.65,7.03,null,null],[1.87,18.91,2.78,1.96,6.91,null,null],[1.11,20.01,2.46,1.75,5.82,null,null],[0.79,21.61,1.1,0.98,3.98,null,null],[0.48,23.05,0.32,0.44,2.29,null,null],[0,22.67,0,0.33,3.41,null,null],[0.48,20.6,0,0.22,4.22,null,null],[0,18.05,0.78,0.22,3.37,null,null],[0.13,17.29,2.46,0,4.17,null,null],[1.09,17.22,2.59,0.66,4.83,null,null]],"oneday":{"avg":null,"sunrise":null,"sunset":null},"tide":[null,null,null,null,null,null,null,null,null,null,null,null,null,null,null,null,null,null,null,null,null,null,null,null]}],"daily":[{"weather":[2.68,22.71],"tide":[null,null,null,null,null,null,null,null,null,null,null,null,null,null,null,null,null,null,null,null,null,null,null,null],"dailyEx":{"avg":null,"wave":null,"sunrise":null,"sunset":null}},{"weather":[0.45,23.23],"tide":[null,null,null,null,null,null,null,null,null,null,null,null,null,null,null,null,null,null,null,null,null,null,null,null],"dailyEx":{"avg":null,"wave":null,"sunrise":null,"sunset":null}},{"weather":[6.74,23.48],"tide":[null,null,null,null,null,null,null,null,null,null,null,null,null,null,null,null,null,null,null,null,null,null,null,null],"dailyEx":{"avg":null,"wave":null,"sunrise":null,"sunset":null}},{"weather":[1.34,22.8],"tide":[null,null,null,null,null,null,null,null,null,null,null,null,null,null,null,null,null,null,null,null,null,null,null,null],"dailyEx":{"avg":null,"wave":null,"sunrise":null,"sunset":null}},{"weather":[0.68,22.75],"tide":[null,null,null,null,null,null,null,null,null,null,null,null,null,null,null,null,null,null,null,null,null,null,null,null],"dailyEx":{"avg":null,"wave":null,"sunrise":null,"sunset":null}}]}
とり亀つりぼりカフェ,2026-10-05,{"hourly":[{"weather":[[1.09,18.87,0,0,5.24,null,null],[1.44,18.41,0,0.76,5.88,null,null],[1.17,18.43,0.31,0.76,7.24,null,null],[6.41,18.56,2.99,0.55,7.08,null,null],[1.31,19.86,7.71,2.13,7.07,null,null],[1,22.49,12.61,6.61,7.81,null,null],[1.69,23.6,13.27,13.12,7.98,null,null],[2.09,23.46,9.93,22.15,7.19,null,null],[1.75,22.81,4.29,19.14,6.63,null,null],[1.61,21.97,1.26,5.18,5.89,null,null],[1.25,21.46,1.56,0.25,5.48,null,null],[1.61,21.2,4.55,1.47,5.89,null,null]],"oneday":{"avg":null,"sunrise":null,"sunset":null},"tide":[null,null,null,null,null,null,null,null,null,null,null,null,null,null,null,null,null,null,null,null,null,null,null,null]},{"weather":[[1.95,20.91,4.64,5.89,6.24,null,null],[1.69,20.67,1.9,3.45,6.43,null,null],[1.69,20.77,1.86,1.62,6.52,null,null],[1.17,20.9,2.95,1.73,6.87,null,null],[1.17,22.6,4.42,3.16,7.32,null,null],[7.32,23.24,6.45,4.54,7.32,null,null],[2.31,23.84,6.11,5.09,8.69,null,null],[1.09,24.49,3.11,3.66,10.12,null,null],[1.09,23.62,1.56,1.98,9.61,null,null],[1,22.69,0.65,0.51,9.11,null,null],[0.44,22.15,0.35,0,9.61,null,null],[0.69,21.2,0.57,0.36,8.52,null,null]],"oneday":{"avg":null,"sunrise":null,"sunset":null},"tide":[null,null,null,null,null,null,null,null,null,null,null,null,null,null,null,null,null,null,null,null,null,null,null,null]},{"weather":[[1,20.4,0.39,0.72,7.03,null,null],[0.91,19.71,0,0.86,7.09,null,null],[1.31,19.23,1,1.51,6.8,null,null],[1.61,18.85,1.3,3.24,6.66,null,null],[1.25,19.97,1.21,2.73,5.9,null,null],[1.16,21.27,0.39,1.62,4.29,null,null],[1.11,22.63,0.17,1.01,2.72,null,null],[0,22.33,0,0.76,3.72,null,null],[1.11,20.49,0,0.51,4.76,null,null],[0,17.95,0.31,0.51,3.93,null,null],[0.31,17.49,1.21,0,5.15,null,null],[1.11,17.74,1.6,0.86,5.91,null,null]],"oneday":{"avg":null,"sunrise":null,"sunset":null},"tide":[null,null,null,null,null,null,null,null,null,null,null,null,null,null,null,null,null,null,null,null,null,null,null,null]}],"daily":[{"weather":[2.91,22.58],"tide":[null,null,null,null,null,null,null,null,null,null,null,null,null,null,null,null,null,null,null,null,null,null,null,null],"dailyEx":{"avg":null,"wave":null,"sunrise":null,"sunset":null}},{"weather":[0.31,22.73],"tide":[null,null,null,null,null,null,null,null,null,null,null,null,null,null,null,null,null,null,null,null,null,null,null,null],"dailyEx":{"avg":null,"wave":null,"sunrise":null,"sunset":null}},{"weather":[13.59,23.09],"tide":[null,null,null,null,null,null,null,null,null,null,null,null,null,null,null,null,null,null,null,null,null,null,null,null],"dailyEx":{"avg":null,"wave":null,"sunrise":null,"sunset":null}},{"weather":[1.22,22.69],"tide":[null,null,null,null,null,null,null,null,null,null,null,null,null,null,null,null,null,null,null,null,null,null,null,null],"dailyEx":{"avg":null,"wave":null,"sunrise":null,"sunset":null}},{"weather":[1,22.49],"tide":[null,null,null,null,null,null,null,null,null,null,null,null,null,null,null,null,null,null,null,null,null,null,null,null],"dailyEx":{"avg":null,"wave":null,"sunrise":null,"sunset":null}}]}
親水公園フィッシングパーク,2026-10-05,{"hourly":[{"weather":[[1,18.78,0.13,0,4.41,null,null],[1.12,18.36,0.51,0.66,4.95,null,null],[1,18.32,0.79,0.66,6.01,null,null],[2,18.58,5.3,0.44,5.77,null,null],[0.93,20.02,12.99,1.67,5.67,null,null],[1,22.64,21.5,3.85,5.76,null,null],[1.34,23.73,24.87,6.83,5.89,null,null],[1.87,23.57,22.48,13,5.51,null,null],[1.65,22.87,9.97,11.73,5.1,null,null],[1.46,22.09,2.23,3.37,4.76,null,null],[1.35,21.57,2.13,0.22,4.54,null,null],[1.46,21.34,7.94,0.9,4.86,null,null]],"oneday":{"avg":null,"sunrise":null,"sunset":null},"tide":[null,null,null,null,null,null,null,null,null,null,null,null,null,null,null,null,null,null,null,null,null,null,null,null]},{"weather":[[1.69,21.05,8.32,3.61,4.99,null,null],[1.46,20.87,2.89,2.25,5.31,null,null],[1.46,20.96,2.11,1.23,5.36,null,null],[1,21.24,3.71,1.13,5.6,null,null],[1,23.03,5.84,1.6,5.92,null,null],[3,23.55,8.63,2.17,5.57,null,null],[1.68,24.24,7.69,2.51,6.41,null,null],[1,24.8,2.89,2.04,7.25,null,null],[0.87,23.76,1.45,1.35,6.86,null,null],[0.87,22.88,0.66,0.44,6.69,null,null],[0.24,22.26,0,0,7.08,null,null],[0.46,21.27,0.54,0.12,6.28,null,null]],"oneday":{"avg":null,"sunrise":null,"sunset":null},"tide":[null,null,null,null,null,null,null,null,null,null,null,null,null,null,null,null,null,null,null,null,null,null,null,null]},{"weather":[[1,20.5,0.66,0.24,5.74,null,null],[1.13,19.93,0.51,0.56,5.98,null,null],[1.66,19.5,2.74,1.33,5.68,null,null],[1.46,19.21,3.27,2.46,5.37,null,null],[1.35,20.34,2.89,2.01,4.7,null,null],[1.22,21.45,1.17,1.23,3.45,null,null],[1.51,22.54,0.38,0.89,2.29,null,null],[0,22.05,0.25,0.66,3.18,null,null],[1.89,20.41,0.25,0.44,3.65,null,null],[0.13,18.22,0.66,0.44,3.38,null,null],[0.66,17.91,2.13,0,3.94,null,null],[1.04,18.5,3.43,0.56,4.91,null,null]],"oneday":{"avg":null,"sunrise":null,"sunset":null},"tide":[null,null,null,null,null,null,null,null,null,null,null,null,null,null,null,null,null,null,null,null,null,null,null,null]}],"daily":[{"weather":[3,22.69],"tide":[null,null,null,null,null,null,null,null,null,null,null,null,null,null,null,null,null,null,null,null,null,null,null,null],"dailyEx":{"avg":null,"wave":null,"sunrise":null,"sunset":null}},{"weather":[0.79,22.49],"tide":[null,null,null,null,null,null,null,null,null,null,null,null,null,null,null,null,null,null,null,null,null,null,null,null],"dailyEx":{"avg":null,"wave":null,"sunrise":null,"sunset":null}},{"weather":[11.55,23.1],"tide":[null,null,null,null,null,null,null,null,null,null,null,null,null,null,null,null,null,null,null,null,null,null,null,null],"dailyEx":{"avg":null,"wave":null,"sunrise":null,"sunset":null}},{"weather":[1.44,22.79],"tide":[null,null,null,null,null,null,null,null,null,null,null,null,null,null,null,null,null,null,null,null,null,null,null,null],"dailyEx":{"avg":null,"wave":null,"sunrise":null,"sunset":null}},{"weather":[0.87,22.72],"tide":[null,null,null,null,null,null,null,null,null,null,null,null,null,null,null,null,null,null,null,null,null,null,null,null],"dailyEx":{"avg":null,"wave":null,"sunrise":null,"sunset":null}}]}
養老渓谷釣堀センター,2026-10-05,{"hourly":[{"weather":[[1,18.39,0.11,0,4.65,null,null],[1.06,17.95,0.44,1.67,4.85,null,null],[1.11,17.97,0.5,1.67,6.77,null,null],[2,18.13,2.92,1.11,6.28,null,null],[1.34,19.41,7.17,3.96,6.2,null,null],[1,22.11,11.75,7.26,6.42,null,null],[1.61,23.49,14.11,11.41,6.72,null,null],[2,23.59,13.7,24.74,6.28,null,null],[1.45,22.92,6.21,23.22,5.61,null,null],[1.61,22.02,1.38,7.03,5.46,null,null],[1.55,21.42,1.1,0.55,5.25,null,null],[1.61,21.09,4.47,1.79,5.58,null,null]],"oneday":{"avg":null,"sunrise":null,"sunset":null},"tide":[null,null,null,null,null,null,null,null,null,null,null,null,null,null,null,null,null,null,null,null,null,null,null,null]},{"weather":[[2.17,20.8,4.79,7.15,5.66,null,null],[1.61,20.61,1.76,4.69,5.92,null,null],[1.61,20.77,1.27,2.84,6.25,null,null],[1,20.93,2.1,2.35,6.39,null,null],[1,22.71,3.2,2.58,7.01,null,null],[3,23.34,4.69,3.3,6.47,null,null],[2.23,23.99,4.25,3.91,7.54,null,null],[1,24.9,1.76,3.68,8.71,null,null],[1,23.92,0.88,2.9,8.26,null,null],[0.89,22.86,0.39,1.11,8.04,null,null],[0.06,22.26,0,0,8.43,null,null],[0.72,21.17,0.28,0.06,7.2,null,null]],"oneday":{"avg":null,"sunrise":null,"sunset":null},"tide":[null,null,null,null,null,null,null,null,null,null,null,null,null,null,null,null,null,null,null,null,null,null,null,null]},{"weather":[[1,20.44,0.39,0.11,6.79,null,null],[1,19.86,0.44,1.17,7.51,null,null],[1.28,19.4,1.81,3.34,7.27,null,null],[1.72,19.1,2.09,5.69,7.12,null,null],[1.66,20,1.76,4.57,6.25,null,null],[1.66,21.05,0.82,2.84,4.58,null,null],[1.89,22.08,0.33,2.23,3.21,null,null],[0,22.13,0.22,1.67,3.17,null,null],[1.99,20.41,0.22,1.11,5.15,null,null],[0.33,17.81,0.39,1.11,5.15,null,null],[0.6,17.26,1.1,0,6.03,null,null],[1.84,17.75,2.04,1.17,6.11,null,null]],"oneday":{"avg":null,"sunrise":null,"sunset":null},"tide":[null,null,null,null,null,null,null,null,null,null,null,null,null,null,null,null,null,null,null,null,null,null,null,null]}],"daily":[{"weather":[3,22.76],"tide":[null,null,null,null,null,null,null,null,null,null,null,null,null,null,null,null,null,null,null,null,null,null,null,null],"dailyEx":{"avg":null,"wave":null,"sunrise":null,"sunset":null}},{"weather":[0.39,22.81],"tide":[null,null,null,null,null,null,null,null,null,null,null,null,null,null,null,null,null,null,null,null,null,null,null,null],"dailyEx":{"avg":null,"wave":null,"sunrise":null,"sunset":null}},{"weather":[28.52,23.15],"tide":[null,null,null,null,null,null,null,null,null,null,null,null,null,null,null,null,null,null,null,null,null,null,null,null],"dailyEx":{"avg":null,"wave":null,"sunrise":null,"sunset":null}},{"weather":[0.94,22.8],"tide":[null,null,null,null,null,null,null,null,null,null,null,null,null,null,null,null,null,null,null,null,null,null,null,null],"dailyEx":{"avg":null,"wave":null,"sunrise":null,"sunset":null}},{"weather":[0.89,22.85],"tide":[null,null,null,null,null,null,null,null,null,null,null,null,null,null,null,null,null,null,null,null,null,null,null,null],"dailyEx":{"avg":null,"wave":null,"sunrise":null,"sunset":null}}]}
高滝湖,2026-10-05,{"hourly":[{"weather":[[1,18.42,0.18,0,5.04,null,null],[1.14,17.93,0.72,1.5,5.3,null,null],[1,17.94,0.54,1.5,7.09,null,null],[2,18.08,2.3,1,6.68,null,null],[1.65,19.15,5.66,3.66,6.6,null,null],[1,21.66,9.01,7.45,7.2,null,null],[1.64,23.04,12.05,12.47,7.39,null,null],[1.82,23.33,13.87,25.3,6.8,null,null],[1.32,22.79,6.59,23.29,6.06,null,null],[1.82,21.93,1.42,6.88,5.72,null,null],[1.68,21.37,0.7,0.5,5.46,null,null],[1.82,21.08,3.72,1.79,5.78,null,null]],"oneday":{"avg":null,"sunrise":null,"sunset":null},"tide":[null,null,null,null,null,null,null,null,null,null,null,null,null,null,null,null,null,null,null,null,null,null,null,null]},{"weather":[[2.33,20.8,4.26,7.17,5.89,null,null],[1.82,20.62,1.78,4.59,5.99,null,null],[1.82,20.72,1.24,2.65,6.26,null,null],[1,20.76,1.77,2.29,6.55,null,null],[1,22.39,2.47,2.87,7.19,null,null],[3,23.16,3.53,3.8,6.76,null,null],[2.29,23.9,3.36,4.44,7.95,null,null],[1,24.83,1.78,3.87,9.05,null,null],[0.82,23.98,0.89,2.79,8.59,null,null],[0.82,22.92,0.36,1,8.19,null,null],[0.32,22.3,0,0,8.98,null,null],[0.82,21.21,0.18,0.14,7.82,null,null]],"oneday":{"avg":null,"sunrise":null,"sunset":null},"tide":[null,null,null,null,null,null,null,null,null,null,null,null,null,null,null,null,null,null,null,null,null,null,null,null]},{"weather":[[1,20.47,0.36,0.29,7.25,null,null],[1.18,19.86,0.72,1.15,7.79,null,null],[1.36,19.4,2.14,3.01,7.65,null,null],[1.82,19.13,2.32,5.3,7.48,null,null],[1.68,20,1.78,4.3,6.54,null,null],[1.5,21.26,1.07,2.65,4.89,null,null],[1.35,22.43,0.54,2.01,3.51,null,null],[0,22.29,0.36,1.5,3.45,null,null],[1.89,20.61,0.36,1,5.36,null,null],[0.18,17.89,0.36,1,4.99,null,null],[0.36,17.1,0.7,0,5.75,null,null],[2.01,17.44,1.95,1.15,5.65,null,null]],"oneday":{"avg":null,"sunrise":null,"sunset":null},"tide":[null,null,null,null,null,null,null,null,null,null,null,null,null,null,null,null,null,null,null,null,null,null,null,null]}],"daily":[{"weather":[3,22.93],"tide":[null,null,null,null,null,null,null,null,null,null,null,null,null,null,null,null,null,null,null,null,null,null,null,null],"dailyEx":{"avg":null,"wave":null,"sunrise":null,"sunset":null}},{"weather":[0.54,23.11],"tide":[null,null,null,null,null,null,null,null,null,null,null,null,null,null,null,null,null,null,null,null,null,null,null,null],"dailyEx":{"avg":null,"wave":null,"sunrise":null,"sunset":null}},{"weather":[25.87,23.24],"tide":[null,null,null,null,null,null,null,null,null,null,null,null,null,null,null,null,null,null,null,null,null,null,null,null],"dailyEx":{"avg":null,"wave":null,"sunrise":null,"sunset":null}},{"weather":[0.85,22.94],"tide":[null,null,null,null,null,null,null,null,null,null,null,null,null,null,null,null,null,null,null,null,null,null,null,null],"dailyEx":{"avg":null,"wave":null,"sunrise":null,"sunset":null}},{"weather":[0.82,22.93],"tide":[null,null,null,null,null,null,null,null,null,null,null,null,null,null,null,null,null,null,null,null,null,null,null,null],"dailyEx":{"avg":null,"wave":null,"sunrise":null,"sunset":null}}]}
上総一ノ宮駅周辺,2026-10-05,{"hourly":[{"weather":[[1.12,19.01,0,0,5.62,null,null],[1.6,18.53,0,0.54,6.4,null,null],[1.24,18.56,0.22,0.54,7.68,null,null],[8.12,18.66,2.32,0.42,7.61,null,null],[1.45,19.91,6.23,1.75,7.63,null,null],[1,22.48,9.98,6.98,8.64,null,null],[1.78,23.55,10.28,14.8,8.78,null,null],[2.12,23.4,7.48,23.3,7.8,null,null],[1.82,22.77,3.31,19.57,7.22,null,null],[1.66,21.93,1.13,5.06,6.26,null,null],[1.18,21.46,1.35,0.18,5.76,null,null],[1.66,21.21,3.67,1.51,6.21,null,null]],"oneday":{"avg":null,"sunrise":null,"sunset":null},"tide":[null,null,null,null,null,null,null,null,null,null,null,null,null,null,null,null,null,null,null,null,null,null,null,null]},{"weather":[[1.96,20.92,3.79,6.02,6.66,null,null],[1.78,20.67,1.83,3.37,6.81,null,null],[1.78,20.74,1.97,1.39,6.84,null,null],[1.24,20.83,2.87,1.69,7.28,null,null],[1.24,22.48,4.1,3.61,7.71,null,null],[9,23.16,5.91,5.32,7.91,null,null],[2.45,23.74,5.83,5.9,9.44,null,null],[1.12,24.36,3.51,3.97,11.04,null,null],[1.12,23.57,1.75,1.87,10.49,null,null],[1,22.65,0.7,0.36,9.84,null,null],[0.6,22.13,0.48,0,10.45,null,null],[0.78,21.22,0.58,0.48,9.33,null,null]],"oneday":{"avg":null,"sunrise":null,"sunset":null},"tide":[null,null,null,null,null,null,null,null,null,null,null,null,null,null,null,null,null,null,null,null,null,null,null,null]},{"weather":[[1,20.4,0.34,0.96,7.42,null,null],[0.88,19.67,0,0.84,7.3,null,null],[1.22,19.17,0.77,1.09,7.02,null,null],[1.66,18.76,0.99,2.77,6.89,null,null],[1.18,19.91,0.87,2.41,6.13,null,null],[1.06,21.34,0.34,1.39,4.45,null,null],[0.8,22.81,0.24,0.73,2.75,null,null],[0,22.43,0,0.54,3.96,null,null],[0.8,20.54,0,0.36,4.94,null,null],[0,17.95,0.22,0.36,3.74,null,null],[0.22,17.45,0.87,0,5.15,null,null],[1.02,17.53,1.21,0.84,5.96,null,null]],"oneday":{"avg":null,"sunrise":null,"sunset":null},"tide":[null,null,null,null,null,null,null,null,null,null,null,null,null,null,null,null,null,null,null,null,null,null,null,null]}],"daily":[{"weather":[2.88,22.54],"tide":[null,null,null,null,null,null,null,null,null,null,null,null,null,null,null,null,null,null,null,null,null,null,null,null],"dailyEx":{"avg":null,"wave":null,"sunrise":null,"sunset":null}},{"weather":[0.22,22.8],"tide":[null,null,null,null,null,null,null,null,null,null,null,null,null,null,null,null,null,null,null,null,null,null,null,null],"dailyEx":{"avg":null,"wave":null,"sunrise":null,"sunset":null}},{"weather":[10.2,23.09],"tide":[null,null,null,null,null,null,null,null,null,null,null,null,null,null,null,null,null,null,null,null,null,null,null,null],"dailyEx":{"avg":null,"wave":null,"sunrise":null,"sunset":null}},{"weather":[1.27,22.66],"tide":[null,null,null,null,null,null,null,null,null,null,null,null,null,null,null,null,null,null,null,null,null,null,null,null],"dailyEx":{"avg":null,"wave":null,"sunrise":null,"sunset":null}},{"weather":[1,22.38],"tide":[null,null,null,null,null,null,null,null,null,null,null,null,null,null,null,null,null,null,null,null,null,null,null,null],"dailyEx":{"avg":null,"wave":null,"sunrise":null,"sunset":null}}]}
手賀沼,2026-10-05,{"hourly":[{"weather":[[1.59,17.86,0,0,6.56,null,null],[1.41,17.29,0,0,7.19,null,null],[1,17.14,0,0,8.02,null,null],[1.48,17.22,0,0,7.93,null,null],[1.93,18.52,0,3.8,8.61,null,null],[1.07,20.85,0,11.94,9.32,null,null],[2,22.53,0,21.12,8.84,null,null],[2,23.11,0,27.78,7.66,null,null],[2,22.66,0,23.12,6.71,null,null],[1.93,21.5,0,8.98,5.06,null,null],[1,20.83,0,4.87,4.74,null,null],[2,20.6,0,5.32,5.6,null,null]],"oneday":{"avg":null,"sunrise":null,"sunset":null},"tide":[null,null,null,null,null,null,null,null,null,null,null,null,null,null,null,null,null,null,null,null,null,null,null,null]},{"weather":[[1.48,20.37,0,8,6.43,null,null],[1.41,20.08,0,4.52,6.47,null,null],[1.48,19.6,0,2.56,5.39,null,null],[0.48,19.45,0,3.04,6.88,null,null],[1,21.45,0,4.76,6.83,null,null],[1.96,23.88,0,6.59,7.98,null,null],[3,24.95,0,8.56,8.84,null,null],[1,25.98,0,6.38,10.28,null,null],[1.52,25.38,0,4.14,8.55,null,null],[1.52,23.38,0,3.25,8.93,null,null],[1,21.93,0,1.11,9.1,null,null],[1.07,20.76,0,0.41,8.77,null,null]],"oneday":{"avg":null,"sunrise":null,"sunset":null},"tide":[null,null,null,null,null,null,null,null,null,null,null,null,null,null,null,null,null,null,null,null,null,null,null,null]},{"weather":[[0.48,19.93,0,0.83,8.11,null,null],[0.48,19.05,0,0.41,8.93,null,null],[0.41,18.5,0,0,9.15,null,null],[0.83,17.85,0,0.83,7.59,null,null],[0.41,19.9,0,0.83,9.22,null,null],[0.41,22.3,0,0.41,8.75,null,null],[0,24.36,0,0,7.61,null,null],[0,24.22,0,0.2,6.5,null,null],[3.41,21.83,0.01,0.33,8.26,null,null],[1.04,18.48,0,0.4,3.87,null,null],[0,17.63,0,4.04,5.24,null,null],[0.48,16.57,0,7.04,6.22,null,null]],"oneday":{"avg":null,"sunrise":null,"sunset":null},"tide":[null,null,null,null,null,null,null,null,null,null,null,null,null,null,null,null,null,null,null,null,null,null,null,null]}],"daily":[{"weather":[3,22.63],"tide":[null,null,null,null,null,null,null,null,null,null,null,null,null,null,null,null,null,null,null,null,null,null,null,null],"dailyEx":{"avg":null,"wave":null,"sunrise":null,"sunset":null}},{"weather":[0.07,23.13],"tide":[null,null,null,null,null,null,null,null,null,null,null,null,null,null,null,null,null,null,null,null,null,null,null,null],"dailyEx":{"avg":null,"wave":null,"sunrise":null,"sunset":null}},{"weather":[2.59,23.28],"tide":[null,null,null,null,null,null,null,null,null,null,null,null,null,null,null,null,null,null,null,null,null,null,null,null],"dailyEx":{"avg":null,"wave":null,"sunrise":null,"sunset":null}},{"weather":[0.48,23.15],"tide":[null,null,null,null,null,null,null,null,null,null,null,null,null,null,null,null,null,null,null,null,null,null,null,null],"dailyEx":{"avg":null,"wave":null,"sunrise":null,"sunset":null}},{"weather":[1.13,23.03],"tide":[null,null,null,null,null,null,null,null,null,null,null,null,null,null,null,null,null,null,null,null,null,null,null,null],"dailyEx":{"avg":null,"wave":null,"sunrise":null,"sunset":null}}]}
柳原水門,2026-10-05,{"hourly":[{"weather":[[1.36,17.97,0,0,4.25,null,null],[1.03,17.45,0,0,4.49,null,null],[1.14,17.4,0.14,0,4.64,null,null],[1.64,17.58,4.23,0,4.55,null,null],[1.93,18.75,10.51,2.19,4.96,null,null],[1,20.55,11.8,5.31,4.76,null,null],[1.45,22.15,11.39,7.82,4.32,null,null],[1.93,23.02,9.68,9.86,3.86,null,null],[1.38,22.62,5.39,8.59,3.18,null,null],[1.45,21.7,2.87,4.48,2.58,null,null],[1.62,21.14,2.18,3.24,2.65,null,null],[1.38,20.85,2.46,2.94,3.22,null,null]],"oneday":{"avg":null,"sunrise":null,"sunset":null},"tide":[null,null,null,null,null,null,null,null,null,null,null,null,null,null,null,null,null,null,null,null,null,null,null,null]},{"weather":[[1.03,20.66,2.59,3.09,3.5,null,null],[1.64,20.36,2.46,1.9,3.75,null,null],[1.09,19.81,1.23,1.47,3.13,null,null],[0.64,19.95,2.46,1.49,3.91,null,null],[0.38,22.23,4.91,1.6,3.88,null,null],[2.28,24.71,4.16,2.03,4.44,null,null],[1.77,26.07,3,3.14,4.25,null,null],[1,27.17,2.46,2.67,4.31,null,null],[1.36,25.93,1.71,2.22,3.76,null,null],[1.36,23.58,1.09,2.16,5.06,null,null],[1,21.88,1.09,0.72,4.84,null,null],[1,20.83,0.55,0.03,5.04,null,null]],"oneday":{"avg":null,"sunrise":null,"sunset":null},"tide":[null,null,null,null,null,null,null,null,null,null,null,null,null,null,null,null,null,null,null,null,null,null,null,null]},{"weather":[[0.64,20.17,0,0.05,5.67,null,null],[0.64,19.53,0,0.03,6.4,null,null],[0.71,19.15,3.55,0,6.59,null,null],[0.74,18.98,4.3,0.05,5.31,null,null],[0.64,21.12,2.59,0.05,6.49,null,null],[0.03,23.54,1.85,0.03,6.62,null,null],[0,24.87,0.62,0,6.01,null,null],[0,24.14,0,0,4.59,null,null],[0,21.43,0,0,4.8,null,null],[1.26,19.34,1.78,0,1.7,null,null],[0,18.83,5.86,2.52,1.86,null,null],[27.91,17.47,10.23,4.41,2.82,null,null]],"oneday":{"avg":null,"sunrise":null,"sunset":null},"tide":[null,null,null,null,null,null,null,null,null,null,null,null,null,null,null,null,null,null,null,null,null,null,null,null]}],"daily":[{"weather":[29.1,24.05],"tide":[null,null,null,null,null,null,null,null,null,null,null,null,null,null,null,null,null,null,null,null,null,null,null,null],"dailyEx":{"avg":null,"wave":null,"sunrise":null,"sunset":null}},{"weather":[28.02,23.01],"tide":[null,null,null,null,null,null,null,null,null,null,null,null,null,null,null,null,null,null,null,null,null,null,null,null],"dailyEx":{"avg":null,"wave":null,"sunrise":null,"sunset":null}},{"weather":[1.2,23.4],"tide":[null,null,null,null,null,null,null,null,null,null,null,null,null,null,null,null,null,null,null,null,null,null,null,null],"dailyEx":{"avg":null,"wave":null,"sunrise":null,"sunset":null}},{"weather":[1.87,23.4],"tide":[null,null,null,null,null,null,null,null,null,null,null,null,null,null,null,null,null,null,null,null,null,null,null,null],"dailyEx":{"avg":null,"wave":null,"sunrise":null,"sunset":null}},{"weather":[0.38,23.86],"tide":[null,null,null,null,null,null,null,null,null,null,null,null,null,null,null,null,null,null,null,null,null,null,null,null],"dailyEx":{"avg":null,"wave":null,"sunrise":null,"sunset":null}}]}
将藍川,2026-10-05,{"hourly":[{"weather":[[1.45,17.89,0,0,6.52,null,null],[1.58,17.37,0,0,7.45,null,null],[1.07,17.38,0,0,8.29,null,null],[3.56,17.59,0.1,0.02,8.53,null,null],[1.64,18.96,0.39,2.41,8.53,null,null],[1.32,21.28,0.52,9.4,9.58,null,null],[2,22.66,0.42,18.96,9.69,null,null],[2.03,22.63,0.19,26.01,8.76,null,null],[2,22.15,0.13,20.9,7.87,null,null],[1.64,21.15,0.13,5.72,6.24,null,null],[1,20.61,0.13,1.81,5.81,null,null],[1.97,20.47,0.23,3.47,6.04,null,null]],"oneday":{"avg":null,"sunrise":null,"sunset":null},"tide":[null,null,null,null,null,null,null,null,null,null,null,null,null,null,null,null,null,null,null,null,null,null,null,null]},{"weather":[[1.91,20.3,0.26,7.74,6.83,null,null],[1.58,20.04,0.26,3.96,6.62,null,null],[1.91,19.89,0.36,1.25,6.47,null,null],[0.97,19.82,0.42,2.12,6.84,null,null],[1.07,21.87,0.52,4.65,7.47,null,null],[4.43,23.22,0.71,6.74,7.37,null,null],[2.97,23.89,0.81,7.55,9.03,null,null],[1.03,24.72,0.71,5.25,11.07,null,null],[1.12,24.17,0.36,2.63,10.14,null,null],[1.09,22.64,0.13,1.21,9.8,null,null],[1,21.66,0.13,0.51,10.64,null,null],[1.32,20.69,0.1,0.55,9.42,null,null]],"oneday":{"avg":null,"sunrise":null,"sunset":null},"tide":[null,null,null,null,null,null,null,null,null,null,null,null,null,null,null,null,null,null,null,null,null,null,null,null]},{"weather":[[0.91,19.81,0.03,1.1,7.51,null,null],[0.88,18.94,0,0.55,7.62,null,null],[0.58,18.33,0.03,0,7.4,null,null],[1.13,17.37,0.03,1.1,6.38,null,null],[0.58,19.3,0,1.1,6.98,null,null],[0.55,21.59,0.03,0.55,5.53,null,null],[0,23.66,0.07,0,4.32,null,null],[0,23.29,0,0.97,4.83,null,null],[16.51,21.03,0.03,1.62,5.95,null,null],[0.19,17.88,0,1.94,3.72,null,null],[0,16.79,0,2.59,6.78,null,null],[0.88,16.09,0.03,3.61,5.88,null,null]],"oneday":{"avg":null,"sunrise":null,"sunset":null},"tide":[null,null,null,null,null,null,null,null,null,null,null,null,null,null,null,null,null,null,null,null,null,null,null,null]}],"daily":[{"weather":[2.97,22.24],"tide":[null,null,null,null,null,null,null,null,null,null,null,null,null,null,null,null,null,null,null,null,null,null,null,null],"dailyEx":{"avg":null,"wave":null,"sunrise":null,"sunset":null}},{"weather":[0.32,22.85],"tide":[null,null,null,null,null,null,null,null,null,null,null,null,null,null,null,null,null,null,null,null,null,null,null,null],"dailyEx":{"avg":null,"wave":null,"sunrise":null,"sunset":null}},{"weather":[2.35,22.77],"tide":[null,null,null,null,null,null,null,null,null,null,null,null,null,null,null,null,null,null,null,null,null,null,null,null],"dailyEx":{"avg":null,"wave":null,"sunrise":null,"sunset":null}},{"weather":[0.97,22.57],"tide":[null,null,null,null,null,null,null,null,null,null,null,null,null,null,null,null,null,null,null,null,null,null,null,null],"dailyEx":{"avg":null,"wave":null,"sunrise":null,"sunset":null}},{"weather":[1.65,22],"tide":[null,null,null,null,null,null,null,null,null,null,null,null,null,null,null,null,null,null,null,null,null,null,null,null],"dailyEx":{"avg":null,"wave":null,"sunrise":null,"sunset":null}}]}
長門川,2026-10-05,{"hourly":[{"weather":[[1.44,18.05,0,0,6.4,null,null],[1.63,17.54,0,0,7.39,null,null],[1.14,17.57,0,0,8.27,null,null],[3.54,17.79,0.21,0.02,8.57,null,null],[1.64,19.13,0.83,2.13,8.49,null,null],[3.27,21.37,1.1,8.8,9.58,null,null],[2,22.68,0.9,18.16,9.73,null,null],[2.03,22.58,0.41,25.05,8.8,null,null],[2,22.1,0.28,20.03,7.95,null,null],[1.6,21.15,0.28,5.14,6.35,null,null],[1,20.64,0.28,1.35,5.92,null,null],[1.93,20.51,0.48,3.09,6.06,null,null]],"oneday":{"avg":null,"sunrise":null,"sunset":null},"tide":[null,null,null,null,null,null,null,null,null,null,null,null,null,null,null,null,null,null,null,null,null,null,null,null]},{"weather":[[1.92,20.35,0.55,7.45,6.81,null,null],[1.63,20.09,0.55,3.76,6.57,null,null],[1.96,20,0.76,1.05,6.53,null,null],[1.1,19.95,0.9,1.94,6.79,null,null],[1.14,21.95,1.1,4.5,7.49,null,null],[4.43,23.11,1.52,6.57,7.3,null,null],[2.93,23.72,1.72,7.22,9.04,null,null],[1.07,24.48,1.52,4.95,11.12,null,null],[1.07,23.97,0.76,2.35,10.32,null,null],[1.04,22.54,0.28,0.9,9.89,null,null],[1,21.65,0.28,0.41,10.76,null,null],[1.37,20.72,0.21,0.56,9.47,null,null]],"oneday":{"avg":null,"sunrise":null,"sunset":null},"tide":[null,null,null,null,null,null,null,null,null,null,null,null,null,null,null,null,null,null,null,null,null,null,null,null]},{"weather":[[0.96,19.84,0.07,1.12,7.38,null,null],[0.89,18.97,0,0.56,7.35,null,null],[0.63,18.35,0.07,0,7.07,null,null],[1.18,17.4,0.07,1.12,6.16,null,null],[0.59,19.29,0,1.12,6.59,null,null],[0.56,21.53,0.07,0.56,5.05,null,null],[0,23.55,0.14,0,3.83,null,null],[0,23.15,0,1.01,4.55,null,null],[17.11,20.89,0.03,1.68,5.56,null,null],[0.08,17.84,0,2.01,3.6,null,null],[0,16.78,0,2.28,6.8,null,null],[0.89,16.14,0.07,3.02,5.77,null,null]],"oneday":{"avg":null,"sunrise":null,"sunset":null},"tide":[null,null,null,null,null,null,null,null,null,null,null,null,null,null,null,null,null,null,null,null,null,null,null,null]}],"daily":[{"weather":[2.89,22.23],"tide":[null,null,null,null,null,null,null,null,null,null,null,null,null,null,null,null,null,null,null,null,null,null,null,null],"dailyEx":{"avg":null,"wave":null,"sunrise":null,"sunset":null}},{"weather":[0.37,22.76],"tide":[null,null,null,null,null,null,null,null,null,null,null,null,null,null,null,null,null,null,null,null,null,null,null,null],"dailyEx":{"avg":null,"wave":null,"sunrise":null,"sunset":null}},{"weather":[2.23,22.69],"tide":[null,null,null,null,null,null,null,null,null,null,null,null,null,null,null,null,null,null,null,null,null,null,null,null],"dailyEx":{"avg":null,"wave":null,"sunrise":null,"sunset":null}},{"weather":[2.96,22.48],"tide":[null,null,null,null,null,null,null,null,null,null,null,null,null,null,null,null,null,null,null,null,null,null,null,null],"dailyEx":{"avg":null,"wave":null,"sunrise":null,"sunset":null}},{"weather":[1.67,21.85],"tide":[null,null,null,null,null,null,null,null,null,null,null,null,null,null,null,null,null,null,null,null,null,null,null,null],"dailyEx":{"avg":null,"wave":null,"sunrise":null,"sunset":null}}]}
新川,2026-10-05,{"hourly":[{"weather":[[1.29,18.1,0,0,6.5,null,null],[1.64,17.47,0,0,7.39,null,null],[1.14,17.39,0.14,0,8.46,null,null],[1.73,17.49,0.41,0,8.48,null,null],[1.9,18.84,0.68,2.37,8.74,null,null],[1.03,21.46,0.88,10.34,10.08,null,null],[2,22.95,1.02,20.96,9.83,null,null],[1.93,23.19,0.95,28.16,8.3,null,null],[1.93,22.61,0.48,22.82,7.54,null,null],[1.97,21.54,0.14,7.15,5.85,null,null],[1.07,20.96,0,2.51,5.34,null,null],[1.93,20.74,0.27,3.57,5.97,null,null]],"oneday":{"avg":null,"sunrise":null,"sunset":null},"tide":[null,null,null,null,null,null,null,null,null,null,null,null,null,null,null,null,null,null,null,null,null,null,null,null]},{"weather":[[1.66,20.49,0.41,7.46,6.76,null,null],[1.71,20.2,0.27,3.99,6.72,null,null],[1.73,19.94,0.14,1.74,6.15,null,null],[0.73,19.82,0.27,2.41,7.22,null,null],[0.93,21.83,0.54,4.97,7.37,null,null],[2.46,23.54,0.34,7.17,8.23,null,null],[2.86,24.43,0.27,8.61,9.54,null,null],[1,25.32,0.27,5.8,11.14,null,null],[1.27,24.57,0.07,2.97,9.78,null,null],[1.27,22.99,0,1.67,9.36,null,null],[1,21.96,0,0.57,10.03,null,null],[1.03,20.9,0,0.64,9.39,null,null]],"oneday":{"avg":null,"sunrise":null,"sunset":null},"tide":[null,null,null,null,null,null,null,null,null,null,null,null,null,null,null,null,null,null,null,null,null,null,null,null]},{"weather":[[0.73,20,0,1.27,7.56,null,null],[0.73,19.07,0,0.64,7.91,null,null],[0.77,18.52,0.27,0,8.04,null,null],[1.4,17.99,0.48,1.27,7.21,null,null],[0.71,19.81,0.41,1.27,7.82,null,null],[0.64,22.09,0.2,0.64,6.83,null,null],[0,24.09,0.07,0,5.24,null,null],[0,23.62,0,0.08,5.59,null,null],[1.41,21.38,0,0.14,7.03,null,null],[0.54,18.23,0.14,0.17,3.6,null,null],[0,17.4,0.41,2.05,5.09,null,null],[0.73,16.63,0.41,4.03,5.92,null,null]],"oneday":{"avg":null,"sunrise":null,"sunset":null},"tide":[null,null,null,null,null,null,null,null,null,null,null,null,null,null,null,null,null,null,null,null,null,null,null,null]}],"daily":[{"weather":[2.93,22.74],"tide":[null,null,null,null,null,null,null,null,null,null,null,null,null,null,null,null,null,null,null,null,null,null,null,null],"dailyEx":{"avg":null,"wave":null,"sunrise":null,"sunset":null}},{"weather":[0.23,23.28],"tide":[null,null,null,null,null,null,null,null,null,null,null,null,null,null,null,null,null,null,null,null,null,null,null,null],"dailyEx":{"avg":null,"wave":null,"sunrise":null,"sunset":null}},{"weather":[2.23,23.35],"tide":[null,null,null,null,null,null,null,null,null,null,null,null,null,null,null,null,null,null,null,null,null,null,null,null],"dailyEx":{"avg":null,"wave":null,"sunrise":null,"sunset":null}},{"weather":[0.87,22.91],"tide":[null,null,null,null,null,null,null,null,null,null,null,null,null,null,null,null,null,null,null,null,null,null,null,null],"dailyEx":{"avg":null,"wave":null,"sunrise":null,"sunset":null}},{"weather":[0.99,22.82],"tide":[null,null,null,null,null,null,null,null,null,null,null,null,null,null,null,null,null,null,null,null,null,null,null,null],"dailyEx":{"avg":null,"wave":null,"sunrise":null,"sunset":null}}]}
西印旛沼,2026-10-05,{"hourly":[{"weather":[[1.24,18.04,0,0,6.21,null,null],[1.62,17.41,0,0,7.13,null,null],[1.28,17.38,0.28,0,8.14,null,null],[1.86,17.53,0.85,0,8.22,null,null],[1.76,18.92,1.42,1.86,8.27,null,null],[1.1,21.54,1.85,8.95,9.59,null,null],[2,22.94,2.13,18.85,9.52,null,null],[1.86,23.03,1.99,25.62,8.13,null,null],[1.86,22.43,1,20.57,7.43,null,null],[1.9,21.43,0.28,5.81,5.84,null,null],[1.14,20.87,0,1.57,5.35,null,null],[1.86,20.68,0.57,2.86,5.78,null,null]],"oneday":{"avg":null,"sunrise":null,"sunset":null},"tide":[null,null,null,null,null,null,null,null,null,null,null,null,null,null,null,null,null,null,null,null,null,null,null,null]},{"weather":[[1.72,20.46,0.85,6.86,6.49,null,null],[1.76,20.18,0.57,3.57,6.4,null,null],[1.86,20.01,0.28,1.28,6.09,null,null],[0.86,19.92,0.57,2,6.79,null,null],[0.86,22.03,1.14,4.57,7.11,null,null],[2.71,23.38,0.71,6.67,7.58,null,null],[2.72,24.21,0.57,7.71,8.99,null,null],[1,25.07,0.57,5.09,10.59,null,null],[1.14,24.27,0.14,2.38,9.51,null,null],[1.14,22.8,0,1.05,8.97,null,null],[1,21.87,0,0.38,9.82,null,null],[1.1,20.84,0,0.62,8.98,null,null]],"oneday":{"avg":null,"sunrise":null,"sunset":null},"tide":[null,null,null,null,null,null,null,null,null,null,null,null,null,null,null,null,null,null,null,null,null,null,null,null]},{"weather":[[0.86,19.93,0,1.24,7,null,null],[0.86,19.02,0,0.62,7.19,null,null],[0.9,18.45,0.57,0,7.22,null,null],[1.52,17.9,1,1.24,6.54,null,null],[0.76,19.73,0.85,1.24,6.86,null,null],[0.62,22.02,0.43,0.62,5.69,null,null],[0,23.94,0.14,0,4.18,null,null],[0,23.34,0,0.29,4.94,null,null],[4.94,21.14,0.01,0.48,6.07,null,null],[0.29,18.17,0.28,0.58,3.37,null,null],[0,17.31,0.85,1.57,5.18,null,null],[0.86,16.61,0.85,2.9,5.46,null,null]],"oneday":{"avg":null,"sunrise":null,"sunset":null},"tide":[null,null,null,null,null,null,null,null,null,null,null,null,null,null,null,null,null,null,null,null,null,null,null,null]}],"daily":[{"weather":[2.86,22.77],"tide":[null,null,null,null,null,null,null,null,null,null,null,null,null,null,null,null,null,null,null,null,null,null,null,null],"dailyEx":{"avg":null,"wave":null,"sunrise":null,"sunset":null}},{"weather":[0.52,23.2],"tide":[null,null,null,null,null,null,null,null,null,null,null,null,null,null,null,null,null,null,null,null,null,null,null,null],"dailyEx":{"avg":null,"wave":null,"sunrise":null,"sunset":null}},{"weather":[2.1,23.23],"tide":[null,null,null,null,null,null,null,null,null,null,null,null,null,null,null,null,null,null,null,null,null,null,null,null],"dailyEx":{"avg":null,"wave":null,"sunrise":null,"sunset":null}},{"weather":[1.14,22.76],"tide":[null,null,null,null,null,null,null,null,null,null,null,null,null,null,null,null,null,null,null,null,null,null,null,null],"dailyEx":{"avg":null,"wave":null,"sunrise":null,"sunset":null}},{"weather":[1.05,22.62],"tide":[null,null,null,null,null,null,null,null,null,null,null,null,null,null,null,null,null,null,null,null,null,null,null,null],"dailyEx":{"avg":null,"wave":null,"sunrise":null,"sunset":null}}]}
北印旛沼,2026-10-05,{"hourly":[{"weather":[[1.36,18.2,0,0,6.58,null,null],[1.7,17.65,0,0,7.58,null,null],[1.11,17.67,0,0,8.53,null,null],[4.82,17.82,0.17,0.03,8.75,null,null],[1.72,19.15,0.68,2.03,8.76,null,null],[1.22,21.57,0.91,9.32,10.05,null,null],[2,22.88,0.74,19.63,10.12,null,null],[2.06,22.83,0.34,26.89,8.96,null,null],[2,22.31,0.23,21.51,8.14,null,null],[1.72,21.33,0.23,5.71,6.49,null,null],[1,20.81,0.23,1.42,5.97,null,null],[1.94,20.65,0.4,3.05,6.3,null,null]],"oneday":{"avg":null,"sunrise":null,"sunset":null},"tide":[null,null,null,null,null,null,null,null,null,null,null,null,null,null,null,null,null,null,null,null,null,null,null,null]},{"weather":[[1.92,20.45,0.46,7.54,7.09,null,null],[1.7,20.18,0.46,3.85,6.93,null,null],[1.92,20.06,0.63,1.19,6.76,null,null],[1.03,19.99,0.74,2.05,7.26,null,null],[1.11,21.94,0.91,4.82,7.8,null,null],[5.68,23.18,1.25,7.08,7.97,null,null],[2.94,23.84,1.42,7.93,9.7,null,null],[1.06,24.61,1.25,5.3,11.71,null,null],[1.14,24.03,0.63,2.44,10.78,null,null],[1.08,22.64,0.23,0.95,10.23,null,null],[1,21.78,0.23,0.39,11.1,null,null],[1.22,20.84,0.17,0.64,9.93,null,null]],"oneday":{"avg":null,"sunrise":null,"sunset":null},"tide":[null,null,null,null,null,null,null,null,null,null,null,null,null,null,null,null,null,null,null,null,null,null,null,null]},{"weather":[[0.92,19.95,0.06,1.27,7.7,null,null],[0.86,19.07,0,0.64,7.68,null,null],[0.7,18.47,0.06,0,7.5,null,null],[1.33,17.66,0.06,1.27,6.73,null,null],[0.7,19.42,0,1.27,7.01,null,null],[0.64,21.6,0.06,0.64,5.5,null,null],[0,23.63,0.11,0,4.02,null,null],[0,23.19,0,0.67,4.86,null,null],[11.34,20.99,0.02,1.11,5.98,null,null],[0.17,17.89,0,1.33,3.65,null,null],[0,16.92,0,1.92,6.32,null,null],[0.86,16.3,0.06,2.97,5.98,null,null]],"oneday":{"avg":null,"sunrise":null,"sunset":null},"tide":[null,null,null,null,null,null,null,null,null,null,null,null,null,null,null,null,null,null,null,null,null,null,null,null]}],"daily":[{"weather":[2.94,22.33],"tide":[null,null,null,null,null,null,null,null,null,null,null,null,null,null,null,null,null,null,null,null,null,null,null,null],"dailyEx":{"avg":null,"wave":null,"sunrise":null,"sunset":null}},{"weather":[0.22,22.95],"tide":[null,null,null,null,null,null,null,null,null,null,null,null,null,null,null,null,null,null,null,null,null,null,null,null],"dailyEx":{"avg":null,"wave":null,"sunrise":null,"sunset":null}},{"weather":[2.19,22.91],"tide":[null,null,null,null,null,null,null,null,null,null,null,null,null,null,null,null,null,null,null,null,null,null,null,null],"dailyEx":{"avg":null,"wave":null,"sunrise":null,"sunset":null}},{"weather":[1.03,22.6],"tide":[null,null,null,null,null,null,null,null,null,null,null,null,null,null,null,null,null,null,null,null,null,null,null,null],"dailyEx":{"avg":null,"wave":null,"sunrise":null,"sunset":null}},{"weather":[1.44,22.1],"tide":[null,null,null,null,null,null,null,null,null,null,null,null,null,null,null,null,null,null,null,null,null,null,null,null],"dailyEx":{"avg":null,"wave":null,"sunrise":null,"sunset":null}}]}
五十嵐橋周辺,2026-10-05,{"hourly":[{"weather":[[1.55,19.04,0.12,0,5.67,null,null],[1.78,18.39,0.48,0.14,6.45,null,null],[1.55,18.27,1.39,0.14,6.95,null,null],[2,18.52,4.27,0.09,6.84,null,null],[1.89,19.59,7.9,0.55,6.3,null,null],[1,21.71,10.86,2.85,7.05,null,null],[1.28,23.03,13.8,6.35,7.36,null,null],[1.33,23.18,15.04,9.48,6.39,null,null],[1.83,22.7,7.44,7.78,6.08,null,null],[1.94,21.99,1.86,1.93,5.37,null,null],[1.17,21.56,0.22,0.05,5.01,null,null],[1.94,21.31,3.87,0.6,5.5,null,null]],"oneday":{"avg":null,"sunrise":null,"sunset":null},"tide":[null,null,null,null,null,null,null,null,null,null,null,null,null,null,null,null,null,null,null,null,null,null,null,null]},{"weather":[[1.44,21.13,5.33,2.39,5.36,null,null],[1.94,21.1,3.14,1.29,5.75,null,null],[2.49,21.1,1.74,0.46,5.1,null,null],[1,20.94,3.01,0.64,5.87,null,null],[1,22.46,5.42,1.57,5.49,null,null],[3,23.28,4.17,2.3,6.16,null,null],[1.55,24,3.63,2.58,6.95,null,null],[1,24.68,3.14,1.66,6.64,null,null],[0.88,23.99,1.02,0.69,7.11,null,null],[0.88,23.28,0.18,0.09,7.24,null,null],[0.9,22.4,0,0,7.18,null,null],[0.94,21.57,0.06,0.23,7.43,null,null]],"oneday":{"avg":null,"sunrise":null,"sunset":null},"tide":[null,null,null,null,null,null,null,null,null,null,null,null,null,null,null,null,null,null,null,null,null,null,null,null]},{"weather":[[1,20.81,0.18,0.46,6.91,null,null],[1.67,20.15,0.48,0.32,7.23,null,null],[1.72,19.71,3.44,0.28,7.07,null,null],[1.94,19.51,5.14,0.92,6.83,null,null],[1.17,20.36,4.23,0.83,5.33,null,null],[0.5,21.89,2.3,0.46,3.47,null,null],[0.2,23.07,0.91,0.18,2.04,null,null],[0,22.62,0.24,0.14,2.73,null,null],[0.56,20.57,0.24,0.09,3.01,null,null],[0.12,18.39,1.27,0.09,2.71,null,null],[0.18,17.54,3.51,0,2.74,null,null],[1.16,17.43,4.29,0.32,3.39,null,null]],"oneday":{"avg":null,"sunrise":null,"sunset":null},"tide":[null,null,null,null,null,null,null,null,null,null,null,null,null,null,null,null,null,null,null,null,null,null,null,null]}],"daily":[{"weather":[2.45,22.88],"tide":[null,null,null,null,null,null,null,null,null,null,null,null,null,null,null,null,null,null,null,null,null,null,null,null],"dailyEx":{"avg":null,"wave":null,"sunrise":null,"sunset":null}},{"weather":[0.84,23.3],"tide":[null,null,null,null,null,null,null,null,null,null,null,null,null,null,null,null,null,null,null,null,null,null,null,null],"dailyEx":{"avg":null,"wave":null,"sunrise":null,"sunset":null}},{"weather":[3.35,23.63],"tide":[null,null,null,null,null,null,null,null,null,null,null,null,null,null,null,null,null,null,null,null,null,null,null,null],"dailyEx":{"avg":null,"wave":null,"sunrise":null,"sunset":null}},{"weather":[1.68,22.99],"tide":[null,null,null,null,null,null,null,null,null,null,null,null,null,null,null,null,null,null,null,null,null,null,null,null],"dailyEx":{"avg":null,"wave":null,"sunrise":null,"sunset":null}},{"weather":[0.33,22.98],"tide":[null,null,null,null,null,null,null,null,null,null,null,null,null,null,null,null,null,null,null,null,null,null,null,null],"dailyEx":{"avg":null,"wave":null,"sunrise":null,"sunset":null}}]}
境川しおかぜ歩道橋,2026-10-05,{"hourly":[{"weather":[[1.25,18.22,0,0,3.65,null,null],[1.16,17.62,0,0,3.99,null,null],[1.86,17.6,1.02,0,4.04,null,null],[1.91,17.87,5.85,0,3.95,null,null],[1.65,19.1,12.27,0.55,3.82,null,null],[1,21.04,14.6,1.29,3.75,null,null],[1.44,22.42,15.22,1.84,3.74,null,null],[1.49,22.96,13.51,2.3,3.28,null,null],[1.25,22.43,7.15,2.02,2.91,null,null],[1.6,21.69,3.01,1.11,2.62,null,null],[1.75,21.22,1.6,0.83,2.62,null,null],[1.25,20.96,3.63,0.74,2.96,null,null]],"oneday":{"avg":null,"sunrise":null,"sunset":null},"tide":[null,null,null,null,null,null,null,null,null,null,null,null,null,null,null,null,null,null,null,null,null,null,null,null]},{"weather":[[1,20.81,4.65,0.74,2.88,null,null],[1.91,20.61,3.63,0.46,3.19,null,null],[1.67,20.29,1.82,0.37,2.85,null,null],[0.91,20.39,3.63,0.37,3.15,null,null],[0.25,22.76,7.26,0.37,3.11,null,null],[2.82,24.2,5.34,0.46,3.39,null,null],[1.18,25.42,4.03,0.74,3.27,null,null],[1,26.4,3.63,0.64,2.81,null,null],[1.09,25.06,1.71,0.55,3.03,null,null],[1.09,23.33,0.8,0.55,3.94,null,null],[1,21.93,0.8,0.18,3.91,null,null],[1,20.95,0.4,0,4.09,null,null]],"oneday":{"avg":null,"sunrise":null,"sunset":null},"tide":[null,null,null,null,null,null,null,null,null,null,null,null,null,null,null,null,null,null,null,null,null,null,null,null]},{"weather":[[0.91,20.26,0,0,4.49,null,null],[1.07,19.61,0,0,4.9,null,null],[1.42,19.24,4.43,0,4.98,null,null],[1.42,19.28,6.36,0,4.31,null,null],[0.91,21.13,4.65,0,4.22,null,null],[0,23.38,2.72,0,3.84,null,null],[0,24.38,0.91,0,3.15,null,null],[0,23.33,0,0,2.94,null,null],[0,20.87,0,0,2.43,null,null],[0.58,19.33,2.22,0,1.12,null,null],[0,18.85,7.04,0.64,0.97,null,null],[20.87,17.84,10.24,1.14,1.57,null,null]],"oneday":{"avg":null,"sunrise":null,"sunset":null},"tide":[null,null,null,null,null,null,null,null,null,null,null,null,null,null,null,null,null,null,null,null,null,null,null,null]}],"daily":[{"weather":[21.65,24.18],"tide":[null,null,null,null,null,null,null,null,null,null,null,null,null,null,null,null,null,null,null,null,null,null,null,null],"dailyEx":{"avg":null,"wave":null,"sunrise":null,"sunset":null}},{"weather":[21.56,23.06],"tide":[null,null,null,null,null,null,null,null,null,null,null,null,null,null,null,null,null,null,null,null,null,null,null,null],"dailyEx":{"avg":null,"wave":null,"sunrise":null,"sunset":null}},{"weather":[0.78,23.48],"tide":[null,null,null,null,null,null,null,null,null,null,null,null,null,null,null,null,null,null,null,null,null,null,null,null],"dailyEx":{"avg":null,"wave":null,"sunrise":null,"sunset":null}},{"weather":[2.56,23.17],"tide":[null,null,null,null,null,null,null,null,null,null,null,null,null,null,null,null,null,null,null,null,null,null,null,null],"dailyEx":{"avg":null,"wave":null,"sunrise":null,"sunset":null}},{"weather":[0.09,23.71],"tide":[null,null,null,null,null,null,null,null,null,null,null,null,null,null,null,null,null,null,null,null,null,null,null,null],"dailyEx":{"avg":null,"wave":null,"sunrise":null,"sunset":null}}]}
常夜灯公園,2026-10-05,{"hourly":[{"weather":[[1.19,17.99,0,0,3.79,null,null],[1.06,17.4,0,0,4.11,null,null],[1.76,17.38,0.76,0,4.29,null,null],[1.81,17.61,4.9,0,4.2,null,null],[1.62,18.9,10.54,1.18,4.33,null,null],[1,20.94,12.42,3.21,4.31,null,null],[1.62,22.37,12.81,5.16,4.12,null,null],[1.62,22.98,11.3,6.63,3.59,null,null],[1.24,22.43,6.03,5.65,3.09,null,null],[1.62,21.6,2.63,2.6,2.61,null,null],[1.76,21.08,1.5,1.68,2.6,null,null],[1.24,20.83,3.01,1.62,3.01,null,null]],"oneday":{"avg":null,"sunrise":null,"sunset":null},"tide":[null,null,null,null,null,null,null,null,null,null,null,null,null,null,null,null,null,null,null,null,null,null,null,null]},{"weather":[[1.06,20.66,3.77,1.97,3.14,null,null],[1.81,20.39,3.01,1.17,3.37,null,null],[1.44,20,1.51,0.81,3,null,null],[0.81,20.11,3.01,0.87,3.42,null,null],[0.24,22.59,6.03,1.1,3.51,null,null],[2.63,24.28,4.52,1.47,3.83,null,null],[1.49,25.58,3.39,2.09,3.77,null,null],[1,26.62,3.01,1.66,3.77,null,null],[1.19,25.27,1.5,1.24,3.45,null,null],[1.19,23.31,0.75,1.12,4.28,null,null],[1,21.85,0.75,0.37,4.44,null,null],[1,20.78,0.38,0.06,4.4,null,null]],"oneday":{"avg":null,"sunrise":null,"sunset":null},"tide":[null,null,null,null,null,null,null,null,null,null,null,null,null,null,null,null,null,null,null,null,null,null,null,null]},{"weather":[[0.81,20.06,0,0.12,4.67,null,null],[0.81,19.36,0,0.06,5.14,null,null],[1.19,18.97,3.76,0,5.3,null,null],[1.25,18.94,5.28,0.12,4.41,null,null],[0.81,21.02,3.77,0.12,4.94,null,null],[0.06,23.45,2.26,0.06,4.88,null,null],[0,24.62,0.76,0,4.21,null,null],[0,23.58,0,0,3.75,null,null],[0,21.12,0,0,3.59,null,null],[0.75,19.34,1.88,0,1.4,null,null],[0,18.89,6.02,1.31,1.51,null,null],[19.55,17.74,9.02,2.34,2.22,null,null]],"oneday":{"avg":null,"sunrise":null,"sunset":null},"tide":[null,null,null,null,null,null,null,null,null,null,null,null,null,null,null,null,null,null,null,null,null,null,null,null]}],"daily":[{"weather":[20.61,24.15],"tide":[null,null,null,null,null,null,null,null,null,null,null,null,null,null,null,null,null,null,null,null,null,null,null,null],"dailyEx":{"avg":null,"wave":null,"sunrise":null,"sunset":null}},{"weather":[20.25,23.03],"tide":[null,null,null,null,null,null,null,null,null,null,null,null,null,null,null,null,null,null,null,null,null,null,null,null],"dailyEx":{"avg":null,"wave":null,"sunrise":null,"sunset":null}},{"weather":[1.06,23.4],"tide":[null,null,null,null,null,null,null,null,null,null,null,null,null,null,null,null,null,null,null,null,null,null,null,null],"dailyEx":{"avg":null,"wave":null,"sunrise":null,"sunset":null}},{"weather":[2.32,23.18],"tide":[null,null,null,null,null,null,null,null,null,null,null,null,null,null,null,null,null,null,null,null,null,null,null,null],"dailyEx":{"avg":null,"wave":null,"sunrise":null,"sunset":null}},{"weather":[0.24,23.72],"tide":[null,null,null,null,null,null,null,null,null,null,null,null,null,null,null,null,null,null,null,null,null,null,null,null],"dailyEx":{"avg":null,"wave":null,"sunrise":null,"sunset":null}}]}
我孫子市民体育館周辺,2026-10-05,{"hourly":[{"weather":[[1.59,17.61,0,0,6.46,null,null],[1.41,17.09,0,0,7.22,null,null],[1,17.04,0,0,7.95,null,null],[1.73,17.25,0,0,8.08,null,null],[1.68,18.62,0,3.29,8.33,null,null],[1.32,20.85,0,10.43,9.02,null,null],[2,22.4,0,19.1,8.95,null,null],[2,22.63,0,25.76,8.14,null,null],[2,22.2,0,21.1,7.16,null,null],[1.68,21.12,0,6.96,5.54,null,null],[1,20.51,0,3.36,5.25,null,null],[2,20.35,0,4.56,5.63,null,null]],"oneday":{"avg":null,"sunrise":null,"sunset":null},"tide":[null,null,null,null,null,null,null,null,null,null,null,null,null,null,null,null,null,null,null,null,null,null,null,null]},{"weather":[[1.73,20.2,0,8,6.43,null,null],[1.41,19.93,0,4.27,6.27,null,null],[1.73,19.63,0,1.8,5.77,null,null],[0.73,19.53,0,2.53,6.45,null,null],[1,21.65,0,4.51,6.9,null,null],[2.47,23.5,0,6.34,7.05,null,null],[3,24.34,0,7.55,8.34,null,null],[1,25.3,0,5.63,10.16,null,null],[1.27,24.77,0,3.39,8.93,null,null],[1.27,22.92,0,2.24,9.08,null,null],[1,21.65,0,0.85,9.63,null,null],[1.32,20.58,0,0.41,8.7,null,null]],"oneday":{"avg":null,"sunrise":null,"sunset":null},"tide":[null,null,null,null,null,null,null,null,null,null,null,null,null,null,null,null,null,null,null,null,null,null,null,null]},{"weather":[[0.73,19.73,0,0.83,7.58,null,null],[0.73,18.88,0,0.41,8.08,null,null],[0.41,18.28,0,0,7.99,null,null],[0.83,17.3,0,0.83,6.53,null,null],[0.41,19.42,0,0.83,7.81,null,null],[0.41,21.85,0,0.41,6.81,null,null],[0,23.95,0,0,5.87,null,null],[0,23.74,0,0.96,5.44,null,null],[16.28,21.38,0.03,1.59,6.79,null,null],[0.53,18.1,0,1.91,3.85,null,null],[0,17,0,3.78,6.6,null,null],[0.73,16.09,0,5.53,5.92,null,null]],"oneday":{"avg":null,"sunrise":null,"sunset":null},"tide":[null,null,null,null,null,null,null,null,null,null,null,null,null,null,null,null,null,null,null,null,null,null,null,null]}],"daily":[{"weather":[3,22.3],"tide":[null,null,null,null,null,null,null,null,null,null,null,null,null,null,null,null,null,null,null,null,null,null,null,null],"dailyEx":{"avg":null,"wave":null,"sunrise":null,"sunset":null}},{"weather":[0.32,22.85],"tide":[null,null,null,null,null,null,null,null,null,null,null,null,null,null,null,null,null,null,null,null,null,null,null,null],"dailyEx":{"avg":null,"wave":null,"sunrise":null,"sunset":null}},{"weather":[2.59,22.83],"tide":[null,null,null,null,null,null,null,null,null,null,null,null,null,null,null,null,null,null,null,null,null,null,null,null],"dailyEx":{"avg":null,"wave":null,"sunrise":null,"sunset":null}},{"weather":[0.73,22.77],"tide":[null,null,null,null,null,null,null,null,null,null,null,null,null,null,null,null,null,null,null,null,null,null,null,null],"dailyEx":{"avg":null,"wave":null,"sunrise":null,"sunset":null}},{"weather":[1.64,22.29],"tide":[null,null,null,null,null,null,null,null,null,null,null,null,null,null,null,null,null,null,null,null,null,null,null,null],"dailyEx":{"avg":null,"wave":null,"sunrise":null,"sunset":null}}]}
横六間川周辺,2026-10-05,{"hourly":[{"weather":[[1.44,17.91,0,0,4.92,null,null],[1.13,17.35,0,0,5.26,null,null],[1.36,17.24,0.36,0,5.63,null,null],[1.56,17.39,2.86,0,5.47,null,null],[1.82,18.64,6.39,2.76,6.02,null,null],[1,20.69,7.44,7.41,6.09,null,null],[1.74,22.3,7.54,11.82,5.63,null,null],[1.82,23.08,6.59,15.16,4.91,null,null],[1.56,22.62,3.55,12.96,4.17,null,null],[1.74,21.62,1.64,6.03,3.24,null,null],[1.44,21.01,1.02,3.95,3.17,null,null],[1.56,20.74,1.74,3.76,3.9,null,null]],"oneday":{"avg":null,"sunrise":null,"sunset":null},"tide":[null,null,null,null,null,null,null,null,null,null,null,null,null,null,null,null,null,null,null,null,null,null,null,null]},{"weather":[[1.13,20.54,2.09,4.53,4.33,null,null],[1.56,20.26,1.74,2.7,4.54,null,null],[1.31,19.73,0.87,1.88,3.65,null,null],[0.56,19.73,1.74,2.01,4.75,null,null],[0.56,21.98,3.47,2.52,4.64,null,null],[2.12,24.33,2.68,3.34,5.53,null,null],[2.13,25.63,1.99,4.78,5.61,null,null],[1,26.73,1.74,3.83,6.07,null,null],[1.44,25.7,0.95,2.89,5.02,null,null],[1.44,23.54,0.51,2.63,5.99,null,null],[1,21.91,0.51,0.88,5.91,null,null],[1,20.77,0.26,0.13,5.96,null,null]],"oneday":{"avg":null,"sunrise":null,"sunset":null},"tide":[null,null,null,null,null,null,null,null,null,null,null,null,null,null,null,null,null,null,null,null,null,null,null,null]},{"weather":[[0.56,20.03,0,0.25,6.31,null,null],[0.56,19.29,0,0.13,7.12,null,null],[0.74,18.85,2.25,0,7.38,null,null],[0.87,18.58,3.04,0.25,5.97,null,null],[0.56,20.71,2.09,0.25,7.33,null,null],[0.13,23.15,1.3,0.13,7.36,null,null],[0,24.69,0.44,0,6.62,null,null],[0,24.13,0,0,5.29,null,null],[0,21.62,0,0,6.04,null,null],[1.13,19.14,1.13,0,2.45,null,null],[0,18.56,3.63,3.07,2.8,null,null],[13.34,17.32,5.67,5.41,3.92,null,null]],"oneday":{"avg":null,"sunrise":null,"sunset":null},"tide":[null,null,null,null,null,null,null,null,null,null,null,null,null,null,null,null,null,null,null,null,null,null,null,null]}],"daily":[{"weather":[15.09,23.58],"tide":[null,null,null,null,null,null,null,null,null,null,null,null,null,null,null,null,null,null,null,null,null,null,null,null],"dailyEx":{"avg":null,"wave":null,"sunrise":null,"sunset":null}},{"weather":[13.57,23.06],"tide":[null,null,null,null,null,null,null,null,null,null,null,null,null,null,null,null,null,null,null,null,null,null,null,null],"dailyEx":{"avg":null,"wave":null,"sunrise":null,"sunset":null}},{"weather":[1.75,23.4],"tide":[null,null,null,null,null,null,null,null,null,null,null,null,null,null,null,null,null,null,null,null,null,null,null,null],"dailyEx":{"avg":null,"wave":null,"sunrise":null,"sunset":null}},{"weather":[1.43,23.32],"tide":[null,null,null,null,null,null,null,null,null,null,null,null,null,null,null,null,null,null,null,null,null,null,null,null],"dailyEx":{"avg":null,"wave":null,"sunrise":null,"sunset":null}},{"weather":[0.56,23.64],"tide":[null,null,null,null,null,null,null,null,null,null,null,null,null,null,null,null,null,null,null,null,null,null,null,null],"dailyEx":{"avg":null,"wave":null,"sunrise":null,"sunset":null}}]}
手賀川周辺,2026-10-05,{"hourly":[{"weather":[[1.47,17.97,0,0,6.52,null,null],[1.57,17.44,0,0,7.39,null,null],[1.08,17.42,0,0,8.23,null,null],[3.73,17.59,0.11,0.02,8.4,null,null],[1.7,18.93,0.45,2.62,8.54,null,null],[1.26,21.24,0.6,9.81,9.54,null,null],[2,22.66,0.49,19.28,9.53,null,null],[2.04,22.75,0.22,26.2,8.55,null,null],[2,22.28,0.15,21.21,7.65,null,null],[1.7,21.25,0.15,6.31,6.03,null,null],[1,20.69,0.15,2.36,5.62,null,null],[1.96,20.53,0.26,3.76,5.99,null,null]],"oneday":{"avg":null,"sunrise":null,"sunset":null},"tide":[null,null,null,null,null,null,null,null,null,null,null,null,null,null,null,null,null,null,null,null,null,null,null,null]},{"weather":[[1.82,20.35,0.3,7.7,6.78,null,null],[1.57,20.08,0.3,4.03,6.63,null,null],[1.82,19.87,0.41,1.49,6.29,null,null],[0.9,19.79,0.49,2.28,6.9,null,null],[1.08,21.8,0.6,4.64,7.38,null,null],[4.51,23.34,0.82,6.69,7.57,null,null],[2.96,24.09,0.93,7.72,9.08,null,null],[1.04,24.94,0.82,5.43,10.99,null,null],[1.21,24.39,0.41,2.89,9.92,null,null],[1.18,22.79,0.15,1.58,9.71,null,null],[1,21.73,0.15,0.61,10.41,null,null],[1.26,20.73,0.11,0.53,9.37,null,null]],"oneday":{"avg":null,"sunrise":null,"sunset":null},"tide":[null,null,null,null,null,null,null,null,null,null,null,null,null,null,null,null,null,null,null,null,null,null,null,null]},{"weather":[[0.82,19.86,0.04,1.05,7.69,null,null],[0.79,19,0,0.53,7.9,null,null],[0.57,18.41,0.04,0,7.76,null,null],[1.09,17.53,0.04,1.05,6.67,null,null],[0.57,19.44,0,1.05,7.42,null,null],[0.53,21.73,0.04,0.53,6.16,null,null],[0,23.78,0.08,0,4.93,null,null],[0,23.45,0,0.78,5.15,null,null],[13.25,21.18,0.03,1.3,6.37,null,null],[0.35,18.01,0,1.56,3.72,null,null],[0,16.99,0,2.79,6.39,null,null],[0.79,16.24,0.04,4.2,5.95,null,null]],"oneday":{"avg":null,"sunrise":null,"sunset":null},"tide":[null,null,null,null,null,null,null,null,null,null,null,null,null,null,null,null,null,null,null,null,null,null,null,null]}],"daily":[{"weather":[2.96,22.33],"tide":[null,null,null,null,null,null,null,null,null,null,null,null,null,null,null,null,null,null,null,null,null,null,null,null],"dailyEx":{"avg":null,"wave":null,"sunrise":null,"sunset":null}},{"weather":[0.26,22.9],"tide":[null,null,null,null,null,null,null,null,null,null,null,null,null,null,null,null,null,null,null,null,null,null,null,null],"dailyEx":{"avg":null,"wave":null,"sunrise":null,"sunset":null}},{"weather":[2.36,22.88],"tide":[null,null,null,null,null,null,null,null,null,null,null,null,null,null,null,null,null,null,null,null,null,null,null,null],"dailyEx":{"avg":null,"wave":null,"sunrise":null,"sunset":null}},{"weather":[0.9,22.69],"tide":[null,null,null,null,null,null,null,null,null,null,null,null,null,null,null,null,null,null,null,null,null,null,null,null],"dailyEx":{"avg":null,"wave":null,"sunrise":null,"sunset":null}},{"weather":[1.52,22.2],"tide":[null,null,null,null,null,null,null,null,null,null,null,null,null,null,null,null,null,null,null,null,null,null,null,null],"dailyEx":{"avg":null,"wave":null,"sunrise":null,"sunset":null}}]}
流山IC周辺,2026-10-05,{"hourly":[{"weather":[[1.64,17.77,0,0,5.86,null,null],[1.19,17.25,0,0,6.26,null,null],[1,17.1,0,0,6.76,null,null],[1.44,17.21,1.13,0,6.64,null,null],[1.92,18.46,2.92,3.9,7.39,null,null],[1.08,20.49,3.24,10.47,7.53,null,null],[1.84,22.22,3.08,16.88,7,null,null],[2,23.01,2.59,21.84,6.22,null,null],[1.84,22.63,1.46,18.55,5.27,null,null],[1.75,21.51,0.81,8.24,3.98,null,null],[1.16,20.85,0.65,5.31,3.86,null,null],[1.84,20.59,0.65,5.3,4.69,null,null]],"oneday":{"avg":null,"sunrise":null,"sunset":null},"tide":[null,null,null,null,null,null,null,null,null,null,null,null,null,null,null,null,null,null,null,null,null,null,null,null]},{"weather":[[1.28,20.4,0.65,6.71,5.36,null,null],[1.36,20.1,0.65,3.91,5.49,null,null],[1.28,19.52,0.32,2.52,4.37,null,null],[0.44,19.45,0.65,2.8,5.76,null,null],[0.84,21.54,1.29,3.66,5.67,null,null],[1.88,24.25,1.13,4.88,6.69,null,null],[2.68,25.47,0.81,6.76,7.05,null,null],[1,26.58,0.65,5.43,8.02,null,null],[1.56,25.85,0.49,4.01,6.53,null,null],[1.56,23.58,0.32,3.54,7.53,null,null],[1,21.88,0.32,1.21,7.38,null,null],[1.08,20.7,0.16,0.19,7.31,null,null]],"oneday":{"avg":null,"sunrise":null,"sunset":null},"tide":[null,null,null,null,null,null,null,null,null,null,null,null,null,null,null,null,null,null,null,null,null,null,null,null]},{"weather":[[0.44,19.95,0,0.39,7.54,null,null],[0.44,19.17,0,0.19,8.52,null,null],[0.36,18.67,0.97,0,8.75,null,null],[0.55,18.09,1.13,0.39,6.96,null,null],[0.36,20.28,0.65,0.39,8.88,null,null],[0.19,22.74,0.49,0.19,8.79,null,null],[0,24.6,0.16,0,8.04,null,null],[0,24.42,0,0.25,6.23,null,null],[4.2,21.88,0.01,0.41,7.62,null,null],[1.28,18.84,0.49,0.49,3.32,null,null],[0,18.06,1.62,4.43,4.35,null,null],[8.53,16.79,2.92,7.45,5.27,null,null]],"oneday":{"avg":null,"sunrise":null,"sunset":null},"tide":[null,null,null,null,null,null,null,null,null,null,null,null,null,null,null,null,null,null,null,null,null,null,null,null]}],"daily":[{"weather":[10.77,23],"tide":[null,null,null,null,null,null,null,null,null,null,null,null,null,null,null,null,null,null,null,null,null,null,null,null],"dailyEx":{"avg":null,"wave":null,"sunrise":null,"sunset":null}},{"weather":[8.34,23],"tide":[null,null,null,null,null,null,null,null,null,null,null,null,null,null,null,null,null,null,null,null,null,null,null,null],"dailyEx":{"avg":null,"wave":null,"sunrise":null,"sunset":null}},{"weather":[2.32,23.25],"tide":[null,null,null,null,null,null,null,null,null,null,null,null,null,null,null,null,null,null,null,null,null,null,null,null],"dailyEx":{"avg":null,"wave":null,"sunrise":null,"sunset":null}},{"weather":[0.76,23.3],"tide":[null,null,null,null,null,null,null,null,null,null,null,null,null,null,null,null,null,null,null,null,null,null,null,null],"dailyEx":{"avg":null,"wave":null,"sunrise":null,"sunset":null}},{"weather":[1,23.32],"tide":[null,null,null,null,null,null,null,null,null,null,null,null,null,null,null,null,null,null,null,null,null,null,null,null],"dailyEx":{"avg":null,"wave":null,"sunrise":null,"sunset":null}}]}
今井橋周辺,2026-10-05,{"hourly":[{"weather":[[1.25,18.19,0,0,3.66,null,null],[1.14,17.6,0,0,3.99,null,null],[1.77,17.58,0.9,0,4.03,null,null],[1.89,17.84,5.75,0,3.95,null,null],[1.68,19.07,12.33,0.69,3.87,null,null],[1,20.98,14.55,1.6,3.78,null,null],[1.43,22.39,15.02,2.29,3.72,null,null],[1.55,22.96,13.26,2.86,3.27,null,null],[1.25,22.45,7.07,2.52,2.88,null,null],[1.56,21.69,3.07,1.37,2.57,null,null],[1.75,21.22,1.74,1.03,2.59,null,null],[1.25,20.95,3.54,0.92,2.94,null,null]],"oneday":{"avg":null,"sunrise":null,"sunset":null},"tide":[null,null,null,null,null,null,null,null,null,null,null,null,null,null,null,null,null,null,null,null,null,null,null,null]},{"weather":[[1,20.79,4.45,0.92,2.89,null,null],[1.89,20.58,3.54,0.57,3.2,null,null],[1.59,20.24,1.77,0.46,2.85,null,null],[0.89,20.35,3.54,0.46,3.17,null,null],[0.25,22.72,7.08,0.46,3.15,null,null],[2.77,24.28,5.3,0.57,3.43,null,null],[1.23,25.52,3.98,0.92,3.29,null,null],[1,26.52,3.54,0.8,2.88,null,null],[1.11,25.17,1.75,0.69,3.03,null,null],[1.11,23.35,0.87,0.69,4,null,null],[1,21.92,0.87,0.23,3.95,null,null],[1,20.94,0.44,0,4.13,null,null]],"oneday":{"avg":null,"sunrise":null,"sunset":null},"tide":[null,null,null,null,null,null,null,null,null,null,null,null,null,null,null,null,null,null,null,null,null,null,null,null]},{"weather":[[0.89,20.25,0,0,4.55,null,null],[1.02,19.61,0,0,4.99,null,null],[1.34,19.24,4.41,0,5.07,null,null],[1.34,19.26,6.2,0,4.35,null,null],[0.89,21.15,4.45,0,4.39,null,null],[0,23.43,2.66,0,4.09,null,null],[0,24.45,0.89,0,3.41,null,null],[0,23.42,0,0,3.08,null,null],[0,20.92,0,0,2.62,null,null],[0.66,19.34,2.21,0,1.13,null,null],[0,18.87,7.05,0.8,1.01,null,null],[22.58,17.81,10.52,1.42,1.64,null,null]],"oneday":{"avg":null,"sunrise":null,"sunset":null},"tide":[null,null,null,null,null,null,null,null,null,null,null,null,null,null,null,null,null,null,null,null,null,null,null,null]}],"daily":[{"weather":[23.37,24.2],"tide":[null,null,null,null,null,null,null,null,null,null,null,null,null,null,null,null,null,null,null,null,null,null,null,null],"dailyEx":{"avg":null,"wave":null,"sunrise":null,"sunset":null}},{"weather":[23.21,23.05],"tide":[null,null,null,null,null,null,null,null,null,null,null,null,null,null,null,null,null,null,null,null,null,null,null,null],"dailyEx":{"avg":null,"wave":null,"sunrise":null,"sunset":null}},{"weather":[0.79,23.47],"tide":[null,null,null,null,null,null,null,null,null,null,null,null,null,null,null,null,null,null,null,null,null,null,null,null],"dailyEx":{"avg":null,"wave":null,"sunrise":null,"sunset":null}},{"weather":[2.52,23.19],"tide":[null,null,null,null,null,null,null,null,null,null,null,null,null,null,null,null,null,null,null,null,null,null,null,null],"dailyEx":{"avg":null,"wave":null,"sunrise":null,"sunset":null}},{"weather":[0.11,23.74],"tide":[null,null,null,null,null,null,null,null,null,null,null,null,null,null,null,null,null,null,null,null,null,null,null,null],"dailyEx":{"avg":null,"wave":null,"sunrise":null,"sunset":null}}]}
根木名川周辺,2026-10-05,{"hourly":[{"weather":[[1.51,18.64,0,0,6.12,null,null],[1.68,18.2,0,0,7.1,null,null],[1.37,18.23,0,0,7.9,null,null],[6.65,18.39,0.56,0.05,8.22,null,null],[1.64,19.59,2.23,1.88,8.25,null,null],[6.04,21.55,2.97,7.81,9.2,null,null],[2,22.71,2.41,16.06,9.28,null,null],[2.09,22.62,1.11,22.1,8.45,null,null],[2,22.2,0.74,17.69,7.65,null,null],[1.54,21.34,0.74,4.63,6.26,null,null],[1,20.89,0.74,1.26,5.82,null,null],[1.82,20.75,1.3,2.74,6.07,null,null]],"oneday":{"avg":null,"sunrise":null,"sunset":null},"tide":[null,null,null,null,null,null,null,null,null,null,null,null,null,null,null,null,null,null,null,null,null,null,null,null]},{"weather":[[1.86,20.57,1.48,6.52,6.69,null,null],[1.68,20.32,1.48,3.31,6.55,null,null],[1.95,20.25,2.04,0.96,6.43,null,null],[1.32,20.24,2.41,1.73,6.79,null,null],[1.37,22.01,2.97,3.97,7.43,null,null],[7.42,23.05,4.08,5.83,7.45,null,null],[2.82,23.62,4.64,6.4,9.11,null,null],[1.18,24.28,4.08,4.39,11.08,null,null],[1.14,23.84,2.04,2.1,10.43,null,null],[1.05,22.57,0.74,0.84,10.13,null,null],[1,21.74,0.74,0.37,10.77,null,null],[1.37,20.86,0.56,0.49,9.56,null,null]],"oneday":{"avg":null,"sunrise":null,"sunset":null},"tide":[null,null,null,null,null,null,null,null,null,null,null,null,null,null,null,null,null,null,null,null,null,null,null,null]},{"weather":[[0.95,20.04,0.18,0.98,7.61,null,null],[0.77,19.21,0,0.49,7.4,null,null],[0.68,18.62,0.18,0,7.06,null,null],[1.17,17.78,0.18,0.98,6.21,null,null],[0.58,19.52,0,0.98,6.47,null,null],[0.49,21.57,0.18,0.49,4.98,null,null],[0,23.41,0.37,0,3.77,null,null],[0,23.03,0,0.82,4.42,null,null],[13.99,20.78,0.03,1.37,5.23,null,null],[0.1,17.99,0,1.64,3.3,null,null],[0,17.15,0,1.99,6.22,null,null],[0.77,16.55,0.18,2.72,5.64,null,null]],"oneday":{"avg":null,"sunrise":null,"sunset":null},"tide":[null,null,null,null,null,null,null,null,null,null,null,null,null,null,null,null,null,null,null,null,null,null,null,null]}],"daily":[{"weather":[2.72,22.28],"tide":[null,null,null,null,null,null,null,null,null,null,null,null,null,null,null,null,null,null,null,null,null,null,null,null],"dailyEx":{"avg":null,"wave":null,"sunrise":null,"sunset":null}},{"weather":[0.37,22.54],"tide":[null,null,null,null,null,null,null,null,null,null,null,null,null,null,null,null,null,null,null,null,null,null,null,null],"dailyEx":{"avg":null,"wave":null,"sunrise":null,"sunset":null}},{"weather":[1.95,22.62],"tide":[null,null,null,null,null,null,null,null,null,null,null,null,null,null,null,null,null,null,null,null,null,null,null,null],"dailyEx":{"avg":null,"wave":null,"sunrise":null,"sunset":null}},{"weather":[5.9,22.46],"tide":[null,null,null,null,null,null,null,null,null,null,null,null,null,null,null,null,null,null,null,null,null,null,null,null],"dailyEx":{"avg":null,"wave":null,"sunrise":null,"sunset":null}},{"weather":[1.55,21.79],"tide":[null,null,null,null,null,null,null,null,null,null,null,null,null,null,null,null,null,null,null,null,null,null,null,null],"dailyEx":{"avg":null,"wave":null,"sunrise":null,"sunset":null}}]}
二号排水路,2026-10-05,{"hourly":[{"weather":[[1.61,17.79,0,0,6.52,null,null],[1.39,17.23,0,0,7.14,null,null],[1,17.1,0,0,7.92,null,null],[1.51,17.2,0,0,7.86,null,null],[1.88,18.51,0,3.83,8.5,null,null],[1.12,20.78,0,11.74,9.13,null,null],[2,22.46,0,20.59,8.7,null,null],[2,23.01,0,27.13,7.64,null,null],[2,22.57,0,22.59,6.67,null,null],[1.88,21.42,0,8.73,5.04,null,null],[1,20.76,0,4.81,4.75,null,null],[2,20.54,0,5.33,5.54,null,null]],"oneday":{"avg":null,"sunrise":null,"sunset":null},"tide":[null,null,null,null,null,null,null,null,null,null,null,null,null,null,null,null,null,null,null,null,null,null,null,null]},{"weather":[[1.51,20.33,0,8,6.36,null,null],[1.39,20.04,0,4.49,6.37,null,null],[1.51,19.57,0,2.49,5.35,null,null],[0.51,19.43,0,2.99,6.72,null,null],[1,21.46,0,4.65,6.75,null,null],[2.01,23.85,0,6.42,7.73,null,null],[3,24.89,0,8.29,8.61,null,null],[1,25.92,0,6.26,10.1,null,null],[1.49,25.34,0,4.1,8.44,null,null],[1.49,23.33,0,3.21,8.86,null,null],[1,21.87,0,1.11,9.05,null,null],[1.12,20.7,0,0.39,8.64,null,null]],"oneday":{"avg":null,"sunrise":null,"sunset":null},"tide":[null,null,null,null,null,null,null,null,null,null,null,null,null,null,null,null,null,null,null,null,null,null,null,null]},{"weather":[[0.51,19.88,0,0.77,8.03,null,null],[0.51,19.02,0,0.39,8.84,null,null],[0.39,18.46,0,0,9.01,null,null],[0.77,17.74,0,0.77,7.39,null,null],[0.39,19.83,0,0.77,9.06,null,null],[0.39,22.25,0,0.39,8.55,null,null],[0,24.31,0,0,7.51,null,null],[0,24.19,0,0.36,6.37,null,null],[6.1,21.79,0.01,0.6,8.06,null,null],[0.99,18.45,0,0.72,3.87,null,null],[0,17.55,0,4.18,5.49,null,null],[0.51,16.48,0,7.04,6.16,null,null]],"oneday":{"avg":null,"sunrise":null,"sunset":null},"tide":[null,null,null,null,null,null,null,null,null,null,null,null,null,null,null,null,null,null,null,null,null,null,null,null]}],"daily":[{"weather":[3,22.57],"tide":[null,null,null,null,null,null,null,null,null,null,null,null,null,null,null,null,null,null,null,null,null,null,null,null],"dailyEx":{"avg":null,"wave":null,"sunrise":null,"sunset":null}},{"weather":[0.12,23.06],"tide":[null,null,null,null,null,null,null,null,null,null,null,null,null,null,null,null,null,null,null,null,null,null,null,null],"dailyEx":{"avg":null,"wave":null,"sunrise":null,"sunset":null}},{"weather":[2.61,23.18],"tide":[null,null,null,null,null,null,null,null,null,null,null,null,null,null,null,null,null,null,null,null,null,null,null,null],"dailyEx":{"avg":null,"wave":null,"sunrise":null,"sunset":null}},{"weather":[0.51,23.1],"tide":[null,null,null,null,null,null,null,null,null,null,null,null,null,null,null,null,null,null,null,null,null,null,null,null],"dailyEx":{"avg":null,"wave":null,"sunrise":null,"sunset":null}},{"weather":[1.24,22.91],"tide":[null,null,null,null,null,null,null,null,null,null,null,null,null,null,null,null,null,null,null,null,null,null,null,null],"dailyEx":{"avg":null,"wave":null,"sunrise":null,"sunset":null}}]}
八間堀,2026-10-05,{"hourly":[{"weather":[[1.79,17.43,0,0,6.39,null,null],[1.11,16.95,0,0,6.76,null,null],[1,16.78,0,0,7.16,null,null],[1.42,16.93,0,0,7.2,null,null],[1.79,18.23,0,5.02,8.04,null,null],[1.21,20.26,0,12.31,8.02,null,null],[1.9,22.05,0,18.8,7.38,null,null],[2,22.85,0,24.26,6.87,null,null],[2,22.5,0,20.8,5.74,null,null],[1.7,21.26,0,9.67,4.19,null,null],[1,20.51,0,7.04,4.16,null,null],[1.9,20.27,0,7,4.97,null,null]],"oneday":{"avg":null,"sunrise":null,"sunset":null},"tide":[null,null,null,null,null,null,null,null,null,null,null,null,null,null,null,null,null,null,null,null,null,null,null,null]},{"weather":[[1.32,20.11,0,8,5.61,null,null],[1.11,19.81,0,4.68,5.64,null,null],[1.32,19.18,0,3.04,4.46,null,null],[0.32,19,0,3.36,5.94,null,null],[1,21.17,0,4.02,5.9,null,null],[1.64,24.1,0,5.25,6.84,null,null],[3,25.32,0,7.2,7.37,null,null],[1,26.49,0,6.07,8.72,null,null],[1.58,25.9,0,4.73,7.81,null,null],[1.68,23.52,0,4.29,8.97,null,null],[1.2,21.75,0,1.67,8.79,null,null],[1.3,20.55,0,0.21,8.34,null,null]],"oneday":{"avg":null,"sunrise":null,"sunset":null},"tide":[null,null,null,null,null,null,null,null,null,null,null,null,null,null,null,null,null,null,null,null,null,null,null,null]},{"weather":[[0.52,19.8,0,0.23,8.68,null,null],[0.42,18.99,0,0.11,9.27,null,null],[0.11,18.37,0,0,8.94,null,null],[0.23,17.43,0,0.23,6.98,null,null],[0.11,19.84,0,0.23,9.14,null,null],[0.11,22.44,0,0.11,8.99,null,null],[0,24.53,0,0,8.41,null,null],[0,24.6,0,0.72,6.59,null,null],[10.62,22.16,0.02,1.33,8.2,null,null],[1.26,18.8,0,1.64,5.22,null,null],[0,17.75,0,6.1,6.37,null,null],[0.32,16.36,0,9.31,6.4,null,null]],"oneday":{"avg":null,"sunrise":null,"sunset":null},"tide":[null,null,null,null,null,null,null,null,null,null,null,null,null,null,null,null,null,null,null,null,null,null,null,null]}],"daily":[{"weather":[3,22.47],"tide":[null,null,null,null,null,null,null,null,null,null,null,null,null,null,null,null,null,null,null,null,null,null,null,null],"dailyEx":{"avg":null,"wave":null,"sunrise":null,"sunset":null}},{"weather":[0.21,22.86],"tide":[null,null,null,null,null,null,null,null,null,null,null,null,null,null,null,null,null,null,null,null,null,null,null,null],"dailyEx":{"avg":null,"wave":null,"sunrise":null,"sunset":null}},{"weather":[2.69,23.06],"tide":[null,null,null,null,null,null,null,null,null,null,null,null,null,null,null,null,null,null,null,null,null,null,null,null],"dailyEx":{"avg":null,"wave":null,"sunrise":null,"sunset":null}},{"weather":[0.32,23.28],"tide":[null,null,null,null,null,null,null,null,null,null,null,null,null,null,null,null,null,null,null,null,null,null,null,null],"dailyEx":{"avg":null,"wave":null,"sunrise":null,"sunset":null}},{"weather":[1.41,23.06],"tide":[null,null,null,null,null,null,null,null,null,null,null,null,null,null,null,null,null,null,null,null,null,null,null,null],"dailyEx":{"avg":null,"wave":null,"sunrise":null,"sunset":null}}]}
利根川木下,2026-10-05,{"hourly":[{"weather":[[1.47,17.96,0,0,6.51,null,null],[1.57,17.43,0,0,7.4,null,null],[1.08,17.42,0,0,8.24,null,null],[3.75,17.6,0.11,0.02,8.42,null,null],[1.69,18.94,0.45,2.58,8.54,null,null],[1.27,21.25,0.6,9.72,9.54,null,null],[2,22.66,0.49,19.19,9.56,null,null],[2.04,22.73,0.22,26.13,8.59,null,null],[2,22.25,0.15,21.12,7.69,null,null],[1.69,21.23,0.15,6.19,6.07,null,null],[1,20.68,0.15,2.25,5.66,null,null],[1.96,20.52,0.26,3.7,6,null,null]],"oneday":{"avg":null,"sunrise":null,"sunset":null},"tide":[null,null,null,null,null,null,null,null,null,null,null,null,null,null,null,null,null,null,null,null,null,null,null,null]},{"weather":[[1.84,20.34,0.3,7.7,6.79,null,null],[1.57,20.07,0.3,4.01,6.63,null,null],[1.84,19.88,0.41,1.44,6.33,null,null],[0.92,19.8,0.49,2.24,6.89,null,null],[1.08,21.82,0.6,4.64,7.4,null,null],[4.55,23.31,0.82,6.69,7.53,null,null],[2.96,24.05,0.94,7.67,9.07,null,null],[1.04,24.89,0.82,5.39,11,null,null],[1.2,24.34,0.41,2.83,9.97,null,null],[1.16,22.76,0.15,1.5,9.74,null,null],[1,21.72,0.15,0.59,10.46,null,null],[1.27,20.72,0.11,0.53,9.38,null,null]],"oneday":{"avg":null,"sunrise":null,"sunset":null},"tide":[null,null,null,null,null,null,null,null,null,null,null,null,null,null,null,null,null,null,null,null,null,null,null,null]},{"weather":[[0.84,19.85,0.04,1.06,7.66,null,null],[0.8,18.99,0,0.53,7.85,null,null],[0.57,18.39,0.04,0,7.69,null,null],[1.1,17.5,0.04,1.06,6.62,null,null],[0.57,19.42,0,1.06,7.33,null,null],[0.53,21.7,0.04,0.53,6.03,null,null],[0,23.75,0.08,0,4.81,null,null],[0,23.42,0,0.82,5.08,null,null],[13.89,21.15,0.03,1.36,6.28,null,null],[0.32,17.98,0,1.63,3.72,null,null],[0,16.95,0,2.75,6.46,null,null],[0.8,16.21,0.04,4.07,5.94,null,null]],"oneday":{"avg":null,"sunrise":null,"sunset":null},"tide":[null,null,null,null,null,null,null,null,null,null,null,null,null,null,null,null,null,null,null,null,null,null,null,null]}],"daily":[{"weather":[2.96,22.31],"tide":[null,null,null,null,null,null,null,null,null,null,null,null,null,null,null,null,null,null,null,null,null,null,null,null],"dailyEx":{"avg":null,"wave":null,"sunrise":null,"sunset":null}},{"weather":[0.27,22.88],"tide":[null,null,null,null,null,null,null,null,null,null,null,null,null,null,null,null,null,null,null,null,null,null,null,null],"dailyEx":{"avg":null,"wave":null,"sunrise":null,"sunset":null}},{"weather":[2.36,22.85],"tide":[null,null,null,null,null,null,null,null,null,null,null,null,null,null,null,null,null,null,null,null,null,null,null,null],"dailyEx":{"avg":null,"wave":null,"sunrise":null,"sunset":null}},{"weather":[0.92,22.67],"tide":[null,null,null,null,null,null,null,null,null,null,null,null,null,null,null,null,null,null,null,null,null,null,null,null],"dailyEx":{"avg":null,"wave":null,"sunrise":null,"sunset":null}},{"weather":[1.54,22.16],"tide":[null,null,null,null,null,null,null,null,null,null,null,null,null,null,null,null,null,null,null,null,null,null,null,null],"dailyEx":{"avg":null,"wave":null,"sunrise":null,"sunset":null}}]}
白旗川,2026-10-05,{"hourly":[{"weather":[[1.57,19.07,0.13,0,5.6,null,null],[1.76,18.43,0.53,0.14,6.35,null,null],[1.57,18.3,1.46,0.14,6.8,null,null],[2,18.56,4.47,0.1,6.67,null,null],[1.88,19.61,8.3,0.53,6.13,null,null],[1,21.68,11.41,2.49,6.79,null,null],[1.24,23,14.59,5.45,7.12,null,null],[1.3,23.17,16.02,8.27,6.21,null,null],[1.82,22.7,7.93,6.84,5.9,null,null],[1.94,22.01,1.98,1.72,5.27,null,null],[1.18,21.59,0.23,0.05,4.92,null,null],[1.94,21.34,4.1,0.53,5.42,null,null]],"oneday":{"avg":null,"sunrise":null,"sunset":null},"tide":[null,null,null,null,null,null,null,null,null,null,null,null,null,null,null,null,null,null,null,null,null,null,null,null]},{"weather":[[1.42,21.16,5.64,2.11,5.23,null,null],[1.94,21.14,3.31,1.15,5.64,null,null],[2.51,21.14,1.85,0.43,4.97,null,null],[1,20.98,3.16,0.57,5.74,null,null],[1,22.48,5.67,1.34,5.33,null,null],[3,23.29,4.38,1.96,5.99,null,null],[1.48,24.02,3.83,2.2,6.72,null,null],[1,24.7,3.31,1.43,6.29,null,null],[0.87,24.01,1.08,0.62,6.83,null,null],[0.87,23.32,0.19,0.1,7.04,null,null],[0.89,22.43,0,0,6.93,null,null],[0.94,21.6,0.06,0.19,7.24,null,null]],"oneday":{"avg":null,"sunrise":null,"sunset":null},"tide":[null,null,null,null,null,null,null,null,null,null,null,null,null,null,null,null,null,null,null,null,null,null,null,null]},{"weather":[[1,20.85,0.19,0.38,6.88,null,null],[1.7,20.2,0.53,0.29,7.22,null,null],[1.76,19.78,3.65,0.29,7.06,null,null],[1.94,19.59,5.42,0.86,6.8,null,null],[1.18,20.41,4.45,0.77,5.25,null,null],[0.48,21.91,2.43,0.43,3.4,null,null],[0.21,23.05,0.97,0.19,2.02,null,null],[0,22.59,0.27,0.14,2.63,null,null],[0.61,20.55,0.27,0.1,2.85,null,null],[0.13,18.43,1.33,0.1,2.66,null,null],[0.19,17.59,3.65,0,2.59,null,null],[1.17,17.49,4.51,0.29,3.23,null,null]],"oneday":{"avg":null,"sunrise":null,"sunset":null},"tide":[null,null,null,null,null,null,null,null,null,null,null,null,null,null,null,null,null,null,null,null,null,null,null,null]}],"daily":[{"weather":[2.43,22.9],"tide":[null,null,null,null,null,null,null,null,null,null,null,null,null,null,null,null,null,null,null,null,null,null,null,null],"dailyEx":{"avg":null,"wave":null,"sunrise":null,"sunset":null}},{"weather":[0.89,23.29],"tide":[null,null,null,null,null,null,null,null,null,null,null,null,null,null,null,null,null,null,null,null,null,null,null,null],"dailyEx":{"avg":null,"wave":null,"sunrise":null,"sunset":null}},{"weather":[3.41,23.64],"tide":[null,null,null,null,null,null,null,null,null,null,null,null,null,null,null,null,null,null,null,null,null,null,null,null],"dailyEx":{"avg":null,"wave":null,"sunrise":null,"sunset":null}},{"weather":[1.71,23.01],"tide":[null,null,null,null,null,null,null,null,null,null,null,null,null,null,null,null,null,null,null,null,null,null,null,null],"dailyEx":{"avg":null,"wave":null,"sunrise":null,"sunset":null}},{"weather":[0.3,23.01],"tide":[null,null,null,null,null,null,null,null,null,null,null,null,null,null,null,null,null,null,null,null,null,null,null,null],"dailyEx":{"avg":null,"wave":null,"sunrise":null,"sunset":null}}]}
長浦駅前水路,2026-10-05,{"hourly":[{"weather":[[1.33,18.79,0.29,0,4.83,null,null],[1.33,18.19,1.15,0.62,5.21,null,null],[1.69,18.12,1.59,0.62,5.86,null,null],[2,18.36,4.18,0.41,5.57,null,null],[1.82,19.28,7.93,1.45,5.22,null,null],[1,21.23,10.6,2.48,5.55,null,null],[1.39,22.57,15.63,3.73,5.79,null,null],[1.21,23.05,20.58,8.49,5.28,null,null],[1.33,22.61,10.44,8.07,4.8,null,null],[2,21.94,2.45,2.48,4.6,null,null],[1.67,21.49,0,0.21,4.42,null,null],[1.82,21.24,4.32,0.62,4.82,null,null]],"oneday":{"avg":null,"sunrise":null,"sunset":null},"tide":[null,null,null,null,null,null,null,null,null,null,null,null,null,null,null,null,null,null,null,null,null,null,null,null]},{"weather":[[1.7,21.07,6.19,2.48,4.54,null,null],[2,21.03,3.75,1.66,4.85,null,null],[2.33,21.01,2.16,1.03,4.48,null,null],[1,20.89,3.17,0.83,5,null,null],[0.82,22.51,5.2,0.83,4.99,null,null],[3,23.28,3.97,1.03,5.13,null,null],[1.41,24.2,3.75,1.24,5.64,null,null],[1,25.04,3.75,1.24,5.32,null,null],[0.71,24.24,1.37,1.03,5.65,null,null],[0.71,23.36,0.29,0.41,5.87,null,null],[0.79,22.43,0,0,6.27,null,null],[1,21.42,0,0,6.14,null,null]],"oneday":{"avg":null,"sunrise":null,"sunset":null},"tide":[null,null,null,null,null,null,null,null,null,null,null,null,null,null,null,null,null,null,null,null,null,null,null,null]},{"weather":[[1,20.73,0.29,0,6.49,null,null],[1.61,20.15,1.15,0.41,6.92,null,null],[1.79,19.76,4.61,1.24,6.86,null,null],[2,19.7,6.13,2.07,6.48,null,null],[1.49,20.57,4.76,1.66,5.19,null,null],[0.7,22.13,2.95,1.03,3.76,null,null],[0.41,23.08,1.37,0.83,2.73,null,null],[0,22.45,0.57,0.62,2.64,null,null],[1.28,20.66,0.57,0.41,3.17,null,null],[0.29,18.64,1.3,0.41,3.01,null,null],[0.29,17.8,3.03,0,2.73,null,null],[1.7,17.69,4.76,0.41,2.87,null,null]],"oneday":{"avg":null,"sunrise":null,"sunset":null},"tide":[null,null,null,null,null,null,null,null,null,null,null,null,null,null,null,null,null,null,null,null,null,null,null,null]}],"daily":[{"weather":[2.49,23.35],"tide":[null,null,null,null,null,null,null,null,null,null,null,null,null,null,null,null,null,null,null,null,null,null,null,null],"dailyEx":{"avg":null,"wave":null,"sunrise":null,"sunset":null}},{"weather":[1.44,23.26],"tide":[null,null,null,null,null,null,null,null,null,null,null,null,null,null,null,null,null,null,null,null,null,null,null,null],"dailyEx":{"avg":null,"wave":null,"sunrise":null,"sunset":null}},{"weather":[11.06,23.51],"tide":[null,null,null,null,null,null,null,null,null,null,null,null,null,null,null,null,null,null,null,null,null,null,null,null],"dailyEx":{"avg":null,"wave":null,"sunrise":null,"sunset":null}},{"weather":[1.77,23.13],"tide":[null,null,null,null,null,null,null,null,null,null,null,null,null,null,null,null,null,null,null,null,null,null,null,null],"dailyEx":{"avg":null,"wave":null,"sunrise":null,"sunset":null}},{"weather":[0.21,23.28],"tide":[null,null,null,null,null,null,null,null,null,null,null,null,null,null,null,null,null,null,null,null,null,null,null,null],"dailyEx":{"avg":null,"wave":null,"sunrise":null,"sunset":null}}]}
国府台,2026-10-05,{"hourly":[{"weather":[[1.28,17.99,0,0,4.08,null,null],[1.05,17.45,0,0,4.36,null,null],[1.31,17.42,0.31,0,4.52,null,null],[1.72,17.62,4.52,0,4.45,null,null],[1.84,18.82,10.76,1.76,4.74,null,null],[1,20.7,12.26,4.47,4.62,null,null],[1.49,22.24,12.05,6.84,4.28,null,null],[1.84,23.01,10.36,8.7,3.79,null,null],[1.33,22.56,5.7,7.51,3.18,null,null],[1.49,21.67,2.87,3.71,2.63,null,null],[1.67,21.14,2.04,2.57,2.66,null,null],[1.33,20.86,2.67,2.38,3.16,null,null]],"oneday":{"avg":null,"sunrise":null,"sunset":null},"tide":[null,null,null,null,null,null,null,null,null,null,null,null,null,null,null,null,null,null,null,null,null,null,null,null]},{"weather":[[1.05,20.67,2.98,2.66,3.39,null,null],[1.72,20.38,2.67,1.61,3.62,null,null],[1.2,19.89,1.33,1.19,3.13,null,null],[0.72,20.04,2.67,1.24,3.75,null,null],[0.33,22.38,5.34,1.43,3.78,null,null],[2.43,24.58,4.36,1.85,4.23,null,null],[1.67,25.9,3.18,2.76,4.09,null,null],[1,26.98,2.67,2.28,4.14,null,null],[1.28,25.69,1.69,1.81,3.71,null,null],[1.28,23.47,1.02,1.71,4.83,null,null],[1,21.87,1.02,0.57,4.75,null,null],[1,20.83,0.51,0.05,4.86,null,null]],"oneday":{"avg":null,"sunrise":null,"sunset":null},"tide":[null,null,null,null,null,null,null,null,null,null,null,null,null,null,null,null,null,null,null,null,null,null,null,null]},{"weather":[[0.72,20.15,0,0.09,5.31,null,null],[0.72,19.5,0,0.05,5.92,null,null],[0.87,19.11,3.69,0,6.09,null,null],[0.92,19,4.67,0.09,4.98,null,null],[0.72,21.1,2.98,0.09,5.89,null,null],[0.05,23.51,2,0.05,5.92,null,null],[0,24.78,0.67,0,5.27,null,null],[0,23.93,0,0,4.24,null,null],[0,21.3,0,0,4.28,null,null],[1.08,19.33,1.85,0,1.56,null,null],[0,18.84,6.05,1.99,1.72,null,null],[26.27,17.56,10.14,3.52,2.57,null,null]],"oneday":{"avg":null,"sunrise":null,"sunset":null},"tide":[null,null,null,null,null,null,null,null,null,null,null,null,null,null,null,null,null,null,null,null,null,null,null,null]}],"daily":[{"weather":[27.37,24.1],"tide":[null,null,null,null,null,null,null,null,null,null,null,null,null,null,null,null,null,null,null,null,null,null,null,null],"dailyEx":{"avg":null,"wave":null,"sunrise":null,"sunset":null}},{"weather":[26.53,23.02],"tide":[null,null,null,null,null,null,null,null,null,null,null,null,null,null,null,null,null,null,null,null,null,null,null,null],"dailyEx":{"avg":null,"wave":null,"sunrise":null,"sunset":null}},{"weather":[1.1,23.4],"tide":[null,null,null,null,null,null,null,null,null,null,null,null,null,null,null,null,null,null,null,null,null,null,null,null],"dailyEx":{"avg":null,"wave":null,"sunrise":null,"sunset":null}},{"weather":[2.05,23.32],"tide":[null,null,null,null,null,null,null,null,null,null,null,null,null,null,null,null,null,null,null,null,null,null,null,null],"dailyEx":{"avg":null,"wave":null,"sunrise":null,"sunset":null}},{"weather":[0.33,23.81],"tide":[null,null,null,null,null,null,null,null,null,null,null,null,null,null,null,null,null,null,null,null,null,null,null,null],"dailyEx":{"avg":null,"wave":null,"sunrise":null,"sunset":null}}]}
小櫃橋周辺,2026-10-05,{"hourly":[{"weather":[[1.39,18.9,0.41,0,4.86,null,null],[1.23,18.38,1.65,0.6,5.24,null,null],[1.23,18.31,1.44,0.6,5.83,null,null],[2.16,18.57,3.49,0.4,5.58,null,null],[1.84,19.39,7.36,1.39,5.31,null,null],[1.16,21.1,10.17,2.38,5.62,null,null],[1.2,22.38,16.56,3.58,5.69,null,null],[1.36,22.99,23.84,8.15,5.31,null,null],[1.23,22.65,12.29,7.75,4.75,null,null],[1.84,21.98,3.17,2.38,4.61,null,null],[1.77,21.58,0.65,0.2,4.47,null,null],[1.84,21.33,4.53,0.6,4.83,null,null]],"oneday":{"avg":null,"sunrise":null,"sunset":null},"tide":[null,null,null,null,null,null,null,null,null,null,null,null,null,null,null,null,null,null,null,null,null,null,null,null]},{"weather":[[1.81,21.15,6.38,2.38,4.59,null,null],[2,21.11,4.03,1.59,4.82,null,null],[2.06,21.08,2.26,0.99,4.58,null,null],[1,21.04,2.88,0.79,5.07,null,null],[0.84,22.59,4.76,0.79,5.26,null,null],[3,23.6,4.66,0.99,5.17,null,null],[1.4,24.55,4.36,1.19,5.64,null,null],[0.84,25.27,3.38,1.19,5.38,null,null],[0.59,24.44,1.63,0.99,5.82,null,null],[0.59,23.42,0.74,0.4,6,null,null],[0.64,22.51,0.33,0,6.61,null,null],[1,21.51,0,0,6.33,null,null]],"oneday":{"avg":null,"sunrise":null,"sunset":null},"tide":[null,null,null,null,null,null,null,null,null,null,null,null,null,null,null,null,null,null,null,null,null,null,null,null]},{"weather":[[1,20.9,0.58,0,6.71,null,null],[1.8,20.4,2.63,0.4,7.03,null,null],[1.8,20.04,7.72,1.19,6.96,null,null],[2,19.95,10.2,1.99,6.48,null,null],[1.77,20.72,9.55,1.59,5.22,null,null],[0.81,22.31,7.48,0.99,3.98,null,null],[0.4,23.22,4.73,0.79,3,null,null],[0,22.42,2.46,0.6,2.79,null,null],[1.63,20.65,1.64,0.4,3.31,null,null],[0.41,18.68,1.52,0.4,2.88,null,null],[0.58,17.79,2.66,0,2.56,null,null],[2.14,17.77,6.44,0.4,2.88,null,null]],"oneday":{"avg":null,"sunrise":null,"sunset":null},"tide":[null,null,null,null,null,null,null,null,null,null,null,null,null,null,null,null,null,null,null,null,null,null,null,null]}],"daily":[{"weather":[2.77,23.51],"tide":[null,null,null,null,null,null,null,null,null,null,null,null,null,null,null,null,null,null,null,null,null,null,null,null],"dailyEx":{"avg":null,"wave":null,"sunrise":null,"sunset":null}},{"weather":[1.54,23.18],"tide":[null,null,null,null,null,null,null,null,null,null,null,null,null,null,null,null,null,null,null,null,null,null,null,null],"dailyEx":{"avg":null,"wave":null,"sunrise":null,"sunset":null}},{"weather":[10.36,23.4],"tide":[null,null,null,null,null,null,null,null,null,null,null,null,null,null,null,null,null,null,null,null,null,null,null,null],"dailyEx":{"avg":null,"wave":null,"sunrise":null,"sunset":null}},{"weather":[1.6,23.25],"tide":[null,null,null,null,null,null,null,null,null,null,null,null,null,null,null,null,null,null,null,null,null,null,null,null],"dailyEx":{"avg":null,"wave":null,"sunrise":null,"sunset":null}},{"weather":[0.2,23.34],"tide":[null,null,null,null,null,null,null,null,null,null,null,null,null,null,null,null,null,null,null,null,null,null,null,null],"dailyEx":{"avg":null,"wave":null,"sunrise":null,"sunset":null}}]}
アート・ヘラ・ポンド,2026-10-05,{"hourly":[{"weather":[[1.35,18.61,0,0,6.55,null,null],[1.86,17.99,0,0,7.56,null,null],[1.26,17.95,0.32,0,8.54,null,null],[4.41,18.07,1.11,0.03,8.64,null,null],[1.9,19.33,2.19,1.4,8.55,null,null],[1.05,21.82,2.86,8.18,10.02,null,null],[1.84,23.13,3.03,18.03,10.06,null,null],[1.89,23.14,2.53,24.59,8.59,null,null],[2,22.59,1.31,19.62,7.97,null,null],[1.9,21.66,0.52,5.21,6.44,null,null],[1,21.17,0.2,0.98,5.85,null,null],[1.95,20.96,0.98,2.28,6.37,null,null]],"oneday":{"avg":null,"sunrise":null,"sunset":null},"tide":[null,null,null,null,null,null,null,null,null,null,null,null,null,null,null,null,null,null,null,null,null,null,null,null]},{"weather":[[1.75,20.72,1.35,6.33,6.97,null,null],[1.86,20.49,1.03,3.26,7,null,null],[2.07,20.4,0.86,1.07,6.6,null,null],[1.01,20.28,1.28,1.77,7.42,null,null],[1.1,22.05,2.06,4.41,7.55,null,null],[5.26,23.24,1.88,6.54,8.26,null,null],[2.63,23.92,1.86,7.43,9.8,null,null],[1.05,24.65,1.72,4.74,11.18,null,null],[1.14,23.99,0.7,2,10.49,null,null],[1.09,22.84,0.2,0.65,9.92,null,null],[1,22.05,0.2,0.23,10.52,null,null],[1.05,21.15,0.15,0.65,9.87,null,null]],"oneday":{"avg":null,"sunrise":null,"sunset":null},"tide":[null,null,null,null,null,null,null,null,null,null,null,null,null,null,null,null,null,null,null,null,null,null,null,null]},{"weather":[[0.91,20.27,0.05,1.3,7.72,null,null],[1.02,19.4,0,0.65,7.76,null,null],[1.02,18.85,0.69,0,7.67,null,null],[1.67,18.34,1.17,1.3,7.25,null,null],[0.86,19.77,0.96,1.3,6.89,null,null],[0.65,21.75,0.53,0.65,5.28,null,null],[0,23.58,0.26,0,3.51,null,null],[0,23.11,0,0.15,4.56,null,null],[2.48,20.93,0.01,0.24,5.58,null,null],[0.19,18.04,0.32,0.29,3.38,null,null],[0,17.2,0.96,0.94,4.94,null,null],[0.86,16.7,1.01,2.05,5.53,null,null]],"oneday":{"avg":null,"sunrise":null,"sunset":null},"tide":[null,null,null,null,null,null,null,null,null,null,null,null,null,null,null,null,null,null,null,null,null,null,null,null]}],"daily":[{"weather":[2.79,22.58],"tide":[null,null,null,null,null,null,null,null,null,null,null,null,null,null,null,null,null,null,null,null,null,null,null,null],"dailyEx":{"avg":null,"wave":null,"sunrise":null,"sunset":null}},{"weather":[0.21,23.23],"tide":[null,null,null,null,null,null,null,null,null,null,null,null,null,null,null,null,null,null,null,null,null,null,null,null],"dailyEx":{"avg":null,"wave":null,"sunrise":null,"sunset":null}},{"weather":[1.88,23.32],"tide":[null,null,null,null,null,null,null,null,null,null,null,null,null,null,null,null,null,null,null,null,null,null,null,null],"dailyEx":{"avg":null,"wave":null,"sunrise":null,"sunset":null}},{"weather":[1.17,22.76],"tide":[null,null,null,null,null,null,null,null,null,null,null,null,null,null,null,null,null,null,null,null,null,null,null,null],"dailyEx":{"avg":null,"wave":null,"sunrise":null,"sunset":null}},{"weather":[0.94,22.52],"tide":[null,null,null,null,null,null,null,null,null,null,null,null,null,null,null,null,null,null,null,null,null,null,null,null],"dailyEx":{"avg":null,"wave":null,"sunrise":null,"sunset":null}}]}
千葉北スカイランド釣り堀センター,2026-10-05,{"hourly":[{"weather":[[1.44,18.41,0,0,6.47,null,null],[1.81,17.76,0,0,7.42,null,null],[1.25,17.68,0.5,0,8.32,null,null],[1.87,17.84,1.49,0,8.36,null,null],[1.94,19.12,2.48,1.58,8.23,null,null],[1.06,21.59,3.22,7.92,9.52,null,null],[1.75,23.02,3.72,16.81,9.57,null,null],[1.75,23.11,3.47,22.82,8.15,null,null],[2,22.57,1.73,18.32,7.55,null,null],[1.94,21.63,0.5,5.17,6.07,null,null],[1,21.11,0,1.35,5.56,null,null],[2,20.89,0.99,2.47,6.08,null,null]],"oneday":{"avg":null,"sunrise":null,"sunset":null},"tide":[null,null,null,null,null,null,null,null,null,null,null,null,null,null,null,null,null,null,null,null,null,null,null,null]},{"weather":[[1.62,20.67,1.49,6.02,6.59,null,null],[1.81,20.48,0.99,3.14,6.66,null,null],[2.12,20.35,0.5,1.14,6.11,null,null],[0.87,20.19,0.99,1.77,7,null,null],[1,22.02,1.98,4.07,6.99,null,null],[2.74,23.34,1.24,5.95,7.74,null,null],[2.5,24.09,0.99,6.9,9.06,null,null],[1,24.88,0.99,4.52,10.1,null,null],[1.13,24.21,0.25,2.08,9.49,null,null],[1.13,22.99,0,0.9,9.16,null,null],[1,22.06,0,0.32,9.57,null,null],[1.06,21.14,0,0.56,9.19,null,null]],"oneday":{"avg":null,"sunrise":null,"sunset":null},"tide":[null,null,null,null,null,null,null,null,null,null,null,null,null,null,null,null,null,null,null,null,null,null,null,null]},{"weather":[[0.87,20.26,0,1.12,7.48,null,null],[1.12,19.4,0,0.56,7.76,null,null],[1.06,18.86,0.99,0,7.73,null,null],[1.62,18.36,1.73,1.12,7.18,null,null],[0.81,19.83,1.49,1.12,6.91,null,null],[0.56,21.86,0.74,0.56,5.37,null,null],[0,23.66,0.25,0,3.73,null,null],[0,23.25,0,0.18,4.46,null,null],[3.07,21.01,0.01,0.3,5.5,null,null],[0.26,18.12,0.5,0.36,3.36,null,null],[0,17.2,1.49,1.27,4.69,null,null],[0.87,16.65,1.49,2.48,5.2,null,null]],"oneday":{"avg":null,"sunrise":null,"sunset":null},"tide":[null,null,null,null,null,null,null,null,null,null,null,null,null,null,null,null,null,null,null,null,null,null,null,null]}],"daily":[{"weather":[2.75,22.64],"tide":[null,null,null,null,null,null,null,null,null,null,null,null,null,null,null,null,null,null,null,null,null,null,null,null],"dailyEx":{"avg":null,"wave":null,"sunrise":null,"sunset":null}},{"weather":[0.31,23.31],"tide":[null,null,null,null,null,null,null,null,null,null,null,null,null,null,null,null,null,null,null,null,null,null,null,null],"dailyEx":{"avg":null,"wave":null,"sunrise":null,"sunset":null}},{"weather":[1.94,23.42],"tide":[null,null,null,null,null,null,null,null,null,null,null,null,null,null,null,null,null,null,null,null,null,null,null,null],"dailyEx":{"avg":null,"wave":null,"sunrise":null,"sunset":null}},{"weather":[1.12,22.84],"tide":[null,null,null,null,null,null,null,null,null,null,null,null,null,null,null,null,null,null,null,null,null,null,null,null],"dailyEx":{"avg":null,"wave":null,"sunrise":null,"sunset":null}},{"weather":[0.87,22.69],"tide":[null,null,null,null,null,null,null,null,null,null,null,null,null,null,null,null,null,null,null,null,null,null,null,null],"dailyEx":{"avg":null,"wave":null,"sunrise":null,"sunset":null}}]}
FUJI養殖場,2026-10-05,{"hourly":[{"weather":[[1.21,18.07,0,0,6.03,null,null],[1.6,17.43,0,0,6.92,null,null],[1.39,17.39,0.39,0,7.9,null,null],[1.85,17.54,1.16,0,7.95,null,null],[1.74,18.93,1.93,1.74,8.01,null,null],[1.06,21.56,2.51,8.54,9.29,null,null],[2,22.96,2.89,18.02,9.21,null,null],[1.81,23.08,2.7,24.44,7.81,null,null],[1.81,22.45,1.35,19.64,7.14,null,null],[1.94,21.47,0.39,5.61,5.62,null,null],[1.19,20.92,0,1.53,5.14,null,null],[1.81,20.72,0.77,2.7,5.6,null,null]],"oneday":{"avg":null,"sunrise":null,"sunset":null},"tide":[null,null,null,null,null,null,null,null,null,null,null,null,null,null,null,null,null,null,null,null,null,null,null,null]},{"weather":[[1.66,20.49,1.16,6.46,6.27,null,null],[1.79,20.22,0.77,3.38,6.21,null,null],[1.85,20.03,0.39,1.26,5.87,null,null],[0.85,19.94,0.77,1.91,6.6,null,null],[0.81,22.09,1.54,4.35,6.87,null,null],[2.7,23.42,0.96,6.35,7.41,null,null],[2.61,24.29,0.77,7.39,8.71,null,null],[1,25.16,0.77,4.87,10.18,null,null],[1.15,24.3,0.19,2.27,9.12,null,null],[1.15,22.85,0,1.02,8.61,null,null],[1,21.89,0,0.36,9.43,null,null],[1.06,20.85,0,0.6,8.68,null,null]],"oneday":{"avg":null,"sunrise":null,"sunset":null},"tide":[null,null,null,null,null,null,null,null,null,null,null,null,null,null,null,null,null,null,null,null,null,null,null,null]},{"weather":[[0.85,19.95,0,1.19,6.81,null,null],[0.85,19.04,0,0.6,7.01,null,null],[0.98,18.49,0.77,0,7.08,null,null],[1.57,18.02,1.35,1.19,6.43,null,null],[0.79,19.84,1.16,1.19,6.71,null,null],[0.6,22.13,0.58,0.6,5.64,null,null],[0,23.99,0.19,0,4.13,null,null],[0,23.33,0,0.19,4.89,null,null],[3.19,21.15,0.01,0.31,5.95,null,null],[0.3,18.27,0.39,0.38,3.23,null,null],[0,17.47,1.16,1.42,4.79,null,null],[0.85,16.76,1.16,2.76,5.25,null,null]],"oneday":{"avg":null,"sunrise":null,"sunset":null},"tide":[null,null,null,null,null,null,null,null,null,null,null,null,null,null,null,null,null,null,null,null,null,null,null,null]}],"daily":[{"weather":[2.81,22.89],"tide":[null,null,null,null,null,null,null,null,null,null,null,null,null,null,null,null,null,null,null,null,null,null,null,null],"dailyEx":{"avg":null,"wave":null,"sunrise":null,"sunset":null}},{"weather":[0.64,23.23],"tide":[null,null,null,null,null,null,null,null,null,null,null,null,null,null,null,null,null,null,null,null,null,null,null,null],"dailyEx":{"avg":null,"wave":null,"sunrise":null,"sunset":null}},{"weather":[2.02,23.29],"tide":[null,null,null,null,null,null,null,null,null,null,null,null,null,null,null,null,null,null,null,null,null,null,null,null],"dailyEx":{"avg":null,"wave":null,"sunrise":null,"sunset":null}},{"weather":[1.24,22.8],"tide":[null,null,null,null,null,null,null,null,null,null,null,null,null,null,null,null,null,null,null,null,null,null,null,null],"dailyEx":{"avg":null,"wave":null,"sunrise":null,"sunset":null}},{"weather":[0.93,22.75],"tide":[null,null,null,null,null,null,null,null,null,null,null,null,null,null,null,null,null,null,null,null,null,null,null,null],"dailyEx":{"avg":null,"wave":null,"sunrise":null,"sunset":null}}]}
道野辺つり堀センター,2026-10-05,{"hourly":[{"weather":[[1.35,17.95,0,0,5.34,null,null],[1.31,17.32,0,0,5.89,null,null],[1.69,17.21,0.69,0,6.53,null,null],[1.65,17.35,2.07,0,6.39,null,null],[1.66,18.71,3.44,2.39,6.8,null,null],[1,21.12,4.48,7.95,7.37,null,null],[2,22.64,5.16,14.35,7.07,null,null],[1.66,23.12,4.82,18.86,6.01,null,null],[1.66,22.53,2.41,15.66,5.32,null,null],[2,21.53,0.69,6.02,4.14,null,null],[1.34,20.93,0,3.13,3.88,null,null],[1.66,20.69,1.38,3.4,4.57,null,null]],"oneday":{"avg":null,"sunrise":null,"sunset":null},"tide":[null,null,null,null,null,null,null,null,null,null,null,null,null,null,null,null,null,null,null,null,null,null,null,null]},{"weather":[[1.31,20.49,2.07,5.25,5.07,null,null],[1.65,20.23,1.38,2.97,5.2,null,null],[1.65,19.85,0.69,1.7,4.39,null,null],[0.65,19.75,1.38,2.01,5.45,null,null],[0.66,22.03,2.75,3.24,5.42,null,null],[2.3,23.79,1.72,4.51,6.33,null,null],[2.31,24.95,1.38,5.86,6.89,null,null],[1,25.96,1.38,4.28,7.73,null,null],[1.35,25.02,0.34,2.7,6.51,null,null],[1.35,23.27,0,2.08,6.79,null,null],[1,21.93,0,0.7,7.13,null,null],[1,20.75,0,0.31,6.86,null,null]],"oneday":{"avg":null,"sunrise":null,"sunset":null},"tide":[null,null,null,null,null,null,null,null,null,null,null,null,null,null,null,null,null,null,null,null,null,null,null,null]},{"weather":[[0.65,19.93,0,0.62,6.38,null,null],[0.65,19.07,0,0.31,7,null,null],[1,18.57,1.38,0,7.23,null,null],[1.3,18.28,2.41,0.62,6.11,null,null],[0.65,20.3,2.07,0.62,7.04,null,null],[0.31,22.71,1.03,0.31,6.71,null,null],[0,24.36,0.34,0,5.67,null,null],[0,23.73,0,0,5.24,null,null],[0,21.49,0,0,6.19,null,null],[0.7,18.84,0.69,0,2.87,null,null],[0,18.22,2.07,2.43,3.51,null,null],[0.65,17.23,2.07,4.48,4.55,null,null]],"oneday":{"avg":null,"sunrise":null,"sunset":null},"tide":[null,null,null,null,null,null,null,null,null,null,null,null,null,null,null,null,null,null,null,null,null,null,null,null]}],"daily":[{"weather":[2.66,23.26],"tide":[null,null,null,null,null,null,null,null,null,null,null,null,null,null,null,null,null,null,null,null,null,null,null,null],"dailyEx":{"avg":null,"wave":null,"sunrise":null,"sunset":null}},{"weather":[1.03,23.15],"tide":[null,null,null,null,null,null,null,null,null,null,null,null,null,null,null,null,null,null,null,null,null,null,null,null],"dailyEx":{"avg":null,"wave":null,"sunrise":null,"sunset":null}},{"weather":[2,23.4],"tide":[null,null,null,null,null,null,null,null,null,null,null,null,null,null,null,null,null,null,null,null,null,null,null,null],"dailyEx":{"avg":null,"wave":null,"sunrise":null,"sunset":null}},{"weather":[1.34,23.09],"tide":[null,null,null,null,null,null,null,null,null,null,null,null,null,null,null,null,null,null,null,null,null,null,null,null],"dailyEx":{"avg":null,"wave":null,"sunrise":null,"sunset":null}},{"weather":[0.66,23.3],"tide":[null,null,null,null,null,null,null,null,null,null,null,null,null,null,null,null,null,null,null,null,null,null,null,null],"dailyEx":{"avg":null,"wave":null,"sunrise":null,"sunset":null}}]}
田園へら鮒釣堀,2026-10-05,{"hourly":[{"weather":[[1.42,17.92,0,0,5.07,null,null],[1.18,17.34,0,0,5.47,null,null],[1.43,17.24,0.43,0,5.93,null,null],[1.58,17.37,2.58,0,5.78,null,null],[1.79,18.65,5.49,2.69,6.29,null,null],[1,20.8,6.5,7.68,6.51,null,null],[1.81,22.4,6.74,12.74,6.09,null,null],[1.79,23.1,5.96,16.48,5.27,null,null],[1.6,22.6,3.17,13.94,4.53,null,null],[1.81,21.6,1.36,6.11,3.52,null,null],[1.4,20.99,0.75,3.76,3.4,null,null],[1.6,20.73,1.6,3.71,4.12,null,null]],"oneday":{"avg":null,"sunrise":null,"sunset":null},"tide":[null,null,null,null,null,null,null,null,null,null,null,null,null,null,null,null,null,null,null,null,null,null,null,null]},{"weather":[[1.18,20.53,2.02,4.81,4.58,null,null],[1.58,20.25,1.6,2.82,4.77,null,null],[1.39,19.76,0.8,1.86,3.89,null,null],[0.58,19.73,1.6,2.04,4.99,null,null],[0.6,21.98,3.19,2.77,4.91,null,null],[2.16,24.19,2.37,3.73,5.81,null,null],[2.2,25.44,1.79,5.17,6.03,null,null],[1,26.52,1.6,4.02,6.61,null,null],[1.42,25.53,0.77,2.88,5.5,null,null],[1.42,23.47,0.37,2.51,6.28,null,null],[1,21.92,0.37,0.84,6.31,null,null],[1,20.76,0.19,0.18,6.28,null,null]],"oneday":{"avg":null,"sunrise":null,"sunset":null},"tide":[null,null,null,null,null,null,null,null,null,null,null,null,null,null,null,null,null,null,null,null,null,null,null,null]},{"weather":[[0.58,20.01,0,0.36,6.39,null,null],[0.58,19.23,0,0.18,7.15,null,null],[0.8,18.77,1.97,0,7.4,null,null],[0.98,18.49,2.8,0.36,6.06,null,null],[0.58,20.59,2.02,0.36,7.32,null,null],[0.18,23.02,1.2,0.18,7.24,null,null],[0,24.6,0.4,0,6.41,null,null],[0,24.03,0,0,5.32,null,null],[0,21.59,0,0,6.15,null,null],[1.02,19.05,0.99,0,2.59,null,null],[0,18.45,3.14,2.93,3.04,null,null],[9.92,17.28,4.64,5.22,4.15,null,null]],"oneday":{"avg":null,"sunrise":null,"sunset":null},"tide":[null,null,null,null,null,null,null,null,null,null,null,null,null,null,null,null,null,null,null,null,null,null,null,null]}],"daily":[{"weather":[11.75,23.48],"tide":[null,null,null,null,null,null,null,null,null,null,null,null,null,null,null,null,null,null,null,null,null,null,null,null],"dailyEx":{"avg":null,"wave":null,"sunrise":null,"sunset":null}},{"weather":[10.16,23.09],"tide":[null,null,null,null,null,null,null,null,null,null,null,null,null,null,null,null,null,null,null,null,null,null,null,null],"dailyEx":{"avg":null,"wave":null,"sunrise":null,"sunset":null}},{"weather":[1.83,23.4],"tide":[null,null,null,null,null,null,null,null,null,null,null,null,null,null,null,null,null,null,null,null,null,null,null,null],"dailyEx":{"avg":null,"wave":null,"sunrise":null,"sunset":null}},{"weather":[1.38,23.26],"tide":[null,null,null,null,null,null,null,null,null,null,null,null,null,null,null,null,null,null,null,null,null,null,null,null],"dailyEx":{"avg":null,"wave":null,"sunrise":null,"sunset":null}},{"weather":[0.6,23.54],"tide":[null,null,null,null,null,null,null,null,null,null,null,null,null,null,null,null,null,null,null,null,null,null,null,null],"dailyEx":{"avg":null,"wave":null,"sunrise":null,"sunset":null}}]}
三楽園,2026-10-05,{"hourly":[{"weather":[[1.67,17.72,0,0,5.99,null,null],[1.21,17.2,0,0,6.41,null,null],[1,17.06,0,0,6.94,null,null],[1.44,17.18,0.85,0,6.83,null,null],[1.88,18.44,2.19,4.01,7.57,null,null],[1.12,20.48,2.43,10.79,7.74,null,null],[1.88,22.21,2.31,17.47,7.23,null,null],[2,22.96,1.95,22.68,6.47,null,null],[1.88,22.58,1.1,19.22,5.49,null,null],[1.76,21.45,0.61,8.39,4.14,null,null],[1.12,20.78,0.49,5.36,4,null,null],[1.88,20.54,0.49,5.45,4.82,null,null]],"oneday":{"avg":null,"sunrise":null,"sunset":null},"tide":[null,null,null,null,null,null,null,null,null,null,null,null,null,null,null,null,null,null,null,null,null,null,null,null]},{"weather":[[1.32,20.35,0.49,7.03,5.52,null,null],[1.33,20.06,0.49,4.07,5.62,null,null],[1.32,19.49,0.24,2.55,4.5,null,null],[0.44,19.41,0.49,2.87,5.88,null,null],[0.88,21.49,0.97,3.81,5.82,null,null],[1.88,24.17,0.85,5.1,6.79,null,null],[2.76,25.35,0.61,6.98,7.24,null,null],[1,26.46,0.49,5.6,8.33,null,null],[1.56,25.79,0.37,4.1,6.79,null,null],[1.56,23.54,0.24,3.58,7.74,null,null],[1,21.85,0.24,1.23,7.64,null,null],[1.12,20.67,0.12,0.21,7.49,null,null]],"oneday":{"avg":null,"sunrise":null,"sunset":null},"tide":[null,null,null,null,null,null,null,null,null,null,null,null,null,null,null,null,null,null,null,null,null,null,null,null]},{"weather":[[0.44,19.91,0,0.41,7.66,null,null],[0.44,19.12,0,0.21,8.63,null,null],[0.33,18.6,0.73,0,8.83,null,null],[0.53,17.95,0.85,0.41,6.99,null,null],[0.33,20.16,0.49,0.41,8.96,null,null],[0.21,22.63,0.37,0.21,8.8,null,null],[0,24.54,0.12,0,8.06,null,null],[0,24.4,0,0.35,6.28,null,null],[5.87,21.88,0.01,0.58,7.73,null,null],[1.24,18.76,0.37,0.69,3.46,null,null],[0,17.94,1.22,4.59,4.71,null,null],[6.53,16.69,2.19,7.6,5.46,null,null]],"oneday":{"avg":null,"sunrise":null,"sunset":null},"tide":[null,null,null,null,null,null,null,null,null,null,null,null,null,null,null,null,null,null,null,null,null,null,null,null]}],"daily":[{"weather":[8.84,22.87],"tide":[null,null,null,null,null,null,null,null,null,null,null,null,null,null,null,null,null,null,null,null,null,null,null,null],"dailyEx":{"avg":null,"wave":null,"sunrise":null,"sunset":null}},{"weather":[6.32,22.97],"tide":[null,null,null,null,null,null,null,null,null,null,null,null,null,null,null,null,null,null,null,null,null,null,null,null],"dailyEx":{"avg":null,"wave":null,"sunrise":null,"sunset":null}},{"weather":[2.43,23.19],"tide":[null,null,null,null,null,null,null,null,null,null,null,null,null,null,null,null,null,null,null,null,null,null,null,null],"dailyEx":{"avg":null,"wave":null,"sunrise":null,"sunset":null}},{"weather":[0.69,23.26],"tide":[null,null,null,null,null,null,null,null,null,null,null,null,null,null,null,null,null,null,null,null,null,null,null,null],"dailyEx":{"avg":null,"wave":null,"sunrise":null,"sunset":null}},{"weather":[1.11,23.2],"tide":[null,null,null,null,null,null,null,null,null,null,null,null,null,null,null,null,null,null,null,null,null,null,null,null],"dailyEx":{"avg":null,"wave":null,"sunrise":null,"sunset":null}}]}
鈴木園,2026-10-05,{"hourly":[{"weather":[[1.59,17.85,0,0,6.55,null,null],[1.41,17.28,0,0,7.19,null,null],[1,17.14,0,0,8.01,null,null],[1.49,17.22,0,0,7.93,null,null],[1.92,18.53,0,3.78,8.59,null,null],[1.08,20.84,0,11.88,9.3,null,null],[2,22.52,0,21.01,8.84,null,null],[2,23.09,0,27.66,7.68,null,null],[2,22.64,0,23.01,6.72,null,null],[1.92,21.48,0,8.89,5.08,null,null],[1,20.82,0,4.82,4.76,null,null],[2,20.59,0,5.29,5.6,null,null]],"oneday":{"avg":null,"sunrise":null,"sunset":null},"tide":[null,null,null,null,null,null,null,null,null,null,null,null,null,null,null,null,null,null,null,null,null,null,null,null]},{"weather":[[1.49,20.37,0,8,6.42,null,null],[1.41,20.07,0,4.51,6.46,null,null],[1.49,19.6,0,2.53,5.4,null,null],[0.49,19.46,0,3.02,6.85,null,null],[1,21.46,0,4.74,6.82,null,null],[1.98,23.87,0,6.57,7.93,null,null],[3,24.92,0,8.51,8.81,null,null],[1,25.95,0,6.35,10.27,null,null],[1.51,25.35,0,4.11,8.56,null,null],[1.51,23.36,0,3.21,8.93,null,null],[1,21.91,0,1.1,9.11,null,null],[1.08,20.75,0,0.41,8.76,null,null]],"oneday":{"avg":null,"sunrise":null,"sunset":null},"tide":[null,null,null,null,null,null,null,null,null,null,null,null,null,null,null,null,null,null,null,null,null,null,null,null]},{"weather":[[0.49,19.92,0,0.82,8.09,null,null],[0.49,19.04,0,0.41,8.89,null,null],[0.41,18.49,0,0,9.1,null,null],[0.82,17.83,0,0.82,7.54,null,null],[0.41,19.88,0,0.82,9.16,null,null],[0.41,22.28,0,0.41,8.67,null,null],[0,24.34,0,0,7.55,null,null],[0,24.21,0,0.24,6.45,null,null],[4.04,21.82,0.01,0.4,8.19,null,null],[1.02,18.47,0,0.48,3.87,null,null],[0,17.6,0,4.04,5.3,null,null],[0.49,16.55,0,6.99,6.2,null,null]],"oneday":{"avg":null,"sunrise":null,"sunset":null},"tide":[null,null,null,null,null,null,null,null,null,null,null,null,null,null,null,null,null,null,null,null,null,null,null,null]}],"daily":[{"weather":[3,22.62],"tide":[null,null,null,null,null,null,null,null,null,null,null,null,null,null,null,null,null,null,null,null,null,null,null,null],"dailyEx":{"avg":null,"wave":null,"sunrise":null,"sunset":null}},{"weather":[0.08,23.11],"tide":[null,null,null,null,null,null,null,null,null,null,null,null,null,null,null,null,null,null,null,null,null,null,null,null],"dailyEx":{"avg":null,"wave":null,"sunrise":null,"sunset":null}},{"weather":[2.59,23.26],"tide":[null,null,null,null,null,null,null,null,null,null,null,null,null,null,null,null,null,null,null,null,null,null,null,null],"dailyEx":{"avg":null,"wave":null,"sunrise":null,"sunset":null}},{"weather":[0.49,23.13],"tide":[null,null,null,null,null,null,null,null,null,null,null,null,null,null,null,null,null,null,null,null,null,null,null,null],"dailyEx":{"avg":null,"wave":null,"sunrise":null,"sunset":null}},{"weather":[1.16,22.99],"tide":[null,null,null,null,null,null,null,null,null,null,null,null,null,null,null,null,null,null,null,null,null,null,null,null],"dailyEx":{"avg":null,"wave":null,"sunrise":null,"sunset":null}}]}
座間養魚場,2026-10-05,{"hourly":[{"weather":[[1.59,17.86,0,0,6.23,null,null],[1.33,17.31,0,0,6.76,null,null],[1,17.16,0,0,7.47,null,null],[1.47,17.24,0.58,0,7.36,null,null],[1.95,18.52,1.5,3.74,8.06,null,null],[1.05,20.73,1.67,11.18,8.57,null,null],[1.92,22.43,1.59,19.22,8.05,null,null],[2,23.1,1.33,25.13,7.01,null,null],[1.92,22.67,0.75,21.05,6.07,null,null],[1.86,21.54,0.42,8.58,4.59,null,null],[1.08,20.88,0.33,4.95,4.35,null,null],[1.92,20.63,0.33,5.18,5.2,null,null]],"oneday":{"avg":null,"sunrise":null,"sunset":null},"tide":[null,null,null,null,null,null,null,null,null,null,null,null,null,null,null,null,null,null,null,null,null,null,null,null]},{"weather":[[1.39,20.41,0.33,7.33,5.96,null,null],[1.41,20.11,0.33,4.2,6.05,null,null],[1.39,19.59,0.17,2.51,4.96,null,null],[0.47,19.49,0.33,2.9,6.41,null,null],[0.92,21.52,0.67,4.27,6.33,null,null],[1.94,24.06,0.58,5.85,7.45,null,null],[2.83,25.19,0.42,7.78,8.09,null,null],[1,26.25,0.33,5.92,9.3,null,null],[1.53,25.57,0.25,4.01,7.69,null,null],[1.53,23.47,0.17,3.3,8.3,null,null],[1,21.92,0.17,1.12,8.34,null,null],[1.05,20.76,0.08,0.33,8.15,null,null]],"oneday":{"avg":null,"sunrise":null,"sunset":null},"tide":[null,null,null,null,null,null,null,null,null,null,null,null,null,null,null,null,null,null,null,null,null,null,null,null]},{"weather":[[0.47,19.96,0,0.66,7.83,null,null],[0.47,19.13,0,0.33,8.7,null,null],[0.41,18.61,0.5,0,8.93,null,null],[0.75,18.02,0.58,0.66,7.32,null,null],[0.41,20.11,0.33,0.66,9.02,null,null],[0.33,22.52,0.25,0.33,8.71,null,null],[0,24.48,0.08,0,7.7,null,null],[0,24.3,0,0.16,6.35,null,null],[2.77,21.84,0.01,0.27,7.92,null,null],[1.15,18.65,0.25,0.33,3.58,null,null],[0,17.86,0.83,4.05,4.72,null,null],[4.64,16.71,1.5,7.04,5.75,null,null]],"oneday":{"avg":null,"sunrise":null,"sunset":null},"tide":[null,null,null,null,null,null,null,null,null,null,null,null,null,null,null,null,null,null,null,null,null,null,null,null]}],"daily":[{"weather":[7.01,22.84],"tide":[null,null,null,null,null,null,null,null,null,null,null,null,null,null,null,null,null,null,null,null,null,null,null,null],"dailyEx":{"avg":null,"wave":null,"sunrise":null,"sunset":null}},{"weather":[4.31,23.1],"tide":[null,null,null,null,null,null,null,null,null,null,null,null,null,null,null,null,null,null,null,null,null,null,null,null],"dailyEx":{"avg":null,"wave":null,"sunrise":null,"sunset":null}},{"weather":[2.42,23.3],"tide":[null,null,null,null,null,null,null,null,null,null,null,null,null,null,null,null,null,null,null,null,null,null,null,null],"dailyEx":{"avg":null,"wave":null,"sunrise":null,"sunset":null}},{"weather":[0.64,23.23],"tide":[null,null,null,null,null,null,null,null,null,null,null,null,null,null,null,null,null,null,null,null,null,null,null,null],"dailyEx":{"avg":null,"wave":null,"sunrise":null,"sunset":null}},{"weather":[1.02,23.2],"tide":[null,null,null,null,null,null,null,null,null,null,null,null,null,null,null,null,null,null,null,null,null,null,null,null],"dailyEx":{"avg":null,"wave":null,"sunrise":null,"sunset":null}}]}
管理釣り場将監,2026-10-05,{"hourly":[{"weather":[[1.44,17.8,0,0,6.51,null,null],[1.59,17.29,0,0,7.48,null,null],[1.05,17.32,0,0,8.33,null,null],[3.19,17.55,0.07,0.01,8.62,null,null],[1.6,18.95,0.29,2.28,8.51,null,null],[1.38,21.28,0.38,9.15,9.59,null,null],[2,22.64,0.31,18.75,9.8,null,null],[2.02,22.53,0.14,25.89,8.91,null,null],[2,22.05,0.1,20.7,8.02,null,null],[1.6,21.06,0.1,5.31,6.37,null,null],[1,20.52,0.1,1.44,5.94,null,null],[1.98,20.4,0.17,3.29,6.05,null,null]],"oneday":{"avg":null,"sunrise":null,"sunset":null},"tide":[null,null,null,null,null,null,null,null,null,null,null,null,null,null,null,null,null,null,null,null,null,null,null,null]},{"weather":[[1.97,20.25,0.19,7.81,6.85,null,null],[1.59,19.99,0.19,3.94,6.58,null,null],[1.97,19.89,0.26,1.08,6.57,null,null],[1.01,19.83,0.31,2.02,6.76,null,null],[1.05,21.92,0.38,4.66,7.5,null,null],[4.13,23.14,0.53,6.78,7.18,null,null],[2.98,23.76,0.6,7.43,8.95,null,null],[1.02,24.57,0.53,5.14,11.08,null,null],[1.06,24.04,0.26,2.47,10.24,null,null],[1.03,22.53,0.1,0.96,9.83,null,null],[1,21.6,0.1,0.45,10.77,null,null],[1.38,20.65,0.07,0.56,9.42,null,null]],"oneday":{"avg":null,"sunrise":null,"sunset":null},"tide":[null,null,null,null,null,null,null,null,null,null,null,null,null,null,null,null,null,null,null,null,null,null,null,null]},{"weather":[[0.97,19.75,0.02,1.13,7.36,null,null],[0.94,18.89,0,0.56,7.41,null,null],[0.59,18.26,0.02,0,7.13,null,null],[1.15,17.23,0.02,1.13,6.15,null,null],[0.59,19.18,0,1.13,6.66,null,null],[0.56,21.49,0.02,0.56,5.09,null,null],[0,23.59,0.05,0,3.91,null,null],[0,23.19,0,1.13,4.6,null,null],[19.25,20.94,0.04,1.89,5.65,null,null],[0.07,17.78,0,2.26,3.73,null,null],[0,16.62,0,2.51,7.1,null,null],[0.94,15.96,0.02,3.24,5.82,null,null]],"oneday":{"avg":null,"sunrise":null,"sunset":null},"tide":[null,null,null,null,null,null,null,null,null,null,null,null,null,null,null,null,null,null,null,null,null,null,null,null]}],"daily":[{"weather":[2.98,22.18],"tide":[null,null,null,null,null,null,null,null,null,null,null,null,null,null,null,null,null,null,null,null,null,null,null,null],"dailyEx":{"avg":null,"wave":null,"sunrise":null,"sunset":null}},{"weather":[0.38,22.81],"tide":[null,null,null,null,null,null,null,null,null,null,null,null,null,null,null,null,null,null,null,null,null,null,null,null],"dailyEx":{"avg":null,"wave":null,"sunrise":null,"sunset":null}},{"weather":[2.36,22.68],"tide":[null,null,null,null,null,null,null,null,null,null,null,null,null,null,null,null,null,null,null,null,null,null,null,null],"dailyEx":{"avg":null,"wave":null,"sunrise":null,"sunset":null}},{"weather":[1.01,22.49],"tide":[null,null,null,null,null,null,null,null,null,null,null,null,null,null,null,null,null,null,null,null,null,null,null,null],"dailyEx":{"avg":null,"wave":null,"sunrise":null,"sunset":null}},{"weather":[1.75,21.85],"tide":[null,null,null,null,null,null,null,null,null,null,null,null,null,null,null,null,null,null,null,null,null,null,null,null],"dailyEx":{"avg":null,"wave":null,"sunrise":null,"sunset":null}}]}
富里乃堰,2026-10-05,{"hourly":[{"weather":[[1.38,18.99,0,0,6.41,null,null],[1.81,18.53,0,0,7.4,null,null],[1.4,18.61,0,0,8.2,null,null],[12.11,18.7,0.6,0.1,8.45,null,null],[1.62,19.84,2.38,1.36,8.5,null,null],[1.19,22.01,3.17,7.64,9.71,null,null],[2,23.03,2.58,17,9.9,null,null],[2.2,22.87,1.19,23.47,8.95,null,null],[2,22.4,0.79,18.61,8.18,null,null],[1.62,21.56,0.79,4.44,6.79,null,null],[1,21.14,0.79,0.56,6.22,null,null],[1.8,20.96,1.39,2.16,6.59,null,null]],"oneday":{"avg":null,"sunrise":null,"sunset":null},"tide":[null,null,null,null,null,null,null,null,null,null,null,null,null,null,null,null,null,null,null,null,null,null,null,null]},{"weather":[[2,20.75,1.59,6.41,7.28,null,null],[1.81,20.49,1.59,3.21,7.24,null,null],[2,20.47,2.18,0.8,7.17,null,null],[1.4,20.45,2.58,1.6,7.55,null,null],[1.4,22.1,3.17,4.25,8.13,null,null],[12.91,22.96,4.36,6.42,8.35,null,null],[2.8,23.5,4.96,6.9,10.19,null,null],[1.2,24.1,4.36,4.44,12.24,null,null],[1.2,23.61,2.18,1.79,11.69,null,null],[1,22.54,0.79,0.37,11.12,null,null],[1,21.87,0.79,0.19,11.89,null,null],[1.19,21.04,0.6,0.62,10.56,null,null]],"oneday":{"avg":null,"sunrise":null,"sunset":null},"tide":[null,null,null,null,null,null,null,null,null,null,null,null,null,null,null,null,null,null,null,null,null,null,null,null]},{"weather":[[1,20.21,0.2,1.23,8.21,null,null],[0.8,19.4,0,0.62,7.74,null,null],[0.81,18.85,0.2,0,7.36,null,null],[1.43,18.11,0.2,1.23,6.85,null,null],[0.81,19.55,0,1.23,6.53,null,null],[0.62,21.43,0.2,0.62,4.78,null,null],[0,23.25,0.4,0,3.21,null,null],[0,22.77,0,0.56,4.4,null,null],[9.52,20.68,0.02,0.93,5.09,null,null],[0,17.94,0,1.12,3.31,null,null],[0,17.19,0,1.12,5.92,null,null],[0.8,16.72,0.2,1.74,5.87,null,null]],"oneday":{"avg":null,"sunrise":null,"sunset":null},"tide":[null,null,null,null,null,null,null,null,null,null,null,null,null,null,null,null,null,null,null,null,null,null,null,null]}],"daily":[{"weather":[2.8,22.26],"tide":[null,null,null,null,null,null,null,null,null,null,null,null,null,null,null,null,null,null,null,null,null,null,null,null],"dailyEx":{"avg":null,"wave":null,"sunrise":null,"sunset":null}},{"weather":[0.19,22.68],"tide":[null,null,null,null,null,null,null,null,null,null,null,null,null,null,null,null,null,null,null,null,null,null,null,null],"dailyEx":{"avg":null,"wave":null,"sunrise":null,"sunset":null}},{"weather":[1.79,22.77],"tide":[null,null,null,null,null,null,null,null,null,null,null,null,null,null,null,null,null,null,null,null,null,null,null,null],"dailyEx":{"avg":null,"wave":null,"sunrise":null,"sunset":null}},{"weather":[1.4,22.51],"tide":[null,null,null,null,null,null,null,null,null,null,null,null,null,null,null,null,null,null,null,null,null,null,null,null],"dailyEx":{"avg":null,"wave":null,"sunrise":null,"sunset":null}},{"weather":[1.37,21.84],"tide":[null,null,null,null,null,null,null,null,null,null,null,null,null,null,null,null,null,null,null,null,null,null,null,null],"dailyEx":{"avg":null,"wave":null,"sunrise":null,"sunset":null}}]}
放年園,2026-10-05,{"hourly":[{"weather":[[1.45,18.19,0,0,6.34,null,null],[1.64,17.7,0,0,7.33,null,null],[1.19,17.72,0,0,8.21,null,null],[4.14,17.91,0.28,0.02,8.5,null,null],[1.65,19.22,1.12,2.09,8.46,null,null],[3.9,21.42,1.5,8.67,9.53,null,null],[2,22.7,1.22,17.85,9.64,null,null],[2.04,22.61,0.56,24.57,8.71,null,null],[2,22.15,0.37,19.66,7.87,null,null],[1.6,21.21,0.37,5.14,6.31,null,null],[1,20.71,0.37,1.39,5.87,null,null],[1.91,20.58,0.66,3.05,6.07,null,null]],"oneday":{"avg":null,"sunrise":null,"sunset":null},"tide":[null,null,null,null,null,null,null,null,null,null,null,null,null,null,null,null,null,null,null,null,null,null,null,null]},{"weather":[[1.9,20.41,0.75,7.25,6.79,null,null],[1.64,20.15,0.75,3.68,6.58,null,null],[1.95,20.05,1.03,1.06,6.49,null,null],[1.14,20.01,1.22,1.92,6.82,null,null],[1.19,21.95,1.5,4.41,7.48,null,null],[4.99,23.12,2.06,6.44,7.39,null,null],[2.91,23.73,2.34,7.11,9.09,null,null],[1.09,24.47,2.06,4.87,11.13,null,null],[1.09,23.97,1.03,2.33,10.33,null,null],[1.05,22.57,0.37,0.93,9.94,null,null],[1,21.68,0.37,0.41,10.74,null,null],[1.36,20.76,0.28,0.55,9.5,null,null]],"oneday":{"avg":null,"sunrise":null,"sunset":null},"tide":[null,null,null,null,null,null,null,null,null,null,null,null,null,null,null,null,null,null,null,null,null,null,null,null]},{"weather":[[0.95,19.89,0.09,1.09,7.45,null,null],[0.85,19.03,0,0.55,7.4,null,null],[0.64,18.42,0.09,0,7.13,null,null],[1.19,17.51,0.09,1.09,6.23,null,null],[0.59,19.37,0,1.09,6.63,null,null],[0.55,21.56,0.09,0.55,5.13,null,null],[0,23.54,0.19,0,3.89,null,null],[0,23.15,0,0.92,4.58,null,null],[15.68,20.89,0.03,1.54,5.57,null,null],[0.11,17.89,0,1.84,3.54,null,null],[0,16.89,0,2.21,6.6,null,null],[0.85,16.25,0.09,3.02,5.76,null,null]],"oneday":{"avg":null,"sunrise":null,"sunset":null},"tide":[null,null,null,null,null,null,null,null,null,null,null,null,null,null,null,null,null,null,null,null,null,null,null,null]}],"daily":[{"weather":[2.85,22.26],"tide":[null,null,null,null,null,null,null,null,null,null,null,null,null,null,null,null,null,null,null,null,null,null,null,null],"dailyEx":{"avg":null,"wave":null,"sunrise":null,"sunset":null}},{"weather":[0.36,22.73],"tide":[null,null,null,null,null,null,null,null,null,null,null,null,null,null,null,null,null,null,null,null,null,null,null,null],"dailyEx":{"avg":null,"wave":null,"sunrise":null,"sunset":null}},{"weather":[2.17,22.7],"tide":[null,null,null,null,null,null,null,null,null,null,null,null,null,null,null,null,null,null,null,null,null,null,null,null],"dailyEx":{"avg":null,"wave":null,"sunrise":null,"sunset":null}},{"weather":[3.62,22.49],"tide":[null,null,null,null,null,null,null,null,null,null,null,null,null,null,null,null,null,null,null,null,null,null,null,null],"dailyEx":{"avg":null,"wave":null,"sunrise":null,"sunset":null}},{"weather":[1.61,21.87],"tide":[null,null,null,null,null,null,null,null,null,null,null,null,null,null,null,null,null,null,null,null,null,null,null,null],"dailyEx":{"avg":null,"wave":null,"sunrise":null,"sunset":null}}]}
小川園,2026-10-05,{"hourly":[{"weather":[[1.59,17.86,0,0,6.56,null,null],[1.41,17.29,0,0,7.19,null,null],[1,17.14,0,0,8.02,null,null],[1.49,17.22,0,0,7.93,null,null],[1.93,18.52,0,3.79,8.6,null,null],[1.07,20.85,0,11.91,9.31,null,null],[2,22.52,0,21.07,8.84,null,null],[2,23.1,0,27.72,7.67,null,null],[2,22.65,0,23.07,6.71,null,null],[1.93,21.49,0,8.95,5.07,null,null],[1,20.83,0,4.85,4.75,null,null],[2,20.59,0,5.31,5.6,null,null]],"oneday":{"avg":null,"sunrise":null,"sunset":null},"tide":[null,null,null,null,null,null,null,null,null,null,null,null,null,null,null,null,null,null,null,null,null,null,null,null]},{"weather":[[1.49,20.37,0,8,6.43,null,null],[1.41,20.08,0,4.51,6.47,null,null],[1.49,19.6,0,2.54,5.4,null,null],[0.49,19.45,0,3.03,6.87,null,null],[1,21.45,0,4.75,6.83,null,null],[1.97,23.88,0,6.58,7.96,null,null],[3,24.94,0,8.54,8.83,null,null],[1,25.97,0,6.37,10.27,null,null],[1.51,25.37,0,4.13,8.55,null,null],[1.51,23.37,0,3.23,8.93,null,null],[1,21.92,0,1.1,9.1,null,null],[1.07,20.75,0,0.41,8.77,null,null]],"oneday":{"avg":null,"sunrise":null,"sunset":null},"tide":[null,null,null,null,null,null,null,null,null,null,null,null,null,null,null,null,null,null,null,null,null,null,null,null]},{"weather":[[0.49,19.92,0,0.82,8.1,null,null],[0.49,19.05,0,0.41,8.92,null,null],[0.41,18.5,0,0,9.13,null,null],[0.82,17.84,0,0.82,7.57,null,null],[0.41,19.89,0,0.82,9.2,null,null],[0.41,22.29,0,0.41,8.72,null,null],[0,24.35,0,0,7.59,null,null],[0,24.22,0,0.22,6.48,null,null],[3.69,21.83,0.01,0.36,8.23,null,null],[1.03,18.48,0,0.43,3.87,null,null],[0,17.62,0,4.04,5.27,null,null],[0.49,16.56,0,7.03,6.21,null,null]],"oneday":{"avg":null,"sunrise":null,"sunset":null},"tide":[null,null,null,null,null,null,null,null,null,null,null,null,null,null,null,null,null,null,null,null,null,null,null,null]}],"daily":[{"weather":[3,22.62],"tide":[null,null,null,null,null,null,null,null,null,null,null,null,null,null,null,null,null,null,null,null,null,null,null,null],"dailyEx":{"avg":null,"wave":null,"sunrise":null,"sunset":null}},{"weather":[0.07,23.12],"tide":[null,null,null,null,null,null,null,null,null,null,null,null,null,null,null,null,null,null,null,null,null,null,null,null],"dailyEx":{"avg":null,"wave":null,"sunrise":null,"sunset":null}},{"weather":[2.59,23.27],"tide":[null,null,null,null,null,null,null,null,null,null,null,null,null,null,null,null,null,null,null,null,null,null,null,null],"dailyEx":{"avg":null,"wave":null,"sunrise":null,"sunset":null}},{"weather":[0.49,23.14],"tide":[null,null,null,null,null,null,null,null,null,null,null,null,null,null,null,null,null,null,null,null,null,null,null,null],"dailyEx":{"avg":null,"wave":null,"sunrise":null,"sunset":null}},{"weather":[1.14,23.01],"tide":[null,null,null,null,null,null,null,null,null,null,null,null,null,null,null,null,null,null,null,null,null,null,null,null],"dailyEx":{"avg":null,"wave":null,"sunrise":null,"sunset":null}}]}
へら鮒　水光園,2026-10-05,{"hourly":[{"weather":[[1.38,17.96,0,0,6.06,null,null],[1.46,17.35,0,0,6.78,null,null],[1.31,17.25,0.31,0,7.63,null,null],[1.67,17.38,0.94,0,7.58,null,null],[1.79,18.73,1.57,2.64,7.94,null,null],[1.05,21.19,2.04,9.63,8.85,null,null],[2,22.72,2.35,18.27,8.58,null,null],[1.84,23.09,2.2,24.33,7.35,null,null],[1.84,22.54,1.1,19.95,6.56,null,null],[1.95,21.49,0.31,6.91,5.08,null,null],[1.16,20.88,0,3.11,4.71,null,null],[1.84,20.66,0.63,3.81,5.36,null,null]],"oneday":{"avg":null,"sunrise":null,"sunset":null},"tide":[null,null,null,null,null,null,null,null,null,null,null,null,null,null,null,null,null,null,null,null,null,null,null,null]},{"weather":[[1.52,20.45,0.94,6.74,6.05,null,null],[1.62,20.17,0.63,3.7,6.07,null,null],[1.67,19.83,0.31,1.82,5.36,null,null],[0.67,19.72,0.63,2.34,6.42,null,null],[0.84,21.84,1.26,4.24,6.52,null,null],[2.35,23.67,0.78,6.01,7.35,null,null],[2.69,24.67,0.63,7.45,8.32,null,null],[1,25.63,0.63,5.27,9.65,null,null],[1.33,24.86,0.16,3.05,8.31,null,null],[1.33,23.13,0,2.07,8.31,null,null],[1,21.91,0,0.71,8.78,null,null],[1.05,20.79,0,0.46,8.29,null,null]],"oneday":{"avg":null,"sunrise":null,"sunset":null},"tide":[null,null,null,null,null,null,null,null,null,null,null,null,null,null,null,null,null,null,null,null,null,null,null,null]},{"weather":[[0.67,19.93,0,0.92,7.18,null,null],[0.67,19.05,0,0.46,7.7,null,null],[0.78,18.51,0.63,0,7.86,null,null],[1.24,18.01,1.1,0.92,6.76,null,null],[0.62,19.96,0.94,0.92,7.69,null,null],[0.46,22.32,0.47,0.46,7,null,null],[0,24.21,0.16,0,5.74,null,null],[0,23.74,0,0.16,5.54,null,null],[2.8,21.47,0.01,0.27,6.83,null,null],[0.65,18.47,0.31,0.33,3.38,null,null],[0,17.69,0.94,2.62,4.69,null,null],[0.67,16.79,0.94,4.71,5.44,null,null]],"oneday":{"avg":null,"sunrise":null,"sunset":null},"tide":[null,null,null,null,null,null,null,null,null,null,null,null,null,null,null,null,null,null,null,null,null,null,null,null]}],"daily":[{"weather":[2.84,22.87],"tide":[null,null,null,null,null,null,null,null,null,null,null,null,null,null,null,null,null,null,null,null,null,null,null,null],"dailyEx":{"avg":null,"wave":null,"sunrise":null,"sunset":null}},{"weather":[0.53,23.17],"tide":[null,null,null,null,null,null,null,null,null,null,null,null,null,null,null,null,null,null,null,null,null,null,null,null],"dailyEx":{"avg":null,"wave":null,"sunrise":null,"sunset":null}},{"weather":[2.22,23.3],"tide":[null,null,null,null,null,null,null,null,null,null,null,null,null,null,null,null,null,null,null,null,null,null,null,null],"dailyEx":{"avg":null,"wave":null,"sunrise":null,"sunset":null}},{"weather":[0.99,22.99],"tide":[null,null,null,null,null,null,null,null,null,null,null,null,null,null,null,null,null,null,null,null,null,null,null,null],"dailyEx":{"avg":null,"wave":null,"sunrise":null,"sunset":null}},{"weather":[0.95,22.96],"tide":[null,null,null,null,null,null,null,null,null,null,null,null,null,null,null,null,null,null,null,null,null,null,null,null],"dailyEx":{"avg":null,"wave":null,"sunrise":null,"sunset":null}}]}
真嶋園,2026-10-05,{"hourly":[{"weather":[[1.45,17.88,0,0,6.52,null,null],[1.58,17.36,0,0,7.45,null,null],[1.06,17.38,0,0,8.3,null,null],[3.51,17.59,0.09,0.02,8.54,null,null],[1.64,18.96,0.37,2.39,8.53,null,null],[1.33,21.28,0.5,9.37,9.58,null,null],[2,22.66,0.41,18.94,9.71,null,null],[2.03,22.62,0.19,26,8.78,null,null],[2,22.14,0.12,20.88,7.89,null,null],[1.64,21.14,0.12,5.67,6.25,null,null],[1,20.6,0.12,1.76,5.83,null,null],[1.97,20.46,0.22,3.44,6.04,null,null]],"oneday":{"avg":null,"sunrise":null,"sunset":null},"tide":[null,null,null,null,null,null,null,null,null,null,null,null,null,null,null,null,null,null,null,null,null,null,null,null]},{"weather":[[1.91,20.3,0.25,7.75,6.83,null,null],[1.58,20.03,0.25,3.96,6.61,null,null],[1.91,19.89,0.34,1.23,6.48,null,null],[0.98,19.83,0.41,2.11,6.83,null,null],[1.06,21.88,0.5,4.65,7.47,null,null],[4.39,23.21,0.69,6.75,7.35,null,null],[2.97,23.87,0.78,7.54,9.03,null,null],[1.03,24.7,0.69,5.24,11.07,null,null],[1.12,24.16,0.34,2.61,10.16,null,null],[1.09,22.62,0.12,1.17,9.81,null,null],[1,21.65,0.12,0.5,10.66,null,null],[1.33,20.69,0.09,0.55,9.42,null,null]],"oneday":{"avg":null,"sunrise":null,"sunset":null},"tide":[null,null,null,null,null,null,null,null,null,null,null,null,null,null,null,null,null,null,null,null,null,null,null,null]},{"weather":[[0.91,19.8,0.03,1.11,7.49,null,null],[0.88,18.94,0,0.55,7.59,null,null],[0.58,18.32,0.03,0,7.36,null,null],[1.14,17.36,0.03,1.11,6.36,null,null],[0.58,19.28,0,1.11,6.93,null,null],[0.55,21.58,0.03,0.55,5.47,null,null],[0,23.65,0.06,0,4.27,null,null],[0,23.28,0,0.99,4.8,null,null],[16.84,21.02,0.03,1.65,5.91,null,null],[0.17,17.87,0,1.98,3.72,null,null],[0,16.77,0,2.58,6.82,null,null],[0.88,16.08,0.03,3.56,5.87,null,null]],"oneday":{"avg":null,"sunrise":null,"sunset":null},"tide":[null,null,null,null,null,null,null,null,null,null,null,null,null,null,null,null,null,null,null,null,null,null,null,null]}],"daily":[{"weather":[2.97,22.23],"tide":[null,null,null,null,null,null,null,null,null,null,null,null,null,null,null,null,null,null,null,null,null,null,null,null],"dailyEx":{"avg":null,"wave":null,"sunrise":null,"sunset":null}},{"weather":[0.33,22.84],"tide":[null,null,null,null,null,null,null,null,null,null,null,null,null,null,null,null,null,null,null,null,null,null,null,null],"dailyEx":{"avg":null,"wave":null,"sunrise":null,"sunset":null}},{"weather":[2.35,22.76],"tide":[null,null,null,null,null,null,null,null,null,null,null,null,null,null,null,null,null,null,null,null,null,null,null,null],"dailyEx":{"avg":null,"wave":null,"sunrise":null,"sunset":null}},{"weather":[0.98,22.56],"tide":[null,null,null,null,null,null,null,null,null,null,null,null,null,null,null,null,null,null,null,null,null,null,null,null],"dailyEx":{"avg":null,"wave":null,"sunrise":null,"sunset":null}},{"weather":[1.66,21.98],"tide":[null,null,null,null,null,null,null,null,null,null,null,null,null,null,null,null,null,null,null,null,null,null,null,null],"dailyEx":{"avg":null,"wave":null,"sunrise":null,"sunset":null}}]}
へら鮒管理釣場 甚兵衛沼,2026-10-05,{"hourly":[{"weather":[[1.43,18.01,0,0,6.54,null,null],[1.61,17.48,0,0,7.46,null,null],[1.08,17.47,0,0,8.34,null,null],[3.92,17.65,0.12,0.02,8.53,null,null],[1.7,18.99,0.48,2.41,8.61,null,null],[1.26,21.34,0.65,9.61,9.7,null,null],[2,22.72,0.52,19.35,9.74,null,null],[2.04,22.75,0.24,26.41,8.71,null,null],[2,22.26,0.16,21.27,7.84,null,null],[1.7,21.25,0.16,6.04,6.2,null,null],[1,20.71,0.16,1.99,5.76,null,null],[1.96,20.55,0.28,3.51,6.08,null,null]],"oneday":{"avg":null,"sunrise":null,"sunset":null},"tide":[null,null,null,null,null,null,null,null,null,null,null,null,null,null,null,null,null,null,null,null,null,null,null,null]},{"weather":[[1.87,20.37,0.32,7.68,6.87,null,null],[1.61,20.1,0.32,3.97,6.71,null,null],[1.87,19.93,0.44,1.36,6.46,null,null],[0.95,19.85,0.52,2.19,6.99,null,null],[1.08,21.85,0.65,4.7,7.52,null,null],[4.75,23.27,0.89,6.82,7.64,null,null],[2.96,23.98,1.01,7.76,9.24,null,null],[1.04,24.81,0.89,5.37,11.21,null,null],[1.17,24.25,0.44,2.71,10.2,null,null],[1.13,22.71,0.16,1.33,9.87,null,null],[1,21.73,0.16,0.53,10.65,null,null],[1.26,20.75,0.12,0.57,9.53,null,null]],"oneday":{"avg":null,"sunrise":null,"sunset":null},"tide":[null,null,null,null,null,null,null,null,null,null,null,null,null,null,null,null,null,null,null,null,null,null,null,null]},{"weather":[[0.87,19.87,0.04,1.13,7.65,null,null],[0.83,19,0,0.57,7.78,null,null],[0.61,18.41,0.04,0,7.61,null,null],[1.17,17.53,0.04,1.13,6.63,null,null],[0.61,19.41,0,1.13,7.21,null,null],[0.57,21.67,0.04,0.57,5.85,null,null],[0,23.72,0.08,0,4.56,null,null],[0,23.35,0,0.79,5,null,null],[13.37,21.1,0.03,1.31,6.18,null,null],[0.27,17.95,0,1.57,3.71,null,null],[0,16.93,0,2.51,6.45,null,null],[0.83,16.22,0.04,3.74,5.95,null,null]],"oneday":{"avg":null,"sunrise":null,"sunset":null},"tide":[null,null,null,null,null,null,null,null,null,null,null,null,null,null,null,null,null,null,null,null,null,null,null,null]}],"daily":[{"weather":[2.96,22.31],"tide":[null,null,null,null,null,null,null,null,null,null,null,null,null,null,null,null,null,null,null,null,null,null,null,null],"dailyEx":{"avg":null,"wave":null,"sunrise":null,"sunset":null}},{"weather":[0.26,22.91],"tide":[null,null,null,null,null,null,null,null,null,null,null,null,null,null,null,null,null,null,null,null,null,null,null,null],"dailyEx":{"avg":null,"wave":null,"sunrise":null,"sunset":null}},{"weather":[2.31,22.87],"tide":[null,null,null,null,null,null,null,null,null,null,null,null,null,null,null,null,null,null,null,null,null,null,null,null],"dailyEx":{"avg":null,"wave":null,"sunrise":null,"sunset":null}},{"weather":[0.95,22.64],"tide":[null,null,null,null,null,null,null,null,null,null,null,null,null,null,null,null,null,null,null,null,null,null,null,null],"dailyEx":{"avg":null,"wave":null,"sunrise":null,"sunset":null}},{"weather":[1.52,22.13],"tide":[null,null,null,null,null,null,null,null,null,null,null,null,null,null,null,null,null,null,null,null,null,null,null,null],"dailyEx":{"avg":null,"wave":null,"sunrise":null,"sunset":null}}]}
清遊湖へら鮒つり堀,2026-10-05,{"hourly":[{"weather":[[1.52,17.94,0,0,6.39,null,null],[1.42,17.36,0,0,7.02,null,null],[1,17.22,0,0,7.85,null,null],[1.51,17.3,0.39,0,7.76,null,null],[1.97,18.59,1.01,3.49,8.39,null,null],[1.03,20.92,1.12,11.33,9.14,null,null],[1.94,22.58,1.07,20.3,8.66,null,null],[2,23.16,0.9,26.71,7.45,null,null],[1.94,22.69,0.51,22.19,6.54,null,null],[1.91,21.56,0.28,8.53,4.97,null,null],[1.06,20.91,0.22,4.49,4.64,null,null],[1.94,20.67,0.22,4.92,5.49,null,null]],"oneday":{"avg":null,"sunrise":null,"sunset":null},"tide":[null,null,null,null,null,null,null,null,null,null,null,null,null,null,null,null,null,null,null,null,null,null,null,null]},{"weather":[[1.46,20.43,0.22,7.55,6.27,null,null],[1.48,20.14,0.22,4.26,6.34,null,null],[1.46,19.67,0.11,2.41,5.33,null,null],[0.51,19.55,0.22,2.86,6.76,null,null],[0.94,21.55,0.45,4.59,6.7,null,null],[2.02,23.94,0.39,6.38,7.85,null,null],[2.89,25.02,0.28,8.26,8.66,null,null],[1,26.04,0.22,6.08,9.99,null,null],[1.49,25.36,0.17,3.87,8.38,null,null],[1.49,23.38,0.11,3,8.73,null,null],[1,21.95,0.11,1.01,8.9,null,null],[1.03,20.81,0.06,0.42,8.63,null,null]],"oneday":{"avg":null,"sunrise":null,"sunset":null},"tide":[null,null,null,null,null,null,null,null,null,null,null,null,null,null,null,null,null,null,null,null,null,null,null,null]},{"weather":[[0.51,19.99,0,0.84,7.9,null,null],[0.51,19.12,0,0.42,8.67,null,null],[0.48,18.59,0.34,0,8.89,null,null],[0.9,18.02,0.39,0.84,7.47,null,null],[0.48,20.03,0.22,0.84,8.93,null,null],[0.42,22.41,0.17,0.42,8.46,null,null],[0,24.4,0.06,0,7.27,null,null],[0,24.17,0,0.1,6.3,null,null],[1.69,21.77,0,0.17,7.92,null,null],[1.03,18.54,0.17,0.2,3.66,null,null],[0,17.74,0.56,3.62,4.84,null,null],[3.32,16.68,1.01,6.49,5.94,null,null]],"oneday":{"avg":null,"sunrise":null,"sunset":null},"tide":[null,null,null,null,null,null,null,null,null,null,null,null,null,null,null,null,null,null,null,null,null,null,null,null]}],"daily":[{"weather":[5.69,22.79],"tide":[null,null,null,null,null,null,null,null,null,null,null,null,null,null,null,null,null,null,null,null,null,null,null,null],"dailyEx":{"avg":null,"wave":null,"sunrise":null,"sunset":null}},{"weather":[2.9,23.17],"tide":[null,null,null,null,null,null,null,null,null,null,null,null,null,null,null,null,null,null,null,null,null,null,null,null],"dailyEx":{"avg":null,"wave":null,"sunrise":null,"sunset":null}},{"weather":[2.41,23.34],"tide":[null,null,null,null,null,null,null,null,null,null,null,null,null,null,null,null,null,null,null,null,null,null,null,null],"dailyEx":{"avg":null,"wave":null,"sunrise":null,"sunset":null}},{"weather":[0.62,23.17],"tide":[null,null,null,null,null,null,null,null,null,null,null,null,null,null,null,null,null,null,null,null,null,null,null,null],"dailyEx":{"avg":null,"wave":null,"sunrise":null,"sunset":null}},{"weather":[1.01,23.12],"tide":[null,null,null,null,null,null,null,null,null,null,null,null,null,null,null,null,null,null,null,null,null,null,null,null],"dailyEx":{"avg":null,"wave":null,"sunrise":null,"sunset":null}}]}
逆井へら鮒センター,2026-10-05,{"hourly":[{"weather":[[1.52,17.96,0,0,6.18,null,null],[1.37,17.39,0,0,6.74,null,null],[1,17.24,0,0,7.49,null,null],[1.48,17.31,0.78,0,7.37,null,null],[2,18.57,2.01,3.49,8.05,null,null],[1,20.84,2.24,10.97,8.67,null,null],[1.89,22.52,2.12,19.23,8.13,null,null],[2,23.2,1.79,25.14,6.97,null,null],[1.89,22.75,1.01,21.01,6.08,null,null],[1.89,21.62,0.56,8.46,4.61,null,null],[1.11,20.97,0.45,4.69,4.33,null,null],[1.89,20.71,0.45,4.9,5.22,null,null]],"oneday":{"avg":null,"sunrise":null,"sunset":null},"tide":[null,null,null,null,null,null,null,null,null,null,null,null,null,null,null,null,null,null,null,null,null,null,null,null]},{"weather":[[1.37,20.47,0.45,7.11,5.96,null,null],[1.48,20.17,0.45,4.07,6.07,null,null],[1.37,19.66,0.22,2.45,5,null,null],[0.48,19.56,0.45,2.82,6.49,null,null],[0.89,21.58,0.89,4.29,6.36,null,null],[1.96,24.1,0.78,5.91,7.59,null,null],[2.78,25.24,0.56,7.84,8.21,null,null],[1,26.29,0.45,5.85,9.35,null,null],[1.52,25.55,0.34,3.86,7.77,null,null],[1.52,23.48,0.22,3.13,8.29,null,null],[1,21.98,0.22,1.04,8.35,null,null],[1,20.83,0.11,0.37,8.22,null,null]],"oneday":{"avg":null,"sunrise":null,"sunset":null},"tide":[null,null,null,null,null,null,null,null,null,null,null,null,null,null,null,null,null,null,null,null,null,null,null,null]},{"weather":[[0.48,20.03,0,0.73,7.77,null,null],[0.48,19.19,0,0.37,8.6,null,null],[0.48,18.68,0.67,0,8.86,null,null],[0.85,18.19,0.78,0.73,7.39,null,null],[0.48,20.22,0.45,0.73,8.93,null,null],[0.37,22.6,0.34,0.37,8.63,null,null],[0,24.52,0.11,0,7.49,null,null],[0,24.27,0,0,6.3,null,null],[0,21.82,0,0,7.84,null,null],[1.15,18.69,0.34,0,3.47,null,null],[0,17.95,1.12,3.65,4.36,null,null],[6.07,16.82,2.01,6.63,5.66,null,null]],"oneday":{"avg":null,"sunrise":null,"sunset":null},"tide":[null,null,null,null,null,null,null,null,null,null,null,null,null,null,null,null,null,null,null,null,null,null,null,null]}],"daily":[{"weather":[8.36,22.96],"tide":[null,null,null,null,null,null,null,null,null,null,null,null,null,null,null,null,null,null,null,null,null,null,null,null],"dailyEx":{"avg":null,"wave":null,"sunrise":null,"sunset":null}},{"weather":[5.7,23.18],"tide":[null,null,null,null,null,null,null,null,null,null,null,null,null,null,null,null,null,null,null,null,null,null,null,null],"dailyEx":{"avg":null,"wave":null,"sunrise":null,"sunset":null}},{"weather":[2.3,23.4],"tide":[null,null,null,null,null,null,null,null,null,null,null,null,null,null,null,null,null,null,null,null,null,null,null,null],"dailyEx":{"avg":null,"wave":null,"sunrise":null,"sunset":null}},{"weather":[0.7,23.25],"tide":[null,null,null,null,null,null,null,null,null,null,null,null,null,null,null,null,null,null,null,null,null,null,null,null],"dailyEx":{"avg":null,"wave":null,"sunrise":null,"sunset":null}},{"weather":[0.89,23.31],"tide":[null,null,null,null,null,null,null,null,null,null,null,null,null,null,null,null,null,null,null,null,null,null,null,null],"dailyEx":{"avg":null,"wave":null,"sunrise":null,"sunset":null}}]}
ウォルトンガーデン,2026-10-05,{"hourly":[{"weather":[[1.52,18.22,0,0,6.17,null,null],[1.61,17.78,0,0,7.16,null,null],[1.26,17.83,0,0,7.92,null,null],[4.95,18.06,0.39,0.03,8.28,null,null],[1.55,19.34,1.55,2.05,8.18,null,null],[5.06,21.35,2.07,7.93,9.06,null,null],[2,22.57,1.69,16.16,9.27,null,null],[2.06,22.42,0.78,22.41,8.59,null,null],[2,22,0.52,17.9,7.73,null,null],[1.48,21.11,0.52,4.43,6.27,null,null],[1,20.64,0.52,1.18,5.88,null,null],[1.87,20.52,0.91,2.92,5.95,null,null]],"oneday":{"avg":null,"sunrise":null,"sunset":null},"tide":[null,null,null,null,null,null,null,null,null,null,null,null,null,null,null,null,null,null,null,null,null,null,null,null]},{"weather":[[1.93,20.38,1.04,6.96,6.62,null,null],[1.61,20.14,1.04,3.48,6.38,null,null],[2,20.08,1.43,0.87,6.41,null,null],[1.26,20.07,1.69,1.74,6.51,null,null],[1.26,22,2.07,4.04,7.32,null,null],[5.81,23.02,2.85,5.9,6.93,null,null],[2.87,23.56,3.24,6.34,8.67,null,null],[1.13,24.28,2.85,4.43,10.77,null,null],[1.06,23.84,1.43,2.13,10.16,null,null],[1,22.47,0.52,0.79,9.87,null,null],[1,21.6,0.52,0.39,10.66,null,null],[1.47,20.7,0.39,0.48,9.28,null,null]],"oneday":{"avg":null,"sunrise":null,"sunset":null},"tide":[null,null,null,null,null,null,null,null,null,null,null,null,null,null,null,null,null,null,null,null,null,null,null,null]},{"weather":[[1,19.86,0.13,0.95,7.33,null,null],[0.87,19.03,0,0.48,7.19,null,null],[0.61,18.41,0.13,0,6.8,null,null],[1.08,17.39,0.13,0.95,5.83,null,null],[0.53,19.28,0,0.95,6.22,null,null],[0.48,21.46,0.13,0.48,4.65,null,null],[0,23.4,0.26,0,3.59,null,null],[0,23.02,0,1.18,4.25,null,null],[20.1,20.76,0.04,1.97,5.05,null,null],[0,17.85,0,2.36,3.44,null,null],[0,16.83,0,2.36,6.92,null,null],[0.87,16.2,0.13,2.84,5.59,null,null]],"oneday":{"avg":null,"sunrise":null,"sunset":null},"tide":[null,null,null,null,null,null,null,null,null,null,null,null,null,null,null,null,null,null,null,null,null,null,null,null]}],"daily":[{"weather":[2.8,22.15],"tide":[null,null,null,null,null,null,null,null,null,null,null,null,null,null,null,null,null,null,null,null,null,null,null,null],"dailyEx":{"avg":null,"wave":null,"sunrise":null,"sunset":null}},{"weather":[0.47,22.52],"tide":[null,null,null,null,null,null,null,null,null,null,null,null,null,null,null,null,null,null,null,null,null,null,null,null],"dailyEx":{"avg":null,"wave":null,"sunrise":null,"sunset":null}},{"weather":[2.13,22.49],"tide":[null,null,null,null,null,null,null,null,null,null,null,null,null,null,null,null,null,null,null,null,null,null,null,null],"dailyEx":{"avg":null,"wave":null,"sunrise":null,"sunset":null}},{"weather":[4.78,22.38],"tide":[null,null,null,null,null,null,null,null,null,null,null,null,null,null,null,null,null,null,null,null,null,null,null,null],"dailyEx":{"avg":null,"wave":null,"sunrise":null,"sunset":null}},{"weather":[1.79,21.62],"tide":[null,null,null,null,null,null,null,null,null,null,null,null,null,null,null,null,null,null,null,null,null,null,null,null],"dailyEx":{"avg":null,"wave":null,"sunrise":null,"sunset":null}}]}
手賀沼フィッシングセンター,2026-10-05,{"hourly":[{"weather":[[1.52,17.85,0,0,6.58,null,null],[1.48,17.28,0,0,7.33,null,null],[1,17.18,0,0,8.21,null,null],[1.62,17.3,0,0,8.22,null,null],[1.86,18.63,0,3.31,8.66,null,null],[1.14,21.01,0,11.23,9.55,null,null],[2,22.6,0,20.82,9.26,null,null],[2,22.98,0,27.75,8.09,null,null],[2,22.51,0,22.82,7.17,null,null],[1.86,21.39,0,7.99,5.49,null,null],[1,20.76,0,3.82,5.12,null,null],[2,20.56,0,4.69,5.77,null,null]],"oneday":{"avg":null,"sunrise":null,"sunset":null},"tide":[null,null,null,null,null,null,null,null,null,null,null,null,null,null,null,null,null,null,null,null,null,null,null,null]},{"weather":[[1.62,20.34,0,8,6.6,null,null],[1.48,20.06,0,4.38,6.55,null,null],[1.62,19.69,0,2.13,5.78,null,null],[0.62,19.57,0,2.76,6.92,null,null],[1,21.59,0,4.83,7.08,null,null],[2.24,23.67,0,6.79,7.85,null,null],[3,24.61,0,8.41,8.99,null,null],[1,25.58,0,6.1,10.63,null,null],[1.38,24.98,0,3.65,9.14,null,null],[1.38,23.13,0,2.55,9.22,null,null],[1,21.85,0,0.9,9.64,null,null],[1.14,20.74,0,0.48,9.03,null,null]],"oneday":{"avg":null,"sunrise":null,"sunset":null},"tide":[null,null,null,null,null,null,null,null,null,null,null,null,null,null,null,null,null,null,null,null,null,null,null,null]},{"weather":[[0.62,19.88,0,0.96,7.88,null,null],[0.62,19,0,0.48,8.48,null,null],[0.48,18.43,0,0,8.57,null,null],[0.96,17.69,0,0.96,7.23,null,null],[0.48,19.7,0,0.96,8.5,null,null],[0.48,22.07,0,0.48,7.7,null,null],[0,24.15,0,0,6.49,null,null],[0,23.93,0,0.42,5.97,null,null],[7.1,21.58,0.01,0.7,7.56,null,null],[0.76,18.27,0,0.84,3.84,null,null],[0,17.33,0,3.48,5.73,null,null],[0.62,16.4,0,5.85,6.13,null,null]],"oneday":{"avg":null,"sunrise":null,"sunset":null},"tide":[null,null,null,null,null,null,null,null,null,null,null,null,null,null,null,null,null,null,null,null,null,null,null,null]}],"daily":[{"weather":[3,22.52],"tide":[null,null,null,null,null,null,null,null,null,null,null,null,null,null,null,null,null,null,null,null,null,null,null,null],"dailyEx":{"avg":null,"wave":null,"sunrise":null,"sunset":null}},{"weather":[0.14,23.08],"tide":[null,null,null,null,null,null,null,null,null,null,null,null,null,null,null,null,null,null,null,null,null,null,null,null],"dailyEx":{"avg":null,"wave":null,"sunrise":null,"sunset":null}},{"weather":[2.52,23.15],"tide":[null,null,null,null,null,null,null,null,null,null,null,null,null,null,null,null,null,null,null,null,null,null,null,null],"dailyEx":{"avg":null,"wave":null,"sunrise":null,"sunset":null}},{"weather":[0.62,22.97],"tide":[null,null,null,null,null,null,null,null,null,null,null,null,null,null,null,null,null,null,null,null,null,null,null,null],"dailyEx":{"avg":null,"wave":null,"sunrise":null,"sunset":null}},{"weather":[1.28,22.72],"tide":[null,null,null,null,null,null,null,null,null,null,null,null,null,null,null,null,null,null,null,null,null,null,null,null],"dailyEx":{"avg":null,"wave":null,"sunrise":null,"sunset":null}}]}
trout pond NOIKE,2026-10-05,{"hourly":[{"weather":[[1.29,18.62,0,0,6.34,null,null],[1.87,17.96,0,0,7.39,null,null],[1.23,17.89,0.54,0,8.39,null,null],[1.94,18.05,2.08,0,8.44,null,null],[1.85,19.38,4,0.98,8.2,null,null],[1,22.03,5.85,7.15,9.66,null,null],[1.69,23.35,6.54,16.38,9.74,null,null],[1.77,23.29,5.62,22.37,8.19,null,null],[2,22.67,2.62,17.76,7.71,null,null],[1.92,21.77,0.69,4.5,6.26,null,null],[1,21.28,0.31,0.52,5.68,null,null],[1.92,21.05,1.92,1.73,6.17,null,null]],"oneday":{"avg":null,"sunrise":null,"sunset":null},"tide":[null,null,null,null,null,null,null,null,null,null,null,null,null,null,null,null,null,null,null,null,null,null,null,null]},{"weather":[[1.64,20.8,2.39,5.53,6.66,null,null],[1.87,20.6,1.23,2.82,6.76,null,null],[2.1,20.55,0.69,0.86,6.37,null,null],[0.94,20.46,1.39,1.5,7.17,null,null],[1,22.25,2.62,4.04,7.16,null,null],[2.88,23.3,2.31,6,7.89,null,null],[2.38,23.98,1.92,6.8,9.31,null,null],[1,24.67,1.23,4.21,10.37,null,null],[1.06,23.9,0.38,1.61,9.83,null,null],[1.06,22.88,0.08,0.34,9.21,null,null],[0.92,22.13,0,0.12,9.73,null,null],[0.92,21.25,0.08,0.64,9.3,null,null]],"oneday":{"avg":null,"sunrise":null,"sunset":null},"tide":[null,null,null,null,null,null,null,null,null,null,null,null,null,null,null,null,null,null,null,null,null,null,null,null]},{"weather":[[0.94,20.35,0.08,1.27,7.19,null,null],[1.17,19.49,0,0.64,7.3,null,null],[1.25,18.96,1.16,0,7.24,null,null],[1.81,18.56,1.93,1.27,7,null,null],[0.94,19.9,1.7,1.27,6.35,null,null],[0.71,21.77,0.77,0.64,4.68,null,null],[0.15,23.49,0.23,0,2.83,null,null],[0,22.96,0,0,4.17,null,null],[0.15,20.83,0,0,5.04,null,null],[0.12,18.06,0.54,0,3.22,null,null],[0.08,17.26,1.7,0.4,4.35,null,null],[0.87,16.94,1.77,1.32,5.19,null,null]],"oneday":{"avg":null,"sunrise":null,"sunset":null},"tide":[null,null,null,null,null,null,null,null,null,null,null,null,null,null,null,null,null,null,null,null,null,null,null,null]}],"daily":[{"weather":[2.77,22.67],"tide":[null,null,null,null,null,null,null,null,null,null,null,null,null,null,null,null,null,null,null,null,null,null,null,null],"dailyEx":{"avg":null,"wave":null,"sunrise":null,"sunset":null}},{"weather":[0.31,23.31],"tide":[null,null,null,null,null,null,null,null,null,null,null,null,null,null,null,null,null,null,null,null,null,null,null,null],"dailyEx":{"avg":null,"wave":null,"sunrise":null,"sunset":null}},{"weather":[1.67,23.48],"tide":[null,null,null,null,null,null,null,null,null,null,null,null,null,null,null,null,null,null,null,null,null,null,null,null],"dailyEx":{"avg":null,"wave":null,"sunrise":null,"sunset":null}},{"weather":[1.25,22.78],"tide":[null,null,null,null,null,null,null,null,null,null,null,null,null,null,null,null,null,null,null,null,null,null,null,null],"dailyEx":{"avg":null,"wave":null,"sunrise":null,"sunset":null}},{"weather":[0.77,22.67],"tide":[null,null,null,null,null,null,null,null,null,null,null,null,null,null,null,null,null,null,null,null,null,null,null,null],"dailyEx":{"avg":null,"wave":null,"sunrise":null,"sunset":null}}]}
Y's garden,2026-10-05,{"hourly":[{"weather":[[1.35,18.6,0,0,5.44,null,null],[1.57,18,0,0.98,5.94,null,null],[1.35,17.96,0.82,0.98,7.28,null,null],[2,18.13,3.08,0.66,6.98,null,null],[1.79,19.27,5.87,2.51,6.63,null,null],[1,21.73,8.52,6.05,7.39,null,null],[1.54,23.14,9.55,10.98,7.74,null,null],[1.65,23.29,8.24,20.43,6.85,null,null],[1.67,22.74,3.86,18.29,6.32,null,null],[1.89,21.92,1.03,5.2,5.74,null,null],[1.33,21.39,0.42,0.33,5.39,null,null],[1.89,21.09,2.79,1.41,5.82,null,null]],"oneday":{"avg":null,"sunrise":null,"sunset":null},"tide":[null,null,null,null,null,null,null,null,null,null,null,null,null,null,null,null,null,null,null,null,null,null,null,null]},{"weather":[[1.87,20.86,3.5,5.63,5.81,null,null],[1.89,20.74,1.84,3.47,6.08,null,null],[2.25,20.82,1.03,1.85,5.89,null,null],[1,20.72,2.05,1.74,6.42,null,null],[1,22.36,3.89,2.58,6.51,null,null],[3,23.17,3.36,3.54,6.74,null,null],[2.08,23.84,2.79,4.08,7.83,null,null],[1,24.71,1.84,3.24,8.26,null,null],[1,23.93,0.57,2.06,8.33,null,null],[1,23.02,0.11,0.66,8.23,null,null],[0.57,22.26,0,0,8.33,null,null],[0.89,21.34,0.11,0.21,7.91,null,null]],"oneday":{"avg":null,"sunrise":null,"sunset":null},"tide":[null,null,null,null,null,null,null,null,null,null,null,null,null,null,null,null,null,null,null,null,null,null,null,null]},{"weather":[[1,20.56,0.11,0.42,7.18,null,null],[1.35,19.89,0,0.87,7.75,null,null],[1.46,19.41,1.74,1.97,7.58,null,null],[1.89,19.14,2.91,3.7,7.49,null,null],[1.33,20.02,2.55,3.05,6.19,null,null],[0.97,21.4,1.17,1.85,4.23,null,null],[0.87,22.62,0.35,1.31,2.71,null,null],[0,22.56,0,0.98,3.03,null,null],[0.87,20.54,0,0.66,4.37,null,null],[0,17.97,0.82,0.66,4.2,null,null],[0.11,17.13,2.55,0,4.75,null,null],[1.55,17.22,2.66,0.87,4.99,null,null]],"oneday":{"avg":null,"sunrise":null,"sunset":null},"tide":[null,null,null,null,null,null,null,null,null,null,null,null,null,null,null,null,null,null,null,null,null,null,null,null]}],"daily":[{"weather":[2.65,22.82],"tide":[null,null,null,null,null,null,null,null,null,null,null,null,null,null,null,null,null,null,null,null,null,null,null,null],"dailyEx":{"avg":null,"wave":null,"sunrise":null,"sunset":null}},{"weather":[0.46,23.27],"tide":[null,null,null,null,null,null,null,null,null,null,null,null,null,null,null,null,null,null,null,null,null,null,null,null],"dailyEx":{"avg":null,"wave":null,"sunrise":null,"sunset":null}},{"weather":[17.5,23.49],"tide":[null,null,null,null,null,null,null,null,null,null,null,null,null,null,null,null,null,null,null,null,null,null,null,null],"dailyEx":{"avg":null,"wave":null,"sunrise":null,"sunset":null}},{"weather":[1.13,22.91],"tide":[null,null,null,null,null,null,null,null,null,null,null,null,null,null,null,null,null,null,null,null,null,null,null,null],"dailyEx":{"avg":null,"wave":null,"sunrise":null,"sunset":null}},{"weather":[0.65,22.92],"tide":[null,null,null,null,null,null,null,null,null,null,null,null,null,null,null,null,null,null,null,null,null,null,null,null],"dailyEx":{"avg":null,"wave":null,"sunrise":null,"sunset":null}}]}
清水公園マス釣り場,2026-10-05,{"hourly":[{"weather":[[1.8,17.67,0,0,6.1,null,null],[1.14,17.17,0,0,6.44,null,null],[1.02,16.97,0,0,6.91,null,null],[1.32,17.06,0.56,0.04,6.72,null,null],[1.9,18.3,1.43,4.64,7.67,null,null],[1.08,20.3,1.59,11.71,7.68,null,null],[1.92,22.09,1.51,18.09,7.03,null,null],[1.98,23.01,1.27,23.11,6.29,null,null],[1.9,22.65,0.71,19.82,5.23,null,null],[1.82,21.47,0.4,9.38,3.88,null,null],[1.08,20.77,0.32,6.43,3.8,null,null],[1.92,20.51,0.32,6.17,4.77,null,null]],"oneday":{"avg":null,"sunrise":null,"sunset":null},"tide":[null,null,null,null,null,null,null,null,null,null,null,null,null,null,null,null,null,null,null,null,null,null,null,null]},{"weather":[[1.22,20.32,0.32,7.23,5.49,null,null],[1.22,20.03,0.32,4.36,5.64,null,null],[1.2,19.36,0.16,3,4.24,null,null],[0.3,19.24,0.32,3.15,5.91,null,null],[0.92,21.3,0.64,3.9,5.73,null,null],[1.58,24.31,0.56,5.17,7.01,null,null],[2.8,25.59,0.4,7.32,7.31,null,null],[0.98,26.76,0.32,5.95,8.31,null,null],[1.65,26.12,0.24,4.59,6.54,null,null],[1.68,23.72,0.16,4.27,7.73,null,null],[1,21.89,0.16,1.48,7.39,null,null],[1.08,20.65,0.08,0.16,7.42,null,null]],"oneday":{"avg":null,"sunrise":null,"sunset":null},"tide":[null,null,null,null,null,null,null,null,null,null,null,null,null,null,null,null,null,null,null,null,null,null,null,null]},{"weather":[[0.32,19.91,0,0.28,8.04,null,null],[0.32,19.12,0,0.21,9.22,null,null],[0.24,18.61,0.48,0.27,9.51,null,null],[0.4,17.97,0.56,0.84,7.42,null,null],[0.24,20.22,0.32,1.02,9.72,null,null],[0.14,22.74,0.24,0.88,9.82,null,null],[0,24.69,0.08,0.56,9.19,null,null],[0,24.68,0,0.58,6.8,null,null],[4.18,22.17,0.01,0.57,8.42,null,null],[1.43,18.91,0.24,0.58,3.61,null,null],[0,18.11,0.79,5.37,4.66,null,null],[4.27,16.78,1.43,9.01,5.82,null,null]],"oneday":{"avg":null,"sunrise":null,"sunset":null},"tide":[null,null,null,null,null,null,null,null,null,null,null,null,null,null,null,null,null,null,null,null,null,null,null,null]}],"daily":[{"weather":[6.81,22.83],"tide":[null,null,null,null,null,null,null,null,null,null,null,null,null,null,null,null,null,null,null,null,null,null,null,null],"dailyEx":{"avg":null,"wave":null,"sunrise":null,"sunset":null}},{"weather":[4.13,22.98],"tide":[null,null,null,null,null,null,null,null,null,null,null,null,null,null,null,null,null,null,null,null,null,null,null,null],"dailyEx":{"avg":null,"wave":null,"sunrise":null,"sunset":null}},{"weather":[2.62,23.26],"tide":[null,null,null,null,null,null,null,null,null,null,null,null,null,null,null,null,null,null,null,null,null,null,null,null],"dailyEx":{"avg":null,"wave":null,"sunrise":null,"sunset":null}},{"weather":[0.46,23.41],"tide":[null,null,null,null,null,null,null,null,null,null,null,null,null,null,null,null,null,null,null,null,null,null,null,null],"dailyEx":{"avg":null,"wave":null,"sunrise":null,"sunset":null}},{"weather":[1.06,23.4],"tide":[null,null,null,null,null,null,null,null,null,null,null,null,null,null,null,null,null,null,null,null,null,null,null,null],"dailyEx":{"avg":null,"wave":null,"sunrise":null,"sunset":null}}]}
養老川,2026-10-05,{"hourly":[{"weather":[[1,18.37,0.15,0,4.93,null,null],[1.11,17.89,0.6,1.65,5.12,null,null],[1,17.91,0.5,1.65,7.01,null,null],[2,18.04,2.34,1.1,6.55,null,null],[1.61,19.13,5.77,3.96,6.48,null,null],[1,21.67,9.28,7.66,7.01,null,null],[1.65,23.06,11.96,12.44,7.23,null,null],[1.85,23.36,13.08,26.04,6.7,null,null],[1.3,22.8,6.13,24.21,5.94,null,null],[1.8,21.93,1.33,7.24,5.68,null,null],[1.7,21.36,0.77,0.55,5.45,null,null],[1.8,21.06,3.72,1.86,5.76,null,null]],"oneday":{"avg":null,"sunrise":null,"sunset":null},"tide":[null,null,null,null,null,null,null,null,null,null,null,null,null,null,null,null,null,null,null,null,null,null,null,null]},{"weather":[[2.36,20.78,4.17,7.45,5.84,null,null],[1.8,20.59,1.68,4.82,5.96,null,null],[1.8,20.71,1.18,2.86,6.27,null,null],[1,20.76,1.77,2.41,6.52,null,null],[1,22.4,2.54,2.84,7.2,null,null],[3,23.16,3.66,3.7,6.7,null,null],[2.31,23.88,3.42,4.35,7.88,null,null],[1,24.84,1.68,3.93,9,null,null],[0.85,23.98,0.84,2.96,8.55,null,null],[0.85,22.9,0.35,1.1,8.19,null,null],[0.26,22.28,0,0,8.92,null,null],[0.8,21.19,0.2,0.11,7.72,null,null]],"oneday":{"avg":null,"sunrise":null,"sunset":null},"tide":[null,null,null,null,null,null,null,null,null,null,null,null,null,null,null,null,null,null,null,null,null,null,null,null]},{"weather":[[1,20.45,0.35,0.21,7.24,null,null],[1.15,19.86,0.6,1.21,7.85,null,null],[1.35,19.4,1.94,3.3,7.7,null,null],[1.8,19.12,2.13,5.72,7.55,null,null],[1.7,19.97,1.68,4.61,6.6,null,null],[1.55,21.18,0.95,2.86,4.91,null,null],[1.49,22.32,0.45,2.2,3.56,null,null],[0,22.27,0.3,1.65,3.39,null,null],[1.94,20.58,0.3,1.1,5.42,null,null],[0.15,17.85,0.35,1.1,5.2,null,null],[0.35,17.07,0.77,0,5.96,null,null],[2.06,17.46,1.87,1.21,5.81,null,null]],"oneday":{"avg":null,"sunrise":null,"sunset":null},"tide":[null,null,null,null,null,null,null,null,null,null,null,null,null,null,null,null,null,null,null,null,null,null,null,null]}],"daily":[{"weather":[3,22.92],"tide":[null,null,null,null,null,null,null,null,null,null,null,null,null,null,null,null,null,null,null,null,null,null,null,null],"dailyEx":{"avg":null,"wave":null,"sunrise":null,"sunset":null}},{"weather":[0.5,23.09],"tide":[null,null,null,null,null,null,null,null,null,null,null,null,null,null,null,null,null,null,null,null,null,null,null,null],"dailyEx":{"avg":null,"wave":null,"sunrise":null,"sunset":null}},{"weather":[28.29,23.23],"tide":[null,null,null,null,null,null,null,null,null,null,null,null,null,null,null,null,null,null,null,null,null,null,null,null],"dailyEx":{"avg":null,"wave":null,"sunrise":null,"sunset":null}},{"weather":[0.79,22.94],"tide":[null,null,null,null,null,null,null,null,null,null,null,null,null,null,null,null,null,null,null,null,null,null,null,null],"dailyEx":{"avg":null,"wave":null,"sunrise":null,"sunset":null}},{"weather":[0.85,22.94],"tide":[null,null,null,null,null,null,null,null,null,null,null,null,null,null,null,null,null,null,null,null,null,null,null,null],"dailyEx":{"avg":null,"wave":null,"sunrise":null,"sunset":null}}]}
奏川,2026-10-05,{"hourly":[{"weather":[[1,18.67,0.47,0,5.53,null,null],[1,18.23,1.14,1.62,5.61,null,null],[1.24,18.23,0.69,1.62,7.35,null,null],[1.89,18.37,1.26,1.08,6.95,null,null],[1.76,19.19,2.95,3.77,6.73,null,null],[1,21.16,4.06,6.47,7.18,null,null],[1.54,22.57,7.16,9.7,7.17,null,null],[1.54,23.19,11.16,22.1,6.75,null,null],[1,22.9,5.7,21.02,5.91,null,null],[1.76,22.1,1.23,6.47,5.94,null,null],[1.76,21.58,0,0.54,5.8,null,null],[1.76,21.28,2.26,1.62,6.12,null,null]],"oneday":{"avg":null,"sunrise":null,"sunset":null},"tide":[null,null,null,null,null,null,null,null,null,null,null,null,null,null,null,null,null,null,null,null,null,null,null,null]},{"weather":[[2.3,21.02,3.41,6.47,6.04,null,null],[1.76,20.91,2.54,4.31,6.29,null,null],[1.76,21.04,1.85,2.7,6.44,null,null],[0.88,21.02,1.6,2.16,6.85,null,null],[0.76,22.48,1.6,2.16,7.45,null,null],[3,23.28,1.48,2.7,6.93,null,null],[2.08,24.09,1.71,3.23,7.94,null,null],[0.89,25.03,2.08,3.23,8.66,null,null],[0.66,24.37,0.92,2.7,8.34,null,null],[0.54,23.33,0.34,1.08,8.19,null,null],[0.46,22.62,0.48,0,8.97,null,null],[1.24,21.52,0.49,0,8.11,null,null]],"oneday":{"avg":null,"sunrise":null,"sunset":null},"tide":[null,null,null,null,null,null,null,null,null,null,null,null,null,null,null,null,null,null,null,null,null,null,null,null]},{"weather":[[1,20.88,1.3,0,8.22,null,null],[1.34,20.41,3.01,1.08,8.82,null,null],[1.57,20,5.48,3.23,8.67,null,null],[2.11,19.8,6.89,5.39,8.48,null,null],[2.11,20.29,7.08,4.31,7.49,null,null],[1.77,21.4,5.61,2.7,5.7,null,null],[1.2,22.43,4.22,2.16,4.41,null,null],[0.12,22.34,3.73,1.62,3.59,null,null],[2.09,20.98,2.79,1.08,5.42,null,null],[0.94,18.73,2.46,1.08,5.19,null,null],[0.94,17.97,3.32,0,5.77,null,null],[2.3,18.15,6.74,1.08,5.38,null,null]],"oneday":{"avg":null,"sunrise":null,"sunset":null},"tide":[null,null,null,null,null,null,null,null,null,null,null,null,null,null,null,null,null,null,null,null,null,null,null,null]}],"daily":[{"weather":[3,23.13],"tide":[null,null,null,null,null,null,null,null,null,null,null,null,null,null,null,null,null,null,null,null,null,null,null,null],"dailyEx":{"avg":null,"wave":null,"sunrise":null,"sunset":null}},{"weather":[6.65,23.23],"tide":[null,null,null,null,null,null,null,null,null,null,null,null,null,null,null,null,null,null,null,null,null,null,null,null],"dailyEx":{"avg":null,"wave":null,"sunrise":null,"sunset":null}},{"weather":[27.48,23.28],"tide":[null,null,null,null,null,null,null,null,null,null,null,null,null,null,null,null,null,null,null,null,null,null,null,null],"dailyEx":{"avg":null,"wave":null,"sunrise":null,"sunset":null}},{"weather":[1.04,23.2],"tide":[null,null,null,null,null,null,null,null,null,null,null,null,null,null,null,null,null,null,null,null,null,null,null,null],"dailyEx":{"avg":null,"wave":null,"sunrise":null,"sunset":null}},{"weather":[0.54,23.2],"tide":[null,null,null,null,null,null,null,null,null,null,null,null,null,null,null,null,null,null,null,null,null,null,null,null],"dailyEx":{"avg":null,"wave":null,"sunrise":null,"sunset":null}}]}
下山川,2026-10-05,{"hourly":[{"weather":[[1,18.77,0.06,0,5.2,null,null],[1,18.41,0.12,0,5.58,null,null],[1.06,18.48,0.72,0,5.63,null,null],[1.94,18.92,2.28,0,5.98,null,null],[1.22,19.96,5.12,0,5.61,null,null],[2.12,21.03,7.95,0,5.48,null,null],[1.72,21.68,8.83,0,5.15,null,null],[1.44,22.58,7.33,0,5,null,null],[0.66,22.33,4.5,0,4.46,null,null],[1.66,21.86,3.28,0,4.55,null,null],[1.22,21.55,2.89,0,4.52,null,null],[1,21.39,1.66,0,4.56,null,null]],"oneday":{"avg":null,"sunrise":null,"sunset":null},"tide":[null,null,null,null,null,null,null,null,null,null,null,null,null,null,null,null,null,null,null,null,null,null,null,null]},{"weather":[[1,21.27,2.88,0,4.31,null,null],[1,21.15,4,0,4.47,null,null],[1.22,21.11,1.66,0,4.46,null,null],[0.71,21.3,2.54,0,4.74,null,null],[0,23.29,7.21,0,5.2,null,null],[2.25,24.8,7.28,0,4.84,null,null],[0.66,25.79,4.83,0,4.72,null,null],[0.22,25.63,0.44,0,4.7,null,null],[0,25.01,1,0,5.1,null,null],[0.06,23.61,1.56,0,6.35,null,null],[0.84,22.43,1.56,0,6.33,null,null],[1,21.55,0.35,0,6.27,null,null]],"oneday":{"avg":null,"sunrise":null,"sunset":null},"tide":[null,null,null,null,null,null,null,null,null,null,null,null,null,null,null,null,null,null,null,null,null,null,null,null]},{"weather":[[1,21.11,2.04,0,6.3,null,null],[1.94,20.73,7.36,0,5.81,null,null],[2,20.41,19.26,0,5.39,null,null],[2.71,20.32,28.13,0,4.8,null,null],[2.94,20.98,31.15,0,4.31,null,null],[1.44,22.89,27,0,3.58,null,null],[0.06,23.9,19.95,0,3.4,null,null],[0,22.2,11.43,0.01,3.12,null,null],[2.71,20.83,6.41,0,1.77,null,null],[3,20.35,4.53,0,1.32,null,null],[2.43,19.8,7.05,0,1.53,null,null],[0.63,19.37,13.58,0,2.7,null,null]],"oneday":{"avg":null,"sunrise":null,"sunset":null},"tide":[null,null,null,null,null,null,null,null,null,null,null,null,null,null,null,null,null,null,null,null,null,null,null,null]}],"daily":[{"weather":[3,23.98],"tide":[null,null,null,null,null,null,null,null,null,null,null,null,null,null,null,null,null,null,null,null,null,null,null,null],"dailyEx":{"avg":null,"wave":null,"sunrise":null,"sunset":null}},{"weather":[1.12,22.51],"tide":[null,null,null,null,null,null,null,null,null,null,null,null,null,null,null,null,null,null,null,null,null,null,null,null],"dailyEx":{"avg":null,"wave":null,"sunrise":null,"sunset":null}},{"weather":[0,22.8],"tide":[null,null,null,null,null,null,null,null,null,null,null,null,null,null,null,null,null,null,null,null,null,null,null,null],"dailyEx":{"avg":null,"wave":null,"sunrise":null,"sunset":null}},{"weather":[1,22.99],"tide":[null,null,null,null,null,null,null,null,null,null,null,null,null,null,null,null,null,null,null,null,null,null,null,null],"dailyEx":{"avg":null,"wave":null,"sunrise":null,"sunset":null}},{"weather":[0,23.41],"tide":[null,null,null,null,null,null,null,null,null,null,null,null,null,null,null,null,null,null,null,null,null,null,null,null],"dailyEx":{"avg":null,"wave":null,"sunrise":null,"sunset":null}}]}
海上イケス釣堀J'sフィッシング,2026-10-05,{"hourly":[{"weather":[[1,19.78,0.01,0,7.63,null,null],[1,19.38,0.02,0,7.95,null,null],[1.95,19.39,0.02,0,8.49,null,null],[1.05,19.79,0.08,0,8.78,null,null],[1.03,20.58,2.11,0,8.47,null,null],[1.06,21.48,5.09,0,8.2,null,null],[1.02,22.18,6.07,0,7.83,null,null],[1,22.79,4.14,0,7.49,null,null],[0.97,22.98,1.17,0,6.91,null,null],[1.03,22.77,0.14,0,6.89,null,null],[1.03,22.38,0.08,0,6.78,null,null],[1,22.18,1.01,0,6.64,null,null]],"oneday":{"avg":null,"sunrise":null,"sunset":null},"tide":[null,null,null,null,null,null,null,null,null,null,null,null,null,null,null,null,null,null,null,null,null,null,null,null]},{"weather":[[1,21.99,2.98,0,6.68,null,null],[1,21.98,4,0,7.14,null,null],[1.03,22.17,2.97,0,6.99,null,null],[0.98,22.17,3.02,0,7.67,null,null],[0,23.56,4.12,0,7.72,null,null],[2.93,24.41,1.23,0,7.66,null,null],[0.97,25.3,0.19,0,8.27,null,null],[0.03,25.22,0.06,0,8.42,null,null],[0,25.1,0.06,0,8.08,null,null],[0.01,24.37,1,0,9.04,null,null],[0.98,23.27,1.94,0,9.49,null,null],[1.94,22.38,0.99,0,9.92,null,null]],"oneday":{"avg":null,"sunrise":null,"sunset":null},"tide":[null,null,null,null,null,null,null,null,null,null,null,null,null,null,null,null,null,null,null,null,null,null,null,null]},{"weather":[[1,21.88,3.98,0,9.77,null,null],[1.99,21.67,11.86,0,9.01,null,null],[2.94,21.37,24.69,0,8.91,null,null],[2.98,21.18,33.5,0,8.5,null,null],[2.99,21.29,34.46,0,7.35,null,null],[2.94,22.22,23.09,0,6.24,null,null],[0.01,23.5,18.13,0,5.71,null,null],[0,23.05,19.62,0,5.14,null,null],[2.98,22.96,13.67,0,3.03,null,null],[3,22.55,11.61,0,2.71,null,null],[2.96,22.42,15.4,0,3.53,null,null],[0.99,22.21,18.48,0,4.92,null,null]],"oneday":{"avg":null,"sunrise":null,"sunset":null},"tide":[null,null,null,null,null,null,null,null,null,null,null,null,null,null,null,null,null,null,null,null,null,null,null,null]}],"daily":[{"weather":[3,23.5],"tide":[null,null,null,null,null,null,null,null,null,null,null,null,null,null,null,null,null,null,null,null,null,null,null,null],"dailyEx":{"avg":null,"wave":null,"sunrise":null,"sunset":null}},{"weather":[48.03,23.06],"tide":[null,null,null,null,null,null,null,null,null,null,null,null,null,null,null,null,null,null,null,null,null,null,null,null],"dailyEx":{"avg":null,"wave":null,"sunrise":null,"sunset":null}},{"weather":[0,22.99],"tide":[null,null,null,null,null,null,null,null,null,null,null,null,null,null,null,null,null,null,null,null,null,null,null,null],"dailyEx":{"avg":null,"wave":null,"sunrise":null,"sunset":null}},{"weather":[2.88,23.47],"tide":[null,null,null,null,null,null,null,null,null,null,null,null,null,null,null,null,null,null,null,null,null,null,null,null],"dailyEx":{"avg":null,"wave":null,"sunrise":null,"sunset":null}},{"weather":[0,23.12],"tide":[null,null,null,null,null,null,null,null,null,null,null,null,null,null,null,null,null,null,null,null,null,null,null,null],"dailyEx":{"avg":null,"wave":null,"sunrise":null,"sunset":null}}]}
道満ファミリー釣り場,2026-10-05,{"hourly":[{"weather":[[2.46,14.18,0,0,4.94,null,null],[1.35,14.24,0,0,5.48,null,null],[1.38,14.09,0.27,0,5.23,null,null],[2.35,14.37,0.8,2.16,5.56,null,null],[1,15.72,1.61,8.21,6.26,null,null],[1.54,17.37,2.42,12.15,6.75,null,null],[1.65,18.34,2.69,12.57,6.42,null,null],[1,19.12,2.15,12.18,5.8,null,null],[0.73,18.56,1.34,9.67,4.97,null,null],[1,17.5,1.07,5.03,4.24,null,null],[1,17.27,1.07,6.08,4.69,null,null],[1.38,17.09,0.54,4.99,4.26,null,null]],"oneday":{"avg":null,"sunrise":null,"sunset":null},"tide":[null,null,null,null,null,null,null,null,null,null,null,null,null,null,null,null,null,null,null,null,null,null,null,null]},{"weather":[[1,16.89,0.8,2.16,3.84,null,null],[0.65,16.71,1.07,2.58,4.15,null,null],[0.27,16.53,0.27,2.9,3.55,null,null],[0,16.43,0.54,2.1,4.55,null,null],[0.38,19.6,2.15,4.01,6.2,null,null],[0.27,22.55,2.42,5.88,7.03,null,null],[0.38,23.93,1.61,5.85,7.78,null,null],[0,24.32,0,1.46,8.13,null,null],[0,22.55,0.27,0,7.98,null,null],[0.73,20,0.54,1.46,7.91,null,null],[1,18.67,0.54,3.21,6.51,null,null],[1,17.77,0,2.48,6.13,null,null]],"oneday":{"avg":null,"sunrise":null,"sunset":null},"tide":[null,null,null,null,null,null,null,null,null,null,null,null,null,null,null,null,null,null,null,null,null,null,null,null]},{"weather":[[0.65,17.21,0.27,1.4,6.84,null,null],[1.27,16.77,1.61,9.2,7.27,null,null],[1.27,16.26,5.11,18.93,7.78,null,null],[1.65,15.94,8.06,28.79,6.99,null,null],[1.54,17.34,9.4,33.94,6.46,null,null],[0.27,20.21,7.79,35.34,5.81,null,null],[0,21.86,5.37,32.99,4.94,null,null],[0,20.63,2.74,28.47,4,null,null],[18.39,18.74,1.38,21.22,2.48,null,null],[1.15,16.35,1.07,13.08,2.24,null,null],[0.62,15.42,2.15,8.24,3.68,null,null],[0.54,14.91,4.3,7.7,5.59,null,null]],"oneday":{"avg":null,"sunrise":null,"sunset":null},"tide":[null,null,null,null,null,null,null,null,null,null,null,null,null,null,null,null,null,null,null,null,null,null,null,null]}],"daily":[{"weather":[3,19.85],"tide":[null,null,null,null,null,null,null,null,null,null,null,null,null,null,null,null,null,null,null,null,null,null,null,null],"dailyEx":{"avg":null,"wave":null,"sunrise":null,"sunset":null}},{"weather":[1.32,19.97],"tide":[null,null,null,null,null,null,null,null,null,null,null,null,null,null,null,null,null,null,null,null,null,null,null,null],"dailyEx":{"avg":null,"wave":null,"sunrise":null,"sunset":null}},{"weather":[1.49,19.98],"tide":[null,null,null,null,null,null,null,null,null,null,null,null,null,null,null,null,null,null,null,null,null,null,null,null],"dailyEx":{"avg":null,"wave":null,"sunrise":null,"sunset":null}},{"weather":[0.27,21.03],"tide":[null,null,null,null,null,null,null,null,null,null,null,null,null,null,null,null,null,null,null,null,null,null,null,null],"dailyEx":{"avg":null,"wave":null,"sunrise":null,"sunset":null}},{"weather":[0,21.13],"tide":[null,null,null,null,null,null,null,null,null,null,null,null,null,null,null,null,null,null,null,null,null,null,null,null],"dailyEx":{"avg":null,"wave":null,"sunrise":null,"sunset":null}}]}
下へら釣り場,2026-10-05,{"hourly":[{"weather":[[2.38,14.32,0,0,4.92,null,null],[1.34,14.36,0,0,5.45,null,null],[1.35,14.22,0.31,0,5.21,null,null],[2.34,14.51,0.93,2.06,5.54,null,null],[1,15.88,1.87,7.86,6.21,null,null],[1.62,17.49,2.8,11.63,6.66,null,null],[1.66,18.44,3.11,11.99,6.32,null,null],[1,19.23,2.49,11.64,5.73,null,null],[0.69,18.67,1.55,9.24,4.92,null,null],[1,17.62,1.24,4.79,4.22,null,null],[1,17.39,1.24,5.81,4.65,null,null],[1.35,17.22,0.62,4.79,4.24,null,null]],"oneday":{"avg":null,"sunrise":null,"sunset":null},"tide":[null,null,null,null,null,null,null,null,null,null,null,null,null,null,null,null,null,null,null,null,null,null,null,null]},{"weather":[[1,17.02,0.93,2.06,3.82,null,null],[0.66,16.85,1.24,2.42,4.13,null,null],[0.31,16.68,0.31,2.75,3.59,null,null],[0,16.6,0.62,2.04,4.54,null,null],[0.35,19.77,2.49,3.78,6.14,null,null],[0.31,22.66,2.8,5.52,6.89,null,null],[0.35,24.04,1.87,5.51,7.5,null,null],[0,24.39,0,1.38,7.83,null,null],[0,22.62,0.31,0,7.79,null,null],[0.69,20.11,0.62,1.38,7.78,null,null],[1,18.77,0.62,3.08,6.43,null,null],[1,17.87,0,2.39,6.05,null,null]],"oneday":{"avg":null,"sunrise":null,"sunset":null},"tide":[null,null,null,null,null,null,null,null,null,null,null,null,null,null,null,null,null,null,null,null,null,null,null,null]},{"weather":[[0.66,17.33,0.31,1.36,6.73,null,null],[1.31,16.89,1.87,8.86,7.12,null,null],[1.31,16.39,5.91,18.12,7.58,null,null],[1.66,16.08,9.33,27.42,6.79,null,null],[1.62,17.46,10.89,32.25,6.28,null,null],[0.31,20.31,9.02,33.61,5.62,null,null],[0,21.92,6.22,31.49,4.76,null,null],[0,20.65,3.16,27.32,3.87,null,null],[17.95,18.73,1.59,20.46,2.42,null,null],[1.27,16.44,1.24,12.61,2.17,null,null],[0.65,15.53,2.49,7.87,3.51,null,null],[0.62,15.01,4.98,7.24,5.38,null,null]],"oneday":{"avg":null,"sunrise":null,"sunset":null},"tide":[null,null,null,null,null,null,null,null,null,null,null,null,null,null,null,null,null,null,null,null,null,null,null,null]}],"daily":[{"weather":[3,20.03],"tide":[null,null,null,null,null,null,null,null,null,null,null,null,null,null,null,null,null,null,null,null,null,null,null,null],"dailyEx":{"avg":null,"wave":null,"sunrise":null,"sunset":null}},{"weather":[1.33,20.05],"tide":[null,null,null,null,null,null,null,null,null,null,null,null,null,null,null,null,null,null,null,null,null,null,null,null],"dailyEx":{"avg":null,"wave":null,"sunrise":null,"sunset":null}},{"weather":[1.39,20.07],"tide":[null,null,null,null,null,null,null,null,null,null,null,null,null,null,null,null,null,null,null,null,null,null,null,null],"dailyEx":{"avg":null,"wave":null,"sunrise":null,"sunset":null}},{"weather":[0.31,21.09],"tide":[null,null,null,null,null,null,null,null,null,null,null,null,null,null,null,null,null,null,null,null,null,null,null,null],"dailyEx":{"avg":null,"wave":null,"sunrise":null,"sunset":null}},{"weather":[0,21.21],"tide":[null,null,null,null,null,null,null,null,null,null,null,null,null,null,null,null,null,null,null,null,null,null,null,null],"dailyEx":{"avg":null,"wave":null,"sunrise":null,"sunset":null}}]}
大島へら釣場,2026-10-05,{"hourly":[{"weather":[[2.73,15.67,0,0.46,4.65,null,null],[1.45,15.67,0,0.69,5.1,null,null],[1.45,15.51,0.1,0.53,4.97,null,null],[2.07,15.62,0.29,2.25,5.23,null,null],[1.23,17.03,0.59,7.96,5.19,null,null],[1.43,18.98,0.88,12.86,5.38,null,null],[1.85,20.04,0.98,15.59,5.89,null,null],[1,20.8,0.78,16.91,5.41,null,null],[0.9,20.37,0.49,14.04,4.77,null,null],[1,19.17,0.39,7.45,3.51,null,null],[1.23,18.79,0.39,6.98,4.24,null,null],[1.45,18.58,0.19,5.41,4.12,null,null]],"oneday":{"avg":null,"sunrise":null,"sunset":null},"tide":[null,null,null,null,null,null,null,null,null,null,null,null,null,null,null,null,null,null,null,null,null,null,null,null]},{"weather":[[1,18.26,0.29,3.01,4.33,null,null],[0.55,17.97,0.39,3.3,4.49,null,null],[0.1,17.51,0.1,2.99,3.95,null,null],[0.08,17.52,0.19,1.49,4.77,null,null],[0.76,20.52,0.78,3.58,5.07,null,null],[0.1,24.29,0.88,5.29,6.13,null,null],[0.45,25.95,0.59,4.76,8.66,null,null],[0.08,26.33,0,1.19,9.14,null,null],[0.31,24.47,0.1,0.38,8.43,null,null],[0.9,21.82,0.19,3.19,7.87,null,null],[0.92,20.34,0.19,5.15,6.55,null,null],[0.92,19.29,0,5.79,6.25,null,null]],"oneday":{"avg":null,"sunrise":null,"sunset":null},"tide":[null,null,null,null,null,null,null,null,null,null,null,null,null,null,null,null,null,null,null,null,null,null,null,null]},{"weather":[[0.55,18.63,0.1,6.45,6.75,null,null],[1.02,17.92,0.59,14.28,7.94,null,null],[1.02,17.36,1.86,22.5,8.17,null,null],[1.47,16.97,2.93,29.69,7.31,null,null],[0.89,18.87,3.42,35.55,6.84,null,null],[0.1,21.93,2.83,35.67,6.19,null,null],[0,23.75,1.95,30.51,6.3,null,null],[0,23.11,1,29.44,5.73,null,null],[7.87,21.19,0.5,26.72,4.31,null,null],[0.44,18.09,0.39,21.83,2.16,null,null],[0.24,16.76,0.78,13.91,3.74,null,null],[0.5,15.93,1.56,10.49,6.12,null,null]],"oneday":{"avg":null,"sunrise":null,"sunset":null},"tide":[null,null,null,null,null,null,null,null,null,null,null,null,null,null,null,null,null,null,null,null,null,null,null,null]}],"daily":[{"weather":[2.85,21.21],"tide":[null,null,null,null,null,null,null,null,null,null,null,null,null,null,null,null,null,null,null,null,null,null,null,null],"dailyEx":{"avg":null,"wave":null,"sunrise":null,"sunset":null}},{"weather":[1.07,21.56],"tide":[null,null,null,null,null,null,null,null,null,null,null,null,null,null,null,null,null,null,null,null,null,null,null,null],"dailyEx":{"avg":null,"wave":null,"sunrise":null,"sunset":null}},{"weather":[2.19,21.7],"tide":[null,null,null,null,null,null,null,null,null,null,null,null,null,null,null,null,null,null,null,null,null,null,null,null],"dailyEx":{"avg":null,"wave":null,"sunrise":null,"sunset":null}},{"weather":[0.1,22.72],"tide":[null,null,null,null,null,null,null,null,null,null,null,null,null,null,null,null,null,null,null,null,null,null,null,null],"dailyEx":{"avg":null,"wave":null,"sunrise":null,"sunset":null}},{"weather":[0,22.81],"tide":[null,null,null,null,null,null,null,null,null,null,null,null,null,null,null,null,null,null,null,null,null,null,null,null],"dailyEx":{"avg":null,"wave":null,"sunrise":null,"sunset":null}}]}
相模川弁天釣り場,2026-10-05,{"hourly":[{"weather":[[2.58,15.82,0,0.35,5.01,null,null],[1.34,15.79,0,0.35,5.51,null,null],[1.45,15.62,0.21,0.17,5.31,null,null],[2.16,15.81,0.63,1.9,5.58,null,null],[1.17,17.17,1.27,7.43,5.69,null,null],[1.6,18.98,1.91,11.47,5.98,null,null],[1.84,19.95,2.12,12.74,6.07,null,null],[1,20.76,1.7,13.16,5.55,null,null],[0.79,20.26,1.06,10.4,4.82,null,null],[1,19.18,0.85,4.82,3.87,null,null],[1.17,18.85,0.85,5.3,4.39,null,null],[1.45,18.67,0.42,4.35,4.25,null,null]],"oneday":{"avg":null,"sunrise":null,"sunset":null},"tide":[null,null,null,null,null,null,null,null,null,null,null,null,null,null,null,null,null,null,null,null,null,null,null,null]},{"weather":[[1,18.4,0.63,2.25,4.29,null,null],[0.66,18.17,0.85,2.64,4.42,null,null],[0.21,17.75,0.21,2.51,3.92,null,null],[0,17.73,0.42,1.31,4.66,null,null],[0.63,20.69,1.7,3.4,5.56,null,null],[0.21,24.15,1.91,5.2,6.29,null,null],[0.45,25.72,1.27,4.91,8.05,null,null],[0,26.18,0,1.23,8.46,null,null],[0.17,24.4,0.21,0.17,8.15,null,null],[0.79,21.76,0.42,2.27,8,null,null],[1,20.33,0.42,3.95,6.61,null,null],[1,19.31,0,4.38,6.3,null,null]],"oneday":{"avg":null,"sunrise":null,"sunset":null},"tide":[null,null,null,null,null,null,null,null,null,null,null,null,null,null,null,null,null,null,null,null,null,null,null,null]},{"weather":[[0.66,18.73,0.21,4.83,6.84,null,null],[1.21,18.09,1.27,12.22,7.79,null,null],[1.21,17.55,4.03,20.41,8,null,null],[1.66,17.22,6.36,28.02,7.06,null,null],[1.25,18.88,7.42,33.66,6.45,null,null],[0.21,21.88,6.14,33.95,5.74,null,null],[0,23.6,4.24,29.26,5.67,null,null],[0,22.75,2.14,27.2,4.79,null,null],[8.81,20.93,1.07,23.57,3.61,null,null],[0.8,18.15,0.85,18.47,1.88,null,null],[0.37,16.99,1.7,11.91,3.6,null,null],[0.6,16.21,3.39,9.56,6.17,null,null]],"oneday":{"avg":null,"sunrise":null,"sunset":null},"tide":[null,null,null,null,null,null,null,null,null,null,null,null,null,null,null,null,null,null,null,null,null,null,null,null]}],"daily":[{"weather":[3,21.35],"tide":[null,null,null,null,null,null,null,null,null,null,null,null,null,null,null,null,null,null,null,null,null,null,null,null],"dailyEx":{"avg":null,"wave":null,"sunrise":null,"sunset":null}},{"weather":[1.04,21.49],"tide":[null,null,null,null,null,null,null,null,null,null,null,null,null,null,null,null,null,null,null,null,null,null,null,null],"dailyEx":{"avg":null,"wave":null,"sunrise":null,"sunset":null}},{"weather":[2.04,21.69],"tide":[null,null,null,null,null,null,null,null,null,null,null,null,null,null,null,null,null,null,null,null,null,null,null,null],"dailyEx":{"avg":null,"wave":null,"sunrise":null,"sunset":null}},{"weather":[0.21,22.6],"tide":[null,null,null,null,null,null,null,null,null,null,null,null,null,null,null,null,null,null,null,null,null,null,null,null],"dailyEx":{"avg":null,"wave":null,"sunrise":null,"sunset":null}},{"weather":[0,22.74],"tide":[null,null,null,null,null,null,null,null,null,null,null,null,null,null,null,null,null,null,null,null,null,null,null,null],"dailyEx":{"avg":null,"wave":null,"sunrise":null,"sunset":null}}]}
八菅ヘラ釣り場,2026-10-05,{"hourly":[{"weather":[[2.51,15.48,0,0.31,4.9,null,null],[1.36,15.46,0,0.31,5.39,null,null],[1.4,15.31,0.24,0.16,5.19,null,null],[2.2,15.53,0.73,1.92,5.47,null,null],[1.16,16.9,1.46,7.63,5.68,null,null],[1.64,18.66,2.19,11.68,5.96,null,null],[1.8,19.61,2.43,12.75,6.01,null,null],[1,20.42,1.95,13.13,5.52,null,null],[0.76,19.91,1.21,10.39,4.8,null,null],[1,18.83,0.97,4.85,3.88,null,null],[1.16,18.52,0.97,5.45,4.38,null,null],[1.4,18.34,0.49,4.5,4.19,null,null]],"oneday":{"avg":null,"sunrise":null,"sunset":null},"tide":[null,null,null,null,null,null,null,null,null,null,null,null,null,null,null,null,null,null,null,null,null,null,null,null]},{"weather":[[1,18.09,0.73,2.23,4.13,null,null],[0.64,17.86,0.97,2.52,4.33,null,null],[0.24,17.5,0.24,2.52,3.85,null,null],[0,17.48,0.49,1.51,4.59,null,null],[0.56,20.52,1.95,3.36,5.56,null,null],[0.24,23.85,2.19,5.01,6.26,null,null],[0.4,25.39,1.46,4.81,7.8,null,null],[0,25.8,0,1.2,8.17,null,null],[0.16,24,0.24,0.16,7.91,null,null],[0.76,21.41,0.49,2.14,7.77,null,null],[1,19.99,0.49,3.91,6.38,null,null],[1,18.98,0,4.25,6.07,null,null]],"oneday":{"avg":null,"sunrise":null,"sunset":null},"tide":[null,null,null,null,null,null,null,null,null,null,null,null,null,null,null,null,null,null,null,null,null,null,null,null]},{"weather":[[0.64,18.41,0.24,4.54,6.61,null,null],[1.24,17.8,1.46,12.19,7.46,null,null],[1.24,17.26,4.63,20.49,7.7,null,null],[1.64,16.94,7.3,28.04,6.83,null,null],[1.33,18.58,8.52,33.38,6.27,null,null],[0.24,21.54,7.05,33.87,5.52,null,null],[0,23.23,4.87,29.82,5.34,null,null],[0,22.27,2.46,27.9,4.62,null,null],[10.86,20.38,1.23,24.01,3.4,null,null],[0.93,17.76,0.97,18.33,1.89,null,null],[0.44,16.64,1.95,11.57,3.42,null,null],[0.64,15.89,3.89,9.06,5.82,null,null]],"oneday":{"avg":null,"sunrise":null,"sunset":null},"tide":[null,null,null,null,null,null,null,null,null,null,null,null,null,null,null,null,null,null,null,null,null,null,null,null]}],"daily":[{"weather":[3,21.06],"tide":[null,null,null,null,null,null,null,null,null,null,null,null,null,null,null,null,null,null,null,null,null,null,null,null],"dailyEx":{"avg":null,"wave":null,"sunrise":null,"sunset":null}},{"weather":[1.16,21.14],"tide":[null,null,null,null,null,null,null,null,null,null,null,null,null,null,null,null,null,null,null,null,null,null,null,null],"dailyEx":{"avg":null,"wave":null,"sunrise":null,"sunset":null}},{"weather":[1.87,21.31],"tide":[null,null,null,null,null,null,null,null,null,null,null,null,null,null,null,null,null,null,null,null,null,null,null,null],"dailyEx":{"avg":null,"wave":null,"sunrise":null,"sunset":null}},{"weather":[0.24,22.23],"tide":[null,null,null,null,null,null,null,null,null,null,null,null,null,null,null,null,null,null,null,null,null,null,null,null],"dailyEx":{"avg":null,"wave":null,"sunrise":null,"sunset":null}},{"weather":[0,22.38],"tide":[null,null,null,null,null,null,null,null,null,null,null,null,null,null,null,null,null,null,null,null,null,null,null,null],"dailyEx":{"avg":null,"wave":null,"sunrise":null,"sunset":null}}]}
柏ふれあい釣り堀,2026-10-05,{"hourly":[{"weather":[[2.44,15.13,0,0,5.27,null,null],[1.25,15.13,0,0,5.86,null,null],[1.47,14.97,0.28,0,5.59,null,null],[2.25,15.21,0.84,1.95,5.92,null,null],[1,16.54,1.68,6.9,6.41,null,null],[1.56,18.23,2.52,10.34,6.9,null,null],[1.75,19.17,2.8,11.01,6.51,null,null],[1,19.98,2.24,10.55,5.83,null,null],[0.72,19.44,1.4,8.34,4.97,null,null],[1,18.43,1.12,4.4,4.34,null,null],[1,18.16,1.12,5.17,4.75,null,null],[1.47,17.98,0.56,4.19,4.44,null,null]],"oneday":{"avg":null,"sunrise":null,"sunset":null},"tide":[null,null,null,null,null,null,null,null,null,null,null,null,null,null,null,null,null,null,null,null,null,null,null,null]},{"weather":[[1,17.79,0.84,1.95,4.18,null,null],[0.75,17.62,1.12,2.63,4.36,null,null],[0.28,17.34,0.28,2.67,3.78,null,null],[0,17.25,0.56,1.52,4.72,null,null],[0.47,20.2,2.24,3.85,6.33,null,null],[0.28,23.32,2.52,5.97,7.09,null,null],[0.47,24.68,1.68,5.76,7.92,null,null],[0,25.17,0,1.44,8.33,null,null],[0,23.44,0.28,0,8.31,null,null],[0.72,20.87,0.56,1.44,8.43,null,null],[1,19.52,0.56,2.71,7.11,null,null],[1,18.62,0,1.99,6.76,null,null]],"oneday":{"avg":null,"sunrise":null,"sunset":null},"tide":[null,null,null,null,null,null,null,null,null,null,null,null,null,null,null,null,null,null,null,null,null,null,null,null]},{"weather":[[0.75,18.1,0.28,1.02,7.46,null,null],[1.28,17.61,1.68,7.24,7.89,null,null],[1.28,17.14,5.33,16.01,8.29,null,null],[1.75,16.82,8.41,25.62,7.33,null,null],[1.56,18.16,9.81,30.87,6.68,null,null],[0.28,21.05,8.13,31.89,6.2,null,null],[0,22.72,5.61,28.67,5.41,null,null],[0,21.62,2.84,23.51,3.98,null,null],[13.53,19.85,1.43,16.74,2.63,null,null],[1.09,17.32,1.12,10.25,2.15,null,null],[0.53,16.37,2.24,7.12,3.96,null,null],[0.56,15.83,4.48,7.66,6.14,null,null]],"oneday":{"avg":null,"sunrise":null,"sunset":null},"tide":[null,null,null,null,null,null,null,null,null,null,null,null,null,null,null,null,null,null,null,null,null,null,null,null]}],"daily":[{"weather":[3,20.77],"tide":[null,null,null,null,null,null,null,null,null,null,null,null,null,null,null,null,null,null,null,null,null,null,null,null],"dailyEx":{"avg":null,"wave":null,"sunrise":null,"sunset":null}},{"weather":[1.04,20.85],"tide":[null,null,null,null,null,null,null,null,null,null,null,null,null,null,null,null,null,null,null,null,null,null,null,null],"dailyEx":{"avg":null,"wave":null,"sunrise":null,"sunset":null}},{"weather":[1.65,20.95],"tide":[null,null,null,null,null,null,null,null,null,null,null,null,null,null,null,null,null,null,null,null,null,null,null,null],"dailyEx":{"avg":null,"wave":null,"sunrise":null,"sunset":null}},{"weather":[0.28,21.93],"tide":[null,null,null,null,null,null,null,null,null,null,null,null,null,null,null,null,null,null,null,null,null,null,null,null],"dailyEx":{"avg":null,"wave":null,"sunrise":null,"sunset":null}},{"weather":[0,22],"tide":[null,null,null,null,null,null,null,null,null,null,null,null,null,null,null,null,null,null,null,null,null,null,null,null],"dailyEx":{"avg":null,"wave":null,"sunrise":null,"sunset":null}}]}
山本園,2026-10-05,{"hourly":[{"weather":[[2.06,12.92,0,0,4.52,null,null],[1.48,13.04,0,0,4.91,null,null],[1.05,12.98,0.43,0,4.71,null,null],[2.52,13.41,1.28,2.11,5.04,null,null],[1,14.83,2.56,9.12,6.01,null,null],[1.89,16.23,3.83,13.28,6.2,null,null],[1.52,17.15,4.26,13.08,5.96,null,null],[1.04,17.91,3.41,13.08,5.56,null,null],[0.57,17.28,2.13,10.45,4.94,null,null],[1,16.22,1.7,5.34,4.28,null,null],[1.04,16.06,1.7,6.64,4.68,null,null],[1.1,15.92,0.85,5.5,4.06,null,null]],"oneday":{"avg":null,"sunrise":null,"sunset":null},"tide":[null,null,null,null,null,null,null,null,null,null,null,null,null,null,null,null,null,null,null,null,null,null,null,null]},{"weather":[[1,15.73,1.28,2.02,3.28,null,null],[0.48,15.6,1.7,1.78,3.74,null,null],[0.43,15.67,0.43,2.73,3.37,null,null],[0.04,15.67,0.85,2.95,4.31,null,null],[0.05,19.22,3.41,3.17,5.77,null,null],[0.43,21.63,3.83,3.81,5.96,null,null],[0.1,22.99,2.56,4.23,5.97,null,null],[0.04,22.98,0,1.15,6.05,null,null],[0.04,21.13,0.43,0.27,6.14,null,null],[0.57,18.76,0.85,1.51,6.06,null,null],[1,17.48,0.85,3.98,4.83,null,null],[1,16.57,0,3.72,4.39,null,null]],"oneday":{"avg":null,"sunrise":null,"sunset":null},"tide":[null,null,null,null,null,null,null,null,null,null,null,null,null,null,null,null,null,null,null,null,null,null,null,null]},{"weather":[[0.52,15.98,0.43,3.21,4.92,null,null],[1.47,15.65,2.56,13.15,5.21,null,null],[1.47,15.16,8.09,22.84,5.64,null,null],[1.52,14.86,12.78,30.55,5.19,null,null],[1.89,16.23,14.9,33.88,5.03,null,null],[0.47,18.89,12.35,36.06,4.01,null,null],[0,20.34,8.52,37.04,3.25,null,null],[0,18.62,4.35,35.35,3.48,null,null],[27.48,16.32,2.18,28.89,2,null,null],[1.89,14.74,1.7,18.78,2.25,null,null],[1.04,14.01,3.41,10.04,2.34,null,null],[0.98,13.45,6.81,6.29,3.52,null,null]],"oneday":{"avg":null,"sunrise":null,"sunset":null},"tide":[null,null,null,null,null,null,null,null,null,null,null,null,null,null,null,null,null,null,null,null,null,null,null,null]}],"daily":[{"weather":[3,18.75],"tide":[null,null,null,null,null,null,null,null,null,null,null,null,null,null,null,null,null,null,null,null,null,null,null,null],"dailyEx":{"avg":null,"wave":null,"sunrise":null,"sunset":null}},{"weather":[1.86,18.53],"tide":[null,null,null,null,null,null,null,null,null,null,null,null,null,null,null,null,null,null,null,null,null,null,null,null],"dailyEx":{"avg":null,"wave":null,"sunrise":null,"sunset":null}},{"weather":[0.63,18.43],"tide":[null,null,null,null,null,null,null,null,null,null,null,null,null,null,null,null,null,null,null,null,null,null,null,null],"dailyEx":{"avg":null,"wave":null,"sunrise":null,"sunset":null}},{"weather":[0.43,19.47],"tide":[null,null,null,null,null,null,null,null,null,null,null,null,null,null,null,null,null,null,null,null,null,null,null,null],"dailyEx":{"avg":null,"wave":null,"sunrise":null,"sunset":null}},{"weather":[0.04,19.72],"tide":[null,null,null,null,null,null,null,null,null,null,null,null,null,null,null,null,null,null,null,null,null,null,null,null],"dailyEx":{"avg":null,"wave":null,"sunrise":null,"sunset":null}}]}
草柳園フィッシングセンター,2026-10-05,{"hourly":[{"weather":[[2.39,16.7,0,0,5.61,null,null],[1.1,16.57,0,0,6.24,null,null],[1.55,16.4,0.33,0,5.97,null,null],[2.14,16.59,0.98,1.49,6.26,null,null],[1.03,17.89,1.97,4.67,6.45,null,null],[1.58,19.63,2.95,7.32,6.88,null,null],[1.83,20.59,3.28,8.48,6.39,null,null],[1.1,21.42,2.62,8.08,5.65,null,null],[0.77,20.95,1.64,6.41,4.78,null,null],[1.03,19.99,1.31,3.51,4.29,null,null],[1.07,19.65,1.31,3.72,4.61,null,null],[1.57,19.46,0.65,2.95,4.55,null,null]],"oneday":{"avg":null,"sunrise":null,"sunset":null},"tide":[null,null,null,null,null,null,null,null,null,null,null,null,null,null,null,null,null,null,null,null,null,null,null,null]},{"weather":[[1,19.28,0.98,1.71,4.55,null,null],[0.98,19.11,1.31,2.62,4.55,null,null],[0.36,18.68,0.33,2.24,3.98,null,null],[0.07,18.63,0.65,0.7,4.82,null,null],[0.57,21.25,2.62,3.43,6.27,null,null],[0.5,24.54,2.95,5.74,6.92,null,null],[0.7,25.89,1.97,5.38,7.79,null,null],[0.03,26.55,0,1.49,8.2,null,null],[0.13,24.9,0.33,0.17,8.38,null,null],[0.77,22.3,0.65,1.46,8.84,null,null],[0.93,20.91,0.65,1.84,7.71,null,null],[1,20.01,0,1.14,7.44,null,null]],"oneday":{"avg":null,"sunrise":null,"sunset":null},"tide":[null,null,null,null,null,null,null,null,null,null,null,null,null,null,null,null,null,null,null,null,null,null,null,null]},{"weather":[[0.87,19.53,0.33,0.4,8.13,null,null],[1.3,18.97,1.97,3.91,8.58,null,null],[1.3,18.54,6.23,10.59,8.82,null,null],[1.84,18.26,9.84,19.05,7.58,null,null],[1.55,19.57,11.48,24.01,6.89,null,null],[0.25,22.45,9.51,24.4,6.75,null,null],[0,24.1,6.56,20.24,6.08,null,null],[0,23.2,3.29,14.59,4.01,null,null],[5.54,21.52,1.65,9.05,3.03,null,null],[0.92,18.85,1.31,5.44,1.99,null,null],[0.43,17.88,2.62,5.15,4.13,null,null],[0.73,17.28,5.25,7.32,6.66,null,null]],"oneday":{"avg":null,"sunrise":null,"sunset":null},"tide":[null,null,null,null,null,null,null,null,null,null,null,null,null,null,null,null,null,null,null,null,null,null,null,null]}],"daily":[{"weather":[3,22.36],"tide":[null,null,null,null,null,null,null,null,null,null,null,null,null,null,null,null,null,null,null,null,null,null,null,null],"dailyEx":{"avg":null,"wave":null,"sunrise":null,"sunset":null}},{"weather":[0.77,22.24],"tide":[null,null,null,null,null,null,null,null,null,null,null,null,null,null,null,null,null,null,null,null,null,null,null,null],"dailyEx":{"avg":null,"wave":null,"sunrise":null,"sunset":null}},{"weather":[1.82,22.5],"tide":[null,null,null,null,null,null,null,null,null,null,null,null,null,null,null,null,null,null,null,null,null,null,null,null],"dailyEx":{"avg":null,"wave":null,"sunrise":null,"sunset":null}},{"weather":[0.4,23.32],"tide":[null,null,null,null,null,null,null,null,null,null,null,null,null,null,null,null,null,null,null,null,null,null,null,null],"dailyEx":{"avg":null,"wave":null,"sunrise":null,"sunset":null}},{"weather":[0.03,23.39],"tide":[null,null,null,null,null,null,null,null,null,null,null,null,null,null,null,null,null,null,null,null,null,null,null,null],"dailyEx":{"avg":null,"wave":null,"sunrise":null,"sunset":null}}]}
厚木へら鮒センター,2026-10-05,{"hourly":[{"weather":[[2.52,15.87,0,0.23,5.2,null,null],[1.28,15.83,0,0.23,5.74,null,null],[1.48,15.66,0.24,0.12,5.52,null,null],[2.16,15.86,0.72,1.85,5.81,null,null],[1.12,17.21,1.43,6.86,5.98,null,null],[1.59,18.99,2.15,10.54,6.34,null,null],[1.84,19.94,2.39,11.68,6.25,null,null],[1,20.75,1.91,11.78,5.65,null,null],[0.76,20.25,1.19,9.3,4.87,null,null],[1,19.2,0.95,4.49,4.06,null,null],[1.12,18.88,0.95,4.98,4.53,null,null],[1.48,18.7,0.48,4.05,4.37,null,null]],"oneday":{"avg":null,"sunrise":null,"sunset":null},"tide":[null,null,null,null,null,null,null,null,null,null,null,null,null,null,null,null,null,null,null,null,null,null,null,null]},{"weather":[[1,18.47,0.72,2.08,4.35,null,null],[0.72,18.26,0.95,2.65,4.46,null,null],[0.24,17.86,0.24,2.5,3.94,null,null],[0,17.82,0.48,1.21,4.73,null,null],[0.6,20.71,1.91,3.51,5.86,null,null],[0.24,24.1,2.15,5.48,6.58,null,null],[0.48,25.6,1.43,5.16,8.05,null,null],[0,26.1,0,1.29,8.47,null,null],[0.12,24.34,0.24,0.12,8.3,null,null],[0.76,21.72,0.48,1.98,8.3,null,null],[1,20.31,0.48,3.38,6.95,null,null],[1,19.33,0,3.43,6.65,null,null]],"oneday":{"avg":null,"sunrise":null,"sunset":null},"tide":[null,null,null,null,null,null,null,null,null,null,null,null,null,null,null,null,null,null,null,null,null,null,null,null]},{"weather":[[0.72,18.79,0.24,3.43,7.24,null,null],[1.24,18.18,1.43,9.95,8.01,null,null],[1.24,17.68,4.54,18.04,8.25,null,null],[1.72,17.36,7.17,26.24,7.25,null,null],[1.36,18.89,8.36,31.78,6.59,null,null],[0.24,21.85,6.93,32.2,6.02,null,null],[0,23.56,4.78,27.75,5.72,null,null],[0,22.67,2.41,24.45,4.51,null,null],[8.94,20.9,1.21,19.9,3.32,null,null],[0.88,18.17,0.95,14.84,1.94,null,null],[0.4,17.06,1.91,9.95,3.81,null,null],[0.59,16.36,3.82,8.9,6.32,null,null]],"oneday":{"avg":null,"sunrise":null,"sunset":null},"tide":[null,null,null,null,null,null,null,null,null,null,null,null,null,null,null,null,null,null,null,null,null,null,null,null]}],"daily":[{"weather":[3,21.44],"tide":[null,null,null,null,null,null,null,null,null,null,null,null,null,null,null,null,null,null,null,null,null,null,null,null],"dailyEx":{"avg":null,"wave":null,"sunrise":null,"sunset":null}},{"weather":[0.96,21.54],"tide":[null,null,null,null,null,null,null,null,null,null,null,null,null,null,null,null,null,null,null,null,null,null,null,null],"dailyEx":{"avg":null,"wave":null,"sunrise":null,"sunset":null}},{"weather":[1.96,21.73],"tide":[null,null,null,null,null,null,null,null,null,null,null,null,null,null,null,null,null,null,null,null,null,null,null,null],"dailyEx":{"avg":null,"wave":null,"sunrise":null,"sunset":null}},{"weather":[0.24,22.65],"tide":[null,null,null,null,null,null,null,null,null,null,null,null,null,null,null,null,null,null,null,null,null,null,null,null],"dailyEx":{"avg":null,"wave":null,"sunrise":null,"sunset":null}},{"weather":[0,22.75],"tide":[null,null,null,null,null,null,null,null,null,null,null,null,null,null,null,null,null,null,null,null,null,null,null,null],"dailyEx":{"avg":null,"wave":null,"sunrise":null,"sunset":null}}]}
釣って見つける ぼうけんの国 相模原上溝店,2026-10-05,{"hourly":[{"weather":[[2.77,16.02,0,0.33,5.31,null,null],[1.3,15.97,0,0.33,5.83,null,null],[1.56,15.76,0.09,0.17,5.62,null,null],[2.08,15.87,0.27,1.99,5.85,null,null],[1.21,17.19,0.53,7.65,6.01,null,null],[1.34,19.13,0.8,12.12,6.39,null,null],[1.87,20.18,0.89,13.91,6.42,null,null],[1.05,21,0.71,14.42,5.8,null,null],[0.96,20.55,0.44,11.49,4.97,null,null],[1.05,19.43,0.35,5.5,3.94,null,null],[1.17,19.05,0.35,5.75,4.46,null,null],[1.61,18.85,0.18,4.7,4.41,null,null]],"oneday":{"avg":null,"sunrise":null,"sunset":null},"tide":[null,null,null,null,null,null,null,null,null,null,null,null,null,null,null,null,null,null,null,null,null,null,null,null]},{"weather":[[1,18.58,0.27,2.72,4.57,null,null],[0.7,18.34,0.35,3.23,4.64,null,null],[0.14,17.82,0.09,2.88,3.93,null,null],[0,17.73,0.18,1.32,4.85,null,null],[0.78,20.53,0.71,3.98,5.78,null,null],[0.14,24.25,0.8,6.25,6.79,null,null],[0.71,25.83,0.53,5.97,8.85,null,null],[0.05,26.48,0,1.74,9.39,null,null],[0.26,24.78,0.09,0.46,8.73,null,null],[0.96,22.04,0.18,2.68,8.6,null,null],[1,20.56,0.18,3.97,7.15,null,null],[1,19.52,0,4.17,6.87,null,null]],"oneday":{"avg":null,"sunrise":null,"sunset":null},"tide":[null,null,null,null,null,null,null,null,null,null,null,null,null,null,null,null,null,null,null,null,null,null,null,null]},{"weather":[[0.65,18.92,0.09,4.5,7.55,null,null],[1.04,18.23,0.53,11.52,8.67,null,null],[1.04,17.7,1.69,20.14,8.97,null,null],[1.6,17.31,2.67,28.83,7.85,null,null],[0.96,19.04,3.11,35.13,7.32,null,null],[0.09,22.09,2.58,35.33,6.8,null,null],[0,23.93,1.78,29.76,6.72,null,null],[0,23.33,0.91,26.51,5.3,null,null],[7.12,21.62,0.46,22.22,4.17,null,null],[0.5,18.45,0.35,17.38,2.14,null,null],[0.22,17.24,0.71,12.1,4.26,null,null],[0.34,16.45,1.42,10.93,7.04,null,null]],"oneday":{"avg":null,"sunrise":null,"sunset":null},"tide":[null,null,null,null,null,null,null,null,null,null,null,null,null,null,null,null,null,null,null,null,null,null,null,null]}],"daily":[{"weather":[3,21.39],"tide":[null,null,null,null,null,null,null,null,null,null,null,null,null,null,null,null,null,null,null,null,null,null,null,null],"dailyEx":{"avg":null,"wave":null,"sunrise":null,"sunset":null}},{"weather":[0.82,21.8],"tide":[null,null,null,null,null,null,null,null,null,null,null,null,null,null,null,null,null,null,null,null,null,null,null,null],"dailyEx":{"avg":null,"wave":null,"sunrise":null,"sunset":null}},{"weather":[2.47,22],"tide":[null,null,null,null,null,null,null,null,null,null,null,null,null,null,null,null,null,null,null,null,null,null,null,null],"dailyEx":{"avg":null,"wave":null,"sunrise":null,"sunset":null}},{"weather":[0.09,22.95],"tide":[null,null,null,null,null,null,null,null,null,null,null,null,null,null,null,null,null,null,null,null,null,null,null,null],"dailyEx":{"avg":null,"wave":null,"sunrise":null,"sunset":null}},{"weather":[0.05,23],"tide":[null,null,null,null,null,null,null,null,null,null,null,null,null,null,null,null,null,null,null,null,null,null,null,null],"dailyEx":{"avg":null,"wave":null,"sunrise":null,"sunset":null}}]}
釣って見つけるぼうけんの国 湘南釣堀,2026-10-05,{"hourly":[{"weather":[[1.85,15.11,0,0,5.21,null,null],[1.26,15.08,0,0,5.66,null,null],[1.16,15.01,0.53,0,5.45,null,null],[2.31,15.4,1.58,1.47,5.8,null,null],[1,16.82,3.17,5.8,6.26,null,null],[2.1,18.22,4.75,8.57,6.36,null,null],[1.74,19.05,5.28,8.83,5.97,null,null],[1.05,19.87,4.23,8.72,5.48,null,null],[0.47,19.29,2.64,6.94,4.86,null,null],[1,18.34,2.11,3.65,4.48,null,null],[1.05,18.11,2.11,4.29,4.75,null,null],[1.21,17.98,1.06,3.46,4.42,null,null]],"oneday":{"avg":null,"sunrise":null,"sunset":null},"tide":[null,null,null,null,null,null,null,null,null,null,null,null,null,null,null,null,null,null,null,null,null,null,null,null]},{"weather":[[1,17.83,1.58,1.37,3.95,null,null],[0.69,17.7,2.11,1.58,4.15,null,null],[0.53,17.59,0.53,1.99,3.9,null,null],[0.05,17.66,1.06,1.66,4.63,null,null],[0.16,20.78,4.23,2.42,5.95,null,null],[0.53,23.42,4.75,3.29,5.79,null,null],[0.21,24.73,3.17,3.38,5.74,null,null],[0.05,24.87,0,0.94,5.85,null,null],[0.05,23.09,0.53,0.29,6.42,null,null],[0.47,20.71,1.06,1.33,6.87,null,null],[1,19.39,1.06,2.73,5.86,null,null],[1,18.51,0,2.6,5.53,null,null]],"oneday":{"avg":null,"sunrise":null,"sunset":null},"tide":[null,null,null,null,null,null,null,null,null,null,null,null,null,null,null,null,null,null,null,null,null,null,null,null]},{"weather":[[0.74,18.01,0.53,2.46,5.97,null,null],[1.58,17.61,3.17,8.68,6.16,null,null],[1.58,17.17,10.04,15.53,6.28,null,null],[1.74,16.94,15.85,21.67,5.48,null,null],[2.1,18.14,18.49,24.59,5.12,null,null],[0.58,20.77,15.32,25.92,4.44,null,null],[0,22.19,10.57,25.63,3.88,null,null],[0,20.66,5.34,23.25,3.2,null,null],[16.86,18.55,2.67,18.48,2.21,null,null],[1.99,16.9,2.11,12.33,1.96,null,null],[0.94,16.13,4.23,7.17,2.59,null,null],[1.2,15.49,8.45,5.42,4.24,null,null]],"oneday":{"avg":null,"sunrise":null,"sunset":null},"tide":[null,null,null,null,null,null,null,null,null,null,null,null,null,null,null,null,null,null,null,null,null,null,null,null]}],"daily":[{"weather":[3,20.97],"tide":[null,null,null,null,null,null,null,null,null,null,null,null,null,null,null,null,null,null,null,null,null,null,null,null],"dailyEx":{"avg":null,"wave":null,"sunrise":null,"sunset":null}},{"weather":[1.31,20.46],"tide":[null,null,null,null,null,null,null,null,null,null,null,null,null,null,null,null,null,null,null,null,null,null,null,null],"dailyEx":{"avg":null,"wave":null,"sunrise":null,"sunset":null}},{"weather":[0.75,20.6],"tide":[null,null,null,null,null,null,null,null,null,null,null,null,null,null,null,null,null,null,null,null,null,null,null,null],"dailyEx":{"avg":null,"wave":null,"sunrise":null,"sunset":null}},{"weather":[0.53,21.41],"tide":[null,null,null,null,null,null,null,null,null,null,null,null,null,null,null,null,null,null,null,null,null,null,null,null],"dailyEx":{"avg":null,"wave":null,"sunrise":null,"sunset":null}},{"weather":[0.05,21.67],"tide":[null,null,null,null,null,null,null,null,null,null,null,null,null,null,null,null,null,null,null,null,null,null,null,null],"dailyEx":{"avg":null,"wave":null,"sunrise":null,"sunset":null}}]}
畑宿清流マス釣場,2026-10-05,{"hourly":[{"weather":[[1.2,15.02,0.21,0,10.82,null,null],[1.1,15.23,0.42,0,10.68,null,null],[1.21,15.37,0,0,10.09,null,null],[2.58,15.82,0.42,1.78,10.15,null,null],[1,16.94,1.26,5.93,10.74,null,null],[2.11,18.11,1.26,9.48,9.24,null,null],[1.69,18.77,1.05,12.15,9.27,null,null],[1.69,19.12,0.84,12.85,8.39,null,null],[0.79,18.69,0.84,10.28,8.79,null,null],[1,17.83,0.63,6.52,9.52,null,null],[1.69,17.81,0,4.74,8.94,null,null],[1.69,17.92,0,2.47,7.97,null,null]],"oneday":{"avg":null,"sunrise":null,"sunset":null},"tide":[null,null,null,null,null,null,null,null,null,null,null,null,null,null,null,null,null,null,null,null,null,null,null,null]},{"weather":[[1,18.03,0.21,0.39,6.78,null,null],[0.21,18.11,0.84,2.37,5.38,null,null],[0.21,18.13,0.21,3.26,5.22,null,null],[0.9,18.58,0,1.97,6.8,null,null],[0,20.54,0.42,1.28,6.99,null,null],[0,23.83,0.42,0.69,2.15,null,null],[0.69,25.02,0.21,0.79,3.01,null,null],[0.69,24.8,0,1.58,2.51,null,null],[0.69,23.13,0.21,4.16,2.05,null,null],[1,20.58,0.42,7.12,3.6,null,null],[1.21,19.7,0.42,9,3.99,null,null],[1,18.7,1.26,13.05,3.49,null,null]],"oneday":{"avg":null,"sunrise":null,"sunset":null},"tide":[null,null,null,null,null,null,null,null,null,null,null,null,null,null,null,null,null,null,null,null,null,null,null,null]},{"weather":[[0.9,17.75,3.97,20.47,2.66,null,null],[1.69,17.23,7.74,33.42,3.55,null,null],[1.9,17.56,6.48,44.89,3.09,null,null],[2.11,16.86,5.86,51.8,2.36,null,null],[1.9,17.35,6.9,53.09,3.07,null,null],[0.9,18.48,8.37,57.64,2.49,null,null],[0.21,19.68,7.95,64.76,5,null,null],[0,18.08,5.94,61.15,3.95,null,null],[40.96,15.9,3.84,55.07,3.43,null,null],[2.8,14.98,3.56,46.87,4.59,null,null],[2.8,14.89,4.6,26.6,2.73,null,null],[2.29,14.1,3.35,15.53,3.82,null,null]],"oneday":{"avg":null,"sunrise":null,"sunset":null},"tide":[null,null,null,null,null,null,null,null,null,null,null,null,null,null,null,null,null,null,null,null,null,null,null,null]}],"daily":[{"weather":[3,18.48],"tide":[null,null,null,null,null,null,null,null,null,null,null,null,null,null,null,null,null,null,null,null,null,null,null,null],"dailyEx":{"avg":null,"wave":null,"sunrise":null,"sunset":null}},{"weather":[0.92,18.98],"tide":[null,null,null,null,null,null,null,null,null,null,null,null,null,null,null,null,null,null,null,null,null,null,null,null],"dailyEx":{"avg":null,"wave":null,"sunrise":null,"sunset":null}},{"weather":[0.1,19.04],"tide":[null,null,null,null,null,null,null,null,null,null,null,null,null,null,null,null,null,null,null,null,null,null,null,null],"dailyEx":{"avg":null,"wave":null,"sunrise":null,"sunset":null}},{"weather":[0.21,20.03],"tide":[null,null,null,null,null,null,null,null,null,null,null,null,null,null,null,null,null,null,null,null,null,null,null,null],"dailyEx":{"avg":null,"wave":null,"sunrise":null,"sunset":null}},{"weather":[0.69,20.17],"tide":[null,null,null,null,null,null,null,null,null,null,null,null,null,null,null,null,null,null,null,null,null,null,null,null],"dailyEx":{"avg":null,"wave":null,"sunrise":null,"sunset":null}}]}
はこね宮城野国際ます釣場,2026-10-05,{"hourly":[{"weather":[[1.5,14.17,0.15,0.25,10.33,null,null],[1.13,14.4,0.3,0.25,10.16,null,null],[1.15,14.5,0,0.12,9.71,null,null],[2.58,14.95,0.3,1.95,9.81,null,null],[7.21,16.07,0.91,7.49,10.36,null,null],[1.9,17.38,0.9,11.89,8.83,null,null],[1.6,18.18,0.75,14.54,8.87,null,null],[1.72,18.59,0.6,15.76,8.01,null,null],[0.85,18.13,0.6,12.58,8.33,null,null],[1,17.15,0.45,7.06,9.01,null,null],[1.6,17.05,0,5.63,8.6,null,null],[1.6,17.11,0,3.46,7.87,null,null]],"oneday":{"avg":null,"sunrise":null,"sunset":null},"tide":[null,null,null,null,null,null,null,null,null,null,null,null,null,null,null,null,null,null,null,null,null,null,null,null]},{"weather":[[1,17.23,0.15,1,6.74,null,null],[0.15,17.41,0.6,2.43,5.52,null,null],[0.15,17.57,0.15,3.28,5.39,null,null],[0.87,17.99,0,2.21,7.07,null,null],[0.12,20.06,0.3,1.48,7.28,null,null],[0,23.27,0.3,0.88,2.52,null,null],[0.6,24.68,0.15,1.01,3.31,null,null],[0.85,24.38,0,1.45,2.92,null,null],[0.85,22.61,0.15,3.72,2.23,null,null],[1,20.04,0.3,7,3.76,null,null],[1.03,19.04,0.3,9.45,4.58,null,null],[0.88,18.03,0.9,13.67,4.27,null,null]],"oneday":{"avg":null,"sunrise":null,"sunset":null},"tide":[null,null,null,null,null,null,null,null,null,null,null,null,null,null,null,null,null,null,null,null,null,null,null,null]},{"weather":[[0.75,17.08,2.84,20.88,4.13,null,null],[1.47,16.52,5.53,34.99,4.93,null,null],[1.62,16.68,4.64,46.54,4.78,null,null],[1.77,16,4.19,52.73,4.24,null,null],[1.62,16.65,4.93,54.84,4.54,null,null],[0.75,18.09,5.98,58.69,3.34,null,null],[0.15,19.45,5.68,63.96,4.87,null,null],[0,17.6,4.33,62.72,4.52,null,null],[43.82,15.33,2.8,58.34,3.56,null,null],[8.71,14.37,2.55,50.04,4.14,null,null],[2.62,14.27,3.29,28.34,2.55,null,null],[2.07,13.5,2.39,15.97,3.61,null,null]],"oneday":{"avg":null,"sunrise":null,"sunset":null},"tide":[null,null,null,null,null,null,null,null,null,null,null,null,null,null,null,null,null,null,null,null,null,null,null,null]}],"daily":[{"weather":[8.96,17.9],"tide":[null,null,null,null,null,null,null,null,null,null,null,null,null,null,null,null,null,null,null,null,null,null,null,null],"dailyEx":{"avg":null,"wave":null,"sunrise":null,"sunset":null}},{"weather":[0.95,18.6],"tide":[null,null,null,null,null,null,null,null,null,null,null,null,null,null,null,null,null,null,null,null,null,null,null,null],"dailyEx":{"avg":null,"wave":null,"sunrise":null,"sunset":null}},{"weather":[0.13,18.5],"tide":[null,null,null,null,null,null,null,null,null,null,null,null,null,null,null,null,null,null,null,null,null,null,null,null],"dailyEx":{"avg":null,"wave":null,"sunrise":null,"sunset":null}},{"weather":[0.15,19.56],"tide":[null,null,null,null,null,null,null,null,null,null,null,null,null,null,null,null,null,null,null,null,null,null,null,null],"dailyEx":{"avg":null,"wave":null,"sunrise":null,"sunset":null}},{"weather":[0.97,19.69],"tide":[null,null,null,null,null,null,null,null,null,null,null,null,null,null,null,null,null,null,null,null,null,null,null,null],"dailyEx":{"avg":null,"wave":null,"sunrise":null,"sunset":null}}]}
白糸マス釣りセンター,2026-10-05,{"hourly":[{"weather":[[1.19,16.59,0.32,0,9.35,null,null],[1.1,16.69,0.64,0,9.31,null,null],[1.42,16.86,0.06,0,8.99,null,null],[2.09,17.27,0.84,1.22,9.11,null,null],[1,18.25,2.53,4.23,9.47,null,null],[2.19,19.27,3.02,6.66,8.44,null,null],[1.48,19.88,2.87,8.22,8.28,null,null],[1.41,20.32,2.21,8.64,7.6,null,null],[0.61,19.99,1.71,6.91,7.71,null,null],[1,19.35,1.22,4.28,8.14,null,null],[1.41,19.31,0.26,3.33,7.71,null,null],[1.41,19.4,0.23,1.89,6.87,null,null]],"oneday":{"avg":null,"sunrise":null,"sunset":null},"tide":[null,null,null,null,null,null,null,null,null,null,null,null,null,null,null,null,null,null,null,null,null,null,null,null]},{"weather":[[1,19.43,0.82,0.39,5.96,null,null],[0.49,19.37,1.95,1.53,5.22,null,null],[0.49,19.38,0.69,2.14,5.09,null,null],[0.84,19.72,0.43,1.41,6.15,null,null],[0,21.44,1.57,0.99,6.4,null,null],[0.37,24.08,1.33,0.68,3.68,null,null],[0.52,25.22,0.71,0.77,4.23,null,null],[0.41,25.13,0,1.02,3.78,null,null],[0.41,23.86,0.39,2.49,3.51,null,null],[0.83,21.81,0.88,4.34,4.92,null,null],[1.32,20.84,0.98,5.65,5,null,null],[1.1,19.86,2.03,8.04,4.89,null,null]],"oneday":{"avg":null,"sunrise":null,"sunset":null},"tide":[null,null,null,null,null,null,null,null,null,null,null,null,null,null,null,null,null,null,null,null,null,null,null,null]},{"weather":[[0.9,19.09,6.59,12.42,4.09,null,null],[1.58,18.65,13.53,20.89,3.94,null,null],[2.01,18.74,13.76,28.43,3.63,null,null],[2.33,18.27,14.42,33.1,3.31,null,null],[2.07,18.72,16.46,34.1,3.78,null,null],[1.11,19.84,17.1,36.98,3.1,null,null],[0.32,20.88,15.37,41.32,4.28,null,null],[0,19.49,11.56,39.12,3.41,null,null],[27.48,17.69,7.6,34.99,2.68,null,null],[2.81,16.86,6.96,29.32,3.34,null,null],[2.68,16.64,9.23,16.58,2.49,null,null],[1.8,16.09,8.12,9.68,3.56,null,null]],"oneday":{"avg":null,"sunrise":null,"sunset":null},"tide":[null,null,null,null,null,null,null,null,null,null,null,null,null,null,null,null,null,null,null,null,null,null,null,null]}],"daily":[{"weather":[3,20.06],"tide":[null,null,null,null,null,null,null,null,null,null,null,null,null,null,null,null,null,null,null,null,null,null,null,null],"dailyEx":{"avg":null,"wave":null,"sunrise":null,"sunset":null}},{"weather":[6.51,20.1],"tide":[null,null,null,null,null,null,null,null,null,null,null,null,null,null,null,null,null,null,null,null,null,null,null,null],"dailyEx":{"avg":null,"wave":null,"sunrise":null,"sunset":null}},{"weather":[0.1,20.2],"tide":[null,null,null,null,null,null,null,null,null,null,null,null,null,null,null,null,null,null,null,null,null,null,null,null],"dailyEx":{"avg":null,"wave":null,"sunrise":null,"sunset":null}},{"weather":[0.69,21.04],"tide":[null,null,null,null,null,null,null,null,null,null,null,null,null,null,null,null,null,null,null,null,null,null,null,null],"dailyEx":{"avg":null,"wave":null,"sunrise":null,"sunset":null}},{"weather":[0.41,21.18],"tide":[null,null,null,null,null,null,null,null,null,null,null,null,null,null,null,null,null,null,null,null,null,null,null,null],"dailyEx":{"avg":null,"wave":null,"sunrise":null,"sunset":null}}]}
狩川渓谷ます釣り場,2026-10-05,{"hourly":[{"weather":[[1.88,12.95,0.12,0.35,8.91,null,null],[1.27,13.23,0.24,0.35,8.78,null,null],[1.12,13.28,0,0.17,8.47,null,null],[2.58,13.73,0.24,2.28,8.62,null,null],[9.74,14.86,0.75,9.67,9.36,null,null],[1.68,16.26,0.73,14.94,8.17,null,null],[1.44,17.19,0.61,16.95,8.2,null,null],[1.61,17.66,0.49,18.27,7.44,null,null],[0.88,17.16,0.49,14.58,7.55,null,null],[1,16.08,0.36,7.56,7.87,null,null],[1.44,15.95,0,7.03,7.73,null,null],[1.44,15.96,0,5.01,7.04,null,null]],"oneday":{"avg":null,"sunrise":null,"sunset":null},"tide":[null,null,null,null,null,null,null,null,null,null,null,null,null,null,null,null,null,null,null,null,null,null,null,null]},{"weather":[[1,16.02,0.12,1.76,5.93,null,null],[0.12,16.18,0.49,2.46,5.19,null,null],[0.12,16.45,0.12,3.43,4.98,null,null],[0.73,16.74,0,2.81,6.64,null,null],[0.17,19.17,0.24,2.2,7.11,null,null],[0,22.14,0.24,1.85,3.52,null,null],[0.44,23.67,0.12,2.11,4.24,null,null],[0.79,23.38,0,1.41,3.99,null,null],[0.79,21.56,0.12,2.81,3.06,null,null],[1,19.05,0.24,5.97,4.14,null,null],[0.95,17.94,0.24,9.04,4.76,null,null],[0.83,16.93,0.73,12.46,4.55,null,null]],"oneday":{"avg":null,"sunrise":null,"sunset":null},"tide":[null,null,null,null,null,null,null,null,null,null,null,null,null,null,null,null,null,null,null,null,null,null,null,null]},{"weather":[[0.56,16.01,2.31,17.99,4.91,null,null],[1.26,15.49,4.5,33.01,5.51,null,null],[1.38,15.42,3.77,45.14,5.76,null,null],[1.51,14.79,3.41,51.83,5.51,null,null],[1.38,15.71,4.01,54.91,5.56,null,null],[0.56,17.49,4.87,58.25,3.95,null,null],[0.12,18.96,4.62,61.78,4.4,null,null],[0,16.98,3.55,61.87,4.77,null,null],[45.16,14.66,2.31,57.52,3.28,null,null],[10.86,13.55,2.09,47.75,3.6,null,null],[2.3,13.33,2.68,26.77,2.43,null,null],[1.61,12.67,1.95,14.84,3.37,null,null]],"oneday":{"avg":null,"sunrise":null,"sunset":null},"tide":[null,null,null,null,null,null,null,null,null,null,null,null,null,null,null,null,null,null,null,null,null,null,null,null]}],"daily":[{"weather":[11.39,17.06],"tide":[null,null,null,null,null,null,null,null,null,null,null,null,null,null,null,null,null,null,null,null,null,null,null,null],"dailyEx":{"avg":null,"wave":null,"sunrise":null,"sunset":null}},{"weather":[1.33,17.86],"tide":[null,null,null,null,null,null,null,null,null,null,null,null,null,null,null,null,null,null,null,null,null,null,null,null],"dailyEx":{"avg":null,"wave":null,"sunrise":null,"sunset":null}},{"weather":[0.27,17.58],"tide":[null,null,null,null,null,null,null,null,null,null,null,null,null,null,null,null,null,null,null,null,null,null,null,null],"dailyEx":{"avg":null,"wave":null,"sunrise":null,"sunset":null}},{"weather":[0.12,18.77],"tide":[null,null,null,null,null,null,null,null,null,null,null,null,null,null,null,null,null,null,null,null,null,null,null,null],"dailyEx":{"avg":null,"wave":null,"sunrise":null,"sunset":null}},{"weather":[0.96,18.89],"tide":[null,null,null,null,null,null,null,null,null,null,null,null,null,null,null,null,null,null,null,null,null,null,null,null],"dailyEx":{"avg":null,"wave":null,"sunrise":null,"sunset":null}}]}
金太郎自然園,2026-10-05,{"hourly":[{"weather":[[1.91,12.81,0.12,0.36,8.79,null,null],[1.28,13.1,0.23,0.36,8.67,null,null],[1.12,13.14,0,0.18,8.37,null,null],[2.59,13.59,0.23,2.32,8.52,null,null],[9.89,14.73,0.71,9.89,9.28,null,null],[1.66,16.14,0.69,15.25,8.12,null,null],[1.43,17.08,0.58,17.21,8.15,null,null],[1.6,17.56,0.46,18.53,7.4,null,null],[0.88,17.05,0.46,14.79,7.49,null,null],[1,15.96,0.35,7.63,7.78,null,null],[1.43,15.83,0,7.18,7.67,null,null],[1.43,15.84,0,5.16,6.98,null,null]],"oneday":{"avg":null,"sunrise":null,"sunset":null},"tide":[null,null,null,null,null,null,null,null,null,null,null,null,null,null,null,null,null,null,null,null,null,null,null,null]},{"weather":[[1,15.89,0.12,1.82,5.86,null,null],[0.12,16.05,0.46,2.47,5.16,null,null],[0.12,16.32,0.12,3.46,4.94,null,null],[0.72,16.6,0,2.88,6.6,null,null],[0.18,19.07,0.23,2.28,7.1,null,null],[0,22.03,0.23,1.95,3.59,null,null],[0.43,23.57,0.12,2.22,4.31,null,null],[0.78,23.28,0,1.41,4.07,null,null],[0.78,21.45,0.12,2.75,3.13,null,null],[1,18.94,0.23,5.91,4.16,null,null],[0.94,17.82,0.23,9.04,4.76,null,null],[0.82,16.8,0.69,12.4,4.55,null,null]],"oneday":{"avg":null,"sunrise":null,"sunset":null},"tide":[null,null,null,null,null,null,null,null,null,null,null,null,null,null,null,null,null,null,null,null,null,null,null,null]},{"weather":[[0.54,15.89,2.2,17.8,4.95,null,null],[1.25,15.38,4.29,32.96,5.55,null,null],[1.36,15.28,3.59,45.21,5.84,null,null],[1.48,14.66,3.24,51.99,5.6,null,null],[1.36,15.6,3.82,55.16,5.63,null,null],[0.54,17.42,4.63,58.48,3.99,null,null],[0.12,18.9,4.4,61.91,4.37,null,null],[0,16.91,3.39,62.07,4.8,null,null],[45.44,14.57,2.21,57.67,3.27,null,null],[10.98,13.45,1.99,47.72,3.58,null,null],[2.27,13.23,2.55,26.72,2.43,null,null],[1.58,12.57,1.85,14.8,3.36,null,null]],"oneday":{"avg":null,"sunrise":null,"sunset":null},"tide":[null,null,null,null,null,null,null,null,null,null,null,null,null,null,null,null,null,null,null,null,null,null,null,null]}],"daily":[{"weather":[11.53,16.96],"tide":[null,null,null,null,null,null,null,null,null,null,null,null,null,null,null,null,null,null,null,null,null,null,null,null],"dailyEx":{"avg":null,"wave":null,"sunrise":null,"sunset":null}},{"weather":[1.36,17.77],"tide":[null,null,null,null,null,null,null,null,null,null,null,null,null,null,null,null,null,null,null,null,null,null,null,null],"dailyEx":{"avg":null,"wave":null,"sunrise":null,"sunset":null}},{"weather":[0.28,17.48],"tide":[null,null,null,null,null,null,null,null,null,null,null,null,null,null,null,null,null,null,null,null,null,null,null,null],"dailyEx":{"avg":null,"wave":null,"sunrise":null,"sunset":null}},{"weather":[0.12,18.68],"tide":[null,null,null,null,null,null,null,null,null,null,null,null,null,null,null,null,null,null,null,null,null,null,null,null],"dailyEx":{"avg":null,"wave":null,"sunrise":null,"sunset":null}},{"weather":[0.96,18.8],"tide":[null,null,null,null,null,null,null,null,null,null,null,null,null,null,null,null,null,null,null,null,null,null,null,null],"dailyEx":{"avg":null,"wave":null,"sunrise":null,"sunset":null}}]}
開成水辺フォレストスプリングス,2026-10-05,{"hourly":[{"weather":[[2.06,11.02,0,0,6.94,null,null],[1.54,11.34,0,0,7.06,null,null],[1,11.33,0.07,0,6.63,null,null],[2.93,11.77,0.22,2.92,6.82,null,null],[1,13.14,0.43,11.96,8.21,null,null],[1.54,14.59,0.65,17.8,7.74,null,null],[1.46,15.55,0.72,18.84,7.82,null,null],[1.39,16.05,0.58,19.24,7.2,null,null],[0.93,15.44,0.36,15.39,7.02,null,null],[1,14.25,0.29,8.49,6.7,null,null],[1.39,14.19,0.29,8.89,6.82,null,null],[1.39,14.12,0.14,6.65,5.77,null,null]],"oneday":{"avg":null,"sunrise":null,"sunset":null},"tide":[null,null,null,null,null,null,null,null,null,null,null,null,null,null,null,null,null,null,null,null,null,null,null,null]},{"weather":[[1,14.03,0.22,2.13,4.5,null,null],[0.07,14.03,0.29,2.78,4.22,null,null],[0.07,14.23,0.07,4.25,3.73,null,null],[0.39,14.33,0.14,3.98,5.41,null,null],[0,17.75,0.58,3.59,6.55,null,null],[0.07,20.64,0.65,3.73,4.42,null,null],[0.39,22,0.43,4.25,5.19,null,null],[0.39,21.79,0,1.86,5.1,null,null],[0.39,19.81,0.07,2.38,4.28,null,null],[0.93,17.14,0.14,5.02,4.28,null,null],[1,16.08,0.14,8.47,3.57,null,null],[1,15.1,0,10.31,2.84,null,null]],"oneday":{"avg":null,"sunrise":null,"sunset":null},"tide":[null,null,null,null,null,null,null,null,null,null,null,null,null,null,null,null,null,null,null,null,null,null,null,null]},{"weather":[[0.46,14.21,0.07,13.6,3.01,null,null],[1.46,13.84,0.43,30.05,4.19,null,null],[1.46,13.68,1.37,45.17,4.58,null,null],[1.46,13.05,2.16,55.78,4.11,null,null],[1.54,14.29,2.52,59.37,4.4,null,null],[0.46,16.44,2.09,63.88,3.31,null,null],[0,17.98,1.44,68.9,4.15,null,null],[0,16.18,0.96,65.85,4.49,null,null],[47.47,13.74,0.45,56.7,2.87,null,null],[1.94,12.25,0.29,42.49,4.09,null,null],[1.79,11.82,0.58,23.29,2.76,null,null],[1.33,11.17,1.15,13.63,3.62,null,null]],"oneday":{"avg":null,"sunrise":null,"sunset":null},"tide":[null,null,null,null,null,null,null,null,null,null,null,null,null,null,null,null,null,null,null,null,null,null,null,null]}],"daily":[{"weather":[3,15.88],"tide":[null,null,null,null,null,null,null,null,null,null,null,null,null,null,null,null,null,null,null,null,null,null,null,null],"dailyEx":{"avg":null,"wave":null,"sunrise":null,"sunset":null}},{"weather":[1.67,16.55],"tide":[null,null,null,null,null,null,null,null,null,null,null,null,null,null,null,null,null,null,null,null,null,null,null,null],"dailyEx":{"avg":null,"wave":null,"sunrise":null,"sunset":null}},{"weather":[0.54,16.25],"tide":[null,null,null,null,null,null,null,null,null,null,null,null,null,null,null,null,null,null,null,null,null,null,null,null],"dailyEx":{"avg":null,"wave":null,"sunrise":null,"sunset":null}},{"weather":[0.07,17.58],"tide":[null,null,null,null,null,null,null,null,null,null,null,null,null,null,null,null,null,null,null,null,null,null,null,null],"dailyEx":{"avg":null,"wave":null,"sunrise":null,"sunset":null}},{"weather":[0.39,17.71],"tide":[null,null,null,null,null,null,null,null,null,null,null,null,null,null,null,null,null,null,null,null,null,null,null,null],"dailyEx":{"avg":null,"wave":null,"sunrise":null,"sunset":null}}]}
寄清流マス釣り場,2026-10-05,{"hourly":[{"weather":[[2.31,10.44,0,0.15,6.33,null,null],[1.59,10.79,0,0.15,6.43,null,null],[1,10.76,0.05,0.07,6.12,null,null],[2.88,11.2,0.15,3.06,6.33,null,null],[4.63,12.53,0.31,13.2,7.74,null,null],[1.39,14.05,0.46,19.61,7.36,null,null],[1.34,15.09,0.51,20.42,7.44,null,null],[1.36,15.63,0.41,21.08,6.86,null,null],[0.95,15.02,0.26,16.84,6.59,null,null],[1,13.76,0.2,8.76,6.13,null,null],[1.29,13.67,0.2,9.62,6.4,null,null],[1.29,13.57,0.1,7.51,5.45,null,null]],"oneday":{"avg":null,"sunrise":null,"sunset":null},"tide":[null,null,null,null,null,null,null,null,null,null,null,null,null,null,null,null,null,null,null,null,null,null,null,null]},{"weather":[[1,13.47,0.15,2.62,4.21,null,null],[0.05,13.5,0.2,2.77,4.18,null,null],[0.05,13.79,0.05,4.24,3.67,null,null],[0.36,13.83,0.1,4.23,5.36,null,null],[0.07,17.33,0.41,3.86,6.56,null,null],[0.05,20.07,0.46,4.08,4.95,null,null],[0.29,21.56,0.31,4.66,5.68,null,null],[0.44,21.33,0,1.75,5.66,null,null],[0.44,19.34,0.05,1.84,4.62,null,null],[0.95,16.73,0.1,4.54,4.5,null,null],[0.93,15.6,0.1,8.4,3.92,null,null],[0.93,14.6,0,10.01,3.35,null,null]],"oneday":{"avg":null,"sunrise":null,"sunset":null},"tide":[null,null,null,null,null,null,null,null,null,null,null,null,null,null,null,null,null,null,null,null,null,null,null,null]},{"weather":[[0.34,13.73,0.05,12.58,3.93,null,null],[1.27,13.35,0.31,29.59,4.88,null,null],[1.27,13.04,0.97,44.69,5.54,null,null],[1.27,12.45,1.54,54.98,5.32,null,null],[1.32,13.81,1.79,59.2,5.39,null,null],[0.34,16.15,1.48,63.15,3.88,null,null],[0,17.76,1.02,66.67,3.88,null,null],[0,15.82,0.74,65.2,4.76,null,null],[48.49,13.36,0.37,56.95,2.77,null,null],[5.32,11.84,0.21,42.43,3.64,null,null],[1.66,11.36,0.41,23.15,2.63,null,null],[1.05,10.78,0.82,13.22,3.41,null,null]],"oneday":{"avg":null,"sunrise":null,"sunset":null},"tide":[null,null,null,null,null,null,null,null,null,null,null,null,null,null,null,null,null,null,null,null,null,null,null,null]}],"daily":[{"weather":[6.48,15.42],"tide":[null,null,null,null,null,null,null,null,null,null,null,null,null,null,null,null,null,null,null,null,null,null,null,null],"dailyEx":{"avg":null,"wave":null,"sunrise":null,"sunset":null}},{"weather":[1.87,16.21],"tide":[null,null,null,null,null,null,null,null,null,null,null,null,null,null,null,null,null,null,null,null,null,null,null,null],"dailyEx":{"avg":null,"wave":null,"sunrise":null,"sunset":null}},{"weather":[0.59,15.78],"tide":[null,null,null,null,null,null,null,null,null,null,null,null,null,null,null,null,null,null,null,null,null,null,null,null],"dailyEx":{"avg":null,"wave":null,"sunrise":null,"sunset":null}},{"weather":[0.05,17.18],"tide":[null,null,null,null,null,null,null,null,null,null,null,null,null,null,null,null,null,null,null,null,null,null,null,null],"dailyEx":{"avg":null,"wave":null,"sunrise":null,"sunset":null}},{"weather":[0.51,17.3],"tide":[null,null,null,null,null,null,null,null,null,null,null,null,null,null,null,null,null,null,null,null,null,null,null,null],"dailyEx":{"avg":null,"wave":null,"sunrise":null,"sunset":null}}]}
山北町立西丹沢溪流釣場,2026-10-05,{"hourly":[{"weather":[[2.75,9.76,0,0.55,5.52,null,null],[1.6,10.15,0,0.5,5.53,null,null],[1.08,10.09,0,0.23,5.43,null,null],[2.65,10.48,0,3.1,5.7,null,null],[12.43,11.8,0.02,14.57,6.86,null,null],[1.1,13.54,0,21.96,6.76,null,null],[1.13,14.74,0,22.97,6.82,null,null],[1.33,15.35,0,24.41,6.26,null,null],[1,14.74,0,19.61,5.71,null,null],[0.96,13.29,0,9.42,5.13,null,null],[1.1,13.09,0,10.68,5.7,null,null],[1.09,12.93,0,8.88,5.09,null,null]],"oneday":{"avg":null,"sunrise":null,"sunset":null},"tide":[null,null,null,null,null,null,null,null,null,null,null,null,null,null,null,null,null,null,null,null,null,null,null,null]},{"weather":[[0.96,12.82,0,3.8,4,null,null],[0.03,12.87,0,2.94,4.38,null,null],[0,13.31,0,4.06,3.8,null,null],[0.37,13.29,0,4.31,5.41,null,null],[0.26,16.74,0,4.14,6.67,null,null],[0.04,19.24,0,4.53,6.02,null,null],[0.18,20.95,0,5.1,6.71,null,null],[0.6,20.71,0,1.77,6.84,null,null],[0.6,18.69,0,1.15,5.46,null,null],[1,16.2,0,3.72,5.25,null,null],[0.86,14.88,0,7.94,5.19,null,null],[0.82,13.85,0,9.29,5.07,null,null]],"oneday":{"avg":null,"sunrise":null,"sunset":null},"tide":[null,null,null,null,null,null,null,null,null,null,null,null,null,null,null,null,null,null,null,null,null,null,null,null]},{"weather":[[0.18,13.03,0,10.78,6.36,null,null],[0.87,12.61,0,27.66,6.86,null,null],[0.87,12.03,0,41.65,7.99,null,null],[0.9,11.51,0,50.5,8.12,null,null],[0.87,13.1,0,55.79,7.75,null,null],[0.1,15.78,0,58.31,5.52,null,null],[0,17.57,0,58.42,3.91,null,null],[0,15.55,0.2,60.07,5.59,null,null],[47.09,13.14,0.14,54.54,2.98,null,null],[12.56,11.37,0.02,41.02,2.8,null,null],[1.35,10.78,0,22.46,2.61,null,null],[0.53,10.27,0,12.42,3.21,null,null]],"oneday":{"avg":null,"sunrise":null,"sunset":null},"tide":[null,null,null,null,null,null,null,null,null,null,null,null,null,null,null,null,null,null,null,null,null,null,null,null]}],"daily":[{"weather":[13.98,14.99],"tide":[null,null,null,null,null,null,null,null,null,null,null,null,null,null,null,null,null,null,null,null,null,null,null,null],"dailyEx":{"avg":null,"wave":null,"sunrise":null,"sunset":null}},{"weather":[2.15,16.07],"tide":[null,null,null,null,null,null,null,null,null,null,null,null,null,null,null,null,null,null,null,null,null,null,null,null],"dailyEx":{"avg":null,"wave":null,"sunrise":null,"sunset":null}},{"weather":[0.78,15.39],"tide":[null,null,null,null,null,null,null,null,null,null,null,null,null,null,null,null,null,null,null,null,null,null,null,null],"dailyEx":{"avg":null,"wave":null,"sunrise":null,"sunset":null}},{"weather":[0,16.94],"tide":[null,null,null,null,null,null,null,null,null,null,null,null,null,null,null,null,null,null,null,null,null,null,null,null],"dailyEx":{"avg":null,"wave":null,"sunrise":null,"sunset":null}},{"weather":[0.79,16.94],"tide":[null,null,null,null,null,null,null,null,null,null,null,null,null,null,null,null,null,null,null,null,null,null,null,null],"dailyEx":{"avg":null,"wave":null,"sunrise":null,"sunset":null}}]}
うらたんざわ渓流釣場,2026-10-05,{"hourly":[{"weather":[[2.96,10.98,0,0.92,4.09,null,null],[1.76,11.29,0,0.88,4.11,null,null],[1.07,11.21,0,0.42,4.12,null,null],[2.47,11.51,0,2.94,4.34,null,null],[9.72,12.92,0.02,14.89,5.02,null,null],[1.25,14.78,0,22.69,4.99,null,null],[1.28,16,0,23.92,5.65,null,null],[1.17,16.68,0,26.19,5.43,null,null],[1,16.1,0,20.99,4.88,null,null],[0.96,14.6,0,9.24,3.61,null,null],[1.25,14.32,0,10.56,4.43,null,null],[0.99,14.13,0,9.05,4.04,null,null]],"oneday":{"avg":null,"sunrise":null,"sunset":null},"tide":[null,null,null,null,null,null,null,null,null,null,null,null,null,null,null,null,null,null,null,null,null,null,null,null]},{"weather":[[0.96,13.86,0,4.2,3.45,null,null],[0.03,13.73,0,2.74,4.08,null,null],[0,13.91,0,3.6,3.57,null,null],[0.21,13.9,0,3.98,4.67,null,null],[0.45,17.57,0,3.71,5.16,null,null],[0.04,20.42,0,3.92,5.51,null,null],[0.07,22.33,0,4.4,7.36,null,null],[0.38,22.16,0,1.38,7.57,null,null],[0.63,20.09,0,0.72,6.02,null,null],[1,17.59,0,3.67,5.16,null,null],[0.91,16.12,0,8.22,4.46,null,null],[0.87,14.95,0,10.19,4.34,null,null]],"oneday":{"avg":null,"sunrise":null,"sunset":null},"tide":[null,null,null,null,null,null,null,null,null,null,null,null,null,null,null,null,null,null,null,null,null,null,null,null]},{"weather":[[0.07,14.14,0,12.06,5.34,null,null],[0.83,13.55,0,28.94,6.41,null,null],[0.83,12.8,0,41.31,7.28,null,null],[0.86,12.34,0,47.59,7.43,null,null],[0.58,14.46,0,53.39,7.12,null,null],[0,17.46,0,54.6,4.78,null,null],[0,19.27,0,52.04,3.95,null,null],[0,17.71,0.13,57.4,6.27,null,null],[34.89,15.27,0.1,55.68,3.96,null,null],[9.15,13.05,0.02,44.18,2.05,null,null],[0.85,12.02,0,24.38,2.09,null,null],[0.42,11.21,0,12.65,3.31,null,null]],"oneday":{"avg":null,"sunrise":null,"sunset":null},"tide":[null,null,null,null,null,null,null,null,null,null,null,null,null,null,null,null,null,null,null,null,null,null,null,null]}],"daily":[{"weather":[11.13,16.4],"tide":[null,null,null,null,null,null,null,null,null,null,null,null,null,null,null,null,null,null,null,null,null,null,null,null],"dailyEx":{"avg":null,"wave":null,"sunrise":null,"sunset":null}},{"weather":[2.32,17.27],"tide":[null,null,null,null,null,null,null,null,null,null,null,null,null,null,null,null,null,null,null,null,null,null,null,null],"dailyEx":{"avg":null,"wave":null,"sunrise":null,"sunset":null}},{"weather":[1.43,16.79],"tide":[null,null,null,null,null,null,null,null,null,null,null,null,null,null,null,null,null,null,null,null,null,null,null,null],"dailyEx":{"avg":null,"wave":null,"sunrise":null,"sunset":null}},{"weather":[0,18.19],"tide":[null,null,null,null,null,null,null,null,null,null,null,null,null,null,null,null,null,null,null,null,null,null,null,null],"dailyEx":{"avg":null,"wave":null,"sunrise":null,"sunset":null}},{"weather":[0.51,18.31],"tide":[null,null,null,null,null,null,null,null,null,null,null,null,null,null,null,null,null,null,null,null,null,null,null,null],"dailyEx":{"avg":null,"wave":null,"sunrise":null,"sunset":null}}]}
神之川キャンプマス釣場,2026-10-05,{"hourly":[{"weather":[[2.96,11.18,0,0.96,4.06,null,null],[1.76,11.48,0,0.92,4.07,null,null],[1.07,11.39,0,0.44,4.08,null,null],[2.45,11.69,0,2.9,4.3,null,null],[9.49,13.11,0.02,14.79,4.91,null,null],[1.27,14.98,0,22.6,4.86,null,null],[1.3,16.19,0,23.9,5.58,null,null],[1.16,16.88,0,26.27,5.38,null,null],[1,16.31,0,21.05,4.85,null,null],[0.96,14.8,0,9.2,3.54,null,null],[1.27,14.51,0,10.46,4.37,null,null],[0.99,14.32,0,8.97,4.01,null,null]],"oneday":{"avg":null,"sunrise":null,"sunset":null},"tide":[null,null,null,null,null,null,null,null,null,null,null,null,null,null,null,null,null,null,null,null,null,null,null,null]},{"weather":[[0.96,14.04,0,4.19,3.47,null,null],[0.03,13.9,0,2.72,4.09,null,null],[0,14.04,0,3.54,3.59,null,null],[0.21,14.05,0,3.9,4.65,null,null],[0.47,17.71,0,3.61,5.03,null,null],[0.04,20.62,0,3.78,5.39,null,null],[0.07,22.55,0,4.24,7.36,null,null],[0.37,22.38,0,1.34,7.56,null,null],[0.64,20.31,0,0.73,6.01,null,null],[1,17.79,0,3.75,5.12,null,null],[0.92,16.32,0,8.3,4.4,null,null],[0.88,15.13,0,10.41,4.28,null,null]],"oneday":{"avg":null,"sunrise":null,"sunset":null},"tide":[null,null,null,null,null,null,null,null,null,null,null,null,null,null,null,null,null,null,null,null,null,null,null,null]},{"weather":[[0.07,14.31,0,12.46,5.23,null,null],[0.84,13.7,0,29.3,6.37,null,null],[0.84,12.95,0,41.46,7.19,null,null],[0.87,12.49,0,47.39,7.33,null,null],[0.56,14.66,0,53.2,7.03,null,null],[0,17.67,0,54.28,4.69,null,null],[0,19.48,0,51.52,3.99,null,null],[0,17.97,0.12,57.25,6.35,null,null],[33.65,15.52,0.1,55.98,4.09,null,null],[8.87,13.27,0.02,44.82,2,null,null],[0.82,12.2,0,24.79,2.04,null,null],[0.44,11.36,0,12.8,3.33,null,null]],"oneday":{"avg":null,"sunrise":null,"sunset":null},"tide":[null,null,null,null,null,null,null,null,null,null,null,null,null,null,null,null,null,null,null,null,null,null,null,null]}],"daily":[{"weather":[10.89,16.59],"tide":[null,null,null,null,null,null,null,null,null,null,null,null,null,null,null,null,null,null,null,null,null,null,null,null],"dailyEx":{"avg":null,"wave":null,"sunrise":null,"sunset":null}},{"weather":[2.31,17.44],"tide":[null,null,null,null,null,null,null,null,null,null,null,null,null,null,null,null,null,null,null,null,null,null,null,null],"dailyEx":{"avg":null,"wave":null,"sunrise":null,"sunset":null}},{"weather":[1.48,16.99],"tide":[null,null,null,null,null,null,null,null,null,null,null,null,null,null,null,null,null,null,null,null,null,null,null,null],"dailyEx":{"avg":null,"wave":null,"sunrise":null,"sunset":null}},{"weather":[0,18.37],"tide":[null,null,null,null,null,null,null,null,null,null,null,null,null,null,null,null,null,null,null,null,null,null,null,null],"dailyEx":{"avg":null,"wave":null,"sunrise":null,"sunset":null}},{"weather":[0.49,18.51],"tide":[null,null,null,null,null,null,null,null,null,null,null,null,null,null,null,null,null,null,null,null,null,null,null,null],"dailyEx":{"avg":null,"wave":null,"sunrise":null,"sunset":null}}]}
青根遊漁場,2026-10-05,{"hourly":[{"weather":[[2.85,11.48,0,0.83,3.9,null,null],[1.82,11.75,0,0.79,3.97,null,null],[1.07,11.68,0,0.37,3.88,null,null],[2.51,11.96,0,2.92,4.06,null,null],[3.84,13.45,0,14.46,4.74,null,null],[1.38,15.28,0,22.04,4.78,null,null],[1.41,16.42,0,23.36,5.65,null,null],[1.11,17.08,0,25.47,5.51,null,null],[1,16.51,0,20.42,5,null,null],[0.96,15.04,0,9.21,3.51,null,null],[1.38,14.79,0,10.33,4.31,null,null],[1.04,14.6,0,8.72,3.79,null,null]],"oneday":{"avg":null,"sunrise":null,"sunset":null},"tide":[null,null,null,null,null,null,null,null,null,null,null,null,null,null,null,null,null,null,null,null,null,null,null,null]},{"weather":[[0.96,14.27,0,3.96,3.27,null,null],[0.03,14.02,0,2.78,3.83,null,null],[0,14.02,0,3.68,3.28,null,null],[0.15,14.03,0,3.94,4.25,null,null],[0.4,17.85,0,3.66,4.55,null,null],[0.04,20.92,0,3.84,5.08,null,null],[0.13,22.73,0,4.31,7.37,null,null],[0.2,22.61,0,1.46,7.55,null,null],[0.52,20.54,0,1,6.09,null,null],[1,17.97,0,3.95,4.92,null,null],[1.03,16.56,0,8.34,3.64,null,null],[0.99,15.35,0,10.39,3.28,null,null]],"oneday":{"avg":null,"sunrise":null,"sunset":null},"tide":[null,null,null,null,null,null,null,null,null,null,null,null,null,null,null,null,null,null,null,null,null,null,null,null]},{"weather":[[0.13,14.52,0,12.6,3.74,null,null],[1.01,13.92,0,29.44,5.25,null,null],[1.01,13.24,0,42.09,5.85,null,null],[1.03,12.76,0,48.79,5.8,null,null],[0.68,14.98,0,54.32,5.8,null,null],[0.06,17.93,0,55.91,3.89,null,null],[0,19.68,0,54.25,4.14,null,null],[0,18.43,0.11,58.66,6.19,null,null],[31.24,15.99,0.07,56.19,4.23,null,null],[3.24,13.6,0,44.53,2.34,null,null],[0.77,12.44,0,24.61,2.13,null,null],[0.54,11.5,0,12.98,3.56,null,null]],"oneday":{"avg":null,"sunrise":null,"sunset":null},"tide":[null,null,null,null,null,null,null,null,null,null,null,null,null,null,null,null,null,null,null,null,null,null,null,null]}],"daily":[{"weather":[5.42,16.87],"tide":[null,null,null,null,null,null,null,null,null,null,null,null,null,null,null,null,null,null,null,null,null,null,null,null],"dailyEx":{"avg":null,"wave":null,"sunrise":null,"sunset":null}},{"weather":[2.32,17.58],"tide":[null,null,null,null,null,null,null,null,null,null,null,null,null,null,null,null,null,null,null,null,null,null,null,null],"dailyEx":{"avg":null,"wave":null,"sunrise":null,"sunset":null}},{"weather":[1.64,17.27],"tide":[null,null,null,null,null,null,null,null,null,null,null,null,null,null,null,null,null,null,null,null,null,null,null,null],"dailyEx":{"avg":null,"wave":null,"sunrise":null,"sunset":null}},{"weather":[0,18.6],"tide":[null,null,null,null,null,null,null,null,null,null,null,null,null,null,null,null,null,null,null,null,null,null,null,null],"dailyEx":{"avg":null,"wave":null,"sunrise":null,"sunset":null}},{"weather":[0.21,18.77],"tide":[null,null,null,null,null,null,null,null,null,null,null,null,null,null,null,null,null,null,null,null,null,null,null,null],"dailyEx":{"avg":null,"wave":null,"sunrise":null,"sunset":null}}]}
大山フィッシングセンター,2026-10-05,{"hourly":[{"weather":[[2.28,11.66,0,0,4.28,null,null],[1.6,11.87,0,0,4.64,null,null],[1.04,11.81,0.31,0,4.43,null,null],[2.65,12.22,0.93,2.57,4.75,null,null],[1,13.64,1.87,11.23,6.01,null,null],[1.67,15.09,2.8,16.32,6.28,null,null],[1.4,16.07,3.11,16.02,6.13,null,null],[1.05,16.79,2.49,16.03,5.74,null,null],[0.69,16.14,1.55,12.81,5.1,null,null],[1,15,1.24,6.53,4.27,null,null],[1.05,14.88,1.24,8.16,4.74,null,null],[1.09,14.73,0.62,6.77,3.95,null,null]],"oneday":{"avg":null,"sunrise":null,"sunset":null},"tide":[null,null,null,null,null,null,null,null,null,null,null,null,null,null,null,null,null,null,null,null,null,null,null,null]},{"weather":[[1,14.52,0.93,2.47,3.02,null,null],[0.35,14.38,1.24,2.11,3.58,null,null],[0.31,14.52,0.31,3.31,3.08,null,null],[0.05,14.46,0.62,3.67,4.21,null,null],[0.04,18.21,2.49,3.83,5.78,null,null],[0.31,20.61,2.8,4.55,6.2,null,null],[0.09,22,1.87,5.1,6.43,null,null],[0.05,21.96,0,1.38,6.54,null,null],[0.05,20.08,0.31,0.31,6.22,null,null],[0.69,17.66,0.62,1.79,5.81,null,null],[1,16.41,0.62,4.86,4.43,null,null],[1,15.47,0,4.53,3.92,null,null]],"oneday":{"avg":null,"sunrise":null,"sunset":null},"tide":[null,null,null,null,null,null,null,null,null,null,null,null,null,null,null,null,null,null,null,null,null,null,null,null]},{"weather":[[0.4,14.83,0.31,3.87,4.51,null,null],[1.36,14.52,1.87,16.11,4.94,null,null],[1.36,13.99,5.91,27.93,5.59,null,null],[1.4,13.63,9.33,37.22,5.3,null,null],[1.67,15.12,10.89,41.18,5.21,null,null],[0.36,17.81,9.02,43.87,4.04,null,null],[0,19.32,6.22,45.23,3.22,null,null],[0,17.56,3.22,43.36,3.81,null,null],[33.57,15.22,1.62,35.52,2.01,null,null],[1.68,13.54,1.24,23.03,2.53,null,null],[1.06,12.8,2.49,12.22,2.46,null,null],[0.77,12.3,4.97,7.5,3.46,null,null]],"oneday":{"avg":null,"sunrise":null,"sunset":null},"tide":[null,null,null,null,null,null,null,null,null,null,null,null,null,null,null,null,null,null,null,null,null,null,null,null]}],"daily":[{"weather":[3,17.39],"tide":[null,null,null,null,null,null,null,null,null,null,null,null,null,null,null,null,null,null,null,null,null,null,null,null],"dailyEx":{"avg":null,"wave":null,"sunrise":null,"sunset":null}},{"weather":[2.1,17.47],"tide":[null,null,null,null,null,null,null,null,null,null,null,null,null,null,null,null,null,null,null,null,null,null,null,null],"dailyEx":{"avg":null,"wave":null,"sunrise":null,"sunset":null}},{"weather":[0.72,17.22],"tide":[null,null,null,null,null,null,null,null,null,null,null,null,null,null,null,null,null,null,null,null,null,null,null,null],"dailyEx":{"avg":null,"wave":null,"sunrise":null,"sunset":null}},{"weather":[0.31,18.42],"tide":[null,null,null,null,null,null,null,null,null,null,null,null,null,null,null,null,null,null,null,null,null,null,null,null],"dailyEx":{"avg":null,"wave":null,"sunrise":null,"sunset":null}},{"weather":[0.05,18.64],"tide":[null,null,null,null,null,null,null,null,null,null,null,null,null,null,null,null,null,null,null,null,null,null,null,null],"dailyEx":{"avg":null,"wave":null,"sunrise":null,"sunset":null}}]}
日向渓谷マス釣り場,2026-10-05,{"hourly":[{"weather":[[2.37,11.6,0,0,4.25,null,null],[1.6,11.82,0,0,4.63,null,null],[1.08,11.74,0.27,0,4.41,null,null],[2.64,12.14,0.82,2.65,4.73,null,null],[1,13.54,1.65,11.48,6.01,null,null],[1.59,15.03,2.48,16.71,6.34,null,null],[1.4,16.03,2.75,16.43,6.19,null,null],[1.04,16.75,2.2,16.39,5.78,null,null],[0.73,16.11,1.37,13.1,5.1,null,null],[1,14.95,1.1,6.67,4.23,null,null],[1.04,14.83,1.1,8.35,4.72,null,null],[1.12,14.67,0.55,6.94,3.93,null,null]],"oneday":{"avg":null,"sunrise":null,"sunset":null},"tide":[null,null,null,null,null,null,null,null,null,null,null,null,null,null,null,null,null,null,null,null,null,null,null,null]},{"weather":[[1,14.45,0.82,2.57,3.02,null,null],[0.36,14.3,1.1,2.26,3.6,null,null],[0.27,14.43,0.27,3.42,3.05,null,null],[0.04,14.34,0.55,3.69,4.21,null,null],[0.08,18.08,2.2,4.06,5.82,null,null],[0.27,20.54,2.48,4.94,6.4,null,null],[0.12,21.94,1.65,5.46,6.75,null,null],[0.04,21.95,0,1.45,6.9,null,null],[0.04,20.06,0.27,0.25,6.49,null,null],[0.73,17.62,0.55,1.79,6.01,null,null],[1,16.37,0.55,4.87,4.57,null,null],[1,15.43,0,4.44,4.06,null,null]],"oneday":{"avg":null,"sunrise":null,"sunset":null},"tide":[null,null,null,null,null,null,null,null,null,null,null,null,null,null,null,null,null,null,null,null,null,null,null,null]},{"weather":[[0.4,14.78,0.27,3.62,4.7,null,null],[1.32,14.47,1.65,15.96,5.16,null,null],[1.32,13.93,5.23,28.1,5.86,null,null],[1.4,13.56,8.26,37.91,5.56,null,null],[1.59,15.07,9.63,42.22,5.43,null,null],[0.32,17.8,7.98,44.88,4.28,null,null],[0,19.35,5.5,45.84,3.4,null,null],[0,17.64,2.86,43.61,3.92,null,null],[33.35,15.34,1.44,35.45,2.05,null,null],[1.55,13.54,1.1,22.8,2.55,null,null],[1,12.78,2.2,12.22,2.64,null,null],[0.67,12.29,4.4,7.79,3.7,null,null]],"oneday":{"avg":null,"sunrise":null,"sunset":null},"tide":[null,null,null,null,null,null,null,null,null,null,null,null,null,null,null,null,null,null,null,null,null,null,null,null]}],"daily":[{"weather":[3,17.3],"tide":[null,null,null,null,null,null,null,null,null,null,null,null,null,null,null,null,null,null,null,null,null,null,null,null],"dailyEx":{"avg":null,"wave":null,"sunrise":null,"sunset":null}},{"weather":[2.08,17.47],"tide":[null,null,null,null,null,null,null,null,null,null,null,null,null,null,null,null,null,null,null,null,null,null,null,null],"dailyEx":{"avg":null,"wave":null,"sunrise":null,"sunset":null}},{"weather":[0.85,17.21],"tide":[null,null,null,null,null,null,null,null,null,null,null,null,null,null,null,null,null,null,null,null,null,null,null,null],"dailyEx":{"avg":null,"wave":null,"sunrise":null,"sunset":null}},{"weather":[0.27,18.44],"tide":[null,null,null,null,null,null,null,null,null,null,null,null,null,null,null,null,null,null,null,null,null,null,null,null],"dailyEx":{"avg":null,"wave":null,"sunrise":null,"sunset":null}},{"weather":[0.04,18.63],"tide":[null,null,null,null,null,null,null,null,null,null,null,null,null,null,null,null,null,null,null,null,null,null,null,null],"dailyEx":{"avg":null,"wave":null,"sunrise":null,"sunset":null}}]}
伊勢原鱒釣場,2026-10-05,{"hourly":[{"weather":[[2.31,11.73,0,0,4.12,null,null],[1.6,11.93,0,0,4.5,null,null],[1.06,11.86,0.32,0,4.3,null,null],[2.62,12.27,0.95,2.56,4.63,null,null],[1,13.68,1.91,11.19,5.88,null,null],[1.66,15.15,2.86,16.25,6.21,null,null],[1.4,16.13,3.18,15.87,6.04,null,null],[1.03,16.86,2.55,15.84,5.66,null,null],[0.68,16.22,1.59,12.66,4.98,null,null],[1,15.07,1.27,6.41,4.11,null,null],[1.03,14.95,1.27,8.12,4.61,null,null],[1.09,14.79,0.63,6.79,3.84,null,null]],"oneday":{"avg":null,"sunrise":null,"sunset":null},"tide":[null,null,null,null,null,null,null,null,null,null,null,null,null,null,null,null,null,null,null,null,null,null,null,null]},{"weather":[[1,14.57,0.95,2.5,2.94,null,null],[0.38,14.42,1.27,2.11,3.56,null,null],[0.32,14.55,0.32,3.27,3.04,null,null],[0.03,14.47,0.63,3.63,4.14,null,null],[0.06,18.23,2.55,3.89,5.74,null,null],[0.32,20.62,2.86,4.7,6.36,null,null],[0.09,22.02,1.91,5.24,6.6,null,null],[0.03,22.01,0,1.37,6.73,null,null],[0.03,20.13,0.32,0.16,6.42,null,null],[0.68,17.72,0.63,1.58,5.98,null,null],[1,16.45,0.63,4.61,4.54,null,null],[1,15.52,0,4.12,4.05,null,null]],"oneday":{"avg":null,"sunrise":null,"sunset":null},"tide":[null,null,null,null,null,null,null,null,null,null,null,null,null,null,null,null,null,null,null,null,null,null,null,null]},{"weather":[[0.4,14.89,0.32,3.18,4.68,null,null],[1.34,14.59,1.91,15.12,5.07,null,null],[1.34,14.04,6.04,26.76,5.74,null,null],[1.4,13.69,9.54,36.08,5.45,null,null],[1.66,15.2,11.13,40.16,5.33,null,null],[0.34,17.93,9.22,42.71,4.16,null,null],[0,19.45,6.36,43.7,3.22,null,null],[0,17.71,3.28,41.79,3.79,null,null],[32.43,15.39,1.65,33.98,1.97,null,null],[1.63,13.67,1.27,21.63,2.43,null,null],[1,12.9,2.55,11.47,2.5,null,null],[0.72,12.41,5.08,7.18,3.53,null,null]],"oneday":{"avg":null,"sunrise":null,"sunset":null},"tide":[null,null,null,null,null,null,null,null,null,null,null,null,null,null,null,null,null,null,null,null,null,null,null,null]}],"daily":[{"weather":[3,17.5],"tide":[null,null,null,null,null,null,null,null,null,null,null,null,null,null,null,null,null,null,null,null,null,null,null,null],"dailyEx":{"avg":null,"wave":null,"sunrise":null,"sunset":null}},{"weather":[2.11,17.56],"tide":[null,null,null,null,null,null,null,null,null,null,null,null,null,null,null,null,null,null,null,null,null,null,null,null],"dailyEx":{"avg":null,"wave":null,"sunrise":null,"sunset":null}},{"weather":[0.77,17.33],"tide":[null,null,null,null,null,null,null,null,null,null,null,null,null,null,null,null,null,null,null,null,null,null,null,null],"dailyEx":{"avg":null,"wave":null,"sunrise":null,"sunset":null}},{"weather":[0.32,18.52],"tide":[null,null,null,null,null,null,null,null,null,null,null,null,null,null,null,null,null,null,null,null,null,null,null,null],"dailyEx":{"avg":null,"wave":null,"sunrise":null,"sunset":null}},{"weather":[0.03,18.73],"tide":[null,null,null,null,null,null,null,null,null,null,null,null,null,null,null,null,null,null,null,null,null,null,null,null],"dailyEx":{"avg":null,"wave":null,"sunrise":null,"sunset":null}}]}
みのげマス釣りセンター,2026-10-05,{"hourly":[{"weather":[[2.34,11.27,0,0,4.48,null,null],[1.62,11.52,0,0,4.81,null,null],[1.05,11.45,0.25,0,4.58,null,null],[2.7,11.86,0.74,2.75,4.88,null,null],[1,13.27,1.48,11.9,6.23,null,null],[1.57,14.74,2.21,17.35,6.47,null,null],[1.38,15.74,2.46,17.17,6.37,null,null],[1.08,16.43,1.97,17.2,5.95,null,null],[0.75,15.78,1.23,13.75,5.33,null,null],[1,14.61,0.98,7.07,4.49,null,null],[1.08,14.51,0.98,8.67,4.96,null,null],[1.13,14.36,0.49,7.13,4.1,null,null]],"oneday":{"avg":null,"sunrise":null,"sunset":null},"tide":[null,null,null,null,null,null,null,null,null,null,null,null,null,null,null,null,null,null,null,null,null,null,null,null]},{"weather":[[1,14.15,0.74,2.58,3.1,null,null],[0.3,14.02,0.98,2.32,3.61,null,null],[0.25,14.18,0.25,3.59,3.06,null,null],[0.08,14.11,0.49,3.88,4.31,null,null],[0.05,17.87,1.97,4.05,5.87,null,null],[0.25,20.34,2.21,4.79,6.15,null,null],[0.13,21.73,1.48,5.36,6.54,null,null],[0.08,21.7,0,1.51,6.65,null,null],[0.08,19.79,0.25,0.5,6.15,null,null],[0.75,17.33,0.49,2.18,5.67,null,null],[1,16.1,0.49,5.44,4.3,null,null],[1,15.15,0,5.28,3.75,null,null]],"oneday":{"avg":null,"sunrise":null,"sunset":null},"tide":[null,null,null,null,null,null,null,null,null,null,null,null,null,null,null,null,null,null,null,null,null,null,null,null]},{"weather":[[0.38,14.47,0.25,4.91,4.33,null,null],[1.33,14.16,1.48,18.18,4.88,null,null],[1.33,13.66,4.67,30.96,5.58,null,null],[1.38,13.25,7.37,40.96,5.3,null,null],[1.57,14.75,8.6,45.17,5.26,null,null],[0.33,17.41,7.12,48.16,4.07,null,null],[0,18.95,4.91,49.82,3.37,null,null],[0,17.2,2.58,47.66,4,null,null],[36.36,14.85,1.3,39.23,2.11,null,null],[1.61,13.12,0.98,25.93,2.76,null,null],[1.12,12.4,1.97,13.86,2.59,null,null],[0.74,11.9,3.93,8.52,3.55,null,null]],"oneday":{"avg":null,"sunrise":null,"sunset":null},"tide":[null,null,null,null,null,null,null,null,null,null,null,null,null,null,null,null,null,null,null,null,null,null,null,null]}],"daily":[{"weather":[3,16.88],"tide":[null,null,null,null,null,null,null,null,null,null,null,null,null,null,null,null,null,null,null,null,null,null,null,null],"dailyEx":{"avg":null,"wave":null,"sunrise":null,"sunset":null}},{"weather":[2.1,17.12],"tide":[null,null,null,null,null,null,null,null,null,null,null,null,null,null,null,null,null,null,null,null,null,null,null,null],"dailyEx":{"avg":null,"wave":null,"sunrise":null,"sunset":null}},{"weather":[0.77,16.83],"tide":[null,null,null,null,null,null,null,null,null,null,null,null,null,null,null,null,null,null,null,null,null,null,null,null],"dailyEx":{"avg":null,"wave":null,"sunrise":null,"sunset":null}},{"weather":[0.25,18.09],"tide":[null,null,null,null,null,null,null,null,null,null,null,null,null,null,null,null,null,null,null,null,null,null,null,null],"dailyEx":{"avg":null,"wave":null,"sunrise":null,"sunset":null}},{"weather":[0.08,18.28],"tide":[null,null,null,null,null,null,null,null,null,null,null,null,null,null,null,null,null,null,null,null,null,null,null,null],"dailyEx":{"avg":null,"wave":null,"sunrise":null,"sunset":null}}]}
フリックフィッシングフィールド,2026-10-05,{"hourly":[{"weather":[[2.54,10.77,0,0,4.45,null,null],[1.66,11.07,0,0,4.8,null,null],[1.11,10.98,0.15,0,4.54,null,null],[2.74,11.36,0.44,3.03,4.83,null,null],[1,12.74,0.88,12.96,6.3,null,null],[1.37,14.3,1.31,18.91,6.65,null,null],[1.34,15.35,1.46,18.8,6.58,null,null],[1.08,16,1.17,18.77,6.12,null,null],[0.85,15.37,0.73,14.99,5.45,null,null],[1,14.15,0.58,7.72,4.51,null,null],[1.08,14.05,0.58,9.46,5.02,null,null],[1.19,13.89,0.29,7.77,4.1,null,null]],"oneday":{"avg":null,"sunrise":null,"sunset":null},"tide":[null,null,null,null,null,null,null,null,null,null,null,null,null,null,null,null,null,null,null,null,null,null,null,null]},{"weather":[[1,13.67,0.44,2.87,3.08,null,null],[0.26,13.53,0.58,2.67,3.61,null,null],[0.15,13.68,0.15,3.97,2.94,null,null],[0.08,13.56,0.29,4.13,4.31,null,null],[0.11,17.36,1.17,4.6,5.97,null,null],[0.15,19.92,1.31,5.62,6.48,null,null],[0.19,21.34,0.88,6.17,7.15,null,null],[0.08,21.37,0,1.71,7.32,null,null],[0.08,19.45,0.15,0.5,6.54,null,null],[0.85,16.93,0.29,2.37,5.87,null,null],[1,15.71,0.29,5.84,4.39,null,null],[1,14.75,0,5.57,3.8,null,null]],"oneday":{"avg":null,"sunrise":null,"sunset":null},"tide":[null,null,null,null,null,null,null,null,null,null,null,null,null,null,null,null,null,null,null,null,null,null,null,null]},{"weather":[[0.34,14.03,0.15,5.05,4.46,null,null],[1.23,13.71,0.88,19.28,5.13,null,null],[1.23,13.2,2.77,33.34,5.95,null,null],[1.34,12.75,4.37,44.69,5.71,null,null],[1.37,14.31,5.1,49.62,5.64,null,null],[0.23,17.02,4.23,52.76,4.43,null,null],[0,18.65,2.92,54.04,3.7,null,null],[0,16.97,1.59,51.2,4.3,null,null],[38.27,14.67,0.8,41.8,2.22,null,null],[1.35,12.73,0.58,27.49,2.94,null,null],[1.06,11.97,1.17,14.89,2.92,null,null],[0.54,11.51,2.33,9.56,3.93,null,null]],"oneday":{"avg":null,"sunrise":null,"sunset":null},"tide":[null,null,null,null,null,null,null,null,null,null,null,null,null,null,null,null,null,null,null,null,null,null,null,null]}],"daily":[{"weather":[3,16.28],"tide":[null,null,null,null,null,null,null,null,null,null,null,null,null,null,null,null,null,null,null,null,null,null,null,null],"dailyEx":{"avg":null,"wave":null,"sunrise":null,"sunset":null}},{"weather":[2.13,16.77],"tide":[null,null,null,null,null,null,null,null,null,null,null,null,null,null,null,null,null,null,null,null,null,null,null,null],"dailyEx":{"avg":null,"wave":null,"sunrise":null,"sunset":null}},{"weather":[0.99,16.42],"tide":[null,null,null,null,null,null,null,null,null,null,null,null,null,null,null,null,null,null,null,null,null,null,null,null],"dailyEx":{"avg":null,"wave":null,"sunrise":null,"sunset":null}},{"weather":[0.15,17.79],"tide":[null,null,null,null,null,null,null,null,null,null,null,null,null,null,null,null,null,null,null,null,null,null,null,null],"dailyEx":{"avg":null,"wave":null,"sunrise":null,"sunset":null}},{"weather":[0.08,17.91],"tide":[null,null,null,null,null,null,null,null,null,null,null,null,null,null,null,null,null,null,null,null,null,null,null,null],"dailyEx":{"avg":null,"wave":null,"sunrise":null,"sunset":null}}]}
谷太郎川ます釣場,2026-10-05,{"hourly":[{"weather":[[2.47,11.52,0,0,4.44,null,null],[1.6,11.76,0,0,4.82,null,null],[1.14,11.66,0.21,0,4.58,null,null],[2.66,12.04,0.62,2.78,4.89,null,null],[1,13.42,1.25,11.8,6.19,null,null],[1.47,14.97,1.88,17.22,6.55,null,null],[1.4,15.99,2.09,17.12,6.42,null,null],[1.06,16.68,1.67,17.04,5.95,null,null],[0.79,16.06,1.04,13.6,5.26,null,null],[1,14.88,0.83,6.98,4.37,null,null],[1.06,14.76,0.83,8.61,4.87,null,null],[1.19,14.6,0.42,7.11,4.06,null,null]],"oneday":{"avg":null,"sunrise":null,"sunset":null},"tide":[null,null,null,null,null,null,null,null,null,null,null,null,null,null,null,null,null,null,null,null,null,null,null,null]},{"weather":[[1,14.38,0.62,2.67,3.15,null,null],[0.34,14.23,0.83,2.51,3.67,null,null],[0.21,14.33,0.21,3.63,3.06,null,null],[0.06,14.22,0.42,3.7,4.3,null,null],[0.14,17.92,1.67,4.33,5.94,null,null],[0.21,20.49,1.88,5.41,6.53,null,null],[0.19,21.9,1.25,5.88,7.1,null,null],[0.06,21.97,0,1.58,7.28,null,null],[0.06,20.08,0.21,0.34,6.72,null,null],[0.79,17.58,0.42,2.04,6.2,null,null],[1,16.34,0.42,5.14,4.74,null,null],[1,15.39,0,4.74,4.21,null,null]],"oneday":{"avg":null,"sunrise":null,"sunset":null},"tide":[null,null,null,null,null,null,null,null,null,null,null,null,null,null,null,null,null,null,null,null,null,null,null,null]},{"weather":[[0.4,14.72,0.21,4.03,4.87,null,null],[1.26,14.39,1.25,16.72,5.43,null,null],[1.26,13.87,3.97,29.51,6.16,null,null],[1.4,13.46,6.26,40.11,5.83,null,null],[1.47,14.99,7.3,44.86,5.68,null,null],[0.26,17.73,6.05,47.59,4.56,null,null],[0,19.33,4.17,48.26,3.75,null,null],[0,17.7,2.2,45.42,4.12,null,null],[33.83,15.46,1.11,36.75,2.19,null,null],[1.39,13.5,0.83,23.86,2.7,null,null],[0.98,12.72,1.67,13.03,2.92,null,null],[0.59,12.24,3.34,8.67,4.07,null,null]],"oneday":{"avg":null,"sunrise":null,"sunset":null},"tide":[null,null,null,null,null,null,null,null,null,null,null,null,null,null,null,null,null,null,null,null,null,null,null,null]}],"daily":[{"weather":[3,17.12],"tide":[null,null,null,null,null,null,null,null,null,null,null,null,null,null,null,null,null,null,null,null,null,null,null,null],"dailyEx":{"avg":null,"wave":null,"sunrise":null,"sunset":null}},{"weather":[2.01,17.45],"tide":[null,null,null,null,null,null,null,null,null,null,null,null,null,null,null,null,null,null,null,null,null,null,null,null],"dailyEx":{"avg":null,"wave":null,"sunrise":null,"sunset":null}},{"weather":[1.01,17.18],"tide":[null,null,null,null,null,null,null,null,null,null,null,null,null,null,null,null,null,null,null,null,null,null,null,null],"dailyEx":{"avg":null,"wave":null,"sunrise":null,"sunset":null}},{"weather":[0.21,18.45],"tide":[null,null,null,null,null,null,null,null,null,null,null,null,null,null,null,null,null,null,null,null,null,null,null,null],"dailyEx":{"avg":null,"wave":null,"sunrise":null,"sunset":null}},{"weather":[0.06,18.6],"tide":[null,null,null,null,null,null,null,null,null,null,null,null,null,null,null,null,null,null,null,null,null,null,null,null],"dailyEx":{"avg":null,"wave":null,"sunrise":null,"sunset":null}}]}
リヴァスポット早戸,2026-10-05,{"hourly":[{"weather":[[2.83,11.76,0,0.46,3.5,null,null],[1.79,12,0,0.46,3.78,null,null],[1.13,11.89,0.08,0.23,3.66,null,null],[2.56,12.18,0.25,2.95,3.9,null,null],[1.23,13.61,0.51,13.68,4.85,null,null],[1.4,15.34,0.77,20.37,5.14,null,null],[1.44,16.44,0.85,20.75,5.65,null,null],[1,17.15,0.68,21.78,5.46,null,null],[0.92,16.56,0.42,17.35,4.83,null,null],[1,15.25,0.34,7.93,3.32,null,null],[1.23,15.06,0.34,9.61,4.08,null,null],[1.13,14.87,0.17,8.13,3.43,null,null]],"oneday":{"avg":null,"sunrise":null,"sunset":null},"tide":[null,null,null,null,null,null,null,null,null,null,null,null,null,null,null,null,null,null,null,null,null,null,null,null]},{"weather":[[1,14.53,0.25,3.41,2.88,null,null],[0.21,14.27,0.34,2.64,3.56,null,null],[0.08,14.22,0.08,3.63,2.96,null,null],[0,14.13,0.17,3.81,3.96,null,null],[0.36,18.01,0.68,4.21,4.81,null,null],[0.08,20.96,0.77,5.05,5.95,null,null],[0.13,22.65,0.51,5.48,7.8,null,null],[0,22.71,0,1.37,8.06,null,null],[0.23,20.74,0.08,0.23,6.92,null,null],[0.92,18.18,0.17,2.75,5.77,null,null],[1,16.8,0.17,6.69,4.01,null,null],[1,15.69,0,7.39,3.53,null,null]],"oneday":{"avg":null,"sunrise":null,"sunset":null},"tide":[null,null,null,null,null,null,null,null,null,null,null,null,null,null,null,null,null,null,null,null,null,null,null,null]},{"weather":[[0.21,14.95,0.08,7.76,4.09,null,null],[1.08,14.44,0.51,22.66,5.28,null,null],[1.08,13.76,1.62,35.47,5.96,null,null],[1.21,13.33,2.55,44.24,5.79,null,null],[0.94,15.4,2.98,49.98,5.65,null,null],[0.08,18.4,2.47,51.75,4.14,null,null],[0,20.11,1.7,50.02,3.94,null,null],[0,18.8,0.93,51.32,5.28,null,null],[28.9,16.48,0.48,46.14,3.34,null,null],[0.81,14.09,0.34,33.9,2.25,null,null],[0.64,12.97,0.68,18.77,2.5,null,null],[0.4,12.24,1.36,10.89,4.09,null,null]],"oneday":{"avg":null,"sunrise":null,"sunset":null},"tide":[null,null,null,null,null,null,null,null,null,null,null,null,null,null,null,null,null,null,null,null,null,null,null,null]}],"daily":[{"weather":[3,17.31],"tide":[null,null,null,null,null,null,null,null,null,null,null,null,null,null,null,null,null,null,null,null,null,null,null,null],"dailyEx":{"avg":null,"wave":null,"sunrise":null,"sunset":null}},{"weather":[2.22,17.8],"tide":[null,null,null,null,null,null,null,null,null,null,null,null,null,null,null,null,null,null,null,null,null,null,null,null],"dailyEx":{"avg":null,"wave":null,"sunrise":null,"sunset":null}},{"weather":[1.63,17.59],"tide":[null,null,null,null,null,null,null,null,null,null,null,null,null,null,null,null,null,null,null,null,null,null,null,null],"dailyEx":{"avg":null,"wave":null,"sunrise":null,"sunset":null}},{"weather":[0.08,18.85],"tide":[null,null,null,null,null,null,null,null,null,null,null,null,null,null,null,null,null,null,null,null,null,null,null,null],"dailyEx":{"avg":null,"wave":null,"sunrise":null,"sunset":null}},{"weather":[0,19.06],"tide":[null,null,null,null,null,null,null,null,null,null,null,null,null,null,null,null,null,null,null,null,null,null,null,null],"dailyEx":{"avg":null,"wave":null,"sunrise":null,"sunset":null}}]}
FF中津川,2026-10-05,{"hourly":[{"weather":[[2.75,13.01,0,0.4,4.01,null,null],[1.64,13.17,0,0.4,4.38,null,null],[1.24,13.03,0.13,0.2,4.22,null,null],[2.44,13.29,0.38,2.63,4.47,null,null],[1.2,14.7,0.75,11.66,5.19,null,null],[1.45,16.45,1.13,17.47,5.5,null,null],[1.56,17.51,1.25,18.1,5.84,null,null],[1,18.25,1,18.86,5.52,null,null],[0.87,17.69,0.63,15,4.84,null,null],[1,16.45,0.5,6.92,3.54,null,null],[1.2,16.22,0.5,8.24,4.21,null,null],[1.24,16.03,0.25,6.92,3.71,null,null]],"oneday":{"avg":null,"sunrise":null,"sunset":null},"tide":[null,null,null,null,null,null,null,null,null,null,null,null,null,null,null,null,null,null,null,null,null,null,null,null]},{"weather":[[1,15.72,0.38,3.02,3.33,null,null],[0.36,15.48,0.5,2.66,3.84,null,null],[0.13,15.32,0.13,3.3,3.26,null,null],[0,15.24,0.25,3.02,4.19,null,null],[0.44,18.82,1,4.01,5.12,null,null],[0.13,21.92,1.13,5.2,6.14,null,null],[0.24,23.56,0.75,5.4,7.91,null,null],[0,23.76,0,1.35,8.22,null,null],[0.2,21.85,0.13,0.2,7.36,null,null],[0.87,19.27,0.25,2.55,6.55,null,null],[1,17.87,0.25,5.73,4.9,null,null],[1,16.8,0,6.25,4.47,null,null]],"oneday":{"avg":null,"sunrise":null,"sunset":null},"tide":[null,null,null,null,null,null,null,null,null,null,null,null,null,null,null,null,null,null,null,null,null,null,null,null]},{"weather":[[0.36,16.12,0.13,6.53,5.05,null,null],[1.13,15.57,0.75,18.95,6.13,null,null],[1.13,14.94,2.38,30.36,6.67,null,null],[1.36,14.55,3.76,38.98,6.25,null,null],[1.05,16.46,4.38,44.71,5.96,null,null],[0.13,19.46,3.63,46.06,4.72,null,null],[0,21.17,2.51,43.44,4.51,null,null],[0,20,1.32,43.37,5.08,null,null],[22.78,17.85,0.67,38.41,3.36,null,null],[0.81,15.34,0.5,28.34,2.16,null,null],[0.56,14.22,1,16.24,2.91,null,null],[0.45,13.49,2,10.38,4.79,null,null]],"oneday":{"avg":null,"sunrise":null,"sunset":null},"tide":[null,null,null,null,null,null,null,null,null,null,null,null,null,null,null,null,null,null,null,null,null,null,null,null]}],"daily":[{"weather":[3,18.56],"tide":[null,null,null,null,null,null,null,null,null,null,null,null,null,null,null,null,null,null,null,null,null,null,null,null],"dailyEx":{"avg":null,"wave":null,"sunrise":null,"sunset":null}},{"weather":[1.84,18.94],"tide":[null,null,null,null,null,null,null,null,null,null,null,null,null,null,null,null,null,null,null,null,null,null,null,null],"dailyEx":{"avg":null,"wave":null,"sunrise":null,"sunset":null}},{"weather":[1.75,18.85],"tide":[null,null,null,null,null,null,null,null,null,null,null,null,null,null,null,null,null,null,null,null,null,null,null,null],"dailyEx":{"avg":null,"wave":null,"sunrise":null,"sunset":null}},{"weather":[0.13,20.01],"tide":[null,null,null,null,null,null,null,null,null,null,null,null,null,null,null,null,null,null,null,null,null,null,null,null],"dailyEx":{"avg":null,"wave":null,"sunrise":null,"sunset":null}},{"weather":[0,20.19],"tide":[null,null,null,null,null,null,null,null,null,null,null,null,null,null,null,null,null,null,null,null,null,null,null,null],"dailyEx":{"avg":null,"wave":null,"sunrise":null,"sunset":null}}]}
清川リバーランド,2026-10-05,{"hourly":[{"weather":[[2.52,11.53,0,0,4.52,null,null],[1.6,11.77,0,0,4.91,null,null],[1.16,11.67,0.18,0,4.66,null,null],[2.66,12.03,0.54,2.83,4.96,null,null],[1,13.4,1.09,11.88,6.26,null,null],[1.42,14.98,1.64,17.37,6.63,null,null],[1.4,16.01,1.82,17.35,6.51,null,null],[1.06,16.69,1.45,17.25,6.02,null,null],[0.82,16.07,0.91,13.76,5.31,null,null],[1,14.89,0.73,7.08,4.42,null,null],[1.06,14.76,0.73,8.69,4.92,null,null],[1.22,14.6,0.36,7.15,4.11,null,null]],"oneday":{"avg":null,"sunrise":null,"sunset":null},"tide":[null,null,null,null,null,null,null,null,null,null,null,null,null,null,null,null,null,null,null,null,null,null,null,null]},{"weather":[[1,14.38,0.54,2.71,3.22,null,null],[0.34,14.23,0.73,2.62,3.71,null,null],[0.18,14.32,0.18,3.71,3.07,null,null],[0.06,14.2,0.36,3.69,4.34,null,null],[0.16,17.87,1.45,4.44,6,null,null],[0.18,20.5,1.64,5.63,6.6,null,null],[0.22,21.91,1.09,6.06,7.26,null,null],[0.06,22.01,0,1.64,7.46,null,null],[0.06,20.13,0.18,0.36,6.84,null,null],[0.82,17.6,0.36,2.12,6.31,null,null],[1,16.36,0.36,5.21,4.84,null,null],[1,15.41,0,4.82,4.3,null,null]],"oneday":{"avg":null,"sunrise":null,"sunset":null},"tide":[null,null,null,null,null,null,null,null,null,null,null,null,null,null,null,null,null,null,null,null,null,null,null,null]},{"weather":[[0.4,14.73,0.18,4.14,4.97,null,null],[1.24,14.39,1.09,16.9,5.57,null,null],[1.24,13.87,3.45,29.92,6.32,null,null],[1.4,13.46,5.45,40.84,5.97,null,null],[1.42,14.98,6.36,45.78,5.79,null,null],[0.24,17.74,5.27,48.52,4.71,null,null],[0,19.36,3.63,49.01,3.92,null,null],[0,17.77,1.93,45.89,4.21,null,null],[33.79,15.55,0.97,37.03,2.25,null,null],[1.32,13.53,0.73,24.1,2.76,null,null],[0.96,12.74,1.45,13.27,3.05,null,null],[0.54,12.26,2.91,9.01,4.25,null,null]],"oneday":{"avg":null,"sunrise":null,"sunset":null},"tide":[null,null,null,null,null,null,null,null,null,null,null,null,null,null,null,null,null,null,null,null,null,null,null,null]}],"daily":[{"weather":[3,17.09],"tide":[null,null,null,null,null,null,null,null,null,null,null,null,null,null,null,null,null,null,null,null,null,null,null,null],"dailyEx":{"avg":null,"wave":null,"sunrise":null,"sunset":null}},{"weather":[1.97,17.48],"tide":[null,null,null,null,null,null,null,null,null,null,null,null,null,null,null,null,null,null,null,null,null,null,null,null],"dailyEx":{"avg":null,"wave":null,"sunrise":null,"sunset":null}},{"weather":[1.08,17.21],"tide":[null,null,null,null,null,null,null,null,null,null,null,null,null,null,null,null,null,null,null,null,null,null,null,null],"dailyEx":{"avg":null,"wave":null,"sunrise":null,"sunset":null}},{"weather":[0.18,18.5],"tide":[null,null,null,null,null,null,null,null,null,null,null,null,null,null,null,null,null,null,null,null,null,null,null,null],"dailyEx":{"avg":null,"wave":null,"sunrise":null,"sunset":null}},{"weather":[0.06,18.62],"tide":[null,null,null,null,null,null,null,null,null,null,null,null,null,null,null,null,null,null,null,null,null,null,null,null],"dailyEx":{"avg":null,"wave":null,"sunrise":null,"sunset":null}}]}
清川つくしフィッシングセンター,2026-10-05,{"hourly":[{"weather":[[2.65,12.5,0,0.3,3.92,null,null],[1.65,12.68,0,0.3,4.28,null,null],[1.18,12.56,0.17,0.15,4.12,null,null],[2.5,12.86,0.52,2.65,4.4,null,null],[1.15,14.27,1.04,11.81,5.29,null,null],[1.5,15.95,1.56,17.53,5.62,null,null],[1.5,16.99,1.74,17.84,5.84,null,null],[1,17.73,1.39,18.4,5.53,null,null],[0.83,17.15,0.87,14.66,4.84,null,null],[1,15.92,0.69,6.9,3.62,null,null],[1.15,15.73,0.69,8.39,4.26,null,null],[1.18,15.54,0.35,7.07,3.67,null,null]],"oneday":{"avg":null,"sunrise":null,"sunset":null},"tide":[null,null,null,null,null,null,null,null,null,null,null,null,null,null,null,null,null,null,null,null,null,null,null,null]},{"weather":[[1,15.25,0.52,2.95,3.13,null,null],[0.35,15.02,0.69,2.51,3.71,null,null],[0.17,14.96,0.17,3.33,3.15,null,null],[0,14.87,0.35,3.29,4.12,null,null],[0.33,18.55,1.39,4.03,5.24,null,null],[0.17,21.43,1.56,5.1,6.23,null,null],[0.18,23.01,1.04,5.42,7.59,null,null],[0,23.14,0,1.36,7.85,null,null],[0.15,21.23,0.17,0.15,7.1,null,null],[0.83,18.7,0.35,2.25,6.33,null,null],[1,17.34,0.35,5.49,4.71,null,null],[1,16.31,0,5.7,4.26,null,null]],"oneday":{"avg":null,"sunrise":null,"sunset":null},"tide":[null,null,null,null,null,null,null,null,null,null,null,null,null,null,null,null,null,null,null,null,null,null,null,null]},{"weather":[[0.35,15.63,0.17,5.57,4.86,null,null],[1.17,15.16,1.04,18.12,5.76,null,null],[1.17,14.53,3.3,29.76,6.36,null,null],[1.35,14.15,5.21,38.61,6.02,null,null],[1.2,15.98,6.08,43.93,5.78,null,null],[0.17,18.92,5.03,45.63,4.53,null,null],[0,20.59,3.47,44.01,4.08,null,null],[0,19.24,1.81,43.61,4.75,null,null],[25.96,17.03,0.92,37.83,2.97,null,null],[1.02,14.74,0.69,26.87,2.22,null,null],[0.67,13.7,1.39,15.07,2.75,null,null],[0.5,13.04,2.78,9.48,4.37,null,null]],"oneday":{"avg":null,"sunrise":null,"sunset":null},"tide":[null,null,null,null,null,null,null,null,null,null,null,null,null,null,null,null,null,null,null,null,null,null,null,null]}],"daily":[{"weather":[3,18.12],"tide":[null,null,null,null,null,null,null,null,null,null,null,null,null,null,null,null,null,null,null,null,null,null,null,null],"dailyEx":{"avg":null,"wave":null,"sunrise":null,"sunset":null}},{"weather":[1.97,18.43],"tide":[null,null,null,null,null,null,null,null,null,null,null,null,null,null,null,null,null,null,null,null,null,null,null,null],"dailyEx":{"avg":null,"wave":null,"sunrise":null,"sunset":null}},{"weather":[1.48,18.28],"tide":[null,null,null,null,null,null,null,null,null,null,null,null,null,null,null,null,null,null,null,null,null,null,null,null],"dailyEx":{"avg":null,"wave":null,"sunrise":null,"sunset":null}},{"weather":[0.17,19.46],"tide":[null,null,null,null,null,null,null,null,null,null,null,null,null,null,null,null,null,null,null,null,null,null,null,null],"dailyEx":{"avg":null,"wave":null,"sunrise":null,"sunset":null}},{"weather":[0,19.65],"tide":[null,null,null,null,null,null,null,null,null,null,null,null,null,null,null,null,null,null,null,null,null,null,null,null],"dailyEx":{"avg":null,"wave":null,"sunrise":null,"sunset":null}}]}
丹沢湖,2026-10-05,{"hourly":[{"weather":[[2.65,10.24,0,0.62,6.24,null,null],[1.51,10.61,0,0.58,6.19,null,null],[1.07,10.55,0,0.27,6.09,null,null],[2.62,10.96,0,2.94,6.34,null,null],[14.37,12.24,0.03,13.86,7.35,null,null],[1.15,13.97,0,21.07,6.97,null,null],[1.18,15.16,0,22.43,7.03,null,null],[1.42,15.77,0,24.09,6.42,null,null],[1,15.17,0,19.33,5.99,null,null],[0.96,13.75,0,9.23,5.64,null,null],[1.15,13.52,0,10.1,6.1,null,null],[1.14,13.38,0,8.29,5.59,null,null]],"oneday":{"avg":null,"sunrise":null,"sunset":null},"tide":[null,null,null,null,null,null,null,null,null,null,null,null,null,null,null,null,null,null,null,null,null,null,null,null]},{"weather":[[0.96,13.32,0,3.57,4.53,null,null],[0.03,13.44,0,2.88,4.68,null,null],[0,13.89,0,3.91,4.2,null,null],[0.46,13.94,0,3.99,5.86,null,null],[0.3,17.16,0,3.71,6.93,null,null],[0.04,19.77,0,3.91,5.53,null,null],[0.22,21.52,0,4.4,6.21,null,null],[0.73,21.24,0,1.67,6.3,null,null],[0.73,19.21,0,1.47,4.95,null,null],[1,16.7,0,4.29,5.07,null,null],[0.81,15.39,0,8.41,5.4,null,null],[0.77,14.35,0,10.39,5.34,null,null]],"oneday":{"avg":null,"sunrise":null,"sunset":null},"tide":[null,null,null,null,null,null,null,null,null,null,null,null,null,null,null,null,null,null,null,null,null,null,null,null]},{"weather":[[0.22,13.51,0,12.89,6.67,null,null],[0.88,13.04,0,29.69,7.19,null,null],[0.88,12.53,0,43.15,8.21,null,null],[0.91,11.98,0,51.1,8.29,null,null],[0.88,13.47,0,56.15,7.85,null,null],[0.15,16.06,0,58.58,5.54,null,null],[0,17.84,0,58.77,4.08,null,null],[0,15.75,0.22,60.97,5.68,null,null],[47.51,13.33,0.15,56.52,3.18,null,null],[14.61,11.69,0.03,44.07,2.84,null,null],[1.5,11.18,0,24.34,2.54,null,null],[0.72,10.62,0,13.3,3.21,null,null]],"oneday":{"avg":null,"sunrise":null,"sunset":null},"tide":[null,null,null,null,null,null,null,null,null,null,null,null,null,null,null,null,null,null,null,null,null,null,null,null]}],"daily":[{"weather":[15.83,15.32],"tide":[null,null,null,null,null,null,null,null,null,null,null,null,null,null,null,null,null,null,null,null,null,null,null,null],"dailyEx":{"avg":null,"wave":null,"sunrise":null,"sunset":null}},{"weather":[1.92,16.43],"tide":[null,null,null,null,null,null,null,null,null,null,null,null,null,null,null,null,null,null,null,null,null,null,null,null],"dailyEx":{"avg":null,"wave":null,"sunrise":null,"sunset":null}},{"weather":[0.68,15.77],"tide":[null,null,null,null,null,null,null,null,null,null,null,null,null,null,null,null,null,null,null,null,null,null,null,null],"dailyEx":{"avg":null,"wave":null,"sunrise":null,"sunset":null}},{"weather":[0,17.27],"tide":[null,null,null,null,null,null,null,null,null,null,null,null,null,null,null,null,null,null,null,null,null,null,null,null],"dailyEx":{"avg":null,"wave":null,"sunrise":null,"sunset":null}},{"weather":[0.95,17.28],"tide":[null,null,null,null,null,null,null,null,null,null,null,null,null,null,null,null,null,null,null,null,null,null,null,null],"dailyEx":{"avg":null,"wave":null,"sunrise":null,"sunset":null}}]}
芦ノ湖,2026-10-05,{"hourly":[{"weather":[[1.02,14.39,0.02,0.02,12.59,null,null],[1,14.59,0.03,0.02,12.38,null,null],[1.02,14.69,0,0.01,11.61,null,null],[2.96,15.19,0.03,1.97,11.62,null,null],[1.53,16.47,0.1,5.97,12.19,null,null],[2.01,17.76,0.1,9.95,10.12,null,null],[1.97,18.46,0.08,13.87,10.3,null,null],[1.98,18.77,0.07,14.9,9.21,null,null],[0.98,18.27,0.07,11.92,9.9,null,null],[1,17.28,0.05,7.87,11.08,null,null],[1.97,17.18,0,4.95,10.29,null,null],[1.97,17.29,0,2.02,9.41,null,null]],"oneday":{"avg":null,"sunrise":null,"sunset":null},"tide":[null,null,null,null,null,null,null,null,null,null,null,null,null,null,null,null,null,null,null,null,null,null,null,null]},{"weather":[[1,17.48,0.02,0.04,8.13,null,null],[0.02,17.78,0.07,2.94,5.99,null,null],[0.02,17.78,0.02,3.91,5.89,null,null],[1,18.38,0,1.97,7.95,null,null],[0.01,20.44,0.03,0.98,7.95,null,null],[0,24.29,0.03,0,0.62,null,null],[0.97,25.51,0.02,0,1.69,null,null],[0.99,25.12,0,1.95,1.19,null,null],[0.99,23.14,0.02,5.85,0.78,null,null],[1,20.18,0.03,9.79,2.68,null,null],[1.01,19.37,0.03,11.79,3.7,null,null],[0.99,18.36,0.1,17.69,2.85,null,null]],"oneday":{"avg":null,"sunrise":null,"sunset":null},"tide":[null,null,null,null,null,null,null,null,null,null,null,null,null,null,null,null,null,null,null,null,null,null,null,null]},{"weather":[[0.99,17.28,0.32,28.46,2.09,null,null],[1.96,16.68,0.62,44.21,4.07,null,null],[1.98,17.25,0.52,57.9,3.3,null,null],[2,16.37,0.47,65.65,1.97,null,null],[1.98,16.77,0.55,66.69,2.64,null,null],[0.99,17.88,0.67,72.5,2.19,null,null],[0.02,19.27,0.63,82.15,6.11,null,null],[0,17.56,0.84,77.45,4.67,null,null],[50.2,15.18,0.4,70.76,4.43,null,null],[3.51,14.29,0.28,61.97,5.85,null,null],[2.99,14.38,0.37,35.41,3.05,null,null],[2.95,13.3,0.27,20.61,4.34,null,null]],"oneday":{"avg":null,"sunrise":null,"sunset":null},"tide":[null,null,null,null,null,null,null,null,null,null,null,null,null,null,null,null,null,null,null,null,null,null,null,null]}],"daily":[{"weather":[3.51,17.97],"tide":[null,null,null,null,null,null,null,null,null,null,null,null,null,null,null,null,null,null,null,null,null,null,null,null],"dailyEx":{"avg":null,"wave":null,"sunrise":null,"sunset":null}},{"weather":[0.06,18.76],"tide":[null,null,null,null,null,null,null,null,null,null,null,null,null,null,null,null,null,null,null,null,null,null,null,null],"dailyEx":{"avg":null,"wave":null,"sunrise":null,"sunset":null}},{"weather":[0,18.85],"tide":[null,null,null,null,null,null,null,null,null,null,null,null,null,null,null,null,null,null,null,null,null,null,null,null],"dailyEx":{"avg":null,"wave":null,"sunrise":null,"sunset":null}},{"weather":[0.02,19.84],"tide":[null,null,null,null,null,null,null,null,null,null,null,null,null,null,null,null,null,null,null,null,null,null,null,null],"dailyEx":{"avg":null,"wave":null,"sunrise":null,"sunset":null}},{"weather":[1,19.95],"tide":[null,null,null,null,null,null,null,null,null,null,null,null,null,null,null,null,null,null,null,null,null,null,null,null],"dailyEx":{"avg":null,"wave":null,"sunrise":null,"sunset":null}}]}
相模湖,2026-10-05,{"hourly":[{"weather":[[2.85,14.19,0,1.12,3.1,null,null],[1.87,14.3,0,1.26,3.22,null,null],[1.08,14.19,0.05,0.74,3.27,null,null],[2.22,14.37,0.15,2.53,3.42,null,null],[1.56,15.9,0.3,12.5,3.33,null,null],[1.66,17.83,0.45,19.66,3.08,null,null],[1.73,18.94,0.5,22.02,4.55,null,null],[1,19.68,0.4,25.11,4.68,null,null],[0.95,19.22,0.25,20.36,4.37,null,null],[1,17.81,0.2,8.89,2.36,null,null],[1.56,17.45,0.2,9.13,3.33,null,null],[1.08,17.24,0.1,7.59,3.15,null,null]],"oneday":{"avg":null,"sunrise":null,"sunset":null},"tide":[null,null,null,null,null,null,null,null,null,null,null,null,null,null,null,null,null,null,null,null,null,null,null,null]},{"weather":[[1,16.78,0.15,3.83,3.35,null,null],[0.13,16.41,0.2,2.6,3.87,null,null],[0.05,16.04,0.05,2.96,3.55,null,null],[0.05,16.16,0.1,2.81,4.04,null,null],[0.68,19.87,0.4,2.69,3.17,null,null],[0.05,23.57,0.45,2.71,4.1,null,null],[0.08,25.61,0.3,2.76,7.64,null,null],[0.05,25.57,0,0.69,7.9,null,null],[0.61,23.49,0.05,0.65,6.51,null,null],[0.95,20.89,0.1,4.42,5.06,null,null],[0.95,19.31,0.1,8.59,3.43,null,null],[0.95,18,0,11.5,3.1,null,null]],"oneday":{"avg":null,"sunrise":null,"sunset":null},"tide":[null,null,null,null,null,null,null,null,null,null,null,null,null,null,null,null,null,null,null,null,null,null,null,null]},{"weather":[[0.13,17.19,0.05,14.66,3.26,null,null],[1,16.36,0.3,29.32,5.29,null,null],[1,15.6,0.94,38.68,5.4,null,null],[1.08,15.19,1.49,41.75,5.17,null,null],[0.49,17.8,1.74,47.34,5.14,null,null],[0.05,20.97,1.44,47.28,3.4,null,null],[0,22.73,0.99,42.71,4.64,null,null],[0,21.95,0.54,50.33,6.78,null,null],[14.23,19.49,0.27,52.71,5.36,null,null],[0.41,16.69,0.2,45.52,1.64,null,null],[0.32,15.15,0.4,25.77,1.7,null,null],[0.7,13.9,0.79,13.12,3.96,null,null]],"oneday":{"avg":null,"sunrise":null,"sunset":null},"tide":[null,null,null,null,null,null,null,null,null,null,null,null,null,null,null,null,null,null,null,null,null,null,null,null]}],"daily":[{"weather":[2.91,19.69],"tide":[null,null,null,null,null,null,null,null,null,null,null,null,null,null,null,null,null,null,null,null,null,null,null,null],"dailyEx":{"avg":null,"wave":null,"sunrise":null,"sunset":null}},{"weather":[2.01,20.03],"tide":[null,null,null,null,null,null,null,null,null,null,null,null,null,null,null,null,null,null,null,null,null,null,null,null],"dailyEx":{"avg":null,"wave":null,"sunrise":null,"sunset":null}},{"weather":[2.18,20.09],"tide":[null,null,null,null,null,null,null,null,null,null,null,null,null,null,null,null,null,null,null,null,null,null,null,null],"dailyEx":{"avg":null,"wave":null,"sunrise":null,"sunset":null}},{"weather":[0.05,21.11],"tide":[null,null,null,null,null,null,null,null,null,null,null,null,null,null,null,null,null,null,null,null,null,null,null,null],"dailyEx":{"avg":null,"wave":null,"sunrise":null,"sunset":null}},{"weather":[0,21.47],"tide":[null,null,null,null,null,null,null,null,null,null,null,null,null,null,null,null,null,null,null,null,null,null,null,null],"dailyEx":{"avg":null,"wave":null,"sunrise":null,"sunset":null}}]}
宮ヶ瀬湖,2026-10-05,{"hourly":[{"weather":[[2.79,12.35,0,0.46,3.68,null,null],[1.73,12.55,0,0.46,3.99,null,null],[1.16,12.43,0.1,0.23,3.86,null,null],[2.5,12.7,0.31,2.79,4.1,null,null],[1.23,14.13,0.63,12.83,4.92,null,null],[1.44,15.87,0.94,19.18,5.19,null,null],[1.5,16.95,1.05,19.7,5.67,null,null],[1,17.67,0.84,20.7,5.44,null,null],[0.9,17.1,0.52,16.48,4.81,null,null],[1,15.82,0.42,7.51,3.37,null,null],[1.23,15.61,0.42,9.01,4.1,null,null],[1.16,15.42,0.21,7.62,3.53,null,null]],"oneday":{"avg":null,"sunrise":null,"sunset":null},"tide":[null,null,null,null,null,null,null,null,null,null,null,null,null,null,null,null,null,null,null,null,null,null,null,null]},{"weather":[[1,15.08,0.31,3.26,3.07,null,null],[0.27,14.83,0.42,2.62,3.67,null,null],[0.1,14.73,0.1,3.46,3.1,null,null],[0,14.65,0.21,3.47,4.04,null,null],[0.39,18.41,0.84,4.05,4.86,null,null],[0.1,21.44,0.94,4.97,5.94,null,null],[0.16,23.12,0.63,5.31,7.8,null,null],[0,23.23,0,1.33,8.07,null,null],[0.23,21.28,0.1,0.23,7.04,null,null],[0.9,18.71,0.21,2.72,6.02,null,null],[1,17.32,0.21,6.38,4.31,null,null],[1,16.21,0,7.1,3.85,null,null]],"oneday":{"avg":null,"sunrise":null,"sunset":null},"tide":[null,null,null,null,null,null,null,null,null,null,null,null,null,null,null,null,null,null,null,null,null,null,null,null]},{"weather":[[0.27,15.49,0.1,7.56,4.4,null,null],[1.1,14.96,0.63,21.5,5.58,null,null],[1.1,14.29,1.99,33.6,6.18,null,null],[1.27,13.88,3.14,42.03,5.91,null,null],[0.98,15.91,3.67,47.73,5.72,null,null],[0.1,18.91,3.04,49.27,4.29,null,null],[0,20.62,2.1,47.11,4.15,null,null],[0,19.37,1.12,48.19,5.24,null,null],[25.97,17.11,0.57,43.42,3.41,null,null],[0.81,14.68,0.42,32.23,2.17,null,null],[0.61,13.55,0.84,18.06,2.6,null,null],[0.44,12.79,1.68,10.74,4.33,null,null]],"oneday":{"avg":null,"sunrise":null,"sunset":null},"tide":[null,null,null,null,null,null,null,null,null,null,null,null,null,null,null,null,null,null,null,null,null,null,null,null]}],"daily":[{"weather":[3,17.9],"tide":[null,null,null,null,null,null,null,null,null,null,null,null,null,null,null,null,null,null,null,null,null,null,null,null],"dailyEx":{"avg":null,"wave":null,"sunrise":null,"sunset":null}},{"weather":[2.07,18.33],"tide":[null,null,null,null,null,null,null,null,null,null,null,null,null,null,null,null,null,null,null,null,null,null,null,null],"dailyEx":{"avg":null,"wave":null,"sunrise":null,"sunset":null}},{"weather":[1.68,18.17],"tide":[null,null,null,null,null,null,null,null,null,null,null,null,null,null,null,null,null,null,null,null,null,null,null,null],"dailyEx":{"avg":null,"wave":null,"sunrise":null,"sunset":null}},{"weather":[0.1,19.38],"tide":[null,null,null,null,null,null,null,null,null,null,null,null,null,null,null,null,null,null,null,null,null,null,null,null],"dailyEx":{"avg":null,"wave":null,"sunrise":null,"sunset":null}},{"weather":[0,19.59],"tide":[null,null,null,null,null,null,null,null,null,null,null,null,null,null,null,null,null,null,null,null,null,null,null,null],"dailyEx":{"avg":null,"wave":null,"sunrise":null,"sunset":null}}]}
津久井湖,2026-10-05,{"hourly":[{"weather":[[2.93,14.52,0,0.67,4,null,null],[1.66,14.6,0,0.9,4.34,null,null],[1.34,14.45,0,0.63,4.26,null,null],[2.17,14.57,0,2.64,4.48,null,null],[1.34,16.01,0,10.59,4.56,null,null],[1.34,18.01,0,16.8,4.67,null,null],[1.75,19.13,0,19.52,5.57,null,null],[1,19.85,0,21.46,5.28,null,null],[1,19.41,0,17.67,4.73,null,null],[1,18.09,0,8.83,3.1,null,null],[1.34,17.73,0,8.68,3.97,null,null],[1.34,17.51,0,6.91,3.75,null,null]],"oneday":{"avg":null,"sunrise":null,"sunset":null},"tide":[null,null,null,null,null,null,null,null,null,null,null,null,null,null,null,null,null,null,null,null,null,null,null,null]},{"weather":[[1,17.13,0,3.61,3.89,null,null],[0.34,16.8,0,3.38,4.22,null,null],[0,16.4,0,3.38,3.66,null,null],[0.07,16.41,0,2.3,4.5,null,null],[0.75,19.73,0,3.75,4.45,null,null],[0,23.52,0,5.03,5.68,null,null],[0.34,25.32,0,4.71,8.75,null,null],[0.07,25.56,0,1.18,9.2,null,null],[0.41,23.62,0,0.49,8,null,null],[1,20.95,0,3.8,6.93,null,null],[0.93,19.45,0,6.78,5.43,null,null],[0.93,18.3,0,8.07,5.08,null,null]],"oneday":{"avg":null,"sunrise":null,"sunset":null},"tide":[null,null,null,null,null,null,null,null,null,null,null,null,null,null,null,null,null,null,null,null,null,null,null,null]},{"weather":[[0.34,17.55,0,9.37,5.52,null,null],[0.93,16.81,0,20.57,7.07,null,null],[0.93,16.17,0,30.36,7.4,null,null],[1.27,15.73,0,37.24,6.82,null,null],[0.59,17.93,0,43.48,6.53,null,null],[0,21.06,0,43.79,5.48,null,null],[0,22.92,0,38.84,5.9,null,null],[0,22.26,0.04,40.32,6.35,null,null],[12.86,20.15,0.02,38.41,4.72,null,null],[0.25,17.02,0,31.53,2.19,null,null],[0.25,15.6,0,18.85,3.25,null,null],[0.41,14.67,0,12.11,5.5,null,null]],"oneday":{"avg":null,"sunrise":null,"sunset":null},"tide":[null,null,null,null,null,null,null,null,null,null,null,null,null,null,null,null,null,null,null,null,null,null,null,null]}],"daily":[{"weather":[2.85,19.98],"tide":[null,null,null,null,null,null,null,null,null,null,null,null,null,null,null,null,null,null,null,null,null,null,null,null],"dailyEx":{"avg":null,"wave":null,"sunrise":null,"sunset":null}},{"weather":[1.49,20.54],"tide":[null,null,null,null,null,null,null,null,null,null,null,null,null,null,null,null,null,null,null,null,null,null,null,null],"dailyEx":{"avg":null,"wave":null,"sunrise":null,"sunset":null}},{"weather":[2.29,20.57],"tide":[null,null,null,null,null,null,null,null,null,null,null,null,null,null,null,null,null,null,null,null,null,null,null,null],"dailyEx":{"avg":null,"wave":null,"sunrise":null,"sunset":null}},{"weather":[0,21.69],"tide":[null,null,null,null,null,null,null,null,null,null,null,null,null,null,null,null,null,null,null,null,null,null,null,null],"dailyEx":{"avg":null,"wave":null,"sunrise":null,"sunset":null}},{"weather":[0,21.83],"tide":[null,null,null,null,null,null,null,null,null,null,null,null,null,null,null,null,null,null,null,null,null,null,null,null],"dailyEx":{"avg":null,"wave":null,"sunrise":null,"sunset":null}}]}
相模川,2026-10-05,{"hourly":[{"weather":[[1.82,14.99,0,0,5.19,null,null],[1.27,14.97,0,0,5.63,null,null],[1.14,14.9,0.53,0,5.43,null,null],[2.33,15.31,1.6,1.48,5.77,null,null],[1,16.73,3.21,5.92,6.26,null,null],[2.12,18.11,4.81,8.73,6.33,null,null],[1.73,18.94,5.35,8.95,5.96,null,null],[1.05,19.76,4.28,8.87,5.47,null,null],[0.47,19.17,2.67,7.06,4.88,null,null],[1,18.22,2.14,3.71,4.5,null,null],[1.05,18,2.14,4.36,4.76,null,null],[1.19,17.87,1.07,3.52,4.41,null,null]],"oneday":{"avg":null,"sunrise":null,"sunset":null},"tide":[null,null,null,null,null,null,null,null,null,null,null,null,null,null,null,null,null,null,null,null,null,null,null,null]},{"weather":[[1,17.72,1.6,1.37,3.92,null,null],[0.67,17.6,2.14,1.54,4.12,null,null],[0.53,17.5,0.53,2,3.88,null,null],[0.05,17.58,1.07,1.74,4.62,null,null],[0.14,20.72,4.28,2.38,5.93,null,null],[0.53,23.34,4.81,3.15,5.71,null,null],[0.19,24.64,3.21,3.29,5.61,null,null],[0.05,24.75,0,0.93,5.71,null,null],[0.05,22.97,0.53,0.33,6.28,null,null],[0.47,20.6,1.07,1.37,6.73,null,null],[1,19.28,1.07,2.83,5.73,null,null],[1,18.4,0,2.75,5.39,null,null]],"oneday":{"avg":null,"sunrise":null,"sunset":null},"tide":[null,null,null,null,null,null,null,null,null,null,null,null,null,null,null,null,null,null,null,null,null,null,null,null]},{"weather":[[0.73,17.9,0.53,2.67,5.82,null,null],[1.59,17.5,3.21,9.12,6.01,null,null],[1.59,17.07,10.16,16.03,6.13,null,null],[1.73,16.83,16.04,22.08,5.35,null,null],[2.12,18.03,18.71,24.88,5.02,null,null],[0.59,20.65,15.5,26.3,4.31,null,null],[0,22.05,10.69,26.27,3.77,null,null],[0,20.49,5.41,24.07,3.18,null,null],[17.72,18.35,2.7,19.31,2.19,null,null],[2.04,16.75,2.14,12.96,1.98,null,null],[0.97,16,4.28,7.42,2.5,null,null],[1.23,15.36,8.55,5.39,4.1,null,null]],"oneday":{"avg":null,"sunrise":null,"sunset":null},"tide":[null,null,null,null,null,null,null,null,null,null,null,null,null,null,null,null,null,null,null,null,null,null,null,null]}],"daily":[{"weather":[3,20.86],"tide":[null,null,null,null,null,null,null,null,null,null,null,null,null,null,null,null,null,null,null,null,null,null,null,null],"dailyEx":{"avg":null,"wave":null,"sunrise":null,"sunset":null}},{"weather":[1.35,20.33],"tide":[null,null,null,null,null,null,null,null,null,null,null,null,null,null,null,null,null,null,null,null,null,null,null,null],"dailyEx":{"avg":null,"wave":null,"sunrise":null,"sunset":null}},{"weather":[0.69,20.46],"tide":[null,null,null,null,null,null,null,null,null,null,null,null,null,null,null,null,null,null,null,null,null,null,null,null],"dailyEx":{"avg":null,"wave":null,"sunrise":null,"sunset":null}},{"weather":[0.53,21.27],"tide":[null,null,null,null,null,null,null,null,null,null,null,null,null,null,null,null,null,null,null,null,null,null,null,null],"dailyEx":{"avg":null,"wave":null,"sunrise":null,"sunset":null}},{"weather":[0.05,21.55],"tide":[null,null,null,null,null,null,null,null,null,null,null,null,null,null,null,null,null,null,null,null,null,null,null,null],"dailyEx":{"avg":null,"wave":null,"sunrise":null,"sunset":null}}]}
引地川,2026-10-05,{"hourly":[{"weather":[[1.32,17.28,0,0,5.57,null,null],[1.06,17.07,0,0,6.04,null,null],[1.1,17.04,0.79,0,5.88,null,null],[2.11,17.49,2.38,0.54,6.25,null,null],[1,18.94,4.76,1.89,6.21,null,null],[2.63,20.18,7.14,2.87,6.06,null,null],[1.94,20.86,7.93,3.19,5.51,null,null],[1.05,21.79,6.34,3.14,5.05,null,null],[0.21,21.2,3.96,2.49,4.54,null,null],[1,20.42,3.17,1.39,4.51,null,null],[1.05,20.14,3.17,1.43,4.62,null,null],[1.14,20.03,1.59,1.07,4.57,null,null]],"oneday":{"avg":null,"sunrise":null,"sunset":null},"tide":[null,null,null,null,null,null,null,null,null,null,null,null,null,null,null,null,null,null,null,null,null,null,null,null]},{"weather":[[1,19.92,2.38,0.44,4.32,null,null],[0.89,19.82,3.17,0.72,4.36,null,null],[0.79,19.62,0.79,0.79,4.41,null,null],[0.05,19.85,1.59,0.47,4.77,null,null],[0.1,22.66,6.34,0.91,5.84,null,null],[0.79,25.21,7.14,1.32,5.06,null,null],[0.14,26.44,4.76,1.28,4.37,null,null],[0.05,26.53,0,0.41,4.38,null,null],[0.05,24.81,0.79,0.28,5.8,null,null],[0.21,22.56,1.59,0.79,6.9,null,null],[1,21.2,1.59,1.19,6.23,null,null],[1,20.37,0,1.31,6.03,null,null]],"oneday":{"avg":null,"sunrise":null,"sunset":null},"tide":[null,null,null,null,null,null,null,null,null,null,null,null,null,null,null,null,null,null,null,null,null,null,null,null]},{"weather":[[0.94,19.98,0.79,1.61,6.28,null,null],[1.84,19.55,4.76,3.83,6.17,null,null],[1.84,19.18,15.07,6.49,5.85,null,null],[1.94,19.07,23.79,9,4.81,null,null],[2.63,20.05,27.76,10.21,4.4,null,null],[0.84,22.57,23,10.74,3.92,null,null],[0,23.81,15.86,10.54,3.52,null,null],[0,22.23,7.96,9.21,2.42,null,null],[7.14,20.11,3.98,7.35,2.09,null,null],[2.58,18.86,3.17,5.4,1.41,null,null],[1,18.14,6.34,3.33,2.02,null,null],[1.73,17.39,12.69,2.68,3.84,null,null]],"oneday":{"avg":null,"sunrise":null,"sunset":null},"tide":[null,null,null,null,null,null,null,null,null,null,null,null,null,null,null,null,null,null,null,null,null,null,null,null]}],"daily":[{"weather":[3,23.38],"tide":[null,null,null,null,null,null,null,null,null,null,null,null,null,null,null,null,null,null,null,null,null,null,null,null],"dailyEx":{"avg":null,"wave":null,"sunrise":null,"sunset":null}},{"weather":[0.98,22.2],"tide":[null,null,null,null,null,null,null,null,null,null,null,null,null,null,null,null,null,null,null,null,null,null,null,null],"dailyEx":{"avg":null,"wave":null,"sunrise":null,"sunset":null}},{"weather":[0.36,22.58],"tide":[null,null,null,null,null,null,null,null,null,null,null,null,null,null,null,null,null,null,null,null,null,null,null,null],"dailyEx":{"avg":null,"wave":null,"sunrise":null,"sunset":null}},{"weather":[0.79,23.07],"tide":[null,null,null,null,null,null,null,null,null,null,null,null,null,null,null,null,null,null,null,null,null,null,null,null],"dailyEx":{"avg":null,"wave":null,"sunrise":null,"sunset":null}},{"weather":[0.05,23.46],"tide":[null,null,null,null,null,null,null,null,null,null,null,null,null,null,null,null,null,null,null,null,null,null,null,null],"dailyEx":{"avg":null,"wave":null,"sunrise":null,"sunset":null}}]}
相模大橋,2026-10-05,{"hourly":[{"weather":[[2.4,14.29,0,0,4.93,null,null],[1.34,14.34,0,0,5.47,null,null],[1.36,14.2,0.3,0,5.22,null,null],[2.34,14.48,0.89,2.09,5.55,null,null],[1,15.84,1.79,7.95,6.23,null,null],[1.6,17.47,2.68,11.76,6.69,null,null],[1.66,18.42,2.98,12.14,6.35,null,null],[1,19.21,2.38,11.78,5.75,null,null],[0.7,18.65,1.49,9.35,4.93,null,null],[1,17.6,1.19,4.86,4.23,null,null],[1,17.37,1.19,5.88,4.67,null,null],[1.36,17.2,0.6,4.84,4.25,null,null]],"oneday":{"avg":null,"sunrise":null,"sunset":null},"tide":[null,null,null,null,null,null,null,null,null,null,null,null,null,null,null,null,null,null,null,null,null,null,null,null]},{"weather":[[1,17,0.89,2.09,3.83,null,null],[0.66,16.82,1.19,2.47,4.14,null,null],[0.3,16.65,0.3,2.79,3.58,null,null],[0,16.56,0.6,2.05,4.54,null,null],[0.36,19.73,2.38,3.85,6.16,null,null],[0.3,22.64,2.68,5.64,6.93,null,null],[0.36,24.02,1.79,5.62,7.59,null,null],[0,24.38,0,1.4,7.93,null,null],[0,22.62,0.3,0,7.86,null,null],[0.7,20.09,0.6,1.4,7.83,null,null],[1,18.76,0.6,3.11,6.47,null,null],[1,17.85,0,2.41,6.09,null,null]],"oneday":{"avg":null,"sunrise":null,"sunset":null},"tide":[null,null,null,null,null,null,null,null,null,null,null,null,null,null,null,null,null,null,null,null,null,null,null,null]},{"weather":[[0.66,17.31,0.3,1.37,6.78,null,null],[1.3,16.87,1.79,8.93,7.18,null,null],[1.3,16.37,5.66,18.33,7.65,null,null],[1.66,16.05,8.94,27.79,6.86,null,null],[1.6,17.44,10.43,32.73,6.34,null,null],[0.3,20.29,8.64,34.09,5.69,null,null],[0,21.92,5.96,31.89,4.82,null,null],[0,20.66,3.03,27.6,3.91,null,null],[18,18.75,1.52,20.62,2.44,null,null],[1.23,16.43,1.19,12.71,2.19,null,null],[0.64,15.52,2.38,7.97,3.57,null,null],[0.6,15,4.77,7.38,5.46,null,null]],"oneday":{"avg":null,"sunrise":null,"sunset":null},"tide":[null,null,null,null,null,null,null,null,null,null,null,null,null,null,null,null,null,null,null,null,null,null,null,null]}],"daily":[{"weather":[3,19.99],"tide":[null,null,null,null,null,null,null,null,null,null,null,null,null,null,null,null,null,null,null,null,null,null,null,null],"dailyEx":{"avg":null,"wave":null,"sunrise":null,"sunset":null}},{"weather":[1.32,20.04],"tide":[null,null,null,null,null,null,null,null,null,null,null,null,null,null,null,null,null,null,null,null,null,null,null,null],"dailyEx":{"avg":null,"wave":null,"sunrise":null,"sunset":null}},{"weather":[1.42,20.06],"tide":[null,null,null,null,null,null,null,null,null,null,null,null,null,null,null,null,null,null,null,null,null,null,null,null],"dailyEx":{"avg":null,"wave":null,"sunrise":null,"sunset":null}},{"weather":[0.3,21.09],"tide":[null,null,null,null,null,null,null,null,null,null,null,null,null,null,null,null,null,null,null,null,null,null,null,null],"dailyEx":{"avg":null,"wave":null,"sunrise":null,"sunset":null}},{"weather":[0,21.2],"tide":[null,null,null,null,null,null,null,null,null,null,null,null,null,null,null,null,null,null,null,null,null,null,null,null],"dailyEx":{"avg":null,"wave":null,"sunrise":null,"sunset":null}}]}
鈴川,2026-10-05,{"hourly":[{"weather":[[1.96,13.67,0,0,4.95,null,null],[1.4,13.73,0,0,5.34,null,null],[1.08,13.68,0.45,0,5.13,null,null],[2.47,14.1,1.35,1.89,5.46,null,null],[1,15.52,2.71,7.96,6.25,null,null],[1.97,16.91,4.06,11.66,6.35,null,null],[1.6,17.79,4.51,11.71,6.07,null,null],[1.07,18.56,3.61,11.7,5.62,null,null],[0.55,17.95,2.25,9.34,5.04,null,null],[1,16.93,1.8,4.85,4.52,null,null],[1.07,16.75,1.8,5.83,4.85,null,null],[1.15,16.62,0.9,4.74,4.31,null,null]],"oneday":{"avg":null,"sunrise":null,"sunset":null},"tide":[null,null,null,null,null,null,null,null,null,null,null,null,null,null,null,null,null,null,null,null,null,null,null,null]},{"weather":[[1,16.45,1.35,1.75,3.62,null,null],[0.53,16.33,1.8,1.73,3.93,null,null],[0.45,16.34,0.45,2.51,3.61,null,null],[0.07,16.38,0.9,2.51,4.51,null,null],[0.08,19.76,3.61,2.86,5.88,null,null],[0.45,22.28,4.06,3.51,5.75,null,null],[0.15,23.62,2.71,3.82,5.76,null,null],[0.07,23.64,0,1.1,5.83,null,null],[0.07,21.81,0.45,0.43,6.07,null,null],[0.55,19.42,0.9,1.67,6.22,null,null],[1,18.14,0.9,3.78,5.11,null,null],[1,17.24,0,3.73,4.7,null,null]],"oneday":{"avg":null,"sunrise":null,"sunset":null},"tide":[null,null,null,null,null,null,null,null,null,null,null,null,null,null,null,null,null,null,null,null,null,null,null,null]},{"weather":[[0.6,16.67,0.45,3.64,5.16,null,null],[1.52,16.31,2.71,12.54,5.47,null,null],[1.52,15.86,8.57,21.4,5.76,null,null],[1.6,15.57,13.53,28.58,5.17,null,null],[1.97,16.86,15.78,31.68,4.98,null,null],[0.52,19.47,13.07,33.69,4.08,null,null],[0,20.9,9.02,34.53,3.51,null,null],[0,19.24,4.6,32.56,3.41,null,null],[24.69,16.99,2.3,26.66,2.13,null,null],[1.96,15.42,1.8,17.86,2.25,null,null],[1.06,14.7,3.61,9.78,2.42,null,null],[1.11,14.1,7.21,6.36,3.75,null,null]],"oneday":{"avg":null,"sunrise":null,"sunset":null},"tide":[null,null,null,null,null,null,null,null,null,null,null,null,null,null,null,null,null,null,null,null,null,null,null,null]}],"daily":[{"weather":[3,19.45],"tide":[null,null,null,null,null,null,null,null,null,null,null,null,null,null,null,null,null,null,null,null,null,null,null,null],"dailyEx":{"avg":null,"wave":null,"sunrise":null,"sunset":null}},{"weather":[1.64,19.16],"tide":[null,null,null,null,null,null,null,null,null,null,null,null,null,null,null,null,null,null,null,null,null,null,null,null],"dailyEx":{"avg":null,"wave":null,"sunrise":null,"sunset":null}},{"weather":[0.64,19.14],"tide":[null,null,null,null,null,null,null,null,null,null,null,null,null,null,null,null,null,null,null,null,null,null,null,null],"dailyEx":{"avg":null,"wave":null,"sunrise":null,"sunset":null}},{"weather":[0.45,20.1],"tide":[null,null,null,null,null,null,null,null,null,null,null,null,null,null,null,null,null,null,null,null,null,null,null,null],"dailyEx":{"avg":null,"wave":null,"sunrise":null,"sunset":null}},{"weather":[0.07,20.35],"tide":[null,null,null,null,null,null,null,null,null,null,null,null,null,null,null,null,null,null,null,null,null,null,null,null],"dailyEx":{"avg":null,"wave":null,"sunrise":null,"sunset":null}}]}
酒匂川周辺,2026-10-05,{"hourly":[{"weather":[[1.75,12.68,0,0,7.88,null,null],[1.38,12.89,0,0,7.98,null,null],[1.1,12.9,0.09,0,7.6,null,null],[2.72,13.35,0.27,2.37,7.78,null,null],[1,14.66,0.73,9.36,8.81,null,null],[1.62,16.01,1.29,14.11,8.1,null,null],[1.53,16.89,1.48,15.49,8.13,null,null],[1.44,17.39,1.1,15.93,7.47,null,null],[0.91,16.88,0.54,12.74,7.38,null,null],[1,15.84,0.35,7.25,7.35,null,null],[1.44,15.73,0.35,7.05,7.3,null,null],[1.44,15.67,0.28,4.99,6.41,null,null]],"oneday":{"avg":null,"sunrise":null,"sunset":null},"tide":[null,null,null,null,null,null,null,null,null,null,null,null,null,null,null,null,null,null,null,null,null,null,null,null]},{"weather":[[1,15.61,0.56,1.49,5.31,null,null],[0.19,15.66,0.75,2.44,4.81,null,null],[0.19,15.81,0.38,3.63,4.44,null,null],[0.54,15.99,0.47,3.12,6.03,null,null],[0,18.98,1.1,2.68,6.86,null,null],[0.38,21.8,0.9,2.61,4.13,null,null],[0.54,23.08,0.53,2.99,4.86,null,null],[0.44,22.86,0,1.63,4.73,null,null],[0.44,21.07,0.09,2.64,4.13,null,null],[0.81,18.57,0.28,5.15,4.58,null,null],[1,17.53,0.37,7.89,4.26,null,null],[1.1,16.56,0.1,10.15,3.64,null,null]],"oneday":{"avg":null,"sunrise":null,"sunset":null},"tide":[null,null,null,null,null,null,null,null,null,null,null,null,null,null,null,null,null,null,null,null,null,null,null,null]},{"weather":[[0.62,15.7,0.48,14.24,3.63,null,null],[1.62,15.31,1.71,28.37,4.7,null,null],[1.72,15.25,4.14,41.25,4.82,null,null],[1.72,14.64,6,49.99,4.18,null,null],[1.81,15.62,6.54,52.68,4.37,null,null],[0.82,17.5,4.83,56.81,3.41,null,null],[0,18.97,3.54,61.95,4.59,null,null],[0,17.32,3.08,59.01,4.5,null,null],[41.94,15.14,1.9,51.45,3.11,null,null],[2.25,13.88,1.53,40.02,4.15,null,null],[2.08,13.55,2.28,22.17,2.85,null,null],[1.59,12.87,3.28,12.97,3.87,null,null]],"oneday":{"avg":null,"sunrise":null,"sunset":null},"tide":[null,null,null,null,null,null,null,null,null,null,null,null,null,null,null,null,null,null,null,null,null,null,null,null]}],"daily":[{"weather":[3,17.29],"tide":[null,null,null,null,null,null,null,null,null,null,null,null,null,null,null,null,null,null,null,null,null,null,null,null],"dailyEx":{"avg":null,"wave":null,"sunrise":null,"sunset":null}},{"weather":[6.21,17.79],"tide":[null,null,null,null,null,null,null,null,null,null,null,null,null,null,null,null,null,null,null,null,null,null,null,null],"dailyEx":{"avg":null,"wave":null,"sunrise":null,"sunset":null}},{"weather":[0.38,17.6],"tide":[null,null,null,null,null,null,null,null,null,null,null,null,null,null,null,null,null,null,null,null,null,null,null,null],"dailyEx":{"avg":null,"wave":null,"sunrise":null,"sunset":null}},{"weather":[0.38,18.75],"tide":[null,null,null,null,null,null,null,null,null,null,null,null,null,null,null,null,null,null,null,null,null,null,null,null],"dailyEx":{"avg":null,"wave":null,"sunrise":null,"sunset":null}},{"weather":[0.44,18.84],"tide":[null,null,null,null,null,null,null,null,null,null,null,null,null,null,null,null,null,null,null,null,null,null,null,null],"dailyEx":{"avg":null,"wave":null,"sunrise":null,"sunset":null}}]}
鶴見川河口,2026-10-05,{"hourly":[{"weather":[[1.78,18.27,0.12,0,3.68,null,null],[1,17.85,0.48,0,4.09,null,null],[1.06,17.82,0.84,0,3.98,null,null],[2.54,18.15,3.4,0.13,3.97,null,null],[1.34,19.31,7.67,0.67,4,null,null],[1.6,20.8,10.27,1.33,3.95,null,null],[1.12,21.99,12.4,1.8,3.58,null,null],[1.82,22.75,13.02,2.04,3.36,null,null],[1.06,22.38,7.33,1.73,2.82,null,null],[1.18,21.59,3.8,0.96,2.68,null,null],[1.88,21.24,3.03,0.78,2.76,null,null],[1.24,20.91,2.8,0.66,2.97,null,null]],"oneday":{"avg":null,"sunrise":null,"sunset":null},"tide":[null,null,null,null,null,null,null,null,null,null,null,null,null,null,null,null,null,null,null,null,null,null,null,null]},{"weather":[[1.12,20.77,3.76,0.6,2.96,null,null],[1.88,20.63,3.76,0.55,3.09,null,null],[1.06,20.34,1.4,0.42,3,null,null],[0.88,20.56,2.32,0.24,3.2,null,null],[0.24,23,6.55,0.55,3.73,null,null],[2.69,25.09,7.1,0.86,3.63,null,null],[1.12,26.32,5.11,0.97,3.52,null,null],[0.34,26.99,1.36,0.54,3.12,null,null],[0.88,25.44,1.44,0.35,3.92,null,null],[0.94,23.33,1.63,0.48,4.67,null,null],[0.4,22,1.51,0.24,4.76,null,null],[1,21.06,0.16,0.06,4.56,null,null]],"oneday":{"avg":null,"sunrise":null,"sunset":null},"tide":[null,null,null,null,null,null,null,null,null,null,null,null,null,null,null,null,null,null,null,null,null,null,null,null]},{"weather":[[0.94,20.58,0.72,0,4.94,null,null],[1.66,20.06,4.07,0.19,5.2,null,null],[1.66,19.75,13.4,0.75,5.23,null,null],[1.72,19.7,20.14,1.57,4.37,null,null],[1.66,21.27,22.28,2.07,4.08,null,null],[0.12,23.78,18.41,2.07,4.13,null,null],[0,24.69,12.47,1.57,3.55,null,null],[0,23.29,6.22,0.94,3.14,null,null],[0.36,20.86,3.23,0.44,2.6,null,null],[0.4,19.4,2.99,0.25,0.94,null,null],[0.72,18.76,6.38,0.79,0.92,null,null],[10.2,18.08,13.17,1.41,2.42,null,null]],"oneday":{"avg":null,"sunrise":null,"sunset":null},"tide":[null,null,null,null,null,null,null,null,null,null,null,null,null,null,null,null,null,null,null,null,null,null,null,null]}],"daily":[{"weather":[10.68,24.52],"tide":[null,null,null,null,null,null,null,null,null,null,null,null,null,null,null,null,null,null,null,null,null,null,null,null],"dailyEx":{"avg":null,"wave":null,"sunrise":null,"sunset":null}},{"weather":[10.2,22.85],"tide":[null,null,null,null,null,null,null,null,null,null,null,null,null,null,null,null,null,null,null,null,null,null,null,null],"dailyEx":{"avg":null,"wave":null,"sunrise":null,"sunset":null}},{"weather":[0.37,23.22],"tide":[null,null,null,null,null,null,null,null,null,null,null,null,null,null,null,null,null,null,null,null,null,null,null,null],"dailyEx":{"avg":null,"wave":null,"sunrise":null,"sunset":null}},{"weather":[1.92,23.48],"tide":[null,null,null,null,null,null,null,null,null,null,null,null,null,null,null,null,null,null,null,null,null,null,null,null],"dailyEx":{"avg":null,"wave":null,"sunrise":null,"sunset":null}},{"weather":[0.06,23.87],"tide":[null,null,null,null,null,null,null,null,null,null,null,null,null,null,null,null,null,null,null,null,null,null,null,null],"dailyEx":{"avg":null,"wave":null,"sunrise":null,"sunset":null}}]}
緑水園,2026-10-05,{"hourly":[{"weather":[[2.27,15.89,0,0,5.42,null,null],[1.18,15.83,0,0,6.01,null,null],[1.45,15.68,0.37,0,5.75,null,null],[2.18,15.94,1.1,1.63,6.09,null,null],[1,17.28,2.21,5.55,6.41,null,null],[1.73,18.92,3.31,8.37,6.81,null,null],[1.82,19.81,3.67,9.08,6.37,null,null],[1,20.65,2.94,8.63,5.69,null,null],[0.63,20.12,1.84,6.82,4.87,null,null],[1,19.15,1.47,3.63,4.35,null,null],[1,18.87,1.47,4.18,4.71,null,null],[1.45,18.7,0.73,3.37,4.5,null,null]],"oneday":{"avg":null,"sunrise":null,"sunset":null},"tide":[null,null,null,null,null,null,null,null,null,null,null,null,null,null,null,null,null,null,null,null,null,null,null,null]},{"weather":[[1,18.52,1.1,1.63,4.32,null,null],[0.82,18.36,1.47,2.35,4.44,null,null],[0.37,18.04,0.37,2.27,3.96,null,null],[0,18.01,0.73,1.1,4.77,null,null],[0.45,20.85,2.94,3.35,6.3,null,null],[0.37,23.94,3.31,5.32,6.85,null,null],[0.45,25.28,2.21,5.06,7.48,null,null],[0,25.76,0,1.27,7.85,null,null],[0,24.05,0.37,0,8.12,null,null],[0.63,21.52,0.73,1.27,8.47,null,null],[1,20.16,0.73,2.18,7.25,null,null],[1,19.27,0,1.55,6.95,null,null]],"oneday":{"avg":null,"sunrise":null,"sunset":null},"tide":[null,null,null,null,null,null,null,null,null,null,null,null,null,null,null,null,null,null,null,null,null,null,null,null]},{"weather":[[0.82,18.79,0.37,0.74,7.59,null,null],[1.37,18.29,2.21,5.57,7.92,null,null],[1.37,17.84,6.99,12.92,8.17,null,null],[1.82,17.57,11.03,21.32,7.12,null,null],[1.73,18.83,12.87,26.02,6.45,null,null],[0.37,21.68,10.66,26.75,6.05,null,null],[0,23.29,7.35,23.53,5.32,null,null],[0,22.18,3.7,18.68,3.72,null,null],[10.11,20.42,1.85,12.89,2.6,null,null],[1.29,18.02,1.47,7.86,1.97,null,null],[0.55,17.07,2.94,5.82,3.79,null,null],[0.73,16.5,5.88,6.77,6.03,null,null]],"oneday":{"avg":null,"sunrise":null,"sunset":null},"tide":[null,null,null,null,null,null,null,null,null,null,null,null,null,null,null,null,null,null,null,null,null,null,null,null]}],"daily":[{"weather":[3,21.61],"tide":[null,null,null,null,null,null,null,null,null,null,null,null,null,null,null,null,null,null,null,null,null,null,null,null],"dailyEx":{"avg":null,"wave":null,"sunrise":null,"sunset":null}},{"weather":[0.92,21.46],"tide":[null,null,null,null,null,null,null,null,null,null,null,null,null,null,null,null,null,null,null,null,null,null,null,null],"dailyEx":{"avg":null,"wave":null,"sunrise":null,"sunset":null}},{"weather":[1.53,21.65],"tide":[null,null,null,null,null,null,null,null,null,null,null,null,null,null,null,null,null,null,null,null,null,null,null,null],"dailyEx":{"avg":null,"wave":null,"sunrise":null,"sunset":null}},{"weather":[0.37,22.52],"tide":[null,null,null,null,null,null,null,null,null,null,null,null,null,null,null,null,null,null,null,null,null,null,null,null],"dailyEx":{"avg":null,"wave":null,"sunrise":null,"sunset":null}},{"weather":[0,22.63],"tide":[null,null,null,null,null,null,null,null,null,null,null,null,null,null,null,null,null,null,null,null,null,null,null,null],"dailyEx":{"avg":null,"wave":null,"sunrise":null,"sunset":null}}]}
熊の池,2026-10-05,{"hourly":[{"weather":[[2.75,17.45,0,0,5.88,null,null],[1.04,17.28,0,0.13,6.56,null,null],[1.75,17.04,0.14,0.17,6.28,null,null],[2.03,17.08,0.42,1.67,6.5,null,null],[1.07,18.33,0.84,4.2,6.56,null,null],[1.14,20.33,1.26,7.29,7.08,null,null],[1.86,21.44,1.4,9.91,6.69,null,null],[1.21,22.24,1.12,9.84,5.79,null,null],[1.07,21.87,0.7,8.23,4.83,null,null],[1.07,20.84,0.56,5.13,4.18,null,null],[1.14,20.42,0.56,4.42,4.59,null,null],[1.82,20.17,0.28,3.26,4.7,null,null]],"oneday":{"avg":null,"sunrise":null,"sunset":null},"tide":[null,null,null,null,null,null,null,null,null,null,null,null,null,null,null,null,null,null,null,null,null,null,null,null]},{"weather":[[1,19.97,0.42,2.38,5.02,null,null],[1.1,19.77,0.56,3.68,4.84,null,null],[0.21,19.14,0.14,2.78,4.03,null,null],[0.18,19.04,0.28,0.35,5.08,null,null],[0.86,21.34,1.12,4.15,6.3,null,null],[0.49,25.15,1.26,7.22,7.42,null,null],[1.09,26.54,0.84,6.54,9.12,null,null],[0.11,27.47,0,1.97,9.72,null,null],[0.32,25.9,0.14,0.49,9.41,null,null],[1.07,23.15,0.28,2.25,9.76,null,null],[0.82,21.7,0.28,2.02,8.71,null,null],[0.96,20.77,0,1.05,8.47,null,null]],"oneday":{"avg":null,"sunrise":null,"sunset":null},"tide":[null,null,null,null,null,null,null,null,null,null,null,null,null,null,null,null,null,null,null,null,null,null,null,null]},{"weather":[[0.89,20.25,0.14,0.17,9.28,null,null],[1.03,19.57,0.84,2.29,10.03,null,null],[1.03,19.18,2.65,9,10.37,null,null],[1.78,18.81,4.19,18.76,8.87,null,null],[1.03,20.28,4.89,24.76,8.18,null,null],[0,23.27,4.05,24.76,8.46,null,null],[0,25.09,2.79,18.76,7.87,null,null],[0,24.65,1.4,11.25,5.02,null,null],[0,23.14,0.7,5.3,3.96,null,null],[0.13,19.74,0.56,3.09,2.36,null,null],[0.14,18.64,1.12,5.06,5.15,null,null],[0.46,18.04,2.24,9.15,7.99,null,null]],"oneday":{"avg":null,"sunrise":null,"sunset":null},"tide":[null,null,null,null,null,null,null,null,null,null,null,null,null,null,null,null,null,null,null,null,null,null,null,null]}],"daily":[{"weather":[2.92,22.95],"tide":[null,null,null,null,null,null,null,null,null,null,null,null,null,null,null,null,null,null,null,null,null,null,null,null],"dailyEx":{"avg":null,"wave":null,"sunrise":null,"sunset":null}},{"weather":[0.46,23.18],"tide":[null,null,null,null,null,null,null,null,null,null,null,null,null,null,null,null,null,null,null,null,null,null,null,null],"dailyEx":{"avg":null,"wave":null,"sunrise":null,"sunset":null}},{"weather":[2.45,23.46],"tide":[null,null,null,null,null,null,null,null,null,null,null,null,null,null,null,null,null,null,null,null,null,null,null,null],"dailyEx":{"avg":null,"wave":null,"sunrise":null,"sunset":null}},{"weather":[0.28,24.35],"tide":[null,null,null,null,null,null,null,null,null,null,null,null,null,null,null,null,null,null,null,null,null,null,null,null],"dailyEx":{"avg":null,"wave":null,"sunrise":null,"sunset":null}},{"weather":[0.07,24.27],"tide":[null,null,null,null,null,null,null,null,null,null,null,null,null,null,null,null,null,null,null,null,null,null,null,null],"dailyEx":{"avg":null,"wave":null,"sunrise":null,"sunset":null}}]}
等々力緑地釣池,2026-10-05,{"hourly":[{"weather":[[2.11,17.91,0,0,4.42,null,null],[1,17.54,0,0,4.86,null,null],[1.24,17.43,0.46,0,4.75,null,null],[2.29,17.65,2.29,0.49,4.76,null,null],[1.3,18.89,5.11,2.23,4.99,null,null],[1.46,20.57,6.75,4.31,5.02,null,null],[1.41,21.84,7.07,5.81,4.54,null,null],[1.76,22.67,5.77,6.42,4.09,null,null],[1.17,22.28,3.47,5.42,3.37,null,null],[1.17,21.36,2.49,3.01,2.97,null,null],[1.59,20.94,2.35,2.49,3.12,null,null],[1.41,20.62,1.44,2.08,3.43,null,null]],"oneday":{"avg":null,"sunrise":null,"sunset":null},"tide":[null,null,null,null,null,null,null,null,null,null,null,null,null,null,null,null,null,null,null,null,null,null,null,null]},{"weather":[[1,20.46,1.9,1.84,3.6,null,null],[1.59,20.28,2.35,1.82,3.66,null,null],[0.76,19.81,0.72,1.4,3.19,null,null],[0.59,19.92,1.44,0.68,3.8,null,null],[0.41,22.39,4.71,1.89,4.46,null,null],[1.93,25.19,5.03,3.03,4.89,null,null],[1.34,26.5,3.4,3.29,5.15,null,null],[0.3,27.34,0.53,1.67,5.12,null,null],[0.93,25.83,0.85,1.02,5.36,null,null],[1.17,23.36,1.17,1.5,6.24,null,null],[0.54,21.86,1.17,0.83,5.78,null,null],[1,20.88,0.13,0.24,5.68,null,null]],"oneday":{"avg":null,"sunrise":null,"sunset":null},"tide":[null,null,null,null,null,null,null,null,null,null,null,null,null,null,null,null,null,null,null,null,null,null,null,null]},{"weather":[[0.83,20.38,0.46,0,6.27,null,null],[1.29,19.78,2.74,0.73,6.85,null,null],[1.29,19.43,9.46,2.91,7.02,null,null],[1.53,19.24,14.61,6.05,5.78,null,null],[1.29,20.96,16.5,8,5.84,null,null],[0,23.68,13.63,8,6.08,null,null],[0,24.94,9.26,6.05,5.53,null,null],[0,23.97,4.56,3.63,4.09,null,null],[0,21.65,2.28,1.69,3.7,null,null],[0.47,19.52,2.22,0.97,1.49,null,null],[0.46,18.79,4.97,2.64,2.33,null,null],[8.1,17.95,9.68,4.71,4.36,null,null]],"oneday":{"avg":null,"sunrise":null,"sunset":null},"tide":[null,null,null,null,null,null,null,null,null,null,null,null,null,null,null,null,null,null,null,null,null,null,null,null]}],"daily":[{"weather":[9.34,24.03],"tide":[null,null,null,null,null,null,null,null,null,null,null,null,null,null,null,null,null,null,null,null,null,null,null,null],"dailyEx":{"avg":null,"wave":null,"sunrise":null,"sunset":null}},{"weather":[8.1,22.93],"tide":[null,null,null,null,null,null,null,null,null,null,null,null,null,null,null,null,null,null,null,null,null,null,null,null],"dailyEx":{"avg":null,"wave":null,"sunrise":null,"sunset":null}},{"weather":[1.24,23.31],"tide":[null,null,null,null,null,null,null,null,null,null,null,null,null,null,null,null,null,null,null,null,null,null,null,null],"dailyEx":{"avg":null,"wave":null,"sunrise":null,"sunset":null}},{"weather":[1.31,23.73],"tide":[null,null,null,null,null,null,null,null,null,null,null,null,null,null,null,null,null,null,null,null,null,null,null,null],"dailyEx":{"avg":null,"wave":null,"sunrise":null,"sunset":null}},{"weather":[0.17,24.02],"tide":[null,null,null,null,null,null,null,null,null,null,null,null,null,null,null,null,null,null,null,null,null,null,null,null],"dailyEx":{"avg":null,"wave":null,"sunrise":null,"sunset":null}}]}
多摩川へら鮒センター,2026-10-05,{"hourly":[{"weather":[[2.55,17.62,0,0,5.78,null,null],[1,17.35,0,0,6.33,null,null],[1.55,17.11,0.21,0,6.17,null,null],[1.97,17.2,0.62,1.1,6.23,null,null],[1.24,18.42,1.25,4.2,6.6,null,null],[1.21,20.33,1.87,7.78,6.92,null,null],[1.79,21.59,2.08,10.32,6.32,null,null],[1.45,22.49,1.66,10.98,5.53,null,null],[1.24,22.11,1.04,9.15,4.54,null,null],[1.24,21.09,0.83,5.09,3.88,null,null],[1.21,20.61,0.83,4.37,4.11,null,null],[1.79,20.34,0.41,3.58,4.47,null,null]],"oneday":{"avg":null,"sunrise":null,"sunset":null},"tide":[null,null,null,null,null,null,null,null,null,null,null,null,null,null,null,null,null,null,null,null,null,null,null,null]},{"weather":[[1,20.16,0.62,3.02,4.81,null,null],[1.21,19.96,0.83,3.41,4.74,null,null],[0.45,19.32,0.21,2.61,3.78,null,null],[0.21,19.22,0.41,0.96,4.94,null,null],[0.79,21.49,1.66,3.72,5.92,null,null],[0.86,25.07,1.87,6.17,6.99,null,null],[1.48,26.45,1.25,6.34,8.02,null,null],[0.24,27.46,0,2.79,8.52,null,null],[0.69,26.09,0.21,1.44,8.03,null,null],[1.24,23.39,0.41,2.54,8.78,null,null],[0.79,21.82,0.41,1.59,7.82,null,null],[1,20.79,0,0.55,7.72,null,null]],"oneday":{"avg":null,"sunrise":null,"sunset":null},"tide":[null,null,null,null,null,null,null,null,null,null,null,null,null,null,null,null,null,null,null,null,null,null,null,null]},{"weather":[[0.76,20.27,0.21,0,8.63,null,null],[0.97,19.59,1.25,1.66,9.51,null,null],[0.97,19.18,3.95,6.62,9.85,null,null],[1.52,18.81,6.24,13.79,8.17,null,null],[0.97,20.44,7.28,18.21,8.2,null,null],[0,23.34,6.03,18.21,8.53,null,null],[0,25.06,4.16,13.79,7.98,null,null],[0,24.62,2.08,8.28,5.2,null,null],[0,22.83,1.04,3.86,4.87,null,null],[0.48,19.68,0.83,2.21,2.38,null,null],[0.21,18.73,1.66,4.99,4.49,null,null],[0.62,17.94,3.33,8.95,7.22,null,null]],"oneday":{"avg":null,"sunrise":null,"sunset":null},"tide":[null,null,null,null,null,null,null,null,null,null,null,null,null,null,null,null,null,null,null,null,null,null,null,null]}],"daily":[{"weather":[3,23.15],"tide":[null,null,null,null,null,null,null,null,null,null,null,null,null,null,null,null,null,null,null,null,null,null,null,null],"dailyEx":{"avg":null,"wave":null,"sunrise":null,"sunset":null}},{"weather":[0.62,23.1],"tide":[null,null,null,null,null,null,null,null,null,null,null,null,null,null,null,null,null,null,null,null,null,null,null,null],"dailyEx":{"avg":null,"wave":null,"sunrise":null,"sunset":null}},{"weather":[2.38,23.45],"tide":[null,null,null,null,null,null,null,null,null,null,null,null,null,null,null,null,null,null,null,null,null,null,null,null],"dailyEx":{"avg":null,"wave":null,"sunrise":null,"sunset":null}},{"weather":[0.41,24.13],"tide":[null,null,null,null,null,null,null,null,null,null,null,null,null,null,null,null,null,null,null,null,null,null,null,null],"dailyEx":{"avg":null,"wave":null,"sunrise":null,"sunset":null}},{"weather":[0.24,24.15],"tide":[null,null,null,null,null,null,null,null,null,null,null,null,null,null,null,null,null,null,null,null,null,null,null,null],"dailyEx":{"avg":null,"wave":null,"sunrise":null,"sunset":null}}]}
ベリーパーク in FISH ON! 王禅寺,2026-10-05,{"hourly":[{"weather":[[2.65,17.48,0,0,5.79,null,null],[1.04,17.27,0,0.12,6.41,null,null],[1.65,17.04,0.16,0.16,6.2,null,null],[1.97,17.09,0.48,1.46,6.35,null,null],[1.15,18.34,0.96,4.19,6.54,null,null],[1.16,20.31,1.43,7.63,6.94,null,null],[1.84,21.5,1.59,10.53,6.51,null,null],[1.31,22.35,1.28,10.97,5.66,null,null],[1.15,21.98,0.8,9.29,4.7,null,null],[1.15,20.94,0.64,5.67,4.01,null,null],[1.16,20.48,0.64,4.73,4.37,null,null],[1.8,20.22,0.32,3.6,4.6,null,null]],"oneday":{"avg":null,"sunrise":null,"sunset":null},"tide":[null,null,null,null,null,null,null,null,null,null,null,null,null,null,null,null,null,null,null,null,null,null,null,null]},{"weather":[[1,20.02,0.48,2.83,4.94,null,null],[1.12,19.81,0.64,3.68,4.83,null,null],[0.31,19.18,0.16,2.79,3.94,null,null],[0.2,19.09,0.32,0.69,5.07,null,null],[0.84,21.38,1.28,3.97,6.08,null,null],[0.63,25.12,1.43,6.71,7.23,null,null],[1.26,26.51,0.96,6.4,8.68,null,null],[0.19,27.45,0,2.36,9.25,null,null],[0.5,25.97,0.16,0.99,8.81,null,null],[1.15,23.24,0.32,2.53,9.3,null,null],[0.8,21.73,0.32,1.97,8.32,null,null],[0.96,20.76,0,0.93,8.16,null,null]],"oneday":{"avg":null,"sunrise":null,"sunset":null},"tide":[null,null,null,null,null,null,null,null,null,null,null,null,null,null,null,null,null,null,null,null,null,null,null,null]},{"weather":[[0.81,20.22,0.16,0.16,9.01,null,null],[0.97,19.54,0.96,1.99,9.83,null,null],[0.97,19.15,3.03,7.78,10.17,null,null],[1.62,18.77,4.78,16.2,8.58,null,null],[0.97,20.33,5.58,21.39,8.29,null,null],[0,23.28,4.62,21.39,8.61,null,null],[0,25.07,3.19,16.2,8.03,null,null],[0,24.65,1.59,9.72,5.24,null,null],[0,22.98,0.8,4.58,4.49,null,null],[0.3,19.67,0.64,2.68,2.45,null,null],[0.16,18.62,1.28,5.03,4.87,null,null],[0.52,17.93,2.55,9.03,7.58,null,null]],"oneday":{"avg":null,"sunrise":null,"sunset":null},"tide":[null,null,null,null,null,null,null,null,null,null,null,null,null,null,null,null,null,null,null,null,null,null,null,null]}],"daily":[{"weather":[2.92,23.01],"tide":[null,null,null,null,null,null,null,null,null,null,null,null,null,null,null,null,null,null,null,null,null,null,null,null],"dailyEx":{"avg":null,"wave":null,"sunrise":null,"sunset":null}},{"weather":[0.52,23.14],"tide":[null,null,null,null,null,null,null,null,null,null,null,null,null,null,null,null,null,null,null,null,null,null,null,null],"dailyEx":{"avg":null,"wave":null,"sunrise":null,"sunset":null}},{"weather":[2.4,23.44],"tide":[null,null,null,null,null,null,null,null,null,null,null,null,null,null,null,null,null,null,null,null,null,null,null,null],"dailyEx":{"avg":null,"wave":null,"sunrise":null,"sunset":null}},{"weather":[0.32,24.25],"tide":[null,null,null,null,null,null,null,null,null,null,null,null,null,null,null,null,null,null,null,null,null,null,null,null],"dailyEx":{"avg":null,"wave":null,"sunrise":null,"sunset":null}},{"weather":[0.15,24.21],"tide":[null,null,null,null,null,null,null,null,null,null,null,null,null,null,null,null,null,null,null,null,null,null,null,null],"dailyEx":{"avg":null,"wave":null,"sunrise":null,"sunset":null}}]}
釣船茶屋 ざうお 横浜綱島店,2026-10-05,{"hourly":[{"weather":[[1.93,18.02,0,0,4,null,null],[1,17.65,0,0,4.42,null,null],[1.15,17.59,0.6,0,4.29,null,null],[2.44,17.89,2.89,0.31,4.34,null,null],[1.24,19.15,6.41,1.3,4.42,null,null],[1.67,20.71,8.52,2.47,4.39,null,null],[1.31,21.89,8.97,3.3,3.95,null,null],[1.78,22.68,7.3,3.6,3.62,null,null],[1.02,22.27,4.41,3.02,3.01,null,null],[1.09,21.42,3.19,1.68,2.79,null,null],[1.69,21.04,3.03,1.41,2.93,null,null],[1.24,20.72,1.82,1.17,3.13,null,null]],"oneday":{"avg":null,"sunrise":null,"sunset":null},"tide":[null,null,null,null,null,null,null,null,null,null,null,null,null,null,null,null,null,null,null,null,null,null,null,null]},{"weather":[[1,20.58,2.43,1.01,3.2,null,null],[1.69,20.42,3.03,1.06,3.28,null,null],[0.85,20.05,0.91,0.81,3.1,null,null],[0.69,20.24,1.82,0.35,3.4,null,null],[0.24,22.81,6.06,1.12,4.08,null,null],[2.22,25.31,6.51,1.83,4.15,null,null],[1.11,26.58,4.39,1.94,4.12,null,null],[0.24,27.29,0.62,0.93,3.89,null,null],[0.87,25.66,1.07,0.53,4.62,null,null],[1.02,23.3,1.51,0.84,5.51,null,null],[0.47,21.86,1.51,0.49,5.2,null,null],[1,20.94,0.16,0.15,5.06,null,null]],"oneday":{"avg":null,"sunrise":null,"sunset":null},"tide":[null,null,null,null,null,null,null,null,null,null,null,null,null,null,null,null,null,null,null,null,null,null,null,null]},{"weather":[[0.91,20.47,0.6,0,5.47,null,null],[1.51,19.92,3.62,0.46,5.83,null,null],[1.51,19.59,12.38,1.85,5.88,null,null],[1.67,19.48,19.17,3.85,4.87,null,null],[1.58,21.12,21.71,5.08,4.7,null,null],[0.07,23.8,17.94,5.08,4.84,null,null],[0,24.87,12.21,3.85,4.28,null,null],[0,23.63,6.03,2.31,3.38,null,null],[0.14,21.19,3.01,1.08,2.85,null,null],[0.54,19.51,2.88,0.62,1.06,null,null],[0.6,18.83,6.37,1.54,1.54,null,null],[9.65,18.04,12.44,2.77,3.39,null,null]],"oneday":{"avg":null,"sunrise":null,"sunset":null},"tide":[null,null,null,null,null,null,null,null,null,null,null,null,null,null,null,null,null,null,null,null,null,null,null,null]}],"daily":[{"weather":[10.44,24.39],"tide":[null,null,null,null,null,null,null,null,null,null,null,null,null,null,null,null,null,null,null,null,null,null,null,null],"dailyEx":{"avg":null,"wave":null,"sunrise":null,"sunset":null}},{"weather":[9.58,22.88],"tide":[null,null,null,null,null,null,null,null,null,null,null,null,null,null,null,null,null,null,null,null,null,null,null,null],"dailyEx":{"avg":null,"wave":null,"sunrise":null,"sunset":null}},{"weather":[0.73,23.27],"tide":[null,null,null,null,null,null,null,null,null,null,null,null,null,null,null,null,null,null,null,null,null,null,null,null],"dailyEx":{"avg":null,"wave":null,"sunrise":null,"sunset":null}},{"weather":[1.6,23.62],"tide":[null,null,null,null,null,null,null,null,null,null,null,null,null,null,null,null,null,null,null,null,null,null,null,null],"dailyEx":{"avg":null,"wave":null,"sunrise":null,"sunset":null}},{"weather":[0.09,24],"tide":[null,null,null,null,null,null,null,null,null,null,null,null,null,null,null,null,null,null,null,null,null,null,null,null],"dailyEx":{"avg":null,"wave":null,"sunrise":null,"sunset":null}}]}
横浜釣り堀王国,2026-10-05,{"hourly":[{"weather":[[1.55,18.16,0,0,4.05,null,null],[1,17.81,0,0,4.47,null,null],[1.09,17.81,0.91,0,4.37,null,null],[2.38,18.23,2.74,0.17,4.57,null,null],[1,19.55,5.48,0.43,4.43,null,null],[2.19,20.9,8.23,0.69,4.36,null,null],[1.62,21.73,9.14,0.86,3.95,null,null],[1.64,22.57,7.31,0.77,3.72,null,null],[0.73,22.14,4.57,0.6,3.18,null,null],[1.26,21.43,3.66,0.34,3.17,null,null],[1.38,21.09,3.66,0.34,3.27,null,null],[1.09,20.84,1.83,0.26,3.37,null,null]],"oneday":{"avg":null,"sunrise":null,"sunset":null},"tide":[null,null,null,null,null,null,null,null,null,null,null,null,null,null,null,null,null,null,null,null,null,null,null,null]},{"weather":[[1,20.71,2.74,0.17,3.27,null,null],[1.38,20.6,3.66,0.34,3.36,null,null],[0.91,20.41,0.91,0.26,3.38,null,null],[0.64,20.67,1.83,0,3.53,null,null],[0.09,23.31,7.31,0.43,4.28,null,null],[2.2,25.37,8.23,0.77,3.97,null,null],[0.73,26.56,5.48,0.69,3.75,null,null],[0,26.69,0,0.17,3.59,null,null],[0.38,25.3,0.91,0,4.55,null,null],[0.47,23.27,1.83,0.17,5.51,null,null],[0.62,21.96,1.83,0.17,5.25,null,null],[1,21.09,0,0.09,5.07,null,null]],"oneday":{"avg":null,"sunrise":null,"sunset":null},"tide":[null,null,null,null,null,null,null,null,null,null,null,null,null,null,null,null,null,null,null,null,null,null,null,null]},{"weather":[[1,20.68,0.91,0,5.23,null,null],[1.91,20.22,5.48,0.26,5.21,null,null],[1.91,19.88,17.37,1.03,5.01,null,null],[2.26,19.82,27.42,2.15,4.17,null,null],[2.45,21,32,2.83,3.66,null,null],[0.53,23.55,26.51,2.83,3.56,null,null],[0,24.57,18.28,2.15,3.29,null,null],[0,22.89,9.14,1.29,2.89,null,null],[1.32,20.9,4.57,0.6,2.02,null,null],[1.6,19.87,3.66,0.34,1.03,null,null],[1.43,19.22,7.31,0.52,1.38,null,null],[1.69,18.65,14.63,0.94,3.1,null,null]],"oneday":{"avg":null,"sunrise":null,"sunset":null},"tide":[null,null,null,null,null,null,null,null,null,null,null,null,null,null,null,null,null,null,null,null,null,null,null,null]}],"daily":[{"weather":[3,24.48],"tide":[null,null,null,null,null,null,null,null,null,null,null,null,null,null,null,null,null,null,null,null,null,null,null,null],"dailyEx":{"avg":null,"wave":null,"sunrise":null,"sunset":null}},{"weather":[1.68,22.73],"tide":[null,null,null,null,null,null,null,null,null,null,null,null,null,null,null,null,null,null,null,null,null,null,null,null],"dailyEx":{"avg":null,"wave":null,"sunrise":null,"sunset":null}},{"weather":[0.26,23.09],"tide":[null,null,null,null,null,null,null,null,null,null,null,null,null,null,null,null,null,null,null,null,null,null,null,null],"dailyEx":{"avg":null,"wave":null,"sunrise":null,"sunset":null}},{"weather":[1.3,23.4],"tide":[null,null,null,null,null,null,null,null,null,null,null,null,null,null,null,null,null,null,null,null,null,null,null,null],"dailyEx":{"avg":null,"wave":null,"sunrise":null,"sunset":null}},{"weather":[0,23.82],"tide":[null,null,null,null,null,null,null,null,null,null,null,null,null,null,null,null,null,null,null,null,null,null,null,null],"dailyEx":{"avg":null,"wave":null,"sunrise":null,"sunset":null}}]}
大岡川,2026-10-05,{"hourly":[{"weather":[[1.92,18.13,0,0,3.58,null,null],[1,17.76,0,0,4.01,null,null],[1.08,17.74,0.89,0,3.87,null,null],[2.7,18.11,2.68,0.17,3.92,null,null],[1.02,19.4,5.36,0.56,3.91,null,null],[1.96,20.84,8.04,0.99,3.85,null,null],[1.27,21.87,8.94,1.3,3.44,null,null],[1.85,22.64,7.15,1.34,3.26,null,null],[0.96,22.23,4.47,1.1,2.72,null,null],[1.12,21.44,3.57,0.62,2.65,null,null],[1.73,21.11,3.57,0.54,2.75,null,null],[1.11,20.77,1.79,0.44,2.89,null,null]],"oneday":{"avg":null,"sunrise":null,"sunset":null},"tide":[null,null,null,null,null,null,null,null,null,null,null,null,null,null,null,null,null,null,null,null,null,null,null,null]},{"weather":[[1,20.65,2.68,0.35,2.85,null,null],[1.73,20.54,3.57,0.45,2.94,null,null],[0.92,20.3,0.89,0.34,2.93,null,null],[0.83,20.55,1.79,0.1,3.04,null,null],[0.11,23.24,7.15,0.51,3.74,null,null],[2.57,25.39,8.04,0.86,3.56,null,null],[0.98,26.61,5.36,0.85,3.41,null,null],[0.02,27.03,0,0.33,3.03,null,null],[0.77,25.43,0.89,0.14,4.08,null,null],[0.86,23.24,1.79,0.31,4.88,null,null],[0.27,21.92,1.79,0.21,4.75,null,null],[1,21.01,0,0.08,4.51,null,null]],"oneday":{"avg":null,"sunrise":null,"sunset":null},"tide":[null,null,null,null,null,null,null,null,null,null,null,null,null,null,null,null,null,null,null,null,null,null,null,null]},{"weather":[[0.98,20.59,0.89,0,4.73,null,null],[1.87,20.08,5.36,0.25,4.92,null,null],[1.87,19.77,16.98,0.99,4.87,null,null],[2.05,19.71,26.81,2.07,4.03,null,null],[2.04,21.18,31.28,2.73,3.6,null,null],[0.17,23.84,25.92,2.73,3.72,null,null],[0,24.75,17.87,2.07,3.29,null,null],[0,23.17,8.94,1.24,3,null,null],[0.43,20.81,4.47,0.58,2.26,null,null],[0.55,19.59,3.57,0.33,0.84,null,null],[1.09,18.95,7.15,0.66,0.98,null,null],[2.32,18.35,14.3,1.19,2.84,null,null]],"oneday":{"avg":null,"sunrise":null,"sunset":null},"tide":[null,null,null,null,null,null,null,null,null,null,null,null,null,null,null,null,null,null,null,null,null,null,null,null]}],"daily":[{"weather":[3,24.64],"tide":[null,null,null,null,null,null,null,null,null,null,null,null,null,null,null,null,null,null,null,null,null,null,null,null],"dailyEx":{"avg":null,"wave":null,"sunrise":null,"sunset":null}},{"weather":[2.35,22.74],"tide":[null,null,null,null,null,null,null,null,null,null,null,null,null,null,null,null,null,null,null,null,null,null,null,null],"dailyEx":{"avg":null,"wave":null,"sunrise":null,"sunset":null}},{"weather":[0.32,23.12],"tide":[null,null,null,null,null,null,null,null,null,null,null,null,null,null,null,null,null,null,null,null,null,null,null,null],"dailyEx":{"avg":null,"wave":null,"sunrise":null,"sunset":null}},{"weather":[1.62,23.46],"tide":[null,null,null,null,null,null,null,null,null,null,null,null,null,null,null,null,null,null,null,null,null,null,null,null],"dailyEx":{"avg":null,"wave":null,"sunrise":null,"sunset":null}},{"weather":[0.02,23.88],"tide":[null,null,null,null,null,null,null,null,null,null,null,null,null,null,null,null,null,null,null,null,null,null,null,null],"dailyEx":{"avg":null,"wave":null,"sunrise":null,"sunset":null}}]}
鶴見川橋,2026-10-05,{"hourly":[{"weather":[[1.78,18.26,0.12,0,3.73,null,null],[1,17.84,0.48,0,4.14,null,null],[1.07,17.81,0.81,0,4.04,null,null],[2.5,18.12,3.4,0.14,4.03,null,null],[1.36,19.28,7.74,0.77,4.07,null,null],[1.57,20.78,10.26,1.52,4.02,null,null],[1.14,21.99,12.32,2.07,3.65,null,null],[1.81,22.75,12.94,2.34,3.42,null,null],[1.07,22.38,7.27,1.99,2.87,null,null],[1.19,21.59,3.74,1.1,2.71,null,null],[1.86,21.23,2.97,0.89,2.79,null,null],[1.26,20.9,2.78,0.76,3.01,null,null]],"oneday":{"avg":null,"sunrise":null,"sunset":null},"tide":[null,null,null,null,null,null,null,null,null,null,null,null,null,null,null,null,null,null,null,null,null,null,null,null]},{"weather":[[1.12,20.76,3.71,0.68,3.01,null,null],[1.86,20.62,3.68,0.63,3.14,null,null],[1.05,20.31,1.39,0.49,3.02,null,null],[0.86,20.52,2.31,0.27,3.25,null,null],[0.26,22.95,6.41,0.63,3.78,null,null],[2.65,25.07,6.92,0.99,3.71,null,null],[1.14,26.31,4.99,1.12,3.63,null,null],[0.36,27,1.41,0.62,3.26,null,null],[0.88,25.46,1.45,0.41,3.99,null,null],[0.95,23.34,1.6,0.55,4.76,null,null],[0.43,22,1.48,0.28,4.82,null,null],[1,21.05,0.17,0.07,4.64,null,null]],"oneday":{"avg":null,"sunrise":null,"sunset":null},"tide":[null,null,null,null,null,null,null,null,null,null,null,null,null,null,null,null,null,null,null,null,null,null,null,null]},{"weather":[[0.93,20.57,0.69,0,5.04,null,null],[1.62,20.04,3.87,0.22,5.32,null,null],[1.62,19.73,12.88,0.87,5.36,null,null],[1.69,19.67,19.29,1.8,4.48,null,null],[1.62,21.26,21.24,2.38,4.22,null,null],[0.12,23.76,17.54,2.38,4.27,null,null],[0,24.7,11.86,1.8,3.69,null,null],[0,23.33,5.9,1.08,3.2,null,null],[0.36,20.91,3.07,0.5,2.68,null,null],[0.43,19.41,2.91,0.29,0.98,null,null],[0.69,18.76,6.28,0.9,1.01,null,null],[10.85,18.06,12.92,1.62,2.5,null,null]],"oneday":{"avg":null,"sunrise":null,"sunset":null},"tide":[null,null,null,null,null,null,null,null,null,null,null,null,null,null,null,null,null,null,null,null,null,null,null,null]}],"daily":[{"weather":[11.39,24.48],"tide":[null,null,null,null,null,null,null,null,null,null,null,null,null,null,null,null,null,null,null,null,null,null,null,null],"dailyEx":{"avg":null,"wave":null,"sunrise":null,"sunset":null}},{"weather":[10.85,22.86],"tide":[null,null,null,null,null,null,null,null,null,null,null,null,null,null,null,null,null,null,null,null,null,null,null,null],"dailyEx":{"avg":null,"wave":null,"sunrise":null,"sunset":null}},{"weather":[0.42,23.23],"tide":[null,null,null,null,null,null,null,null,null,null,null,null,null,null,null,null,null,null,null,null,null,null,null,null],"dailyEx":{"avg":null,"wave":null,"sunrise":null,"sunset":null}},{"weather":[1.89,23.49],"tide":[null,null,null,null,null,null,null,null,null,null,null,null,null,null,null,null,null,null,null,null,null,null,null,null],"dailyEx":{"avg":null,"wave":null,"sunrise":null,"sunset":null}},{"weather":[0.07,23.87],"tide":[null,null,null,null,null,null,null,null,null,null,null,null,null,null,null,null,null,null,null,null,null,null,null,null],"dailyEx":{"avg":null,"wave":null,"sunrise":null,"sunset":null}}]}
二ヶ領用水,2026-10-05,{"hourly":[{"weather":[[2.65,17.53,0,0,6.17,null,null],[1,17.29,0,0,6.76,null,null],[1.65,17.02,0.1,0,6.58,null,null],[1.85,17.06,0.29,1.3,6.67,null,null],[1.25,18.27,0.59,4.76,7.05,null,null],[1.1,20.26,0.88,8.73,7.46,null,null],[1.9,21.52,0.98,11.55,6.84,null,null],[1.35,22.44,0.79,12.17,5.94,null,null],[1.25,22.06,0.49,10.11,4.88,null,null],[1.25,21.01,0.39,5.64,4.14,null,null],[1.1,20.51,0.39,4.87,4.41,null,null],[1.9,20.27,0.2,3.97,4.77,null,null]],"oneday":{"avg":null,"sunrise":null,"sunset":null},"tide":[null,null,null,null,null,null,null,null,null,null,null,null,null,null,null,null,null,null,null,null,null,null,null,null]},{"weather":[[1,20.08,0.29,3.32,5.16,null,null],[1.1,19.86,0.39,3.86,5.05,null,null],[0.35,19.16,0.1,2.96,3.95,null,null],[0.1,19.01,0.2,1.01,5.27,null,null],[0.9,21.22,0.79,4.26,6.34,null,null],[0.55,25.02,0.88,7.11,7.6,null,null],[1.51,26.42,0.59,7.21,8.87,null,null],[0.25,27.51,0,3.07,9.52,null,null],[0.61,26.17,0.1,1.52,8.81,null,null],[1.25,23.39,0.2,2.81,9.52,null,null],[0.9,21.8,0.2,1.8,8.42,null,null],[1,20.77,0,0.65,8.32,null,null]],"oneday":{"avg":null,"sunrise":null,"sunset":null},"tide":[null,null,null,null,null,null,null,null,null,null,null,null,null,null,null,null,null,null,null,null,null,null,null,null]},{"weather":[[0.75,20.23,0.1,0,9.33,null,null],[0.85,19.53,0.59,1.95,10.29,null,null],[0.85,19.11,1.87,7.78,10.67,null,null],[1.49,18.69,2.95,16.21,8.88,null,null],[0.85,20.3,3.44,21.4,8.9,null,null],[0,23.23,2.85,21.4,9.23,null,null],[0,25.11,1.96,16.21,8.68,null,null],[0,24.82,0.98,9.73,5.49,null,null],[0,23.19,0.49,4.54,5.13,null,null],[0.51,19.74,0.39,2.6,2.61,null,null],[0.1,18.72,0.79,5.66,5.13,null,null],[0.29,17.93,1.57,10.17,8.01,null,null]],"oneday":{"avg":null,"sunrise":null,"sunset":null},"tide":[null,null,null,null,null,null,null,null,null,null,null,null,null,null,null,null,null,null,null,null,null,null,null,null]}],"daily":[{"weather":[3,22.89],"tide":[null,null,null,null,null,null,null,null,null,null,null,null,null,null,null,null,null,null,null,null,null,null,null,null],"dailyEx":{"avg":null,"wave":null,"sunrise":null,"sunset":null}},{"weather":[0.29,23.17],"tide":[null,null,null,null,null,null,null,null,null,null,null,null,null,null,null,null,null,null,null,null,null,null,null,null],"dailyEx":{"avg":null,"wave":null,"sunrise":null,"sunset":null}},{"weather":[2.71,23.5],"tide":[null,null,null,null,null,null,null,null,null,null,null,null,null,null,null,null,null,null,null,null,null,null,null,null],"dailyEx":{"avg":null,"wave":null,"sunrise":null,"sunset":null}},{"weather":[0.2,24.25],"tide":[null,null,null,null,null,null,null,null,null,null,null,null,null,null,null,null,null,null,null,null,null,null,null,null],"dailyEx":{"avg":null,"wave":null,"sunrise":null,"sunset":null}},{"weather":[0.25,24.2],"tide":[null,null,null,null,null,null,null,null,null,null,null,null,null,null,null,null,null,null,null,null,null,null,null,null],"dailyEx":{"avg":null,"wave":null,"sunrise":null,"sunset":null}}]}
柏尾川,2026-10-05,{"hourly":[{"weather":[[1.59,18.06,0,0,4.77,null,null],[1,17.76,0,0,5.26,null,null],[1.19,17.72,0.81,0,5.12,null,null],[2.2,18.11,2.42,0.38,5.4,null,null],[1,19.46,4.85,0.96,5.24,null,null],[2.26,20.85,7.27,1.54,5.26,null,null],[1.8,21.62,8.08,1.92,4.76,null,null],[1.36,22.51,6.46,1.73,4.38,null,null],[0.55,22.03,4.04,1.35,3.77,null,null],[1.15,21.29,3.23,0.77,3.7,null,null],[1.2,20.95,3.23,0.77,3.84,null,null],[1.19,20.76,1.62,0.58,3.92,null,null]],"oneday":{"avg":null,"sunrise":null,"sunset":null},"tide":[null,null,null,null,null,null,null,null,null,null,null,null,null,null,null,null,null,null,null,null,null,null,null,null]},{"weather":[[1,20.62,2.42,0.38,3.86,null,null],[1.2,20.5,3.23,0.77,3.9,null,null],[0.81,20.24,0.81,0.58,3.85,null,null],[0.36,20.44,1.62,0,4.12,null,null],[0.19,23.06,6.46,0.96,5.09,null,null],[1.53,25.48,7.27,1.73,4.84,null,null],[0.55,26.7,4.85,1.54,4.66,null,null],[0,26.92,0,0.38,4.67,null,null],[0.2,25.42,0.81,0,5.72,null,null],[0.4,23.26,1.62,0.38,6.71,null,null],[0.8,21.91,1.62,0.38,6.19,null,null],[1,21.05,0,0.19,6.01,null,null]],"oneday":{"avg":null,"sunrise":null,"sunset":null},"tide":[null,null,null,null,null,null,null,null,null,null,null,null,null,null,null,null,null,null,null,null,null,null,null,null]},{"weather":[[1,20.66,0.81,0,6.28,null,null],[1.81,20.18,4.85,0.58,6.26,null,null],[1.81,19.82,15.35,2.31,6.05,null,null],[2.15,19.73,24.23,4.8,5.04,null,null],[2.41,20.83,28.27,6.34,4.46,null,null],[0.6,23.44,23.43,6.34,4.29,null,null],[0,24.63,16.16,4.8,3.89,null,null],[0,23.14,8.08,2.88,2.87,null,null],[1.36,21.24,4.04,1.35,2.18,null,null],[1.81,19.85,3.23,0.77,1.2,null,null],[1.12,19.11,6.46,1.15,2.09,null,null],[1.51,18.48,12.93,2.12,4.05,null,null]],"oneday":{"avg":null,"sunrise":null,"sunset":null},"tide":[null,null,null,null,null,null,null,null,null,null,null,null,null,null,null,null,null,null,null,null,null,null,null,null]}],"daily":[{"weather":[3,24.24],"tide":[null,null,null,null,null,null,null,null,null,null,null,null,null,null,null,null,null,null,null,null,null,null,null,null],"dailyEx":{"avg":null,"wave":null,"sunrise":null,"sunset":null}},{"weather":[1.22,22.86],"tide":[null,null,null,null,null,null,null,null,null,null,null,null,null,null,null,null,null,null,null,null,null,null,null,null],"dailyEx":{"avg":null,"wave":null,"sunrise":null,"sunset":null}},{"weather":[0.58,23.25],"tide":[null,null,null,null,null,null,null,null,null,null,null,null,null,null,null,null,null,null,null,null,null,null,null,null],"dailyEx":{"avg":null,"wave":null,"sunrise":null,"sunset":null}},{"weather":[1.01,23.66],"tide":[null,null,null,null,null,null,null,null,null,null,null,null,null,null,null,null,null,null,null,null,null,null,null,null],"dailyEx":{"avg":null,"wave":null,"sunrise":null,"sunset":null}},{"weather":[0,24.01],"tide":[null,null,null,null,null,null,null,null,null,null,null,null,null,null,null,null,null,null,null,null,null,null,null,null],"dailyEx":{"avg":null,"wave":null,"sunrise":null,"sunset":null}}]}
富岡並木ふなだまり公園,2026-10-05,{"hourly":[{"weather":[[1.49,18.16,0,0,4.1,null,null],[1,17.82,0,0,4.51,null,null],[1.09,17.82,0.91,0,4.42,null,null],[2.32,18.25,2.74,0.17,4.65,null,null],[1,19.56,5.48,0.43,4.49,null,null],[2.2,20.91,8.22,0.69,4.43,null,null],[1.68,21.7,9.14,0.86,4.01,null,null],[1.63,22.56,7.31,0.78,3.79,null,null],[0.71,22.13,4.57,0.6,3.24,null,null],[1.31,21.43,3.66,0.34,3.23,null,null],[1.32,21.1,3.66,0.34,3.33,null,null],[1.09,20.86,1.83,0.26,3.43,null,null]],"oneday":{"avg":null,"sunrise":null,"sunset":null},"tide":[null,null,null,null,null,null,null,null,null,null,null,null,null,null,null,null,null,null,null,null,null,null,null,null]},{"weather":[[1,20.72,2.74,0.17,3.33,null,null],[1.32,20.61,3.66,0.34,3.41,null,null],[0.91,20.43,0.91,0.26,3.42,null,null],[0.63,20.69,1.83,0,3.59,null,null],[0.09,23.31,7.31,0.43,4.34,null,null],[2.17,25.34,8.22,0.78,4.03,null,null],[0.71,26.52,5.48,0.69,3.83,null,null],[0,26.6,0,0.17,3.71,null,null],[0.32,25.27,0.91,0,4.6,null,null],[0.41,23.28,1.83,0.17,5.58,null,null],[0.68,21.97,1.83,0.17,5.31,null,null],[1,21.1,0,0.09,5.14,null,null]],"oneday":{"avg":null,"sunrise":null,"sunset":null},"tide":[null,null,null,null,null,null,null,null,null,null,null,null,null,null,null,null,null,null,null,null,null,null,null,null]},{"weather":[[1,20.69,0.91,0,5.29,null,null],[1.91,20.23,5.48,0.26,5.25,null,null],[1.91,19.9,17.37,1.03,5.03,null,null],[2.31,19.83,27.42,2.15,4.19,null,null],[2.51,20.96,31.99,2.84,3.69,null,null],[0.59,23.49,26.5,2.84,3.55,null,null],[0,24.53,18.28,2.15,3.33,null,null],[0,22.83,9.14,1.29,2.93,null,null],[1.49,20.93,4.57,0.6,2.02,null,null],[1.77,19.93,3.66,0.34,1.09,null,null],[1.52,19.28,7.31,0.52,1.47,null,null],[1.54,18.73,14.62,0.95,3.14,null,null]],"oneday":{"avg":null,"sunrise":null,"sunset":null},"tide":[null,null,null,null,null,null,null,null,null,null,null,null,null,null,null,null,null,null,null,null,null,null,null,null]}],"daily":[{"weather":[3,24.43],"tide":[null,null,null,null,null,null,null,null,null,null,null,null,null,null,null,null,null,null,null,null,null,null,null,null],"dailyEx":{"avg":null,"wave":null,"sunrise":null,"sunset":null}},{"weather":[1.56,22.72],"tide":[null,null,null,null,null,null,null,null,null,null,null,null,null,null,null,null,null,null,null,null,null,null,null,null],"dailyEx":{"avg":null,"wave":null,"sunrise":null,"sunset":null}},{"weather":[0.26,23.08],"tide":[null,null,null,null,null,null,null,null,null,null,null,null,null,null,null,null,null,null,null,null,null,null,null,null],"dailyEx":{"avg":null,"wave":null,"sunrise":null,"sunset":null}},{"weather":[1.24,23.37],"tide":[null,null,null,null,null,null,null,null,null,null,null,null,null,null,null,null,null,null,null,null,null,null,null,null],"dailyEx":{"avg":null,"wave":null,"sunrise":null,"sunset":null}},{"weather":[0,23.78],"tide":[null,null,null,null,null,null,null,null,null,null,null,null,null,null,null,null,null,null,null,null,null,null,null,null],"dailyEx":{"avg":null,"wave":null,"sunrise":null,"sunset":null}}]}
古市場サッカー場,2026-10-05,{"hourly":[{"weather":[[1.76,18.2,0.1,0,3.86,null,null],[1,17.79,0.42,0,4.26,null,null],[1.1,17.75,0.68,0,4.17,null,null],[2.38,18.04,3.48,0.19,4.17,null,null],[1.43,19.19,8.1,1.03,4.24,null,null],[1.48,20.74,10.41,2.05,4.19,null,null],[1.19,21.98,12.11,2.78,3.82,null,null],[1.8,22.75,12.45,3.14,3.54,null,null],[1.09,22.38,6.98,2.67,2.96,null,null],[1.19,21.58,3.59,1.48,2.75,null,null],[1.81,21.2,2.83,1.2,2.85,null,null],[1.29,20.88,2.72,1.02,3.09,null,null]],"oneday":{"avg":null,"sunrise":null,"sunset":null},"tide":[null,null,null,null,null,null,null,null,null,null,null,null,null,null,null,null,null,null,null,null,null,null,null,null]},{"weather":[[1.1,20.73,3.51,0.92,3.12,null,null],[1.81,20.56,3.46,0.84,3.25,null,null],[1.01,20.21,1.36,0.65,3.07,null,null],[0.81,20.41,2.3,0.36,3.37,null,null],[0.29,22.81,6.08,0.85,3.88,null,null],[2.53,25.04,6.42,1.33,3.91,null,null],[1.18,26.3,4.64,1.5,3.89,null,null],[0.43,27.05,1.56,0.83,3.59,null,null],[0.89,25.54,1.49,0.55,4.16,null,null],[0.98,23.36,1.52,0.74,4.98,null,null],[0.52,21.97,1.41,0.38,4.96,null,null],[1,21.03,0.23,0.1,4.83,null,null]],"oneday":{"avg":null,"sunrise":null,"sunset":null},"tide":[null,null,null,null,null,null,null,null,null,null,null,null,null,null,null,null,null,null,null,null,null,null,null,null]},{"weather":[[0.91,20.52,0.58,0,5.27,null,null],[1.49,19.99,3.26,0.29,5.61,null,null],[1.49,19.66,11.35,1.16,5.67,null,null],[1.58,19.59,16.8,2.42,4.74,null,null],[1.49,21.22,18.15,3.2,4.59,null,null],[0.1,23.73,14.97,3.2,4.65,null,null],[0,24.74,10.03,2.42,4.06,null,null],[0,23.47,4.95,1.45,3.37,null,null],[0.31,21.06,2.58,0.68,2.86,null,null],[0.52,19.43,2.7,0.39,1.07,null,null],[0.58,18.78,6.13,1.22,1.24,null,null],[13.56,18.01,12.42,2.18,2.72,null,null]],"oneday":{"avg":null,"sunrise":null,"sunset":null},"tide":[null,null,null,null,null,null,null,null,null,null,null,null,null,null,null,null,null,null,null,null,null,null,null,null]}],"daily":[{"weather":[14.23,24.39],"tide":[null,null,null,null,null,null,null,null,null,null,null,null,null,null,null,null,null,null,null,null,null,null,null,null],"dailyEx":{"avg":null,"wave":null,"sunrise":null,"sunset":null}},{"weather":[13.56,22.9],"tide":[null,null,null,null,null,null,null,null,null,null,null,null,null,null,null,null,null,null,null,null,null,null,null,null],"dailyEx":{"avg":null,"wave":null,"sunrise":null,"sunset":null}},{"weather":[0.56,23.27],"tide":[null,null,null,null,null,null,null,null,null,null,null,null,null,null,null,null,null,null,null,null,null,null,null,null],"dailyEx":{"avg":null,"wave":null,"sunrise":null,"sunset":null}},{"weather":[1.86,23.52],"tide":[null,null,null,null,null,null,null,null,null,null,null,null,null,null,null,null,null,null,null,null,null,null,null,null],"dailyEx":{"avg":null,"wave":null,"sunrise":null,"sunset":null}},{"weather":[0.09,23.9],"tide":[null,null,null,null,null,null,null,null,null,null,null,null,null,null,null,null,null,null,null,null,null,null,null,null],"dailyEx":{"avg":null,"wave":null,"sunrise":null,"sunset":null}}]}
相模川厚木周辺,2026-10-05,{"hourly":[{"weather":[[2.49,15.76,0,0.23,5.14,null,null],[1.29,15.73,0,0.23,5.67,null,null],[1.46,15.56,0.26,0.11,5.45,null,null],[2.18,15.77,0.77,1.84,5.75,null,null],[1.11,17.13,1.53,6.92,5.95,null,null],[1.62,18.89,2.3,10.6,6.29,null,null],[1.82,19.83,2.55,11.68,6.19,null,null],[1,20.65,2.04,11.79,5.62,null,null],[0.74,20.14,1.28,9.32,4.85,null,null],[1,19.09,1.02,4.49,4.04,null,null],[1.11,18.78,1.02,5.02,4.51,null,null],[1.46,18.6,0.51,4.1,4.34,null,null]],"oneday":{"avg":null,"sunrise":null,"sunset":null},"tide":[null,null,null,null,null,null,null,null,null,null,null,null,null,null,null,null,null,null,null,null,null,null,null,null]},{"weather":[[1,18.37,0.77,2.07,4.29,null,null],[0.71,18.16,1.02,2.58,4.42,null,null],[0.26,17.78,0.26,2.47,3.92,null,null],[0,17.75,0.51,1.28,4.69,null,null],[0.57,20.67,2.04,3.45,5.83,null,null],[0.26,24.01,2.3,5.33,6.52,null,null],[0.46,25.5,1.53,5.05,7.91,null,null],[0,25.98,0,1.26,8.31,null,null],[0.11,24.21,0.26,0.11,8.17,null,null],[0.74,21.61,0.51,1.94,8.17,null,null],[1,20.2,0.51,3.39,6.83,null,null],[1,19.23,0,3.44,6.52,null,null]],"oneday":{"avg":null,"sunrise":null,"sunset":null},"tide":[null,null,null,null,null,null,null,null,null,null,null,null,null,null,null,null,null,null,null,null,null,null,null,null]},{"weather":[[0.71,18.68,0.26,3.42,7.1,null,null],[1.26,18.09,1.53,10.06,7.84,null,null],[1.26,17.58,4.86,18.13,8.08,null,null],[1.71,17.26,7.66,26.17,7.12,null,null],[1.4,18.79,8.94,31.55,6.48,null,null],[0.26,21.74,7.41,32.03,5.88,null,null],[0,23.43,5.11,27.83,5.56,null,null],[0,22.5,2.58,24.74,4.45,null,null],[9.62,20.7,1.29,20.23,3.26,null,null],[0.94,18.03,1.02,15,1.93,null,null],[0.43,16.94,2.04,9.92,3.7,null,null],[0.62,16.24,4.09,8.69,6.15,null,null]],"oneday":{"avg":null,"sunrise":null,"sunset":null},"tide":[null,null,null,null,null,null,null,null,null,null,null,null,null,null,null,null,null,null,null,null,null,null,null,null]}],"daily":[{"weather":[3,21.35],"tide":[null,null,null,null,null,null,null,null,null,null,null,null,null,null,null,null,null,null,null,null,null,null,null,null],"dailyEx":{"avg":null,"wave":null,"sunrise":null,"sunset":null}},{"weather":[1.01,21.42],"tide":[null,null,null,null,null,null,null,null,null,null,null,null,null,null,null,null,null,null,null,null,null,null,null,null],"dailyEx":{"avg":null,"wave":null,"sunrise":null,"sunset":null}},{"weather":[1.88,21.6],"tide":[null,null,null,null,null,null,null,null,null,null,null,null,null,null,null,null,null,null,null,null,null,null,null,null],"dailyEx":{"avg":null,"wave":null,"sunrise":null,"sunset":null}},{"weather":[0.26,22.51],"tide":[null,null,null,null,null,null,null,null,null,null,null,null,null,null,null,null,null,null,null,null,null,null,null,null],"dailyEx":{"avg":null,"wave":null,"sunrise":null,"sunset":null}},{"weather":[0,22.64],"tide":[null,null,null,null,null,null,null,null,null,null,null,null,null,null,null,null,null,null,null,null,null,null,null,null],"dailyEx":{"avg":null,"wave":null,"sunrise":null,"sunset":null}}]}
中津川,2026-10-05,{"hourly":[{"weather":[[2.48,14.21,0,0,4.96,null,null],[1.35,14.27,0,0,5.51,null,null],[1.4,14.12,0.26,0,5.26,null,null],[2.35,14.38,0.77,2.18,5.58,null,null],[1,15.73,1.55,8.21,6.28,null,null],[1.52,17.4,2.32,12.17,6.78,null,null],[1.65,18.36,2.58,12.62,6.45,null,null],[1,19.15,2.06,12.22,5.82,null,null],[0.74,18.59,1.29,9.7,4.98,null,null],[1,17.53,1.03,5.05,4.25,null,null],[1,17.29,1.03,6.09,4.7,null,null],[1.4,17.12,0.52,5,4.28,null,null]],"oneday":{"avg":null,"sunrise":null,"sunset":null},"tide":[null,null,null,null,null,null,null,null,null,null,null,null,null,null,null,null,null,null,null,null,null,null,null,null]},{"weather":[[1,16.91,0.77,2.18,3.87,null,null],[0.65,16.74,1.03,2.62,4.16,null,null],[0.26,16.55,0.26,2.92,3.56,null,null],[0,16.44,0.52,2.08,4.57,null,null],[0.4,19.59,2.06,4.05,6.22,null,null],[0.26,22.57,2.32,5.98,7.07,null,null],[0.4,23.95,1.55,5.94,7.86,null,null],[0,24.35,0,1.48,8.23,null,null],[0,22.59,0.26,0,8.06,null,null],[0.74,20.03,0.52,1.48,7.98,null,null],[1,18.7,0.52,3.22,6.58,null,null],[1,17.79,0,2.47,6.19,null,null]],"oneday":{"avg":null,"sunrise":null,"sunset":null},"tide":[null,null,null,null,null,null,null,null,null,null,null,null,null,null,null,null,null,null,null,null,null,null,null,null]},{"weather":[[0.65,17.24,0.26,1.39,6.91,null,null],[1.26,16.79,1.55,9.16,7.36,null,null],[1.26,16.29,4.91,18.95,7.87,null,null],[1.65,15.96,7.74,28.94,7.07,null,null],[1.52,17.36,9.03,34.19,6.52,null,null],[0.26,20.24,7.48,35.57,5.89,null,null],[0,21.9,5.16,33.1,5.02,null,null],[0,20.69,2.63,28.45,4.03,null,null],[18.19,18.82,1.32,21.13,2.51,null,null],[1.12,16.39,1.03,13.02,2.25,null,null],[0.6,15.46,2.06,8.27,3.74,null,null],[0.52,14.95,4.13,7.82,5.68,null,null]],"oneday":{"avg":null,"sunrise":null,"sunset":null},"tide":[null,null,null,null,null,null,null,null,null,null,null,null,null,null,null,null,null,null,null,null,null,null,null,null]}],"daily":[{"weather":[3,19.86],"tide":[null,null,null,null,null,null,null,null,null,null,null,null,null,null,null,null,null,null,null,null,null,null,null,null],"dailyEx":{"avg":null,"wave":null,"sunrise":null,"sunset":null}},{"weather":[1.3,20.01],"tide":[null,null,null,null,null,null,null,null,null,null,null,null,null,null,null,null,null,null,null,null,null,null,null,null],"dailyEx":{"avg":null,"wave":null,"sunrise":null,"sunset":null}},{"weather":[1.53,20.01],"tide":[null,null,null,null,null,null,null,null,null,null,null,null,null,null,null,null,null,null,null,null,null,null,null,null],"dailyEx":{"avg":null,"wave":null,"sunrise":null,"sunset":null}},{"weather":[0.26,21.08],"tide":[null,null,null,null,null,null,null,null,null,null,null,null,null,null,null,null,null,null,null,null,null,null,null,null],"dailyEx":{"avg":null,"wave":null,"sunrise":null,"sunset":null}},{"weather":[0,21.16],"tide":[null,null,null,null,null,null,null,null,null,null,null,null,null,null,null,null,null,null,null,null,null,null,null,null],"dailyEx":{"avg":null,"wave":null,"sunrise":null,"sunset":null}}]}
酒匂川開成松田,2026-10-05,{"hourly":[{"weather":[[2.09,10.87,0,0,6.91,null,null],[1.55,11.2,0,0,7.02,null,null],[1,11.19,0.06,0,6.59,null,null],[2.94,11.63,0.18,2.98,6.78,null,null],[1,13,0.35,12.21,8.2,null,null],[1.51,14.45,0.53,18.16,7.74,null,null],[1.45,15.42,0.58,19.19,7.84,null,null],[1.39,15.92,0.47,19.59,7.22,null,null],[0.94,15.31,0.29,15.67,7.03,null,null],[1,14.11,0.23,8.62,6.69,null,null],[1.39,14.05,0.23,9.08,6.82,null,null],[1.39,13.97,0.12,6.8,5.76,null,null]],"oneday":{"avg":null,"sunrise":null,"sunset":null},"tide":[null,null,null,null,null,null,null,null,null,null,null,null,null,null,null,null,null,null,null,null,null,null,null,null]},{"weather":[[1,13.88,0.18,2.18,4.47,null,null],[0.06,13.88,0.23,2.82,4.2,null,null],[0.06,14.09,0.06,4.32,3.69,null,null],[0.39,14.18,0.12,4.07,5.4,null,null],[0,17.63,0.47,3.68,6.55,null,null],[0.06,20.51,0.53,3.83,4.46,null,null],[0.39,21.88,0.35,4.37,5.26,null,null],[0.39,21.67,0,1.88,5.17,null,null],[0.39,19.68,0.06,2.37,4.31,null,null],[0.94,17.01,0.12,5.05,4.26,null,null],[1,15.96,0.12,8.57,3.53,null,null],[1,14.97,0,10.39,2.79,null,null]],"oneday":{"avg":null,"sunrise":null,"sunset":null},"tide":[null,null,null,null,null,null,null,null,null,null,null,null,null,null,null,null,null,null,null,null,null,null,null,null]},{"weather":[[0.45,14.08,0.06,13.64,2.97,null,null],[1.45,13.71,0.35,30.35,4.16,null,null],[1.45,13.54,1.11,45.72,4.58,null,null],[1.45,12.91,1.75,56.53,4.13,null,null],[1.51,14.16,2.04,60.2,4.43,null,null],[0.45,16.32,1.69,64.76,3.32,null,null],[0,17.87,1.17,69.81,4.15,null,null],[0,16.06,0.82,66.73,4.53,null,null],[48.14,13.61,0.39,57.41,2.86,null,null],[1.91,12.12,0.23,42.92,4.11,null,null],[1.79,11.68,0.47,23.51,2.78,null,null],[1.3,11.03,0.93,13.76,3.62,null,null]],"oneday":{"avg":null,"sunrise":null,"sunset":null},"tide":[null,null,null,null,null,null,null,null,null,null,null,null,null,null,null,null,null,null,null,null,null,null,null,null]}],"daily":[{"weather":[3,15.72],"tide":[null,null,null,null,null,null,null,null,null,null,null,null,null,null,null,null,null,null,null,null,null,null,null,null],"dailyEx":{"avg":null,"wave":null,"sunrise":null,"sunset":null}},{"weather":[1.7,16.43],"tide":[null,null,null,null,null,null,null,null,null,null,null,null,null,null,null,null,null,null,null,null,null,null,null,null],"dailyEx":{"avg":null,"wave":null,"sunrise":null,"sunset":null}},{"weather":[0.55,16.12],"tide":[null,null,null,null,null,null,null,null,null,null,null,null,null,null,null,null,null,null,null,null,null,null,null,null],"dailyEx":{"avg":null,"wave":null,"sunrise":null,"sunset":null}},{"weather":[0.06,17.46],"tide":[null,null,null,null,null,null,null,null,null,null,null,null,null,null,null,null,null,null,null,null,null,null,null,null],"dailyEx":{"avg":null,"wave":null,"sunrise":null,"sunset":null}},{"weather":[0.39,17.58],"tide":[null,null,null,null,null,null,null,null,null,null,null,null,null,null,null,null,null,null,null,null,null,null,null,null],"dailyEx":{"avg":null,"wave":null,"sunrise":null,"sunset":null}}]}
狩川,2026-10-05,{"hourly":[{"weather":[[1.92,11.62,0,0,7.43,null,null],[1.46,11.91,0,0,7.53,null,null],[1,11.91,0.1,0,7.08,null,null],[2.9,12.36,0.31,2.71,7.26,null,null],[1,13.73,0.62,10.9,8.5,null,null],[1.64,15.15,0.92,16.33,7.89,null,null],[1.54,16.07,1.03,17.62,7.95,null,null],[1.44,16.57,0.82,18.06,7.29,null,null],[0.9,15.97,0.51,14.44,7.18,null,null],[1,14.82,0.41,8.1,7.03,null,null],[1.44,14.75,0.41,8.16,7.06,null,null],[1.44,14.69,0.21,5.93,6.07,null,null]],"oneday":{"avg":null,"sunrise":null,"sunset":null},"tide":[null,null,null,null,null,null,null,null,null,null,null,null,null,null,null,null,null,null,null,null,null,null,null,null]},{"weather":[[1,14.62,0.31,1.84,4.84,null,null],[0.1,14.65,0.41,2.69,4.4,null,null],[0.1,14.82,0.1,4.05,3.97,null,null],[0.44,14.97,0.21,3.63,5.63,null,null],[0,18.25,0.82,3.2,6.65,null,null],[0.1,21.2,0.92,3.22,4.06,null,null],[0.44,22.54,0.62,3.67,4.78,null,null],[0.44,22.32,0,1.79,4.65,null,null],[0.44,20.35,0.1,2.63,3.98,null,null],[0.9,17.67,0.21,5.3,4.22,null,null],[1,16.63,0.21,8.47,3.68,null,null],[1,15.65,0,10.64,2.95,null,null]],"oneday":{"avg":null,"sunrise":null,"sunset":null},"tide":[null,null,null,null,null,null,null,null,null,null,null,null,null,null,null,null,null,null,null,null,null,null,null,null]},{"weather":[[0.54,14.77,0.1,14.53,3.04,null,null],[1.54,14.37,0.62,30.27,4.24,null,null],[1.54,14.27,1.95,44.67,4.47,null,null],[1.54,13.65,3.08,54.61,3.89,null,null],[1.64,14.79,3.59,57.8,4.2,null,null],[0.54,16.86,2.98,62.27,3.2,null,null],[0,18.36,2.05,67.57,4.29,null,null],[0,16.57,1.27,64.46,4.4,null,null],[45.97,14.15,0.6,55.88,2.98,null,null],[2.08,12.74,0.41,42.75,4.14,null,null],[1.88,12.35,0.82,23.57,2.74,null,null],[1.52,11.65,1.64,13.79,3.68,null,null]],"oneday":{"avg":null,"sunrise":null,"sunset":null},"tide":[null,null,null,null,null,null,null,null,null,null,null,null,null,null,null,null,null,null,null,null,null,null,null,null]}],"daily":[{"weather":[3,16.43],"tide":[null,null,null,null,null,null,null,null,null,null,null,null,null,null,null,null,null,null,null,null,null,null,null,null],"dailyEx":{"avg":null,"wave":null,"sunrise":null,"sunset":null}},{"weather":[1.48,17.02],"tide":[null,null,null,null,null,null,null,null,null,null,null,null,null,null,null,null,null,null,null,null,null,null,null,null],"dailyEx":{"avg":null,"wave":null,"sunrise":null,"sunset":null}},{"weather":[0.46,16.79],"tide":[null,null,null,null,null,null,null,null,null,null,null,null,null,null,null,null,null,null,null,null,null,null,null,null],"dailyEx":{"avg":null,"wave":null,"sunrise":null,"sunset":null}},{"weather":[0.1,18.04],"tide":[null,null,null,null,null,null,null,null,null,null,null,null,null,null,null,null,null,null,null,null,null,null,null,null],"dailyEx":{"avg":null,"wave":null,"sunrise":null,"sunset":null}},{"weather":[0.44,18.18],"tide":[null,null,null,null,null,null,null,null,null,null,null,null,null,null,null,null,null,null,null,null,null,null,null,null],"dailyEx":{"avg":null,"wave":null,"sunrise":null,"sunset":null}}]}
箱根湯本,2026-10-05,{"hourly":[{"weather":[[1.64,13.32,0,0.29,10.02,null,null],[1.17,13.53,0,0.29,9.89,null,null],[1.09,13.56,0,0.15,9.52,null,null],[2.68,14.03,0,2.16,9.64,null,null],[8.37,15.23,0.19,8.55,10.27,null,null],[1.59,16.65,0.44,13.47,8.8,null,null],[1.59,17.55,0.53,16.12,8.89,null,null],[1.74,18,0.35,17.45,8.03,null,null],[1,17.53,0.09,13.93,8.28,null,null],[1,16.46,0,7.63,8.86,null,null],[1.59,16.28,0,6.37,8.57,null,null],[1.59,16.27,0.09,4.1,7.95,null,null]],"oneday":{"avg":null,"sunrise":null,"sunset":null},"tide":[null,null,null,null,null,null,null,null,null,null,null,null,null,null,null,null,null,null,null,null,null,null,null,null]},{"weather":[[1,16.36,0.27,1.27,6.87,null,null],[0.09,16.62,0.35,2.59,5.74,null,null],[0.09,16.86,0.27,3.52,5.57,null,null],[0.83,17.22,0.27,2.51,7.43,null,null],[0.15,19.6,0.35,1.77,7.73,null,null],[0.27,22.74,0.09,1.2,2.85,null,null],[0.68,24.2,0,1.37,3.71,null,null],[0.89,23.83,0,1.53,3.48,null,null],[0.89,21.99,0,3.71,2.67,null,null],[0.91,19.38,0.09,7.16,3.98,null,null],[0.85,18.34,0.18,9.93,4.92,null,null],[0.94,17.33,0.09,14.2,4.52,null,null]],"oneday":{"avg":null,"sunrise":null,"sunset":null},"tide":[null,null,null,null,null,null,null,null,null,null,null,null,null,null,null,null,null,null,null,null,null,null,null,null]},{"weather":[[0.68,16.37,0.35,21.42,4.76,null,null],[1.53,15.83,1.06,36.66,5.94,null,null],[1.62,15.92,2.21,49.07,5.92,null,null],[1.62,15.21,3.01,55.77,5.24,null,null],[1.62,15.97,3.1,58.27,5.23,null,null],[0.86,17.61,2.04,62.22,3.84,null,null],[0,19.15,1.59,67.32,5.25,null,null],[0,17.29,2.08,66.37,5.18,null,null],[46.75,15.05,1.36,61.78,3.89,null,null],[9.73,14.04,1.08,52.58,4.4,null,null],[2.51,13.95,1.42,29.71,2.77,null,null],[2.01,13.14,1.68,16.67,3.88,null,null]],"oneday":{"avg":null,"sunrise":null,"sunset":null},"tide":[null,null,null,null,null,null,null,null,null,null,null,null,null,null,null,null,null,null,null,null,null,null,null,null]}],"daily":[{"weather":[10.08,17.41],"tide":[null,null,null,null,null,null,null,null,null,null,null,null,null,null,null,null,null,null,null,null,null,null,null,null],"dailyEx":{"avg":null,"wave":null,"sunrise":null,"sunset":null}},{"weather":[5.18,18.26],"tide":[null,null,null,null,null,null,null,null,null,null,null,null,null,null,null,null,null,null,null,null,null,null,null,null],"dailyEx":{"avg":null,"wave":null,"sunrise":null,"sunset":null}},{"weather":[0.17,18.04],"tide":[null,null,null,null,null,null,null,null,null,null,null,null,null,null,null,null,null,null,null,null,null,null,null,null],"dailyEx":{"avg":null,"wave":null,"sunrise":null,"sunset":null}},{"weather":[0.27,19.16],"tide":[null,null,null,null,null,null,null,null,null,null,null,null,null,null,null,null,null,null,null,null,null,null,null,null],"dailyEx":{"avg":null,"wave":null,"sunrise":null,"sunset":null}},{"weather":[1.03,19.22],"tide":[null,null,null,null,null,null,null,null,null,null,null,null,null,null,null,null,null,null,null,null,null,null,null,null],"dailyEx":{"avg":null,"wave":null,"sunrise":null,"sunset":null}}]}
多摩川ガス橋,2026-10-05,{"hourly":[{"weather":[[1.79,18.18,0.09,0,3.91,null,null],[1,17.77,0.38,0,4.31,null,null],[1.11,17.72,0.67,0,4.22,null,null],[2.38,18,3.35,0.22,4.22,null,null],[1.41,19.16,7.77,1.14,4.31,null,null],[1.48,20.72,10.02,2.26,4.27,null,null],[1.21,21.97,11.61,3.08,3.88,null,null],[1.8,22.75,11.8,3.48,3.59,null,null],[1.1,22.38,6.64,2.96,2.99,null,null],[1.19,21.56,3.49,1.64,2.76,null,null],[1.79,21.17,2.79,1.33,2.87,null,null],[1.3,20.85,2.59,1.12,3.12,null,null]],"oneday":{"avg":null,"sunrise":null,"sunset":null},"tide":[null,null,null,null,null,null,null,null,null,null,null,null,null,null,null,null,null,null,null,null,null,null,null,null]},{"weather":[[1.09,20.7,3.36,1.02,3.16,null,null],[1.79,20.54,3.36,0.93,3.28,null,null],[0.99,20.18,1.3,0.72,3.08,null,null],[0.79,20.37,2.21,0.4,3.41,null,null],[0.3,22.77,5.96,0.94,3.93,null,null],[2.48,25.06,6.31,1.47,4,null,null],[1.2,26.32,4.53,1.66,3.99,null,null],[0.41,27.07,1.45,0.92,3.72,null,null],[0.9,25.56,1.42,0.6,4.26,null,null],[1,23.36,1.49,0.82,5.08,null,null],[0.52,21.96,1.39,0.42,5.03,null,null],[1,21.02,0.22,0.11,4.9,null,null]],"oneday":{"avg":null,"sunrise":null,"sunset":null},"tide":[null,null,null,null,null,null,null,null,null,null,null,null,null,null,null,null,null,null,null,null,null,null,null,null]},{"weather":[[0.9,20.51,0.57,0,5.35,null,null],[1.47,19.97,3.24,0.32,5.72,null,null],[1.47,19.64,11.24,1.29,5.79,null,null],[1.58,19.55,16.72,2.68,4.83,null,null],[1.47,21.2,18.16,3.54,4.7,null,null],[0.09,23.73,14.98,3.54,4.78,null,null],[0,24.76,10.05,2.68,4.2,null,null],[0,23.52,4.96,1.61,3.44,null,null],[0.28,21.11,2.57,0.75,2.96,null,null],[0.52,19.44,2.67,0.43,1.11,null,null],[0.57,18.78,6.02,1.35,1.33,null,null],[12.84,18,12.17,2.41,2.86,null,null]],"oneday":{"avg":null,"sunrise":null,"sunset":null},"tide":[null,null,null,null,null,null,null,null,null,null,null,null,null,null,null,null,null,null,null,null,null,null,null,null]}],"daily":[{"weather":[13.56,24.36],"tide":[null,null,null,null,null,null,null,null,null,null,null,null,null,null,null,null,null,null,null,null,null,null,null,null],"dailyEx":{"avg":null,"wave":null,"sunrise":null,"sunset":null}},{"weather":[12.84,22.9],"tide":[null,null,null,null,null,null,null,null,null,null,null,null,null,null,null,null,null,null,null,null,null,null,null,null],"dailyEx":{"avg":null,"wave":null,"sunrise":null,"sunset":null}},{"weather":[0.62,23.27],"tide":[null,null,null,null,null,null,null,null,null,null,null,null,null,null,null,null,null,null,null,null,null,null,null,null],"dailyEx":{"avg":null,"wave":null,"sunrise":null,"sunset":null}},{"weather":[1.8,23.54],"tide":[null,null,null,null,null,null,null,null,null,null,null,null,null,null,null,null,null,null,null,null,null,null,null,null],"dailyEx":{"avg":null,"wave":null,"sunrise":null,"sunset":null}},{"weather":[0.1,23.91],"tide":[null,null,null,null,null,null,null,null,null,null,null,null,null,null,null,null,null,null,null,null,null,null,null,null],"dailyEx":{"avg":null,"wave":null,"sunrise":null,"sunset":null}}]}
浮間公園周辺,2026-10-05,{"hourly":[{"weather":[[2.07,17.54,0,0,5.38,null,null],[1.06,17.18,0,0.19,5.73,null,null],[1.29,17,0,0.25,5.8,null,null],[1.51,17.05,1.53,0.83,5.78,null,null],[1.65,18.28,3.93,4.08,6.31,null,null],[1,20.21,4.37,8.83,6.26,null,null],[1.78,21.75,4.15,13.06,5.83,null,null],[1.65,22.72,3.49,15.43,5.13,null,null],[1.43,22.39,1.96,13.69,4.22,null,null],[1.43,21.28,1.09,8.28,3.29,null,null],[1.22,20.69,0.87,6.23,3.58,null,null],[1.72,20.4,0.87,5,4.2,null,null]],"oneday":{"avg":null,"sunrise":null,"sunset":null},"tide":[null,null,null,null,null,null,null,null,null,null,null,null,null,null,null,null,null,null,null,null,null,null,null,null]},{"weather":[[1,20.19,0.87,4.52,4.69,null,null],[1.16,19.91,0.87,3.81,4.8,null,null],[0.65,19.21,0.44,2.96,3.68,null,null],[0.28,19.19,0.87,1.84,5.1,null,null],[0.78,21.39,1.75,3.35,5.16,null,null],[1.08,24.91,1.53,4.94,6.5,null,null],[1.79,26.34,1.09,5.74,7.23,null,null],[0.71,27.36,0.87,3.58,7.75,null,null],[1.14,26.18,0.66,2.7,6.67,null,null],[1.43,23.55,0.44,3.66,7.64,null,null],[0.94,21.78,0.44,2.01,6.96,null,null],[0.94,20.69,0.22,0.74,7.11,null,null]],"oneday":{"avg":null,"sunrise":null,"sunset":null},"tide":[null,null,null,null,null,null,null,null,null,null,null,null,null,null,null,null,null,null,null,null,null,null,null,null]},{"weather":[[0.51,20.05,0,0.25,8.12,null,null],[0.51,19.36,0,0.93,9.14,null,null],[0.51,18.94,1.31,3.47,9.48,null,null],[0.79,18.54,1.53,7.23,7.73,null,null],[0.51,20.54,0.87,9.54,8.88,null,null],[0,23.23,0.66,9.54,9.3,null,null],[0,24.99,0.22,7.23,8.74,null,null],[0,24.76,0,4.34,6.08,null,null],[0,22.49,0,2.09,6.22,null,null],[1.08,19.37,0.66,1.28,2.79,null,null],[0,18.52,2.18,4.86,3.96,null,null],[11.19,17.37,3.93,8.47,5.74,null,null]],"oneday":{"avg":null,"sunrise":null,"sunset":null},"tide":[null,null,null,null,null,null,null,null,null,null,null,null,null,null,null,null,null,null,null,null,null,null,null,null]}],"daily":[{"weather":[13.35,23.18],"tide":[null,null,null,null,null,null,null,null,null,null,null,null,null,null,null,null,null,null,null,null,null,null,null,null],"dailyEx":{"avg":null,"wave":null,"sunrise":null,"sunset":null}},{"weather":[11.19,23.08],"tide":[null,null,null,null,null,null,null,null,null,null,null,null,null,null,null,null,null,null,null,null,null,null,null,null],"dailyEx":{"avg":null,"wave":null,"sunrise":null,"sunset":null}},{"weather":[2.15,23.39],"tide":[null,null,null,null,null,null,null,null,null,null,null,null,null,null,null,null,null,null,null,null,null,null,null,null],"dailyEx":{"avg":null,"wave":null,"sunrise":null,"sunset":null}},{"weather":[0.66,23.89],"tide":[null,null,null,null,null,null,null,null,null,null,null,null,null,null,null,null,null,null,null,null,null,null,null,null],"dailyEx":{"avg":null,"wave":null,"sunrise":null,"sunset":null}},{"weather":[0.43,24.02],"tide":[null,null,null,null,null,null,null,null,null,null,null,null,null,null,null,null,null,null,null,null,null,null,null,null],"dailyEx":{"avg":null,"wave":null,"sunrise":null,"sunset":null}}]}
清水池公園,2026-10-05,{"hourly":[{"weather":[[1.85,18.04,0,0,4.42,null,null],[1.09,17.63,0,0,4.85,null,null],[1.31,17.54,0.37,0,4.75,null,null],[2.06,17.76,3.68,0.45,4.79,null,null],[1.58,18.92,8.67,1.88,4.83,null,null],[1.19,20.65,10.25,3.58,4.88,null,null],[1.35,21.98,10.24,4.79,4.56,null,null],[1.69,22.74,8.66,5.21,4.06,null,null],[1.21,22.35,4.89,4.37,3.43,null,null],[1.21,21.5,2.8,2.43,3.06,null,null],[1.56,21.06,2.25,2.04,3.19,null,null],[1.44,20.77,2.21,1.69,3.48,null,null]],"oneday":{"avg":null,"sunrise":null,"sunset":null},"tide":[null,null,null,null,null,null,null,null,null,null,null,null,null,null,null,null,null,null,null,null,null,null,null,null]},{"weather":[[1,20.6,2.57,1.47,3.57,null,null],[1.65,20.39,2.6,1.53,3.71,null,null],[0.95,19.93,1.11,1.18,3.28,null,null],[0.65,20.04,2.21,0.51,3.82,null,null],[0.44,22.34,5.19,1.63,4.29,null,null],[2.07,24.93,4.76,2.65,4.73,null,null],[1.26,26.2,3.35,2.81,5,null,null],[0.58,27.14,1.82,1.34,4.85,null,null],[0.91,25.69,1.39,0.77,5.09,null,null],[1.13,23.38,1.13,1.21,6.06,null,null],[0.81,21.88,1.13,0.7,5.55,null,null],[1,20.97,0.37,0.22,5.64,null,null]],"oneday":{"avg":null,"sunrise":null,"sunset":null},"tide":[null,null,null,null,null,null,null,null,null,null,null,null,null,null,null,null,null,null,null,null,null,null,null,null]},{"weather":[[0.87,20.41,0.19,0,6.21,null,null],[1.15,19.82,1.16,0.67,6.76,null,null],[1.15,19.47,6.24,2.68,6.89,null,null],[1.37,19.32,9,5.58,5.85,null,null],[1.06,21.02,8.77,7.37,5.73,null,null],[0,23.54,6.98,7.37,5.67,null,null],[0,24.79,4.33,5.58,5.02,null,null],[0,23.93,1.94,3.35,3.71,null,null],[0,21.56,0.97,1.56,3.15,null,null],[0.63,19.47,2.06,0.9,1.38,null,null],[0.19,18.78,5.76,2.23,2.16,null,null],[19.53,17.85,10.27,4.03,3.72,null,null]],"oneday":{"avg":null,"sunrise":null,"sunset":null},"tide":[null,null,null,null,null,null,null,null,null,null,null,null,null,null,null,null,null,null,null,null,null,null,null,null]}],"daily":[{"weather":[20.67,23.97],"tide":[null,null,null,null,null,null,null,null,null,null,null,null,null,null,null,null,null,null,null,null,null,null,null,null],"dailyEx":{"avg":null,"wave":null,"sunrise":null,"sunset":null}},{"weather":[19.53,23.04],"tide":[null,null,null,null,null,null,null,null,null,null,null,null,null,null,null,null,null,null,null,null,null,null,null,null],"dailyEx":{"avg":null,"wave":null,"sunrise":null,"sunset":null}},{"weather":[1.14,23.43],"tide":[null,null,null,null,null,null,null,null,null,null,null,null,null,null,null,null,null,null,null,null,null,null,null,null],"dailyEx":{"avg":null,"wave":null,"sunrise":null,"sunset":null}},{"weather":[1.67,23.64],"tide":[null,null,null,null,null,null,null,null,null,null,null,null,null,null,null,null,null,null,null,null,null,null,null,null],"dailyEx":{"avg":null,"wave":null,"sunrise":null,"sunset":null}},{"weather":[0.13,23.98],"tide":[null,null,null,null,null,null,null,null,null,null,null,null,null,null,null,null,null,null,null,null,null,null,null,null],"dailyEx":{"avg":null,"wave":null,"sunrise":null,"sunset":null}}]}
新葛飾橋周辺,2026-10-05,{"hourly":[{"weather":[[1.37,17.95,0,0,4.38,null,null],[1.05,17.42,0,0,4.65,null,null],[1.22,17.36,0.22,0,4.84,null,null],[1.63,17.53,3.94,0,4.74,null,null],[1.89,18.73,9.52,2.29,5.17,null,null],[1,20.6,10.79,5.72,5.03,null,null],[1.53,22.19,10.54,8.63,4.61,null,null],[1.89,23.03,9.02,10.93,4.08,null,null],[1.42,22.61,4.98,9.47,3.4,null,null],[1.53,21.67,2.56,4.78,2.73,null,null],[1.58,21.11,1.87,3.37,2.76,null,null],[1.42,20.82,2.31,3.09,3.36,null,null]],"oneday":{"avg":null,"sunrise":null,"sunset":null},"tide":[null,null,null,null,null,null,null,null,null,null,null,null,null,null,null,null,null,null,null,null,null,null,null,null]},{"weather":[[1.05,20.63,2.53,3.38,3.67,null,null],[1.63,20.34,2.31,2.06,3.92,null,null],[1.16,19.79,1.16,1.55,3.23,null,null],[0.63,19.9,2.31,1.59,4.08,null,null],[0.42,22.19,4.62,1.78,4.03,null,null],[2.25,24.61,3.83,2.3,4.67,null,null],[1.84,25.95,2.78,3.47,4.53,null,null],[1,27.05,2.31,2.9,4.68,null,null],[1.37,25.86,1.52,2.34,4.02,null,null],[1.37,23.57,0.93,2.25,5.23,null,null],[1,21.88,0.93,0.75,5.05,null,null],[1,20.81,0.47,0.05,5.21,null,null]],"oneday":{"avg":null,"sunrise":null,"sunset":null},"tide":[null,null,null,null,null,null,null,null,null,null,null,null,null,null,null,null,null,null,null,null,null,null,null,null]},{"weather":[[0.63,20.13,0,0.1,5.78,null,null],[0.63,19.47,0,0.05,6.52,null,null],[0.74,19.07,3.25,0,6.73,null,null],[0.79,18.89,4.05,0.1,5.43,null,null],[0.63,21.02,2.53,0.1,6.63,null,null],[0.05,23.45,1.74,0.05,6.73,null,null],[0,24.82,0.58,0,6.1,null,null],[0,24.12,0,0,4.73,null,null],[0,21.47,0,0,5.05,null,null],[1.21,19.3,1.63,0,1.86,null,null],[0,18.78,5.34,2.62,2.06,null,null],[23.99,17.45,9.08,4.58,3.05,null,null]],"oneday":{"avg":null,"sunrise":null,"sunset":null},"tide":[null,null,null,null,null,null,null,null,null,null,null,null,null,null,null,null,null,null,null,null,null,null,null,null]}],"daily":[{"weather":[25.31,23.94],"tide":[null,null,null,null,null,null,null,null,null,null,null,null,null,null,null,null,null,null,null,null,null,null,null,null],"dailyEx":{"avg":null,"wave":null,"sunrise":null,"sunset":null}},{"weather":[24.16,23.02],"tide":[null,null,null,null,null,null,null,null,null,null,null,null,null,null,null,null,null,null,null,null,null,null,null,null],"dailyEx":{"avg":null,"wave":null,"sunrise":null,"sunset":null}},{"weather":[1.33,23.4],"tide":[null,null,null,null,null,null,null,null,null,null,null,null,null,null,null,null,null,null,null,null,null,null,null,null],"dailyEx":{"avg":null,"wave":null,"sunrise":null,"sunset":null}},{"weather":[1.79,23.37],"tide":[null,null,null,null,null,null,null,null,null,null,null,null,null,null,null,null,null,null,null,null,null,null,null,null],"dailyEx":{"avg":null,"wave":null,"sunrise":null,"sunset":null}},{"weather":[0.42,23.8],"tide":[null,null,null,null,null,null,null,null,null,null,null,null,null,null,null,null,null,null,null,null,null,null,null,null],"dailyEx":{"avg":null,"wave":null,"sunrise":null,"sunset":null}}]}
平井大橋周辺,2026-10-05,{"hourly":[{"weather":[[1.32,17.97,0,0,3.85,null,null],[1,17.46,0,0,4.13,null,null],[1.42,17.43,0.36,0,4.17,null,null],[1.78,17.65,4.92,0.1,4.13,null,null],[1.77,18.85,11.67,1.57,4.31,null,null],[1,20.69,13.31,3.48,4.15,null,null],[1.45,22.16,13.13,4.89,3.85,null,null],[1.77,22.93,11.3,5.93,3.42,null,null],[1.22,22.47,6.2,5.17,2.85,null,null],[1.4,21.63,3.1,2.83,2.44,null,null],[1.73,21.12,2.19,2.17,2.54,null,null],[1.27,20.84,2.92,1.91,2.93,null,null]],"oneday":{"avg":null,"sunrise":null,"sunset":null},"tide":[null,null,null,null,null,null,null,null,null,null,null,null,null,null,null,null,null,null,null,null,null,null,null,null]},{"weather":[[1,20.66,3.28,1.85,3.08,null,null],[1.73,20.39,2.92,1.3,3.3,null,null],[1.13,19.9,1.46,1.03,2.91,null,null],[0.73,20.06,2.92,0.87,3.38,null,null],[0.27,22.46,5.83,1.14,3.54,null,null],[2.41,24.66,4.74,1.56,3.88,null,null],[1.44,26.01,3.47,2.17,3.76,null,null],[0.95,27.08,2.92,1.63,3.67,null,null],[1.16,25.69,1.83,1.31,3.45,null,null],[1.22,23.43,1.09,1.42,4.59,null,null],[1,21.84,1.09,0.54,4.44,null,null],[1,20.83,0.55,0.05,4.55,null,null]],"oneday":{"avg":null,"sunrise":null,"sunset":null},"tide":[null,null,null,null,null,null,null,null,null,null,null,null,null,null,null,null,null,null,null,null,null,null,null,null]},{"weather":[[0.78,20.18,0,0,5.13,null,null],[0.78,19.55,0,0.16,5.69,null,null],[0.97,19.18,4.01,0.63,5.85,null,null],[1.02,19.12,5.11,1.31,4.81,null,null],[0.78,21.19,3.28,1.73,5.45,null,null],[0,23.63,2.19,1.73,5.53,null,null],[0,24.83,0.73,1.31,4.94,null,null],[0,23.89,0,0.78,3.88,null,null],[0,21.32,0,0.37,3.59,null,null],[0.98,19.46,2.01,0.21,1.27,null,null],[0,18.97,6.56,1.84,1.52,null,null],[28.08,17.72,10.94,3.25,2.4,null,null]],"oneday":{"avg":null,"sunrise":null,"sunset":null},"tide":[null,null,null,null,null,null,null,null,null,null,null,null,null,null,null,null,null,null,null,null,null,null,null,null]}],"daily":[{"weather":[29.07,24.21],"tide":[null,null,null,null,null,null,null,null,null,null,null,null,null,null,null,null,null,null,null,null,null,null,null,null],"dailyEx":{"avg":null,"wave":null,"sunrise":null,"sunset":null}},{"weather":[28.45,23.02],"tide":[null,null,null,null,null,null,null,null,null,null,null,null,null,null,null,null,null,null,null,null,null,null,null,null],"dailyEx":{"avg":null,"wave":null,"sunrise":null,"sunset":null}},{"weather":[0.99,23.41],"tide":[null,null,null,null,null,null,null,null,null,null,null,null,null,null,null,null,null,null,null,null,null,null,null,null],"dailyEx":{"avg":null,"wave":null,"sunrise":null,"sunset":null}},{"weather":[2.19,23.38],"tide":[null,null,null,null,null,null,null,null,null,null,null,null,null,null,null,null,null,null,null,null,null,null,null,null],"dailyEx":{"avg":null,"wave":null,"sunrise":null,"sunset":null}},{"weather":[0.22,23.9],"tide":[null,null,null,null,null,null,null,null,null,null,null,null,null,null,null,null,null,null,null,null,null,null,null,null],"dailyEx":{"avg":null,"wave":null,"sunrise":null,"sunset":null}}]}
蔵前橋・両国橋周辺,2026-10-05,{"hourly":[{"weather":[[1.3,18,0,0,3.72,null,null],[1,17.5,0,0,4.01,null,null],[1.37,17.5,0.3,0,4.02,null,null],[1.84,17.73,5.25,0.14,4.02,null,null],[1.78,18.91,12.68,1.31,4.11,null,null],[1,20.71,14.37,2.79,3.96,null,null],[1.38,22.15,14.05,3.88,3.69,null,null],[1.78,22.89,12.03,4.61,3.28,null,null],[1.16,22.45,6.64,3.99,2.75,null,null],[1.31,21.63,3.41,2.19,2.41,null,null],[1.77,21.15,2.48,1.71,2.53,null,null],[1.23,20.87,3.08,1.48,2.84,null,null]],"oneday":{"avg":null,"sunrise":null,"sunset":null},"tide":[null,null,null,null,null,null,null,null,null,null,null,null,null,null,null,null,null,null,null,null,null,null,null,null]},{"weather":[[1,20.69,3.38,1.41,2.95,null,null],[1.77,20.41,3.08,1.07,3.15,null,null],[1.08,19.94,1.54,0.85,2.9,null,null],[0.77,20.14,3.08,0.64,3.24,null,null],[0.23,22.54,6.17,0.99,3.48,null,null],[2.47,24.73,5.1,1.43,3.7,null,null],[1.32,26.07,3.71,1.83,3.6,null,null],[0.93,27.13,3.08,1.25,3.45,null,null],[1.09,25.66,2.01,0.96,3.42,null,null],[1.16,23.38,1.24,1.1,4.54,null,null],[1,21.83,1.24,0.46,4.39,null,null],[1,20.86,0.62,0.07,4.48,null,null]],"oneday":{"avg":null,"sunrise":null,"sunset":null},"tide":[null,null,null,null,null,null,null,null,null,null,null,null,null,null,null,null,null,null,null,null,null,null,null,null]},{"weather":[[0.84,20.22,0,0,4.99,null,null],[0.84,19.62,0,0.21,5.47,null,null],[0.99,19.26,4.32,0.84,5.61,null,null],[1.06,19.23,5.4,1.75,4.68,null,null],[0.84,21.26,3.38,2.31,5.11,null,null],[0,23.7,2.31,2.31,5.14,null,null],[0,24.85,0.77,1.75,4.53,null,null],[0,23.84,0,1.05,3.59,null,null],[0,21.25,0,0.49,3.09,null,null],[0.94,19.49,2.16,0.28,1.06,null,null],[0,19,7.11,1.53,1.36,null,null],[31.83,17.77,12.08,2.74,2.2,null,null]],"oneday":{"avg":null,"sunrise":null,"sunset":null},"tide":[null,null,null,null,null,null,null,null,null,null,null,null,null,null,null,null,null,null,null,null,null,null,null,null]}],"daily":[{"weather":[32.67,24.32],"tide":[null,null,null,null,null,null,null,null,null,null,null,null,null,null,null,null,null,null,null,null,null,null,null,null],"dailyEx":{"avg":null,"wave":null,"sunrise":null,"sunset":null}},{"weather":[32.13,23.02],"tide":[null,null,null,null,null,null,null,null,null,null,null,null,null,null,null,null,null,null,null,null,null,null,null,null],"dailyEx":{"avg":null,"wave":null,"sunrise":null,"sunset":null}},{"weather":[0.84,23.41],"tide":[null,null,null,null,null,null,null,null,null,null,null,null,null,null,null,null,null,null,null,null,null,null,null,null],"dailyEx":{"avg":null,"wave":null,"sunrise":null,"sunset":null}},{"weather":[2.31,23.39],"tide":[null,null,null,null,null,null,null,null,null,null,null,null,null,null,null,null,null,null,null,null,null,null,null,null],"dailyEx":{"avg":null,"wave":null,"sunrise":null,"sunset":null}},{"weather":[0.16,23.94],"tide":[null,null,null,null,null,null,null,null,null,null,null,null,null,null,null,null,null,null,null,null,null,null,null,null],"dailyEx":{"avg":null,"wave":null,"sunrise":null,"sunset":null}}]}
堀切橋小菅JCT周辺,2026-10-05,{"hourly":[{"weather":[[1.5,17.93,0,0,4.75,null,null],[1.06,17.44,0,0,5.04,null,null],[1.05,17.35,0,0,5.25,null,null],[1.59,17.5,3.35,0.1,5.17,null,null],[1.95,18.66,8.62,2.76,5.66,null,null],[1,20.5,9.57,6.75,5.59,null,null],[1.52,22.11,9.09,10.2,5.08,null,null],[1.95,23.01,7.65,12.78,4.49,null,null],[1.47,22.63,4.31,11,3.73,null,null],[1.47,21.65,2.39,5.49,2.98,null,null],[1.48,21.08,1.91,3.87,3.02,null,null],[1.52,20.79,1.91,3.54,3.66,null,null]],"oneday":{"avg":null,"sunrise":null,"sunset":null},"tide":[null,null,null,null,null,null,null,null,null,null,null,null,null,null,null,null,null,null,null,null,null,null,null,null]},{"weather":[[1.06,20.59,1.91,3.88,4.04,null,null],[1.55,20.29,1.91,2.49,4.25,null,null],[1.02,19.7,0.96,1.84,3.48,null,null],[0.55,19.79,1.91,1.76,4.46,null,null],[0.52,21.99,3.83,2.26,4.47,null,null],[2.04,24.72,3.35,3.06,5.24,null,null],[1.95,26.06,2.39,4.3,5.23,null,null],[0.95,27.17,1.91,3.34,5.5,null,null],[1.36,26.02,1.44,2.58,4.74,null,null],[1.41,23.61,0.96,2.55,5.98,null,null],[1,21.89,0.96,0.91,5.66,null,null],[1,20.83,0.48,0.11,5.84,null,null]],"oneday":{"avg":null,"sunrise":null,"sunset":null},"tide":[null,null,null,null,null,null,null,null,null,null,null,null,null,null,null,null,null,null,null,null,null,null,null,null]},{"weather":[[0.59,20.17,0,0.13,6.43,null,null],[0.59,19.51,0,0.21,7.23,null,null],[0.59,19.11,2.87,0.58,7.46,null,null],[0.71,18.85,3.35,1.34,6.04,null,null],[0.59,20.95,1.91,1.73,7.31,null,null],[0.06,23.4,1.44,1.66,7.43,null,null],[0,24.88,0.48,1.21,6.76,null,null],[0,24.32,0,0.72,5.06,null,null],[0,21.68,0,0.34,5.48,null,null],[1.29,19.28,1.44,0.19,2.07,null,null],[0,18.69,4.78,3.15,2.53,null,null],[24.47,17.37,8.62,5.55,3.71,null,null]],"oneday":{"avg":null,"sunrise":null,"sunset":null},"tide":[null,null,null,null,null,null,null,null,null,null,null,null,null,null,null,null,null,null,null,null,null,null,null,null]}],"daily":[{"weather":[25.97,23.78],"tide":[null,null,null,null,null,null,null,null,null,null,null,null,null,null,null,null,null,null,null,null,null,null,null,null],"dailyEx":{"avg":null,"wave":null,"sunrise":null,"sunset":null}},{"weather":[24.41,23.04],"tide":[null,null,null,null,null,null,null,null,null,null,null,null,null,null,null,null,null,null,null,null,null,null,null,null],"dailyEx":{"avg":null,"wave":null,"sunrise":null,"sunset":null}},{"weather":[1.5,23.41],"tide":[null,null,null,null,null,null,null,null,null,null,null,null,null,null,null,null,null,null,null,null,null,null,null,null],"dailyEx":{"avg":null,"wave":null,"sunrise":null,"sunset":null}},{"weather":[1.5,23.48],"tide":[null,null,null,null,null,null,null,null,null,null,null,null,null,null,null,null,null,null,null,null,null,null,null,null],"dailyEx":{"avg":null,"wave":null,"sunrise":null,"sunset":null}},{"weather":[0.47,23.84],"tide":[null,null,null,null,null,null,null,null,null,null,null,null,null,null,null,null,null,null,null,null,null,null,null,null],"dailyEx":{"avg":null,"wave":null,"sunrise":null,"sunset":null}}]}
荒川赤羽緑地周辺,2026-10-05,{"hourly":[{"weather":[[1.67,17.71,0,0,4.55,null,null],[1.07,17.28,0,0.2,4.82,null,null],[1.11,17.19,0,0.26,4.93,null,null],[1.56,17.31,3.11,0.49,4.9,null,null],[1.82,18.51,8,2.89,5.3,null,null],[1,20.34,8.89,6.71,5.09,null,null],[1.55,21.92,8.44,10.31,4.76,null,null],[1.82,22.84,7.11,12.62,4.24,null,null],[1.38,22.51,4,11.39,3.51,null,null],[1.38,21.48,2.22,7.02,2.73,null,null],[1.45,20.91,1.78,5.1,2.99,null,null],[1.49,20.61,1.78,4.08,3.56,null,null]],"oneday":{"avg":null,"sunrise":null,"sunset":null},"tide":[null,null,null,null,null,null,null,null,null,null,null,null,null,null,null,null,null,null,null,null,null,null,null,null]},{"weather":[[1,20.39,1.78,3.77,3.95,null,null],[1.38,20.09,1.78,2.86,4.16,null,null],[0.82,19.47,0.89,2.24,3.36,null,null],[0.51,19.59,1.78,1.64,4.42,null,null],[0.55,21.85,3.56,2.27,4.25,null,null],[1.71,24.91,3.11,3.09,5.21,null,null],[1.69,26.32,2.22,3.92,5.52,null,null],[0.89,27.31,1.78,2.87,5.75,null,null],[1.26,26.04,1.34,2.4,5,null,null],[1.38,23.54,0.89,3.01,6.1,null,null],[0.93,21.78,0.89,1.57,5.71,null,null],[0.93,20.74,0.45,0.57,5.91,null,null]],"oneday":{"avg":null,"sunrise":null,"sunset":null},"tide":[null,null,null,null,null,null,null,null,null,null,null,null,null,null,null,null,null,null,null,null,null,null,null,null]},{"weather":[[0.56,20.09,0,0.26,6.74,null,null],[0.56,19.45,0,0.4,7.57,null,null],[0.56,19.06,2.67,1.35,7.82,null,null],[0.67,18.79,3.11,2.81,6.37,null,null],[0.56,20.89,1.78,3.71,7.58,null,null],[0,23.42,1.34,3.71,7.9,null,null],[0,24.93,0.45,2.81,7.31,null,null],[0,24.44,0,1.69,5.39,null,null],[0,21.84,0,0.85,5.39,null,null],[1.2,19.29,1.34,0.58,2.21,null,null],[0,18.6,4.44,3.44,2.7,null,null],[22.73,17.32,8,5.94,3.85,null,null]],"oneday":{"avg":null,"sunrise":null,"sunset":null},"tide":[null,null,null,null,null,null,null,null,null,null,null,null,null,null,null,null,null,null,null,null,null,null,null,null]}],"daily":[{"weather":[24.2,23.69],"tide":[null,null,null,null,null,null,null,null,null,null,null,null,null,null,null,null,null,null,null,null,null,null,null,null],"dailyEx":{"avg":null,"wave":null,"sunrise":null,"sunset":null}},{"weather":[22.73,23.02],"tide":[null,null,null,null,null,null,null,null,null,null,null,null,null,null,null,null,null,null,null,null,null,null,null,null],"dailyEx":{"avg":null,"wave":null,"sunrise":null,"sunset":null}},{"weather":[1.47,23.36],"tide":[null,null,null,null,null,null,null,null,null,null,null,null,null,null,null,null,null,null,null,null,null,null,null,null],"dailyEx":{"avg":null,"wave":null,"sunrise":null,"sunset":null}},{"weather":[1.34,23.65],"tide":[null,null,null,null,null,null,null,null,null,null,null,null,null,null,null,null,null,null,null,null,null,null,null,null],"dailyEx":{"avg":null,"wave":null,"sunrise":null,"sunset":null}},{"weather":[0.38,23.96],"tide":[null,null,null,null,null,null,null,null,null,null,null,null,null,null,null,null,null,null,null,null,null,null,null,null],"dailyEx":{"avg":null,"wave":null,"sunrise":null,"sunset":null}}]}
亀戸中央公園・大島小松川公園,2026-10-05,{"hourly":[{"weather":[[1.23,18.02,0,0,3.59,null,null],[1,17.5,0,0,3.86,null,null],[1.41,17.5,0.37,0,3.88,null,null],[1.85,17.75,5.47,0.07,3.87,null,null],[1.78,18.94,13.06,1.12,3.94,null,null],[1,20.75,14.86,2.47,3.77,null,null],[1.38,22.19,14.61,3.47,3.53,null,null],[1.78,22.92,12.55,4.22,3.14,null,null],[1.15,22.46,6.9,3.68,2.63,null,null],[1.34,21.66,3.48,2.01,2.32,null,null],[1.81,21.18,2.49,1.54,2.42,null,null],[1.19,20.9,3.23,1.36,2.74,null,null]],"oneday":{"avg":null,"sunrise":null,"sunset":null},"tide":[null,null,null,null,null,null,null,null,null,null,null,null,null,null,null,null,null,null,null,null,null,null,null,null]},{"weather":[[1,20.71,3.6,1.32,2.83,null,null],[1.81,20.44,3.23,0.92,3.05,null,null],[1.15,19.98,1.62,0.73,2.82,null,null],[0.81,20.2,3.23,0.62,3.12,null,null],[0.19,22.62,6.46,0.81,3.31,null,null],[2.58,24.68,5.28,1.1,3.48,null,null],[1.31,26.02,3.86,1.54,3.31,null,null],[0.96,27.07,3.23,1.16,3.12,null,null],[1.12,25.59,2.05,0.93,3.11,null,null],[1.15,23.38,1.24,1.01,4.23,null,null],[1,21.83,1.24,0.38,4.15,null,null],[1,20.86,0.62,0.04,4.24,null,null]],"oneday":{"avg":null,"sunrise":null,"sunset":null},"tide":[null,null,null,null,null,null,null,null,null,null,null,null,null,null,null,null,null,null,null,null,null,null,null,null]},{"weather":[[0.85,20.21,0,0,4.72,null,null],[0.85,19.6,0,0.11,5.18,null,null],[1.03,19.25,4.48,0.44,5.3,null,null],[1.07,19.24,5.66,0.91,4.42,null,null],[0.85,21.29,3.6,1.2,4.87,null,null],[0,23.7,2.43,1.2,4.89,null,null],[0,24.82,0.81,0.91,4.28,null,null],[0,23.76,0,0.55,3.49,null,null],[0,21.14,0,0.26,3,null,null],[0.93,19.47,2.24,0.15,1,null,null],[0,19.01,7.33,1.31,1.17,null,null],[31.9,17.77,12.31,2.33,1.9,null,null]],"oneday":{"avg":null,"sunrise":null,"sunset":null},"tide":[null,null,null,null,null,null,null,null,null,null,null,null,null,null,null,null,null,null,null,null,null,null,null,null]}],"daily":[{"weather":[32.66,24.38],"tide":[null,null,null,null,null,null,null,null,null,null,null,null,null,null,null,null,null,null,null,null,null,null,null,null],"dailyEx":{"avg":null,"wave":null,"sunrise":null,"sunset":null}},{"weather":[32.27,23.01],"tide":[null,null,null,null,null,null,null,null,null,null,null,null,null,null,null,null,null,null,null,null,null,null,null,null],"dailyEx":{"avg":null,"wave":null,"sunrise":null,"sunset":null}},{"weather":[0.76,23.41],"tide":[null,null,null,null,null,null,null,null,null,null,null,null,null,null,null,null,null,null,null,null,null,null,null,null],"dailyEx":{"avg":null,"wave":null,"sunrise":null,"sunset":null}},{"weather":[2.43,23.33],"tide":[null,null,null,null,null,null,null,null,null,null,null,null,null,null,null,null,null,null,null,null,null,null,null,null],"dailyEx":{"avg":null,"wave":null,"sunrise":null,"sunset":null}},{"weather":[0.15,23.91],"tide":[null,null,null,null,null,null,null,null,null,null,null,null,null,null,null,null,null,null,null,null,null,null,null,null],"dailyEx":{"avg":null,"wave":null,"sunrise":null,"sunset":null}}]}
北十間川,2026-10-05,{"hourly":[{"weather":[[1.32,17.98,0,0,3.8,null,null],[1,17.48,0,0,4.09,null,null],[1.41,17.46,0.34,0,4.11,null,null],[1.81,17.68,5.05,0.13,4.1,null,null],[1.76,18.87,12.07,1.46,4.23,null,null],[1,20.7,13.73,3.16,4.08,null,null],[1.42,22.15,13.49,4.41,3.8,null,null],[1.76,22.9,11.59,5.28,3.37,null,null],[1.19,22.45,6.37,4.59,2.81,null,null],[1.36,21.62,3.22,2.52,2.44,null,null],[1.75,21.13,2.3,1.95,2.55,null,null],[1.25,20.85,2.98,1.7,2.9,null,null]],"oneday":{"avg":null,"sunrise":null,"sunset":null},"tide":[null,null,null,null,null,null,null,null,null,null,null,null,null,null,null,null,null,null,null,null,null,null,null,null]},{"weather":[[1,20.67,3.32,1.63,3.03,null,null],[1.75,20.4,2.98,1.2,3.24,null,null],[1.1,19.91,1.49,0.95,2.91,null,null],[0.75,20.09,2.98,0.75,3.32,null,null],[0.25,22.49,5.97,1.08,3.53,null,null],[2.42,24.69,4.88,1.54,3.82,null,null],[1.38,26.04,3.56,2.03,3.72,null,null],[0.93,27.1,2.98,1.44,3.61,null,null],[1.12,25.67,1.9,1.12,3.48,null,null],[1.19,23.4,1.15,1.26,4.6,null,null],[1,21.83,1.15,0.51,4.45,null,null],[1,20.84,0.58,0.07,4.54,null,null]],"oneday":{"avg":null,"sunrise":null,"sunset":null},"tide":[null,null,null,null,null,null,null,null,null,null,null,null,null,null,null,null,null,null,null,null,null,null,null,null]},{"weather":[[0.81,20.2,0,0,5.09,null,null],[0.81,19.58,0,0.2,5.61,null,null],[0.98,19.22,4.13,0.8,5.76,null,null],[1.05,19.17,5.22,1.67,4.77,null,null],[0.81,21.21,3.32,2.21,5.3,null,null],[0,23.66,2.24,2.21,5.35,null,null],[0,24.84,0.75,1.67,4.75,null,null],[0,23.87,0,1,3.74,null,null],[0,21.3,0,0.47,3.34,null,null],[0.95,19.48,2.07,0.27,1.18,null,null],[0,18.98,6.78,1.71,1.47,null,null],[29.54,17.75,11.39,3.04,2.35,null,null]],"oneday":{"avg":null,"sunrise":null,"sunset":null},"tide":[null,null,null,null,null,null,null,null,null,null,null,null,null,null,null,null,null,null,null,null,null,null,null,null]}],"daily":[{"weather":[30.47,24.25],"tide":[null,null,null,null,null,null,null,null,null,null,null,null,null,null,null,null,null,null,null,null,null,null,null,null],"dailyEx":{"avg":null,"wave":null,"sunrise":null,"sunset":null}},{"weather":[29.88,23.02],"tide":[null,null,null,null,null,null,null,null,null,null,null,null,null,null,null,null,null,null,null,null,null,null,null,null],"dailyEx":{"avg":null,"wave":null,"sunrise":null,"sunset":null}},{"weather":[0.93,23.41],"tide":[null,null,null,null,null,null,null,null,null,null,null,null,null,null,null,null,null,null,null,null,null,null,null,null],"dailyEx":{"avg":null,"wave":null,"sunrise":null,"sunset":null}},{"weather":[2.24,23.39],"tide":[null,null,null,null,null,null,null,null,null,null,null,null,null,null,null,null,null,null,null,null,null,null,null,null],"dailyEx":{"avg":null,"wave":null,"sunrise":null,"sunset":null}},{"weather":[0.19,23.92],"tide":[null,null,null,null,null,null,null,null,null,null,null,null,null,null,null,null,null,null,null,null,null,null,null,null],"dailyEx":{"avg":null,"wave":null,"sunrise":null,"sunset":null}}]}
神代植物園周辺,2026-10-05,{"hourly":[{"weather":[[2.65,17.47,0,0,6.19,null,null],[1.02,17.23,0,0.07,6.77,null,null],[1.65,16.96,0.06,0.09,6.62,null,null],[1.77,16.98,0.18,1.38,6.71,null,null],[1.27,18.2,0.37,4.87,7.1,null,null],[1.06,20.22,0.55,9.13,7.48,null,null],[1.94,21.5,0.61,12.43,6.92,null,null],[1.33,22.43,0.49,13.34,6.01,null,null],[1.27,22.06,0.31,11.28,4.95,null,null],[1.27,20.98,0.25,6.54,4.13,null,null],[1.06,20.46,0.25,5.45,4.44,null,null],[1.92,20.22,0.12,4.35,4.83,null,null]],"oneday":{"avg":null,"sunrise":null,"sunset":null},"tide":[null,null,null,null,null,null,null,null,null,null,null,null,null,null,null,null,null,null,null,null,null,null,null,null]},{"weather":[[1,20.02,0.18,3.64,5.26,null,null],[1.04,19.79,0.25,4.12,5.16,null,null],[0.33,19.08,0.06,3.15,4.01,null,null],[0.08,18.93,0.12,1.13,5.41,null,null],[0.94,21.12,0.49,4.38,6.35,null,null],[0.45,25.01,0.55,7.23,7.72,null,null],[1.52,26.42,0.37,7.33,9.09,null,null],[0.29,27.49,0,3.19,9.8,null,null],[0.63,26.17,0.06,1.67,8.96,null,null],[1.27,23.38,0.12,3.1,9.63,null,null],[0.92,21.77,0.12,2.04,8.54,null,null],[0.98,20.73,0,0.81,8.46,null,null]],"oneday":{"avg":null,"sunrise":null,"sunset":null},"tide":[null,null,null,null,null,null,null,null,null,null,null,null,null,null,null,null,null,null,null,null,null,null,null,null]},{"weather":[[0.71,20.17,0.06,0.09,9.49,null,null],[0.77,19.46,0.37,1.96,10.48,null,null],[0.77,19.04,1.17,7.73,10.88,null,null],[1.41,18.6,1.84,16.11,9.06,null,null],[0.77,20.25,2.15,21.27,9.18,null,null],[0,23.18,1.78,21.27,9.55,null,null],[0,25.1,1.23,16.11,8.99,null,null],[0,24.89,0.61,9.67,5.75,null,null],[0,23.23,0.31,4.54,5.39,null,null],[0.54,19.68,0.25,2.63,2.78,null,null],[0.06,18.64,0.49,5.81,5.27,null,null],[0.21,17.83,0.98,10.39,8.06,null,null]],"oneday":{"avg":null,"sunrise":null,"sunset":null},"tide":[null,null,null,null,null,null,null,null,null,null,null,null,null,null,null,null,null,null,null,null,null,null,null,null]}],"daily":[{"weather":[2.95,22.8],"tide":[null,null,null,null,null,null,null,null,null,null,null,null,null,null,null,null,null,null,null,null,null,null,null,null],"dailyEx":{"avg":null,"wave":null,"sunrise":null,"sunset":null}},{"weather":[0.21,23.17],"tide":[null,null,null,null,null,null,null,null,null,null,null,null,null,null,null,null,null,null,null,null,null,null,null,null],"dailyEx":{"avg":null,"wave":null,"sunrise":null,"sunset":null}},{"weather":[2.75,23.48],"tide":[null,null,null,null,null,null,null,null,null,null,null,null,null,null,null,null,null,null,null,null,null,null,null,null],"dailyEx":{"avg":null,"wave":null,"sunrise":null,"sunset":null}},{"weather":[0.12,24.27],"tide":[null,null,null,null,null,null,null,null,null,null,null,null,null,null,null,null,null,null,null,null,null,null,null,null],"dailyEx":{"avg":null,"wave":null,"sunrise":null,"sunset":null}},{"weather":[0.27,24.2],"tide":[null,null,null,null,null,null,null,null,null,null,null,null,null,null,null,null,null,null,null,null,null,null,null,null],"dailyEx":{"avg":null,"wave":null,"sunrise":null,"sunset":null}}]}
都市農業公園,2026-10-05,{"hourly":[{"weather":[[1.64,17.74,0,0,4.51,null,null],[1.06,17.31,0,0.17,4.78,null,null],[1.11,17.22,0,0.23,4.87,null,null],[1.58,17.35,3.29,0.44,4.85,null,null],[1.84,18.55,8.45,2.79,5.23,null,null],[1,20.36,9.39,6.44,5.02,null,null],[1.53,21.94,8.92,9.81,4.69,null,null],[1.84,22.85,7.51,11.99,4.17,null,null],[1.36,22.52,4.22,10.79,3.45,null,null],[1.36,21.51,2.35,6.59,2.71,null,null],[1.47,20.94,1.88,4.8,2.96,null,null],[1.47,20.64,1.88,3.88,3.5,null,null]],"oneday":{"avg":null,"sunrise":null,"sunset":null},"tide":[null,null,null,null,null,null,null,null,null,null,null,null,null,null,null,null,null,null,null,null,null,null,null,null]},{"weather":[[1,20.42,1.88,3.6,3.87,null,null],[1.42,20.12,1.88,2.72,4.08,null,null],[0.84,19.51,0.94,2.13,3.33,null,null],[0.53,19.64,1.88,1.57,4.33,null,null],[0.53,21.9,3.76,2.17,4.21,null,null],[1.77,24.91,3.29,2.97,5.1,null,null],[1.67,26.31,2.35,3.79,5.35,null,null],[0.89,27.31,1.88,2.77,5.55,null,null],[1.26,26.03,1.41,2.31,4.87,null,null],[1.36,23.54,0.94,2.86,6,null,null],[0.94,21.79,0.94,1.46,5.6,null,null],[0.94,20.76,0.47,0.51,5.81,null,null]],"oneday":{"avg":null,"sunrise":null,"sunset":null},"tide":[null,null,null,null,null,null,null,null,null,null,null,null,null,null,null,null,null,null,null,null,null,null,null,null]},{"weather":[[0.58,20.11,0,0.23,6.62,null,null],[0.58,19.47,0,0.38,7.43,null,null],[0.58,19.09,2.82,1.3,7.67,null,null],[0.69,18.83,3.29,2.71,6.25,null,null],[0.58,20.93,1.88,3.58,7.41,null,null],[0,23.45,1.41,3.58,7.7,null,null],[0,24.94,0.47,2.71,7.12,null,null],[0,24.41,0,1.62,5.24,null,null],[0,21.8,0,0.81,5.23,null,null],[1.2,19.31,1.41,0.55,2.11,null,null],[0,18.64,4.69,3.32,2.59,null,null],[24,17.36,8.45,5.74,3.72,null,null]],"oneday":{"avg":null,"sunrise":null,"sunset":null},"tide":[null,null,null,null,null,null,null,null,null,null,null,null,null,null,null,null,null,null,null,null,null,null,null,null]}],"daily":[{"weather":[25.41,23.75],"tide":[null,null,null,null,null,null,null,null,null,null,null,null,null,null,null,null,null,null,null,null,null,null,null,null],"dailyEx":{"avg":null,"wave":null,"sunrise":null,"sunset":null}},{"weather":[24,23.02],"tide":[null,null,null,null,null,null,null,null,null,null,null,null,null,null,null,null,null,null,null,null,null,null,null,null],"dailyEx":{"avg":null,"wave":null,"sunrise":null,"sunset":null}},{"weather":[1.42,23.37],"tide":[null,null,null,null,null,null,null,null,null,null,null,null,null,null,null,null,null,null,null,null,null,null,null,null],"dailyEx":{"avg":null,"wave":null,"sunrise":null,"sunset":null}},{"weather":[1.41,23.63],"tide":[null,null,null,null,null,null,null,null,null,null,null,null,null,null,null,null,null,null,null,null,null,null,null,null],"dailyEx":{"avg":null,"wave":null,"sunrise":null,"sunset":null}},{"weather":[0.36,23.97],"tide":[null,null,null,null,null,null,null,null,null,null,null,null,null,null,null,null,null,null,null,null,null,null,null,null],"dailyEx":{"avg":null,"wave":null,"sunrise":null,"sunset":null}}]}
五色桜大橋周辺,2026-10-05,{"hourly":[{"weather":[[1.61,17.77,0,0,4.45,null,null],[1.05,17.34,0,0.15,4.72,null,null],[1.11,17.26,0,0.2,4.8,null,null],[1.61,17.4,3.48,0.42,4.79,null,null],[1.84,18.59,8.94,2.66,5.14,null,null],[1,20.39,9.93,6.08,4.94,null,null],[1.5,21.95,9.43,9.21,4.6,null,null],[1.84,22.85,7.94,11.21,4.1,null,null],[1.34,22.51,4.47,10.06,3.38,null,null],[1.34,21.52,2.48,6.11,2.69,null,null],[1.5,20.97,1.98,4.48,2.93,null,null],[1.45,20.67,1.98,3.62,3.45,null,null]],"oneday":{"avg":null,"sunrise":null,"sunset":null},"tide":[null,null,null,null,null,null,null,null,null,null,null,null,null,null,null,null,null,null,null,null,null,null,null,null]},{"weather":[[1,20.45,1.98,3.36,3.79,null,null],[1.45,20.15,1.98,2.56,4,null,null],[0.84,19.55,0.99,2,3.3,null,null],[0.55,19.69,1.98,1.47,4.24,null,null],[0.5,21.96,3.97,2.08,4.16,null,null],[1.83,24.92,3.48,2.86,4.98,null,null],[1.63,26.31,2.48,3.63,5.21,null,null],[0.89,27.32,1.98,2.62,5.37,null,null],[1.23,26.02,1.49,2.16,4.77,null,null],[1.34,23.53,0.99,2.68,5.91,null,null],[0.95,21.79,0.99,1.36,5.52,null,null],[0.95,20.77,0.5,0.46,5.71,null,null]],"oneday":{"avg":null,"sunrise":null,"sunset":null},"tide":[null,null,null,null,null,null,null,null,null,null,null,null,null,null,null,null,null,null,null,null,null,null,null,null]},{"weather":[[0.61,20.13,0,0.2,6.5,null,null],[0.61,19.5,0,0.38,7.27,null,null],[0.61,19.12,2.98,1.34,7.5,null,null],[0.72,18.89,3.48,2.78,6.13,null,null],[0.61,20.97,1.98,3.67,7.2,null,null],[0,23.48,1.49,3.67,7.47,null,null],[0,24.94,0.5,2.78,6.88,null,null],[0,24.37,0,1.66,5.07,null,null],[0,21.75,0,0.83,4.99,null,null],[1.18,19.34,1.49,0.54,1.99,null,null],[0,18.68,4.96,3.16,2.49,null,null],[25.37,17.4,8.94,5.48,3.61,null,null]],"oneday":{"avg":null,"sunrise":null,"sunset":null},"tide":[null,null,null,null,null,null,null,null,null,null,null,null,null,null,null,null,null,null,null,null,null,null,null,null]}],"daily":[{"weather":[26.73,23.81],"tide":[null,null,null,null,null,null,null,null,null,null,null,null,null,null,null,null,null,null,null,null,null,null,null,null],"dailyEx":{"avg":null,"wave":null,"sunrise":null,"sunset":null}},{"weather":[25.37,23.03],"tide":[null,null,null,null,null,null,null,null,null,null,null,null,null,null,null,null,null,null,null,null,null,null,null,null],"dailyEx":{"avg":null,"wave":null,"sunrise":null,"sunset":null}},{"weather":[1.36,23.37],"tide":[null,null,null,null,null,null,null,null,null,null,null,null,null,null,null,null,null,null,null,null,null,null,null,null],"dailyEx":{"avg":null,"wave":null,"sunrise":null,"sunset":null}},{"weather":[1.49,23.62],"tide":[null,null,null,null,null,null,null,null,null,null,null,null,null,null,null,null,null,null,null,null,null,null,null,null],"dailyEx":{"avg":null,"wave":null,"sunrise":null,"sunset":null}},{"weather":[0.34,23.97],"tide":[null,null,null,null,null,null,null,null,null,null,null,null,null,null,null,null,null,null,null,null,null,null,null,null],"dailyEx":{"avg":null,"wave":null,"sunrise":null,"sunset":null}}]}
上一色橋周辺,2026-10-05,{"hourly":[{"weather":[[1.33,17.97,0,0,3.96,null,null],[1,17.46,0,0,4.21,null,null],[1.3,17.42,0.27,0,4.28,null,null],[1.73,17.63,4.74,0.06,4.22,null,null],[1.84,18.81,11.46,1.79,4.49,null,null],[1,20.62,12.99,4.08,4.28,null,null],[1.43,22.14,12.69,5.78,3.93,null,null],[1.84,22.96,10.87,7.12,3.51,null,null],[1.27,22.53,6,6.24,2.9,null,null],[1.4,21.66,3.08,3.41,2.44,null,null],[1.7,21.14,2.25,2.58,2.53,null,null],[1.3,20.85,2.78,2.28,2.99,null,null]],"oneday":{"avg":null,"sunrise":null,"sunset":null},"tide":[null,null,null,null,null,null,null,null,null,null,null,null,null,null,null,null,null,null,null,null,null,null,null,null]},{"weather":[[1,20.67,3.05,2.25,3.18,null,null],[1.7,20.38,2.78,1.49,3.42,null,null],[1.1,19.86,1.39,1.19,2.94,null,null],[0.7,20.03,2.78,1.1,3.53,null,null],[0.3,22.38,5.57,1.25,3.61,null,null],[2.36,24.71,4.61,1.64,4.02,null,null],[1.55,26.06,3.35,2.43,3.84,null,null],[0.97,27.15,2.78,1.98,3.78,null,null],[1.24,25.81,1.82,1.65,3.46,null,null],[1.27,23.5,1.12,1.71,4.69,null,null],[1,21.85,1.12,0.61,4.5,null,null],[1,20.83,0.57,0.03,4.66,null,null]],"oneday":{"avg":null,"sunrise":null,"sunset":null},"tide":[null,null,null,null,null,null,null,null,null,null,null,null,null,null,null,null,null,null,null,null,null,null,null,null]},{"weather":[[0.73,20.18,0,0,5.3,null,null],[0.73,19.55,0,0.09,5.92,null,null],[0.86,19.18,3.91,0.36,6.1,null,null],[0.89,19.09,4.88,0.74,4.96,null,null],[0.73,21.19,3.05,0.98,5.82,null,null],[0,23.62,2.09,0.98,5.93,null,null],[0,24.86,0.7,0.74,5.35,null,null],[0,24,0,0.45,4.13,null,null],[0,21.35,0,0.21,4.01,null,null],[1.11,19.43,1.96,0.12,1.4,null,null],[0,18.94,6.42,2.09,1.58,null,null],[28.81,17.63,10.93,3.67,2.48,null,null]],"oneday":{"avg":null,"sunrise":null,"sunset":null},"tide":[null,null,null,null,null,null,null,null,null,null,null,null,null,null,null,null,null,null,null,null,null,null,null,null]}],"daily":[{"weather":[29.85,24.18],"tide":[null,null,null,null,null,null,null,null,null,null,null,null,null,null,null,null,null,null,null,null,null,null,null,null],"dailyEx":{"avg":null,"wave":null,"sunrise":null,"sunset":null}},{"weather":[29.08,23.01],"tide":[null,null,null,null,null,null,null,null,null,null,null,null,null,null,null,null,null,null,null,null,null,null,null,null],"dailyEx":{"avg":null,"wave":null,"sunrise":null,"sunset":null}},{"weather":[1.04,23.41],"tide":[null,null,null,null,null,null,null,null,null,null,null,null,null,null,null,null,null,null,null,null,null,null,null,null],"dailyEx":{"avg":null,"wave":null,"sunrise":null,"sunset":null}},{"weather":[2.09,23.39],"tide":[null,null,null,null,null,null,null,null,null,null,null,null,null,null,null,null,null,null,null,null,null,null,null,null],"dailyEx":{"avg":null,"wave":null,"sunrise":null,"sunset":null}},{"weather":[0.27,23.9],"tide":[null,null,null,null,null,null,null,null,null,null,null,null,null,null,null,null,null,null,null,null,null,null,null,null],"dailyEx":{"avg":null,"wave":null,"sunrise":null,"sunset":null}}]}
塩の道周辺,2026-10-05,{"hourly":[{"weather":[[1.21,18.05,0,0,3.51,null,null],[1,17.53,0,0,3.79,null,null],[1.34,17.55,0.3,0,3.79,null,null],[1.88,17.8,5.67,0.08,3.81,null,null],[1.81,18.97,13.78,0.97,3.83,null,null],[1,20.76,15.59,2.11,3.66,null,null],[1.32,22.18,15.2,2.94,3.43,null,null],[1.81,22.9,13,3.53,3.06,null,null],[1.12,22.46,7.18,3.07,2.57,null,null],[1.27,21.67,3.71,1.68,2.3,null,null],[1.83,21.2,2.73,1.3,2.42,null,null],[1.17,20.92,3.32,1.14,2.69,null,null]],"oneday":{"avg":null,"sunrise":null,"sunset":null},"tide":[null,null,null,null,null,null,null,null,null,null,null,null,null,null,null,null,null,null,null,null,null,null,null,null]},{"weather":[[1,20.74,3.62,1.09,2.75,null,null],[1.83,20.46,3.32,0.8,2.97,null,null],[1.11,20.01,1.66,0.63,2.83,null,null],[0.83,20.25,3.32,0.5,3.05,null,null],[0.17,22.66,6.65,0.72,3.27,null,null],[2.62,24.75,5.52,1.02,3.38,null,null],[1.25,26.08,4.01,1.35,3.21,null,null],[0.96,27.12,3.32,0.97,2.98,null,null],[1.08,25.6,2.2,0.76,3.08,null,null],[1.12,23.36,1.36,0.84,4.21,null,null],[1,21.82,1.36,0.34,4.12,null,null],[1,20.88,0.68,0.04,4.21,null,null]],"oneday":{"avg":null,"sunrise":null,"sunset":null},"tide":[null,null,null,null,null,null,null,null,null,null,null,null,null,null,null,null,null,null,null,null,null,null,null,null]},{"weather":[[0.88,20.24,0,0,4.66,null,null],[0.88,19.65,0,0.13,5.07,null,null],[1.02,19.31,4.69,0.52,5.18,null,null],[1.07,19.31,5.82,1.08,4.36,null,null],[0.88,21.35,3.62,1.42,4.71,null,null],[0,23.75,2.5,1.42,4.7,null,null],[0,24.84,0.83,1.08,4.08,null,null],[0,23.75,0,0.65,3.33,null,null],[0,21.1,0,0.3,2.73,null,null],[0.93,19.48,2.35,0.17,0.87,null,null],[0,19.03,7.72,1.14,1.06,null,null],[34.96,17.78,13.18,2.05,1.76,null,null]],"oneday":{"avg":null,"sunrise":null,"sunset":null},"tide":[null,null,null,null,null,null,null,null,null,null,null,null,null,null,null,null,null,null,null,null,null,null,null,null]}],"daily":[{"weather":[35.62,24.45],"tide":[null,null,null,null,null,null,null,null,null,null,null,null,null,null,null,null,null,null,null,null,null,null,null,null],"dailyEx":{"avg":null,"wave":null,"sunrise":null,"sunset":null}},{"weather":[35.26,23.01],"tide":[null,null,null,null,null,null,null,null,null,null,null,null,null,null,null,null,null,null,null,null,null,null,null,null],"dailyEx":{"avg":null,"wave":null,"sunrise":null,"sunset":null}},{"weather":[0.65,23.41],"tide":[null,null,null,null,null,null,null,null,null,null,null,null,null,null,null,null,null,null,null,null,null,null,null,null],"dailyEx":{"avg":null,"wave":null,"sunrise":null,"sunset":null}},{"weather":[2.5,23.35],"tide":[null,null,null,null,null,null,null,null,null,null,null,null,null,null,null,null,null,null,null,null,null,null,null,null],"dailyEx":{"avg":null,"wave":null,"sunrise":null,"sunset":null}},{"weather":[0.12,23.93],"tide":[null,null,null,null,null,null,null,null,null,null,null,null,null,null,null,null,null,null,null,null,null,null,null,null],"dailyEx":{"avg":null,"wave":null,"sunrise":null,"sunset":null}}]}
多摩川丸子橋,2026-10-05,{"hourly":[{"weather":[[1.96,18,0.08,0,4.59,null,null],[1,17.63,0.31,0,5.03,null,null],[1.25,17.52,0.45,0,4.93,null,null],[2.13,17.72,2.68,0.5,4.96,null,null],[1.45,18.88,6.37,2.23,5.14,null,null],[1.3,20.57,8,4.28,5.21,null,null],[1.41,21.86,9.17,5.75,4.76,null,null],[1.67,22.69,9.41,6.31,4.29,null,null],[1.16,22.32,5.25,5.32,3.56,null,null],[1.24,21.44,2.64,2.95,3.16,null,null],[1.59,21.01,2.04,2.46,3.3,null,null],[1.49,20.71,2.06,2.05,3.61,null,null]],"oneday":{"avg":null,"sunrise":null,"sunset":null},"tide":[null,null,null,null,null,null,null,null,null,null,null,null,null,null,null,null,null,null,null,null,null,null,null,null]},{"weather":[[1.08,20.55,2.59,1.8,3.77,null,null],[1.59,20.36,2.51,1.82,3.84,null,null],[0.83,19.88,1.03,1.4,3.35,null,null],[0.59,19.97,1.75,0.65,4,null,null],[0.49,22.28,4.39,1.9,4.62,null,null],[1.92,24.99,4.55,3.07,5.05,null,null],[1.33,26.3,3.31,3.3,5.39,null,null],[0.45,27.18,1.31,1.64,5.41,null,null],[0.84,25.76,1.17,0.98,5.49,null,null],[1.08,23.4,1.09,1.47,6.32,null,null],[0.7,21.92,1.02,0.83,5.98,null,null],[1,20.95,0.21,0.25,5.9,null,null]],"oneday":{"avg":null,"sunrise":null,"sunset":null},"tide":[null,null,null,null,null,null,null,null,null,null,null,null,null,null,null,null,null,null,null,null,null,null,null,null]},{"weather":[[0.84,20.41,0.38,0,6.54,null,null],[1.21,19.82,2.1,0.75,7.09,null,null],[1.21,19.47,7.63,3.01,7.26,null,null],[1.46,19.29,11.13,6.26,6.04,null,null],[1.21,20.95,11.75,8.27,6.06,null,null],[0.08,23.56,9.67,8.27,6.19,null,null],[0,24.85,6.41,6.26,5.61,null,null],[0,23.93,3.14,3.76,4.1,null,null],[0.23,21.73,1.64,1.75,3.7,null,null],[0.61,19.51,1.91,1.01,1.58,null,null],[0.38,18.77,4.5,2.64,2.44,null,null],[11.83,17.93,9.04,4.73,4.24,null,null]],"oneday":{"avg":null,"sunrise":null,"sunset":null},"tide":[null,null,null,null,null,null,null,null,null,null,null,null,null,null,null,null,null,null,null,null,null,null,null,null]}],"daily":[{"weather":[13.15,23.91],"tide":[null,null,null,null,null,null,null,null,null,null,null,null,null,null,null,null,null,null,null,null,null,null,null,null],"dailyEx":{"avg":null,"wave":null,"sunrise":null,"sunset":null}},{"weather":[11.83,22.99],"tide":[null,null,null,null,null,null,null,null,null,null,null,null,null,null,null,null,null,null,null,null,null,null,null,null],"dailyEx":{"avg":null,"wave":null,"sunrise":null,"sunset":null}},{"weather":[1.24,23.35],"tide":[null,null,null,null,null,null,null,null,null,null,null,null,null,null,null,null,null,null,null,null,null,null,null,null],"dailyEx":{"avg":null,"wave":null,"sunrise":null,"sunset":null}},{"weather":[1.38,23.73],"tide":[null,null,null,null,null,null,null,null,null,null,null,null,null,null,null,null,null,null,null,null,null,null,null,null],"dailyEx":{"avg":null,"wave":null,"sunrise":null,"sunset":null}},{"weather":[0.16,23.98],"tide":[null,null,null,null,null,null,null,null,null,null,null,null,null,null,null,null,null,null,null,null,null,null,null,null],"dailyEx":{"avg":null,"wave":null,"sunrise":null,"sunset":null}}]}
多摩川大橋周辺,2026-10-05,{"hourly":[{"weather":[[1.73,18.23,0.11,0,3.82,null,null],[1,17.81,0.46,0,4.22,null,null],[1.09,17.77,0.7,0,4.13,null,null],[2.39,18.07,3.58,0.18,4.13,null,null],[1.44,19.21,8.37,0.93,4.18,null,null],[1.47,20.75,10.73,1.84,4.13,null,null],[1.17,21.99,12.57,2.51,3.77,null,null],[1.8,22.76,13.08,2.83,3.5,null,null],[1.08,22.39,7.31,2.41,2.93,null,null],[1.2,21.59,3.68,1.33,2.74,null,null],[1.83,21.22,2.86,1.08,2.83,null,null],[1.28,20.9,2.84,0.92,3.07,null,null]],"oneday":{"avg":null,"sunrise":null,"sunset":null},"tide":[null,null,null,null,null,null,null,null,null,null,null,null,null,null,null,null,null,null,null,null,null,null,null,null]},{"weather":[[1.11,20.75,3.66,0.83,3.09,null,null],[1.83,20.59,3.55,0.76,3.21,null,null],[1.03,20.25,1.42,0.59,3.06,null,null],[0.83,20.45,2.38,0.33,3.34,null,null],[0.28,22.84,6.19,0.76,3.84,null,null],[2.57,25.03,6.53,1.19,3.84,null,null],[1.16,26.28,4.74,1.35,3.79,null,null],[0.44,27.02,1.66,0.75,3.48,null,null],[0.88,25.51,1.55,0.49,4.08,null,null],[0.97,23.35,1.55,0.66,4.88,null,null],[0.53,21.98,1.43,0.34,4.91,null,null],[1,21.04,0.24,0.09,4.77,null,null]],"oneday":{"avg":null,"sunrise":null,"sunset":null},"tide":[null,null,null,null,null,null,null,null,null,null,null,null,null,null,null,null,null,null,null,null,null,null,null,null]},{"weather":[[0.92,20.54,0.59,0,5.2,null,null],[1.5,20.01,3.29,0.26,5.51,null,null],[1.5,19.68,11.47,1.05,5.57,null,null],[1.59,19.62,16.91,2.18,4.66,null,null],[1.5,21.24,18.2,2.89,4.48,null,null],[0.11,23.74,15,2.89,4.52,null,null],[0,24.72,10.04,2.18,3.93,null,null],[0,23.43,4.95,1.31,3.3,null,null],[0.34,21.02,2.59,0.61,2.78,null,null],[0.52,19.42,2.74,0.35,1.03,null,null],[0.59,18.78,6.22,1.1,1.16,null,null],[14.07,18.01,12.63,1.97,2.59,null,null]],"oneday":{"avg":null,"sunrise":null,"sunset":null},"tide":[null,null,null,null,null,null,null,null,null,null,null,null,null,null,null,null,null,null,null,null,null,null,null,null]}],"daily":[{"weather":[14.69,24.41],"tide":[null,null,null,null,null,null,null,null,null,null,null,null,null,null,null,null,null,null,null,null,null,null,null,null],"dailyEx":{"avg":null,"wave":null,"sunrise":null,"sunset":null}},{"weather":[14.07,22.9],"tide":[null,null,null,null,null,null,null,null,null,null,null,null,null,null,null,null,null,null,null,null,null,null,null,null],"dailyEx":{"avg":null,"wave":null,"sunrise":null,"sunset":null}},{"weather":[0.51,23.26],"tide":[null,null,null,null,null,null,null,null,null,null,null,null,null,null,null,null,null,null,null,null,null,null,null,null],"dailyEx":{"avg":null,"wave":null,"sunrise":null,"sunset":null}},{"weather":[1.9,23.51],"tide":[null,null,null,null,null,null,null,null,null,null,null,null,null,null,null,null,null,null,null,null,null,null,null,null],"dailyEx":{"avg":null,"wave":null,"sunrise":null,"sunset":null}},{"weather":[0.08,23.89],"tide":[null,null,null,null,null,null,null,null,null,null,null,null,null,null,null,null,null,null,null,null,null,null,null,null],"dailyEx":{"avg":null,"wave":null,"sunrise":null,"sunset":null}}]}
二子玉川緑地運動場周辺,2026-10-05,{"hourly":[{"weather":[[2.33,17.75,0,0,5.14,null,null],[1,17.44,0,0,5.64,null,null],[1.42,17.27,0.3,0,5.5,null,null],[2.1,17.41,1.52,0.83,5.55,null,null],[1.29,18.63,3.4,3.27,5.83,null,null],[1.3,20.44,4.47,6.1,6.03,null,null],[1.61,21.71,4.68,8.11,5.49,null,null],[1.58,22.57,3.82,8.7,4.85,null,null],[1.2,22.19,2.29,7.27,3.99,null,null],[1.2,21.22,1.64,4.04,3.46,null,null],[1.39,20.77,1.55,3.44,3.66,null,null],[1.61,20.47,0.95,2.83,3.98,null,null]],"oneday":{"avg":null,"sunrise":null,"sunset":null},"tide":[null,null,null,null,null,null,null,null,null,null,null,null,null,null,null,null,null,null,null,null,null,null,null,null]},{"weather":[[1,20.31,1.25,2.42,4.24,null,null],[1.39,20.11,1.55,2.65,4.23,null,null],[0.58,19.54,0.48,2.04,3.51,null,null],[0.39,19.55,0.95,0.79,4.4,null,null],[0.61,21.9,3.1,2.87,5.24,null,null],[1.36,25.11,3.3,4.73,6.01,null,null],[1.4,26.46,2.23,4.9,6.7,null,null],[0.29,27.41,0.36,2.22,6.95,null,null],[0.79,25.97,0.57,1.19,6.8,null,null],[1.2,23.37,0.77,2.02,7.61,null,null],[0.7,21.83,0.77,1.23,6.88,null,null],[1,20.84,0.09,0.42,6.78,null,null]],"oneday":{"avg":null,"sunrise":null,"sunset":null},"tide":[null,null,null,null,null,null,null,null,null,null,null,null,null,null,null,null,null,null,null,null,null,null,null,null]},{"weather":[[0.8,20.32,0.3,0,7.54,null,null],[1.1,19.68,1.78,1.25,8.27,null,null],[1.1,19.3,6.18,4.98,8.53,null,null],[1.51,19.01,9.53,10.37,7.07,null,null],[1.1,20.69,10.74,13.7,7.09,null,null],[0,23.5,8.87,13.7,7.36,null,null],[0,25.01,6.02,10.37,6.81,null,null],[0,24.33,2.97,6.22,4.65,null,null],[0,22.29,1.48,2.9,4.25,null,null],[0.49,19.62,1.46,1.66,1.94,null,null],[0.3,18.76,3.28,3.88,3.49,null,null],[5.48,17.95,6.37,6.96,5.86,null,null]],"oneday":{"avg":null,"sunrise":null,"sunset":null},"tide":[null,null,null,null,null,null,null,null,null,null,null,null,null,null,null,null,null,null,null,null,null,null,null,null]}],"daily":[{"weather":[7.32,23.56],"tide":[null,null,null,null,null,null,null,null,null,null,null,null,null,null,null,null,null,null,null,null,null,null,null,null],"dailyEx":{"avg":null,"wave":null,"sunrise":null,"sunset":null}},{"weather":[5.48,23.03],"tide":[null,null,null,null,null,null,null,null,null,null,null,null,null,null,null,null,null,null,null,null,null,null,null,null],"dailyEx":{"avg":null,"wave":null,"sunrise":null,"sunset":null}},{"weather":[1.84,23.39],"tide":[null,null,null,null,null,null,null,null,null,null,null,null,null,null,null,null,null,null,null,null,null,null,null,null],"dailyEx":{"avg":null,"wave":null,"sunrise":null,"sunset":null}},{"weather":[0.86,23.95],"tide":[null,null,null,null,null,null,null,null,null,null,null,null,null,null,null,null,null,null,null,null,null,null,null,null],"dailyEx":{"avg":null,"wave":null,"sunrise":null,"sunset":null}},{"weather":[0.2,24.1],"tide":[null,null,null,null,null,null,null,null,null,null,null,null,null,null,null,null,null,null,null,null,null,null,null,null],"dailyEx":{"avg":null,"wave":null,"sunrise":null,"sunset":null}}]}
多摩川緑地公園周辺,2026-10-05,{"hourly":[{"weather":[[2.67,17.51,0,0,6.27,null,null],[1,17.28,0,0,6.86,null,null],[1.67,17,0.07,0,6.68,null,null],[1.81,17.03,0.21,1.34,6.77,null,null],[1.26,18.24,0.43,4.9,7.17,null,null],[1.07,20.24,0.64,8.99,7.59,null,null],[1.93,21.5,0.71,11.88,6.97,null,null],[1.33,22.43,0.57,12.52,6.04,null,null],[1.26,22.05,0.36,10.4,4.96,null,null],[1.26,21,0.29,5.8,4.2,null,null],[1.07,20.49,0.29,5.01,4.47,null,null],[1.93,20.25,0.14,4.08,4.85,null,null]],"oneday":{"avg":null,"sunrise":null,"sunset":null},"tide":[null,null,null,null,null,null,null,null,null,null,null,null,null,null,null,null,null,null,null,null,null,null,null,null]},{"weather":[[1,20.06,0.21,3.41,5.25,null,null],[1.07,19.84,0.29,3.97,5.13,null,null],[0.33,19.13,0.07,3.04,4,null,null],[0.07,18.96,0.14,1.04,5.35,null,null],[0.93,21.15,0.57,4.38,6.44,null,null],[0.47,25,0.64,7.32,7.74,null,null],[1.52,26.41,0.43,7.43,9.06,null,null],[0.26,27.51,0,3.15,9.76,null,null],[0.59,26.2,0.07,1.56,8.98,null,null],[1.26,23.39,0.14,2.89,9.7,null,null],[0.93,21.79,0.14,1.86,8.55,null,null],[1,20.76,0,0.67,8.46,null,null]],"oneday":{"avg":null,"sunrise":null,"sunset":null},"tide":[null,null,null,null,null,null,null,null,null,null,null,null,null,null,null,null,null,null,null,null,null,null,null,null]},{"weather":[[0.74,20.22,0.07,0,9.49,null,null],[0.81,19.51,0.43,2.01,10.48,null,null],[0.81,19.09,1.35,8.03,10.88,null,null],[1.48,18.66,2.14,16.72,9.05,null,null],[0.81,20.27,2.49,22.08,9.07,null,null],[0,23.21,2.07,22.08,9.41,null,null],[0,25.11,1.43,16.72,8.86,null,null],[0,24.88,0.71,10.03,5.57,null,null],[0,23.27,0.36,4.69,5.22,null,null],[0.52,19.75,0.29,2.68,2.67,null,null],[0.07,18.72,0.57,5.83,5.28,null,null],[0.21,17.93,1.14,10.48,8.19,null,null]],"oneday":{"avg":null,"sunrise":null,"sunset":null},"tide":[null,null,null,null,null,null,null,null,null,null,null,null,null,null,null,null,null,null,null,null,null,null,null,null]}],"daily":[{"weather":[3,22.83],"tide":[null,null,null,null,null,null,null,null,null,null,null,null,null,null,null,null,null,null,null,null,null,null,null,null],"dailyEx":{"avg":null,"wave":null,"sunrise":null,"sunset":null}},{"weather":[0.21,23.18],"tide":[null,null,null,null,null,null,null,null,null,null,null,null,null,null,null,null,null,null,null,null,null,null,null,null],"dailyEx":{"avg":null,"wave":null,"sunrise":null,"sunset":null}},{"weather":[2.79,23.51],"tide":[null,null,null,null,null,null,null,null,null,null,null,null,null,null,null,null,null,null,null,null,null,null,null,null],"dailyEx":{"avg":null,"wave":null,"sunrise":null,"sunset":null}},{"weather":[0.14,24.28],"tide":[null,null,null,null,null,null,null,null,null,null,null,null,null,null,null,null,null,null,null,null,null,null,null,null],"dailyEx":{"avg":null,"wave":null,"sunrise":null,"sunset":null}},{"weather":[0.26,24.21],"tide":[null,null,null,null,null,null,null,null,null,null,null,null,null,null,null,null,null,null,null,null,null,null,null,null],"dailyEx":{"avg":null,"wave":null,"sunrise":null,"sunset":null}}]}
多摩川水道橋,2026-10-05,{"hourly":[{"weather":[[2.59,17.58,0,0,5.95,null,null],[1,17.33,0,0,6.52,null,null],[1.59,17.07,0.16,0,6.35,null,null],[1.91,17.14,0.48,1.18,6.42,null,null],[1.25,18.36,0.96,4.45,6.8,null,null],[1.16,20.3,1.44,8.21,7.15,null,null],[1.84,21.56,1.6,10.88,6.55,null,null],[1.41,22.47,1.28,11.53,5.71,null,null],[1.25,22.09,0.8,9.6,4.69,null,null],[1.25,21.06,0.64,5.35,3.99,null,null],[1.16,20.57,0.64,4.6,4.23,null,null],[1.84,20.31,0.32,3.76,4.6,null,null]],"oneday":{"avg":null,"sunrise":null,"sunset":null},"tide":[null,null,null,null,null,null,null,null,null,null,null,null,null,null,null,null,null,null,null,null,null,null,null,null]},{"weather":[[1,20.13,0.48,3.17,4.97,null,null],[1.16,19.92,0.64,3.61,4.88,null,null],[0.41,19.25,0.16,2.77,3.85,null,null],[0.16,19.13,0.32,0.99,5.08,null,null],[0.84,21.37,1.28,3.95,6.1,null,null],[0.73,25.04,1.44,6.57,7.25,null,null],[1.5,26.43,0.96,6.72,8.38,null,null],[0.25,27.48,0,2.92,8.95,null,null],[0.66,26.13,0.16,1.49,8.35,null,null],[1.25,23.39,0.32,2.67,9.1,null,null],[0.84,21.81,0.32,1.68,8.07,null,null],[1,20.78,0,0.59,7.98,null,null]],"oneday":{"avg":null,"sunrise":null,"sunset":null},"tide":[null,null,null,null,null,null,null,null,null,null,null,null,null,null,null,null,null,null,null,null,null,null,null,null]},{"weather":[[0.75,20.25,0.16,0,8.93,null,null],[0.91,19.56,0.96,1.78,9.85,null,null],[0.91,19.15,3.04,7.1,10.21,null,null],[1.5,18.76,4.81,14.79,8.48,null,null],[0.91,20.38,5.61,19.53,8.51,null,null],[0,23.29,4.64,19.53,8.84,null,null],[0,25.08,3.2,14.79,8.29,null,null],[0,24.71,1.6,8.87,5.33,null,null],[0,22.98,0.8,4.14,5,null,null],[0.5,19.7,0.64,2.37,2.48,null,null],[0.16,18.72,1.28,5.29,4.76,null,null],[0.48,17.93,2.56,9.49,7.55,null,null]],"oneday":{"avg":null,"sunrise":null,"sunset":null},"tide":[null,null,null,null,null,null,null,null,null,null,null,null,null,null,null,null,null,null,null,null,null,null,null,null]}],"daily":[{"weather":[3,23.04],"tide":[null,null,null,null,null,null,null,null,null,null,null,null,null,null,null,null,null,null,null,null,null,null,null,null],"dailyEx":{"avg":null,"wave":null,"sunrise":null,"sunset":null}},{"weather":[0.48,23.13],"tide":[null,null,null,null,null,null,null,null,null,null,null,null,null,null,null,null,null,null,null,null,null,null,null,null],"dailyEx":{"avg":null,"wave":null,"sunrise":null,"sunset":null}},{"weather":[2.52,23.47],"tide":[null,null,null,null,null,null,null,null,null,null,null,null,null,null,null,null,null,null,null,null,null,null,null,null],"dailyEx":{"avg":null,"wave":null,"sunrise":null,"sunset":null}},{"weather":[0.32,24.18],"tide":[null,null,null,null,null,null,null,null,null,null,null,null,null,null,null,null,null,null,null,null,null,null,null,null],"dailyEx":{"avg":null,"wave":null,"sunrise":null,"sunset":null}},{"weather":[0.25,24.17],"tide":[null,null,null,null,null,null,null,null,null,null,null,null,null,null,null,null,null,null,null,null,null,null,null,null],"dailyEx":{"avg":null,"wave":null,"sunrise":null,"sunset":null}}]}
舎人公園,2026-10-05,{"hourly":[{"weather":[[1.57,17.9,0,0,4.98,null,null],[1.08,17.4,0,0,5.28,null,null],[1.05,17.29,0,0,5.53,null,null],[1.55,17.42,2.89,0.11,5.43,null,null],[1.95,18.6,7.42,3.09,6.01,null,null],[1,20.47,8.25,7.59,5.95,null,null],[1.58,22.11,7.83,11.5,5.41,null,null],[1.95,23.02,6.59,14.42,4.77,null,null],[1.53,22.65,3.71,12.4,3.96,null,null],[1.53,21.63,2.06,6.16,3.12,null,null],[1.42,21.04,1.65,4.33,3.14,null,null],[1.58,20.76,1.65,3.97,3.85,null,null]],"oneday":{"avg":null,"sunrise":null,"sunset":null},"tide":[null,null,null,null,null,null,null,null,null,null,null,null,null,null,null,null,null,null,null,null,null,null,null,null]},{"weather":[[1.08,20.55,1.65,4.37,4.28,null,null],[1.49,20.25,1.65,2.81,4.48,null,null],[1.02,19.64,0.82,2.07,3.59,null,null],[0.49,19.69,1.65,1.98,4.72,null,null],[0.58,21.86,3.3,2.56,4.7,null,null],[1.92,24.68,2.89,3.46,5.59,null,null],[2.06,26.02,2.06,4.85,5.64,null,null],[0.95,27.14,1.65,3.76,6.01,null,null],[1.4,26.06,1.24,2.89,5.07,null,null],[1.45,23.64,0.82,2.85,6.3,null,null],[1,21.9,0.82,1.02,5.95,null,null],[1,20.81,0.42,0.13,6.13,null,null]],"oneday":{"avg":null,"sunrise":null,"sunset":null},"tide":[null,null,null,null,null,null,null,null,null,null,null,null,null,null,null,null,null,null,null,null,null,null,null,null]},{"weather":[[0.55,20.14,0,0.15,6.74,null,null],[0.55,19.46,0,0.24,7.62,null,null],[0.55,19.04,2.47,0.66,7.87,null,null],[0.68,18.74,2.89,1.53,6.35,null,null],[0.55,20.85,1.65,1.98,7.76,null,null],[0.08,23.32,1.24,1.9,7.9,null,null],[0,24.87,0.42,1.38,7.23,null,null],[0,24.4,0,0.83,5.37,null,null],[0,21.8,0,0.39,5.98,null,null],[1.32,19.25,1.24,0.22,2.31,null,null],[0,18.64,4.12,3.52,2.83,null,null],[21.1,17.31,7.42,6.2,4.11,null,null]],"oneday":{"avg":null,"sunrise":null,"sunset":null},"tide":[null,null,null,null,null,null,null,null,null,null,null,null,null,null,null,null,null,null,null,null,null,null,null,null]}],"daily":[{"weather":[22.79,23.64],"tide":[null,null,null,null,null,null,null,null,null,null,null,null,null,null,null,null,null,null,null,null,null,null,null,null],"dailyEx":{"avg":null,"wave":null,"sunrise":null,"sunset":null}},{"weather":[21.03,23.05],"tide":[null,null,null,null,null,null,null,null,null,null,null,null,null,null,null,null,null,null,null,null,null,null,null,null],"dailyEx":{"avg":null,"wave":null,"sunrise":null,"sunset":null}},{"weather":[1.68,23.41],"tide":[null,null,null,null,null,null,null,null,null,null,null,null,null,null,null,null,null,null,null,null,null,null,null,null],"dailyEx":{"avg":null,"wave":null,"sunrise":null,"sunset":null}},{"weather":[1.32,23.5],"tide":[null,null,null,null,null,null,null,null,null,null,null,null,null,null,null,null,null,null,null,null,null,null,null,null],"dailyEx":{"avg":null,"wave":null,"sunrise":null,"sunset":null}},{"weather":[0.53,23.81],"tide":[null,null,null,null,null,null,null,null,null,null,null,null,null,null,null,null,null,null,null,null,null,null,null,null],"dailyEx":{"avg":null,"wave":null,"sunrise":null,"sunset":null}}]}
市ヶ谷フィッシュセンター,2026-10-05,{"hourly":[{"weather":[[1.46,18,0,0,3.95,null,null],[1,17.56,0,0,4.27,null,null],[1.13,17.54,0.04,0,4.22,null,null],[1.89,17.76,4.83,0.26,4.28,null,null],[1.83,18.89,12.34,1.59,4.37,null,null],[1.04,20.6,13.81,3.23,4.26,null,null],[1.28,22.02,13.17,4.41,3.92,null,null],[1.87,22.83,11.07,5.05,3.5,null,null],[1.15,22.44,6.25,4.32,2.9,null,null],[1.15,21.61,3.52,2.38,2.57,null,null],[1.72,21.16,2.85,1.92,2.73,null,null],[1.28,20.86,2.77,1.63,3.01,null,null]],"oneday":{"avg":null,"sunrise":null,"sunset":null},"tide":[null,null,null,null,null,null,null,null,null,null,null,null,null,null,null,null,null,null,null,null,null,null,null,null]},{"weather":[[1,20.66,2.81,1.5,3.15,null,null],[1.72,20.39,2.85,1.31,3.31,null,null],[0.87,19.88,1.38,1.01,3.06,null,null],[0.72,20.1,2.77,0.61,3.45,null,null],[0.28,22.43,5.7,1.29,3.82,null,null],[2.29,24.97,5.06,1.97,4.07,null,null],[1.31,26.31,3.6,2.3,4.08,null,null],[0.83,27.35,2.69,1.35,3.96,null,null],[1.02,25.85,2.06,0.93,4.02,null,null],[1.15,23.41,1.42,1.19,5.2,null,null],[0.96,21.82,1.42,0.58,4.87,null,null],[1,20.91,0.68,0.13,4.98,null,null]],"oneday":{"avg":null,"sunrise":null,"sunset":null},"tide":[null,null,null,null,null,null,null,null,null,null,null,null,null,null,null,null,null,null,null,null,null,null,null,null]},{"weather":[[0.85,20.32,0.04,0,5.52,null,null],[0.89,19.75,0.24,0.4,6.02,null,null],[0.89,19.4,4.79,1.61,6.15,null,null],[1.02,19.32,5.9,3.35,5.16,null,null],[0.89,21.28,4.08,4.43,5.51,null,null],[0,23.74,3.17,4.43,5.56,null,null],[0,24.95,1.47,3.35,4.94,null,null],[0,24.02,0.4,2.01,3.69,null,null],[0,21.41,0.2,0.94,3.12,null,null],[0.98,19.52,2.18,0.54,1.08,null,null],[0.04,18.95,7.04,1.88,1.64,null,null],[34.41,17.75,12.74,3.39,2.7,null,null]],"oneday":{"avg":null,"sunrise":null,"sunset":null},"tide":[null,null,null,null,null,null,null,null,null,null,null,null,null,null,null,null,null,null,null,null,null,null,null,null]}],"daily":[{"weather":[35.27,24.27],"tide":[null,null,null,null,null,null,null,null,null,null,null,null,null,null,null,null,null,null,null,null,null,null,null,null],"dailyEx":{"avg":null,"wave":null,"sunrise":null,"sunset":null}},{"weather":[34.41,23.03],"tide":[null,null,null,null,null,null,null,null,null,null,null,null,null,null,null,null,null,null,null,null,null,null,null,null],"dailyEx":{"avg":null,"wave":null,"sunrise":null,"sunset":null}},{"weather":[0.86,23.42],"tide":[null,null,null,null,null,null,null,null,null,null,null,null,null,null,null,null,null,null,null,null,null,null,null,null],"dailyEx":{"avg":null,"wave":null,"sunrise":null,"sunset":null}},{"weather":[2.1,23.54],"tide":[null,null,null,null,null,null,null,null,null,null,null,null,null,null,null,null,null,null,null,null,null,null,null,null],"dailyEx":{"avg":null,"wave":null,"sunrise":null,"sunset":null}},{"weather":[0.15,24.02],"tide":[null,null,null,null,null,null,null,null,null,null,null,null,null,null,null,null,null,null,null,null,null,null,null,null],"dailyEx":{"avg":null,"wave":null,"sunrise":null,"sunset":null}}]}
つり堀 武蔵野園,2026-10-05,{"hourly":[{"weather":[[1.98,17.76,0,0,5.1,null,null],[1,17.4,0,0,5.52,null,null],[1.37,17.26,0,0,5.44,null,null],[1.76,17.38,2.73,0.73,5.5,null,null],[1.63,18.54,7.01,3.3,5.79,null,null],[1,20.4,7.79,6.35,5.9,null,null],[1.61,21.8,7.4,8.55,5.41,null,null],[1.63,22.68,6.23,9.42,4.74,null,null],[1.24,22.3,3.51,7.95,3.9,null,null],[1.24,21.35,1.95,4.41,3.32,null,null],[1.39,20.85,1.56,3.67,3.52,null,null],[1.61,20.59,1.56,3.06,3.9,null,null]],"oneday":{"avg":null,"sunrise":null,"sunset":null},"tide":[null,null,null,null,null,null,null,null,null,null,null,null,null,null,null,null,null,null,null,null,null,null,null,null]},{"weather":[[1,20.39,1.56,2.69,4.19,null,null],[1.39,20.12,1.56,2.69,4.24,null,null],[0.63,19.49,0.78,2.07,3.51,null,null],[0.39,19.53,1.56,0.98,4.43,null,null],[0.61,21.75,3.12,2.81,5.05,null,null],[1.41,24.94,2.73,4.51,5.86,null,null],[1.49,26.32,1.95,4.88,6.45,null,null],[0.63,27.43,1.56,2.45,6.75,null,null],[0.88,26.07,1.17,1.47,6.27,null,null],[1.24,23.45,0.78,2.2,7.29,null,null],[1,21.81,0.78,1.22,6.58,null,null],[1,20.83,0.39,0.37,6.64,null,null]],"oneday":{"avg":null,"sunrise":null,"sunset":null},"tide":[null,null,null,null,null,null,null,null,null,null,null,null,null,null,null,null,null,null,null,null,null,null,null,null]},{"weather":[[0.76,20.24,0,0,7.46,null,null],[0.76,19.6,0,1.1,8.24,null,null],[0.76,19.21,2.34,4.38,8.51,null,null],[1.12,18.95,2.73,9.13,7.07,null,null],[0.76,20.8,1.56,12.05,7.45,null,null],[0,23.46,1.17,12.05,7.65,null,null],[0,25.03,0.39,9.13,7.06,null,null],[0,24.49,0,5.48,4.75,null,null],[0,22.32,0,2.56,4.41,null,null],[0.88,19.61,1.17,1.46,1.93,null,null],[0,18.84,3.9,3.9,3.4,null,null],[19.87,17.76,7.01,7,5.26,null,null]],"oneday":{"avg":null,"sunrise":null,"sunset":null},"tide":[null,null,null,null,null,null,null,null,null,null,null,null,null,null,null,null,null,null,null,null,null,null,null,null]}],"daily":[{"weather":[21.7,23.55],"tide":[null,null,null,null,null,null,null,null,null,null,null,null,null,null,null,null,null,null,null,null,null,null,null,null],"dailyEx":{"avg":null,"wave":null,"sunrise":null,"sunset":null}},{"weather":[19.87,23.11],"tide":[null,null,null,null,null,null,null,null,null,null,null,null,null,null,null,null,null,null,null,null,null,null,null,null],"dailyEx":{"avg":null,"wave":null,"sunrise":null,"sunset":null}},{"weather":[1.83,23.47],"tide":[null,null,null,null,null,null,null,null,null,null,null,null,null,null,null,null,null,null,null,null,null,null,null,null],"dailyEx":{"avg":null,"wave":null,"sunrise":null,"sunset":null}},{"weather":[1.17,23.87],"tide":[null,null,null,null,null,null,null,null,null,null,null,null,null,null,null,null,null,null,null,null,null,null,null,null],"dailyEx":{"avg":null,"wave":null,"sunrise":null,"sunset":null}},{"weather":[0.24,24.1],"tide":[null,null,null,null,null,null,null,null,null,null,null,null,null,null,null,null,null,null,null,null,null,null,null,null],"dailyEx":{"avg":null,"wave":null,"sunrise":null,"sunset":null}}]}
弁慶橋ﾎﾞｰﾄ場&ﾌｨｯｼﾝｸﾞｸﾗﾌﾞ,2026-10-05,{"hourly":[{"weather":[[1.42,18.02,0,0,3.83,null,null],[1,17.57,0,0,4.14,null,null],[1.11,17.57,0.05,0,4.09,null,null],[1.91,17.8,5.02,0.23,4.16,null,null],[1.84,18.93,12.82,1.41,4.22,null,null],[1.05,20.63,14.36,2.87,4.09,null,null],[1.25,22.04,13.72,3.93,3.77,null,null],[1.89,22.84,11.53,4.52,3.38,null,null],[1.14,22.45,6.51,3.87,2.8,null,null],[1.14,21.63,3.68,2.13,2.5,null,null],[1.75,21.18,2.98,1.71,2.66,null,null],[1.25,20.88,2.88,1.46,2.92,null,null]],"oneday":{"avg":null,"sunrise":null,"sunset":null},"tide":[null,null,null,null,null,null,null,null,null,null,null,null,null,null,null,null,null,null,null,null,null,null,null,null]},{"weather":[[1,20.69,2.93,1.35,3.04,null,null],[1.75,20.41,2.98,1.16,3.21,null,null],[0.89,19.92,1.44,0.9,3.02,null,null],[0.75,20.16,2.88,0.56,3.34,null,null],[0.25,22.5,5.97,1.13,3.7,null,null],[2.38,24.98,5.32,1.73,3.88,null,null],[1.28,26.31,3.78,2.03,3.85,null,null],[0.84,27.34,2.78,1.21,3.68,null,null],[1.03,25.82,2.14,0.84,3.82,null,null],[1.14,23.4,1.49,1.06,5,null,null],[0.95,21.82,1.49,0.51,4.71,null,null],[1,20.92,0.7,0.11,4.82,null,null]],"oneday":{"avg":null,"sunrise":null,"sunset":null},"tide":[null,null,null,null,null,null,null,null,null,null,null,null,null,null,null,null,null,null,null,null,null,null,null,null]},{"weather":[[0.86,20.33,0.05,0,5.32,null,null],[0.91,19.77,0.3,0.35,5.79,null,null],[0.91,19.43,5.14,1.38,5.91,null,null],[1.03,19.36,6.38,2.87,4.97,null,null],[0.91,21.32,4.55,3.79,5.29,null,null],[0,23.77,3.55,3.79,5.32,null,null],[0,24.94,1.71,2.87,4.7,null,null],[0,23.96,0.51,1.72,3.56,null,null],[0,21.32,0.25,0.8,2.96,null,null],[0.97,19.51,2.29,0.46,0.98,null,null],[0.05,18.97,7.36,1.66,1.47,null,null],[35.61,17.75,13.33,3,2.46,null,null]],"oneday":{"avg":null,"sunrise":null,"sunset":null},"tide":[null,null,null,null,null,null,null,null,null,null,null,null,null,null,null,null,null,null,null,null,null,null,null,null]}],"daily":[{"weather":[36.38,24.35],"tide":[null,null,null,null,null,null,null,null,null,null,null,null,null,null,null,null,null,null,null,null,null,null,null,null],"dailyEx":{"avg":null,"wave":null,"sunrise":null,"sunset":null}},{"weather":[35.61,23.02],"tide":[null,null,null,null,null,null,null,null,null,null,null,null,null,null,null,null,null,null,null,null,null,null,null,null],"dailyEx":{"avg":null,"wave":null,"sunrise":null,"sunset":null}},{"weather":[0.76,23.41],"tide":[null,null,null,null,null,null,null,null,null,null,null,null,null,null,null,null,null,null,null,null,null,null,null,null],"dailyEx":{"avg":null,"wave":null,"sunrise":null,"sunset":null}},{"weather":[2.19,23.51],"tide":[null,null,null,null,null,null,null,null,null,null,null,null,null,null,null,null,null,null,null,null,null,null,null,null],"dailyEx":{"avg":null,"wave":null,"sunrise":null,"sunset":null}},{"weather":[0.14,24.01],"tide":[null,null,null,null,null,null,null,null,null,null,null,null,null,null,null,null,null,null,null,null,null,null,null,null],"dailyEx":{"avg":null,"wave":null,"sunrise":null,"sunset":null}}]}
大横川親水公園魚つり場,2026-10-05,{"hourly":[{"weather":[[1.32,17.99,0,0,3.79,null,null],[1,17.48,0,0,4.08,null,null],[1.4,17.46,0.33,0,4.1,null,null],[1.82,17.69,5.08,0.14,4.08,null,null],[1.76,18.88,12.16,1.43,4.21,null,null],[1,20.7,13.83,3.1,4.06,null,null],[1.42,22.15,13.58,4.32,3.78,null,null],[1.76,22.9,11.66,5.17,3.36,null,null],[1.18,22.45,6.42,4.48,2.8,null,null],[1.35,21.62,3.25,2.46,2.44,null,null],[1.75,21.13,2.33,1.91,2.55,null,null],[1.25,20.86,3,1.66,2.89,null,null]],"oneday":{"avg":null,"sunrise":null,"sunset":null},"tide":[null,null,null,null,null,null,null,null,null,null,null,null,null,null,null,null,null,null,null,null,null,null,null,null]},{"weather":[[1,20.67,3.33,1.59,3.01,null,null],[1.75,20.4,3,1.18,3.22,null,null],[1.1,19.92,1.5,0.93,2.91,null,null],[0.75,20.1,3,0.73,3.31,null,null],[0.25,22.5,6,1.07,3.52,null,null],[2.43,24.7,4.92,1.52,3.8,null,null],[1.37,26.04,3.58,2,3.7,null,null],[0.93,27.11,3,1.41,3.58,null,null],[1.11,25.66,1.92,1.09,3.47,null,null],[1.18,23.4,1.16,1.23,4.59,null,null],[1,21.83,1.16,0.5,4.44,null,null],[1,20.85,0.58,0.07,4.53,null,null]],"oneday":{"avg":null,"sunrise":null,"sunset":null},"tide":[null,null,null,null,null,null,null,null,null,null,null,null,null,null,null,null,null,null,null,null,null,null,null,null]},{"weather":[[0.82,20.2,0,0,5.07,null,null],[0.82,19.58,0,0.2,5.58,null,null],[0.99,19.22,4.16,0.81,5.73,null,null],[1.05,19.18,5.25,1.69,4.76,null,null],[0.82,21.22,3.33,2.24,5.26,null,null],[0,23.66,2.25,2.24,5.31,null,null],[0,24.84,0.75,1.69,4.71,null,null],[0,23.86,0,1.02,3.71,null,null],[0,21.29,0,0.47,3.29,null,null],[0.95,19.48,2.08,0.27,1.16,null,null],[0,18.99,6.83,1.68,1.45,null,null],[29.87,17.75,11.49,2.99,2.32,null,null]],"oneday":{"avg":null,"sunrise":null,"sunset":null},"tide":[null,null,null,null,null,null,null,null,null,null,null,null,null,null,null,null,null,null,null,null,null,null,null,null]}],"daily":[{"weather":[30.79,24.26],"tide":[null,null,null,null,null,null,null,null,null,null,null,null,null,null,null,null,null,null,null,null,null,null,null,null],"dailyEx":{"avg":null,"wave":null,"sunrise":null,"sunset":null}},{"weather":[30.21,23.02],"tide":[null,null,null,null,null,null,null,null,null,null,null,null,null,null,null,null,null,null,null,null,null,null,null,null],"dailyEx":{"avg":null,"wave":null,"sunrise":null,"sunset":null}},{"weather":[0.92,23.41],"tide":[null,null,null,null,null,null,null,null,null,null,null,null,null,null,null,null,null,null,null,null,null,null,null,null],"dailyEx":{"avg":null,"wave":null,"sunrise":null,"sunset":null}},{"weather":[2.25,23.39],"tide":[null,null,null,null,null,null,null,null,null,null,null,null,null,null,null,null,null,null,null,null,null,null,null,null],"dailyEx":{"avg":null,"wave":null,"sunrise":null,"sunset":null}},{"weather":[0.18,23.92],"tide":[null,null,null,null,null,null,null,null,null,null,null,null,null,null,null,null,null,null,null,null,null,null,null,null],"dailyEx":{"avg":null,"wave":null,"sunrise":null,"sunset":null}}]}
墨田区立隅田公園 魚つり場,2026-10-05,{"hourly":[{"weather":[[1.33,17.98,0,0,3.83,null,null],[1,17.48,0,0,4.11,null,null],[1.4,17.46,0.33,0,4.13,null,null],[1.81,17.68,5.01,0.14,4.12,null,null],[1.76,18.87,11.99,1.49,4.25,null,null],[1,20.69,13.63,3.22,4.11,null,null],[1.42,22.15,13.39,4.49,3.82,null,null],[1.76,22.9,11.5,5.38,3.39,null,null],[1.19,22.45,6.33,4.66,2.83,null,null],[1.35,21.62,3.2,2.56,2.45,null,null],[1.74,21.13,2.29,1.99,2.56,null,null],[1.26,20.85,2.96,1.73,2.92,null,null]],"oneday":{"avg":null,"sunrise":null,"sunset":null},"tide":[null,null,null,null,null,null,null,null,null,null,null,null,null,null,null,null,null,null,null,null,null,null,null,null]},{"weather":[[1,20.67,3.29,1.66,3.05,null,null],[1.74,20.39,2.96,1.23,3.26,null,null],[1.1,19.91,1.48,0.97,2.92,null,null],[0.74,20.09,2.96,0.76,3.34,null,null],[0.26,22.48,5.92,1.11,3.55,null,null],[2.41,24.7,4.85,1.58,3.85,null,null],[1.38,26.04,3.53,2.08,3.76,null,null],[0.93,27.11,2.96,1.47,3.65,null,null],[1.12,25.68,1.89,1.14,3.52,null,null],[1.19,23.41,1.15,1.28,4.64,null,null],[1,21.83,1.15,0.52,4.48,null,null],[1,20.84,0.58,0.07,4.58,null,null]],"oneday":{"avg":null,"sunrise":null,"sunset":null},"tide":[null,null,null,null,null,null,null,null,null,null,null,null,null,null,null,null,null,null,null,null,null,null,null,null]},{"weather":[[0.81,20.2,0,0,5.12,null,null],[0.81,19.58,0,0.21,5.65,null,null],[0.98,19.22,4.11,0.85,5.8,null,null],[1.05,19.17,5.18,1.76,4.81,null,null],[0.81,21.21,3.29,2.33,5.34,null,null],[0,23.66,2.22,2.33,5.39,null,null],[0,24.84,0.74,1.76,4.79,null,null],[0,23.88,0,1.06,3.76,null,null],[0,21.31,0,0.49,3.36,null,null],[0.95,19.48,2.05,0.28,1.19,null,null],[0,18.98,6.73,1.75,1.5,null,null],[29.41,17.75,11.32,3.11,2.39,null,null]],"oneday":{"avg":null,"sunrise":null,"sunset":null},"tide":[null,null,null,null,null,null,null,null,null,null,null,null,null,null,null,null,null,null,null,null,null,null,null,null]}],"daily":[{"weather":[30.36,24.24],"tide":[null,null,null,null,null,null,null,null,null,null,null,null,null,null,null,null,null,null,null,null,null,null,null,null],"dailyEx":{"avg":null,"wave":null,"sunrise":null,"sunset":null}},{"weather":[29.75,23.02],"tide":[null,null,null,null,null,null,null,null,null,null,null,null,null,null,null,null,null,null,null,null,null,null,null,null],"dailyEx":{"avg":null,"wave":null,"sunrise":null,"sunset":null}},{"weather":[0.95,23.41],"tide":[null,null,null,null,null,null,null,null,null,null,null,null,null,null,null,null,null,null,null,null,null,null,null,null],"dailyEx":{"avg":null,"wave":null,"sunrise":null,"sunset":null}},{"weather":[2.22,23.4],"tide":[null,null,null,null,null,null,null,null,null,null,null,null,null,null,null,null,null,null,null,null,null,null,null,null],"dailyEx":{"avg":null,"wave":null,"sunrise":null,"sunset":null}},{"weather":[0.19,23.92],"tide":[null,null,null,null,null,null,null,null,null,null,null,null,null,null,null,null,null,null,null,null,null,null,null,null],"dailyEx":{"avg":null,"wave":null,"sunrise":null,"sunset":null}}]}
釣り堀 ひょうたん池,2026-10-05,{"hourly":[{"weather":[[1.98,17.75,0,0,5.19,null,null],[1,17.38,0,0,5.59,null,null],[1.34,17.23,0,0,5.54,null,null],[1.71,17.34,2.53,0.69,5.57,null,null],[1.66,18.5,6.51,3.49,5.94,null,null],[1,20.37,7.23,6.88,6.02,null,null],[1.64,21.8,6.86,9.33,5.5,null,null],[1.66,22.71,5.78,10.46,4.82,null,null],[1.29,22.34,3.25,8.89,3.95,null,null],[1.29,21.37,1.81,4.91,3.32,null,null],[1.36,20.85,1.44,4.03,3.51,null,null],[1.64,20.58,1.44,3.39,3.96,null,null]],"oneday":{"avg":null,"sunrise":null,"sunset":null},"tide":[null,null,null,null,null,null,null,null,null,null,null,null,null,null,null,null,null,null,null,null,null,null,null,null]},{"weather":[[1,20.38,1.44,3.05,4.28,null,null],[1.36,20.11,1.44,2.85,4.35,null,null],[0.66,19.46,0.72,2.21,3.52,null,null],[0.36,19.48,1.44,1.17,4.54,null,null],[0.64,21.69,2.89,2.9,5.09,null,null],[1.38,24.92,2.53,4.57,5.98,null,null],[1.59,26.31,1.81,5.11,6.52,null,null],[0.66,27.43,1.44,2.75,6.86,null,null],[0.95,26.12,1.09,1.77,6.25,null,null],[1.29,23.5,0.72,2.45,7.32,null,null],[1,21.83,0.72,1.28,6.6,null,null],[1,20.81,0.36,0.34,6.69,null,null]],"oneday":{"avg":null,"sunrise":null,"sunset":null},"tide":[null,null,null,null,null,null,null,null,null,null,null,null,null,null,null,null,null,null,null,null,null,null,null,null]},{"weather":[[0.71,20.22,0,0,7.56,null,null],[0.71,19.56,0,1.03,8.4,null,null],[0.71,19.17,2.17,4.13,8.69,null,null],[1.05,18.89,2.53,8.61,7.16,null,null],[0.71,20.77,1.44,11.37,7.73,null,null],[0,23.43,1.09,11.37,7.96,null,null],[0,25.03,0.36,8.61,7.39,null,null],[0,24.55,0,5.16,4.98,null,null],[0,22.36,0,2.41,4.8,null,null],[0.95,19.58,1.09,1.38,2.07,null,null],[0,18.82,3.61,4.12,3.48,null,null],[18.42,17.71,6.51,7.35,5.36,null,null]],"oneday":{"avg":null,"sunrise":null,"sunset":null},"tide":[null,null,null,null,null,null,null,null,null,null,null,null,null,null,null,null,null,null,null,null,null,null,null,null]}],"daily":[{"weather":[20.34,23.49],"tide":[null,null,null,null,null,null,null,null,null,null,null,null,null,null,null,null,null,null,null,null,null,null,null,null],"dailyEx":{"avg":null,"wave":null,"sunrise":null,"sunset":null}},{"weather":[18.42,23.1],"tide":[null,null,null,null,null,null,null,null,null,null,null,null,null,null,null,null,null,null,null,null,null,null,null,null],"dailyEx":{"avg":null,"wave":null,"sunrise":null,"sunset":null}},{"weather":[1.91,23.47],"tide":[null,null,null,null,null,null,null,null,null,null,null,null,null,null,null,null,null,null,null,null,null,null,null,null],"dailyEx":{"avg":null,"wave":null,"sunrise":null,"sunset":null}},{"weather":[1.09,23.86],"tide":[null,null,null,null,null,null,null,null,null,null,null,null,null,null,null,null,null,null,null,null,null,null,null,null],"dailyEx":{"avg":null,"wave":null,"sunrise":null,"sunset":null}},{"weather":[0.29,24.08],"tide":[null,null,null,null,null,null,null,null,null,null,null,null,null,null,null,null,null,null,null,null,null,null,null,null],"dailyEx":{"avg":null,"wave":null,"sunrise":null,"sunset":null}}]}
石神井公園,2026-10-05,{"hourly":[{"weather":[[2.38,17.57,0,0,6.1,null,null],[1,17.25,0,0,6.56,null,null],[1.48,16.99,0,0,6.52,null,null],[1.58,17.02,0.7,0.96,6.51,null,null],[1.52,18.21,1.81,4.91,7.12,null,null],[1,20.19,2.01,9.71,7.32,null,null],[1.9,21.64,1.91,13.18,6.65,null,null],[1.52,22.64,1.61,14.8,5.8,null,null],[1.42,22.28,0.9,12.57,4.73,null,null],[1.42,21.19,0.5,6.95,3.85,null,null],[1.1,20.62,0.4,5.69,4.06,null,null],[1.9,20.37,0.4,4.79,4.65,null,null]],"oneday":{"avg":null,"sunrise":null,"sunset":null},"tide":[null,null,null,null,null,null,null,null,null,null,null,null,null,null,null,null,null,null,null,null,null,null,null,null]},{"weather":[[1,20.17,0.4,4.31,5.13,null,null],[1.1,19.92,0.4,4.01,5.13,null,null],[0.52,19.16,0.2,3.11,3.85,null,null],[0.1,19.02,0.4,1.67,5.36,null,null],[0.9,21.16,0.8,4.08,6.01,null,null],[0.72,24.88,0.7,6.42,7.39,null,null],[1.84,26.31,0.5,7.2,8.28,null,null],[0.52,27.48,0.4,3.89,8.95,null,null],[0.94,26.34,0.3,2.51,7.82,null,null],[1.42,23.58,0.2,3.47,8.84,null,null],[1,21.84,0.2,1.8,7.83,null,null],[1,20.73,0.1,0.48,7.91,null,null]],"oneday":{"avg":null,"sunrise":null,"sunset":null},"tide":[null,null,null,null,null,null,null,null,null,null,null,null,null,null,null,null,null,null,null,null,null,null,null,null]},{"weather":[[0.58,20.15,0,0,9.04,null,null],[0.58,19.42,0,1.44,10.15,null,null],[0.58,18.99,0.6,5.77,10.55,null,null],[1.06,18.55,0.7,12.02,8.61,null,null],[0.58,20.39,0.4,15.88,9.42,null,null],[0,23.19,0.3,15.88,9.79,null,null],[0,25.08,0.1,12.02,9.26,null,null],[0,24.93,0,7.22,6,null,null],[0,23.03,0,3.37,6.19,null,null],[0.94,19.61,0.3,1.93,2.84,null,null],[0,18.7,1,5.81,4.8,null,null],[5.12,17.66,1.81,10.32,7.31,null,null]],"oneday":{"avg":null,"sunrise":null,"sunset":null},"tide":[null,null,null,null,null,null,null,null,null,null,null,null,null,null,null,null,null,null,null,null,null,null,null,null]}],"daily":[{"weather":[7.82,22.92],"tide":[null,null,null,null,null,null,null,null,null,null,null,null,null,null,null,null,null,null,null,null,null,null,null,null],"dailyEx":{"avg":null,"wave":null,"sunrise":null,"sunset":null}},{"weather":[5.12,23.14],"tide":[null,null,null,null,null,null,null,null,null,null,null,null,null,null,null,null,null,null,null,null,null,null,null,null],"dailyEx":{"avg":null,"wave":null,"sunrise":null,"sunset":null}},{"weather":[2.7,23.49],"tide":[null,null,null,null,null,null,null,null,null,null,null,null,null,null,null,null,null,null,null,null,null,null,null,null],"dailyEx":{"avg":null,"wave":null,"sunrise":null,"sunset":null}},{"weather":[0.3,24.09],"tide":[null,null,null,null,null,null,null,null,null,null,null,null,null,null,null,null,null,null,null,null,null,null,null,null],"dailyEx":{"avg":null,"wave":null,"sunrise":null,"sunset":null}},{"weather":[0.42,24.11],"tide":[null,null,null,null,null,null,null,null,null,null,null,null,null,null,null,null,null,null,null,null,null,null,null,null],"dailyEx":{"avg":null,"wave":null,"sunrise":null,"sunset":null}}]}
奥多摩 釣り堀cafe二見,2026-10-05,{"hourly":[{"weather":[[2.45,14.94,0,0.78,4.92,null,null],[1.35,14.93,0,1.26,5.03,null,null],[1.65,14.96,0,1.12,4.83,null,null],[1.45,14.85,0,1.93,5.18,null,null],[1.1,16.83,0,4.17,4.23,null,null],[1.1,19.24,0,9.86,5.29,null,null],[1.7,20.38,0,18.15,6.19,null,null],[1,20.99,0,21.8,5.41,null,null],[1,20.66,0,20.44,4.2,null,null],[0.7,18.81,0,14.83,3.14,null,null],[1.1,18.12,0,10.29,4.4,null,null],[1.06,17.82,0,7.5,4.61,null,null]],"oneday":{"avg":null,"sunrise":null,"sunset":null},"tide":[null,null,null,null,null,null,null,null,null,null,null,null,null,null,null,null,null,null,null,null,null,null,null,null]},{"weather":[[0.7,17.47,0,6.09,4.93,null,null],[0.35,16.99,0,5.41,5.26,null,null],[0,16.57,0,3.67,4.2,null,null],[0.55,16.74,0,1.3,4.91,null,null],[0.7,19.44,0,3.21,4.78,null,null],[0.3,23.08,0,4.53,7.17,null,null],[0.65,24.28,0,3.41,9.7,null,null],[0.55,24.32,0,2.76,10.3,null,null],[0.65,22.3,0,2.67,9.67,null,null],[1,19.92,0,3.93,8.78,null,null],[1.33,18.42,0,4.08,8.84,null,null],[1.04,17.39,0,3.81,8.98,null,null]],"oneday":{"avg":null,"sunrise":null,"sunset":null},"tide":[null,null,null,null,null,null,null,null,null,null,null,null,null,null,null,null,null,null,null,null,null,null,null,null]},{"weather":[[0.65,16.76,0,3.37,8.79,null,null],[0.74,16.12,0,5.32,9.66,null,null],[0.74,15.67,0,8.92,9.92,null,null],[1.09,15.25,0,13.2,8.8,null,null],[0.65,17.21,0,16.61,9.15,null,null],[0,20.08,0,16.41,9.35,null,null],[0,22.06,0,12.81,9.04,null,null],[0,22.39,0,10.85,7.94,null,null],[0.1,20.61,0,9.66,6.12,null,null],[0,16.56,0,8.86,3.52,null,null],[0,14.86,0,6.83,5.11,null,null],[0.35,13.91,0,6.93,5.41,null,null]],"oneday":{"avg":null,"sunrise":null,"sunset":null},"tide":[null,null,null,null,null,null,null,null,null,null,null,null,null,null,null,null,null,null,null,null,null,null,null,null]}],"daily":[{"weather":[2.49,21.19],"tide":[null,null,null,null,null,null,null,null,null,null,null,null,null,null,null,null,null,null,null,null,null,null,null,null],"dailyEx":{"avg":null,"wave":null,"sunrise":null,"sunset":null}},{"weather":[1.34,21.91],"tide":[null,null,null,null,null,null,null,null,null,null,null,null,null,null,null,null,null,null,null,null,null,null,null,null],"dailyEx":{"avg":null,"wave":null,"sunrise":null,"sunset":null}},{"weather":[1.94,21.51],"tide":[null,null,null,null,null,null,null,null,null,null,null,null,null,null,null,null,null,null,null,null,null,null,null,null],"dailyEx":{"avg":null,"wave":null,"sunrise":null,"sunset":null}},{"weather":[0,23.14],"tide":[null,null,null,null,null,null,null,null,null,null,null,null,null,null,null,null,null,null,null,null,null,null,null,null],"dailyEx":{"avg":null,"wave":null,"sunrise":null,"sunset":null}},{"weather":[0,22.49],"tide":[null,null,null,null,null,null,null,null,null,null,null,null,null,null,null,null,null,null,null,null,null,null,null,null],"dailyEx":{"avg":null,"wave":null,"sunrise":null,"sunset":null}}]}
弁天フィッシングセンター,2026-10-05,{"hourly":[{"weather":[[2.58,17.18,0,0,5.84,null,null],[1.15,16.97,0,0.44,6.37,null,null],[1.58,16.73,0,0.59,6.32,null,null],[1.58,16.71,0,1.75,6.47,null,null],[1.27,18.02,0,4.68,6.72,null,null],[1,20.12,0,9.64,6.94,null,null],[2,21.46,0,14.96,6.78,null,null],[1.27,22.34,0,16.94,5.88,null,null],[1.27,22.04,0,15.26,4.94,null,null],[1.27,20.85,0,10.2,3.86,null,null],[1,20.29,0,7.59,4.43,null,null],[1.85,20.02,0,5.56,4.8,null,null]],"oneday":{"avg":null,"sunrise":null,"sunset":null},"tide":[null,null,null,null,null,null,null,null,null,null,null,null,null,null,null,null,null,null,null,null,null,null,null,null]},{"weather":[[1,19.77,0,4.53,5.35,null,null],[0.85,19.5,0,4.86,5.32,null,null],[0.27,18.81,0,3.72,4.17,null,null],[0.15,18.72,0,1.39,5.73,null,null],[1,20.97,0,4.43,5.98,null,null],[0.27,25.07,0,7.02,7.68,null,null],[1.4,26.52,0,6.81,9.5,null,null],[0.42,27.35,0,3.07,10.3,null,null],[0.7,25.97,0,1.94,9.24,null,null],[1.27,23.25,0,3.98,9.55,null,null],[0.85,21.6,0,3.04,8.68,null,null],[0.85,20.58,0,1.62,8.64,null,null]],"oneday":{"avg":null,"sunrise":null,"sunset":null},"tide":[null,null,null,null,null,null,null,null,null,null,null,null,null,null,null,null,null,null,null,null,null,null,null,null]},{"weather":[[0.58,19.96,0,0.59,9.62,null,null],[0.58,19.24,0,1.88,10.59,null,null],[0.58,18.81,0,6.94,10.99,null,null],[1.15,18.33,0,14.44,9.25,null,null],[0.58,20.1,0,19.07,9.66,null,null],[0,23.01,0,19.07,10.18,null,null],[0,25.01,0,14.44,9.57,null,null],[0,24.93,0,8.67,6.55,null,null],[0,23.11,0,4.2,5.92,null,null],[0.55,19.36,0,2.61,3.28,null,null],[0,18.21,0,5.68,5.41,null,null],[0.15,17.4,0,9.94,7.59,null,null]],"oneday":{"avg":null,"sunrise":null,"sunset":null},"tide":[null,null,null,null,null,null,null,null,null,null,null,null,null,null,null,null,null,null,null,null,null,null,null,null]}],"daily":[{"weather":[2.7,22.64],"tide":[null,null,null,null,null,null,null,null,null,null,null,null,null,null,null,null,null,null,null,null,null,null,null,null],"dailyEx":{"avg":null,"wave":null,"sunrise":null,"sunset":null}},{"weather":[0.15,23.16],"tide":[null,null,null,null,null,null,null,null,null,null,null,null,null,null,null,null,null,null,null,null,null,null,null,null],"dailyEx":{"avg":null,"wave":null,"sunrise":null,"sunset":null}},{"weather":[2.56,23.36],"tide":[null,null,null,null,null,null,null,null,null,null,null,null,null,null,null,null,null,null,null,null,null,null,null,null],"dailyEx":{"avg":null,"wave":null,"sunrise":null,"sunset":null}},{"weather":[0,24.27],"tide":[null,null,null,null,null,null,null,null,null,null,null,null,null,null,null,null,null,null,null,null,null,null,null,null],"dailyEx":{"avg":null,"wave":null,"sunrise":null,"sunset":null}},{"weather":[0.27,24.16],"tide":[null,null,null,null,null,null,null,null,null,null,null,null,null,null,null,null,null,null,null,null,null,null,null,null],"dailyEx":{"avg":null,"wave":null,"sunrise":null,"sunset":null}}]}
多摩湖駅前フィッシングエリア,2026-10-05,{"hourly":[{"weather":[[2.5,16.9,0,0,5.21,null,null],[1.29,16.73,0,0.86,5.71,null,null],[1.5,16.55,0,1.15,5.74,null,null],[1.5,16.5,0,2.15,5.98,null,null],[1.21,17.92,0,4.06,5.98,null,null],[1,20.07,0,9.29,6.04,null,null],[2,21.43,0,16.49,6.35,null,null],[1.21,22.22,0,19.38,5.51,null,null],[1.21,21.98,0,18.32,4.77,null,null],[1.21,20.69,0,13.52,3.47,null,null],[1,20.12,0,9.41,4.33,null,null],[1.71,19.81,0,6.39,4.61,null,null]],"oneday":{"avg":null,"sunrise":null,"sunset":null},"tide":[null,null,null,null,null,null,null,null,null,null,null,null,null,null,null,null,null,null,null,null,null,null,null,null]},{"weather":[[1,19.52,0,5.03,5.25,null,null],[0.71,19.22,0,5.37,5.28,null,null],[0.21,18.59,0,4.08,4.27,null,null],[0.29,18.62,0,1.44,5.85,null,null],[1,20.98,0,4.21,5.4,null,null],[0.21,25.2,0,6.4,7.32,null,null],[1.14,26.67,0,5.69,9.62,null,null],[0.5,27.18,0,2.5,10.42,null,null],[0.72,25.65,0,1.87,9.36,null,null],[1.21,23.05,0,4.6,9.2,null,null],[0.71,21.42,0,4.02,8.65,null,null],[0.71,20.44,0,2.52,8.58,null,null]],"oneday":{"avg":null,"sunrise":null,"sunset":null},"tide":[null,null,null,null,null,null,null,null,null,null,null,null,null,null,null,null,null,null,null,null,null,null,null,null]},{"weather":[[0.5,19.75,0,1.15,9.43,null,null],[0.5,19.06,0,1.78,10.27,null,null],[0.5,18.64,0,5.95,10.64,null,null],[0.99,18.14,0,12.4,9.12,null,null],[0.5,19.99,0,16.36,9.61,null,null],[0,22.9,0,16.36,10.27,null,null],[0,24.9,0,12.4,9.59,null,null],[0,24.84,0,7.44,7.09,null,null],[0,22.81,0,3.76,5.99,null,null],[0.43,19.02,0,2.56,3.61,null,null],[0,17.75,0,5.06,5.27,null,null],[0.29,16.99,0,8.61,6.75,null,null]],"oneday":{"avg":null,"sunrise":null,"sunset":null},"tide":[null,null,null,null,null,null,null,null,null,null,null,null,null,null,null,null,null,null,null,null,null,null,null,null]}],"daily":[{"weather":[2.42,22.62],"tide":[null,null,null,null,null,null,null,null,null,null,null,null,null,null,null,null,null,null,null,null,null,null,null,null],"dailyEx":{"avg":null,"wave":null,"sunrise":null,"sunset":null}},{"weather":[0.29,23.12],"tide":[null,null,null,null,null,null,null,null,null,null,null,null,null,null,null,null,null,null,null,null,null,null,null,null],"dailyEx":{"avg":null,"wave":null,"sunrise":null,"sunset":null}},{"weather":[2.14,23.21],"tide":[null,null,null,null,null,null,null,null,null,null,null,null,null,null,null,null,null,null,null,null,null,null,null,null],"dailyEx":{"avg":null,"wave":null,"sunrise":null,"sunset":null}},{"weather":[0,24.26],"tide":[null,null,null,null,null,null,null,null,null,null,null,null,null,null,null,null,null,null,null,null,null,null,null,null],"dailyEx":{"avg":null,"wave":null,"sunrise":null,"sunset":null}},{"weather":[0.21,24.12],"tide":[null,null,null,null,null,null,null,null,null,null,null,null,null,null,null,null,null,null,null,null,null,null,null,null],"dailyEx":{"avg":null,"wave":null,"sunrise":null,"sunset":null}}]}
浅川国際マス釣場,2026-10-05,{"hourly":[{"weather":[[2.8,16.37,0,0.87,4.44,null,null],[1.51,16.33,0,1.23,4.73,null,null],[1.49,16.2,0,0.94,4.66,null,null],[1.8,16.2,0,2.16,4.9,null,null],[1.37,17.77,0,7.28,4.21,null,null],[1.37,19.96,0,12.95,4.36,null,null],[1.94,21.07,0,17.95,5.49,null,null],[1,21.8,0,20.82,5.1,null,null],[1,21.46,0,17.91,4.48,null,null],[0.94,20.03,0,10.06,2.92,null,null],[1.37,19.51,0,8.05,3.92,null,null],[1.36,19.26,0,6.05,4.06,null,null]],"oneday":{"avg":null,"sunrise":null,"sunset":null},"tide":[null,null,null,null,null,null,null,null,null,null,null,null,null,null,null,null,null,null,null,null,null,null,null,null]},{"weather":[[0.94,18.87,0,4.09,4.64,null,null],[0.43,18.48,0,3.95,4.78,null,null],[0,17.87,0,3.05,4.21,null,null],[0.2,17.99,0,1.15,4.83,null,null],[0.94,20.88,0,3.05,4.19,null,null],[0.06,25.06,0,4.37,5.56,null,null],[0.49,26.82,0,3.52,9.12,null,null],[0.2,27.08,0,1.28,9.67,null,null],[0.57,25.13,0,1.08,8.66,null,null],[1,22.49,0,4.34,7.73,null,null],[0.98,20.91,0,6.21,6.72,null,null],[0.92,19.75,0,7.74,6.56,null,null]],"oneday":{"avg":null,"sunrise":null,"sunset":null},"tide":[null,null,null,null,null,null,null,null,null,null,null,null,null,null,null,null,null,null,null,null,null,null,null,null]},{"weather":[[0.49,19.03,0,9.48,6.75,null,null],[0.86,18.18,0,16.65,8.37,null,null],[0.86,17.59,0,22.93,8.4,null,null],[1.28,17.17,0,27.34,7.49,null,null],[0.49,19.41,0,32.97,7.26,null,null],[0,22.54,0,32.23,6.65,null,null],[0,24.47,0,25.86,7.37,null,null],[0,24.33,0,27.55,7.15,null,null],[0.37,22.38,0,28.44,5.79,null,null],[0,18.75,0,26.25,2.27,null,null],[0,17.12,0,16.7,3.78,null,null],[0.51,16.02,0,11.46,6.03,null,null]],"oneday":{"avg":null,"sunrise":null,"sunset":null},"tide":[null,null,null,null,null,null,null,null,null,null,null,null,null,null,null,null,null,null,null,null,null,null,null,null]}],"daily":[{"weather":[2.72,21.98],"tide":[null,null,null,null,null,null,null,null,null,null,null,null,null,null,null,null,null,null,null,null,null,null,null,null],"dailyEx":{"avg":null,"wave":null,"sunrise":null,"sunset":null}},{"weather":[1.07,22.48],"tide":[null,null,null,null,null,null,null,null,null,null,null,null,null,null,null,null,null,null,null,null,null,null,null,null],"dailyEx":{"avg":null,"wave":null,"sunrise":null,"sunset":null}},{"weather":[2.51,22.6],"tide":[null,null,null,null,null,null,null,null,null,null,null,null,null,null,null,null,null,null,null,null,null,null,null,null],"dailyEx":{"avg":null,"wave":null,"sunrise":null,"sunset":null}},{"weather":[0,23.69],"tide":[null,null,null,null,null,null,null,null,null,null,null,null,null,null,null,null,null,null,null,null,null,null,null,null],"dailyEx":{"avg":null,"wave":null,"sunrise":null,"sunset":null}},{"weather":[0,23.68],"tide":[null,null,null,null,null,null,null,null,null,null,null,null,null,null,null,null,null,null,null,null,null,null,null,null],"dailyEx":{"avg":null,"wave":null,"sunrise":null,"sunset":null}}]}
秋川国際マス釣場,2026-10-05,{"hourly":[{"weather":[[2.7,16.02,0,0.8,4.58,null,null],[1.47,15.99,0,1.23,4.85,null,null],[1.53,15.9,0,1.02,4.74,null,null],[1.7,15.87,0,2.14,5.01,null,null],[1.28,17.54,0,6.29,4.28,null,null],[1.28,19.79,0,11.91,4.66,null,null],[1.88,20.91,0,17.88,5.7,null,null],[1,21.6,0,20.93,5.19,null,null],[1,21.27,0,18.54,4.42,null,null],[0.88,19.75,0,11.49,3.01,null,null],[1.28,19.18,0,8.71,4.08,null,null],[1.3,18.91,0,6.42,4.23,null,null]],"oneday":{"avg":null,"sunrise":null,"sunset":null},"tide":[null,null,null,null,null,null,null,null,null,null,null,null,null,null,null,null,null,null,null,null,null,null,null,null]},{"weather":[[0.88,18.53,0,4.6,4.74,null,null],[0.42,18.13,0,4.4,4.93,null,null],[0,17.57,0,3.27,4.22,null,null],[0.3,17.7,0,1.17,4.91,null,null],[0.88,20.52,0,3.15,4.4,null,null],[0.12,24.57,0,4.53,6.06,null,null],[0.53,26.18,0,3.57,9.33,null,null],[0.3,26.38,0,1.65,9.9,null,null],[0.58,24.42,0,1.47,9.01,null,null],[1,21.85,0,4.23,8.1,null,null],[1.05,20.3,0,5.59,7.39,null,null],[0.93,19.18,0,6.51,7.3,null,null]],"oneday":{"avg":null,"sunrise":null,"sunset":null},"tide":[null,null,null,null,null,null,null,null,null,null,null,null,null,null,null,null,null,null,null,null,null,null,null,null]},{"weather":[[0.53,18.49,0,7.52,7.42,null,null],[0.82,17.7,0,13.02,8.79,null,null],[0.82,17.16,0,18.57,8.9,null,null],[1.23,16.74,0,23.13,7.92,null,null],[0.53,18.88,0,28.16,7.84,null,null],[0,21.93,0,27.6,7.5,null,null],[0,23.88,0,22,7.88,null,null],[0,23.86,0,22.36,7.34,null,null],[0.28,21.95,0,22.43,5.82,null,null],[0,18.2,0,20.64,2.65,null,null],[0,16.57,0,13.56,4.2,null,null],[0.47,15.53,0,10.1,5.91,null,null]],"oneday":{"avg":null,"sunrise":null,"sunset":null},"tide":[null,null,null,null,null,null,null,null,null,null,null,null,null,null,null,null,null,null,null,null,null,null,null,null]}],"daily":[{"weather":[2.63,21.81],"tide":[null,null,null,null,null,null,null,null,null,null,null,null,null,null,null,null,null,null,null,null,null,null,null,null],"dailyEx":{"avg":null,"wave":null,"sunrise":null,"sunset":null}},{"weather":[1.1,22.37],"tide":[null,null,null,null,null,null,null,null,null,null,null,null,null,null,null,null,null,null,null,null,null,null,null,null],"dailyEx":{"avg":null,"wave":null,"sunrise":null,"sunset":null}},{"weather":[2.33,22.35],"tide":[null,null,null,null,null,null,null,null,null,null,null,null,null,null,null,null,null,null,null,null,null,null,null,null],"dailyEx":{"avg":null,"wave":null,"sunrise":null,"sunset":null}},{"weather":[0,23.59],"tide":[null,null,null,null,null,null,null,null,null,null,null,null,null,null,null,null,null,null,null,null,null,null,null,null],"dailyEx":{"avg":null,"wave":null,"sunrise":null,"sunset":null}},{"weather":[0,23.4],"tide":[null,null,null,null,null,null,null,null,null,null,null,null,null,null,null,null,null,null,null,null,null,null,null,null],"dailyEx":{"avg":null,"wave":null,"sunrise":null,"sunset":null}}]}
養沢フィッシングランド,2026-10-05,{"hourly":[{"weather":[[2.57,15.85,0,0.69,4.21,null,null],[1.54,15.82,0,1.5,4.47,null,null],[1.46,15.77,0,1.47,4.45,null,null],[1.57,15.71,0,2.4,4.77,null,null],[1.23,17.46,0,5.36,3.96,null,null],[1.23,19.74,0,11.2,4.2,null,null],[1.88,20.92,0,19.02,5.49,null,null],[1,21.56,0,22.88,4.97,null,null],[1,21.29,0,21.2,4.31,null,null],[0.88,19.7,0,14.69,2.77,null,null],[1.23,19.1,0,10.39,4.04,null,null],[1.23,18.8,0,7.21,4.16,null,null]],"oneday":{"avg":null,"sunrise":null,"sunset":null},"tide":[null,null,null,null,null,null,null,null,null,null,null,null,null,null,null,null,null,null,null,null,null,null,null,null]},{"weather":[[0.88,18.4,0,5.24,4.75,null,null],[0.34,17.98,0,5.01,4.98,null,null],[0,17.47,0,3.7,4.29,null,null],[0.43,17.67,0,1.31,5.14,null,null],[0.88,20.5,0,3.12,4.1,null,null],[0.12,24.63,0,4.27,6.03,null,null],[0.46,26.2,0,2.99,9.43,null,null],[0.43,26.2,0,1.49,10.04,null,null],[0.66,24.19,0,1.65,9.12,null,null],[1,21.72,0,4.78,7.98,null,null],[0.92,20.16,0,6,7.6,null,null],[0.8,19.1,0,6.41,7.53,null,null]],"oneday":{"avg":null,"sunrise":null,"sunset":null},"tide":[null,null,null,null,null,null,null,null,null,null,null,null,null,null,null,null,null,null,null,null,null,null,null,null]},{"weather":[[0.46,18.37,0,6.73,7.63,null,null],[0.69,17.62,0,10.72,8.81,null,null],[0.69,17.1,0,15.13,8.94,null,null],[1.03,16.66,0,18.93,8.03,null,null],[0.46,18.83,0,23.06,8.19,null,null],[0,21.83,0,22.61,8.15,null,null],[0,23.79,0,18.01,8.28,null,null],[0,23.81,0,18.22,7.81,null,null],[0.23,21.72,0,18.4,6.02,null,null],[0,17.91,0,17.1,3.13,null,null],[0,16.24,0,11.39,4.29,null,null],[0.54,15.27,0,8.65,5.3,null,null]],"oneday":{"avg":null,"sunrise":null,"sunset":null},"tide":[null,null,null,null,null,null,null,null,null,null,null,null,null,null,null,null,null,null,null,null,null,null,null,null]}],"daily":[{"weather":[2.38,21.86],"tide":[null,null,null,null,null,null,null,null,null,null,null,null,null,null,null,null,null,null,null,null,null,null,null,null],"dailyEx":{"avg":null,"wave":null,"sunrise":null,"sunset":null}},{"weather":[1.11,22.41],"tide":[null,null,null,null,null,null,null,null,null,null,null,null,null,null,null,null,null,null,null,null,null,null,null,null],"dailyEx":{"avg":null,"wave":null,"sunrise":null,"sunset":null}},{"weather":[1.95,22.28],"tide":[null,null,null,null,null,null,null,null,null,null,null,null,null,null,null,null,null,null,null,null,null,null,null,null],"dailyEx":{"avg":null,"wave":null,"sunrise":null,"sunset":null}},{"weather":[0,23.62],"tide":[null,null,null,null,null,null,null,null,null,null,null,null,null,null,null,null,null,null,null,null,null,null,null,null],"dailyEx":{"avg":null,"wave":null,"sunrise":null,"sunset":null}},{"weather":[0,23.39],"tide":[null,null,null,null,null,null,null,null,null,null,null,null,null,null,null,null,null,null,null,null,null,null,null,null],"dailyEx":{"avg":null,"wave":null,"sunrise":null,"sunset":null}}]}
北浅川恩方ます釣場,2026-10-05,{"hourly":[{"weather":[[2.77,16.28,0,0.88,4.4,null,null],[1.52,16.24,0,1.27,4.67,null,null],[1.48,16.13,0,0.98,4.61,null,null],[1.77,16.12,0,2.16,4.84,null,null],[1.37,17.72,0,7.19,4.13,null,null],[1.37,19.92,0,12.93,4.3,null,null],[1.93,21.04,0,18.17,5.46,null,null],[1,21.75,0,21.19,5.08,null,null],[1,21.42,0,18.34,4.44,null,null],[0.93,19.96,0,10.48,2.88,null,null],[1.37,19.43,0,8.28,3.9,null,null],[1.33,19.18,0,6.21,4.05,null,null]],"oneday":{"avg":null,"sunrise":null,"sunset":null},"tide":[null,null,null,null,null,null,null,null,null,null,null,null,null,null,null,null,null,null,null,null,null,null,null,null]},{"weather":[[0.93,18.78,0,4.24,4.63,null,null],[0.41,18.38,0,4.02,4.8,null,null],[0,17.78,0,3.09,4.21,null,null],[0.23,17.92,0,1.19,4.83,null,null],[0.93,20.82,0,3,4.13,null,null],[0.07,24.97,0,4.26,5.56,null,null],[0.48,26.72,0,3.4,9.11,null,null],[0.23,26.95,0,1.32,9.66,null,null],[0.59,24.98,0,1.18,8.65,null,null],[1,22.36,0,4.39,7.69,null,null],[0.99,20.78,0,6.24,6.74,null,null],[0.92,19.62,0,7.73,6.6,null,null]],"oneday":{"avg":null,"sunrise":null,"sunset":null},"tide":[null,null,null,null,null,null,null,null,null,null,null,null,null,null,null,null,null,null,null,null,null,null,null,null]},{"weather":[[0.48,18.9,0,9.44,6.75,null,null],[0.85,18.05,0,16.45,8.35,null,null],[0.85,17.47,0,22.53,8.39,null,null],[1.25,17.05,0,26.71,7.49,null,null],[0.48,19.3,0,32.17,7.31,null,null],[0,22.42,0,31.43,6.72,null,null],[0,24.34,0,25.24,7.43,null,null],[0,24.23,0,27.06,7.25,null,null],[0.37,22.26,0,28.08,5.86,null,null],[0,18.62,0,25.98,2.33,null,null],[0,16.97,0,16.5,3.77,null,null],[0.52,15.87,0,11.25,5.9,null,null]],"oneday":{"avg":null,"sunrise":null,"sunset":null},"tide":[null,null,null,null,null,null,null,null,null,null,null,null,null,null,null,null,null,null,null,null,null,null,null,null]}],"daily":[{"weather":[2.69,21.94],"tide":[null,null,null,null,null,null,null,null,null,null,null,null,null,null,null,null,null,null,null,null,null,null,null,null],"dailyEx":{"avg":null,"wave":null,"sunrise":null,"sunset":null}},{"weather":[1.11,22.44],"tide":[null,null,null,null,null,null,null,null,null,null,null,null,null,null,null,null,null,null,null,null,null,null,null,null],"dailyEx":{"avg":null,"wave":null,"sunrise":null,"sunset":null}},{"weather":[2.47,22.53],"tide":[null,null,null,null,null,null,null,null,null,null,null,null,null,null,null,null,null,null,null,null,null,null,null,null],"dailyEx":{"avg":null,"wave":null,"sunrise":null,"sunset":null}},{"weather":[0,23.64],"tide":[null,null,null,null,null,null,null,null,null,null,null,null,null,null,null,null,null,null,null,null,null,null,null,null],"dailyEx":{"avg":null,"wave":null,"sunrise":null,"sunset":null}},{"weather":[0,23.61],"tide":[null,null,null,null,null,null,null,null,null,null,null,null,null,null,null,null,null,null,null,null,null,null,null,null],"dailyEx":{"avg":null,"wave":null,"sunrise":null,"sunset":null}}]}
釣り堀 八庵,2026-10-05,{"hourly":[{"weather":[[2.78,16.32,0,0.84,4.46,null,null],[1.51,16.28,0,1.24,4.75,null,null],[1.49,16.16,0,0.97,4.68,null,null],[1.78,16.15,0,2.18,4.92,null,null],[1.35,17.74,0,7.05,4.24,null,null],[1.35,19.94,0,12.69,4.41,null,null],[1.93,21.05,0,17.93,5.53,null,null],[1,21.77,0,20.84,5.11,null,null],[1,21.43,0,18.06,4.48,null,null],[0.93,20,0,10.43,2.94,null,null],[1.35,19.47,0,8.22,3.95,null,null],[1.36,19.22,0,6.13,4.09,null,null]],"oneday":{"avg":null,"sunrise":null,"sunset":null},"tide":[null,null,null,null,null,null,null,null,null,null,null,null,null,null,null,null,null,null,null,null,null,null,null,null]},{"weather":[[0.93,18.82,0,4.18,4.67,null,null],[0.43,18.43,0,4.06,4.81,null,null],[0,17.83,0,3.12,4.22,null,null],[0.22,17.96,0,1.15,4.87,null,null],[0.93,20.83,0,3.08,4.23,null,null],[0.07,24.99,0,4.43,5.66,null,null],[0.49,26.73,0,3.54,9.17,null,null],[0.22,26.98,0,1.33,9.73,null,null],[0.57,25.02,0,1.14,8.74,null,null],[1,22.4,0,4.34,7.82,null,null],[0.98,20.82,0,6.11,6.87,null,null],[0.91,19.67,0,7.47,6.72,null,null]],"oneday":{"avg":null,"sunrise":null,"sunset":null},"tide":[null,null,null,null,null,null,null,null,null,null,null,null,null,null,null,null,null,null,null,null,null,null,null,null]},{"weather":[[0.49,18.96,0,9.03,6.91,null,null],[0.84,18.12,0,15.8,8.46,null,null],[0.84,17.55,0,21.93,8.52,null,null],[1.27,17.12,0,26.41,7.59,null,null],[0.49,19.34,0,31.91,7.39,null,null],[0,22.46,0,31.21,6.85,null,null],[0,24.38,0,25,7.49,null,null],[0,24.27,0,26.35,7.19,null,null],[0.35,22.32,0,27.03,5.78,null,null],[0,18.67,0,24.92,2.36,null,null],[0,17.03,0,15.97,3.87,null,null],[0.51,15.96,0,11.15,6.01,null,null]],"oneday":{"avg":null,"sunrise":null,"sunset":null},"tide":[null,null,null,null,null,null,null,null,null,null,null,null,null,null,null,null,null,null,null,null,null,null,null,null]}],"daily":[{"weather":[2.69,21.97],"tide":[null,null,null,null,null,null,null,null,null,null,null,null,null,null,null,null,null,null,null,null,null,null,null,null],"dailyEx":{"avg":null,"wave":null,"sunrise":null,"sunset":null}},{"weather":[1.06,22.48],"tide":[null,null,null,null,null,null,null,null,null,null,null,null,null,null,null,null,null,null,null,null,null,null,null,null],"dailyEx":{"avg":null,"wave":null,"sunrise":null,"sunset":null}},{"weather":[2.46,22.57],"tide":[null,null,null,null,null,null,null,null,null,null,null,null,null,null,null,null,null,null,null,null,null,null,null,null],"dailyEx":{"avg":null,"wave":null,"sunrise":null,"sunset":null}},{"weather":[0,23.69],"tide":[null,null,null,null,null,null,null,null,null,null,null,null,null,null,null,null,null,null,null,null,null,null,null,null],"dailyEx":{"avg":null,"wave":null,"sunrise":null,"sunset":null}},{"weather":[0,23.64],"tide":[null,null,null,null,null,null,null,null,null,null,null,null,null,null,null,null,null,null,null,null,null,null,null,null],"dailyEx":{"avg":null,"wave":null,"sunrise":null,"sunset":null}}]}
辻野養魚場,2026-10-05,{"hourly":[{"weather":[[2.82,16.26,0,1.13,4.04,null,null],[1.62,16.23,0,1.42,4.22,null,null],[1.38,16.13,0,0.97,4.21,null,null],[1.82,16.14,0,2.11,4.39,null,null],[1.5,17.75,0,8.39,3.59,null,null],[1.5,19.94,0,14.62,3.58,null,null],[1.93,21.05,0,19.41,5.02,null,null],[1,21.78,0,22.86,4.84,null,null],[1,21.43,0,19.34,4.32,null,null],[0.93,19.95,0,9.97,2.55,null,null],[1.5,19.42,0,8.23,3.59,null,null],[1.25,19.18,0,6.4,3.78,null,null]],"oneday":{"avg":null,"sunrise":null,"sunset":null},"tide":[null,null,null,null,null,null,null,null,null,null,null,null,null,null,null,null,null,null,null,null,null,null,null,null]},{"weather":[[0.93,18.74,0,4.23,4.42,null,null],[0.32,18.31,0,3.6,4.64,null,null],[0,17.7,0,2.85,4.16,null,null],[0.18,17.87,0,1.37,4.6,null,null],[0.93,20.94,0,2.57,3.54,null,null],[0.07,25.12,0,3.34,4.79,null,null],[0.38,27.02,0,2.67,8.71,null,null],[0.18,27.17,0,1.09,9.18,null,null],[0.68,25.16,0,1.19,8.01,null,null],[1,22.52,0,4.71,6.88,null,null],[1.01,20.9,0,7.19,5.76,null,null],[0.95,19.64,0,9.63,5.62,null,null]],"oneday":{"avg":null,"sunrise":null,"sunset":null},"tide":[null,null,null,null,null,null,null,null,null,null,null,null,null,null,null,null,null,null,null,null,null,null,null,null]},{"weather":[[0.38,18.89,0,12.45,5.66,null,null],[0.88,17.97,0,21.54,7.6,null,null],[0.88,17.32,0,27.78,7.52,null,null],[1.2,16.91,0,30.4,6.76,null,null],[0.38,19.37,0,35.94,6.64,null,null],[0,22.55,0,34.94,5.67,null,null],[0,24.45,0,28.41,6.87,null,null],[0,24.31,0,33.22,7.47,null,null],[0.5,22.22,0,36.36,6.22,null,null],[0,18.68,0,34.09,1.97,null,null],[0,16.95,0,20.75,3.08,null,null],[0.62,15.68,0,12.41,5.45,null,null]],"oneday":{"avg":null,"sunrise":null,"sunset":null},"tide":[null,null,null,null,null,null,null,null,null,null,null,null,null,null,null,null,null,null,null,null,null,null,null,null]}],"daily":[{"weather":[2.76,21.85],"tide":[null,null,null,null,null,null,null,null,null,null,null,null,null,null,null,null,null,null,null,null,null,null,null,null],"dailyEx":{"avg":null,"wave":null,"sunrise":null,"sunset":null}},{"weather":[1.31,22.3],"tide":[null,null,null,null,null,null,null,null,null,null,null,null,null,null,null,null,null,null,null,null,null,null,null,null],"dailyEx":{"avg":null,"wave":null,"sunrise":null,"sunset":null}},{"weather":[2.58,22.44],"tide":[null,null,null,null,null,null,null,null,null,null,null,null,null,null,null,null,null,null,null,null,null,null,null,null],"dailyEx":{"avg":null,"wave":null,"sunrise":null,"sunset":null}},{"weather":[0,23.48],"tide":[null,null,null,null,null,null,null,null,null,null,null,null,null,null,null,null,null,null,null,null,null,null,null,null],"dailyEx":{"avg":null,"wave":null,"sunrise":null,"sunset":null}},{"weather":[0,23.56],"tide":[null,null,null,null,null,null,null,null,null,null,null,null,null,null,null,null,null,null,null,null,null,null,null,null],"dailyEx":{"avg":null,"wave":null,"sunrise":null,"sunset":null}}]}
つりぼり入山,2026-10-05,{"hourly":[{"weather":[[2.76,16.25,0,0.84,4.45,null,null],[1.51,16.21,0,1.25,4.73,null,null],[1.49,16.1,0,0.99,4.66,null,null],[1.76,16.08,0,2.17,4.91,null,null],[1.34,17.69,0,6.94,4.2,null,null],[1.34,19.9,0,12.62,4.41,null,null],[1.92,21.02,0,18.03,5.53,null,null],[1,21.73,0,21.02,5.11,null,null],[1,21.4,0,18.3,4.45,null,null],[0.92,19.94,0,10.71,2.93,null,null],[1.34,19.4,0,8.37,3.96,null,null],[1.34,19.14,0,6.23,4.1,null,null]],"oneday":{"avg":null,"sunrise":null,"sunset":null},"tide":[null,null,null,null,null,null,null,null,null,null,null,null,null,null,null,null,null,null,null,null,null,null,null,null]},{"weather":[[0.92,18.75,0,4.29,4.67,null,null],[0.42,18.35,0,4.12,4.83,null,null],[0,17.76,0,3.14,4.22,null,null],[0.24,17.9,0,1.17,4.87,null,null],[0.92,20.77,0,3.07,4.22,null,null],[0.08,24.91,0,4.39,5.7,null,null],[0.49,26.62,0,3.48,9.18,null,null],[0.24,26.85,0,1.38,9.74,null,null],[0.58,24.89,0,1.22,8.76,null,null],[1,22.28,0,4.35,7.82,null,null],[1,20.71,0,6.07,6.92,null,null],[0.92,19.56,0,7.38,6.79,null,null]],"oneday":{"avg":null,"sunrise":null,"sunset":null},"tide":[null,null,null,null,null,null,null,null,null,null,null,null,null,null,null,null,null,null,null,null,null,null,null,null]},{"weather":[[0.49,18.85,0,8.88,6.95,null,null],[0.84,18.02,0,15.47,8.48,null,null],[0.84,17.45,0,21.45,8.54,null,null],[1.25,17.02,0,25.82,7.62,null,null],[0.49,19.24,0,31.2,7.45,null,null],[0,22.34,0,30.51,6.94,null,null],[0,24.27,0,24.45,7.55,null,null],[0,24.18,0,25.78,7.25,null,null],[0.34,22.22,0,26.46,5.82,null,null],[0,18.56,0,24.43,2.41,null,null],[0,16.92,0,15.66,3.9,null,null],[0.51,15.84,0,10.96,5.94,null,null]],"oneday":{"avg":null,"sunrise":null,"sunset":null},"tide":[null,null,null,null,null,null,null,null,null,null,null,null,null,null,null,null,null,null,null,null,null,null,null,null]}],"daily":[{"weather":[2.67,21.93],"tide":[null,null,null,null,null,null,null,null,null,null,null,null,null,null,null,null,null,null,null,null,null,null,null,null],"dailyEx":{"avg":null,"wave":null,"sunrise":null,"sunset":null}},{"weather":[1.09,22.45],"tide":[null,null,null,null,null,null,null,null,null,null,null,null,null,null,null,null,null,null,null,null,null,null,null,null],"dailyEx":{"avg":null,"wave":null,"sunrise":null,"sunset":null}},{"weather":[2.43,22.51],"tide":[null,null,null,null,null,null,null,null,null,null,null,null,null,null,null,null,null,null,null,null,null,null,null,null],"dailyEx":{"avg":null,"wave":null,"sunrise":null,"sunset":null}},{"weather":[0,23.65],"tide":[null,null,null,null,null,null,null,null,null,null,null,null,null,null,null,null,null,null,null,null,null,null,null,null],"dailyEx":{"avg":null,"wave":null,"sunrise":null,"sunset":null}},{"weather":[0,23.59],"tide":[null,null,null,null,null,null,null,null,null,null,null,null,null,null,null,null,null,null,null,null,null,null,null,null],"dailyEx":{"avg":null,"wave":null,"sunrise":null,"sunset":null}}]}
境渓谷キャンプ場つり堀,2026-10-05,{"hourly":[{"weather":[[2.41,14.77,0,0.71,5.16,null,null],[1.29,14.76,0,1.17,5.27,null,null],[1.71,14.8,0,1.08,5.02,null,null],[1.41,14.68,0,1.88,5.39,null,null],[1.03,16.7,0,3.51,4.45,null,null],[1.03,19.14,0,9.01,5.72,null,null],[1.67,20.28,0,17.61,6.46,null,null],[1,20.87,0,21.11,5.56,null,null],[1,20.54,0,20.06,4.21,null,null],[0.67,18.65,0,15.15,3.31,null,null],[1.03,17.94,0,10.36,4.57,null,null],[1.05,17.63,0,7.52,4.78,null,null]],"oneday":{"avg":null,"sunrise":null,"sunset":null},"tide":[null,null,null,null,null,null,null,null,null,null,null,null,null,null,null,null,null,null,null,null,null,null,null,null]},{"weather":[[0.67,17.3,0,6.27,5.04,null,null],[0.38,16.82,0,5.65,5.37,null,null],[0,16.42,0,3.76,4.2,null,null],[0.59,16.58,0,1.24,4.96,null,null],[0.67,19.2,0,3.37,5.09,null,null],[0.33,22.74,0,4.87,7.64,null,null],[0.71,23.82,0,3.71,9.89,null,null],[0.59,23.89,0,3.06,10.51,null,null],[0.62,21.88,0,2.86,10,null,null],[1,19.52,0,3.69,9.2,null,null],[1.4,18.06,0,3.42,9.4,null,null],[1.07,17.07,0,2.68,9.58,null,null]],"oneday":{"avg":null,"sunrise":null,"sunset":null},"tide":[null,null,null,null,null,null,null,null,null,null,null,null,null,null,null,null,null,null,null,null,null,null,null,null]},{"weather":[[0.71,16.46,0,1.7,9.38,null,null],[0.74,15.86,0,2.51,10.08,null,null],[0.74,15.45,0,5.87,10.4,null,null],[1.12,15.04,0,10.74,9.2,null,null],[0.71,16.88,0,13.95,9.57,null,null],[0,19.71,0,13.89,9.96,null,null],[0,21.7,0,10.63,9.38,null,null],[0,22.1,0,7.25,7.91,null,null],[0.03,20.41,0,5.09,6.02,null,null],[0,16.27,0,4.46,3.73,null,null],[0,14.6,0,4.47,5.5,null,null],[0.29,13.71,0,6.16,5.56,null,null]],"oneday":{"avg":null,"sunrise":null,"sunset":null},"tide":[null,null,null,null,null,null,null,null,null,null,null,null,null,null,null,null,null,null,null,null,null,null,null,null]}],"daily":[{"weather":[2.47,21.1],"tide":[null,null,null,null,null,null,null,null,null,null,null,null,null,null,null,null,null,null,null,null,null,null,null,null],"dailyEx":{"avg":null,"wave":null,"sunrise":null,"sunset":null}},{"weather":[1.31,21.87],"tide":[null,null,null,null,null,null,null,null,null,null,null,null,null,null,null,null,null,null,null,null,null,null,null,null],"dailyEx":{"avg":null,"wave":null,"sunrise":null,"sunset":null}},{"weather":[1.88,21.4],"tide":[null,null,null,null,null,null,null,null,null,null,null,null,null,null,null,null,null,null,null,null,null,null,null,null],"dailyEx":{"avg":null,"wave":null,"sunrise":null,"sunset":null}},{"weather":[0,23.11],"tide":[null,null,null,null,null,null,null,null,null,null,null,null,null,null,null,null,null,null,null,null,null,null,null,null],"dailyEx":{"avg":null,"wave":null,"sunrise":null,"sunset":null}},{"weather":[0,22.34],"tide":[null,null,null,null,null,null,null,null,null,null,null,null,null,null,null,null,null,null,null,null,null,null,null,null],"dailyEx":{"avg":null,"wave":null,"sunrise":null,"sunset":null}}]}
氷川国際ます釣場,2026-10-05,{"hourly":[{"weather":[[2.41,15.08,0,0.66,4.57,null,null],[1.43,15.07,0,1.46,4.73,null,null],[1.57,15.1,0,1.47,4.62,null,null],[1.41,14.99,0,2.21,4.99,null,null],[1.08,16.94,0,3.79,4.05,null,null],[1.08,19.34,0,9.58,4.85,null,null],[1.75,20.53,0,18.84,5.95,null,null],[1,21.12,0,22.95,5.2,null,null],[1,20.84,0,22,4.17,null,null],[0.75,19.03,0,16.66,2.95,null,null],[1.08,18.34,0,11.27,4.32,null,null],[1.07,18.01,0,7.84,4.49,null,null]],"oneday":{"avg":null,"sunrise":null,"sunset":null},"tide":[null,null,null,null,null,null,null,null,null,null,null,null,null,null,null,null,null,null,null,null,null,null,null,null]},{"weather":[[0.75,17.65,0,6.22,4.91,null,null],[0.32,17.17,0,5.71,5.24,null,null],[0,16.76,0,3.96,4.27,null,null],[0.59,16.98,0,1.36,5.13,null,null],[0.75,19.69,0,3.23,4.51,null,null],[0.25,23.5,0,4.44,6.96,null,null],[0.57,24.76,0,3.07,9.74,null,null],[0.59,24.68,0,2.36,10.37,null,null],[0.68,22.65,0,2.5,9.68,null,null],[1,20.3,0,4.42,8.61,null,null],[1.15,18.79,0,4.69,8.77,null,null],[0.9,17.8,0,4.18,8.86,null,null]],"oneday":{"avg":null,"sunrise":null,"sunset":null},"tide":[null,null,null,null,null,null,null,null,null,null,null,null,null,null,null,null,null,null,null,null,null,null,null,null]},{"weather":[[0.57,17.12,0,3.4,8.75,null,null],[0.65,16.48,0,4.75,9.56,null,null],[0.65,16.04,0,7.9,9.81,null,null],[0.97,15.6,0,11.85,8.76,null,null],[0.57,17.6,0,14.93,9.19,null,null],[0,20.47,0,14.76,9.55,null,null],[0,22.45,0,11.51,9.14,null,null],[0,22.73,0,9.62,8.14,null,null],[0.08,20.78,0,8.56,6.15,null,null],[0,16.74,0,7.93,3.73,null,null],[0,15.05,0,6.23,5.03,null,null],[0.43,14.15,0,6.41,5.09,null,null]],"oneday":{"avg":null,"sunrise":null,"sunset":null},"tide":[null,null,null,null,null,null,null,null,null,null,null,null,null,null,null,null,null,null,null,null,null,null,null,null]}],"daily":[{"weather":[2.3,21.41],"tide":[null,null,null,null,null,null,null,null,null,null,null,null,null,null,null,null,null,null,null,null,null,null,null,null],"dailyEx":{"avg":null,"wave":null,"sunrise":null,"sunset":null}},{"weather":[1.26,22.08],"tide":[null,null,null,null,null,null,null,null,null,null,null,null,null,null,null,null,null,null,null,null,null,null,null,null],"dailyEx":{"avg":null,"wave":null,"sunrise":null,"sunset":null}},{"weather":[1.71,21.69],"tide":[null,null,null,null,null,null,null,null,null,null,null,null,null,null,null,null,null,null,null,null,null,null,null,null],"dailyEx":{"avg":null,"wave":null,"sunrise":null,"sunset":null}},{"weather":[0,23.31],"tide":[null,null,null,null,null,null,null,null,null,null,null,null,null,null,null,null,null,null,null,null,null,null,null,null],"dailyEx":{"avg":null,"wave":null,"sunrise":null,"sunset":null}},{"weather":[0,22.73],"tide":[null,null,null,null,null,null,null,null,null,null,null,null,null,null,null,null,null,null,null,null,null,null,null,null],"dailyEx":{"avg":null,"wave":null,"sunrise":null,"sunset":null}}]}
神戸国際マス釣場,2026-10-05,{"hourly":[{"weather":[[2.56,15.09,0,0.99,4.7,null,null],[1.46,15.1,0,1.47,4.76,null,null],[1.48,15.1,0,1.21,4.7,null,null],[1.56,15.06,0,2.05,5,null,null],[4.19,16.89,0.01,5.94,4.07,null,null],[1.22,19.21,0,12.11,4.55,null,null],[1.73,20.38,0,19.52,5.69,null,null],[1.06,21.03,0,23.54,5.13,null,null],[1,20.7,0,21.33,4.25,null,null],[0.79,18.95,0,13.85,3.02,null,null],[1.22,18.3,0,10.05,4.23,null,null],[1.07,18.02,0,7.44,4.48,null,null]],"oneday":{"avg":null,"sunrise":null,"sunset":null},"tide":[null,null,null,null,null,null,null,null,null,null,null,null,null,null,null,null,null,null,null,null,null,null,null,null]},{"weather":[[0.79,17.67,0,5.62,4.88,null,null],[0.28,17.27,0,4.77,5.17,null,null],[0,16.88,0,3.41,4.39,null,null],[0.5,17.1,0,1.45,5.1,null,null],[0.79,19.89,0,2.78,4.44,null,null],[0.21,23.65,0,3.6,6.1,null,null],[0.48,25.18,0,2.63,9.02,null,null],[0.56,25.12,0,2.01,9.54,null,null],[0.78,23.08,0,2.2,8.64,null,null],[1,20.65,0,4.52,7.76,null,null],[1.13,19.09,0,5.76,7.8,null,null],[0.92,17.98,0,6.72,7.94,null,null]],"oneday":{"avg":null,"sunrise":null,"sunset":null},"tide":[null,null,null,null,null,null,null,null,null,null,null,null,null,null,null,null,null,null,null,null,null,null,null,null]},{"weather":[[0.48,17.28,0,7.74,8.03,null,null],[0.71,16.53,0,12.71,9.14,null,null],[0.71,16,0,16.97,9.35,null,null],[0.99,15.57,0,19.72,8.52,null,null],[0.48,17.7,0,23.65,8.66,null,null],[0,20.65,0,23.08,8.19,null,null],[0,22.61,0,18.59,8.09,null,null],[0,22.6,0.02,20.36,7.98,null,null],[3.25,20.59,0.02,21.71,6.19,null,null],[3.02,16.89,0.01,20.46,2.94,null,null],[0.12,15.26,0,13.06,4.13,null,null],[0.52,14.21,0,8.96,4.91,null,null]],"oneday":{"avg":null,"sunrise":null,"sunset":null},"tide":[null,null,null,null,null,null,null,null,null,null,null,null,null,null,null,null,null,null,null,null,null,null,null,null]}],"daily":[{"weather":[5.38,21.11],"tide":[null,null,null,null,null,null,null,null,null,null,null,null,null,null,null,null,null,null,null,null,null,null,null,null],"dailyEx":{"avg":null,"wave":null,"sunrise":null,"sunset":null}},{"weather":[1.37,21.79],"tide":[null,null,null,null,null,null,null,null,null,null,null,null,null,null,null,null,null,null,null,null,null,null,null,null],"dailyEx":{"avg":null,"wave":null,"sunrise":null,"sunset":null}},{"weather":[1.92,21.49],"tide":[null,null,null,null,null,null,null,null,null,null,null,null,null,null,null,null,null,null,null,null,null,null,null,null],"dailyEx":{"avg":null,"wave":null,"sunrise":null,"sunset":null}},{"weather":[0,22.94],"tide":[null,null,null,null,null,null,null,null,null,null,null,null,null,null,null,null,null,null,null,null,null,null,null,null],"dailyEx":{"avg":null,"wave":null,"sunrise":null,"sunset":null}},{"weather":[0.18,22.57],"tide":[null,null,null,null,null,null,null,null,null,null,null,null,null,null,null,null,null,null,null,null,null,null,null,null],"dailyEx":{"avg":null,"wave":null,"sunrise":null,"sunset":null}}]}
神戸園,2026-10-05,{"hourly":[{"weather":[[2.55,15.06,0,0.96,4.75,null,null],[1.44,15.06,0,1.45,4.82,null,null],[1.5,15.07,0,1.2,4.74,null,null],[1.55,15.02,0,2.04,5.05,null,null],[4.05,16.86,0.01,5.74,4.12,null,null],[1.21,19.2,0,11.85,4.66,null,null],[1.72,20.37,0,19.36,5.76,null,null],[1.06,21.01,0,23.35,5.17,null,null],[1,20.68,0,21.23,4.25,null,null],[0.78,18.92,0,13.97,3.06,null,null],[1.21,18.26,0,10.08,4.27,null,null],[1.07,17.98,0,7.44,4.52,null,null]],"oneday":{"avg":null,"sunrise":null,"sunset":null},"tide":[null,null,null,null,null,null,null,null,null,null,null,null,null,null,null,null,null,null,null,null,null,null,null,null]},{"weather":[[0.78,17.63,0,5.67,4.9,null,null],[0.28,17.23,0,4.84,5.19,null,null],[0,16.85,0,3.44,4.39,null,null],[0.51,17.06,0,1.43,5.1,null,null],[0.78,19.83,0,2.83,4.51,null,null],[0.22,23.57,0,3.71,6.23,null,null],[0.5,25.06,0,2.72,9.08,null,null],[0.57,25.01,0,2.09,9.62,null,null],[0.77,22.97,0,2.25,8.75,null,null],[1,20.55,0,4.46,7.89,null,null],[1.14,19,0,5.57,7.95,null,null],[0.93,17.9,0,6.39,8.1,null,null]],"oneday":{"avg":null,"sunrise":null,"sunset":null},"tide":[null,null,null,null,null,null,null,null,null,null,null,null,null,null,null,null,null,null,null,null,null,null,null,null]},{"weather":[[0.5,17.2,0,7.24,8.18,null,null],[0.71,16.47,0,11.86,9.24,null,null],[0.71,15.95,0,16.04,9.47,null,null],[0.99,15.52,0,18.97,8.6,null,null],[0.5,17.62,0,22.83,8.76,null,null],[0,20.56,0,22.31,8.36,null,null],[0,22.53,0,17.92,8.19,null,null],[0,22.54,0.02,19.26,7.97,null,null],[3.11,20.55,0.02,20.32,6.17,null,null],[2.91,16.83,0.01,19.12,3.01,null,null],[0.11,15.2,0,12.34,4.24,null,null],[0.5,14.16,0,8.73,4.96,null,null]],"oneday":{"avg":null,"sunrise":null,"sunset":null},"tide":[null,null,null,null,null,null,null,null,null,null,null,null,null,null,null,null,null,null,null,null,null,null,null,null]}],"daily":[{"weather":[5.27,21.1],"tide":[null,null,null,null,null,null,null,null,null,null,null,null,null,null,null,null,null,null,null,null,null,null,null,null],"dailyEx":{"avg":null,"wave":null,"sunrise":null,"sunset":null}},{"weather":[1.36,21.79],"tide":[null,null,null,null,null,null,null,null,null,null,null,null,null,null,null,null,null,null,null,null,null,null,null,null],"dailyEx":{"avg":null,"wave":null,"sunrise":null,"sunset":null}},{"weather":[1.91,21.48],"tide":[null,null,null,null,null,null,null,null,null,null,null,null,null,null,null,null,null,null,null,null,null,null,null,null],"dailyEx":{"avg":null,"wave":null,"sunrise":null,"sunset":null}},{"weather":[0,22.95],"tide":[null,null,null,null,null,null,null,null,null,null,null,null,null,null,null,null,null,null,null,null,null,null,null,null],"dailyEx":{"avg":null,"wave":null,"sunrise":null,"sunset":null}},{"weather":[0.17,22.54],"tide":[null,null,null,null,null,null,null,null,null,null,null,null,null,null,null,null,null,null,null,null,null,null,null,null],"dailyEx":{"avg":null,"wave":null,"sunrise":null,"sunset":null}}]}
トラウトファーム秋川,2026-10-05,{"hourly":[{"weather":[[2.58,15.1,0,1.04,4.67,null,null],[1.47,15.11,0,1.49,4.71,null,null],[1.46,15.11,0,1.18,4.67,null,null],[1.58,15.08,0,2.03,4.95,null,null],[4.53,16.89,0.01,6.3,4.02,null,null],[1.25,19.21,0,12.57,4.44,null,null],[1.73,20.38,0,19.72,5.61,null,null],[1.07,21.03,0,23.78,5.09,null,null],[1,20.69,0,21.36,4.25,null,null],[0.8,18.95,0,13.49,2.99,null,null],[1.25,18.31,0,9.91,4.18,null,null],[1.06,18.03,0,7.41,4.45,null,null]],"oneday":{"avg":null,"sunrise":null,"sunset":null},"tide":[null,null,null,null,null,null,null,null,null,null,null,null,null,null,null,null,null,null,null,null,null,null,null,null]},{"weather":[[0.8,17.68,0,5.54,4.85,null,null],[0.26,17.28,0,4.62,5.14,null,null],[0,16.9,0,3.32,4.4,null,null],[0.48,17.12,0,1.47,5.07,null,null],[0.8,19.93,0,2.68,4.37,null,null],[0.2,23.7,0,3.42,5.92,null,null],[0.46,25.27,0,2.51,8.9,null,null],[0.55,25.21,0,1.93,9.41,null,null],[0.8,23.16,0,2.16,8.46,null,null],[1,20.72,0,4.57,7.59,null,null],[1.12,19.15,0,5.98,7.59,null,null],[0.92,18.02,0,7.21,7.73,null,null]],"oneday":{"avg":null,"sunrise":null,"sunset":null},"tide":[null,null,null,null,null,null,null,null,null,null,null,null,null,null,null,null,null,null,null,null,null,null,null,null]},{"weather":[[0.46,17.31,0,8.54,7.83,null,null],[0.72,16.54,0,14.13,9.01,null,null],[0.72,15.99,0,18.54,9.21,null,null],[0.98,15.57,0,21,8.41,null,null],[0.46,17.73,0,25.03,8.52,null,null],[0,20.7,0,24.39,7.92,null,null],[0,22.66,0,19.72,7.91,null,null],[0,22.6,0.02,22.21,7.98,null,null],[3.6,20.58,0.02,24.04,6.23,null,null],[3.34,16.93,0.01,22.7,2.82,null,null],[0.13,15.3,0,14.26,3.95,null,null],[0.54,14.21,0,9.38,4.85,null,null]],"oneday":{"avg":null,"sunrise":null,"sunset":null},"tide":[null,null,null,null,null,null,null,null,null,null,null,null,null,null,null,null,null,null,null,null,null,null,null,null]}],"daily":[{"weather":[5.72,21.08],"tide":[null,null,null,null,null,null,null,null,null,null,null,null,null,null,null,null,null,null,null,null,null,null,null,null],"dailyEx":{"avg":null,"wave":null,"sunrise":null,"sunset":null}},{"weather":[1.4,21.75],"tide":[null,null,null,null,null,null,null,null,null,null,null,null,null,null,null,null,null,null,null,null,null,null,null,null],"dailyEx":{"avg":null,"wave":null,"sunrise":null,"sunset":null}},{"weather":[1.96,21.47],"tide":[null,null,null,null,null,null,null,null,null,null,null,null,null,null,null,null,null,null,null,null,null,null,null,null],"dailyEx":{"avg":null,"wave":null,"sunrise":null,"sunset":null}},{"weather":[0,22.89],"tide":[null,null,null,null,null,null,null,null,null,null,null,null,null,null,null,null,null,null,null,null,null,null,null,null],"dailyEx":{"avg":null,"wave":null,"sunrise":null,"sunset":null}},{"weather":[0.2,22.55],"tide":[null,null,null,null,null,null,null,null,null,null,null,null,null,null,null,null,null,null,null,null,null,null,null,null],"dailyEx":{"avg":null,"wave":null,"sunrise":null,"sunset":null}}]}
峰谷川渓流釣場,2026-10-05,{"hourly":[{"weather":[[2.51,14.31,0,1.12,5.61,null,null],[1.23,14.33,0,1.06,5.56,null,null],[1.71,14.38,0,0.61,5.27,null,null],[1.51,14.32,0,1.45,5.56,null,null],[4.03,16.32,0.01,5.22,4.55,null,null],[1.12,18.76,0,11.06,5.92,null,null],[1.56,19.85,0,17.93,6.52,null,null],[1.06,20.49,0,21.27,5.71,null,null],[1,20.07,0,18.99,4.22,null,null],[0.61,18.12,0,12.23,3.55,null,null],[1.12,17.4,0,9.02,4.62,null,null],[0.95,17.13,0,7.26,4.97,null,null]],"oneday":{"avg":null,"sunrise":null,"sunset":null},"tide":[null,null,null,null,null,null,null,null,null,null,null,null,null,null,null,null,null,null,null,null,null,null,null,null]},{"weather":[[0.61,16.84,0,6.07,5.08,null,null],[0.33,16.4,0,4.84,5.43,null,null],[0,16.07,0,3.15,4.27,null,null],[0.55,16.21,0,1.34,4.76,null,null],[0.61,18.86,0,2.93,5.32,null,null],[0.39,22.1,0,4.07,7.28,null,null],[0.71,23.27,0,3.42,9.26,null,null],[0.61,23.39,0,3.35,9.76,null,null],[0.73,21.35,0,3.08,9.18,null,null],[1,18.96,0,3.36,8.68,null,null],[1.6,17.46,0,3.58,8.95,null,null],[1.22,16.37,0,4.09,9.29,null,null]],"oneday":{"avg":null,"sunrise":null,"sunset":null},"tide":[null,null,null,null,null,null,null,null,null,null,null,null,null,null,null,null,null,null,null,null,null,null,null,null]},{"weather":[[0.71,15.78,0,4.67,9.11,null,null],[0.83,15.13,0,8.34,10.01,null,null],[0.83,14.65,0,12.45,10.34,null,null],[1.16,14.27,0,16.23,9.25,null,null],[0.71,16.15,0,19.94,9.43,null,null],[0,19.01,0,19.59,9.07,null,null],[0,20.99,0,15.53,8.64,null,null],[0,21.24,0.02,15.04,7.82,null,null],[3.08,19.65,0.02,14.82,6.15,null,null],[2.97,15.74,0.01,13.78,3.09,null,null],[0.12,14.11,0,9.51,4.94,null,null],[0.29,13.04,0,8.01,5.41,null,null]],"oneday":{"avg":null,"sunrise":null,"sunset":null},"tide":[null,null,null,null,null,null,null,null,null,null,null,null,null,null,null,null,null,null,null,null,null,null,null,null]}],"daily":[{"weather":[5.58,20.45],"tide":[null,null,null,null,null,null,null,null,null,null,null,null,null,null,null,null,null,null,null,null,null,null,null,null],"dailyEx":{"avg":null,"wave":null,"sunrise":null,"sunset":null}},{"weather":[1.56,21.31],"tide":[null,null,null,null,null,null,null,null,null,null,null,null,null,null,null,null,null,null,null,null,null,null,null,null],"dailyEx":{"avg":null,"wave":null,"sunrise":null,"sunset":null}},{"weather":[2.11,20.8],"tide":[null,null,null,null,null,null,null,null,null,null,null,null,null,null,null,null,null,null,null,null,null,null,null,null],"dailyEx":{"avg":null,"wave":null,"sunrise":null,"sunset":null}},{"weather":[0,22.48],"tide":[null,null,null,null,null,null,null,null,null,null,null,null,null,null,null,null,null,null,null,null,null,null,null,null],"dailyEx":{"avg":null,"wave":null,"sunrise":null,"sunset":null}},{"weather":[0.17,21.7],"tide":[null,null,null,null,null,null,null,null,null,null,null,null,null,null,null,null,null,null,null,null,null,null,null,null],"dailyEx":{"avg":null,"wave":null,"sunrise":null,"sunset":null}}]}
TOKYOトラウトカントリー,2026-10-05,{"hourly":[{"weather":[[2.37,14.64,0,0.71,5.27,null,null],[1.27,14.63,0,1.11,5.39,null,null],[1.75,14.69,0,1,5.13,null,null],[1.39,14.56,0,1.76,5.49,null,null],[1,16.61,0,3.2,4.53,null,null],[1,19.07,0,8.61,5.91,null,null],[1.62,20.21,0,17.34,6.5,null,null],[1,20.79,0,21.12,5.57,null,null],[1,20.46,0,20.28,4.13,null,null],[0.64,18.55,0,15.5,3.34,null,null],[1,17.81,0,10.46,4.62,null,null],[1.02,17.49,0,7.61,4.85,null,null]],"oneday":{"avg":null,"sunrise":null,"sunset":null},"tide":[null,null,null,null,null,null,null,null,null,null,null,null,null,null,null,null,null,null,null,null,null,null,null,null]},{"weather":[[0.64,17.17,0,6.54,5.09,null,null],[0.37,16.68,0,5.76,5.46,null,null],[0,16.3,0,3.75,4.27,null,null],[0.63,16.44,0,1.25,4.95,null,null],[0.64,19.04,0,3.39,5.27,null,null],[0.36,22.52,0,4.91,7.86,null,null],[0.73,23.53,0,3.75,10.13,null,null],[0.63,23.57,0,3.23,10.77,null,null],[0.63,21.57,0,3.03,10.3,null,null],[0.98,19.23,0,3.58,9.54,null,null],[1.44,17.78,0,3.08,9.85,null,null],[1.09,16.82,0,2.14,10.04,null,null]],"oneday":{"avg":null,"sunrise":null,"sunset":null},"tide":[null,null,null,null,null,null,null,null,null,null,null,null,null,null,null,null,null,null,null,null,null,null,null,null]},{"weather":[[0.73,16.22,0,1,9.77,null,null],[0.73,15.64,0,1.37,10.36,null,null],[0.73,15.24,0,4.5,10.66,null,null],[1.1,14.83,0,9.37,9.41,null,null],[0.73,16.64,0,12.37,9.85,null,null],[0,19.45,0,12.37,10.35,null,null],[0,21.44,0,9.37,9.69,null,null],[0,21.89,0,5.62,8.19,null,null],[0,20.26,0,3.25,6.24,null,null],[0,16.09,0,2.79,3.94,null,null],[0,14.41,0,3.58,5.7,null,null],[0.29,13.5,0,5.8,5.59,null,null]],"oneday":{"avg":null,"sunrise":null,"sunset":null},"tide":[null,null,null,null,null,null,null,null,null,null,null,null,null,null,null,null,null,null,null,null,null,null,null,null]}],"daily":[{"weather":[2.48,21.02],"tide":[null,null,null,null,null,null,null,null,null,null,null,null,null,null,null,null,null,null,null,null,null,null,null,null],"dailyEx":{"avg":null,"wave":null,"sunrise":null,"sunset":null}},{"weather":[1.38,21.81],"tide":[null,null,null,null,null,null,null,null,null,null,null,null,null,null,null,null,null,null,null,null,null,null,null,null],"dailyEx":{"avg":null,"wave":null,"sunrise":null,"sunset":null}},{"weather":[1.83,21.31],"tide":[null,null,null,null,null,null,null,null,null,null,null,null,null,null,null,null,null,null,null,null,null,null,null,null],"dailyEx":{"avg":null,"wave":null,"sunrise":null,"sunset":null}},{"weather":[0,23.05],"tide":[null,null,null,null,null,null,null,null,null,null,null,null,null,null,null,null,null,null,null,null,null,null,null,null],"dailyEx":{"avg":null,"wave":null,"sunrise":null,"sunset":null}},{"weather":[0,22.23],"tide":[null,null,null,null,null,null,null,null,null,null,null,null,null,null,null,null,null,null,null,null,null,null,null,null],"dailyEx":{"avg":null,"wave":null,"sunrise":null,"sunset":null}}]}
大丹波川国際ます釣り場,2026-10-05,{"hourly":[{"weather":[[2.36,15.6,0,0.26,4.22,null,null],[1.51,15.57,0,1.65,4.55,null,null],[1.49,15.57,0,2.03,4.57,null,null],[1.36,15.44,0,2.76,5.02,null,null],[1,17.28,0,2.71,4.21,null,null],[1,19.64,0,8.26,4.53,null,null],[1.87,20.89,0,18.93,5.78,null,null],[1,21.45,0,23.28,4.98,null,null],[1,21.28,0,23.31,4.3,null,null],[0.87,19.61,0,19.28,2.87,null,null],[1,18.97,0,12.54,4.37,null,null],[1.23,18.6,0,7.98,4.42,null,null]],"oneday":{"avg":null,"sunrise":null,"sunset":null},"tide":[null,null,null,null,null,null,null,null,null,null,null,null,null,null,null,null,null,null,null,null,null,null,null,null]},{"weather":[[0.87,18.24,0,6.1,5.01,null,null],[0.36,17.81,0,6.29,5.24,null,null],[0,17.39,0,4.52,4.43,null,null],[0.64,17.64,0,1.28,5.69,null,null],[0.87,20.28,0,3.59,4.45,null,null],[0.13,24.44,0,5.04,6.96,null,null],[0.49,25.78,0,3.15,10.05,null,null],[0.64,25.59,0,1.64,10.79,null,null],[0.64,23.6,0,1.93,10.03,null,null],[1,21.27,0,5.05,8.83,null,null],[0.75,19.77,0,5.29,9.08,null,null],[0.62,18.88,0,3.92,9.05,null,null]],"oneday":{"avg":null,"sunrise":null,"sunset":null},"tide":[null,null,null,null,null,null,null,null,null,null,null,null,null,null,null,null,null,null,null,null,null,null,null,null]},{"weather":[[0.49,18.14,0,2.03,9.24,null,null],[0.49,17.53,0,1.59,9.77,null,null],[0.49,17.13,0,4.34,10.07,null,null],[0.85,16.64,0,9.03,9.06,null,null],[0.49,18.58,0,11.92,9.48,null,null],[0,21.45,0,11.92,10.27,null,null],[0,23.45,0,9.03,9.47,null,null],[0,23.59,0,5.42,8.16,null,null],[0,21.42,0,3.17,5.85,null,null],[0,17.4,0,2.72,4.16,null,null],[0,15.78,0,3.45,5.26,null,null],[0.51,15.1,0,5.38,5.07,null,null]],"oneday":{"avg":null,"sunrise":null,"sunset":null},"tide":[null,null,null,null,null,null,null,null,null,null,null,null,null,null,null,null,null,null,null,null,null,null,null,null]}],"daily":[{"weather":[1.98,21.98],"tide":[null,null,null,null,null,null,null,null,null,null,null,null,null,null,null,null,null,null,null,null,null,null,null,null],"dailyEx":{"avg":null,"wave":null,"sunrise":null,"sunset":null}},{"weather":[0.9,22.58],"tide":[null,null,null,null,null,null,null,null,null,null,null,null,null,null,null,null,null,null,null,null,null,null,null,null],"dailyEx":{"avg":null,"wave":null,"sunrise":null,"sunset":null}},{"weather":[1.35,22.25],"tide":[null,null,null,null,null,null,null,null,null,null,null,null,null,null,null,null,null,null,null,null,null,null,null,null],"dailyEx":{"avg":null,"wave":null,"sunrise":null,"sunset":null}},{"weather":[0,23.82],"tide":[null,null,null,null,null,null,null,null,null,null,null,null,null,null,null,null,null,null,null,null,null,null,null,null],"dailyEx":{"avg":null,"wave":null,"sunrise":null,"sunset":null}},{"weather":[0,23.39],"tide":[null,null,null,null,null,null,null,null,null,null,null,null,null,null,null,null,null,null,null,null,null,null,null,null],"dailyEx":{"avg":null,"wave":null,"sunrise":null,"sunset":null}}]}
奥多摩フィッシングセンター,2026-10-05,{"hourly":[{"weather":[[2.37,15.62,0,0.26,4.26,null,null],[1.5,15.59,0,1.62,4.6,null,null],[1.5,15.58,0,1.99,4.61,null,null],[1.37,15.46,0,2.74,5.06,null,null],[1,17.29,0,2.75,4.26,null,null],[1,19.64,0,8.26,4.6,null,null],[1.87,20.89,0,18.77,5.82,null,null],[1,21.45,0,23.03,5.02,null,null],[1,21.28,0,23.02,4.32,null,null],[0.87,19.62,0,19,2.91,null,null],[1,18.97,0,12.38,4.39,null,null],[1.24,18.61,0,7.9,4.43,null,null]],"oneday":{"avg":null,"sunrise":null,"sunset":null},"tide":[null,null,null,null,null,null,null,null,null,null,null,null,null,null,null,null,null,null,null,null,null,null,null,null]},{"weather":[[0.87,18.25,0,6.03,5.02,null,null],[0.37,17.83,0,6.25,5.24,null,null],[0,17.4,0,4.49,4.42,null,null],[0.63,17.65,0,1.26,5.67,null,null],[0.87,20.28,0,3.61,4.5,null,null],[0.13,24.43,0,5.1,6.99,null,null],[0.5,25.76,0,3.24,10.06,null,null],[0.63,25.6,0,1.66,10.79,null,null],[0.63,23.61,0,1.91,10.05,null,null],[1,21.28,0,4.99,8.87,null,null],[0.77,19.78,0,5.22,9.1,null,null],[0.63,18.89,0,3.85,9.07,null,null]],"oneday":{"avg":null,"sunrise":null,"sunset":null},"tide":[null,null,null,null,null,null,null,null,null,null,null,null,null,null,null,null,null,null,null,null,null,null,null,null]},{"weather":[[0.5,18.16,0,1.99,9.26,null,null],[0.5,17.54,0,1.61,9.8,null,null],[0.5,17.14,0,4.46,10.1,null,null],[0.87,16.66,0,9.29,9.08,null,null],[0.5,18.58,0,12.26,9.47,null,null],[0,21.46,0,12.26,10.25,null,null],[0,23.46,0,9.29,9.46,null,null],[0,23.59,0,5.57,8.11,null,null],[0,21.45,0,3.23,5.82,null,null],[0,17.42,0,2.74,4.13,null,null],[0,15.81,0,3.49,5.27,null,null],[0.5,15.13,0,5.47,5.15,null,null]],"oneday":{"avg":null,"sunrise":null,"sunset":null},"tide":[null,null,null,null,null,null,null,null,null,null,null,null,null,null,null,null,null,null,null,null,null,null,null,null]}],"daily":[{"weather":[2,21.98],"tide":[null,null,null,null,null,null,null,null,null,null,null,null,null,null,null,null,null,null,null,null,null,null,null,null],"dailyEx":{"avg":null,"wave":null,"sunrise":null,"sunset":null}},{"weather":[0.89,22.59],"tide":[null,null,null,null,null,null,null,null,null,null,null,null,null,null,null,null,null,null,null,null,null,null,null,null],"dailyEx":{"avg":null,"wave":null,"sunrise":null,"sunset":null}},{"weather":[1.38,22.26],"tide":[null,null,null,null,null,null,null,null,null,null,null,null,null,null,null,null,null,null,null,null,null,null,null,null],"dailyEx":{"avg":null,"wave":null,"sunrise":null,"sunset":null}},{"weather":[0,23.83],"tide":[null,null,null,null,null,null,null,null,null,null,null,null,null,null,null,null,null,null,null,null,null,null,null,null],"dailyEx":{"avg":null,"wave":null,"sunrise":null,"sunset":null}},{"weather":[0,23.39],"tide":[null,null,null,null,null,null,null,null,null,null,null,null,null,null,null,null,null,null,null,null,null,null,null,null],"dailyEx":{"avg":null,"wave":null,"sunrise":null,"sunset":null}}]}
みたけやまめの牧場,2026-10-05,{"hourly":[{"weather":[[2.43,15.33,0,0.44,4.9,null,null],[1.35,15.31,0,1.27,5.17,null,null],[1.65,15.3,0,1.41,5.02,null,null],[1.43,15.19,0,2.27,5.42,null,null],[1,17.06,0,3.16,4.62,null,null],[1,19.44,0,8.44,5.46,null,null],[1.78,20.62,0,17.47,6.3,null,null],[1,21.21,0,20.95,5.41,null,null],[1,20.95,0,20.35,4.36,null,null],[0.78,19.22,0,16.12,3.27,null,null],[1,18.56,0,10.81,4.56,null,null],[1.21,18.24,0,7.35,4.68,null,null]],"oneday":{"avg":null,"sunrise":null,"sunset":null},"tide":[null,null,null,null,null,null,null,null,null,null,null,null,null,null,null,null,null,null,null,null,null,null,null,null]},{"weather":[[0.78,17.91,0,5.87,5.09,null,null],[0.43,17.48,0,5.84,5.32,null,null],[0,17.04,0,4.05,4.31,null,null],[0.57,17.21,0,1.14,5.33,null,null],[0.78,19.79,0,3.64,5.04,null,null],[0.22,23.64,0,5.35,7.48,null,null],[0.65,24.84,0,3.87,10.05,null,null],[0.57,24.89,0,2.39,10.74,null,null],[0.57,22.92,0,2.24,10.15,null,null],[1,20.54,0,4.11,9.28,null,null],[1.09,19.06,0,4.02,9.39,null,null],[0.87,18.14,0,2.89,9.45,null,null]],"oneday":{"avg":null,"sunrise":null,"sunset":null},"tide":[null,null,null,null,null,null,null,null,null,null,null,null,null,null,null,null,null,null,null,null,null,null,null,null]},{"weather":[[0.65,17.48,0,1.41,9.51,null,null],[0.65,16.88,0,1.64,10.11,null,null],[0.65,16.48,0,5.15,10.44,null,null],[1.08,16.04,0,10.73,9.27,null,null],[0.65,17.85,0,14.16,9.54,null,null],[0,20.71,0,14.16,10.12,null,null],[0,22.71,0,10.73,9.4,null,null],[0,22.95,0,6.44,7.76,null,null],[0,21.11,0,3.57,5.72,null,null],[0,17.04,0,2.86,3.85,null,null],[0,15.44,0,3.72,5.52,null,null],[0.35,14.68,0,6.08,5.71,null,null]],"oneday":{"avg":null,"sunrise":null,"sunset":null},"tide":[null,null,null,null,null,null,null,null,null,null,null,null,null,null,null,null,null,null,null,null,null,null,null,null]}],"daily":[{"weather":[2.3,21.6],"tide":[null,null,null,null,null,null,null,null,null,null,null,null,null,null,null,null,null,null,null,null,null,null,null,null],"dailyEx":{"avg":null,"wave":null,"sunrise":null,"sunset":null}},{"weather":[1.01,22.3],"tide":[null,null,null,null,null,null,null,null,null,null,null,null,null,null,null,null,null,null,null,null,null,null,null,null],"dailyEx":{"avg":null,"wave":null,"sunrise":null,"sunset":null}},{"weather":[1.73,21.94],"tide":[null,null,null,null,null,null,null,null,null,null,null,null,null,null,null,null,null,null,null,null,null,null,null,null],"dailyEx":{"avg":null,"wave":null,"sunrise":null,"sunset":null}},{"weather":[0,23.55],"tide":[null,null,null,null,null,null,null,null,null,null,null,null,null,null,null,null,null,null,null,null,null,null,null,null],"dailyEx":{"avg":null,"wave":null,"sunrise":null,"sunset":null}},{"weather":[0,22.95],"tide":[null,null,null,null,null,null,null,null,null,null,null,null,null,null,null,null,null,null,null,null,null,null,null,null],"dailyEx":{"avg":null,"wave":null,"sunrise":null,"sunset":null}}]}
高水山源流の釣り堀,2026-10-05,{"hourly":[{"weather":[[2.37,15.76,0,0.2,4.13,null,null],[1.53,15.73,0,1.69,4.5,null,null],[1.47,15.71,0,2.12,4.55,null,null],[1.37,15.58,0,2.86,5,null,null],[1,17.39,0,2.69,4.23,null,null],[1,19.72,0,8.2,4.43,null,null],[1.9,20.99,0,18.94,5.72,null,null],[1,21.55,0,23.31,4.93,null,null],[1,21.39,0,23.43,4.33,null,null],[0.9,19.77,0,19.5,2.85,null,null],[1,19.14,0,12.65,4.35,null,null],[1.27,18.77,0,7.93,4.37,null,null]],"oneday":{"avg":null,"sunrise":null,"sunset":null},"tide":[null,null,null,null,null,null,null,null,null,null,null,null,null,null,null,null,null,null,null,null,null,null,null,null]},{"weather":[[0.9,18.41,0,5.98,5.02,null,null],[0.37,17.99,0,6.31,5.22,null,null],[0,17.56,0,4.59,4.46,null,null],[0.63,17.82,0,1.26,5.78,null,null],[0.9,20.45,0,3.64,4.4,null,null],[0.1,24.7,0,5.12,6.87,null,null],[0.47,26.08,0,3.17,10.07,null,null],[0.63,25.89,0,1.43,10.83,null,null],[0.63,23.9,0,1.76,10.04,null,null],[1,21.57,0,5.18,8.81,null,null],[0.67,20.06,0,5.51,9.02,null,null],[0.57,19.18,0,4.08,8.96,null,null]],"oneday":{"avg":null,"sunrise":null,"sunset":null},"tide":[null,null,null,null,null,null,null,null,null,null,null,null,null,null,null,null,null,null,null,null,null,null,null,null]},{"weather":[[0.47,18.43,0,2.12,9.22,null,null],[0.47,17.81,0,1.64,9.74,null,null],[0.47,17.41,0,4.45,10.03,null,null],[0.84,16.92,0,9.27,9.04,null,null],[0.47,18.86,0,12.23,9.43,null,null],[0,21.74,0,12.23,10.25,null,null],[0,23.74,0,9.27,9.45,null,null],[0,23.83,0,5.56,8.13,null,null],[0,21.62,0,3.22,5.78,null,null],[0,17.62,0,2.74,4.17,null,null],[0,16.01,0,3.49,5.22,null,null],[0.53,15.36,0,5.44,5.09,null,null]],"oneday":{"avg":null,"sunrise":null,"sunset":null},"tide":[null,null,null,null,null,null,null,null,null,null,null,null,null,null,null,null,null,null,null,null,null,null,null,null]}],"daily":[{"weather":[1.94,22.11],"tide":[null,null,null,null,null,null,null,null,null,null,null,null,null,null,null,null,null,null,null,null,null,null,null,null],"dailyEx":{"avg":null,"wave":null,"sunrise":null,"sunset":null}},{"weather":[0.83,22.7],"tide":[null,null,null,null,null,null,null,null,null,null,null,null,null,null,null,null,null,null,null,null,null,null,null,null],"dailyEx":{"avg":null,"wave":null,"sunrise":null,"sunset":null}},{"weather":[1.31,22.4],"tide":[null,null,null,null,null,null,null,null,null,null,null,null,null,null,null,null,null,null,null,null,null,null,null,null],"dailyEx":{"avg":null,"wave":null,"sunrise":null,"sunset":null}},{"weather":[0,23.94],"tide":[null,null,null,null,null,null,null,null,null,null,null,null,null,null,null,null,null,null,null,null,null,null,null,null],"dailyEx":{"avg":null,"wave":null,"sunrise":null,"sunset":null}},{"weather":[0,23.56],"tide":[null,null,null,null,null,null,null,null,null,null,null,null,null,null,null,null,null,null,null,null,null,null,null,null],"dailyEx":{"avg":null,"wave":null,"sunrise":null,"sunset":null}}]}
さかな園,2026-10-05,{"hourly":[{"weather":[[2.56,15.92,0,0.6,4.22,null,null],[1.54,15.89,0,1.51,4.51,null,null],[1.46,15.84,0,1.55,4.5,null,null],[1.56,15.77,0,2.48,4.84,null,null],[1.2,17.5,0,5.05,4.06,null,null],[1.2,19.78,0,10.79,4.26,null,null],[1.9,20.97,0,18.85,5.53,null,null],[1,21.6,0,22.68,4.97,null,null],[1,21.35,0,21.23,4.34,null,null],[0.9,19.78,0,15.1,2.8,null,null],[1.2,19.19,0,10.56,4.09,null,null],[1.26,18.88,0,7.19,4.18,null,null]],"oneday":{"avg":null,"sunrise":null,"sunset":null},"tide":[null,null,null,null,null,null,null,null,null,null,null,null,null,null,null,null,null,null,null,null,null,null,null,null]},{"weather":[[0.9,18.49,0,5.22,4.79,null,null],[0.36,18.07,0,5.15,5,null,null],[0,17.56,0,3.81,4.32,null,null],[0.44,17.77,0,1.27,5.24,null,null],[0.9,20.57,0,3.23,4.17,null,null],[0.1,24.74,0,4.48,6.13,null,null],[0.46,26.3,0,3.11,9.53,null,null],[0.44,26.29,0,1.42,10.16,null,null],[0.64,24.3,0,1.57,9.25,null,null],[1,21.83,0,4.82,8.12,null,null],[0.86,20.28,0,5.95,7.78,null,null],[0.76,19.25,0,6.12,7.69,null,null]],"oneday":{"avg":null,"sunrise":null,"sunset":null},"tide":[null,null,null,null,null,null,null,null,null,null,null,null,null,null,null,null,null,null,null,null,null,null,null,null]},{"weather":[[0.46,18.51,0,6.14,7.85,null,null],[0.66,17.77,0,9.61,8.95,null,null],[0.66,17.27,0,13.94,9.1,null,null],[1.03,16.82,0,18.06,8.17,null,null],[0.46,18.95,0,22.17,8.32,null,null],[0,21.95,0,21.77,8.39,null,null],[0,23.91,0,17.26,8.4,null,null],[0,23.92,0,16.82,7.78,null,null],[0.2,21.81,0,16.55,5.93,null,null],[0,17.99,0,15.3,3.23,null,null],[0,16.35,0,10.44,4.41,null,null],[0.54,15.43,0,8.36,5.36,null,null]],"oneday":{"avg":null,"sunrise":null,"sunset":null},"tide":[null,null,null,null,null,null,null,null,null,null,null,null,null,null,null,null,null,null,null,null,null,null,null,null]}],"daily":[{"weather":[2.32,21.95],"tide":[null,null,null,null,null,null,null,null,null,null,null,null,null,null,null,null,null,null,null,null,null,null,null,null],"dailyEx":{"avg":null,"wave":null,"sunrise":null,"sunset":null}},{"weather":[1.04,22.49],"tide":[null,null,null,null,null,null,null,null,null,null,null,null,null,null,null,null,null,null,null,null,null,null,null,null],"dailyEx":{"avg":null,"wave":null,"sunrise":null,"sunset":null}},{"weather":[1.89,22.37],"tide":[null,null,null,null,null,null,null,null,null,null,null,null,null,null,null,null,null,null,null,null,null,null,null,null],"dailyEx":{"avg":null,"wave":null,"sunrise":null,"sunset":null}},{"weather":[0,23.71],"tide":[null,null,null,null,null,null,null,null,null,null,null,null,null,null,null,null,null,null,null,null,null,null,null,null],"dailyEx":{"avg":null,"wave":null,"sunrise":null,"sunset":null}},{"weather":[0,23.49],"tide":[null,null,null,null,null,null,null,null,null,null,null,null,null,null,null,null,null,null,null,null,null,null,null,null],"dailyEx":{"avg":null,"wave":null,"sunrise":null,"sunset":null}}]}
養沢毛鉤専用釣場,2026-10-05,{"hourly":[{"weather":[[2.69,16.01,0,0.78,4.61,null,null],[1.46,15.98,0,1.22,4.88,null,null],[1.54,15.89,0,1.02,4.77,null,null],[1.69,15.86,0,2.14,5.05,null,null],[1.27,17.53,0,6.18,4.32,null,null],[1.27,19.78,0,11.76,4.72,null,null],[1.88,20.9,0,17.8,5.74,null,null],[1,21.59,0,20.82,5.21,null,null],[1,21.26,0,18.49,4.43,null,null],[0.88,19.74,0,11.58,3.03,null,null],[1.27,19.17,0,8.73,4.1,null,null],[1.3,18.9,0,6.42,4.25,null,null]],"oneday":{"avg":null,"sunrise":null,"sunset":null},"tide":[null,null,null,null,null,null,null,null,null,null,null,null,null,null,null,null,null,null,null,null,null,null,null,null]},{"weather":[[0.88,18.53,0,4.62,4.76,null,null],[0.42,18.12,0,4.44,4.94,null,null],[0,17.56,0,3.29,4.22,null,null],[0.31,17.7,0,1.16,4.93,null,null],[0.88,20.51,0,3.18,4.44,null,null],[0.12,24.55,0,4.6,6.12,null,null],[0.54,26.14,0,3.62,9.36,null,null],[0.31,26.35,0,1.68,9.94,null,null],[0.58,24.39,0,1.48,9.06,null,null],[1,21.82,0,4.21,8.17,null,null],[1.05,20.27,0,5.51,7.47,null,null],[0.93,19.17,0,6.34,7.39,null,null]],"oneday":{"avg":null,"sunrise":null,"sunset":null},"tide":[null,null,null,null,null,null,null,null,null,null,null,null,null,null,null,null,null,null,null,null,null,null,null,null]},{"weather":[[0.54,18.48,0,7.25,7.51,null,null],[0.81,17.69,0,12.56,8.86,null,null],[0.81,17.16,0,18.07,8.97,null,null],[1.23,16.73,0,22.75,7.99,null,null],[0.54,18.85,0,27.75,7.9,null,null],[0,21.91,0,27.21,7.6,null,null],[0,23.85,0,21.67,7.94,null,null],[0,23.84,0,21.77,7.33,null,null],[0.27,21.94,0,21.68,5.8,null,null],[0,18.18,0,19.9,2.69,null,null],[0,16.55,0,13.17,4.27,null,null],[0.46,15.53,0,9.98,5.94,null,null]],"oneday":{"avg":null,"sunrise":null,"sunset":null},"tide":[null,null,null,null,null,null,null,null,null,null,null,null,null,null,null,null,null,null,null,null,null,null,null,null]}],"daily":[{"weather":[2.63,21.81],"tide":[null,null,null,null,null,null,null,null,null,null,null,null,null,null,null,null,null,null,null,null,null,null,null,null],"dailyEx":{"avg":null,"wave":null,"sunrise":null,"sunset":null}},{"weather":[1.09,22.38],"tide":[null,null,null,null,null,null,null,null,null,null,null,null,null,null,null,null,null,null,null,null,null,null,null,null],"dailyEx":{"avg":null,"wave":null,"sunrise":null,"sunset":null}},{"weather":[2.32,22.35],"tide":[null,null,null,null,null,null,null,null,null,null,null,null,null,null,null,null,null,null,null,null,null,null,null,null],"dailyEx":{"avg":null,"wave":null,"sunrise":null,"sunset":null}},{"weather":[0,23.6],"tide":[null,null,null,null,null,null,null,null,null,null,null,null,null,null,null,null,null,null,null,null,null,null,null,null],"dailyEx":{"avg":null,"wave":null,"sunrise":null,"sunset":null}},{"weather":[0,23.4],"tide":[null,null,null,null,null,null,null,null,null,null,null,null,null,null,null,null,null,null,null,null,null,null,null,null],"dailyEx":{"avg":null,"wave":null,"sunrise":null,"sunset":null}}]}
多摩川養殖つり堀場,2026-10-05,{"hourly":[{"weather":[[2.56,16.55,0,0.3,4.23,null,null],[1.56,16.48,0,1.39,4.7,null,null],[1.44,16.36,0,1.61,4.79,null,null],[1.59,16.3,0,2.57,5.1,null,null],[1.19,17.86,0,4.61,4.58,null,null],[1.15,20.08,0,10.03,4.41,null,null],[1.96,21.34,0,18.08,5.4,null,null],[1.04,21.99,0,22.3,4.83,null,null],[1.04,21.8,0,21.42,4.38,null,null],[1.04,20.42,0,15.75,2.83,null,null],[1.15,19.86,0,10.71,4.09,null,null],[1.44,19.52,0,6.96,4.16,null,null]],"oneday":{"avg":null,"sunrise":null,"sunset":null},"tide":[null,null,null,null,null,null,null,null,null,null,null,null,null,null,null,null,null,null,null,null,null,null,null,null]},{"weather":[[1,19.14,0,5.13,4.93,null,null],[0.44,18.78,0,5.31,5.09,null,null],[0.04,18.22,0,3.98,4.54,null,null],[0.4,18.39,0,1.28,5.62,null,null],[1,21.09,0,3.54,4.45,null,null],[0.04,25.5,0,5.08,6.26,null,null],[0.53,27.12,0,3.63,10,null,null],[0.44,27.15,0,1.09,10.73,null,null],[0.64,25.29,0,1.2,9.72,null,null],[1,22.79,0,5.12,8.73,null,null],[0.6,21.23,0,5.99,8.3,null,null],[0.6,20.26,0,5.58,8.08,null,null]],"oneday":{"avg":null,"sunrise":null,"sunset":null},"tide":[null,null,null,null,null,null,null,null,null,null,null,null,null,null,null,null,null,null,null,null,null,null,null,null]},{"weather":[[0.4,19.5,0,5.1,8.5,null,null],[0.56,18.75,0,7.81,9.41,null,null],[0.56,18.26,0,12.15,9.53,null,null],[0.96,17.77,0,16.93,8.49,null,null],[0.4,19.87,0,21.07,8.69,null,null],[0,22.88,0,20.77,9.08,null,null],[0,24.84,0,16.32,8.92,null,null],[0,24.72,0,14.72,8.05,null,null],[0.15,22.54,0,13.57,6.18,null,null],[0.08,18.81,0,12.39,3.58,null,null],[0,17.26,0,9.31,4.64,null,null],[0.6,16.43,0,8.48,5.75,null,null]],"oneday":{"avg":null,"sunrise":null,"sunset":null},"tide":[null,null,null,null,null,null,null,null,null,null,null,null,null,null,null,null,null,null,null,null,null,null,null,null]}],"daily":[{"weather":[2.23,22.46],"tide":[null,null,null,null,null,null,null,null,null,null,null,null,null,null,null,null,null,null,null,null,null,null,null,null],"dailyEx":{"avg":null,"wave":null,"sunrise":null,"sunset":null}},{"weather":[0.79,22.93],"tide":[null,null,null,null,null,null,null,null,null,null,null,null,null,null,null,null,null,null,null,null,null,null,null,null],"dailyEx":{"avg":null,"wave":null,"sunrise":null,"sunset":null}},{"weather":[1.79,22.96],"tide":[null,null,null,null,null,null,null,null,null,null,null,null,null,null,null,null,null,null,null,null,null,null,null,null],"dailyEx":{"avg":null,"wave":null,"sunrise":null,"sunset":null}},{"weather":[0,24.12],"tide":[null,null,null,null,null,null,null,null,null,null,null,null,null,null,null,null,null,null,null,null,null,null,null,null],"dailyEx":{"avg":null,"wave":null,"sunrise":null,"sunset":null}},{"weather":[0.04,24.09],"tide":[null,null,null,null,null,null,null,null,null,null,null,null,null,null,null,null,null,null,null,null,null,null,null,null],"dailyEx":{"avg":null,"wave":null,"sunrise":null,"sunset":null}}]}
郷土の森公園 釣り堀,2026-10-05,{"hourly":[{"weather":[[2.73,17.31,0,0,6.22,null,null],[1.07,17.13,0,0.21,6.84,null,null],[1.73,16.86,0,0.28,6.66,null,null],[1.73,16.84,0,1.73,6.84,null,null],[1.2,18.1,0,4.92,7.07,null,null],[1,20.18,0,9.22,7.51,null,null],[2,21.42,0,13.08,7.13,null,null],[1.2,22.3,0,13.94,6.15,null,null],[1.2,21.95,0,12.02,5.12,null,null],[1.2,20.84,0,7.53,4.24,null,null],[1,20.33,0,6.07,4.69,null,null],[1.93,20.09,0,4.58,4.97,null,null]],"oneday":{"avg":null,"sunrise":null,"sunset":null},"tide":[null,null,null,null,null,null,null,null,null,null,null,null,null,null,null,null,null,null,null,null,null,null,null,null]},{"weather":[[1,19.87,0,3.64,5.42,null,null],[0.93,19.63,0,4.48,5.29,null,null],[0.2,18.92,0,3.41,4.19,null,null],[0.07,18.77,0,0.95,5.6,null,null],[1,20.98,0,4.66,6.49,null,null],[0.2,25.05,0,7.77,7.99,null,null],[1.34,26.48,0,7.44,9.78,null,null],[0.27,27.47,0,2.87,10.58,null,null],[0.48,26.05,0,1.36,9.73,null,null],[1.2,23.25,0,3.23,10.14,null,null],[0.93,21.68,0,2.49,9.04,null,null],[0.93,20.68,0,1.22,8.91,null,null]],"oneday":{"avg":null,"sunrise":null,"sunset":null},"tide":[null,null,null,null,null,null,null,null,null,null,null,null,null,null,null,null,null,null,null,null,null,null,null,null]},{"weather":[[0.73,20.11,0,0.28,9.91,null,null],[0.73,19.39,0,2.25,10.85,null,null],[0.73,18.97,0,8.72,11.26,null,null],[1.45,18.52,0,18.16,9.51,null,null],[0.73,20.12,0,23.97,9.41,null,null],[0,23.09,0,23.97,9.79,null,null],[0,25.09,0,18.16,9.2,null,null],[0,24.95,0,10.9,5.92,null,null],[0,23.39,0,5.16,5.19,null,null],[0.41,19.64,0,3.05,2.93,null,null],[0,18.5,0,5.92,5.69,null,null],[0.07,17.77,0,10.57,8.4,null,null]],"oneday":{"avg":null,"sunrise":null,"sunset":null},"tide":[null,null,null,null,null,null,null,null,null,null,null,null,null,null,null,null,null,null,null,null,null,null,null,null]}],"daily":[{"weather":[2.86,22.64],"tide":[null,null,null,null,null,null,null,null,null,null,null,null,null,null,null,null,null,null,null,null,null,null,null,null],"dailyEx":{"avg":null,"wave":null,"sunrise":null,"sunset":null}},{"weather":[0.07,23.21],"tide":[null,null,null,null,null,null,null,null,null,null,null,null,null,null,null,null,null,null,null,null,null,null,null,null],"dailyEx":{"avg":null,"wave":null,"sunrise":null,"sunset":null}},{"weather":[2.79,23.47],"tide":[null,null,null,null,null,null,null,null,null,null,null,null,null,null,null,null,null,null,null,null,null,null,null,null],"dailyEx":{"avg":null,"wave":null,"sunrise":null,"sunset":null}},{"weather":[0,24.38],"tide":[null,null,null,null,null,null,null,null,null,null,null,null,null,null,null,null,null,null,null,null,null,null,null,null],"dailyEx":{"avg":null,"wave":null,"sunrise":null,"sunset":null}},{"weather":[0.2,24.24],"tide":[null,null,null,null,null,null,null,null,null,null,null,null,null,null,null,null,null,null,null,null,null,null,null,null],"dailyEx":{"avg":null,"wave":null,"sunrise":null,"sunset":null}}]}
府中へら鮒センター,2026-10-05,{"hourly":[{"weather":[[2.73,17.3,0,0,6.19,null,null],[1.08,17.12,0,0.23,6.81,null,null],[1.73,16.85,0,0.31,6.63,null,null],[1.73,16.83,0,1.76,6.82,null,null],[1.2,18.1,0,4.89,7.03,null,null],[1,20.18,0,9.18,7.47,null,null],[2,21.42,0,13.13,7.11,null,null],[1.2,22.29,0,14.01,6.14,null,null],[1.2,21.94,0,12.12,5.12,null,null],[1.2,20.83,0,7.67,4.22,null,null],[1,20.32,0,6.14,4.69,null,null],[1.92,20.08,0,4.6,4.96,null,null]],"oneday":{"avg":null,"sunrise":null,"sunset":null},"tide":[null,null,null,null,null,null,null,null,null,null,null,null,null,null,null,null,null,null,null,null,null,null,null,null]},{"weather":[[1,19.86,0,3.64,5.42,null,null],[0.92,19.61,0,4.5,5.29,null,null],[0.2,18.9,0,3.43,4.19,null,null],[0.08,18.77,0,0.94,5.6,null,null],[1,20.98,0,4.65,6.47,null,null],[0.2,25.06,0,7.75,7.97,null,null],[1.32,26.49,0,7.38,9.8,null,null],[0.27,27.46,0,2.83,10.6,null,null],[0.47,26.03,0,1.33,9.75,null,null],[1.2,23.24,0,3.25,10.13,null,null],[0.92,21.67,0,2.54,9.05,null,null],[0.92,20.67,0,1.27,8.92,null,null]],"oneday":{"avg":null,"sunrise":null,"sunset":null},"tide":[null,null,null,null,null,null,null,null,null,null,null,null,null,null,null,null,null,null,null,null,null,null,null,null]},{"weather":[[0.73,20.1,0,0.31,9.9,null,null],[0.73,19.39,0,2.26,10.84,null,null],[0.73,18.97,0,8.71,11.24,null,null],[1.45,18.51,0,18.14,9.51,null,null],[0.73,20.11,0,23.95,9.39,null,null],[0,23.09,0,23.95,9.79,null,null],[0,25.09,0,18.14,9.19,null,null],[0,24.94,0,10.89,5.93,null,null],[0,23.38,0,5.16,5.17,null,null],[0.39,19.62,0,3.06,2.94,null,null],[0,18.48,0,5.89,5.69,null,null],[0.08,17.75,0,10.5,8.37,null,null]],"oneday":{"avg":null,"sunrise":null,"sunset":null},"tide":[null,null,null,null,null,null,null,null,null,null,null,null,null,null,null,null,null,null,null,null,null,null,null,null]}],"daily":[{"weather":[2.85,22.64],"tide":[null,null,null,null,null,null,null,null,null,null,null,null,null,null,null,null,null,null,null,null,null,null,null,null],"dailyEx":{"avg":null,"wave":null,"sunrise":null,"sunset":null}},{"weather":[0.08,23.21],"tide":[null,null,null,null,null,null,null,null,null,null,null,null,null,null,null,null,null,null,null,null,null,null,null,null],"dailyEx":{"avg":null,"wave":null,"sunrise":null,"sunset":null}},{"weather":[2.77,23.46],"tide":[null,null,null,null,null,null,null,null,null,null,null,null,null,null,null,null,null,null,null,null,null,null,null,null],"dailyEx":{"avg":null,"wave":null,"sunrise":null,"sunset":null}},{"weather":[0,24.38],"tide":[null,null,null,null,null,null,null,null,null,null,null,null,null,null,null,null,null,null,null,null,null,null,null,null],"dailyEx":{"avg":null,"wave":null,"sunrise":null,"sunset":null}},{"weather":[0.2,24.24],"tide":[null,null,null,null,null,null,null,null,null,null,null,null,null,null,null,null,null,null,null,null,null,null,null,null],"dailyEx":{"avg":null,"wave":null,"sunrise":null,"sunset":null}}]}
常盤つり堀センター,2026-10-05,{"hourly":[{"weather":[[2.75,16.44,0,0,5.86,null,null],[1.16,16.36,0,0.2,6.52,null,null],[1.72,16.13,0.06,0.26,6.26,null,null],[1.97,16.18,0.18,2.08,6.54,null,null],[1.06,17.47,0.37,5.67,6.74,null,null],[1.12,19.47,0.55,9.5,7.29,null,null],[1.91,20.56,0.61,12.33,7.02,null,null],[1.06,21.36,0.49,12.42,6.1,null,null],[1,20.95,0.3,10.48,5.15,null,null],[1.06,19.87,0.24,6.55,4.34,null,null],[1,19.46,0.24,5.86,4.86,null,null],[1.78,19.25,0.12,4.36,4.82,null,null]],"oneday":{"avg":null,"sunrise":null,"sunset":null},"tide":[null,null,null,null,null,null,null,null,null,null,null,null,null,null,null,null,null,null,null,null,null,null,null,null]},{"weather":[[1,19.02,0.18,2.8,5.02,null,null],[0.84,18.8,0.24,3.99,4.96,null,null],[0.12,18.25,0.06,3.26,4.09,null,null],[0.07,18.12,0.12,0.91,5.29,null,null],[0.85,20.61,0.49,4.6,6.52,null,null],[0.12,24.45,0.55,7.64,7.82,null,null],[0.9,25.86,0.37,6.98,9.62,null,null],[0.12,26.65,0,2.03,10.31,null,null],[0.18,25.03,0.06,0.48,9.79,null,null],[1,22.29,0.12,2.51,9.89,null,null],[0.93,20.85,0.12,2.8,8.69,null,null],[0.93,19.92,0,1.74,8.42,null,null]],"oneday":{"avg":null,"sunrise":null,"sunset":null},"tide":[null,null,null,null,null,null,null,null,null,null,null,null,null,null,null,null,null,null,null,null,null,null,null,null]},{"weather":[[0.79,19.36,0.06,0.63,9.27,null,null],[0.94,18.73,0.37,4.34,10,null,null],[0.94,18.29,1.16,12.43,10.43,null,null],[1.66,17.88,1.83,23.12,9.05,null,null],[1,19.35,2.14,29.46,8.44,null,null],[0.06,22.35,1.77,29.83,8.53,null,null],[0,24.26,1.22,24.21,7.85,null,null],[0,23.79,0.62,16.79,5.22,null,null],[4.78,22.27,0.31,9.97,3.93,null,null],[0.39,18.82,0.24,6.04,2.66,null,null],[0.15,17.68,0.49,6.43,5.36,null,null],[0.19,17.1,0.98,9.7,7.93,null,null]],"oneday":{"avg":null,"sunrise":null,"sunset":null},"tide":[null,null,null,null,null,null,null,null,null,null,null,null,null,null,null,null,null,null,null,null,null,null,null,null]}],"daily":[{"weather":[2.87,21.87],"tide":[null,null,null,null,null,null,null,null,null,null,null,null,null,null,null,null,null,null,null,null,null,null,null,null],"dailyEx":{"avg":null,"wave":null,"sunrise":null,"sunset":null}},{"weather":[0.4,22.39],"tide":[null,null,null,null,null,null,null,null,null,null,null,null,null,null,null,null,null,null,null,null,null,null,null,null],"dailyEx":{"avg":null,"wave":null,"sunrise":null,"sunset":null}},{"weather":[2.44,22.56],"tide":[null,null,null,null,null,null,null,null,null,null,null,null,null,null,null,null,null,null,null,null,null,null,null,null],"dailyEx":{"avg":null,"wave":null,"sunrise":null,"sunset":null}},{"weather":[0.06,23.59],"tide":[null,null,null,null,null,null,null,null,null,null,null,null,null,null,null,null,null,null,null,null,null,null,null,null],"dailyEx":{"avg":null,"wave":null,"sunrise":null,"sunset":null}},{"weather":[0.06,23.48],"tide":[null,null,null,null,null,null,null,null,null,null,null,null,null,null,null,null,null,null,null,null,null,null,null,null],"dailyEx":{"avg":null,"wave":null,"sunrise":null,"sunset":null}}]}
森屋荘,2026-10-05,{"hourly":[{"weather":[[2.74,16.65,0,0.53,4.37,null,null],[1.52,16.6,0,1.29,4.8,null,null],[1.48,16.46,0,1.29,4.79,null,null],[1.74,16.43,0,2.51,5.09,null,null],[1.26,17.94,0,6.09,4.51,null,null],[1.26,20.12,0,11.43,4.46,null,null],[2,21.27,0,17.53,5.57,null,null],[1,21.97,0,20.42,5.07,null,null],[1,21.7,0,18.39,4.6,null,null],[1,20.36,0,11.97,3.01,null,null],[1.26,19.86,0,8.9,4.08,null,null],[1.48,19.58,0,6.1,4.13,null,null]],"oneday":{"avg":null,"sunrise":null,"sunset":null},"tide":[null,null,null,null,null,null,null,null,null,null,null,null,null,null,null,null,null,null,null,null,null,null,null,null]},{"weather":[[1,19.2,0,4.07,4.79,null,null],[0.48,18.85,0,4.5,4.86,null,null],[0,18.24,0,3.5,4.32,null,null],[0.26,18.38,0,1.04,5.26,null,null],[1,21.16,0,3.43,4.39,null,null],[0,25.52,0,5.09,5.89,null,null],[0.48,27.26,0,3.84,9.48,null,null],[0.26,27.48,0,0.96,10.12,null,null],[0.52,25.57,0,0.78,9.14,null,null],[1,22.95,0,4.59,8.2,null,null],[0.74,21.39,0,6.16,7.34,null,null],[0.74,20.33,0,6.76,7.11,null,null]],"oneday":{"avg":null,"sunrise":null,"sunset":null},"tide":[null,null,null,null,null,null,null,null,null,null,null,null,null,null,null,null,null,null,null,null,null,null,null,null]},{"weather":[[0.48,19.6,0,7.35,7.52,null,null],[0.74,18.79,0,12.5,8.82,null,null],[0.74,18.26,0,18.42,8.93,null,null],[1.22,17.81,0,23.86,7.98,null,null],[0.48,19.92,0,29.29,7.74,null,null],[0,23.02,0,28.76,7.56,null,null],[0,24.97,0,22.81,7.83,null,null],[0,24.77,0,22.23,7.1,null,null],[0.26,22.74,0,21.54,5.47,null,null],[0,19.07,0,19.57,2.69,null,null],[0,17.51,0,13.15,4.21,null,null],[0.52,16.61,0,10.28,6.17,null,null]],"oneday":{"avg":null,"sunrise":null,"sunset":null},"tide":[null,null,null,null,null,null,null,null,null,null,null,null,null,null,null,null,null,null,null,null,null,null,null,null]}],"daily":[{"weather":[2.49,22.34],"tide":[null,null,null,null,null,null,null,null,null,null,null,null,null,null,null,null,null,null,null,null,null,null,null,null],"dailyEx":{"avg":null,"wave":null,"sunrise":null,"sunset":null}},{"weather":[0.78,22.83],"tide":[null,null,null,null,null,null,null,null,null,null,null,null,null,null,null,null,null,null,null,null,null,null,null,null],"dailyEx":{"avg":null,"wave":null,"sunrise":null,"sunset":null}},{"weather":[2.23,22.95],"tide":[null,null,null,null,null,null,null,null,null,null,null,null,null,null,null,null,null,null,null,null,null,null,null,null],"dailyEx":{"avg":null,"wave":null,"sunrise":null,"sunset":null}},{"weather":[0,24.05],"tide":[null,null,null,null,null,null,null,null,null,null,null,null,null,null,null,null,null,null,null,null,null,null,null,null],"dailyEx":{"avg":null,"wave":null,"sunrise":null,"sunset":null}},{"weather":[0,24.06],"tide":[null,null,null,null,null,null,null,null,null,null,null,null,null,null,null,null,null,null,null,null,null,null,null,null],"dailyEx":{"avg":null,"wave":null,"sunrise":null,"sunset":null}}]}
恩方国際釣堀場,2026-10-05,{"hourly":[{"weather":[[2.75,16.65,0,0.53,4.37,null,null],[1.52,16.6,0,1.29,4.8,null,null],[1.48,16.46,0,1.28,4.79,null,null],[1.75,16.43,0,2.51,5.08,null,null],[1.27,17.94,0,6.11,4.51,null,null],[1.27,20.12,0,11.45,4.46,null,null],[2,21.27,0,17.54,5.57,null,null],[1,21.97,0,20.43,5.07,null,null],[1,21.7,0,18.39,4.6,null,null],[1,20.36,0,11.95,3,null,null],[1.27,19.86,0,8.89,4.07,null,null],[1.48,19.58,0,6.1,4.13,null,null]],"oneday":{"avg":null,"sunrise":null,"sunset":null},"tide":[null,null,null,null,null,null,null,null,null,null,null,null,null,null,null,null,null,null,null,null,null,null,null,null]},{"weather":[[1,19.2,0,4.06,4.79,null,null],[0.48,18.85,0,4.49,4.86,null,null],[0,18.24,0,3.5,4.32,null,null],[0.25,18.38,0,1.04,5.26,null,null],[1,21.16,0,3.43,4.38,null,null],[0,25.52,0,5.08,5.88,null,null],[0.48,27.26,0,3.84,9.47,null,null],[0.25,27.48,0,0.96,10.11,null,null],[0.52,25.57,0,0.78,9.14,null,null],[1,22.95,0,4.59,8.19,null,null],[0.75,21.39,0,6.17,7.32,null,null],[0.75,20.33,0,6.78,7.1,null,null]],"oneday":{"avg":null,"sunrise":null,"sunset":null},"tide":[null,null,null,null,null,null,null,null,null,null,null,null,null,null,null,null,null,null,null,null,null,null,null,null]},{"weather":[[0.48,19.6,0,7.39,7.5,null,null],[0.75,18.79,0,12.58,8.81,null,null],[0.75,18.26,0,18.5,8.92,null,null],[1.22,17.81,0,23.93,7.97,null,null],[0.48,19.92,0,29.36,7.73,null,null],[0,23.03,0,28.83,7.55,null,null],[0,24.97,0,22.87,7.82,null,null],[0,24.77,0,22.32,7.1,null,null],[0.27,22.74,0,21.66,5.47,null,null],[0,19.07,0,19.68,2.69,null,null],[0,17.51,0,13.21,4.2,null,null],[0.52,16.61,0,10.3,6.17,null,null]],"oneday":{"avg":null,"sunrise":null,"sunset":null},"tide":[null,null,null,null,null,null,null,null,null,null,null,null,null,null,null,null,null,null,null,null,null,null,null,null]}],"daily":[{"weather":[2.49,22.34],"tide":[null,null,null,null,null,null,null,null,null,null,null,null,null,null,null,null,null,null,null,null,null,null,null,null],"dailyEx":{"avg":null,"wave":null,"sunrise":null,"sunset":null}},{"weather":[0.79,22.82],"tide":[null,null,null,null,null,null,null,null,null,null,null,null,null,null,null,null,null,null,null,null,null,null,null,null],"dailyEx":{"avg":null,"wave":null,"sunrise":null,"sunset":null}},{"weather":[2.24,22.95],"tide":[null,null,null,null,null,null,null,null,null,null,null,null,null,null,null,null,null,null,null,null,null,null,null,null],"dailyEx":{"avg":null,"wave":null,"sunrise":null,"sunset":null}},{"weather":[0,24.05],"tide":[null,null,null,null,null,null,null,null,null,null,null,null,null,null,null,null,null,null,null,null,null,null,null,null],"dailyEx":{"avg":null,"wave":null,"sunrise":null,"sunset":null}},{"weather":[0,24.06],"tide":[null,null,null,null,null,null,null,null,null,null,null,null,null,null,null,null,null,null,null,null,null,null,null,null],"dailyEx":{"avg":null,"wave":null,"sunrise":null,"sunset":null}}]}
くじら池,2026-10-05,{"hourly":[{"weather":[[2.65,16.69,0,0.26,4.63,null,null],[1.44,16.61,0,1.2,5.13,null,null],[1.52,16.46,0,1.38,5.11,null,null],[1.65,16.41,0,2.55,5.44,null,null],[1.17,17.91,0,4.82,5.01,null,null],[1.13,20.1,0,9.91,5.03,null,null],[2,21.31,0,16.9,5.9,null,null],[1.04,22,0,19.72,5.22,null,null],[1.04,21.76,0,18.42,4.68,null,null],[1.04,20.44,0,13.28,3.22,null,null],[1.13,19.91,0,9.41,4.29,null,null],[1.56,19.62,0,6.21,4.35,null,null]],"oneday":{"avg":null,"sunrise":null,"sunset":null},"tide":[null,null,null,null,null,null,null,null,null,null,null,null,null,null,null,null,null,null,null,null,null,null,null,null]},{"weather":[[1,19.27,0,4.37,5,null,null],[0.56,18.94,0,5.03,5.04,null,null],[0.04,18.35,0,3.85,4.36,null,null],[0.31,18.47,0,1.03,5.56,null,null],[1,21.07,0,3.82,4.83,null,null],[0.04,25.42,0,5.8,6.57,null,null],[0.63,27.02,0,4.45,9.76,null,null],[0.35,27.29,0,1.3,10.48,null,null],[0.52,25.47,0,0.98,9.58,null,null],[1.04,22.88,0,4.55,8.81,null,null],[0.69,21.33,0,5.36,8.17,null,null],[0.69,20.36,0,4.93,7.97,null,null]],"oneday":{"avg":null,"sunrise":null,"sunset":null},"tide":[null,null,null,null,null,null,null,null,null,null,null,null,null,null,null,null,null,null,null,null,null,null,null,null]},{"weather":[[0.52,19.64,0,4.37,8.52,null,null],[0.65,18.9,0,7.2,9.51,null,null],[0.65,18.43,0,12.47,9.73,null,null],[1.17,17.97,0,18.83,8.62,null,null],[0.52,19.91,0,23.77,8.53,null,null],[0,22.94,0,23.51,8.78,null,null],[0,24.91,0,18.31,8.54,null,null],[0,24.76,0,15.2,7.08,null,null],[0.13,22.75,0,12.78,5.39,null,null],[0.07,18.99,0,11.15,3.16,null,null],[0,17.52,0,8.81,4.81,null,null],[0.44,16.76,0,8.99,6.4,null,null]],"oneday":{"avg":null,"sunrise":null,"sunset":null},"tide":[null,null,null,null,null,null,null,null,null,null,null,null,null,null,null,null,null,null,null,null,null,null,null,null]}],"daily":[{"weather":[2.37,22.46],"tide":[null,null,null,null,null,null,null,null,null,null,null,null,null,null,null,null,null,null,null,null,null,null,null,null],"dailyEx":{"avg":null,"wave":null,"sunrise":null,"sunset":null}},{"weather":[0.57,22.98],"tide":[null,null,null,null,null,null,null,null,null,null,null,null,null,null,null,null,null,null,null,null,null,null,null,null],"dailyEx":{"avg":null,"wave":null,"sunrise":null,"sunset":null}},{"weather":[2.06,23.04],"tide":[null,null,null,null,null,null,null,null,null,null,null,null,null,null,null,null,null,null,null,null,null,null,null,null],"dailyEx":{"avg":null,"wave":null,"sunrise":null,"sunset":null}},{"weather":[0,24.2],"tide":[null,null,null,null,null,null,null,null,null,null,null,null,null,null,null,null,null,null,null,null,null,null,null,null],"dailyEx":{"avg":null,"wave":null,"sunrise":null,"sunset":null}},{"weather":[0.04,24.11],"tide":[null,null,null,null,null,null,null,null,null,null,null,null,null,null,null,null,null,null,null,null,null,null,null,null],"dailyEx":{"avg":null,"wave":null,"sunrise":null,"sunset":null}}]}
奥多摩湖,2026-10-05,{"hourly":[{"weather":[[2.51,14.39,0,1.11,5.52,null,null],[1.25,14.41,0,1.11,5.48,null,null],[1.69,14.45,0,0.68,5.21,null,null],[1.51,14.39,0,1.52,5.51,null,null],[4.13,16.38,0.01,5.3,4.51,null,null],[1.13,18.8,0,11.18,5.78,null,null],[1.57,19.91,0,18.11,6.44,null,null],[1.06,20.55,0,21.52,5.65,null,null],[1,20.13,0,19.25,4.23,null,null],[0.63,18.21,0,12.4,3.5,null,null],[1.13,17.49,0,9.13,4.59,null,null],[0.96,17.22,0,7.28,4.93,null,null]],"oneday":{"avg":null,"sunrise":null,"sunset":null},"tide":[null,null,null,null,null,null,null,null,null,null,null,null,null,null,null,null,null,null,null,null,null,null,null,null]},{"weather":[[0.63,16.93,0,6.02,5.06,null,null],[0.32,16.5,0,4.83,5.4,null,null],[0,16.16,0,3.18,4.29,null,null],[0.55,16.31,0,1.35,4.81,null,null],[0.63,18.97,0,2.91,5.23,null,null],[0.37,22.27,0,4.02,7.15,null,null],[0.69,23.48,0,3.33,9.22,null,null],[0.61,23.57,0,3.2,9.73,null,null],[0.74,21.54,0,2.98,9.11,null,null],[1,19.14,0,3.48,8.58,null,null],[1.55,17.64,0,3.82,8.83,null,null],[1.18,16.54,0,4.38,9.15,null,null]],"oneday":{"avg":null,"sunrise":null,"sunset":null},"tide":[null,null,null,null,null,null,null,null,null,null,null,null,null,null,null,null,null,null,null,null,null,null,null,null]},{"weather":[[0.69,15.94,0,5.01,9.01,null,null],[0.82,15.28,0,8.83,9.92,null,null],[0.82,14.79,0,12.96,10.25,null,null],[1.14,14.4,0,16.63,9.19,null,null],[0.69,16.31,0,20.36,9.36,null,null],[0,19.18,0,19.98,8.98,null,null],[0,21.16,0,15.87,8.58,null,null],[0,21.38,0.02,15.64,7.83,null,null],[3.19,19.74,0.02,15.6,6.15,null,null],[3.06,15.86,0.01,14.54,3.07,null,null],[0.12,14.23,0,9.91,4.85,null,null],[0.31,13.17,0,8.12,5.35,null,null]],"oneday":{"avg":null,"sunrise":null,"sunset":null},"tide":[null,null,null,null,null,null,null,null,null,null,null,null,null,null,null,null,null,null,null,null,null,null,null,null]}],"daily":[{"weather":[5.64,20.51],"tide":[null,null,null,null,null,null,null,null,null,null,null,null,null,null,null,null,null,null,null,null,null,null,null,null],"dailyEx":{"avg":null,"wave":null,"sunrise":null,"sunset":null}},{"weather":[1.53,21.36],"tide":[null,null,null,null,null,null,null,null,null,null,null,null,null,null,null,null,null,null,null,null,null,null,null,null],"dailyEx":{"avg":null,"wave":null,"sunrise":null,"sunset":null}},{"weather":[2.09,20.87],"tide":[null,null,null,null,null,null,null,null,null,null,null,null,null,null,null,null,null,null,null,null,null,null,null,null],"dailyEx":{"avg":null,"wave":null,"sunrise":null,"sunset":null}},{"weather":[0,22.52],"tide":[null,null,null,null,null,null,null,null,null,null,null,null,null,null,null,null,null,null,null,null,null,null,null,null],"dailyEx":{"avg":null,"wave":null,"sunrise":null,"sunset":null}},{"weather":[0.18,21.79],"tide":[null,null,null,null,null,null,null,null,null,null,null,null,null,null,null,null,null,null,null,null,null,null,null,null],"dailyEx":{"avg":null,"wave":null,"sunrise":null,"sunset":null}}]}
平井川,2026-10-05,{"hourly":[{"weather":[[2.65,16.64,0,0.35,4.44,null,null],[1.49,16.56,0,1.3,4.89,null,null],[1.47,16.43,0,1.43,4.91,null,null],[1.65,16.38,0,2.55,5.22,null,null],[1.21,17.9,0,5.19,4.74,null,null],[1.18,20.09,0,10.52,4.68,null,null],[2,21.3,0,17.58,5.7,null,null],[1.04,22,0,20.7,5.1,null,null],[1.04,21.75,0,19.22,4.6,null,null],[1.04,20.41,0,13.52,3.05,null,null],[1.18,19.88,0,9.62,4.15,null,null],[1.51,19.58,0,6.42,4.23,null,null]],"oneday":{"avg":null,"sunrise":null,"sunset":null},"tide":[null,null,null,null,null,null,null,null,null,null,null,null,null,null,null,null,null,null,null,null,null,null,null,null]},{"weather":[[1,19.22,0,4.47,4.91,null,null],[0.51,18.87,0,4.94,4.98,null,null],[0.04,18.28,0,3.8,4.35,null,null],[0.31,18.42,0,1.14,5.49,null,null],[1,21.1,0,3.63,4.54,null,null],[0.04,25.46,0,5.37,6.25,null,null],[0.58,27.12,0,4.07,9.6,null,null],[0.35,27.32,0,1.21,10.3,null,null],[0.57,25.47,0,1.04,9.32,null,null],[1.04,22.9,0,4.75,8.46,null,null],[0.69,21.33,0,5.79,7.8,null,null],[0.69,20.32,0,5.68,7.61,null,null]],"oneday":{"avg":null,"sunrise":null,"sunset":null},"tide":[null,null,null,null,null,null,null,null,null,null,null,null,null,null,null,null,null,null,null,null,null,null,null,null]},{"weather":[[0.47,19.59,0,5.5,8.1,null,null],[0.65,18.82,0,8.97,9.2,null,null],[0.65,18.33,0,14.12,9.38,null,null],[1.12,17.86,0,19.7,8.34,null,null],[0.47,19.91,0,24.52,8.31,null,null],[0,22.95,0,24.17,8.45,null,null],[0,24.91,0,18.99,8.38,null,null],[0,24.76,0,17.12,7.24,null,null],[0.18,22.67,0,15.61,5.58,null,null],[0.08,18.94,0,13.99,3.09,null,null],[0,17.44,0,10.25,4.54,null,null],[0.49,16.61,0,9.26,6.12,null,null]],"oneday":{"avg":null,"sunrise":null,"sunset":null},"tide":[null,null,null,null,null,null,null,null,null,null,null,null,null,null,null,null,null,null,null,null,null,null,null,null]}],"daily":[{"weather":[2.37,22.42],"tide":[null,null,null,null,null,null,null,null,null,null,null,null,null,null,null,null,null,null,null,null,null,null,null,null],"dailyEx":{"avg":null,"wave":null,"sunrise":null,"sunset":null}},{"weather":[0.67,22.91],"tide":[null,null,null,null,null,null,null,null,null,null,null,null,null,null,null,null,null,null,null,null,null,null,null,null],"dailyEx":{"avg":null,"wave":null,"sunrise":null,"sunset":null}},{"weather":[2.06,22.98],"tide":[null,null,null,null,null,null,null,null,null,null,null,null,null,null,null,null,null,null,null,null,null,null,null,null],"dailyEx":{"avg":null,"wave":null,"sunrise":null,"sunset":null}},{"weather":[0,24.12],"tide":[null,null,null,null,null,null,null,null,null,null,null,null,null,null,null,null,null,null,null,null,null,null,null,null],"dailyEx":{"avg":null,"wave":null,"sunrise":null,"sunset":null}},{"weather":[0.04,24.08],"tide":[null,null,null,null,null,null,null,null,null,null,null,null,null,null,null,null,null,null,null,null,null,null,null,null],"dailyEx":{"avg":null,"wave":null,"sunrise":null,"sunset":null}}]}
多摩川日野,2026-10-05,{"hourly":[{"weather":[[2.68,16.99,0,0.25,5.27,null,null],[1.3,16.85,0,0.76,5.77,null,null],[1.56,16.64,0,0.8,5.71,null,null],[1.68,16.62,0,2.04,5.92,null,null],[1.27,18.01,0,5.48,5.82,null,null],[1.13,20.13,0,10.53,5.96,null,null],[2,21.38,0,15.8,6.3,null,null],[1.15,22.18,0,17.99,5.57,null,null],[1.15,21.88,0,16.01,4.82,null,null],[1.15,20.64,0,10.28,3.54,null,null],[1.13,20.12,0,7.8,4.29,null,null],[1.7,19.85,0,5.61,4.53,null,null]],"oneday":{"avg":null,"sunrise":null,"sunset":null},"tide":[null,null,null,null,null,null,null,null,null,null,null,null,null,null,null,null,null,null,null,null,null,null,null,null]},{"weather":[[1,19.55,0,4.17,5.11,null,null],[0.7,19.25,0,4.57,5.11,null,null],[0.15,18.58,0,3.53,4.23,null,null],[0.17,18.58,0,1.19,5.47,null,null],[1,21.06,0,4.01,5.35,null,null],[0.15,25.26,0,6.25,6.91,null,null],[1,26.84,0,5.63,9.49,null,null],[0.32,27.45,0,2.16,10.21,null,null],[0.59,25.84,0,1.36,9.2,null,null],[1.15,23.15,0,4.12,9,null,null],[0.83,21.54,0,4.32,8.07,null,null],[0.83,20.49,0,3.89,7.93,null,null]],"oneday":{"avg":null,"sunrise":null,"sunset":null},"tide":[null,null,null,null,null,null,null,null,null,null,null,null,null,null,null,null,null,null,null,null,null,null,null,null]},{"weather":[[0.56,19.83,0,3.7,8.67,null,null],[0.68,19.07,0,7.01,9.82,null,null],[0.68,18.59,0,12.71,10.09,null,null],[1.24,18.13,0,19.55,8.69,null,null],[0.56,20.03,0,24.74,8.74,null,null],[0,23.04,0,24.49,8.88,null,null],[0,25.02,0,19.04,8.71,null,null],[0,24.87,0,15.51,6.68,null,null],[0.13,23,0,12.63,5.65,null,null],[0.3,19.3,0,10.76,2.92,null,null],[0,17.98,0,9.38,4.88,null,null],[0.3,17.12,0,10.38,7.12,null,null]],"oneday":{"avg":null,"sunrise":null,"sunset":null},"tide":[null,null,null,null,null,null,null,null,null,null,null,null,null,null,null,null,null,null,null,null,null,null,null,null]}],"daily":[{"weather":[2.66,22.5],"tide":[null,null,null,null,null,null,null,null,null,null,null,null,null,null,null,null,null,null,null,null,null,null,null,null],"dailyEx":{"avg":null,"wave":null,"sunrise":null,"sunset":null}},{"weather":[0.42,23.01],"tide":[null,null,null,null,null,null,null,null,null,null,null,null,null,null,null,null,null,null,null,null,null,null,null,null],"dailyEx":{"avg":null,"wave":null,"sunrise":null,"sunset":null}},{"weather":[2.49,23.2],"tide":[null,null,null,null,null,null,null,null,null,null,null,null,null,null,null,null,null,null,null,null,null,null,null,null],"dailyEx":{"avg":null,"wave":null,"sunrise":null,"sunset":null}},{"weather":[0,24.17],"tide":[null,null,null,null,null,null,null,null,null,null,null,null,null,null,null,null,null,null,null,null,null,null,null,null],"dailyEx":{"avg":null,"wave":null,"sunrise":null,"sunset":null}},{"weather":[0.15,24.12],"tide":[null,null,null,null,null,null,null,null,null,null,null,null,null,null,null,null,null,null,null,null,null,null,null,null],"dailyEx":{"avg":null,"wave":null,"sunrise":null,"sunset":null}}]}
落合川,2026-10-05,{"hourly":[{"weather":[[2.48,17.21,0,0,5.83,null,null],[1.14,16.96,0,0.43,6.29,null,null],[1.48,16.72,0,0.57,6.32,null,null],[1.48,16.69,0,1.51,6.4,null,null],[1.38,18.01,0,4.81,6.82,null,null],[1,20.08,0,10.31,6.92,null,null],[2,21.53,0,15.97,6.68,null,null],[1.38,22.46,0,18.57,5.82,null,null],[1.38,22.17,0,16.75,4.86,null,null],[1.38,20.95,0,10.91,3.7,null,null],[1,20.35,0,8.06,4.21,null,null],[1.86,20.07,0,6.06,4.74,null,null]],"oneday":{"avg":null,"sunrise":null,"sunset":null},"tide":[null,null,null,null,null,null,null,null,null,null,null,null,null,null,null,null,null,null,null,null,null,null,null,null]},{"weather":[[1,19.83,0,5.16,5.35,null,null],[0.86,19.55,0,4.95,5.38,null,null],[0.38,18.83,0,3.81,4.09,null,null],[0.14,18.74,0,1.82,5.79,null,null],[1,20.96,0,4.33,5.81,null,null],[0.38,25.01,0,6.61,7.59,null,null],[1.63,26.47,0,6.86,9.14,null,null],[0.52,27.34,0,3.64,9.94,null,null],[0.91,26.08,0,2.59,8.66,null,null],[1.38,23.38,0,4.39,9.15,null,null],[0.86,21.65,0,2.99,8.34,null,null],[0.86,20.56,0,1.47,8.38,null,null]],"oneday":{"avg":null,"sunrise":null,"sunset":null},"tide":[null,null,null,null,null,null,null,null,null,null,null,null,null,null,null,null,null,null,null,null,null,null,null,null]},{"weather":[[0.48,19.92,0,0.57,9.45,null,null],[0.48,19.19,0,1.56,10.52,null,null],[0.48,18.76,0,5.68,10.93,null,null],[0.94,18.25,0,11.83,9.07,null,null],[0.48,20.13,0,15.62,9.96,null,null],[0,22.99,0,15.62,10.52,null,null],[0,24.99,0,11.83,9.93,null,null],[0,24.98,0,7.1,6.87,null,null],[0,23.01,0,3.46,6.64,null,null],[0.77,19.29,0,2.18,3.44,null,null],[0,18.2,0,5.81,5.21,null,null],[0.14,17.26,0,10.1,7.28,null,null]],"oneday":{"avg":null,"sunrise":null,"sunset":null},"tide":[null,null,null,null,null,null,null,null,null,null,null,null,null,null,null,null,null,null,null,null,null,null,null,null]}],"daily":[{"weather":[2.72,22.67],"tide":[null,null,null,null,null,null,null,null,null,null,null,null,null,null,null,null,null,null,null,null,null,null,null,null],"dailyEx":{"avg":null,"wave":null,"sunrise":null,"sunset":null}},{"weather":[0.14,23.12],"tide":[null,null,null,null,null,null,null,null,null,null,null,null,null,null,null,null,null,null,null,null,null,null,null,null],"dailyEx":{"avg":null,"wave":null,"sunrise":null,"sunset":null}},{"weather":[2.57,23.35],"tide":[null,null,null,null,null,null,null,null,null,null,null,null,null,null,null,null,null,null,null,null,null,null,null,null],"dailyEx":{"avg":null,"wave":null,"sunrise":null,"sunset":null}},{"weather":[0,24.18],"tide":[null,null,null,null,null,null,null,null,null,null,null,null,null,null,null,null,null,null,null,null,null,null,null,null],"dailyEx":{"avg":null,"wave":null,"sunrise":null,"sunset":null}},{"weather":[0.38,24.1],"tide":[null,null,null,null,null,null,null,null,null,null,null,null,null,null,null,null,null,null,null,null,null,null,null,null],"dailyEx":{"avg":null,"wave":null,"sunrise":null,"sunset":null}}]}
北多摩一号水門周辺,2026-10-05,{"hourly":[{"weather":[[2.68,17.43,0,0,6.09,null,null],[1.04,17.22,0,0.12,6.7,null,null],[1.68,16.96,0.08,0.15,6.51,null,null],[1.84,16.99,0.23,1.52,6.66,null,null],[1.2,18.22,0.46,4.67,6.92,null,null],[1.08,20.24,0.68,8.6,7.34,null,null],[1.92,21.47,0.76,11.83,6.87,null,null],[1.28,22.35,0.61,12.46,5.95,null,null],[1.2,21.99,0.38,10.57,4.93,null,null],[1.2,20.92,0.3,6.35,4.15,null,null],[1.08,20.43,0.3,5.28,4.52,null,null],[1.89,20.18,0.15,4.09,4.81,null,null]],"oneday":{"avg":null,"sunrise":null,"sunset":null},"tide":[null,null,null,null,null,null,null,null,null,null,null,null,null,null,null,null,null,null,null,null,null,null,null,null]},{"weather":[[1,19.98,0.23,3.29,5.21,null,null],[1.04,19.76,0.3,4.05,5.08,null,null],[0.28,19.07,0.08,3.09,4.04,null,null],[0.11,18.94,0.15,0.88,5.34,null,null],[0.92,21.17,0.61,4.34,6.34,null,null],[0.43,25.06,0.68,7.28,7.66,null,null],[1.36,26.47,0.46,7.08,9.19,null,null],[0.24,27.48,0,2.78,9.88,null,null],[0.52,26.07,0.08,1.28,9.2,null,null],[1.2,23.29,0.15,2.88,9.73,null,null],[0.89,21.73,0.15,2.12,8.65,null,null],[0.96,20.73,0,0.95,8.52,null,null]],"oneday":{"avg":null,"sunrise":null,"sunset":null},"tide":[null,null,null,null,null,null,null,null,null,null,null,null,null,null,null,null,null,null,null,null,null,null,null,null]},{"weather":[[0.76,20.18,0.08,0.15,9.48,null,null],[0.84,19.48,0.46,2.09,10.39,null,null],[0.84,19.07,1.44,8.21,10.77,null,null],[1.52,18.65,2.28,17.1,9.06,null,null],[0.84,20.24,2.66,22.58,8.92,null,null],[0,23.19,2.2,22.58,9.27,null,null],[0,25.09,1.52,17.1,8.69,null,null],[0,24.82,0.76,10.26,5.57,null,null],[0,23.22,0.38,4.83,4.95,null,null],[0.4,19.68,0.3,2.82,2.69,null,null],[0.08,18.61,0.61,5.59,5.29,null,null],[0.27,17.87,1.21,10.02,8.07,null,null]],"oneday":{"avg":null,"sunrise":null,"sunset":null},"tide":[null,null,null,null,null,null,null,null,null,null,null,null,null,null,null,null,null,null,null,null,null,null,null,null]}],"daily":[{"weather":[2.92,22.82],"tide":[null,null,null,null,null,null,null,null,null,null,null,null,null,null,null,null,null,null,null,null,null,null,null,null],"dailyEx":{"avg":null,"wave":null,"sunrise":null,"sunset":null}},{"weather":[0.27,23.18],"tide":[null,null,null,null,null,null,null,null,null,null,null,null,null,null,null,null,null,null,null,null,null,null,null,null],"dailyEx":{"avg":null,"wave":null,"sunrise":null,"sunset":null}},{"weather":[2.66,23.47],"tide":[null,null,null,null,null,null,null,null,null,null,null,null,null,null,null,null,null,null,null,null,null,null,null,null],"dailyEx":{"avg":null,"wave":null,"sunrise":null,"sunset":null}},{"weather":[0.15,24.3],"tide":[null,null,null,null,null,null,null,null,null,null,null,null,null,null,null,null,null,null,null,null,null,null,null,null],"dailyEx":{"avg":null,"wave":null,"sunrise":null,"sunset":null}},{"weather":[0.2,24.22],"tide":[null,null,null,null,null,null,null,null,null,null,null,null,null,null,null,null,null,null,null,null,null,null,null,null],"dailyEx":{"avg":null,"wave":null,"sunrise":null,"sunset":null}}]}
四ツ木駅周辺,2026-10-05,{"hourly":[{"weather":[[1.34,17.97,0,0,3.91,null,null],[1,17.46,0,0,4.18,null,null],[1.38,17.43,0.33,0,4.23,null,null],[1.77,17.64,4.83,0.11,4.19,null,null],[1.78,18.83,11.53,1.67,4.39,null,null],[1,20.66,13.12,3.69,4.23,null,null],[1.45,22.14,12.89,5.18,3.91,null,null],[1.78,22.93,11.08,6.29,3.47,null,null],[1.23,22.48,6.09,5.48,2.89,null,null],[1.39,21.63,3.08,3,2.46,null,null],[1.72,21.12,2.2,2.31,2.56,null,null],[1.28,20.84,2.85,2.02,2.97,null,null]],"oneday":{"avg":null,"sunrise":null,"sunset":null},"tide":[null,null,null,null,null,null,null,null,null,null,null,null,null,null,null,null,null,null,null,null,null,null,null,null]},{"weather":[[1,20.66,3.18,1.96,3.13,null,null],[1.72,20.38,2.85,1.38,3.35,null,null],[1.11,19.88,1.43,1.09,2.93,null,null],[0.72,20.04,2.85,0.93,3.45,null,null],[0.28,22.42,5.7,1.21,3.6,null,null],[2.37,24.69,4.66,1.66,3.97,null,null],[1.46,26.04,3.4,2.3,3.85,null,null],[0.94,27.11,2.85,1.73,3.77,null,null],[1.17,25.73,1.81,1.39,3.53,null,null],[1.23,23.45,1.1,1.5,4.69,null,null],[1,21.84,1.1,0.57,4.52,null,null],[1,20.83,0.55,0.06,4.64,null,null]],"oneday":{"avg":null,"sunrise":null,"sunset":null},"tide":[null,null,null,null,null,null,null,null,null,null,null,null,null,null,null,null,null,null,null,null,null,null,null,null]},{"weather":[[0.77,20.18,0,0,5.23,null,null],[0.77,19.55,0,0.17,5.81,null,null],[0.93,19.19,3.95,0.67,5.98,null,null],[0.99,19.11,4.99,1.39,4.91,null,null],[0.77,21.18,3.18,1.83,5.59,null,null],[0,23.63,2.14,1.83,5.68,null,null],[0,24.84,0.72,1.39,5.09,null,null],[0,23.93,0,0.83,3.96,null,null],[0,21.35,0,0.39,3.7,null,null],[1.01,19.46,1.98,0.22,1.32,null,null],[0,18.96,6.47,1.95,1.58,null,null],[28.18,17.7,10.87,3.44,2.49,null,null]],"oneday":{"avg":null,"sunrise":null,"sunset":null},"tide":[null,null,null,null,null,null,null,null,null,null,null,null,null,null,null,null,null,null,null,null,null,null,null,null]}],"daily":[{"weather":[29.21,24.19],"tide":[null,null,null,null,null,null,null,null,null,null,null,null,null,null,null,null,null,null,null,null,null,null,null,null],"dailyEx":{"avg":null,"wave":null,"sunrise":null,"sunset":null}},{"weather":[28.51,23.02],"tide":[null,null,null,null,null,null,null,null,null,null,null,null,null,null,null,null,null,null,null,null,null,null,null,null],"dailyEx":{"avg":null,"wave":null,"sunrise":null,"sunset":null}},{"weather":[1.02,23.41],"tide":[null,null,null,null,null,null,null,null,null,null,null,null,null,null,null,null,null,null,null,null,null,null,null,null],"dailyEx":{"avg":null,"wave":null,"sunrise":null,"sunset":null}},{"weather":[2.14,23.4],"tide":[null,null,null,null,null,null,null,null,null,null,null,null,null,null,null,null,null,null,null,null,null,null,null,null],"dailyEx":{"avg":null,"wave":null,"sunrise":null,"sunset":null}},{"weather":[0.23,23.91],"tide":[null,null,null,null,null,null,null,null,null,null,null,null,null,null,null,null,null,null,null,null,null,null,null,null],"dailyEx":{"avg":null,"wave":null,"sunrise":null,"sunset":null}}]}
江戸川病院周辺,2026-10-05,{"hourly":[{"weather":[[1.28,17.99,0,0,4.06,null,null],[1.05,17.45,0,0,4.34,null,null],[1.32,17.42,0.32,0,4.49,null,null],[1.72,17.63,4.56,0,4.42,null,null],[1.84,18.83,10.87,1.73,4.7,null,null],[1,20.71,12.37,4.38,4.58,null,null],[1.48,22.24,12.18,6.69,4.25,null,null],[1.84,23,10.47,8.5,3.75,null,null],[1.32,22.55,5.75,7.34,3.16,null,null],[1.48,21.67,2.89,3.63,2.61,null,null],[1.68,21.14,2.06,2.52,2.65,null,null],[1.32,20.86,2.7,2.33,3.14,null,null]],"oneday":{"avg":null,"sunrise":null,"sunset":null},"tide":[null,null,null,null,null,null,null,null,null,null,null,null,null,null,null,null,null,null,null,null,null,null,null,null]},{"weather":[[1.05,20.67,3.02,2.6,3.36,null,null],[1.72,20.39,2.7,1.58,3.6,null,null],[1.21,19.9,1.35,1.17,3.11,null,null],[0.72,20.04,2.7,1.21,3.72,null,null],[0.32,22.39,5.4,1.39,3.75,null,null],[2.44,24.58,4.4,1.81,4.19,null,null],[1.65,25.9,3.22,2.7,4.05,null,null],[1,26.97,2.7,2.23,4.08,null,null],[1.28,25.68,1.71,1.77,3.67,null,null],[1.28,23.47,1.03,1.68,4.79,null,null],[1,21.86,1.03,0.56,4.72,null,null],[1,20.83,0.52,0.05,4.82,null,null]],"oneday":{"avg":null,"sunrise":null,"sunset":null},"tide":[null,null,null,null,null,null,null,null,null,null,null,null,null,null,null,null,null,null,null,null,null,null,null,null]},{"weather":[[0.72,20.15,0,0.09,5.27,null,null],[0.72,19.5,0,0.05,5.87,null,null],[0.88,19.11,3.73,0,6.04,null,null],[0.93,19,4.72,0.09,4.95,null,null],[0.72,21.11,3.02,0.09,5.84,null,null],[0.05,23.52,2.03,0.05,5.87,null,null],[0,24.78,0.68,0,5.22,null,null],[0,23.92,0,0,4.2,null,null],[0,21.29,0,0,4.23,null,null],[1.07,19.33,1.87,0,1.53,null,null],[0,18.85,6.1,1.96,1.69,null,null],[26.44,17.56,10.22,3.46,2.53,null,null]],"oneday":{"avg":null,"sunrise":null,"sunset":null},"tide":[null,null,null,null,null,null,null,null,null,null,null,null,null,null,null,null,null,null,null,null,null,null,null,null]}],"daily":[{"weather":[27.53,24.11],"tide":[null,null,null,null,null,null,null,null,null,null,null,null,null,null,null,null,null,null,null,null,null,null,null,null],"dailyEx":{"avg":null,"wave":null,"sunrise":null,"sunset":null}},{"weather":[26.72,23.02],"tide":[null,null,null,null,null,null,null,null,null,null,null,null,null,null,null,null,null,null,null,null,null,null,null,null],"dailyEx":{"avg":null,"wave":null,"sunrise":null,"sunset":null}},{"weather":[1.09,23.4],"tide":[null,null,null,null,null,null,null,null,null,null,null,null,null,null,null,null,null,null,null,null,null,null,null,null],"dailyEx":{"avg":null,"wave":null,"sunrise":null,"sunset":null}},{"weather":[2.07,23.32],"tide":[null,null,null,null,null,null,null,null,null,null,null,null,null,null,null,null,null,null,null,null,null,null,null,null],"dailyEx":{"avg":null,"wave":null,"sunrise":null,"sunset":null}},{"weather":[0.32,23.81],"tide":[null,null,null,null,null,null,null,null,null,null,null,null,null,null,null,null,null,null,null,null,null,null,null,null],"dailyEx":{"avg":null,"wave":null,"sunrise":null,"sunset":null}}]}
多摩川六郷橋周辺,2026-10-05,{"hourly":[{"weather":[[1.71,18.26,0.13,0,3.78,null,null],[1,17.84,0.51,0,4.18,null,null],[1.08,17.81,0.74,0,4.09,null,null],[2.41,18.11,3.65,0.16,4.09,null,null],[1.44,19.24,8.52,0.82,4.13,null,null],[1.48,20.77,10.95,1.64,4.08,null,null],[1.15,22,12.99,2.22,3.72,null,null],[1.79,22.76,13.74,2.51,3.47,null,null],[1.07,22.4,7.66,2.14,2.91,null,null],[1.2,21.61,3.77,1.18,2.74,null,null],[1.85,21.24,2.89,0.96,2.83,null,null],[1.28,20.92,2.95,0.81,3.05,null,null]],"oneday":{"avg":null,"sunrise":null,"sunset":null},"tide":[null,null,null,null,null,null,null,null,null,null,null,null,null,null,null,null,null,null,null,null,null,null,null,null]},{"weather":[[1.13,20.77,3.82,0.73,3.06,null,null],[1.85,20.62,3.66,0.67,3.19,null,null],[1.05,20.29,1.48,0.52,3.06,null,null],[0.85,20.5,2.44,0.29,3.31,null,null],[0.28,22.88,6.29,0.68,3.81,null,null],[2.62,25.01,6.65,1.06,3.77,null,null],[1.15,26.26,4.86,1.2,3.71,null,null],[0.44,26.99,1.74,0.66,3.37,null,null],[0.87,25.48,1.59,0.44,4.01,null,null],[0.94,23.35,1.57,0.59,4.8,null,null],[0.52,22,1.44,0.3,4.86,null,null],[1,21.06,0.24,0.08,4.71,null,null]],"oneday":{"avg":null,"sunrise":null,"sunset":null},"tide":[null,null,null,null,null,null,null,null,null,null,null,null,null,null,null,null,null,null,null,null,null,null,null,null]},{"weather":[[0.93,20.55,0.61,0,5.13,null,null],[1.53,20.03,3.39,0.23,5.42,null,null],[1.53,19.71,11.72,0.93,5.47,null,null],[1.61,19.66,17.23,1.94,4.59,null,null],[1.53,21.26,18.52,2.56,4.37,null,null],[0.13,23.73,15.27,2.56,4.39,null,null],[0,24.7,10.22,1.94,3.8,null,null],[0,23.38,5.05,1.16,3.24,null,null],[0.39,20.97,2.65,0.54,2.7,null,null],[0.52,19.42,2.77,0.31,1,null,null],[0.61,18.77,6.26,0.97,1.07,null,null],[14.04,18.03,12.8,1.75,2.47,null,null]],"oneday":{"avg":null,"sunrise":null,"sunset":null},"tide":[null,null,null,null,null,null,null,null,null,null,null,null,null,null,null,null,null,null,null,null,null,null,null,null]}],"daily":[{"weather":[14.62,24.44],"tide":[null,null,null,null,null,null,null,null,null,null,null,null,null,null,null,null,null,null,null,null,null,null,null,null],"dailyEx":{"avg":null,"wave":null,"sunrise":null,"sunset":null}},{"weather":[14.04,22.89],"tide":[null,null,null,null,null,null,null,null,null,null,null,null,null,null,null,null,null,null,null,null,null,null,null,null],"dailyEx":{"avg":null,"wave":null,"sunrise":null,"sunset":null}},{"weather":[0.45,23.26],"tide":[null,null,null,null,null,null,null,null,null,null,null,null,null,null,null,null,null,null,null,null,null,null,null,null],"dailyEx":{"avg":null,"wave":null,"sunrise":null,"sunset":null}},{"weather":[1.94,23.49],"tide":[null,null,null,null,null,null,null,null,null,null,null,null,null,null,null,null,null,null,null,null,null,null,null,null],"dailyEx":{"avg":null,"wave":null,"sunrise":null,"sunset":null}},{"weather":[0.07,23.88],"tide":[null,null,null,null,null,null,null,null,null,null,null,null,null,null,null,null,null,null,null,null,null,null,null,null],"dailyEx":{"avg":null,"wave":null,"sunrise":null,"sunset":null}}]}
多摩川青梅周辺,2026-10-05,{"hourly":[{"weather":[[2.55,16.06,0,0.45,4.21,null,null],[1.54,16.03,0,1.52,4.56,null,null],[1.46,15.96,0,1.68,4.57,null,null],[1.55,15.89,0,2.62,4.94,null,null],[1.15,17.58,0,4.56,4.21,null,null],[1.15,19.85,0,10.14,4.33,null,null],[1.93,21.06,0,18.59,5.58,null,null],[1,21.69,0,22.38,4.97,null,null],[1,21.46,0,21.29,4.4,null,null],[0.93,19.94,0,15.77,2.86,null,null],[1.15,19.36,0,10.84,4.16,null,null],[1.32,19.04,0,7.17,4.22,null,null]],"oneday":{"avg":null,"sunrise":null,"sunset":null},"tide":[null,null,null,null,null,null,null,null,null,null,null,null,null,null,null,null,null,null,null,null,null,null,null,null]},{"weather":[[0.93,18.65,0,5.17,4.86,null,null],[0.39,18.25,0,5.36,5.03,null,null],[0,17.74,0,3.99,4.37,null,null],[0.45,17.95,0,1.22,5.42,null,null],[0.93,20.7,0,3.41,4.28,null,null],[0.07,24.95,0,4.82,6.29,null,null],[0.46,26.5,0,3.29,9.69,null,null],[0.45,26.49,0,1.29,10.36,null,null],[0.61,24.52,0,1.42,9.47,null,null],[1,22.05,0,4.91,8.34,null,null],[0.76,20.51,0,5.9,8.04,null,null],[0.69,19.53,0,5.68,7.93,null,null]],"oneday":{"avg":null,"sunrise":null,"sunset":null},"tide":[null,null,null,null,null,null,null,null,null,null,null,null,null,null,null,null,null,null,null,null,null,null,null,null]},{"weather":[[0.46,18.78,0,5.21,8.18,null,null],[0.62,18.06,0,7.85,9.15,null,null],[0.62,17.58,0,12.09,9.34,null,null],[1.01,17.12,0,16.74,8.39,null,null],[0.46,19.19,0,20.8,8.52,null,null],[0,22.18,0,20.5,8.77,null,null],[0,24.15,0,16.12,8.58,null,null],[0,24.13,0,14.65,7.73,null,null],[0.15,21.99,0,13.64,5.77,null,null],[0,18.16,0,12.46,3.4,null,null],[0,16.55,0,8.95,4.61,null,null],[0.54,15.72,0,7.91,5.46,null,null]],"oneday":{"avg":null,"sunrise":null,"sunset":null},"tide":[null,null,null,null,null,null,null,null,null,null,null,null,null,null,null,null,null,null,null,null,null,null,null,null]}],"daily":[{"weather":[2.24,22.11],"tide":[null,null,null,null,null,null,null,null,null,null,null,null,null,null,null,null,null,null,null,null,null,null,null,null],"dailyEx":{"avg":null,"wave":null,"sunrise":null,"sunset":null}},{"weather":[0.91,22.65],"tide":[null,null,null,null,null,null,null,null,null,null,null,null,null,null,null,null,null,null,null,null,null,null,null,null],"dailyEx":{"avg":null,"wave":null,"sunrise":null,"sunset":null}},{"weather":[1.79,22.54],"tide":[null,null,null,null,null,null,null,null,null,null,null,null,null,null,null,null,null,null,null,null,null,null,null,null],"dailyEx":{"avg":null,"wave":null,"sunrise":null,"sunset":null}},{"weather":[0,23.87],"tide":[null,null,null,null,null,null,null,null,null,null,null,null,null,null,null,null,null,null,null,null,null,null,null,null],"dailyEx":{"avg":null,"wave":null,"sunrise":null,"sunset":null}},{"weather":[0,23.67],"tide":[null,null,null,null,null,null,null,null,null,null,null,null,null,null,null,null,null,null,null,null,null,null,null,null],"dailyEx":{"avg":null,"wave":null,"sunrise":null,"sunset":null}}]}
御嶽・川井周辺,2026-10-05,{"hourly":[{"weather":[[2.36,15.37,0,0.37,4.46,null,null],[1.45,15.35,0,1.54,4.73,null,null],[1.55,15.36,0,1.8,4.68,null,null],[1.36,15.23,0,2.54,5.12,null,null],[1,17.12,0,2.83,4.27,null,null],[1,19.5,0,8.37,4.84,null,null],[1.82,20.73,0,18.6,5.96,null,null],[1,21.29,0,22.76,5.13,null,null],[1,21.08,0,22.57,4.27,null,null],[0.82,19.35,0,18.38,2.99,null,null],[1,18.69,0,12.05,4.43,null,null],[1.18,18.34,0,7.89,4.52,null,null]],"oneday":{"avg":null,"sunrise":null,"sunset":null},"tide":[null,null,null,null,null,null,null,null,null,null,null,null,null,null,null,null,null,null,null,null,null,null,null,null]},{"weather":[[0.82,17.98,0,6.18,5.03,null,null],[0.36,17.54,0,6.17,5.29,null,null],[0,17.13,0,4.35,4.37,null,null],[0.64,17.36,0,1.27,5.51,null,null],[0.82,19.99,0,3.54,4.62,null,null],[0.18,23.99,0,5.01,7.16,null,null],[0.55,25.25,0,3.29,10.03,null,null],[0.64,25.12,0,2.01,10.74,null,null],[0.64,23.12,0,2.19,10.05,null,null],[1,20.79,0,4.71,8.95,null,null],[0.92,19.3,0,4.79,9.21,null,null],[0.73,18.39,0,3.52,9.24,null,null]],"oneday":{"avg":null,"sunrise":null,"sunset":null},"tide":[null,null,null,null,null,null,null,null,null,null,null,null,null,null,null,null,null,null,null,null,null,null,null,null]},{"weather":[[0.55,17.69,0,1.8,9.33,null,null],[0.55,17.08,0,1.54,9.88,null,null],[0.55,16.68,0,4.39,10.19,null,null],[0.91,16.22,0,9.13,9.12,null,null],[0.55,18.12,0,12.05,9.55,null,null],[0,20.98,0,12.05,10.26,null,null],[0,22.98,0,9.13,9.49,null,null],[0,23.19,0,5.48,8.11,null,null],[0,21.14,0,3.19,5.89,null,null],[0,17.08,0,2.73,4.08,null,null],[0,15.45,0,3.46,5.35,null,null],[0.45,14.72,0,5.47,5.18,null,null]],"oneday":{"avg":null,"sunrise":null,"sunset":null},"tide":[null,null,null,null,null,null,null,null,null,null,null,null,null,null,null,null,null,null,null,null,null,null,null,null]}],"daily":[{"weather":[2.1,21.75],"tide":[null,null,null,null,null,null,null,null,null,null,null,null,null,null,null,null,null,null,null,null,null,null,null,null],"dailyEx":{"avg":null,"wave":null,"sunrise":null,"sunset":null}},{"weather":[1,22.4],"tide":[null,null,null,null,null,null,null,null,null,null,null,null,null,null,null,null,null,null,null,null,null,null,null,null],"dailyEx":{"avg":null,"wave":null,"sunrise":null,"sunset":null}},{"weather":[1.46,22.02],"tide":[null,null,null,null,null,null,null,null,null,null,null,null,null,null,null,null,null,null,null,null,null,null,null,null],"dailyEx":{"avg":null,"wave":null,"sunrise":null,"sunset":null}},{"weather":[0,23.64],"tide":[null,null,null,null,null,null,null,null,null,null,null,null,null,null,null,null,null,null,null,null,null,null,null,null],"dailyEx":{"avg":null,"wave":null,"sunrise":null,"sunset":null}},{"weather":[0,23.11],"tide":[null,null,null,null,null,null,null,null,null,null,null,null,null,null,null,null,null,null,null,null,null,null,null,null],"dailyEx":{"avg":null,"wave":null,"sunrise":null,"sunset":null}}]}
多摩川秋川合流,2026-10-05,{"hourly":[{"weather":[[2.65,16.69,0,0.27,4.63,null,null],[1.44,16.61,0,1.19,5.13,null,null],[1.52,16.46,0,1.37,5.11,null,null],[1.65,16.42,0,2.54,5.44,null,null],[1.17,17.92,0,4.88,5.01,null,null],[1.13,20.1,0,9.98,5.03,null,null],[2,21.31,0,16.91,5.9,null,null],[1.04,22,0,19.73,5.22,null,null],[1.04,21.76,0,18.39,4.67,null,null],[1.04,20.44,0,13.2,3.22,null,null],[1.13,19.92,0,9.37,4.28,null,null],[1.56,19.62,0,6.2,4.35,null,null]],"oneday":{"avg":null,"sunrise":null,"sunset":null},"tide":[null,null,null,null,null,null,null,null,null,null,null,null,null,null,null,null,null,null,null,null,null,null,null,null]},{"weather":[[1,19.28,0,4.36,4.99,null,null],[0.56,18.94,0,5,5.03,null,null],[0.04,18.35,0,3.83,4.36,null,null],[0.31,18.47,0,1.04,5.55,null,null],[1,21.08,0,3.81,4.82,null,null],[0.04,25.42,0,5.78,6.55,null,null],[0.63,27.03,0,4.45,9.74,null,null],[0.35,27.3,0,1.31,10.46,null,null],[0.52,25.48,0,0.98,9.55,null,null],[1.04,22.89,0,4.55,8.79,null,null],[0.69,21.34,0,5.37,8.14,null,null],[0.69,20.36,0,4.97,7.94,null,null]],"oneday":{"avg":null,"sunrise":null,"sunset":null},"tide":[null,null,null,null,null,null,null,null,null,null,null,null,null,null,null,null,null,null,null,null,null,null,null,null]},{"weather":[[0.52,19.64,0,4.46,8.49,null,null],[0.65,18.9,0,7.37,9.49,null,null],[0.65,18.43,0,12.66,9.71,null,null],[1.17,17.96,0,18.98,8.6,null,null],[0.52,19.91,0,23.93,8.51,null,null],[0,22.94,0,23.66,8.75,null,null],[0,24.92,0,18.45,8.53,null,null],[0,24.76,0,15.42,7.08,null,null],[0.13,22.75,0,13.06,5.4,null,null],[0.08,18.99,0,11.42,3.15,null,null],[0,17.52,0,8.97,4.79,null,null],[0.44,16.76,0,9.06,6.4,null,null]],"oneday":{"avg":null,"sunrise":null,"sunset":null},"tide":[null,null,null,null,null,null,null,null,null,null,null,null,null,null,null,null,null,null,null,null,null,null,null,null]}],"daily":[{"weather":[2.38,22.46],"tide":[null,null,null,null,null,null,null,null,null,null,null,null,null,null,null,null,null,null,null,null,null,null,null,null],"dailyEx":{"avg":null,"wave":null,"sunrise":null,"sunset":null}},{"weather":[0.58,22.98],"tide":[null,null,null,null,null,null,null,null,null,null,null,null,null,null,null,null,null,null,null,null,null,null,null,null],"dailyEx":{"avg":null,"wave":null,"sunrise":null,"sunset":null}},{"weather":[2.08,23.04],"tide":[null,null,null,null,null,null,null,null,null,null,null,null,null,null,null,null,null,null,null,null,null,null,null,null],"dailyEx":{"avg":null,"wave":null,"sunrise":null,"sunset":null}},{"weather":[0,24.19],"tide":[null,null,null,null,null,null,null,null,null,null,null,null,null,null,null,null,null,null,null,null,null,null,null,null],"dailyEx":{"avg":null,"wave":null,"sunrise":null,"sunset":null}},{"weather":[0.04,24.11],"tide":[null,null,null,null,null,null,null,null,null,null,null,null,null,null,null,null,null,null,null,null,null,null,null,null],"dailyEx":{"avg":null,"wave":null,"sunrise":null,"sunset":null}}]}
多摩川競馬場周辺,2026-10-05,{"hourly":[{"weather":[[2.68,17.4,0,0,5.93,null,null],[1.06,17.2,0,0.18,6.55,null,null],[1.68,16.95,0.09,0.24,6.36,null,null],[1.87,16.98,0.28,1.6,6.53,null,null],[1.17,18.24,0.56,4.46,6.71,null,null],[1.09,20.26,0.84,8.25,7.13,null,null],[1.91,21.46,0.93,11.65,6.75,null,null],[1.26,22.32,0.75,12.3,5.85,null,null],[1.17,21.96,0.46,10.56,4.87,null,null],[1.17,20.88,0.37,6.62,4.09,null,null],[1.09,20.4,0.37,5.38,4.5,null,null],[1.85,20.15,0.19,4.04,4.74,null,null]],"oneday":{"avg":null,"sunrise":null,"sunset":null},"tide":[null,null,null,null,null,null,null,null,null,null,null,null,null,null,null,null,null,null,null,null,null,null,null,null]},{"weather":[[1,19.94,0.28,3.18,5.14,null,null],[1.03,19.72,0.37,4.04,5.02,null,null],[0.26,19.06,0.09,3.07,4.05,null,null],[0.15,18.95,0.19,0.79,5.3,null,null],[0.91,21.21,0.75,4.25,6.22,null,null],[0.44,25.1,0.84,7.13,7.53,null,null],[1.27,26.51,0.56,6.76,9.16,null,null],[0.23,27.45,0,2.52,9.82,null,null],[0.49,25.98,0.09,1.12,9.22,null,null],[1.17,23.23,0.19,2.85,9.64,null,null],[0.85,21.69,0.19,2.24,8.63,null,null],[0.94,20.71,0,1.11,8.48,null,null]],"oneday":{"avg":null,"sunrise":null,"sunset":null},"tide":[null,null,null,null,null,null,null,null,null,null,null,null,null,null,null,null,null,null,null,null,null,null,null,null]},{"weather":[[0.77,20.16,0.09,0.24,9.38,null,null],[0.87,19.47,0.56,2.1,10.24,null,null],[0.87,19.07,1.77,8.15,10.6,null,null],[1.55,18.65,2.79,16.98,8.97,null,null],[0.87,20.23,3.26,22.42,8.74,null,null],[0,23.19,2.7,22.42,9.1,null,null],[0,25.07,1.86,16.98,8.51,null,null],[0,24.77,0.93,10.19,5.54,null,null],[0,23.14,0.46,4.82,4.76,null,null],[0.33,19.64,0.37,2.84,2.67,null,null],[0.09,18.54,0.75,5.36,5.21,null,null],[0.34,17.84,1.49,9.59,7.88,null,null]],"oneday":{"avg":null,"sunrise":null,"sunset":null},"tide":[null,null,null,null,null,null,null,null,null,null,null,null,null,null,null,null,null,null,null,null,null,null,null,null]}],"daily":[{"weather":[2.88,22.85],"tide":[null,null,null,null,null,null,null,null,null,null,null,null,null,null,null,null,null,null,null,null,null,null,null,null],"dailyEx":{"avg":null,"wave":null,"sunrise":null,"sunset":null}},{"weather":[0.34,23.17],"tide":[null,null,null,null,null,null,null,null,null,null,null,null,null,null,null,null,null,null,null,null,null,null,null,null],"dailyEx":{"avg":null,"wave":null,"sunrise":null,"sunset":null}},{"weather":[2.54,23.44],"tide":[null,null,null,null,null,null,null,null,null,null,null,null,null,null,null,null,null,null,null,null,null,null,null,null],"dailyEx":{"avg":null,"wave":null,"sunrise":null,"sunset":null}},{"weather":[0.19,24.3],"tide":[null,null,null,null,null,null,null,null,null,null,null,null,null,null,null,null,null,null,null,null,null,null,null,null],"dailyEx":{"avg":null,"wave":null,"sunrise":null,"sunset":null}},{"weather":[0.17,24.22],"tide":[null,null,null,null,null,null,null,null,null,null,null,null,null,null,null,null,null,null,null,null,null,null,null,null],"dailyEx":{"avg":null,"wave":null,"sunrise":null,"sunset":null}}]}
北浦北部,2026-10-05,{"hourly":[{"weather":[[1.96,20.46,1.17,0,4.75,null,null],[1.48,20.42,0,0,5.72,null,null],[2.25,20.63,0,0,6.37,null,null],[2.43,20.78,1.69,0,7.36,null,null],[1.87,21.22,6.74,0.58,7.45,null,null],[23.5,21.49,10.03,1.59,7.43,null,null],[2,22.04,10.3,2.64,7.32,null,null],[1.61,21.97,8.06,3.7,6.77,null,null],[2,21.87,5.25,3,6.3,null,null],[1.43,21.65,3.68,0.79,5.75,null,null],[1.39,21.51,4.07,0.4,5.32,null,null],[1.57,21.38,5.76,0.76,4.55,null,null]],"oneday":{"avg":null,"sunrise":null,"sunset":null},"tide":[null,null,null,null,null,null,null,null,null,null,null,null,null,null,null,null,null,null,null,null,null,null,null,null]},{"weather":[[1.18,20.98,6.58,1.42,4.27,null,null],[1.87,20.81,6.58,0.71,4.09,null,null],[2.39,20.99,7.49,0.18,3.78,null,null],[1.86,21.51,7.96,0.35,4.84,null,null],[1.86,22.42,9.25,0.66,5.68,null,null],[3,22.49,13.01,0.92,6.22,null,null],[2.18,22.64,14.31,0.97,7.65,null,null],[1.43,22.88,11.84,0.79,8.64,null,null],[1,23.05,7.09,0.49,7.66,null,null],[1,22.48,3.29,0.27,8.35,null,null],[1,21.78,1.73,0.13,7.92,null,null],[1.57,21.19,1.69,0.04,7.49,null,null]],"oneday":{"avg":null,"sunrise":null,"sunset":null},"tide":[null,null,null,null,null,null,null,null,null,null,null,null,null,null,null,null,null,null,null,null,null,null,null,null]},{"weather":[[1.39,20.51,1.21,0.09,6.26,null,null],[0.18,19.76,0,0.04,5.5,null,null],[0.48,18.98,0.43,0,4.74,null,null],[0.52,18.55,0.43,0.09,3.66,null,null],[0.04,20.36,0,0.09,3.93,null,null],[0.04,22.28,0.43,0.04,3.18,null,null],[0,23.19,0.86,0,2.77,null,null],[0,22.29,0,0.4,3.55,null,null],[6.86,20.11,0.01,0.67,2.86,null,null],[0,18.64,0.78,0.81,1.65,null,null],[0,17.81,2.35,0.81,3.42,null,null],[0.18,16.9,1.6,0.85,2.76,null,null]],"oneday":{"avg":null,"sunrise":null,"sunset":null},"tide":[null,null,null,null,null,null,null,null,null,null,null,null,null,null,null,null,null,null,null,null,null,null,null,null]}],"daily":[{"weather":[1.75,22.97],"tide":[null,null,null,null,null,null,null,null,null,null,null,null,null,null,null,null,null,null,null,null,null,null,null,null],"dailyEx":{"avg":null,"wave":null,"sunrise":null,"sunset":null}},{"weather":[1.74,21.03],"tide":[null,null,null,null,null,null,null,null,null,null,null,null,null,null,null,null,null,null,null,null,null,null,null,null],"dailyEx":{"avg":null,"wave":null,"sunrise":null,"sunset":null}},{"weather":[0.88,21.84],"tide":[null,null,null,null,null,null,null,null,null,null,null,null,null,null,null,null,null,null,null,null,null,null,null,null],"dailyEx":{"avg":null,"wave":null,"sunrise":null,"sunset":null}},{"weather":[22.59,21.89],"tide":[null,null,null,null,null,null,null,null,null,null,null,null,null,null,null,null,null,null,null,null,null,null,null,null],"dailyEx":{"avg":null,"wave":null,"sunrise":null,"sunset":null}},{"weather":[0.88,21.04],"tide":[null,null,null,null,null,null,null,null,null,null,null,null,null,null,null,null,null,null,null,null,null,null,null,null],"dailyEx":{"avg":null,"wave":null,"sunrise":null,"sunset":null}}]}
北浦中部,2026-10-05,{"hourly":[{"weather":[[1.92,20.94,0.94,0,4.43,null,null],[1.64,20.88,0,0,5.54,null,null],[2.43,21.05,0,0,6.34,null,null],[2.56,21.14,1.99,0,7.3,null,null],[1.95,21.55,7.97,0.28,7.42,null,null],[29.65,21.72,11.46,1.27,7.58,null,null],[2,22.21,11.05,2.41,7.29,null,null],[1.69,22.13,7.76,3.33,6.57,null,null],[2,22.01,5.07,2.66,6.2,null,null],[1.39,21.84,3.81,0.65,5.7,null,null],[1.31,21.73,4.12,0.15,5.26,null,null],[1.44,21.6,6.12,0.41,4.71,null,null]],"oneday":{"avg":null,"sunrise":null,"sunset":null},"tide":[null,null,null,null,null,null,null,null,null,null,null,null,null,null,null,null,null,null,null,null,null,null,null,null]},{"weather":[[1.13,21.2,6.99,1.01,4.4,null,null],[1.95,21.02,6.99,0.5,4.26,null,null],[2.31,21.22,8.36,0.13,3.96,null,null],[2.12,21.72,9.16,0.25,5.04,null,null],[2.12,22.46,10.84,0.6,5.78,null,null],[3,22.48,15.13,0.88,6.52,null,null],[2.13,22.61,16.81,0.95,7.88,null,null],[1.56,22.76,14.19,0.65,8.91,null,null],[1,22.9,8.04,0.3,8.15,null,null],[1,22.47,3.5,0.1,8.64,null,null],[1,21.91,2.24,0.05,8.12,null,null],[1.61,21.33,1.99,0.08,7.76,null,null]],"oneday":{"avg":null,"sunrise":null,"sunset":null},"tide":[null,null,null,null,null,null,null,null,null,null,null,null,null,null,null,null,null,null,null,null,null,null,null,null]},{"weather":[[1.31,20.68,1.19,0.15,6.29,null,null],[0.13,19.9,0,0.08,5.4,null,null],[0.64,19.17,0.56,0,4.69,null,null],[0.71,18.88,0.56,0.15,3.85,null,null],[0.08,20.57,0,0.15,3.91,null,null],[0.08,22.29,0.56,0.08,3.14,null,null],[0,23.1,1.12,0,2.55,null,null],[0,22.27,0,0.15,3.38,null,null],[2.64,20.03,0.01,0.26,2.8,null,null],[0,18.69,0.63,0.31,1.43,null,null],[0,18.21,1.89,0.31,3.05,null,null],[0.13,17.41,1.5,0.38,3,null,null]],"oneday":{"avg":null,"sunrise":null,"sunset":null},"tide":[null,null,null,null,null,null,null,null,null,null,null,null,null,null,null,null,null,null,null,null,null,null,null,null]}],"daily":[{"weather":[1.57,23.03],"tide":[null,null,null,null,null,null,null,null,null,null,null,null,null,null,null,null,null,null,null,null,null,null,null,null],"dailyEx":{"avg":null,"wave":null,"sunrise":null,"sunset":null}},{"weather":[1.55,21.03],"tide":[null,null,null,null,null,null,null,null,null,null,null,null,null,null,null,null,null,null,null,null,null,null,null,null],"dailyEx":{"avg":null,"wave":null,"sunrise":null,"sunset":null}},{"weather":[0.62,21.91],"tide":[null,null,null,null,null,null,null,null,null,null,null,null,null,null,null,null,null,null,null,null,null,null,null,null],"dailyEx":{"avg":null,"wave":null,"sunrise":null,"sunset":null}},{"weather":[28.96,21.88],"tide":[null,null,null,null,null,null,null,null,null,null,null,null,null,null,null,null,null,null,null,null,null,null,null,null],"dailyEx":{"avg":null,"wave":null,"sunrise":null,"sunset":null}},{"weather":[0.79,21.07],"tide":[null,null,null,null,null,null,null,null,null,null,null,null,null,null,null,null,null,null,null,null,null,null,null,null],"dailyEx":{"avg":null,"wave":null,"sunrise":null,"sunset":null}}]}
北浦南部,2026-10-05,{"hourly":[{"weather":[[1.84,21.08,0.31,0,3.96,null,null],[1.84,20.98,0,0,5.22,null,null],[2.53,21.05,0,0,6.08,null,null],[2.68,21.13,2.14,0,6.95,null,null],[1.94,21.66,8.68,0.33,7.09,null,null],[35.17,21.8,12.3,1.49,7.36,null,null],[2,22.33,11.12,2.82,6.94,null,null],[1.82,22.23,6.94,3.9,6.21,null,null],[2,22.08,4.57,3.11,5.84,null,null],[1.26,21.85,3.87,0.76,5.37,null,null],[1.1,21.76,3.9,0.18,4.99,null,null],[1.32,21.65,6.11,0.48,4.74,null,null]],"oneday":{"avg":null,"sunrise":null,"sunset":null},"tide":[null,null,null,null,null,null,null,null,null,null,null,null,null,null,null,null,null,null,null,null,null,null,null,null]},{"weather":[[1.22,21.32,6.96,1.18,4.52,null,null],[1.94,21.13,6.96,0.59,4.39,null,null],[2.18,21.32,8.6,0.15,4.19,null,null],[2.35,21.69,9.71,0.3,4.97,null,null],[2.35,22.48,11.88,0.71,5.6,null,null],[3,22.57,16.18,1.03,6.32,null,null],[2.15,22.73,18.21,1.11,7.53,null,null],[1.68,22.86,15.94,0.76,8.61,null,null],[1,22.9,8.43,0.35,8.34,null,null],[1,22.43,3.34,0.12,8.72,null,null],[1,21.94,2.85,0.06,8.19,null,null],[1.74,21.32,2.28,0.09,7.77,null,null]],"oneday":{"avg":null,"sunrise":null,"sunset":null},"tide":[null,null,null,null,null,null,null,null,null,null,null,null,null,null,null,null,null,null,null,null,null,null,null,null]},{"weather":[[1.1,20.71,0.96,0.17,6.19,null,null],[0.15,19.92,0,0.09,5.31,null,null],[0.77,19.26,0.68,0,4.69,null,null],[0.85,18.99,0.68,0.17,4.02,null,null],[0.09,20.65,0,0.17,4.02,null,null],[0.09,22.24,0.68,0.09,3.19,null,null],[0,23.03,1.35,0,2.43,null,null],[0,22.41,0,0.19,3.09,null,null],[6.7,19.98,0.29,0.31,2.79,null,null],[0,18.56,0.63,0.36,1.4,null,null],[0,18.42,0.91,0.36,3.34,null,null],[0.15,17.8,1.06,0.45,3.53,null,null]],"oneday":{"avg":null,"sunrise":null,"sunset":null},"tide":[null,null,null,null,null,null,null,null,null,null,null,null,null,null,null,null,null,null,null,null,null,null,null,null]}],"daily":[{"weather":[4.94,22.96],"tide":[null,null,null,null,null,null,null,null,null,null,null,null,null,null,null,null,null,null,null,null,null,null,null,null],"dailyEx":{"avg":null,"wave":null,"sunrise":null,"sunset":null}},{"weather":[1.26,21.08],"tide":[null,null,null,null,null,null,null,null,null,null,null,null,null,null,null,null,null,null,null,null,null,null,null,null],"dailyEx":{"avg":null,"wave":null,"sunrise":null,"sunset":null}},{"weather":[0.46,21.91],"tide":[null,null,null,null,null,null,null,null,null,null,null,null,null,null,null,null,null,null,null,null,null,null,null,null],"dailyEx":{"avg":null,"wave":null,"sunrise":null,"sunset":null}},{"weather":[34.83,21.9],"tide":[null,null,null,null,null,null,null,null,null,null,null,null,null,null,null,null,null,null,null,null,null,null,null,null],"dailyEx":{"avg":null,"wave":null,"sunrise":null,"sunset":null}},{"weather":[0.95,21.07],"tide":[null,null,null,null,null,null,null,null,null,null,null,null,null,null,null,null,null,null,null,null,null,null,null,null],"dailyEx":{"avg":null,"wave":null,"sunrise":null,"sunset":null}}]}
恋瀬川周辺,2026-10-05,{"hourly":[{"weather":[[1.89,17.85,0.56,0,5.83,null,null],[1.18,17.62,0,0,6.54,null,null],[1.32,17.77,0,0,6.85,null,null],[2.07,18.14,0.39,0,7.5,null,null],[1.36,19.27,1.58,2.65,7.38,null,null],[5.47,20.57,2.61,6.17,7.26,null,null],[2,21.75,3.16,10.19,7.65,null,null],[1.81,21.66,3.05,14.33,7.76,null,null],[2,21.45,1.97,11.67,6.77,null,null],[1.29,20.7,1.22,3.18,5.62,null,null],[1.19,20.25,1.41,1.91,5.44,null,null],[1.93,20.18,1.8,3.39,4.8,null,null]],"oneday":{"avg":null,"sunrise":null,"sunset":null},"tide":[null,null,null,null,null,null,null,null,null,null,null,null,null,null,null,null,null,null,null,null,null,null,null,null]},{"weather":[[1.74,20.06,2.06,5.94,5.19,null,null],[1.36,19.87,2.06,2.97,4.81,null,null],[2.19,19.81,2.08,0.74,4.81,null,null],[1.14,20,2.03,1.48,4.82,null,null],[1.14,21.97,2.24,2.55,5.98,null,null],[3,22.89,3.22,3.5,5.03,null,null],[2.74,23.34,3.42,3.61,6.62,null,null],[1.07,24.1,2.65,3.18,8.41,null,null],[1,23.99,1.89,2.12,7.58,null,null],[1,22.45,1.03,1.27,8.27,null,null],[1,21.25,0.28,0.64,8.69,null,null],[1.71,20.4,0.39,0.11,7.35,null,null]],"oneday":{"avg":null,"sunrise":null,"sunset":null},"tide":[null,null,null,null,null,null,null,null,null,null,null,null,null,null,null,null,null,null,null,null,null,null,null,null]},{"weather":[[1.19,19.6,0.45,0.21,6.58,null,null],[0.74,18.86,0,0.11,6.59,null,null],[0.18,18.12,0.07,0,5.9,null,null],[0.28,16.8,0.07,0.21,4.14,null,null],[0.11,19.14,0,0.21,5.34,null,null],[0.11,21.61,0.07,0.11,4.13,null,null],[0,23.42,0.14,0,4.06,null,null],[0,22.97,0,1.91,4,null,null],[32.45,20.67,0.06,3.18,4.16,null,null],[0,18,0.38,3.82,3.23,null,null],[0,16.47,1.13,3.82,7.27,null,null],[0.74,15.49,0.63,3.92,4.26,null,null]],"oneday":{"avg":null,"sunrise":null,"sunset":null},"tide":[null,null,null,null,null,null,null,null,null,null,null,null,null,null,null,null,null,null,null,null,null,null,null,null]}],"daily":[{"weather":[2.68,22.11],"tide":[null,null,null,null,null,null,null,null,null,null,null,null,null,null,null,null,null,null,null,null,null,null,null,null],"dailyEx":{"avg":null,"wave":null,"sunrise":null,"sunset":null}},{"weather":[1.27,21.77],"tide":[null,null,null,null,null,null,null,null,null,null,null,null,null,null,null,null,null,null,null,null,null,null,null,null],"dailyEx":{"avg":null,"wave":null,"sunrise":null,"sunset":null}},{"weather":[2.31,21.84],"tide":[null,null,null,null,null,null,null,null,null,null,null,null,null,null,null,null,null,null,null,null,null,null,null,null],"dailyEx":{"avg":null,"wave":null,"sunrise":null,"sunset":null}},{"weather":[4.46,22.14],"tide":[null,null,null,null,null,null,null,null,null,null,null,null,null,null,null,null,null,null,null,null,null,null,null,null],"dailyEx":{"avg":null,"wave":null,"sunrise":null,"sunset":null}},{"weather":[2.09,21.1],"tide":[null,null,null,null,null,null,null,null,null,null,null,null,null,null,null,null,null,null,null,null,null,null,null,null],"dailyEx":{"avg":null,"wave":null,"sunrise":null,"sunset":null}}]}
霞ヶ浦大橋北側,2026-10-05,{"hourly":[{"weather":[[1.88,17.98,0.58,0,5.79,null,null],[1.2,17.76,0,0,6.52,null,null],[1.37,17.91,0,0,6.86,null,null],[2.09,18.26,0.46,0,7.52,null,null],[1.4,19.37,1.83,2.53,7.41,null,null],[6.38,20.64,2.95,6,7.32,null,null],[2,21.79,3.46,9.99,7.69,null,null],[1.81,21.69,3.23,14.04,7.73,null,null],[2,21.48,2.09,11.43,6.78,null,null],[1.31,20.75,1.32,3.1,5.64,null,null],[1.19,20.32,1.51,1.81,5.45,null,null],[1.91,20.25,1.97,3.25,4.81,null,null]],"oneday":{"avg":null,"sunrise":null,"sunset":null},"tide":[null,null,null,null,null,null,null,null,null,null,null,null,null,null,null,null,null,null,null,null,null,null,null,null]},{"weather":[[1.72,20.11,2.25,5.75,5.18,null,null],[1.4,19.92,2.25,2.87,4.81,null,null],[2.19,19.87,2.32,0.72,4.8,null,null],[1.18,20.07,2.3,1.44,4.86,null,null],[1.18,21.99,2.57,2.5,6,null,null],[3,22.87,3.67,3.45,5.14,null,null],[2.72,23.31,3.94,3.56,6.72,null,null],[1.09,24.04,3.09,3.1,8.49,null,null],[1,23.94,2.13,2.04,7.65,null,null],[1,22.45,1.13,1.21,8.31,null,null],[1,21.29,0.35,0.6,8.7,null,null],[1.69,20.45,0.46,0.12,7.41,null,null]],"oneday":{"avg":null,"sunrise":null,"sunset":null},"tide":[null,null,null,null,null,null,null,null,null,null,null,null,null,null,null,null,null,null,null,null,null,null,null,null]},{"weather":[[1.19,19.65,0.48,0.23,6.57,null,null],[0.72,18.91,0,0.12,6.55,null,null],[0.2,18.17,0.09,0,5.87,null,null],[0.32,16.9,0.09,0.23,4.15,null,null],[0.12,19.2,0,0.23,5.29,null,null],[0.12,21.64,0.09,0.12,4.1,null,null],[0,23.41,0.18,0,3.98,null,null],[0,22.94,0,1.81,3.99,null,null],[30.84,20.65,0.06,3.02,4.12,null,null],[0,18.03,0.39,3.63,3.16,null,null],[0,16.55,1.16,3.63,7.07,null,null],[0.72,15.58,0.67,3.74,4.22,null,null]],"oneday":{"avg":null,"sunrise":null,"sunset":null},"tide":[null,null,null,null,null,null,null,null,null,null,null,null,null,null,null,null,null,null,null,null,null,null,null,null]}],"daily":[{"weather":[2.63,22.16],"tide":[null,null,null,null,null,null,null,null,null,null,null,null,null,null,null,null,null,null,null,null,null,null,null,null],"dailyEx":{"avg":null,"wave":null,"sunrise":null,"sunset":null}},{"weather":[1.27,21.75],"tide":[null,null,null,null,null,null,null,null,null,null,null,null,null,null,null,null,null,null,null,null,null,null,null,null],"dailyEx":{"avg":null,"wave":null,"sunrise":null,"sunset":null}},{"weather":[2.23,21.86],"tide":[null,null,null,null,null,null,null,null,null,null,null,null,null,null,null,null,null,null,null,null,null,null,null,null],"dailyEx":{"avg":null,"wave":null,"sunrise":null,"sunset":null}},{"weather":[5.39,22.14],"tide":[null,null,null,null,null,null,null,null,null,null,null,null,null,null,null,null,null,null,null,null,null,null,null,null],"dailyEx":{"avg":null,"wave":null,"sunrise":null,"sunset":null}},{"weather":[2.02,21.11],"tide":[null,null,null,null,null,null,null,null,null,null,null,null,null,null,null,null,null,null,null,null,null,null,null,null],"dailyEx":{"avg":null,"wave":null,"sunrise":null,"sunset":null}}]}
土浦港周辺,2026-10-05,{"hourly":[{"weather":[[1.76,17.24,0.18,0,6.17,null,null],[1.24,16.89,0,0,6.92,null,null],[1.06,16.98,0,0,7.3,null,null],[2,17.37,0.06,0,7.78,null,null],[1.3,18.76,0.24,3.04,7.6,null,null],[1.82,20.54,0.48,7.99,7.77,null,null],[2,21.92,0.73,14.12,8.22,null,null],[1.94,21.8,0.85,19.76,8.24,null,null],[2,21.49,0.55,15.99,7.16,null,null],[1.3,20.55,0.3,4.23,5.74,null,null],[1.06,20.01,0.36,2.1,5.58,null,null],[2,19.95,0.42,3.98,5.19,null,null]],"oneday":{"avg":null,"sunrise":null,"sunset":null},"tide":[null,null,null,null,null,null,null,null,null,null,null,null,null,null,null,null,null,null,null,null,null,null,null,null]},{"weather":[[1.94,19.91,0.48,7.52,5.86,null,null],[1.3,19.69,0.48,3.76,5.45,null,null],[2.06,19.57,0.42,0.94,5.55,null,null],[1,19.6,0.36,1.88,5.28,null,null],[1,21.85,0.36,3.53,6.42,null,null],[3,23.04,0.55,4.95,5.22,null,null],[2.94,23.61,0.55,5.18,6.89,null,null],[1,24.49,0.36,4.23,9.01,null,null],[1,24.19,0.36,2.58,8.31,null,null],[1,22.44,0.24,1.4,8.67,null,null],[1,21.21,0,0.7,9.44,null,null],[1.7,20.27,0.06,0.24,7.85,null,null]],"oneday":{"avg":null,"sunrise":null,"sunset":null},"tide":[null,null,null,null,null,null,null,null,null,null,null,null,null,null,null,null,null,null,null,null,null,null,null,null]},{"weather":[[1.06,19.42,0.12,0.47,6.81,null,null],[0.94,18.65,0,0.24,6.99,null,null],[0.24,17.96,0,0,6.44,null,null],[0.47,16.49,0,0.47,4.73,null,null],[0.24,18.85,0,0.47,5.97,null,null],[0.24,21.39,0,0.24,4.54,null,null],[0,23.48,0,0,4.26,null,null],[0,23.2,0,2.1,4.17,null,null],[35.82,20.85,0.07,3.51,4.8,null,null],[0,17.77,0.12,4.21,3.71,null,null],[0,16.24,0.36,4.21,8.26,null,null],[0.94,15.36,0.18,4.45,5.1,null,null]],"oneday":{"avg":null,"sunrise":null,"sunset":null},"tide":[null,null,null,null,null,null,null,null,null,null,null,null,null,null,null,null,null,null,null,null,null,null,null,null]}],"daily":[{"weather":[2.94,21.89],"tide":[null,null,null,null,null,null,null,null,null,null,null,null,null,null,null,null,null,null,null,null,null,null,null,null],"dailyEx":{"avg":null,"wave":null,"sunrise":null,"sunset":null}},{"weather":[0.88,22.21],"tide":[null,null,null,null,null,null,null,null,null,null,null,null,null,null,null,null,null,null,null,null,null,null,null,null],"dailyEx":{"avg":null,"wave":null,"sunrise":null,"sunset":null}},{"weather":[2.64,22.04],"tide":[null,null,null,null,null,null,null,null,null,null,null,null,null,null,null,null,null,null,null,null,null,null,null,null],"dailyEx":{"avg":null,"wave":null,"sunrise":null,"sunset":null}},{"weather":[1,22.27],"tide":[null,null,null,null,null,null,null,null,null,null,null,null,null,null,null,null,null,null,null,null,null,null,null,null],"dailyEx":{"avg":null,"wave":null,"sunrise":null,"sunset":null}},{"weather":[2.34,21.27],"tide":[null,null,null,null,null,null,null,null,null,null,null,null,null,null,null,null,null,null,null,null,null,null,null,null],"dailyEx":{"avg":null,"wave":null,"sunrise":null,"sunset":null}}]}
霞ヶ浦中部,2026-10-05,{"hourly":[{"weather":[[1.82,17.75,0.28,0,5.85,null,null],[1.27,17.45,0,0,6.64,null,null],[1.27,17.56,0,0,7.04,null,null],[2.09,17.91,0.36,0,7.6,null,null],[1.37,19.16,1.46,2.72,7.47,null,null],[6.36,20.64,2.19,6.91,7.55,null,null],[2,21.9,2.29,11.96,7.89,null,null],[1.91,21.79,1.84,16.77,7.9,null,null],[2,21.52,1.19,13.6,6.9,null,null],[1.27,20.7,0.82,3.63,5.64,null,null],[1.09,20.22,0.92,1.91,5.47,null,null],[1.91,20.16,1.28,3.54,5.05,null,null]],"oneday":{"avg":null,"sunrise":null,"sunset":null},"tide":[null,null,null,null,null,null,null,null,null,null,null,null,null,null,null,null,null,null,null,null,null,null,null,null]},{"weather":[[1.82,20.07,1.46,6.54,5.57,null,null],[1.37,19.86,1.46,3.27,5.19,null,null],[2.09,19.78,1.64,0.82,5.24,null,null],[1.18,19.89,1.73,1.63,5.12,null,null],[1.18,21.93,2.01,2.99,6.23,null,null],[3,22.96,2.83,4.17,5.23,null,null],[2.82,23.46,3.1,4.35,6.82,null,null],[1.09,24.24,2.55,3.63,8.79,null,null],[1,24.03,1.55,2.27,8.13,null,null],[1,22.44,0.73,1.27,8.58,null,null],[1,21.28,0.36,0.63,9.13,null,null],[1.73,20.39,0.36,0.18,7.7,null,null]],"oneday":{"avg":null,"sunrise":null,"sunset":null},"tide":[null,null,null,null,null,null,null,null,null,null,null,null,null,null,null,null,null,null,null,null,null,null,null,null]},{"weather":[[1.09,19.58,0.28,0.36,6.7,null,null],[0.82,18.82,0,0.18,6.74,null,null],[0.27,18.12,0.09,0,6.14,null,null],[0.45,16.78,0.09,0.36,4.5,null,null],[0.18,19.08,0,0.36,5.63,null,null],[0.18,21.51,0.09,0.18,4.31,null,null],[0,23.41,0.18,0,4.07,null,null],[0,23.08,0,1.91,4,null,null],[32.49,20.72,0.06,3.18,4.44,null,null],[0,17.91,0.18,3.82,3.37,null,null],[0,16.53,0.55,3.82,7.61,null,null],[0.82,15.65,0.37,4,4.77,null,null]],"oneday":{"avg":null,"sunrise":null,"sunset":null},"tide":[null,null,null,null,null,null,null,null,null,null,null,null,null,null,null,null,null,null,null,null,null,null,null,null]}],"daily":[{"weather":[2.73,22.02],"tide":[null,null,null,null,null,null,null,null,null,null,null,null,null,null,null,null,null,null,null,null,null,null,null,null],"dailyEx":{"avg":null,"wave":null,"sunrise":null,"sunset":null}},{"weather":[1,21.98],"tide":[null,null,null,null,null,null,null,null,null,null,null,null,null,null,null,null,null,null,null,null,null,null,null,null],"dailyEx":{"avg":null,"wave":null,"sunrise":null,"sunset":null}},{"weather":[2.36,21.96],"tide":[null,null,null,null,null,null,null,null,null,null,null,null,null,null,null,null,null,null,null,null,null,null,null,null],"dailyEx":{"avg":null,"wave":null,"sunrise":null,"sunset":null}},{"weather":[5.54,22.2],"tide":[null,null,null,null,null,null,null,null,null,null,null,null,null,null,null,null,null,null,null,null,null,null,null,null],"dailyEx":{"avg":null,"wave":null,"sunrise":null,"sunset":null}},{"weather":[2.18,21.19],"tide":[null,null,null,null,null,null,null,null,null,null,null,null,null,null,null,null,null,null,null,null,null,null,null,null],"dailyEx":{"avg":null,"wave":null,"sunrise":null,"sunset":null}}]}
霞ヶ浦大橋周辺,2026-10-05,{"hourly":[{"weather":[[1.86,19.08,0.87,0,5.45,null,null],[1.35,18.92,0,0,6.3,null,null],[1.72,19.1,0,0,6.84,null,null],[2.22,19.34,0.94,0,7.62,null,null],[1.64,20.16,3.77,1.57,7.6,null,null],[12.8,21.1,5.79,4.26,7.66,null,null],[2,21.99,6.3,7.51,7.82,null,null],[1.71,21.9,5.36,10.51,7.47,null,null],[2,21.71,3.48,8.5,6.75,null,null],[1.42,21.2,2.32,2.24,5.82,null,null],[1.29,20.88,2.61,1.08,5.48,null,null],[1.78,20.78,3.55,2.06,4.8,null,null]],"oneday":{"avg":null,"sunrise":null,"sunset":null},"tide":[null,null,null,null,null,null,null,null,null,null,null,null,null,null,null,null,null,null,null,null,null,null,null,null]},{"weather":[[1.49,20.51,4.05,3.95,4.91,null,null],[1.64,20.32,4.05,1.97,4.63,null,null],[2.29,20.38,4.42,0.49,4.48,null,null],[1.44,20.72,4.56,0.99,5.05,null,null],[1.44,22.19,5.22,1.88,6.01,null,null],[3,22.71,7.39,2.64,5.87,null,null],[2.49,23.03,8.04,2.77,7.43,null,null],[1.22,23.54,6.52,2.24,8.85,null,null],[1,23.53,4.13,1.34,7.88,null,null],[1,22.47,2.03,0.72,8.45,null,null],[1,21.54,0.87,0.36,8.53,null,null],[1.58,20.82,0.94,0.14,7.64,null,null]],"oneday":{"avg":null,"sunrise":null,"sunset":null},"tide":[null,null,null,null,null,null,null,null,null,null,null,null,null,null,null,null,null,null,null,null,null,null,null,null]},{"weather":[[1.29,20.05,0.8,0.27,6.49,null,null],[0.49,19.29,0,0.14,6.14,null,null],[0.35,18.54,0.22,0,5.45,null,null],[0.48,17.68,0.22,0.27,4.1,null,null],[0.14,19.73,0,0.27,4.76,null,null],[0.14,21.93,0.22,0.14,3.74,null,null],[0,23.35,0.44,0,3.38,null,null],[0,22.64,0,1.08,3.88,null,null],[18.36,20.43,0.04,1.8,3.68,null,null],[0,18.29,0.58,2.16,2.53,null,null],[0,17.08,1.74,2.16,5.34,null,null],[0.49,16.15,1.08,2.29,3.62,null,null]],"oneday":{"avg":null,"sunrise":null,"sunset":null},"tide":[null,null,null,null,null,null,null,null,null,null,null,null,null,null,null,null,null,null,null,null,null,null,null,null]}],"daily":[{"weather":[2.28,22.56],"tide":[null,null,null,null,null,null,null,null,null,null,null,null,null,null,null,null,null,null,null,null,null,null,null,null],"dailyEx":{"avg":null,"wave":null,"sunrise":null,"sunset":null}},{"weather":[1.44,21.53],"tide":[null,null,null,null,null,null,null,null,null,null,null,null,null,null,null,null,null,null,null,null,null,null,null,null],"dailyEx":{"avg":null,"wave":null,"sunrise":null,"sunset":null}},{"weather":[1.63,21.94],"tide":[null,null,null,null,null,null,null,null,null,null,null,null,null,null,null,null,null,null,null,null,null,null,null,null],"dailyEx":{"avg":null,"wave":null,"sunrise":null,"sunset":null}},{"weather":[11.86,22.05],"tide":[null,null,null,null,null,null,null,null,null,null,null,null,null,null,null,null,null,null,null,null,null,null,null,null],"dailyEx":{"avg":null,"wave":null,"sunrise":null,"sunset":null}},{"weather":[1.43,21.16],"tide":[null,null,null,null,null,null,null,null,null,null,null,null,null,null,null,null,null,null,null,null,null,null,null,null],"dailyEx":{"avg":null,"wave":null,"sunrise":null,"sunset":null}}]}
外浪逆浦,2026-10-05,{"hourly":[{"weather":[[1.9,21.31,0.21,0,4.15,null,null],[1.86,21.18,0,0,5.36,null,null],[2.58,21.26,0,0,6.09,null,null],[8.88,21.28,2.33,0.06,6.83,null,null],[1.81,21.79,9.33,0.39,7.06,null,null],[32.79,22,12.64,1.73,7.31,null,null],[2,22.48,10.66,3.32,6.94,null,null],[2.05,22.37,5.53,4.6,6.41,null,null],[2,22.22,3.66,3.67,5.99,null,null],[1.18,21.96,3.37,0.9,5.56,null,null],[1.07,21.86,3.45,0.21,5.21,null,null],[1.25,21.73,5.78,0.56,5.3,null,null]],"oneday":{"avg":null,"sunrise":null,"sunset":null},"tide":[null,null,null,null,null,null,null,null,null,null,null,null,null,null,null,null,null,null,null,null,null,null,null,null]},{"weather":[[1.3,21.44,6.61,1.39,5.14,null,null],[1.93,21.23,6.61,0.7,5.16,null,null],[2.07,21.38,8.8,0.17,4.91,null,null],[2.51,21.71,10.23,0.35,5.61,null,null],[2.51,22.41,12.49,0.83,6.24,null,null],[9.12,22.57,17.23,1.3,6.88,null,null],[2.17,22.77,19.5,1.31,8.13,null,null],[1.75,22.86,17.02,0.9,9.53,null,null],[1.12,22.89,8.72,0.42,9.5,null,null],[1,22.47,3.3,0.14,9.76,null,null],[1,22.01,3.02,0.07,9.26,null,null],[1.7,21.38,2.33,0.1,8.61,null,null]],"oneday":{"avg":null,"sunrise":null,"sunset":null},"tide":[null,null,null,null,null,null,null,null,null,null,null,null,null,null,null,null,null,null,null,null,null,null,null,null]},{"weather":[[1.07,20.81,0.9,0.21,7.04,null,null],[0.17,20.06,0,0.1,5.98,null,null],[0.86,19.47,0.75,0,5.32,null,null],[0.96,19.14,0.75,0.21,4.69,null,null],[0.23,20.59,0,0.21,4.47,null,null],[0.1,21.98,0.75,0.1,3.42,null,null],[0,22.8,1.51,0,2.62,null,null],[0,22.37,0,0.21,3.14,null,null],[3.65,20.01,0.01,0.36,2.88,null,null],[0,18.63,0.14,0.43,1.47,null,null],[0,18.71,0.43,0.43,3.61,null,null],[0.17,18.16,0.97,0.53,4.11,null,null]],"oneday":{"avg":null,"sunrise":null,"sunset":null},"tide":[null,null,null,null,null,null,null,null,null,null,null,null,null,null,null,null,null,null,null,null,null,null,null,null]}],"daily":[{"weather":[1.54,22.7],"tide":[null,null,null,null,null,null,null,null,null,null,null,null,null,null,null,null,null,null,null,null,null,null,null,null],"dailyEx":{"avg":null,"wave":null,"sunrise":null,"sunset":null}},{"weather":[0.92,21.16],"tide":[null,null,null,null,null,null,null,null,null,null,null,null,null,null,null,null,null,null,null,null,null,null,null,null],"dailyEx":{"avg":null,"wave":null,"sunrise":null,"sunset":null}},{"weather":[0.49,21.96],"tide":[null,null,null,null,null,null,null,null,null,null,null,null,null,null,null,null,null,null,null,null,null,null,null,null],"dailyEx":{"avg":null,"wave":null,"sunrise":null,"sunset":null}},{"weather":[32.82,22],"tide":[null,null,null,null,null,null,null,null,null,null,null,null,null,null,null,null,null,null,null,null,null,null,null,null],"dailyEx":{"avg":null,"wave":null,"sunrise":null,"sunset":null}},{"weather":[1.07,21.08],"tide":[null,null,null,null,null,null,null,null,null,null,null,null,null,null,null,null,null,null,null,null,null,null,null,null],"dailyEx":{"avg":null,"wave":null,"sunrise":null,"sunset":null}}]}
常陸利根川,2026-10-05,{"hourly":[{"weather":[[1.85,21.61,0,0,4.34,null,null],[1.96,21.47,0,0,5.47,null,null],[2.62,21.56,0,0,6.05,null,null],[16.7,21.51,2.44,0.14,6.62,null,null],[1.69,21.99,9.74,0.3,6.99,null,null],[27.74,22.34,12.99,1.91,7.28,null,null],[2,22.72,10.55,4.05,7,null,null],[2.28,22.61,4.87,5.59,6.61,null,null],[2,22.44,3.25,4.43,6.14,null,null],[1.15,22.14,3.25,1.05,5.79,null,null],[1,22.04,3.25,0.11,5.39,null,null],[1.19,21.88,5.68,0.49,5.82,null,null]],"oneday":{"avg":null,"sunrise":null,"sunset":null},"tide":[null,null,null,null,null,null,null,null,null,null,null,null,null,null,null,null,null,null,null,null,null,null,null,null]},{"weather":[[1.47,21.62,6.5,1.5,5.77,null,null],[1.96,21.41,6.5,0.75,5.95,null,null],[2,21.53,8.93,0.19,5.68,null,null],[2.62,21.79,10.55,0.38,6.29,null,null],[2.62,22.41,12.99,1.02,6.82,null,null],[16.89,22.58,17.86,1.7,7.57,null,null],[2.19,22.83,20.3,1.65,8.87,null,null],[1.81,22.9,17.86,1.05,10.4,null,null],[1.28,22.88,8.93,0.41,10.66,null,null],[1,22.53,3.25,0.08,10.84,null,null],[1,22.12,3.25,0.04,10.37,null,null],[1.57,21.49,2.44,0.15,9.53,null,null]],"oneday":{"avg":null,"sunrise":null,"sunset":null},"tide":[null,null,null,null,null,null,null,null,null,null,null,null,null,null,null,null,null,null,null,null,null,null,null,null]},{"weather":[[1,20.96,0.81,0.3,7.94,null,null],[0.19,20.27,0,0.15,6.7,null,null],[0.96,19.75,0.81,0,6,null,null],[1.11,19.44,0.81,0.3,5.54,null,null],[0.43,20.6,0,0.3,4.93,null,null],[0.15,21.77,0.81,0.15,3.65,null,null],[0,22.6,1.62,0,2.63,null,null],[0,22.28,0,0.11,3.19,null,null],[1.96,20.01,0,0.19,2.92,null,null],[0,18.62,0,0.23,1.56,null,null],[0,18.91,0,0.23,3.63,null,null],[0.19,18.49,0.81,0.38,4.65,null,null]],"oneday":{"avg":null,"sunrise":null,"sunset":null},"tide":[null,null,null,null,null,null,null,null,null,null,null,null,null,null,null,null,null,null,null,null,null,null,null,null]}],"daily":[{"weather":[1.65,22.52],"tide":[null,null,null,null,null,null,null,null,null,null,null,null,null,null,null,null,null,null,null,null,null,null,null,null],"dailyEx":{"avg":null,"wave":null,"sunrise":null,"sunset":null}},{"weather":[0.57,21.28],"tide":[null,null,null,null,null,null,null,null,null,null,null,null,null,null,null,null,null,null,null,null,null,null,null,null],"dailyEx":{"avg":null,"wave":null,"sunrise":null,"sunset":null}},{"weather":[0.41,22.06],"tide":[null,null,null,null,null,null,null,null,null,null,null,null,null,null,null,null,null,null,null,null,null,null,null,null],"dailyEx":{"avg":null,"wave":null,"sunrise":null,"sunset":null}},{"weather":[28.26,22.13],"tide":[null,null,null,null,null,null,null,null,null,null,null,null,null,null,null,null,null,null,null,null,null,null,null,null],"dailyEx":{"avg":null,"wave":null,"sunrise":null,"sunset":null}},{"weather":[1.08,21.15],"tide":[null,null,null,null,null,null,null,null,null,null,null,null,null,null,null,null,null,null,null,null,null,null,null,null],"dailyEx":{"avg":null,"wave":null,"sunrise":null,"sunset":null}}]}
堀割川,2026-10-05,{"hourly":[{"weather":[[1.93,21.45,0.22,0,3.71,null,null],[1.88,21.33,0,0,5.08,null,null],[2.7,21.37,0,0,6.01,null,null],[2.81,21.41,2.51,0,6.88,null,null],[1.95,21.9,10.04,0.25,7.04,null,null],[41.77,21.87,13.58,1.21,7.32,null,null],[2,22.38,11.44,2.18,6.76,null,null],[1.93,22.28,5.91,3.02,6.03,null,null],[2,22.14,3.92,2.4,5.71,null,null],[1.14,21.94,3.62,0.59,5.31,null,null],[1.07,21.87,3.69,0.14,4.98,null,null],[1.19,21.76,6.2,0.37,4.95,null,null]],"oneday":{"avg":null,"sunrise":null,"sunset":null},"tide":[null,null,null,null,null,null,null,null,null,null,null,null,null,null,null,null,null,null,null,null,null,null,null,null]},{"weather":[[1.11,21.45,7.09,0.91,4.68,null,null],[1.95,21.25,7.09,0.46,4.59,null,null],[2.07,21.43,9.45,0.11,4.36,null,null],[2.62,21.81,11,0.23,5.14,null,null],[2.62,22.44,13.43,0.55,5.78,null,null],[3,22.55,18.52,0.79,6.46,null,null],[2.11,22.7,20.96,0.86,7.62,null,null],[1.81,22.73,18.3,0.59,8.91,null,null],[1,22.79,9.37,0.27,8.85,null,null],[1,22.42,3.54,0.09,9.07,null,null],[1,22.01,3.25,0.05,8.44,null,null],[1.86,21.38,2.51,0.07,8,null,null]],"oneday":{"avg":null,"sunrise":null,"sunset":null},"tide":[null,null,null,null,null,null,null,null,null,null,null,null,null,null,null,null,null,null,null,null,null,null,null,null]},{"weather":[[1.07,20.81,0.96,0.13,6.32,null,null],[0.11,20.01,0,0.07,5.3,null,null],[0.88,19.38,0.81,0,4.7,null,null],[0.95,19.15,0.81,0.13,4.09,null,null],[0.07,20.74,0,0.13,4.03,null,null],[0.07,22.16,0.81,0.07,3.18,null,null],[0,22.87,1.62,0,2.46,null,null],[0,22.43,0,0.14,2.94,null,null],[2.39,19.95,0.01,0.23,2.75,null,null],[0,18.68,0.15,0.28,1.19,null,null],[0,18.87,0.45,0.28,3.33,null,null],[0.11,18.29,1.03,0.35,3.8,null,null]],"oneday":{"avg":null,"sunrise":null,"sunset":null},"tide":[null,null,null,null,null,null,null,null,null,null,null,null,null,null,null,null,null,null,null,null,null,null,null,null]}],"daily":[{"weather":[1.3,22.87],"tide":[null,null,null,null,null,null,null,null,null,null,null,null,null,null,null,null,null,null,null,null,null,null,null,null],"dailyEx":{"avg":null,"wave":null,"sunrise":null,"sunset":null}},{"weather":[1.08,21.03],"tide":[null,null,null,null,null,null,null,null,null,null,null,null,null,null,null,null,null,null,null,null,null,null,null,null],"dailyEx":{"avg":null,"wave":null,"sunrise":null,"sunset":null}},{"weather":[0.35,21.9],"tide":[null,null,null,null,null,null,null,null,null,null,null,null,null,null,null,null,null,null,null,null,null,null,null,null],"dailyEx":{"avg":null,"wave":null,"sunrise":null,"sunset":null}},{"weather":[41.58,21.87],"tide":[null,null,null,null,null,null,null,null,null,null,null,null,null,null,null,null,null,null,null,null,null,null,null,null],"dailyEx":{"avg":null,"wave":null,"sunrise":null,"sunset":null}},{"weather":[1.02,21.02],"tide":[null,null,null,null,null,null,null,null,null,null,null,null,null,null,null,null,null,null,null,null,null,null,null,null],"dailyEx":{"avg":null,"wave":null,"sunrise":null,"sunset":null}}]}
北利根川周辺,2026-10-05,{"hourly":[{"weather":[[1.82,20.3,0.23,0,4.53,null,null],[1.75,20.08,0,0,5.75,null,null],[2.2,20.14,0,0,6.6,null,null],[2.56,20.26,1.77,0,7.34,null,null],[1.82,21.01,7.07,0.9,7.4,null,null],[29.51,21.61,9.64,3.34,7.81,null,null],[2,22.36,8.26,6.45,7.52,null,null],[1.92,22.25,4.47,8.95,6.84,null,null],[2,22.03,2.95,7.16,6.34,null,null],[1.26,21.62,2.64,1.79,5.59,null,null],[1.08,21.41,2.72,0.54,5.25,null,null],[1.44,21.31,4.49,1.26,5.16,null,null]],"oneday":{"avg":null,"sunrise":null,"sunset":null},"tide":[null,null,null,null,null,null,null,null,null,null,null,null,null,null,null,null,null,null,null,null,null,null,null,null]},{"weather":[[1.36,21.05,5.13,2.87,5.17,null,null],[1.82,20.84,5.13,1.44,5,null,null],[2.08,20.94,6.74,0.36,4.86,null,null],[2.13,21.22,7.79,0.72,5.43,null,null],[2.13,22.29,9.48,1.61,6.16,null,null],[3,22.69,13.09,2.33,6.45,null,null],[2.36,22.96,14.79,2.51,7.79,null,null],[1.56,23.24,12.86,1.79,9.31,null,null],[1,23.15,6.66,0.89,9,null,null],[1,22.44,2.56,0.36,9.12,null,null],[1,21.83,2.25,0.18,8.95,null,null],[1.74,21.13,1.77,0.18,8.22,null,null]],"oneday":{"avg":null,"sunrise":null,"sunset":null},"tide":[null,null,null,null,null,null,null,null,null,null,null,null,null,null,null,null,null,null,null,null,null,null,null,null]},{"weather":[[1.08,20.46,0.72,0.36,6.52,null,null],[0.36,19.65,0,0.18,5.83,null,null],[0.75,19,0.56,0,5.28,null,null],[0.92,18.49,0.56,0.36,4.48,null,null],[0.18,20.23,0,0.36,4.66,null,null],[0.18,21.96,0.56,0.18,3.61,null,null],[0,23.08,1.13,0,2.87,null,null],[0,22.63,0,0.54,3.37,null,null],[9.19,20.21,0.02,0.9,3.47,null,null],[0,18.42,0.16,1.08,1.94,null,null],[0,18.12,0.47,1.08,4.54,null,null],[0.36,17.48,0.8,1.26,4.23,null,null]],"oneday":{"avg":null,"sunrise":null,"sunset":null},"tide":[null,null,null,null,null,null,null,null,null,null,null,null,null,null,null,null,null,null,null,null,null,null,null,null]}],"daily":[{"weather":[1.8,22.65],"tide":[null,null,null,null,null,null,null,null,null,null,null,null,null,null,null,null,null,null,null,null,null,null,null,null],"dailyEx":{"avg":null,"wave":null,"sunrise":null,"sunset":null}},{"weather":[0.97,21.47],"tide":[null,null,null,null,null,null,null,null,null,null,null,null,null,null,null,null,null,null,null,null,null,null,null,null],"dailyEx":{"avg":null,"wave":null,"sunrise":null,"sunset":null}},{"weather":[0.97,22.05],"tide":[null,null,null,null,null,null,null,null,null,null,null,null,null,null,null,null,null,null,null,null,null,null,null,null],"dailyEx":{"avg":null,"wave":null,"sunrise":null,"sunset":null}},{"weather":[29.17,22.02],"tide":[null,null,null,null,null,null,null,null,null,null,null,null,null,null,null,null,null,null,null,null,null,null,null,null],"dailyEx":{"avg":null,"wave":null,"sunrise":null,"sunset":null}},{"weather":[1.28,21.18],"tide":[null,null,null,null,null,null,null,null,null,null,null,null,null,null,null,null,null,null,null,null,null,null,null,null],"dailyEx":{"avg":null,"wave":null,"sunrise":null,"sunset":null}}]}
霞ヶ浦東岸,2026-10-05,{"hourly":[{"weather":[[1.76,19.53,0.46,0,5.32,null,null],[1.58,19.29,0,0,6.31,null,null],[1.84,19.42,0,0,6.97,null,null],[5.3,19.58,1.19,0.03,7.62,null,null],[1.68,20.43,4.74,1.3,7.66,null,null],[15.84,21.48,6.73,4.55,8.04,null,null],[2,22.33,6.31,8.86,8.06,null,null],[1.91,22.22,4.2,12.32,7.53,null,null],[2,21.97,2.75,9.87,6.87,null,null],[1.39,21.43,2.14,2.48,5.93,null,null],[1.15,21.13,2.29,0.8,5.55,null,null],[1.66,21.01,3.48,1.8,5.31,null,null]],"oneday":{"avg":null,"sunrise":null,"sunset":null},"tide":[null,null,null,null,null,null,null,null,null,null,null,null,null,null,null,null,null,null,null,null,null,null,null,null]},{"weather":[[1.56,20.76,3.98,4.02,5.5,null,null],[1.74,20.55,3.98,2.01,5.33,null,null],[2.15,20.61,4.86,0.5,5.19,null,null],[1.69,20.85,5.4,1,5.71,null,null],[1.69,22.21,6.43,2.22,6.51,null,null],[5.96,22.75,8.95,3.23,6.59,null,null],[2.5,23.1,9.99,3.43,8.12,null,null],[1.34,23.54,8.5,2.48,9.71,null,null],[1.06,23.42,4.7,1.27,9.09,null,null],[1,22.48,1.99,0.53,9.31,null,null],[1,21.71,1.38,0.26,9.42,null,null],[1.55,20.97,1.19,0.24,8.48,null,null]],"oneday":{"avg":null,"sunrise":null,"sunset":null},"tide":[null,null,null,null,null,null,null,null,null,null,null,null,null,null,null,null,null,null,null,null,null,null,null,null]},{"weather":[[1.15,20.24,0.65,0.47,6.94,null,null],[0.5,19.46,0,0.24,6.42,null,null],[0.58,18.8,0.34,0,5.83,null,null],[0.82,18.07,0.34,0.47,4.83,null,null],[0.3,19.87,0,0.47,5.11,null,null],[0.24,21.82,0.34,0.24,3.91,null,null],[0,23.2,0.69,0,3.18,null,null],[0,22.64,0,0.8,3.8,null,null],[13.62,20.4,0.03,1.33,3.85,null,null],[0,18.27,0.3,1.6,2.48,null,null],[0,17.49,0.92,1.6,5.19,null,null],[0.5,16.76,0.8,1.84,4.31,null,null]],"oneday":{"avg":null,"sunrise":null,"sunset":null},"tide":[null,null,null,null,null,null,null,null,null,null,null,null,null,null,null,null,null,null,null,null,null,null,null,null]}],"daily":[{"weather":[2.22,22.5],"tide":[null,null,null,null,null,null,null,null,null,null,null,null,null,null,null,null,null,null,null,null,null,null,null,null],"dailyEx":{"avg":null,"wave":null,"sunrise":null,"sunset":null}},{"weather":[1.01,21.72],"tide":[null,null,null,null,null,null,null,null,null,null,null,null,null,null,null,null,null,null,null,null,null,null,null,null],"dailyEx":{"avg":null,"wave":null,"sunrise":null,"sunset":null}},{"weather":[1.42,22.13],"tide":[null,null,null,null,null,null,null,null,null,null,null,null,null,null,null,null,null,null,null,null,null,null,null,null],"dailyEx":{"avg":null,"wave":null,"sunrise":null,"sunset":null}},{"weather":[15.39,22.14],"tide":[null,null,null,null,null,null,null,null,null,null,null,null,null,null,null,null,null,null,null,null,null,null,null,null],"dailyEx":{"avg":null,"wave":null,"sunrise":null,"sunset":null}},{"weather":[1.38,21.29],"tide":[null,null,null,null,null,null,null,null,null,null,null,null,null,null,null,null,null,null,null,null,null,null,null,null],"dailyEx":{"avg":null,"wave":null,"sunrise":null,"sunset":null}}]}
霞ヶ浦南部,2026-10-05,{"hourly":[{"weather":[[1.73,19.57,0.28,0,5.25,null,null],[1.65,19.3,0,0,6.3,null,null],[1.86,19.4,0,0,7,null,null],[5.57,19.55,1.24,0.03,7.61,null,null],[1.68,20.44,4.95,1.31,7.65,null,null],[17.31,21.54,6.85,4.79,8.12,null,null],[2,22.41,6.08,9.45,8.09,null,null],[1.97,22.29,3.6,13.12,7.52,null,null],[2,22.02,2.37,10.5,6.87,null,null],[1.36,21.45,1.99,2.62,5.91,null,null],[1.09,21.15,2.09,0.79,5.54,null,null],[1.62,21.03,3.32,1.83,5.44,null,null]],"oneday":{"avg":null,"sunrise":null,"sunset":null},"tide":[null,null,null,null,null,null,null,null,null,null,null,null,null,null,null,null,null,null,null,null,null,null,null,null]},{"weather":[[1.59,20.81,3.8,4.2,5.68,null,null],[1.74,20.59,3.8,2.1,5.52,null,null],[2.09,20.64,4.85,0.53,5.4,null,null],[1.76,20.83,5.52,1.05,5.84,null,null],[1.76,22.2,6.66,2.36,6.62,null,null],[6.19,22.78,9.23,3.46,6.68,null,null],[2.53,23.15,10.37,3.67,8.2,null,null],[1.38,23.58,8.95,2.62,9.87,null,null],[1.06,23.41,4.75,1.31,9.39,null,null],[1,22.47,1.9,0.53,9.49,null,null],[1,21.74,1.52,0.26,9.64,null,null],[1.58,20.98,1.24,0.27,8.65,null,null]],"oneday":{"avg":null,"sunrise":null,"sunset":null},"tide":[null,null,null,null,null,null,null,null,null,null,null,null,null,null,null,null,null,null,null,null,null,null,null,null]},{"weather":[[1.09,20.26,0.57,0.52,7.01,null,null],[0.53,19.47,0,0.27,6.48,null,null],[0.65,18.83,0.38,0,5.92,null,null],[0.91,18.11,0.38,0.52,5.01,null,null],[0.33,19.87,0,0.52,5.23,null,null],[0.27,21.77,0.38,0.27,3.98,null,null],[0,23.17,0.76,0,3.17,null,null],[0,22.69,0,0.79,3.75,null,null],[13.4,20.4,0.03,1.31,3.94,null,null],[0,18.24,0.19,1.58,2.5,null,null],[0,17.59,0.56,1.58,5.31,null,null],[0.53,16.92,0.66,1.84,4.58,null,null]],"oneday":{"avg":null,"sunrise":null,"sunset":null},"tide":[null,null,null,null,null,null,null,null,null,null,null,null,null,null,null,null,null,null,null,null,null,null,null,null]}],"daily":[{"weather":[2.21,22.46],"tide":[null,null,null,null,null,null,null,null,null,null,null,null,null,null,null,null,null,null,null,null,null,null,null,null],"dailyEx":{"avg":null,"wave":null,"sunrise":null,"sunset":null}},{"weather":[0.86,21.79],"tide":[null,null,null,null,null,null,null,null,null,null,null,null,null,null,null,null,null,null,null,null,null,null,null,null],"dailyEx":{"avg":null,"wave":null,"sunrise":null,"sunset":null}},{"weather":[1.4,22.17],"tide":[null,null,null,null,null,null,null,null,null,null,null,null,null,null,null,null,null,null,null,null,null,null,null,null],"dailyEx":{"avg":null,"wave":null,"sunrise":null,"sunset":null}},{"weather":[16.99,22.16],"tide":[null,null,null,null,null,null,null,null,null,null,null,null,null,null,null,null,null,null,null,null,null,null,null,null],"dailyEx":{"avg":null,"wave":null,"sunrise":null,"sunset":null}},{"weather":[1.43,21.32],"tide":[null,null,null,null,null,null,null,null,null,null,null,null,null,null,null,null,null,null,null,null,null,null,null,null],"dailyEx":{"avg":null,"wave":null,"sunrise":null,"sunset":null}}]}
古渡入周辺,2026-10-05,{"hourly":[{"weather":[[1.69,18.81,0.32,0,5.59,null,null],[1.54,18.49,0,0,6.6,null,null],[1.57,18.58,0,0,7.33,null,null],[2.23,18.8,0.8,0,7.92,null,null],[1.65,19.86,3.21,1.73,7.85,null,null],[13.16,21.25,4.56,5.95,8.38,null,null],[2,22.3,4.29,11.59,8.46,null,null],[1.89,22.18,2.88,16.11,7.87,null,null],[2,21.87,1.89,12.91,7.12,null,null],[1.41,21.19,1.46,3.25,5.94,null,null],[1.11,20.81,1.57,1.07,5.6,null,null],[1.77,20.71,2.37,2.39,5.36,null,null]],"oneday":{"avg":null,"sunrise":null,"sunset":null},"tide":[null,null,null,null,null,null,null,null,null,null,null,null,null,null,null,null,null,null,null,null,null,null,null,null]},{"weather":[[1.66,20.51,2.71,5.29,5.72,null,null],[1.65,20.29,2.71,2.65,5.45,null,null],[2.11,20.3,3.3,0.66,5.4,null,null],[1.46,20.46,3.65,1.32,5.73,null,null],[1.46,22.11,4.35,2.9,6.59,null,null],[3,22.87,6.06,4.17,6.36,null,null],[2.66,23.28,6.76,4.47,7.96,null,null],[1.23,23.86,5.74,3.25,9.73,null,null],[1,23.62,3.19,1.68,9.04,null,null],[1,22.45,1.35,0.71,9.1,null,null],[1,21.6,0.93,0.35,9.49,null,null],[1.59,20.79,0.8,0.31,8.4,null,null]],"oneday":{"avg":null,"sunrise":null,"sunset":null},"tide":[null,null,null,null,null,null,null,null,null,null,null,null,null,null,null,null,null,null,null,null,null,null,null,null]},{"weather":[[1.11,19.99,0.44,0.61,6.76,null,null],[0.66,19.18,0,0.31,6.49,null,null],[0.54,18.5,0.23,0,5.98,null,null],[0.84,17.62,0.23,0.61,4.89,null,null],[0.31,19.59,0,0.61,5.41,null,null],[0.31,21.73,0.23,0.31,4.14,null,null],[0,23.35,0.46,0,3.4,null,null],[0,22.86,0,1.07,3.95,null,null],[18.21,20.56,0.04,1.78,4.34,null,null],[0,18.08,0.21,2.14,2.87,null,null],[0,17.12,0.64,2.14,6.04,null,null],[0.66,16.38,0.55,2.44,4.67,null,null]],"oneday":{"avg":null,"sunrise":null,"sunset":null},"tide":[null,null,null,null,null,null,null,null,null,null,null,null,null,null,null,null,null,null,null,null,null,null,null,null]}],"daily":[{"weather":[2.43,22.39],"tide":[null,null,null,null,null,null,null,null,null,null,null,null,null,null,null,null,null,null,null,null,null,null,null,null],"dailyEx":{"avg":null,"wave":null,"sunrise":null,"sunset":null}},{"weather":[0.91,22],"tide":[null,null,null,null,null,null,null,null,null,null,null,null,null,null,null,null,null,null,null,null,null,null,null,null],"dailyEx":{"avg":null,"wave":null,"sunrise":null,"sunset":null}},{"weather":[1.78,22.22],"tide":[null,null,null,null,null,null,null,null,null,null,null,null,null,null,null,null,null,null,null,null,null,null,null,null],"dailyEx":{"avg":null,"wave":null,"sunrise":null,"sunset":null}},{"weather":[12.59,22.19],"tide":[null,null,null,null,null,null,null,null,null,null,null,null,null,null,null,null,null,null,null,null,null,null,null,null],"dailyEx":{"avg":null,"wave":null,"sunrise":null,"sunset":null}},{"weather":[1.61,21.38],"tide":[null,null,null,null,null,null,null,null,null,null,null,null,null,null,null,null,null,null,null,null,null,null,null,null],"dailyEx":{"avg":null,"wave":null,"sunrise":null,"sunset":null}}]}
新利根川周辺,2026-10-05,{"hourly":[{"weather":[[1.69,19.05,0.26,0,5.44,null,null],[1.6,18.74,0,0,6.5,null,null],[1.66,18.81,0,0,7.29,null,null],[2.29,19.01,0.95,0,7.88,null,null],[1.69,20.04,3.81,1.57,7.83,null,null],[15.92,21.35,5.31,5.67,8.41,null,null],[2,22.36,4.8,11.18,8.41,null,null],[1.91,22.24,2.95,15.53,7.75,null,null],[2,21.93,1.94,12.43,7.05,null,null],[1.4,21.28,1.59,3.11,5.92,null,null],[1.09,20.92,1.68,0.95,5.56,null,null],[1.71,20.82,2.63,2.19,5.39,null,null]],"oneday":{"avg":null,"sunrise":null,"sunset":null},"tide":[null,null,null,null,null,null,null,null,null,null,null,null,null,null,null,null,null,null,null,null,null,null,null,null]},{"weather":[[1.62,20.61,3.01,4.99,5.72,null,null],[1.69,20.39,3.01,2.5,5.47,null,null],[2.09,20.41,3.79,0.62,5.41,null,null],[1.58,20.57,4.27,1.25,5.77,null,null],[1.58,22.14,5.14,2.8,6.6,null,null],[3,22.85,7.13,4.04,6.48,null,null],[2.62,23.25,8,4.34,8.04,null,null],[1.29,23.78,6.87,3.11,9.8,null,null],[1,23.54,3.7,1.56,9.18,null,null],[1,22.45,1.5,0.63,9.19,null,null],[1,21.66,1.15,0.31,9.51,null,null],[1.6,20.86,0.95,0.31,8.48,null,null]],"oneday":{"avg":null,"sunrise":null,"sunset":null},"tide":[null,null,null,null,null,null,null,null,null,null,null,null,null,null,null,null,null,null,null,null,null,null,null,null]},{"weather":[[1.09,20.08,0.46,0.62,6.75,null,null],[0.62,19.26,0,0.31,6.41,null,null],[0.6,18.59,0.29,0,5.92,null,null],[0.9,17.78,0.29,0.62,4.93,null,null],[0.31,19.7,0,0.62,5.35,null,null],[0.31,21.75,0.29,0.31,4.09,null,null],[0,23.31,0.58,0,3.29,null,null],[0,22.84,0,0.95,3.87,null,null],[16.13,20.51,0.03,1.58,4.26,null,null],[0,18.12,0.17,1.9,2.74,null,null],[0,17.3,0.52,1.9,5.8,null,null],[0.62,16.6,0.55,2.2,4.69,null,null]],"oneday":{"avg":null,"sunrise":null,"sunset":null},"tide":[null,null,null,null,null,null,null,null,null,null,null,null,null,null,null,null,null,null,null,null,null,null,null,null]}],"daily":[{"weather":[2.34,22.43],"tide":[null,null,null,null,null,null,null,null,null,null,null,null,null,null,null,null,null,null,null,null,null,null,null,null],"dailyEx":{"avg":null,"wave":null,"sunrise":null,"sunset":null}},{"weather":[0.86,21.97],"tide":[null,null,null,null,null,null,null,null,null,null,null,null,null,null,null,null,null,null,null,null,null,null,null,null],"dailyEx":{"avg":null,"wave":null,"sunrise":null,"sunset":null}},{"weather":[1.65,22.23],"tide":[null,null,null,null,null,null,null,null,null,null,null,null,null,null,null,null,null,null,null,null,null,null,null,null],"dailyEx":{"avg":null,"wave":null,"sunrise":null,"sunset":null}},{"weather":[15.43,22.18],"tide":[null,null,null,null,null,null,null,null,null,null,null,null,null,null,null,null,null,null,null,null,null,null,null,null],"dailyEx":{"avg":null,"wave":null,"sunrise":null,"sunset":null}},{"weather":[1.55,21.38],"tide":[null,null,null,null,null,null,null,null,null,null,null,null,null,null,null,null,null,null,null,null,null,null,null,null],"dailyEx":{"avg":null,"wave":null,"sunrise":null,"sunset":null}}]}
利根川周辺水路,2026-10-05,{"hourly":[{"weather":[[1.6,18.65,0,0,5.91,null,null],[1.62,18.26,0,0,6.88,null,null],[1.45,18.32,0,0,7.55,null,null],[7.25,18.52,0.67,0.05,7.94,null,null],[1.53,19.69,2.68,1.9,7.92,null,null],[7.51,21.43,3.57,7.04,8.62,null,null],[2,22.53,2.9,14.13,8.79,null,null],[2.1,22.39,1.34,19.62,8.26,null,null],[2,22.02,0.89,15.68,7.43,null,null],[1.4,21.21,0.89,3.91,6.15,null,null],[1,20.79,0.89,1.13,5.79,null,null],[1.78,20.67,1.56,2.68,5.89,null,null]],"oneday":{"avg":null,"sunrise":null,"sunset":null},"tide":[null,null,null,null,null,null,null,null,null,null,null,null,null,null,null,null,null,null,null,null,null,null,null,null]},{"weather":[[1.88,20.53,1.78,6.22,6.46,null,null],[1.62,20.29,1.78,3.11,6.28,null,null],[2,20.25,2.45,0.78,6.27,null,null],[1.45,20.28,2.9,1.55,6.39,null,null],[1.45,22.04,3.57,3.53,7.19,null,null],[8.02,22.95,4.91,5.18,6.89,null,null],[2.78,23.47,5.58,5.51,8.56,null,null],[1.22,24.1,4.91,3.91,10.59,null,null],[1.1,23.74,2.45,1.93,10.13,null,null],[1,22.48,0.89,0.75,9.99,null,null],[1,21.64,0.89,0.38,10.58,null,null],[1.5,20.78,0.67,0.4,9.24,null,null]],"oneday":{"avg":null,"sunrise":null,"sunset":null},"tide":[null,null,null,null,null,null,null,null,null,null,null,null,null,null,null,null,null,null,null,null,null,null,null,null]},{"weather":[[1,19.99,0.22,0.8,7.46,null,null],[0.78,19.19,0,0.4,7.17,null,null],[0.62,18.59,0.22,0,6.71,null,null],[1.03,17.62,0.22,0.8,5.73,null,null],[0.5,19.43,0,0.8,6.05,null,null],[0.4,21.48,0.22,0.4,4.51,null,null],[0,23.27,0.45,0,3.54,null,null],[0,22.92,0,1.13,4.08,null,null],[19.18,20.66,0.04,1.88,4.7,null,null],[0,17.96,0,2.26,3.2,null,null],[0,17.09,0,2.26,6.6,null,null],[0.78,16.48,0.22,2.66,5.44,null,null]],"oneday":{"avg":null,"sunrise":null,"sunset":null},"tide":[null,null,null,null,null,null,null,null,null,null,null,null,null,null,null,null,null,null,null,null,null,null,null,null]}],"daily":[{"weather":[2.66,22.16],"tide":[null,null,null,null,null,null,null,null,null,null,null,null,null,null,null,null,null,null,null,null,null,null,null,null],"dailyEx":{"avg":null,"wave":null,"sunrise":null,"sunset":null}},{"weather":[0.5,22.3],"tide":[null,null,null,null,null,null,null,null,null,null,null,null,null,null,null,null,null,null,null,null,null,null,null,null],"dailyEx":{"avg":null,"wave":null,"sunrise":null,"sunset":null}},{"weather":[1.93,22.38],"tide":[null,null,null,null,null,null,null,null,null,null,null,null,null,null,null,null,null,null,null,null,null,null,null,null],"dailyEx":{"avg":null,"wave":null,"sunrise":null,"sunset":null}},{"weather":[7.33,22.35],"tide":[null,null,null,null,null,null,null,null,null,null,null,null,null,null,null,null,null,null,null,null,null,null,null,null],"dailyEx":{"avg":null,"wave":null,"sunrise":null,"sunset":null}},{"weather":[1.75,21.51],"tide":[null,null,null,null,null,null,null,null,null,null,null,null,null,null,null,null,null,null,null,null,null,null,null,null],"dailyEx":{"avg":null,"wave":null,"sunrise":null,"sunset":null}}]}
潮来前川,2026-10-05,{"hourly":[{"weather":[[1.89,20.91,0.54,0,4.28,null,null],[1.74,20.78,0,0,5.5,null,null],[2.44,20.88,0,0,6.36,null,null],[2.63,20.96,2.07,0,7.23,null,null],[1.92,21.49,8.26,0.42,7.34,null,null],[32.85,21.75,11.5,1.88,7.63,null,null],[2,22.32,10.34,3.64,7.27,null,null],[1.82,22.22,6.3,5.04,6.52,null,null],[2,22.07,4.14,4.02,6.14,null,null],[1.3,21.82,3.42,0.99,5.58,null,null],[1.18,21.69,3.6,0.23,5.19,null,null],[1.37,21.57,5.66,0.61,4.93,null,null]],"oneday":{"avg":null,"sunrise":null,"sunset":null},"tide":[null,null,null,null,null,null,null,null,null,null,null,null,null,null,null,null,null,null,null,null,null,null,null,null]},{"weather":[[1.19,21.23,6.47,1.53,4.72,null,null],[1.92,21.04,6.47,0.76,4.59,null,null],[2.18,21.2,8.18,0.19,4.35,null,null],[2.26,21.61,9.25,0.38,5.22,null,null],[2.26,22.41,11.14,0.91,5.92,null,null],[3,22.56,15.45,1.33,6.54,null,null],[2.19,22.74,17.33,1.44,7.84,null,null],[1.63,22.89,14.91,0.99,9.08,null,null],[1,22.93,8,0.46,8.64,null,null],[1,22.45,3.24,0.16,8.93,null,null],[1,21.92,2.51,0.08,8.48,null,null],[1.7,21.29,2.07,0.11,8,null,null]],"oneday":{"avg":null,"sunrise":null,"sunset":null},"tide":[null,null,null,null,null,null,null,null,null,null,null,null,null,null,null,null,null,null,null,null,null,null,null,null]},{"weather":[[1.18,20.66,0.99,0.22,6.37,null,null],[0.19,19.86,0,0.11,5.5,null,null],[0.74,19.18,0.63,0,4.88,null,null],[0.85,18.86,0.63,0.22,4.13,null,null],[0.11,20.53,0,0.22,4.17,null,null],[0.11,22.16,0.63,0.11,3.29,null,null],[0,23.03,1.26,0,2.6,null,null],[0,22.42,0,0.23,3.27,null,null],[3.99,20.06,0.01,0.39,3,null,null],[0,18.61,0.36,0.47,1.51,null,null],[0,18.37,1.09,0.47,3.52,null,null],[0.19,17.68,1.17,0.58,3.59,null,null]],"oneday":{"avg":null,"sunrise":null,"sunset":null},"tide":[null,null,null,null,null,null,null,null,null,null,null,null,null,null,null,null,null,null,null,null,null,null,null,null]}],"daily":[{"weather":[1.56,22.88],"tide":[null,null,null,null,null,null,null,null,null,null,null,null,null,null,null,null,null,null,null,null,null,null,null,null],"dailyEx":{"avg":null,"wave":null,"sunrise":null,"sunset":null}},{"weather":[1.25,21.17],"tide":[null,null,null,null,null,null,null,null,null,null,null,null,null,null,null,null,null,null,null,null,null,null,null,null],"dailyEx":{"avg":null,"wave":null,"sunrise":null,"sunset":null}},{"weather":[0.64,21.97],"tide":[null,null,null,null,null,null,null,null,null,null,null,null,null,null,null,null,null,null,null,null,null,null,null,null],"dailyEx":{"avg":null,"wave":null,"sunrise":null,"sunset":null}},{"weather":[32.41,21.92],"tide":[null,null,null,null,null,null,null,null,null,null,null,null,null,null,null,null,null,null,null,null,null,null,null,null],"dailyEx":{"avg":null,"wave":null,"sunrise":null,"sunset":null}},{"weather":[0.98,21.11],"tide":[null,null,null,null,null,null,null,null,null,null,null,null,null,null,null,null,null,null,null,null,null,null,null,null],"dailyEx":{"avg":null,"wave":null,"sunrise":null,"sunset":null}}]}
大利根飛行場周辺,2026-10-05,{"hourly":[{"weather":[[1.46,17.87,0,0,6.4,null,null],[1.59,17.38,0,0,7.39,null,null],[1.1,17.42,0,0,8.23,null,null],[3.1,17.67,0.15,0.01,8.57,null,null],[1.57,19.05,0.61,2.17,8.4,null,null],[2.89,21.28,0.81,8.68,9.44,null,null],[2,22.6,0.66,17.87,9.67,null,null],[2.02,22.45,0.3,24.78,8.86,null,null],[2,21.98,0.2,19.77,7.98,null,null],[1.54,21.02,0.2,4.88,6.37,null,null],[1,20.51,0.2,1.23,5.96,null,null],[1.95,20.4,0.35,3.12,6,null,null]],"oneday":{"avg":null,"sunrise":null,"sunset":null},"tide":[null,null,null,null,null,null,null,null,null,null,null,null,null,null,null,null,null,null,null,null,null,null,null,null]},{"weather":[[1.97,20.26,0.41,7.59,6.76,null,null],[1.59,20.01,0.41,3.8,6.47,null,null],[2,19.93,0.56,0.95,6.53,null,null],[1.1,19.89,0.66,1.9,6.62,null,null],[1.1,21.96,0.81,4.47,7.43,null,null],[4.05,23.07,1.11,6.52,6.98,null,null],[2.95,23.65,1.27,7.04,8.78,null,null],[1.05,24.43,1.11,4.88,10.94,null,null],[1.02,23.92,0.56,2.31,10.2,null,null],[1,22.46,0.2,0.82,9.79,null,null],[1,21.56,0.2,0.41,10.73,null,null],[1.44,20.64,0.15,0.54,9.32,null,null]],"oneday":{"avg":null,"sunrise":null,"sunset":null},"tide":[null,null,null,null,null,null,null,null,null,null,null,null,null,null,null,null,null,null,null,null,null,null,null,null]},{"weather":[[1,19.75,0.05,1.08,7.24,null,null],[0.95,18.89,0,0.54,7.21,null,null],[0.59,18.26,0.05,0,6.88,null,null],[1.13,17.2,0.05,1.08,5.91,null,null],[0.56,19.16,0,1.08,6.38,null,null],[0.54,21.45,0.05,0.54,4.77,null,null],[0,23.51,0.1,0,3.64,null,null],[0,23.11,0,1.23,4.39,null,null],[20.85,20.84,0.04,2.04,5.35,null,null],[0,17.76,0,2.45,3.65,null,null],[0,16.61,0,2.45,7.2,null,null],[0.95,15.97,0.05,2.99,5.72,null,null]],"oneday":{"avg":null,"sunrise":null,"sunset":null},"tide":[null,null,null,null,null,null,null,null,null,null,null,null,null,null,null,null,null,null,null,null,null,null,null,null]}],"daily":[{"weather":[2.92,22.15],"tide":[null,null,null,null,null,null,null,null,null,null,null,null,null,null,null,null,null,null,null,null,null,null,null,null],"dailyEx":{"avg":null,"wave":null,"sunrise":null,"sunset":null}},{"weather":[0.44,22.71],"tide":[null,null,null,null,null,null,null,null,null,null,null,null,null,null,null,null,null,null,null,null,null,null,null,null],"dailyEx":{"avg":null,"wave":null,"sunrise":null,"sunset":null}},{"weather":[2.31,22.58],"tide":[null,null,null,null,null,null,null,null,null,null,null,null,null,null,null,null,null,null,null,null,null,null,null,null],"dailyEx":{"avg":null,"wave":null,"sunrise":null,"sunset":null}},{"weather":[2.52,22.41],"tide":[null,null,null,null,null,null,null,null,null,null,null,null,null,null,null,null,null,null,null,null,null,null,null,null],"dailyEx":{"avg":null,"wave":null,"sunrise":null,"sunset":null}},{"weather":[1.82,21.71],"tide":[null,null,null,null,null,null,null,null,null,null,null,null,null,null,null,null,null,null,null,null,null,null,null,null],"dailyEx":{"avg":null,"wave":null,"sunrise":null,"sunset":null}}]}
川島橋,2026-10-05,{"hourly":[{"weather":[[1.32,16.59,0,0,6.67,null,null],[1.1,16.24,0,0,7.23,null,null],[1.1,16.1,0,0.05,7.29,null,null],[1.89,16.38,0,0.2,8.14,null,null],[1.79,17.78,0,5.64,8.52,null,null],[1.15,20.21,0,13.07,8.99,null,null],[1.27,21.9,0,19.33,7.69,null,null],[1.95,22.66,0,24.89,7.46,null,null],[1.95,22.22,0,22.51,6.4,null,null],[1.17,20.71,0,12.97,4.45,null,null],[1.05,19.82,0,11.92,4.62,null,null],[1.32,19.45,0,10.76,5.06,null,null]],"oneday":{"avg":null,"sunrise":null,"sunset":null},"tide":[null,null,null,null,null,null,null,null,null,null,null,null,null,null,null,null,null,null,null,null,null,null,null,null]},{"weather":[[1.1,19.27,0,8.62,4.93,null,null],[0.95,18.89,0,5,4.75,null,null],[1.1,18.25,0,3.49,4.52,null,null],[0.15,17.91,0,3.79,5.91,null,null],[1,20.55,0,3.74,5.86,null,null],[1.31,23.9,0,5.26,6.5,null,null],[2.95,25.32,0,7.61,7.31,null,null],[1.05,26.41,0,8.2,8.83,null,null],[1.11,24.98,0,7.51,13.73,null,null],[1.79,22.45,0,6.33,14.96,null,null],[2.36,21.1,0,3.55,14.97,null,null],[1.83,20.2,0,0.99,13.29,null,null]],"oneday":{"avg":null,"sunrise":null,"sunset":null},"tide":[null,null,null,null,null,null,null,null,null,null,null,null,null,null,null,null,null,null,null,null,null,null,null,null]},{"weather":[[1.57,19.48,0,0.31,12.57,null,null],[0.83,18.64,0,0.1,9.77,null,null],[0,17.63,0,0,6.5,null,null],[0.05,16.32,0,0,6.39,null,null],[0,19.08,0,0,6.24,null,null],[0,21.95,0,0,5.36,null,null],[0,24.21,0,0.2,4.12,null,null],[0,24.06,0,2.48,5.36,null,null],[8.54,22.13,0.02,5.12,6.02,null,null],[0.96,19,0,6.27,12.52,null,null],[0,17.27,0,8.71,10.58,null,null],[0.15,15.45,0,9.86,8.36,null,null]],"oneday":{"avg":null,"sunrise":null,"sunset":null},"tide":[null,null,null,null,null,null,null,null,null,null,null,null,null,null,null,null,null,null,null,null,null,null,null,null]}],"daily":[{"weather":[5.46,21.88],"tide":[null,null,null,null,null,null,null,null,null,null,null,null,null,null,null,null,null,null,null,null,null,null,null,null],"dailyEx":{"avg":null,"wave":null,"sunrise":null,"sunset":null}},{"weather":[0.31,22.66],"tide":[null,null,null,null,null,null,null,null,null,null,null,null,null,null,null,null,null,null,null,null,null,null,null,null],"dailyEx":{"avg":null,"wave":null,"sunrise":null,"sunset":null}},{"weather":[1.64,22.85],"tide":[null,null,null,null,null,null,null,null,null,null,null,null,null,null,null,null,null,null,null,null,null,null,null,null],"dailyEx":{"avg":null,"wave":null,"sunrise":null,"sunset":null}},{"weather":[0.26,23.13],"tide":[null,null,null,null,null,null,null,null,null,null,null,null,null,null,null,null,null,null,null,null,null,null,null,null],"dailyEx":{"avg":null,"wave":null,"sunrise":null,"sunset":null}},{"weather":[1.41,23.07],"tide":[null,null,null,null,null,null,null,null,null,null,null,null,null,null,null,null,null,null,null,null,null,null,null,null],"dailyEx":{"avg":null,"wave":null,"sunrise":null,"sunset":null}}]}
鵠戸川,2026-10-05,{"hourly":[{"weather":[[1.79,17.32,0,0,6.38,null,null],[1.06,16.87,0,0,6.72,null,null],[1,16.7,0,0,7.03,null,null],[1.45,16.87,0,0,7.17,null,null],[1.76,18.18,0,5.21,7.97,null,null],[1.24,20.19,0,12.3,7.87,null,null],[1.85,21.98,0,18.32,7.18,null,null],[2,22.79,0,23.57,6.81,null,null],[2,22.46,0,20.32,5.66,null,null],[1.61,21.19,0,9.69,4.1,null,null],[1,20.43,0,7.43,4.13,null,null],[1.85,20.18,0,7.34,4.89,null,null]],"oneday":{"avg":null,"sunrise":null,"sunset":null},"tide":[null,null,null,null,null,null,null,null,null,null,null,null,null,null,null,null,null,null,null,null,null,null,null,null]},{"weather":[[1.3,20.03,0,8,5.45,null,null],[1.06,19.73,0,4.7,5.46,null,null],[1.3,19.08,0,3.09,4.35,null,null],[0.3,18.89,0,3.39,5.77,null,null],[1,21.12,0,3.88,5.76,null,null],[1.61,24.12,0,5.01,6.6,null,null],[3,25.36,0,6.86,7.12,null,null],[1,26.55,0,5.92,8.51,null,null],[1.55,25.93,0,4.73,8.04,null,null],[1.7,23.48,0,4.37,9.3,null,null],[1.29,21.7,0,1.78,9.1,null,null],[1.39,20.52,0,0.21,8.52,null,null]],"oneday":{"avg":null,"sunrise":null,"sunset":null},"tide":[null,null,null,null,null,null,null,null,null,null,null,null,null,null,null,null,null,null,null,null,null,null,null,null]},{"weather":[[0.6,19.78,0,0.12,8.92,null,null],[0.45,18.98,0,0.06,9.26,null,null],[0.06,18.32,0,0,8.66,null,null],[0.12,17.29,0,0.12,6.75,null,null],[0.06,19.78,0,0.12,8.86,null,null],[0.06,22.43,0,0.06,8.69,null,null],[0,24.55,0,0,8.18,null,null],[0,24.62,0,0.87,6.47,null,null],[12.46,22.21,0.02,1.65,7.99,null,null],[1.25,18.86,0,2.04,5.82,null,null],[0,17.73,0,6.47,6.87,null,null],[0.3,16.28,0,9.57,6.53,null,null]],"oneday":{"avg":null,"sunrise":null,"sunset":null},"tide":[null,null,null,null,null,null,null,null,null,null,null,null,null,null,null,null,null,null,null,null,null,null,null,null]}],"daily":[{"weather":[3,22.42],"tide":[null,null,null,null,null,null,null,null,null,null,null,null,null,null,null,null,null,null,null,null,null,null,null,null],"dailyEx":{"avg":null,"wave":null,"sunrise":null,"sunset":null}},{"weather":[0.24,22.81],"tide":[null,null,null,null,null,null,null,null,null,null,null,null,null,null,null,null,null,null,null,null,null,null,null,null],"dailyEx":{"avg":null,"wave":null,"sunrise":null,"sunset":null}},{"weather":[2.64,23.01],"tide":[null,null,null,null,null,null,null,null,null,null,null,null,null,null,null,null,null,null,null,null,null,null,null,null],"dailyEx":{"avg":null,"wave":null,"sunrise":null,"sunset":null}},{"weather":[0.3,23.28],"tide":[null,null,null,null,null,null,null,null,null,null,null,null,null,null,null,null,null,null,null,null,null,null,null,null],"dailyEx":{"avg":null,"wave":null,"sunrise":null,"sunset":null}},{"weather":[1.48,23.04],"tide":[null,null,null,null,null,null,null,null,null,null,null,null,null,null,null,null,null,null,null,null,null,null,null,null],"dailyEx":{"avg":null,"wave":null,"sunrise":null,"sunset":null}}]}
西仁連川,2026-10-05,{"hourly":[{"weather":[[1.46,17,0,0,6.68,null,null],[1.05,16.6,0,0,7.05,null,null],[1.05,16.39,0,0.02,7.21,null,null],[1.63,16.59,0,0.09,7.81,null,null],[1.91,17.92,0,5.84,8.53,null,null],[1.07,20.27,0,13.59,8.76,null,null],[1.44,22.06,0,19.71,7.41,null,null],[1.98,23.03,0,24.96,7.02,null,null],[1.98,22.62,0,22.24,5.93,null,null],[1.39,21.13,0,12.45,4.04,null,null],[1.02,20.24,0,11.02,4.21,null,null],[1.46,19.87,0,9.95,5,null,null]],"oneday":{"avg":null,"sunrise":null,"sunset":null},"tide":[null,null,null,null,null,null,null,null,null,null,null,null,null,null,null,null,null,null,null,null,null,null,null,null]},{"weather":[[1.05,19.65,0,8.28,5.03,null,null],[0.98,19.27,0,5,4.99,null,null],[1.05,18.53,0,3.77,4.22,null,null],[0.07,18.19,0,3.91,6.01,null,null],[1,20.67,0,3.89,5.73,null,null],[1.14,24.24,0,5.12,6.95,null,null],[2.98,25.73,0,7.36,7.46,null,null],[1.02,26.94,0,7.07,8.82,null,null],[1.37,25.74,0,6.21,11.87,null,null],[1.91,23.13,0,5.68,13.24,null,null],[2.08,21.55,0,2.93,12.96,null,null],[1.61,20.51,0,0.68,11.85,null,null]],"oneday":{"avg":null,"sunrise":null,"sunset":null},"tide":[null,null,null,null,null,null,null,null,null,null,null,null,null,null,null,null,null,null,null,null,null,null,null,null]},{"weather":[[1.17,19.8,0,0.14,11.7,null,null],[0.61,18.96,0,0.05,9.91,null,null],[0,18.07,0,0,7.48,null,null],[0.02,16.97,0,0,6.78,null,null],[0,19.65,0,0,7.55,null,null],[0,22.46,0,0,7.21,null,null],[0,24.66,0,0.09,6.13,null,null],[0,24.63,0,1.34,6.21,null,null],[4.02,22.53,0.01,3,7.33,null,null],[1.3,19.3,0,3.75,10.8,null,null],[0,17.86,0,8,8.99,null,null],[0.07,16.04,0,10.58,8.05,null,null]],"oneday":{"avg":null,"sunrise":null,"sunset":null},"tide":[null,null,null,null,null,null,null,null,null,null,null,null,null,null,null,null,null,null,null,null,null,null,null,null]}],"daily":[{"weather":[4.11,22.3],"tide":[null,null,null,null,null,null,null,null,null,null,null,null,null,null,null,null,null,null,null,null,null,null,null,null],"dailyEx":{"avg":null,"wave":null,"sunrise":null,"sunset":null}},{"weather":[0.14,22.92],"tide":[null,null,null,null,null,null,null,null,null,null,null,null,null,null,null,null,null,null,null,null,null,null,null,null],"dailyEx":{"avg":null,"wave":null,"sunrise":null,"sunset":null}},{"weather":[1.92,23.22],"tide":[null,null,null,null,null,null,null,null,null,null,null,null,null,null,null,null,null,null,null,null,null,null,null,null],"dailyEx":{"avg":null,"wave":null,"sunrise":null,"sunset":null}},{"weather":[0.11,23.46],"tide":[null,null,null,null,null,null,null,null,null,null,null,null,null,null,null,null,null,null,null,null,null,null,null,null],"dailyEx":{"avg":null,"wave":null,"sunrise":null,"sunset":null}},{"weather":[1.18,23.52],"tide":[null,null,null,null,null,null,null,null,null,null,null,null,null,null,null,null,null,null,null,null,null,null,null,null],"dailyEx":{"avg":null,"wave":null,"sunrise":null,"sunset":null}}]}
稲荷川周辺,2026-10-05,{"hourly":[{"weather":[[1.65,17.45,0,0,6.38,null,null],[1.35,16.97,0,0,7.1,null,null],[1,16.94,0,0,7.72,null,null],[1.78,17.19,0,0,7.92,null,null],[1.57,18.59,0,3.4,8.09,null,null],[1.43,20.7,0,10.04,8.6,null,null],[2,22.25,0,17.98,8.63,null,null],[2,22.42,0,24.38,8.08,null,null],[2,22.03,0,19.98,7.05,null,null],[1.57,20.96,0,6.48,5.48,null,null],[1,20.35,0,3.29,5.25,null,null],[2,20.22,0,4.62,5.48,null,null]],"oneday":{"avg":null,"sunrise":null,"sunset":null},"tide":[null,null,null,null,null,null,null,null,null,null,null,null,null,null,null,null,null,null,null,null,null,null,null,null]},{"weather":[[1.78,20.11,0,8,6.27,null,null],[1.35,19.85,0,4.22,6.06,null,null],[1.78,19.56,0,1.67,5.67,null,null],[0.78,19.48,0,2.45,6.12,null,null],[1,21.66,0,4.27,6.72,null,null],[2.55,23.44,0,5.97,6.52,null,null],[3,24.23,0,6.99,7.85,null,null],[1,25.2,0,5.37,9.75,null,null],[1.22,24.72,0,3.32,8.65,null,null],[1.22,22.84,0,2.19,8.92,null,null],[1,21.53,0,0.87,9.49,null,null],[1.43,20.48,0,0.35,8.4,null,null]],"oneday":{"avg":null,"sunrise":null,"sunset":null},"tide":[null,null,null,null,null,null,null,null,null,null,null,null,null,null,null,null,null,null,null,null,null,null,null,null]},{"weather":[[0.78,19.63,0,0.7,7.42,null,null],[0.78,18.8,0,0.35,7.9,null,null],[0.35,18.19,0,0,7.72,null,null],[0.7,17.06,0,0.7,6.12,null,null],[0.35,19.28,0,0.7,7.5,null,null],[0.35,21.74,0,0.35,6.43,null,null],[0,23.86,0,0,5.7,null,null],[0,23.68,0,1.28,5.19,null,null],[21.78,21.3,0.04,2.13,6.42,null,null],[0.45,18.04,0,2.56,3.85,null,null],[0,16.84,0,4.12,7.1,null,null],[0.78,15.92,0,5.59,5.79,null,null]],"oneday":{"avg":null,"sunrise":null,"sunset":null},"tide":[null,null,null,null,null,null,null,null,null,null,null,null,null,null,null,null,null,null,null,null,null,null,null,null]}],"daily":[{"weather":[3,22.18],"tide":[null,null,null,null,null,null,null,null,null,null,null,null,null,null,null,null,null,null,null,null,null,null,null,null],"dailyEx":{"avg":null,"wave":null,"sunrise":null,"sunset":null}},{"weather":[0.43,22.7],"tide":[null,null,null,null,null,null,null,null,null,null,null,null,null,null,null,null,null,null,null,null,null,null,null,null],"dailyEx":{"avg":null,"wave":null,"sunrise":null,"sunset":null}},{"weather":[2.65,22.63],"tide":[null,null,null,null,null,null,null,null,null,null,null,null,null,null,null,null,null,null,null,null,null,null,null,null],"dailyEx":{"avg":null,"wave":null,"sunrise":null,"sunset":null}},{"weather":[0.78,22.68],"tide":[null,null,null,null,null,null,null,null,null,null,null,null,null,null,null,null,null,null,null,null,null,null,null,null],"dailyEx":{"avg":null,"wave":null,"sunrise":null,"sunset":null}},{"weather":[1.85,22.07],"tide":[null,null,null,null,null,null,null,null,null,null,null,null,null,null,null,null,null,null,null,null,null,null,null,null],"dailyEx":{"avg":null,"wave":null,"sunrise":null,"sunset":null}}]}
長井戸中央排水路,2026-10-05,{"hourly":[{"weather":[[1.71,17.38,0,0,6.41,null,null],[1.1,16.93,0,0,6.75,null,null],[1.07,16.7,0,0,7.08,null,null],[1.41,16.8,0,0,7.24,null,null],[1.88,18.08,0,5.3,8.15,null,null],[1.05,20.28,0,12.77,8.07,null,null],[1.68,22.12,0,19.17,6.81,null,null],[1.93,23.11,0,25.27,6.29,null,null],[1.93,22.79,0,22.74,5.18,null,null],[1.63,21.44,0,12.5,3.63,null,null],[1,20.6,0,9.51,3.88,null,null],[1.68,20.23,0,8.45,4.84,null,null]],"oneday":{"avg":null,"sunrise":null,"sunset":null},"tide":[null,null,null,null,null,null,null,null,null,null,null,null,null,null,null,null,null,null,null,null,null,null,null,null]},{"weather":[[1.09,19.99,0,8.27,5.34,null,null],[0.97,19.65,0,5.04,5.53,null,null],[1.02,18.9,0,3.66,4.39,null,null],[0.16,18.64,0,3.68,6.08,null,null],[1,20.92,0,3.95,5.81,null,null],[1.11,24.49,0,5.02,7.27,null,null],[2.79,25.89,0,6.94,8.31,null,null],[1,26.98,0,5.81,9.53,null,null],[1.59,26.11,0,4.91,9.76,null,null],[1.77,23.57,0,5.05,10.99,null,null],[1.44,21.79,0,2.26,10.65,null,null],[1.24,20.64,0,0.36,10.15,null,null]],"oneday":{"avg":null,"sunrise":null,"sunset":null},"tide":[null,null,null,null,null,null,null,null,null,null,null,null,null,null,null,null,null,null,null,null,null,null,null,null]},{"weather":[[0.6,19.92,0,0.07,10.53,null,null],[0.34,19.1,0,0.04,10.24,null,null],[0.04,18.41,0,0,9.17,null,null],[0.07,17.53,0,0.07,7.56,null,null],[0.04,20.05,0,0.07,9.48,null,null],[0.04,22.76,0,0.04,9.82,null,null],[0,24.85,0,0,9.07,null,null],[0,24.93,0,0.42,7.9,null,null],[3.03,22.65,0.01,1.1,9.12,null,null],[1.43,19.29,0,1.62,7.61,null,null],[0,18.14,0,6.87,6.91,null,null],[0.23,16.5,0,10.35,7.1,null,null]],"oneday":{"avg":null,"sunrise":null,"sunset":null},"tide":[null,null,null,null,null,null,null,null,null,null,null,null,null,null,null,null,null,null,null,null,null,null,null,null]}],"daily":[{"weather":[2.93,22.64],"tide":[null,null,null,null,null,null,null,null,null,null,null,null,null,null,null,null,null,null,null,null,null,null,null,null],"dailyEx":{"avg":null,"wave":null,"sunrise":null,"sunset":null}},{"weather":[0.26,23.06],"tide":[null,null,null,null,null,null,null,null,null,null,null,null,null,null,null,null,null,null,null,null,null,null,null,null],"dailyEx":{"avg":null,"wave":null,"sunrise":null,"sunset":null}},{"weather":[2.25,23.41],"tide":[null,null,null,null,null,null,null,null,null,null,null,null,null,null,null,null,null,null,null,null,null,null,null,null],"dailyEx":{"avg":null,"wave":null,"sunrise":null,"sunset":null}},{"weather":[0.09,23.64],"tide":[null,null,null,null,null,null,null,null,null,null,null,null,null,null,null,null,null,null,null,null,null,null,null,null],"dailyEx":{"avg":null,"wave":null,"sunrise":null,"sunset":null}},{"weather":[1.04,23.72],"tide":[null,null,null,null,null,null,null,null,null,null,null,null,null,null,null,null,null,null,null,null,null,null,null,null],"dailyEx":{"avg":null,"wave":null,"sunrise":null,"sunset":null}}]}
五霞落川,2026-10-05,{"hourly":[{"weather":[[1.77,17.41,0,0,6.33,null,null],[1.12,16.96,0,0,6.67,null,null],[1.08,16.72,0,0,7.04,null,null],[1.36,16.8,0,0,7.07,null,null],[1.86,18.08,0,5.22,8.04,null,null],[1.06,20.22,0,12.64,7.89,null,null],[1.74,22.08,0,19.07,6.68,null,null],[1.92,23.08,0,25.31,6.14,null,null],[1.92,22.78,0,22.84,5.02,null,null],[1.68,21.45,0,12.6,3.56,null,null],[1,20.63,0,9.31,3.8,null,null],[1.74,20.27,0,8.22,4.79,null,null]],"oneday":{"avg":null,"sunrise":null,"sunset":null},"tide":[null,null,null,null,null,null,null,null,null,null,null,null,null,null,null,null,null,null,null,null,null,null,null,null]},{"weather":[[1.1,20.04,0,8.31,5.4,null,null],[0.96,19.71,0,5.05,5.62,null,null],[1.02,18.96,0,3.63,4.39,null,null],[0.18,18.72,0,3.65,6.07,null,null],[1,20.95,0,3.94,5.8,null,null],[1.12,24.51,0,5.02,7.28,null,null],[2.77,25.88,0,7.01,8.36,null,null],[1,26.95,0,5.87,9.52,null,null],[1.64,26.15,0,4.98,9.16,null,null],[1.75,23.62,0,5.15,10.4,null,null],[1.3,21.79,0,2.2,10.04,null,null],[1.17,20.61,0,0.3,9.69,null,null]],"oneday":{"avg":null,"sunrise":null,"sunset":null},"tide":[null,null,null,null,null,null,null,null,null,null,null,null,null,null,null,null,null,null,null,null,null,null,null,null]},{"weather":[[0.47,19.89,0,0.08,10.23,null,null],[0.28,19.08,0,0.04,10.32,null,null],[0.04,18.42,0,0,9.59,null,null],[0.08,17.59,0,0.08,7.75,null,null],[0.04,20.08,0,0.08,9.93,null,null],[0.04,22.77,0,0.04,10.36,null,null],[0,24.83,0,0,9.71,null,null],[0,24.94,0,0.36,8.17,null,null],[3.18,22.61,0.01,0.93,9.44,null,null],[1.46,19.23,0,1.41,6.81,null,null],[0,18.14,0,6.77,6.43,null,null],[0.25,16.54,0,10.37,6.86,null,null]],"oneday":{"avg":null,"sunrise":null,"sunset":null},"tide":[null,null,null,null,null,null,null,null,null,null,null,null,null,null,null,null,null,null,null,null,null,null,null,null]}],"daily":[{"weather":[2.92,22.67],"tide":[null,null,null,null,null,null,null,null,null,null,null,null,null,null,null,null,null,null,null,null,null,null,null,null],"dailyEx":{"avg":null,"wave":null,"sunrise":null,"sunset":null}},{"weather":[0.29,23.04],"tide":[null,null,null,null,null,null,null,null,null,null,null,null,null,null,null,null,null,null,null,null,null,null,null,null],"dailyEx":{"avg":null,"wave":null,"sunrise":null,"sunset":null}},{"weather":[2.35,23.38],"tide":[null,null,null,null,null,null,null,null,null,null,null,null,null,null,null,null,null,null,null,null,null,null,null,null],"dailyEx":{"avg":null,"wave":null,"sunrise":null,"sunset":null}},{"weather":[0.1,23.63],"tide":[null,null,null,null,null,null,null,null,null,null,null,null,null,null,null,null,null,null,null,null,null,null,null,null],"dailyEx":{"avg":null,"wave":null,"sunrise":null,"sunset":null}},{"weather":[1.04,23.7],"tide":[null,null,null,null,null,null,null,null,null,null,null,null,null,null,null,null,null,null,null,null,null,null,null,null],"dailyEx":{"avg":null,"wave":null,"sunrise":null,"sunset":null}}]}
増渕魚園,2026-10-05,{"hourly":[{"weather":[[1.19,14,0,0,4.14,null,null],[2,14.02,0,0,5.15,null,null],[2,14.53,0,0,4.38,null,null],[2,14.72,0,0,4.67,null,null],[1.85,16.63,0.58,1.16,4.8,null,null],[1.15,18.41,2.61,6.84,6.33,null,null],[2.15,18.89,4.64,17.41,6.19,null,null],[2.66,18.54,5.95,23.4,5.58,null,null],[2,17.97,4.64,25.69,5.13,null,null],[1.81,17.48,3.63,23.05,3.4,null,null],[2.47,17.5,3.19,18.11,3.97,null,null],[2.32,17.34,2.03,12.71,2.47,null,null]],"oneday":{"avg":null,"sunrise":null,"sunset":null},"tide":[null,null,null,null,null,null,null,null,null,null,null,null,null,null,null,null,null,null,null,null,null,null,null,null]},{"weather":[[2.52,17.06,1.16,7.23,3.04,null,null],[1,17.23,0.87,5.32,5.22,null,null],[1.81,17.87,1.16,5.79,5.56,null,null],[0.81,18.55,0.87,6.84,8.21,null,null],[1,20.24,0.29,5.6,8.25,null,null],[3,20.33,0.44,4.08,8.1,null,null],[2.19,20.81,0.73,2.1,9.1,null,null],[1,20.22,1.16,4.47,10.43,null,null],[0.81,19.48,1.16,5.13,11.46,null,null],[0.81,17.75,1.02,3.42,11.05,null,null],[0,16.7,0.58,3.42,11.64,null,null],[0.85,15.98,0.44,2.56,12.94,null,null]],"oneday":{"avg":null,"sunrise":null,"sunset":null},"tide":[null,null,null,null,null,null,null,null,null,null,null,null,null,null,null,null,null,null,null,null,null,null,null,null]},{"weather":[[0.19,15.38,0.15,1.32,14.12,null,null],[0,14.81,0,1.32,15.48,null,null],[0,14.39,0,0.66,15.74,null,null],[0,14.46,0,0,15.02,null,null],[0,16.54,0,0,12.66,null,null],[0,18.82,0,0,11.04,null,null],[0,20.2,0,0,9.95,null,null],[0,19.63,0,0,13.15,null,null],[0,17.1,0,0,15.37,null,null],[0,13.99,0,0,15.29,null,null],[0,12.51,0,0,15.12,null,null],[0,12.05,0,0.19,14.92,null,null]],"oneday":{"avg":null,"sunrise":null,"sunset":null},"tide":[null,null,null,null,null,null,null,null,null,null,null,null,null,null,null,null,null,null,null,null,null,null,null,null]}],"daily":[{"weather":[2.56,19.95],"tide":[null,null,null,null,null,null,null,null,null,null,null,null,null,null,null,null,null,null,null,null,null,null,null,null],"dailyEx":{"avg":null,"wave":null,"sunrise":null,"sunset":null}},{"weather":[0.29,20.17],"tide":[null,null,null,null,null,null,null,null,null,null,null,null,null,null,null,null,null,null,null,null,null,null,null,null],"dailyEx":{"avg":null,"wave":null,"sunrise":null,"sunset":null}},{"weather":[1.52,19.58],"tide":[null,null,null,null,null,null,null,null,null,null,null,null,null,null,null,null,null,null,null,null,null,null,null,null],"dailyEx":{"avg":null,"wave":null,"sunrise":null,"sunset":null}},{"weather":[2.32,19.89],"tide":[null,null,null,null,null,null,null,null,null,null,null,null,null,null,null,null,null,null,null,null,null,null,null,null],"dailyEx":{"avg":null,"wave":null,"sunrise":null,"sunset":null}},{"weather":[2.85,20.04],"tide":[null,null,null,null,null,null,null,null,null,null,null,null,null,null,null,null,null,null,null,null,null,null,null,null],"dailyEx":{"avg":null,"wave":null,"sunrise":null,"sunset":null}}]}
TABIMASU BASE,2026-10-05,{"hourly":[{"weather":[[1.35,14.09,0,0,4.07,null,null],[2,14.05,0,0,5.25,null,null],[2,14.51,0,0,4.77,null,null],[1.89,14.72,0,0,5.23,null,null],[1.89,16.51,0.17,1.44,5.27,null,null],[1.09,18.42,0.78,7.19,6.4,null,null],[2,19.06,1.31,18.07,6.17,null,null],[2.47,18.87,1.74,24.57,5.64,null,null],[1.89,18.2,1.13,27.45,5.24,null,null],[1.65,17.57,0.78,25.21,3.75,null,null],[2.12,17.52,0.7,19.75,4.07,null,null],[2.21,17.22,0.78,13.85,2.63,null,null]],"oneday":{"avg":null,"sunrise":null,"sunset":null},"tide":[null,null,null,null,null,null,null,null,null,null,null,null,null,null,null,null,null,null,null,null,null,null,null,null]},{"weather":[[2.45,16.92,0.87,8.46,3.2,null,null],[1.09,17.11,0.87,6.39,5.05,null,null],[1.73,17.73,0.52,6.6,5.73,null,null],[0.76,18.33,0.35,7.53,8.33,null,null],[0.89,19.93,0.52,5.8,8.46,null,null],[2.78,20.44,0.44,4.21,8.41,null,null],[2.35,20.82,0.44,2.53,9.52,null,null],[1,20.07,0.52,4.58,10.79,null,null],[0.65,19.37,0.44,5.03,11.68,null,null],[0.65,17.63,0.26,3.43,11.53,null,null],[0.09,16.62,0.17,3.43,11.97,null,null],[0.89,15.98,0.17,2.51,13.04,null,null]],"oneday":{"avg":null,"sunrise":null,"sunset":null},"tide":[null,null,null,null,null,null,null,null,null,null,null,null,null,null,null,null,null,null,null,null,null,null,null,null]},{"weather":[[0.33,15.4,0.09,1.12,13.87,null,null],[0,14.81,0,1.12,14.92,null,null],[0,14.34,0,0.56,15.11,null,null],[0,14.31,0,0,14.35,null,null],[0,16.38,0,0,12.33,null,null],[0,18.76,0,0,10.86,null,null],[0,20.1,0,0,9.83,null,null],[0,19.53,0,0.01,13.24,null,null],[4.45,17.15,0.35,0.01,15.42,null,null],[0,13.8,0.52,0,15.05,null,null],[0,12.32,0.35,0,15.29,null,null],[0,11.8,0.09,0.24,14.92,null,null]],"oneday":{"avg":null,"sunrise":null,"sunset":null},"tide":[null,null,null,null,null,null,null,null,null,null,null,null,null,null,null,null,null,null,null,null,null,null,null,null]}],"daily":[{"weather":[6.96,19.82],"tide":[null,null,null,null,null,null,null,null,null,null,null,null,null,null,null,null,null,null,null,null,null,null,null,null],"dailyEx":{"avg":null,"wave":null,"sunrise":null,"sunset":null}},{"weather":[0.26,20.52],"tide":[null,null,null,null,null,null,null,null,null,null,null,null,null,null,null,null,null,null,null,null,null,null,null,null],"dailyEx":{"avg":null,"wave":null,"sunrise":null,"sunset":null}},{"weather":[1.47,19.87],"tide":[null,null,null,null,null,null,null,null,null,null,null,null,null,null,null,null,null,null,null,null,null,null,null,null],"dailyEx":{"avg":null,"wave":null,"sunrise":null,"sunset":null}},{"weather":[2.35,20.02],"tide":[null,null,null,null,null,null,null,null,null,null,null,null,null,null,null,null,null,null,null,null,null,null,null,null],"dailyEx":{"avg":null,"wave":null,"sunrise":null,"sunset":null}},{"weather":[2.74,20.45],"tide":[null,null,null,null,null,null,null,null,null,null,null,null,null,null,null,null,null,null,null,null,null,null,null,null],"dailyEx":{"avg":null,"wave":null,"sunrise":null,"sunset":null}}]}
若栗フィッシングの森,2026-10-05,{"hourly":[{"weather":[[1.37,16.35,0,0,3.83,null,null],[2,16.29,0,0,4.93,null,null],[2,16.85,0,0,4.71,null,null],[2,17.12,0,0,5.28,null,null],[2,18.67,0.68,2.22,5.5,null,null],[1.34,20.15,3.06,5.28,5.93,null,null],[2,20.61,5.1,9.91,5.88,null,null],[1.95,20.54,6.81,14.52,5.46,null,null],[2,19.91,4.42,16.95,4.94,null,null],[1.63,19.35,3.06,15.8,3.88,null,null],[1.58,19.26,2.72,12.21,3.71,null,null],[1.92,18.88,3.06,8.7,2.51,null,null]],"oneday":{"avg":null,"sunrise":null,"sunset":null},"tide":[null,null,null,null,null,null,null,null,null,null,null,null,null,null,null,null,null,null,null,null,null,null,null,null]},{"weather":[[2.29,18.59,3.4,6.02,2.8,null,null],[1.34,18.65,3.4,4.33,4.01,null,null],[1.97,19.21,2.04,4.25,4.33,null,null],[0.63,19.78,1.36,5.28,6.49,null,null],[1,21.43,2.04,3.88,6.77,null,null],[3,21.58,1.7,2.93,7.28,null,null],[2.37,21.99,1.7,2.06,8.44,null,null],[1,21.6,2.04,3.67,8.95,null,null],[0.63,21.13,1.7,3.96,9.22,null,null],[0.63,19.61,1.02,2.64,9.65,null,null],[0.34,18.64,0.68,2.64,9.77,null,null],[1,18.04,0.68,1.98,10.54,null,null]],"oneday":{"avg":null,"sunrise":null,"sunset":null},"tide":[null,null,null,null,null,null,null,null,null,null,null,null,null,null,null,null,null,null,null,null,null,null,null,null]},{"weather":[[0.71,17.41,0.34,0.58,10.83,null,null],[0,16.81,0,0.58,11.39,null,null],[0,16.24,0,0.29,11.02,null,null],[0,16.17,0,0,10.2,null,null],[0,18.32,0,0,9.56,null,null],[0,20.76,0,0,8.52,null,null],[0,21.95,0,0,7.4,null,null],[0,20.91,0,0.03,9.93,null,null],[17.35,18.46,1.36,0.04,10.79,null,null],[0,15.44,2.04,0,11.36,null,null],[0,13.76,1.36,0,11.43,null,null],[0,13.22,0.34,0.37,10.99,null,null]],"oneday":{"avg":null,"sunrise":null,"sunset":null},"tide":[null,null,null,null,null,null,null,null,null,null,null,null,null,null,null,null,null,null,null,null,null,null,null,null]}],"daily":[{"weather":[19.33,21.7],"tide":[null,null,null,null,null,null,null,null,null,null,null,null,null,null,null,null,null,null,null,null,null,null,null,null],"dailyEx":{"avg":null,"wave":null,"sunrise":null,"sunset":null}},{"weather":[1.02,21.36],"tide":[null,null,null,null,null,null,null,null,null,null,null,null,null,null,null,null,null,null,null,null,null,null,null,null],"dailyEx":{"avg":null,"wave":null,"sunrise":null,"sunset":null}},{"weather":[0.95,20.98],"tide":[null,null,null,null,null,null,null,null,null,null,null,null,null,null,null,null,null,null,null,null,null,null,null,null],"dailyEx":{"avg":null,"wave":null,"sunrise":null,"sunset":null}},{"weather":[1.58,21.46],"tide":[null,null,null,null,null,null,null,null,null,null,null,null,null,null,null,null,null,null,null,null,null,null,null,null],"dailyEx":{"avg":null,"wave":null,"sunrise":null,"sunset":null}},{"weather":[1.98,21.57],"tide":[null,null,null,null,null,null,null,null,null,null,null,null,null,null,null,null,null,null,null,null,null,null,null,null],"dailyEx":{"avg":null,"wave":null,"sunrise":null,"sunset":null}}]}
高萩ふれあいの里,2026-10-05,{"hourly":[{"weather":[[1.38,16.29,0,0,3.82,null,null],[2,16.23,0,0,4.93,null,null],[2,16.79,0,0,4.7,null,null],[2,17.07,0,0,5.28,null,null],[2,18.64,0.65,2.3,5.49,null,null],[1.33,20.14,2.93,5.39,5.93,null,null],[2,20.6,4.89,10.03,5.86,null,null],[1.96,20.54,6.52,14.74,5.45,null,null],[2,19.9,4.24,17.25,4.93,null,null],[1.62,19.32,2.93,16.09,3.86,null,null],[1.58,19.23,2.61,12.43,3.7,null,null],[1.91,18.83,2.93,8.86,2.52,null,null]],"oneday":{"avg":null,"sunrise":null,"sunset":null},"tide":[null,null,null,null,null,null,null,null,null,null,null,null,null,null,null,null,null,null,null,null,null,null,null,null]},{"weather":[[2.29,18.55,3.26,6.16,2.83,null,null],[1.33,18.62,3.26,4.43,4.07,null,null],[1.94,19.17,1.96,4.33,4.39,null,null],[0.62,19.76,1.3,5.39,6.58,null,null],[1,21.41,1.96,3.95,6.87,null,null],[3,21.58,1.63,2.99,7.36,null,null],[2.38,22,1.63,2.12,8.51,null,null],[1,21.58,1.96,3.75,9.08,null,null],[0.62,21.11,1.63,4.04,9.36,null,null],[0.62,19.57,0.98,2.7,9.76,null,null],[0.33,18.59,0.65,2.7,9.89,null,null],[1,18,0.65,2.02,10.66,null,null]],"oneday":{"avg":null,"sunrise":null,"sunset":null},"tide":[null,null,null,null,null,null,null,null,null,null,null,null,null,null,null,null,null,null,null,null,null,null,null,null]},{"weather":[[0.71,17.36,0.33,0.58,10.94,null,null],[0,16.77,0,0.58,11.51,null,null],[0,16.2,0,0.29,11.14,null,null],[0,16.13,0,0,10.32,null,null],[0,18.28,0,0,9.69,null,null],[0,20.73,0,0,8.64,null,null],[0,21.93,0,0,7.53,null,null],[0,20.91,0,0.03,10.05,null,null],[16.63,18.46,1.3,0.03,10.96,null,null],[0,15.41,1.96,0,11.55,null,null],[0,13.74,1.3,0,11.63,null,null],[0,13.2,0.33,0.38,11.2,null,null]],"oneday":{"avg":null,"sunrise":null,"sunset":null},"tide":[null,null,null,null,null,null,null,null,null,null,null,null,null,null,null,null,null,null,null,null,null,null,null,null]}],"daily":[{"weather":[18.65,21.67],"tide":[null,null,null,null,null,null,null,null,null,null,null,null,null,null,null,null,null,null,null,null,null,null,null,null],"dailyEx":{"avg":null,"wave":null,"sunrise":null,"sunset":null}},{"weather":[0.98,21.41],"tide":[null,null,null,null,null,null,null,null,null,null,null,null,null,null,null,null,null,null,null,null,null,null,null,null],"dailyEx":{"avg":null,"wave":null,"sunrise":null,"sunset":null}},{"weather":[0.96,20.99],"tide":[null,null,null,null,null,null,null,null,null,null,null,null,null,null,null,null,null,null,null,null,null,null,null,null],"dailyEx":{"avg":null,"wave":null,"sunrise":null,"sunset":null}},{"weather":[1.58,21.49],"tide":[null,null,null,null,null,null,null,null,null,null,null,null,null,null,null,null,null,null,null,null,null,null,null,null],"dailyEx":{"avg":null,"wave":null,"sunrise":null,"sunset":null}},{"weather":[2.02,21.62],"tide":[null,null,null,null,null,null,null,null,null,null,null,null,null,null,null,null,null,null,null,null,null,null,null,null],"dailyEx":{"avg":null,"wave":null,"sunrise":null,"sunset":null}}]}
若駒釣り堀センター,2026-10-05,{"hourly":[{"weather":[[1.58,15.69,0,0,3.83,null,null],[1.95,15.49,0,0,5.01,null,null],[1.95,16.16,0,0,4.77,null,null],[2,16.47,0,0,5.28,null,null],[1.95,18.28,0.29,3.4,5.47,null,null],[1.19,20.12,1.28,6.86,5.82,null,null],[2,20.67,2.13,11.45,5.67,null,null],[2.13,20.63,2.84,17.35,5.43,null,null],[2,19.85,1.85,20.39,4.9,null,null],[1.42,19.1,1.28,18.77,3.71,null,null],[1.55,18.91,1.14,14.42,3.61,null,null],[1.74,18.35,1.28,10.49,2.84,null,null]],"oneday":{"avg":null,"sunrise":null,"sunset":null},"tide":[null,null,null,null,null,null,null,null,null,null,null,null,null,null,null,null,null,null,null,null,null,null,null,null]},{"weather":[[2.27,18.18,1.42,7.93,3.26,null,null],[1.14,18.26,1.42,5.58,4.73,null,null],[1.61,18.79,0.85,5.16,5.07,null,null],[0.47,19.46,0.57,6.55,7.47,null,null],[1,21.16,0.85,4.73,7.93,null,null],[3,21.63,0.71,3.71,8.04,null,null],[2.58,22.16,0.71,2.89,9.25,null,null],[1,21.55,0.85,4.77,10.49,null,null],[0.47,20.97,0.71,4.99,10.94,null,null],[0.47,19.27,0.43,3.33,10.95,null,null],[0.19,18.22,0.29,3.27,11.19,null,null],[1.05,17.58,0.29,2.42,11.82,null,null]],"oneday":{"avg":null,"sunrise":null,"sunset":null},"tide":[null,null,null,null,null,null,null,null,null,null,null,null,null,null,null,null,null,null,null,null,null,null,null,null]},{"weather":[[0.73,16.96,0.14,0.55,12.09,null,null],[0.05,16.39,0,0.55,12.67,null,null],[0,15.87,0,0.27,12.26,null,null],[0,15.7,0,0,11.35,null,null],[0,17.9,0,0,11.01,null,null],[0,20.39,0,0,9.85,null,null],[0,21.72,0,0,8.9,null,null],[0,21.06,0,0.17,11.13,null,null],[9.93,18.58,0.57,0.28,12.5,null,null],[0,15.2,0.85,0.32,13.37,null,null],[0,13.6,0.57,0.32,13.88,null,null],[0.05,13.03,0.14,0.85,13.35,null,null]],"oneday":{"avg":null,"sunrise":null,"sunset":null},"tide":[null,null,null,null,null,null,null,null,null,null,null,null,null,null,null,null,null,null,null,null,null,null,null,null]}],"daily":[{"weather":[9.82,21.26],"tide":[null,null,null,null,null,null,null,null,null,null,null,null,null,null,null,null,null,null,null,null,null,null,null,null],"dailyEx":{"avg":null,"wave":null,"sunrise":null,"sunset":null}},{"weather":[0.48,21.99],"tide":[null,null,null,null,null,null,null,null,null,null,null,null,null,null,null,null,null,null,null,null,null,null,null,null],"dailyEx":{"avg":null,"wave":null,"sunrise":null,"sunset":null}},{"weather":[1.24,21.18],"tide":[null,null,null,null,null,null,null,null,null,null,null,null,null,null,null,null,null,null,null,null,null,null,null,null],"dailyEx":{"avg":null,"wave":null,"sunrise":null,"sunset":null}},{"weather":[1.55,21.85],"tide":[null,null,null,null,null,null,null,null,null,null,null,null,null,null,null,null,null,null,null,null,null,null,null,null],"dailyEx":{"avg":null,"wave":null,"sunrise":null,"sunset":null}},{"weather":[2.57,22.14],"tide":[null,null,null,null,null,null,null,null,null,null,null,null,null,null,null,null,null,null,null,null,null,null,null,null],"dailyEx":{"avg":null,"wave":null,"sunrise":null,"sunset":null}}]}
北沢ニジマスセンター,2026-10-05,{"hourly":[{"weather":[[1.36,17.82,0,0,3.75,null,null],[1.95,17.83,0,0,4.74,null,null],[1.95,18.28,0,0,4.8,null,null],[2,18.6,0,0,5.5,null,null],[1.95,19.9,1.09,2.07,5.75,null,null],[1.6,21.03,4.9,3.64,5.68,null,null],[2,21.48,8.17,5.34,5.78,null,null],[1.55,21.49,10.9,8.41,5.45,null,null],[2,20.96,7.08,9.97,4.84,null,null],[1.64,20.43,4.9,9.06,4.14,null,null],[1.18,20.3,4.36,6.91,3.64,null,null],[1.79,19.96,4.9,5.14,2.46,null,null]],"oneday":{"avg":null,"sunrise":null,"sunset":null},"tide":[null,null,null,null,null,null,null,null,null,null,null,null,null,null,null,null,null,null,null,null,null,null,null,null]},{"weather":[[2.09,19.66,5.45,4.26,2.6,null,null],[1.55,19.64,5.45,2.93,3.04,null,null],[2.24,20.08,3.27,2.55,3.29,null,null],[0.69,20.52,2.18,3.31,4.73,null,null],[1,22.31,3.27,2.35,5.09,null,null],[3,22.33,2.72,1.91,5.93,null,null],[2.36,22.67,2.72,1.64,7.12,null,null],[1,22.67,3.27,2.53,7.01,null,null],[0.69,22.38,2.72,2.57,6.77,null,null],[0.69,20.99,1.63,1.71,7.86,null,null],[0.6,20.04,1.09,1.66,7.72,null,null],[1.05,19.47,1.09,1.2,8.06,null,null]],"oneday":{"avg":null,"sunrise":null,"sunset":null},"tide":[null,null,null,null,null,null,null,null,null,null,null,null,null,null,null,null,null,null,null,null,null,null,null,null]},{"weather":[[0.91,18.8,0.55,0.18,7.92,null,null],[0.05,18.18,0,0.18,8.11,null,null],[0,17.51,0,0.09,7.43,null,null],[0,17.32,0,0,6.51,null,null],[0,19.55,0,0,6.77,null,null],[0,22.02,0,0,6.12,null,null],[0,23.12,0,0,5.05,null,null],[0,21.75,0,0.21,6.9,null,null],[30.58,19.29,2.18,0.33,6.76,null,null],[0,16.54,3.27,0.33,7.54,null,null],[0,14.73,2.18,0.33,7.87,null,null],[0.05,14.13,0.55,0.64,6.96,null,null]],"oneday":{"avg":null,"sunrise":null,"sunset":null},"tide":[null,null,null,null,null,null,null,null,null,null,null,null,null,null,null,null,null,null,null,null,null,null,null,null]}],"daily":[{"weather":[29.15,22.86],"tide":[null,null,null,null,null,null,null,null,null,null,null,null,null,null,null,null,null,null,null,null,null,null,null,null],"dailyEx":{"avg":null,"wave":null,"sunrise":null,"sunset":null}},{"weather":[1.69,21.54],"tide":[null,null,null,null,null,null,null,null,null,null,null,null,null,null,null,null,null,null,null,null,null,null,null,null],"dailyEx":{"avg":null,"wave":null,"sunrise":null,"sunset":null}},{"weather":[0.66,21.57],"tide":[null,null,null,null,null,null,null,null,null,null,null,null,null,null,null,null,null,null,null,null,null,null,null,null],"dailyEx":{"avg":null,"wave":null,"sunrise":null,"sunset":null}},{"weather":[1.18,22.07],"tide":[null,null,null,null,null,null,null,null,null,null,null,null,null,null,null,null,null,null,null,null,null,null,null,null],"dailyEx":{"avg":null,"wave":null,"sunrise":null,"sunset":null}},{"weather":[1.37,21.87],"tide":[null,null,null,null,null,null,null,null,null,null,null,null,null,null,null,null,null,null,null,null,null,null,null,null],"dailyEx":{"avg":null,"wave":null,"sunrise":null,"sunset":null}}]}
舟生沢つり堀センター,2026-10-05,{"hourly":[{"weather":[[1.58,17.47,0,0,4.04,null,null],[1.77,17.3,0,0,5.01,null,null],[1.69,17.68,0,0,5.17,null,null],[2,18.04,0,0,5.89,null,null],[1.75,19.54,0.72,3.02,6.17,null,null],[1.52,21.02,3.21,5.11,5.92,null,null],[1.85,21.82,5.36,7.07,5.63,null,null],[1.64,21.99,7.14,11.93,5.59,null,null],[2,21.42,4.64,13.63,4.92,null,null],[1.36,20.56,3.21,11.23,4.16,null,null],[1,20.17,2.86,8.84,3.78,null,null],[1.52,19.75,3.21,6.97,3.15,null,null]],"oneday":{"avg":null,"sunrise":null,"sunset":null},"tide":[null,null,null,null,null,null,null,null,null,null,null,null,null,null,null,null,null,null,null,null,null,null,null,null]},{"weather":[[1.85,19.54,3.57,6.3,3.29,null,null],[1.27,19.41,3.57,4.2,3.71,null,null],[1.8,19.6,2.14,3.14,3.85,null,null],[0.61,19.93,1.43,3.88,4.88,null,null],[1,22.08,2.14,2.98,5.38,null,null],[2.71,22.94,1.79,2.63,5.68,null,null],[2.48,23.43,1.79,2.37,7.41,null,null],[1,23.47,2.14,3.04,7.86,null,null],[0.67,22.96,1.79,2.9,7.92,null,null],[0.73,21.33,1.07,1.9,8.91,null,null],[0.8,20.3,0.72,1.68,8.74,null,null],[1.23,19.66,0.72,1.05,8.53,null,null]],"oneday":{"avg":null,"sunrise":null,"sunset":null},"tide":[null,null,null,null,null,null,null,null,null,null,null,null,null,null,null,null,null,null,null,null,null,null,null,null]},{"weather":[[0.98,18.97,0.36,0,8.19,null,null],[0.23,18.28,0,0,7.72,null,null],[0,17.57,0,0,6.8,null,null],[0,17.05,0,0,5.93,null,null],[0,19.48,0,0,6.44,null,null],[0,22.01,0,0,6.32,null,null],[0,23.35,0,0,5.76,null,null],[0,22.4,0,0.6,6.93,null,null],[26.93,20.04,1.45,1.07,6.61,null,null],[0.06,16.91,2.14,1.26,7.87,null,null],[0,15.05,1.43,1.51,8.61,null,null],[0.17,14.27,0.36,2.05,7.26,null,null]],"oneday":{"avg":null,"sunrise":null,"sunset":null},"tide":[null,null,null,null,null,null,null,null,null,null,null,null,null,null,null,null,null,null,null,null,null,null,null,null]}],"daily":[{"weather":[19.98,22.71],"tide":[null,null,null,null,null,null,null,null,null,null,null,null,null,null,null,null,null,null,null,null,null,null,null,null],"dailyEx":{"avg":null,"wave":null,"sunrise":null,"sunset":null}},{"weather":[1.32,22.15],"tide":[null,null,null,null,null,null,null,null,null,null,null,null,null,null,null,null,null,null,null,null,null,null,null,null],"dailyEx":{"avg":null,"wave":null,"sunrise":null,"sunset":null}},{"weather":[0.98,22.08],"tide":[null,null,null,null,null,null,null,null,null,null,null,null,null,null,null,null,null,null,null,null,null,null,null,null],"dailyEx":{"avg":null,"wave":null,"sunrise":null,"sunset":null}},{"weather":[0.85,22.74],"tide":[null,null,null,null,null,null,null,null,null,null,null,null,null,null,null,null,null,null,null,null,null,null,null,null],"dailyEx":{"avg":null,"wave":null,"sunrise":null,"sunset":null}},{"weather":[1.64,22.54],"tide":[null,null,null,null,null,null,null,null,null,null,null,null,null,null,null,null,null,null,null,null,null,null,null,null],"dailyEx":{"avg":null,"wave":null,"sunrise":null,"sunset":null}}]}
つりぼり芳山荘,2026-10-05,{"hourly":[{"weather":[[1.88,15.9,0,0,3.34,null,null],[1.88,15.63,0,0,4.57,null,null],[1.88,16.17,0,0,4.93,null,null],[1.79,16.54,0,0,5.55,null,null],[1.67,18.48,0.24,3.74,5.61,null,null],[1.24,20.57,1.09,6.82,5.22,null,null],[2,21.36,1.82,10.95,4.93,null,null],[1.88,21.52,2.42,17.08,5.01,null,null],[1.79,20.56,1.57,20.5,4.5,null,null],[1.12,19.47,1.09,19.29,3.78,null,null],[1,19.06,0.97,14.73,3.34,null,null],[1.24,18.29,1.09,10.87,3.1,null,null]],"oneday":{"avg":null,"sunrise":null,"sunset":null},"tide":[null,null,null,null,null,null,null,null,null,null,null,null,null,null,null,null,null,null,null,null,null,null,null,null]},{"weather":[[1.79,18.17,1.21,9.41,3.55,null,null],[1.12,18.3,1.21,6.86,4.19,null,null],[1.36,18.64,0.73,5.74,4.98,null,null],[0.46,19.21,0.48,6.73,6.64,null,null],[0.79,21.25,0.73,4.37,7.33,null,null],[2.57,22.27,0.61,3.52,7.46,null,null],[2.88,22.7,0.61,3.52,8.77,null,null],[1,22.13,0.73,4.39,10.1,null,null],[0.24,21.45,0.61,4.05,10.31,null,null],[0.24,19.69,0.36,2.84,10.76,null,null],[0.24,18.6,0.24,2.72,10.63,null,null],[0.91,17.98,0.24,1.85,10.43,null,null]],"oneday":{"avg":null,"sunrise":null,"sunset":null},"tide":[null,null,null,null,null,null,null,null,null,null,null,null,null,null,null,null,null,null,null,null,null,null,null,null]},{"weather":[[0.79,17.39,0.12,0,10.05,null,null],[0.12,16.82,0,0,10.08,null,null],[0,16.26,0,0,9.48,null,null],[0,15.96,0,0,8.46,null,null],[0,18.3,0,0,9.29,null,null],[0,20.82,0,0,8.72,null,null],[0,22.13,0,0,8.2,null,null],[0,21.64,0,0.37,9.47,null,null],[12.36,19.15,0.5,0.62,10.46,null,null],[0,15.43,0.73,0.73,11.57,null,null],[0,13.86,0.48,0.73,12.9,null,null],[0.12,13.14,0.12,1.27,11.56,null,null]],"oneday":{"avg":null,"sunrise":null,"sunset":null},"tide":[null,null,null,null,null,null,null,null,null,null,null,null,null,null,null,null,null,null,null,null,null,null,null,null]}],"daily":[{"weather":[8.39,21.52],"tide":[null,null,null,null,null,null,null,null,null,null,null,null,null,null,null,null,null,null,null,null,null,null,null,null],"dailyEx":{"avg":null,"wave":null,"sunrise":null,"sunset":null}},{"weather":[0.48,22.59],"tide":[null,null,null,null,null,null,null,null,null,null,null,null,null,null,null,null,null,null,null,null,null,null,null,null],"dailyEx":{"avg":null,"wave":null,"sunrise":null,"sunset":null}},{"weather":[1.12,21.9],"tide":[null,null,null,null,null,null,null,null,null,null,null,null,null,null,null,null,null,null,null,null,null,null,null,null],"dailyEx":{"avg":null,"wave":null,"sunrise":null,"sunset":null}},{"weather":[1.43,22.47],"tide":[null,null,null,null,null,null,null,null,null,null,null,null,null,null,null,null,null,null,null,null,null,null,null,null],"dailyEx":{"avg":null,"wave":null,"sunrise":null,"sunset":null}},{"weather":[2.64,22.89],"tide":[null,null,null,null,null,null,null,null,null,null,null,null,null,null,null,null,null,null,null,null,null,null,null,null],"dailyEx":{"avg":null,"wave":null,"sunrise":null,"sunset":null}}]}
大子へら鮒センター,2026-10-05,{"hourly":[{"weather":[[1.88,15.94,0,0,3.25,null,null],[1.92,15.65,0,0,4.51,null,null],[1.92,16.24,0,0,4.86,null,null],[1.8,16.61,0,0,5.46,null,null],[1.72,18.58,0.24,3.93,5.56,null,null],[1.2,20.69,1.08,6.84,5.17,null,null],[2,21.42,1.8,10.53,4.86,null,null],[1.88,21.59,2.4,16.72,4.91,null,null],[1.8,20.6,1.56,20.44,4.43,null,null],[1.12,19.52,1.08,19.59,3.71,null,null],[1,19.11,0.96,14.94,3.24,null,null],[1.2,18.29,1.08,10.94,3.05,null,null]],"oneday":{"avg":null,"sunrise":null,"sunset":null},"tide":[null,null,null,null,null,null,null,null,null,null,null,null,null,null,null,null,null,null,null,null,null,null,null,null]},{"weather":[[1.8,18.18,1.2,9.42,3.49,null,null],[1.12,18.31,1.2,6.89,4.23,null,null],[1.33,18.68,0.72,5.84,4.98,null,null],[0.4,19.3,0.48,6.92,6.81,null,null],[0.8,21.3,0.72,4.43,7.48,null,null],[2.61,22.28,0.6,3.52,7.69,null,null],[2.88,22.72,0.6,3.52,8.99,null,null],[1,22.08,0.72,4.52,10.31,null,null],[0.2,21.39,0.6,4.24,10.55,null,null],[0.2,19.64,0.36,2.96,10.93,null,null],[0.2,18.56,0.24,2.87,10.79,null,null],[0.89,17.96,0.24,1.99,10.69,null,null]],"oneday":{"avg":null,"sunrise":null,"sunset":null},"tide":[null,null,null,null,null,null,null,null,null,null,null,null,null,null,null,null,null,null,null,null,null,null,null,null]},{"weather":[[0.8,17.37,0.12,0,10.31,null,null],[0.08,16.81,0,0,10.34,null,null],[0,16.26,0,0,9.71,null,null],[0,16.03,0,0,8.73,null,null],[0,18.35,0,0,9.57,null,null],[0,20.87,0,0,9.01,null,null],[0,22.15,0,0,8.42,null,null],[0,21.65,0,0.27,9.76,null,null],[10.46,19.14,0.49,0.44,10.77,null,null],[0,15.41,0.72,0.51,12.05,null,null],[0,13.83,0.48,0.51,13.17,null,null],[0.08,13.14,0.12,1.11,12.02,null,null]],"oneday":{"avg":null,"sunrise":null,"sunset":null},"tide":[null,null,null,null,null,null,null,null,null,null,null,null,null,null,null,null,null,null,null,null,null,null,null,null]}],"daily":[{"weather":[8.36,21.58],"tide":[null,null,null,null,null,null,null,null,null,null,null,null,null,null,null,null,null,null,null,null,null,null,null,null],"dailyEx":{"avg":null,"wave":null,"sunrise":null,"sunset":null}},{"weather":[0.44,22.72],"tide":[null,null,null,null,null,null,null,null,null,null,null,null,null,null,null,null,null,null,null,null,null,null,null,null],"dailyEx":{"avg":null,"wave":null,"sunrise":null,"sunset":null}},{"weather":[1.05,21.96],"tide":[null,null,null,null,null,null,null,null,null,null,null,null,null,null,null,null,null,null,null,null,null,null,null,null],"dailyEx":{"avg":null,"wave":null,"sunrise":null,"sunset":null}},{"weather":[1.39,22.59],"tide":[null,null,null,null,null,null,null,null,null,null,null,null,null,null,null,null,null,null,null,null,null,null,null,null],"dailyEx":{"avg":null,"wave":null,"sunrise":null,"sunset":null}},{"weather":[2.64,23.08],"tide":[null,null,null,null,null,null,null,null,null,null,null,null,null,null,null,null,null,null,null,null,null,null,null,null],"dailyEx":{"avg":null,"wave":null,"sunrise":null,"sunset":null}}]}
へらセンター緒川,2026-10-05,{"hourly":[{"weather":[[1.71,17.06,0,0,4.19,null,null],[1.69,16.81,0,0,5.17,null,null],[1.61,17.23,0,0,5.3,null,null],[2,17.61,0,0,5.96,null,null],[1.67,19.24,0.47,3.64,6.19,null,null],[1.49,20.89,2.1,6.1,5.9,null,null],[1.87,21.78,3.51,8.28,5.64,null,null],[1.77,21.94,4.68,13.75,5.76,null,null],[2,21.33,3.04,15.34,5.02,null,null],[1.23,20.37,2.1,12.11,4.15,null,null],[1,19.93,1.87,9.45,3.85,null,null],[1.49,19.46,2.1,7.68,3.42,null,null]],"oneday":{"avg":null,"sunrise":null,"sunset":null},"tide":[null,null,null,null,null,null,null,null,null,null,null,null,null,null,null,null,null,null,null,null,null,null,null,null]},{"weather":[[1.87,19.32,2.34,7.32,3.67,null,null],[1.16,19.21,2.34,4.77,4.16,null,null],[1.65,19.36,1.4,3.41,4.31,null,null],[0.56,19.72,0.93,4.35,5.33,null,null],[1,21.9,1.4,3.4,5.99,null,null],[2.74,22.94,1.17,3.12,5.91,null,null],[2.62,23.49,1.17,2.88,7.62,null,null],[1,23.5,1.4,3.65,8.57,null,null],[0.62,22.97,1.17,3.41,8.69,null,null],[0.68,21.22,0.7,2.25,9.45,null,null],[0.73,20.11,0.47,1.94,9.43,null,null],[1.31,19.43,0.47,1.19,9.03,null,null]],"oneday":{"avg":null,"sunrise":null,"sunset":null},"tide":[null,null,null,null,null,null,null,null,null,null,null,null,null,null,null,null,null,null,null,null,null,null,null,null]},{"weather":[[0.98,18.73,0.23,0,8.7,null,null],[0.31,18.06,0,0,8.35,null,null],[0,17.37,0,0,7.44,null,null],[0,16.7,0,0,6.41,null,null],[0,19.17,0,0,7.16,null,null],[0,21.74,0,0,6.84,null,null],[0,23.21,0,0,6.43,null,null],[0,22.52,0,0.85,7.3,null,null],[25.3,20.13,0.96,1.49,7.33,null,null],[0.06,16.83,1.4,1.78,8.56,null,null],[0,15.02,0.93,2.01,9.91,null,null],[0.26,14.22,0.23,2.57,8.27,null,null]],"oneday":{"avg":null,"sunrise":null,"sunset":null},"tide":[null,null,null,null,null,null,null,null,null,null,null,null,null,null,null,null,null,null,null,null,null,null,null,null]}],"daily":[{"weather":[14.08,22.38],"tide":[null,null,null,null,null,null,null,null,null,null,null,null,null,null,null,null,null,null,null,null,null,null,null,null],"dailyEx":{"avg":null,"wave":null,"sunrise":null,"sunset":null}},{"weather":[1.03,22.4],"tide":[null,null,null,null,null,null,null,null,null,null,null,null,null,null,null,null,null,null,null,null,null,null,null,null],"dailyEx":{"avg":null,"wave":null,"sunrise":null,"sunset":null}},{"weather":[1.29,22.1],"tide":[null,null,null,null,null,null,null,null,null,null,null,null,null,null,null,null,null,null,null,null,null,null,null,null],"dailyEx":{"avg":null,"wave":null,"sunrise":null,"sunset":null}},{"weather":[0.87,22.84],"tide":[null,null,null,null,null,null,null,null,null,null,null,null,null,null,null,null,null,null,null,null,null,null,null,null],"dailyEx":{"avg":null,"wave":null,"sunrise":null,"sunset":null}},{"weather":[2.04,22.64],"tide":[null,null,null,null,null,null,null,null,null,null,null,null,null,null,null,null,null,null,null,null,null,null,null,null],"dailyEx":{"avg":null,"wave":null,"sunrise":null,"sunset":null}}]}
粟原釣り場,2026-10-05,{"hourly":[{"weather":[[1.61,18.91,0.94,0,4.72,null,null],[1.51,18.98,0,0,5.45,null,null],[1.82,19.35,0,0,5.69,null,null],[2,19.66,0.31,0,6.6,null,null],[1.82,20.47,2.03,1.43,6.75,null,null],[2.19,21.22,6,2.38,6.41,null,null],[2,21.76,9.59,3.1,6.72,null,null],[1.3,21.76,12.15,4.83,6.43,null,null],[2,21.51,7.87,4.89,5.76,null,null],[1.7,21.12,5.06,3.1,5.15,null,null],[1.31,20.94,4.99,2.33,4.56,null,null],[1.88,20.74,5.69,2.21,3.14,null,null]],"oneday":{"avg":null,"sunrise":null,"sunset":null},"tide":[null,null,null,null,null,null,null,null,null,null,null,null,null,null,null,null,null,null,null,null,null,null,null,null]},{"weather":[[1.69,20.35,6.39,2.62,3.05,null,null],[1.7,20.25,6.39,1.55,2.9,null,null],[2.58,20.52,4.53,0.9,2.86,null,null],[0.88,20.99,3.44,1.31,3.93,null,null],[1,22.6,4.21,1.13,4.62,null,null],[3,22.59,4.77,1.19,5.3,null,null],[2.3,22.82,4.77,1.19,6.73,null,null],[1,23.21,4.21,1.43,6.73,null,null],[0.88,23.24,3.82,1.25,5.57,null,null],[0.88,22.14,2.42,0.83,6.97,null,null],[0.88,21.15,0.78,0.66,6.75,null,null],[1.18,20.58,1.09,0.36,6.58,null,null]],"oneday":{"avg":null,"sunrise":null,"sunset":null},"tide":[null,null,null,null,null,null,null,null,null,null,null,null,null,null,null,null,null,null,null,null,null,null,null,null]},{"weather":[[1.31,19.84,1.02,0,6.12,null,null],[0.18,19.17,0,0,5.94,null,null],[0,18.35,0,0,5.07,null,null],[0,17.87,0,0,3.78,null,null],[0,20.08,0,0,4.47,null,null],[0,22.56,0,0,3.93,null,null],[0,23.67,0,0,3.33,null,null],[0,22.17,0,0.57,4.63,null,null],[28.89,19.98,1.57,0.93,3.66,null,null],[0,17.79,2.96,1.07,3.74,null,null],[0,15.86,3.44,1.07,4.73,null,null],[0.18,14.93,1.33,1.19,3.09,null,null]],"oneday":{"avg":null,"sunrise":null,"sunset":null},"tide":[null,null,null,null,null,null,null,null,null,null,null,null,null,null,null,null,null,null,null,null,null,null,null,null]}],"daily":[{"weather":[21.3,23.29],"tide":[null,null,null,null,null,null,null,null,null,null,null,null,null,null,null,null,null,null,null,null,null,null,null,null],"dailyEx":{"avg":null,"wave":null,"sunrise":null,"sunset":null}},{"weather":[2.28,21.26],"tide":[null,null,null,null,null,null,null,null,null,null,null,null,null,null,null,null,null,null,null,null,null,null,null,null],"dailyEx":{"avg":null,"wave":null,"sunrise":null,"sunset":null}},{"weather":[0.97,21.77],"tide":[null,null,null,null,null,null,null,null,null,null,null,null,null,null,null,null,null,null,null,null,null,null,null,null],"dailyEx":{"avg":null,"wave":null,"sunrise":null,"sunset":null}},{"weather":[1,22.1],"tide":[null,null,null,null,null,null,null,null,null,null,null,null,null,null,null,null,null,null,null,null,null,null,null,null],"dailyEx":{"avg":null,"wave":null,"sunrise":null,"sunset":null}},{"weather":[0.89,21.46],"tide":[null,null,null,null,null,null,null,null,null,null,null,null,null,null,null,null,null,null,null,null,null,null,null,null],"dailyEx":{"avg":null,"wave":null,"sunrise":null,"sunset":null}}]}
ふれあいの里釣り堀,2026-10-05,{"hourly":[{"weather":[[1.78,17.61,0.35,0,4.86,null,null],[1.42,17.47,0,0,5.64,null,null],[1.54,17.81,0,0,5.77,null,null],[2,18.21,0.11,0,6.45,null,null],[1.54,19.51,0.9,3.06,6.5,null,null],[1.91,20.77,2.89,5.33,6.09,null,null],[2,21.67,4.67,7.18,6.41,null,null],[1.67,21.66,6,10.91,6.59,null,null],[2,21.28,3.89,10.52,5.7,null,null],[1.33,20.55,2.55,5.88,4.8,null,null],[1.11,20.18,2.45,4.41,4.48,null,null],[1.8,19.94,2.78,4.53,3.66,null,null]],"oneday":{"avg":null,"sunrise":null,"sunset":null},"tide":[null,null,null,null,null,null,null,null,null,null,null,null,null,null,null,null,null,null,null,null,null,null,null,null]},{"weather":[[1.89,19.79,3.11,5.73,3.95,null,null],[1.33,19.69,3.11,3.27,3.9,null,null],[2.13,19.81,2.12,1.67,4.03,null,null],[0.8,20.14,1.57,2.54,4.58,null,null],[1,22.16,2.01,2.4,5.53,null,null],[3,22.79,2.13,2.66,5.15,null,null],[2.67,23.23,2.13,2.66,6.56,null,null],[1,23.66,2.01,3.06,7.63,null,null],[0.8,23.48,1.79,2.6,7.04,null,null],[0.8,21.88,1.12,1.73,8.04,null,null],[0.8,20.68,0.44,1.27,8.2,null,null],[1.46,19.94,0.55,0.6,7.45,null,null]],"oneday":{"avg":null,"sunrise":null,"sunset":null},"tide":[null,null,null,null,null,null,null,null,null,null,null,null,null,null,null,null,null,null,null,null,null,null,null,null]},{"weather":[[1.11,19.21,0.45,0,7.12,null,null],[0.46,18.55,0,0,7.23,null,null],[0,17.83,0,0,6.43,null,null],[0,16.87,0,0,4.83,null,null],[0,19.29,0,0,6.06,null,null],[0,21.87,0,0,5.15,null,null],[0,23.42,0,0,4.87,null,null],[0,22.64,0,1.41,5.3,null,null],[34.87,20.24,0.92,2.34,5.26,null,null],[0,17.4,1.55,2.79,5.46,null,null],[0,15.6,1.57,2.79,8.2,null,null],[0.46,14.72,0.56,2.99,5.63,null,null]],"oneday":{"avg":null,"sunrise":null,"sunset":null},"tide":[null,null,null,null,null,null,null,null,null,null,null,null,null,null,null,null,null,null,null,null,null,null,null,null]}],"daily":[{"weather":[13.4,22.44],"tide":[null,null,null,null,null,null,null,null,null,null,null,null,null,null,null,null,null,null,null,null,null,null,null,null],"dailyEx":{"avg":null,"wave":null,"sunrise":null,"sunset":null}},{"weather":[1.47,21.88],"tide":[null,null,null,null,null,null,null,null,null,null,null,null,null,null,null,null,null,null,null,null,null,null,null,null],"dailyEx":{"avg":null,"wave":null,"sunrise":null,"sunset":null}},{"weather":[1.71,21.8],"tide":[null,null,null,null,null,null,null,null,null,null,null,null,null,null,null,null,null,null,null,null,null,null,null,null],"dailyEx":{"avg":null,"wave":null,"sunrise":null,"sunset":null}},{"weather":[1,22.37],"tide":[null,null,null,null,null,null,null,null,null,null,null,null,null,null,null,null,null,null,null,null,null,null,null,null],"dailyEx":{"avg":null,"wave":null,"sunrise":null,"sunset":null}},{"weather":[2,21.67],"tide":[null,null,null,null,null,null,null,null,null,null,null,null,null,null,null,null,null,null,null,null,null,null,null,null],"dailyEx":{"avg":null,"wave":null,"sunrise":null,"sunset":null}}]}
富士見池 第二池,2026-10-05,{"hourly":[{"weather":[[1.91,20.93,0.77,0,4.36,null,null],[1.68,20.84,0,0,5.52,null,null],[2.44,20.98,0,0,6.34,null,null],[2.59,21.07,2.03,0,7.27,null,null],[1.94,21.53,8.12,0.34,7.38,null,null],[31.14,21.73,11.5,1.53,7.6,null,null],[2,22.26,10.75,2.92,7.28,null,null],[1.74,22.17,7.12,4.05,6.54,null,null],[2,22.04,4.66,3.23,6.17,null,null],[1.35,21.83,3.64,0.79,5.65,null,null],[1.26,21.72,3.9,0.19,5.23,null,null],[1.41,21.59,5.93,0.49,4.8,null,null]],"oneday":{"avg":null,"sunrise":null,"sunset":null},"tide":[null,null,null,null,null,null,null,null,null,null,null,null,null,null,null,null,null,null,null,null,null,null,null,null]},{"weather":[[1.15,21.21,6.77,1.23,4.54,null,null],[1.94,21.03,6.77,0.61,4.41,null,null],[2.26,21.21,8.29,0.15,4.13,null,null],[2.18,21.67,9.22,0.31,5.12,null,null],[2.18,22.44,10.99,0.73,5.84,null,null],[3,22.52,15.31,1.07,6.53,null,null],[2.15,22.67,17.08,1.16,7.86,null,null],[1.59,22.81,14.54,0.79,8.98,null,null],[1,22.91,8.04,0.37,8.37,null,null],[1,22.46,3.39,0.13,8.77,null,null],[1,21.91,2.37,0.06,8.28,null,null],[1.65,21.31,2.03,0.09,7.87,null,null]],"oneday":{"avg":null,"sunrise":null,"sunset":null},"tide":[null,null,null,null,null,null,null,null,null,null,null,null,null,null,null,null,null,null,null,null,null,null,null,null]},{"weather":[[1.26,20.67,1.1,0.18,6.32,null,null],[0.15,19.88,0,0.09,5.44,null,null],[0.68,19.18,0.59,0,4.77,null,null],[0.77,18.88,0.59,0.18,3.97,null,null],[0.09,20.55,0,0.18,4.02,null,null],[0.09,22.24,0.59,0.09,3.21,null,null],[0,23.07,1.18,0,2.57,null,null],[0,22.34,0,0.19,3.33,null,null],[3.21,20.04,0.01,0.31,2.88,null,null],[0,18.66,0.51,0.38,1.46,null,null],[0,18.29,1.53,0.38,3.25,null,null],[0.15,17.54,1.36,0.47,3.26,null,null]],"oneday":{"avg":null,"sunrise":null,"sunset":null},"tide":[null,null,null,null,null,null,null,null,null,null,null,null,null,null,null,null,null,null,null,null,null,null,null,null]}],"daily":[{"weather":[1.56,22.96],"tide":[null,null,null,null,null,null,null,null,null,null,null,null,null,null,null,null,null,null,null,null,null,null,null,null],"dailyEx":{"avg":null,"wave":null,"sunrise":null,"sunset":null}},{"weather":[1.42,21.09],"tide":[null,null,null,null,null,null,null,null,null,null,null,null,null,null,null,null,null,null,null,null,null,null,null,null],"dailyEx":{"avg":null,"wave":null,"sunrise":null,"sunset":null}},{"weather":[0.62,21.93],"tide":[null,null,null,null,null,null,null,null,null,null,null,null,null,null,null,null,null,null,null,null,null,null,null,null],"dailyEx":{"avg":null,"wave":null,"sunrise":null,"sunset":null}},{"weather":[30.56,21.9],"tide":[null,null,null,null,null,null,null,null,null,null,null,null,null,null,null,null,null,null,null,null,null,null,null,null],"dailyEx":{"avg":null,"wave":null,"sunrise":null,"sunset":null}},{"weather":[0.87,21.09],"tide":[null,null,null,null,null,null,null,null,null,null,null,null,null,null,null,null,null,null,null,null,null,null,null,null],"dailyEx":{"avg":null,"wave":null,"sunrise":null,"sunset":null}}]}
富士見池 第一池,2026-10-05,{"hourly":[{"weather":[[1.91,20.9,0.8,0,4.4,null,null],[1.67,20.81,0,0,5.55,null,null],[2.42,20.95,0,0,6.37,null,null],[2.58,21.04,2,0,7.29,null,null],[1.94,21.5,7.98,0.35,7.41,null,null],[30.38,21.72,11.35,1.55,7.62,null,null],[2,22.25,10.7,2.98,7.31,null,null],[1.73,22.17,7.21,4.13,6.58,null,null],[2,22.03,4.72,3.29,6.2,null,null],[1.36,21.82,3.64,0.81,5.67,null,null],[1.27,21.7,3.91,0.19,5.25,null,null],[1.42,21.58,5.91,0.5,4.79,null,null]],"oneday":{"avg":null,"sunrise":null,"sunset":null},"tide":[null,null,null,null,null,null,null,null,null,null,null,null,null,null,null,null,null,null,null,null,null,null,null,null]},{"weather":[[1.16,21.2,6.75,1.25,4.53,null,null],[1.94,21.01,6.75,0.63,4.4,null,null],[2.27,21.2,8.21,0.16,4.11,null,null],[2.15,21.66,9.09,0.31,5.12,null,null],[2.15,22.44,10.82,0.75,5.85,null,null],[3,22.51,15.07,1.09,6.53,null,null],[2.16,22.66,16.8,1.18,7.88,null,null],[1.58,22.82,14.27,0.81,8.99,null,null],[1,22.92,7.94,0.38,8.33,null,null],[1,22.46,3.37,0.13,8.75,null,null],[1,21.91,2.3,0.06,8.27,null,null],[1.64,21.31,2,0.09,7.86,null,null]],"oneday":{"avg":null,"sunrise":null,"sunset":null},"tide":[null,null,null,null,null,null,null,null,null,null,null,null,null,null,null,null,null,null,null,null,null,null,null,null]},{"weather":[[1.27,20.66,1.11,0.18,6.32,null,null],[0.16,19.87,0,0.09,5.45,null,null],[0.67,19.16,0.58,0,4.77,null,null],[0.76,18.86,0.58,0.18,3.97,null,null],[0.09,20.54,0,0.18,4.02,null,null],[0.09,22.24,0.58,0.09,3.21,null,null],[0,23.08,1.15,0,2.57,null,null],[0,22.33,0,0.19,3.36,null,null],[3.27,20.05,0.01,0.32,2.89,null,null],[0,18.66,0.54,0.39,1.48,null,null],[0,18.24,1.61,0.39,3.25,null,null],[0.16,17.48,1.38,0.48,3.22,null,null]],"oneday":{"avg":null,"sunrise":null,"sunset":null},"tide":[null,null,null,null,null,null,null,null,null,null,null,null,null,null,null,null,null,null,null,null,null,null,null,null]}],"daily":[{"weather":[1.58,22.97],"tide":[null,null,null,null,null,null,null,null,null,null,null,null,null,null,null,null,null,null,null,null,null,null,null,null],"dailyEx":{"avg":null,"wave":null,"sunrise":null,"sunset":null}},{"weather":[1.44,21.09],"tide":[null,null,null,null,null,null,null,null,null,null,null,null,null,null,null,null,null,null,null,null,null,null,null,null],"dailyEx":{"avg":null,"wave":null,"sunrise":null,"sunset":null}},{"weather":[0.64,21.94],"tide":[null,null,null,null,null,null,null,null,null,null,null,null,null,null,null,null,null,null,null,null,null,null,null,null],"dailyEx":{"avg":null,"wave":null,"sunrise":null,"sunset":null}},{"weather":[29.78,21.9],"tide":[null,null,null,null,null,null,null,null,null,null,null,null,null,null,null,null,null,null,null,null,null,null,null,null],"dailyEx":{"avg":null,"wave":null,"sunrise":null,"sunset":null}},{"weather":[0.86,21.09],"tide":[null,null,null,null,null,null,null,null,null,null,null,null,null,null,null,null,null,null,null,null,null,null,null,null],"dailyEx":{"avg":null,"wave":null,"sunrise":null,"sunset":null}}]}
北浦・渚,2026-10-05,{"hourly":[{"weather":[[1.91,20.94,0.77,0,4.36,null,null],[1.68,20.85,0,0,5.52,null,null],[2.44,20.99,0,0,6.34,null,null],[2.59,21.07,2.03,0,7.26,null,null],[1.94,21.53,8.12,0.34,7.38,null,null],[31.15,21.73,11.52,1.51,7.6,null,null],[2,22.26,10.77,2.89,7.27,null,null],[1.74,22.17,7.14,4.01,6.54,null,null],[2,22.04,4.68,3.2,6.16,null,null],[1.35,21.83,3.65,0.79,5.65,null,null],[1.26,21.72,3.91,0.19,5.23,null,null],[1.41,21.59,5.94,0.49,4.8,null,null]],"oneday":{"avg":null,"sunrise":null,"sunset":null},"tide":[null,null,null,null,null,null,null,null,null,null,null,null,null,null,null,null,null,null,null,null,null,null,null,null]},{"weather":[[1.15,21.21,6.79,1.21,4.53,null,null],[1.94,21.03,6.79,0.61,4.4,null,null],[2.26,21.21,8.3,0.15,4.12,null,null],[2.18,21.67,9.23,0.3,5.11,null,null],[2.18,22.44,11,0.73,5.84,null,null],[3,22.51,15.32,1.06,6.53,null,null],[2.15,22.66,17.1,1.14,7.86,null,null],[1.59,22.81,14.55,0.79,8.98,null,null],[1,22.91,8.05,0.36,8.36,null,null],[1,22.46,3.39,0.12,8.76,null,null],[1,21.91,2.37,0.06,8.27,null,null],[1.65,21.31,2.03,0.09,7.86,null,null]],"oneday":{"avg":null,"sunrise":null,"sunset":null},"tide":[null,null,null,null,null,null,null,null,null,null,null,null,null,null,null,null,null,null,null,null,null,null,null,null]},{"weather":[[1.26,20.67,1.1,0.18,6.32,null,null],[0.15,19.89,0,0.09,5.44,null,null],[0.68,19.18,0.59,0,4.76,null,null],[0.77,18.88,0.59,0.18,3.97,null,null],[0.09,20.56,0,0.18,4.01,null,null],[0.09,22.24,0.59,0.09,3.2,null,null],[0,23.07,1.18,0,2.56,null,null],[0,22.33,0,0.19,3.33,null,null],[3.18,20.04,0.01,0.31,2.88,null,null],[0,18.66,0.51,0.37,1.46,null,null],[0,18.29,1.54,0.37,3.24,null,null],[0.15,17.54,1.36,0.46,3.25,null,null]],"oneday":{"avg":null,"sunrise":null,"sunset":null},"tide":[null,null,null,null,null,null,null,null,null,null,null,null,null,null,null,null,null,null,null,null,null,null,null,null]}],"daily":[{"weather":[1.56,22.97],"tide":[null,null,null,null,null,null,null,null,null,null,null,null,null,null,null,null,null,null,null,null,null,null,null,null],"dailyEx":{"avg":null,"wave":null,"sunrise":null,"sunset":null}},{"weather":[1.42,21.08],"tide":[null,null,null,null,null,null,null,null,null,null,null,null,null,null,null,null,null,null,null,null,null,null,null,null],"dailyEx":{"avg":null,"wave":null,"sunrise":null,"sunset":null}},{"weather":[0.62,21.93],"tide":[null,null,null,null,null,null,null,null,null,null,null,null,null,null,null,null,null,null,null,null,null,null,null,null],"dailyEx":{"avg":null,"wave":null,"sunrise":null,"sunset":null}},{"weather":[30.57,21.9],"tide":[null,null,null,null,null,null,null,null,null,null,null,null,null,null,null,null,null,null,null,null,null,null,null,null],"dailyEx":{"avg":null,"wave":null,"sunrise":null,"sunset":null}},{"weather":[0.87,21.09],"tide":[null,null,null,null,null,null,null,null,null,null,null,null,null,null,null,null,null,null,null,null,null,null,null,null],"dailyEx":{"avg":null,"wave":null,"sunrise":null,"sunset":null}}]}
明神池へら鮒池,2026-10-05,{"hourly":[{"weather":[[1.86,17.21,0.25,0,6.08,null,null],[1.14,16.88,0,0,6.74,null,null],[1.08,16.98,0,0,7.01,null,null],[1.95,17.37,0.08,0,7.49,null,null],[1.28,18.72,0.33,3.35,7.41,null,null],[1.88,20.35,0.66,7.95,7.32,null,null],[2,21.75,0.98,13.16,7.73,null,null],[1.92,21.72,1.15,18.32,7.91,null,null],[2,21.46,0.74,14.99,6.79,null,null],[1.28,20.52,0.41,4.39,5.45,null,null],[1.08,19.97,0.49,2.65,5.35,null,null],[2,19.91,0.57,4.32,4.95,null,null]],"oneday":{"avg":null,"sunrise":null,"sunset":null},"tide":[null,null,null,null,null,null,null,null,null,null,null,null,null,null,null,null,null,null,null,null,null,null,null,null]},{"weather":[[1.86,19.87,0.66,7.34,5.58,null,null],[1.23,19.66,0.66,3.73,5.19,null,null],[2.03,19.49,0.57,1.08,5.17,null,null],[0.95,19.54,0.49,1.94,4.99,null,null],[1,21.79,0.49,3.24,6.11,null,null],[2.89,23.11,0.74,4.44,4.95,null,null],[2.92,23.71,0.74,4.74,6.47,null,null],[1,24.62,0.49,4.12,8.48,null,null],[1.05,24.38,0.49,2.77,7.69,null,null],[1.05,22.53,0.33,1.77,8.34,null,null],[1,21.18,0,0.83,8.94,null,null],[1.72,20.23,0.08,0.14,7.45,null,null]],"oneday":{"avg":null,"sunrise":null,"sunset":null},"tide":[null,null,null,null,null,null,null,null,null,null,null,null,null,null,null,null,null,null,null,null,null,null,null,null]},{"weather":[[1.03,19.4,0.16,0.29,6.81,null,null],[0.86,18.65,0,0.14,7.1,null,null],[0.14,17.95,0,0,6.54,null,null],[0.29,16.45,0,0.29,4.61,null,null],[0.14,18.9,0,0.29,6.12,null,null],[0.14,21.48,0,0.14,4.86,null,null],[0,23.55,0,0,4.78,null,null],[0,23.31,0,2.16,4.31,null,null],[36.79,20.93,0.07,3.61,4.9,null,null],[0.11,17.88,0.16,4.33,3.69,null,null],[0,16.32,0.49,4.7,8.17,null,null],[0.86,15.34,0.25,5.12,4.95,null,null]],"oneday":{"avg":null,"sunrise":null,"sunset":null},"tide":[null,null,null,null,null,null,null,null,null,null,null,null,null,null,null,null,null,null,null,null,null,null,null,null]}],"daily":[{"weather":[2.92,21.9],"tide":[null,null,null,null,null,null,null,null,null,null,null,null,null,null,null,null,null,null,null,null,null,null,null,null],"dailyEx":{"avg":null,"wave":null,"sunrise":null,"sunset":null}},{"weather":[0.97,22.09],"tide":[null,null,null,null,null,null,null,null,null,null,null,null,null,null,null,null,null,null,null,null,null,null,null,null],"dailyEx":{"avg":null,"wave":null,"sunrise":null,"sunset":null}},{"weather":[2.69,21.97],"tide":[null,null,null,null,null,null,null,null,null,null,null,null,null,null,null,null,null,null,null,null,null,null,null,null],"dailyEx":{"avg":null,"wave":null,"sunrise":null,"sunset":null}},{"weather":[0.95,22.31],"tide":[null,null,null,null,null,null,null,null,null,null,null,null,null,null,null,null,null,null,null,null,null,null,null,null],"dailyEx":{"avg":null,"wave":null,"sunrise":null,"sunset":null}},{"weather":[2.36,21.29],"tide":[null,null,null,null,null,null,null,null,null,null,null,null,null,null,null,null,null,null,null,null,null,null,null,null],"dailyEx":{"avg":null,"wave":null,"sunrise":null,"sunset":null}}]}
フィッシングＤｏＤｏｏ,2026-10-05,{"hourly":[{"weather":[[1.94,17.59,0.53,0,5.84,null,null],[1.1,17.36,0,0,6.5,null,null],[1.27,17.52,0,0,6.7,null,null],[2.05,17.92,0.31,0,7.35,null,null],[1.28,19.1,1.26,2.94,7.22,null,null],[4.37,20.39,2.14,6.35,6.93,null,null],[2,21.62,2.71,10.01,7.39,null,null],[1.83,21.53,2.74,14.13,7.7,null,null],[2,21.34,1.77,11.57,6.64,null,null],[1.23,20.56,1.06,3.22,5.49,null,null],[1.17,20.08,1.24,2.17,5.37,null,null],[1.95,20.03,1.55,3.72,4.69,null,null]],"oneday":{"avg":null,"sunrise":null,"sunset":null},"tide":[null,null,null,null,null,null,null,null,null,null,null,null,null,null,null,null,null,null,null,null,null,null,null,null]},{"weather":[[1.78,19.95,1.77,6.23,5.11,null,null],[1.28,19.76,1.77,3.11,4.7,null,null],[2.17,19.68,1.74,0.78,4.73,null,null],[1.09,19.85,1.65,1.56,4.59,null,null],[1.09,21.92,1.79,2.5,5.82,null,null],[3,22.91,2.59,3.39,4.65,null,null],[2.78,23.39,2.73,3.45,6.21,null,null],[1.05,24.19,2.07,3.22,8.07,null,null],[1,24.1,1.56,2.28,7.28,null,null],[1,22.44,0.89,1.44,8.1,null,null],[1,21.16,0.18,0.72,8.55,null,null],[1.77,20.29,0.31,0.06,7.1,null,null]],"oneday":{"avg":null,"sunrise":null,"sunset":null},"tide":[null,null,null,null,null,null,null,null,null,null,null,null,null,null,null,null,null,null,null,null,null,null,null,null]},{"weather":[[1.17,19.49,0.4,0.11,6.54,null,null],[0.78,18.77,0,0.06,6.63,null,null],[0.1,18.03,0.05,0,5.92,null,null],[0.16,16.57,0.05,0.11,3.98,null,null],[0.06,19.01,0,0.11,5.37,null,null],[0.06,21.55,0.05,0.06,4.16,null,null],[0,23.42,0.09,0,4.25,null,null],[0,23.03,0,2.17,3.98,null,null],[36.84,20.71,0.07,3.61,4.14,null,null],[0,17.96,0.35,4.33,3.34,null,null],[0,16.34,1.06,4.33,7.73,null,null],[0.78,15.33,0.57,4.39,4.28,null,null]],"oneday":{"avg":null,"sunrise":null,"sunset":null},"tide":[null,null,null,null,null,null,null,null,null,null,null,null,null,null,null,null,null,null,null,null,null,null,null,null]}],"daily":[{"weather":[2.73,22],"tide":[null,null,null,null,null,null,null,null,null,null,null,null,null,null,null,null,null,null,null,null,null,null,null,null],"dailyEx":{"avg":null,"wave":null,"sunrise":null,"sunset":null}},{"weather":[1.29,21.73],"tide":[null,null,null,null,null,null,null,null,null,null,null,null,null,null,null,null,null,null,null,null,null,null,null,null],"dailyEx":{"avg":null,"wave":null,"sunrise":null,"sunset":null}},{"weather":[2.45,21.75],"tide":[null,null,null,null,null,null,null,null,null,null,null,null,null,null,null,null,null,null,null,null,null,null,null,null],"dailyEx":{"avg":null,"wave":null,"sunrise":null,"sunset":null}},{"weather":[3.3,22.13],"tide":[null,null,null,null,null,null,null,null,null,null,null,null,null,null,null,null,null,null,null,null,null,null,null,null],"dailyEx":{"avg":null,"wave":null,"sunrise":null,"sunset":null}},{"weather":[2.27,21.02],"tide":[null,null,null,null,null,null,null,null,null,null,null,null,null,null,null,null,null,null,null,null,null,null,null,null],"dailyEx":{"avg":null,"wave":null,"sunrise":null,"sunset":null}}]}
柏原池公園つり池,2026-10-05,{"hourly":[{"weather":[[1.88,17.96,0.81,0,5.88,null,null],[1.06,17.8,0,0,6.48,null,null],[1.39,17.96,0,0,6.65,null,null],[2.06,18.33,0.46,0,7.52,null,null],[1.45,19.35,1.83,2.9,7.48,null,null],[5.24,20.55,3.16,6.05,7.19,null,null],[1.88,21.68,4.05,8.94,7.35,null,null],[1.73,21.72,4.15,12.28,7.53,null,null],[2,21.55,2.68,10.28,6.56,null,null],[1.27,20.79,1.6,3.6,5.41,null,null],[1.27,20.32,1.87,3.05,5.3,null,null],[1.82,20.2,2.32,4.03,4.56,null,null]],"oneday":{"avg":null,"sunrise":null,"sunset":null},"tide":[null,null,null,null,null,null,null,null,null,null,null,null,null,null,null,null,null,null,null,null,null,null,null,null]},{"weather":[[1.55,20.02,2.66,5.34,4.67,null,null],[1.33,19.81,2.66,2.79,4.32,null,null],[2.15,19.71,2.58,1.02,4.25,null,null],[1.01,19.92,2.43,1.57,4.61,null,null],[1.13,21.87,2.62,2.12,5.65,null,null],[2.77,22.97,3.81,2.79,5.05,null,null],[2.67,23.49,4,2.9,6.53,null,null],[1.06,24.27,3,2.79,8.12,null,null],[1,24.1,2.31,2.12,8.03,null,null],[1.12,22.52,1.33,1.57,9.02,null,null],[1.23,21.3,0.25,0.9,9.2,null,null],[1.73,20.51,0.46,0.12,7.89,null,null]],"oneday":{"avg":null,"sunrise":null,"sunset":null},"tide":[null,null,null,null,null,null,null,null,null,null,null,null,null,null,null,null,null,null,null,null,null,null,null,null]},{"weather":[[1.38,19.74,0.6,0,7.29,null,null],[0.67,19.01,0,0,6.71,null,null],[0.06,18.17,0.06,0,5.45,null,null],[0.06,16.88,0.06,0,3.86,null,null],[0,19.31,0,0,4.88,null,null],[0,21.87,0.06,0,3.87,null,null],[0,23.61,0.13,0,3.81,null,null],[0,23.04,0,1.77,4.1,null,null],[28.28,20.87,0.05,3.11,3.96,null,null],[0.12,18.36,0.54,3.77,4.57,null,null],[0,16.67,1.62,4.24,7.38,null,null],[0.55,15.47,0.87,4.47,4.3,null,null]],"oneday":{"avg":null,"sunrise":null,"sunset":null},"tide":[null,null,null,null,null,null,null,null,null,null,null,null,null,null,null,null,null,null,null,null,null,null,null,null]}],"daily":[{"weather":[2.61,22.26],"tide":[null,null,null,null,null,null,null,null,null,null,null,null,null,null,null,null,null,null,null,null,null,null,null,null],"dailyEx":{"avg":null,"wave":null,"sunrise":null,"sunset":null}},{"weather":[1.42,21.67],"tide":[null,null,null,null,null,null,null,null,null,null,null,null,null,null,null,null,null,null,null,null,null,null,null,null],"dailyEx":{"avg":null,"wave":null,"sunrise":null,"sunset":null}},{"weather":[2.04,21.91],"tide":[null,null,null,null,null,null,null,null,null,null,null,null,null,null,null,null,null,null,null,null,null,null,null,null],"dailyEx":{"avg":null,"wave":null,"sunrise":null,"sunset":null}},{"weather":[4.03,22.25],"tide":[null,null,null,null,null,null,null,null,null,null,null,null,null,null,null,null,null,null,null,null,null,null,null,null],"dailyEx":{"avg":null,"wave":null,"sunrise":null,"sunset":null}},{"weather":[1.84,21.31],"tide":[null,null,null,null,null,null,null,null,null,null,null,null,null,null,null,null,null,null,null,null,null,null,null,null],"dailyEx":{"avg":null,"wave":null,"sunrise":null,"sunset":null}}]}
乙戸沼公園 釣り場,2026-10-05,{"hourly":[{"weather":[[1.78,17.23,0.14,0,6.17,null,null],[1.22,16.86,0,0,6.87,null,null],[1.04,16.92,0,0,7.25,null,null],[1.91,17.28,0.04,0,7.64,null,null],[1.35,18.66,0.18,3.35,7.6,null,null],[1.74,20.46,0.36,8.58,7.71,null,null],[2,21.91,0.54,14.71,8.04,null,null],[1.96,21.91,0.63,20.34,8.02,null,null],[2,21.6,0.41,16.62,6.92,null,null],[1.35,20.62,0.23,4.94,5.49,null,null],[1.04,20.05,0.27,2.74,5.36,null,null],[2,19.98,0.32,4.39,5.14,null,null]],"oneday":{"avg":null,"sunrise":null,"sunset":null},"tide":[null,null,null,null,null,null,null,null,null,null,null,null,null,null,null,null,null,null,null,null,null,null,null,null]},{"weather":[[1.87,19.93,0.36,7.64,5.83,null,null],[1.26,19.7,0.36,3.9,5.48,null,null],[1.96,19.5,0.32,1.21,5.4,null,null],[0.91,19.51,0.27,2.08,5.33,null,null],[1,21.76,0.27,3.59,6.33,null,null],[2.83,23.19,0.41,4.98,5.37,null,null],[2.96,23.84,0.41,5.44,6.86,null,null],[1,24.77,0.27,4.5,8.89,null,null],[1.09,24.44,0.27,2.91,8.07,null,null],[1.09,22.59,0.18,1.83,8.56,null,null],[1,21.27,0,0.83,9.2,null,null],[1.65,20.28,0.04,0.22,7.77,null,null]],"oneday":{"avg":null,"sunrise":null,"sunset":null},"tide":[null,null,null,null,null,null,null,null,null,null,null,null,null,null,null,null,null,null,null,null,null,null,null,null]},{"weather":[[0.96,19.45,0.09,0.43,6.97,null,null],[0.87,18.68,0,0.22,7.3,null,null],[0.22,18,0,0,6.84,null,null],[0.43,16.58,0,0.43,5.03,null,null],[0.22,18.97,0,0.43,6.47,null,null],[0.22,21.51,0,0.22,5.22,null,null],[0,23.61,0,0,4.94,null,null],[0,23.4,0,1.96,4.5,null,null],[33.4,21.02,0.07,3.27,5.29,null,null],[0.17,17.88,0.09,3.93,3.76,null,null],[0,16.42,0.27,4.53,8.01,null,null],[0.87,15.49,0.14,5.18,5.25,null,null]],"oneday":{"avg":null,"sunrise":null,"sunset":null},"tide":[null,null,null,null,null,null,null,null,null,null,null,null,null,null,null,null,null,null,null,null,null,null,null,null]}],"daily":[{"weather":[2.96,21.95],"tide":[null,null,null,null,null,null,null,null,null,null,null,null,null,null,null,null,null,null,null,null,null,null,null,null],"dailyEx":{"avg":null,"wave":null,"sunrise":null,"sunset":null}},{"weather":[0.79,22.28],"tide":[null,null,null,null,null,null,null,null,null,null,null,null,null,null,null,null,null,null,null,null,null,null,null,null],"dailyEx":{"avg":null,"wave":null,"sunrise":null,"sunset":null}},{"weather":[2.69,22.15],"tide":[null,null,null,null,null,null,null,null,null,null,null,null,null,null,null,null,null,null,null,null,null,null,null,null],"dailyEx":{"avg":null,"wave":null,"sunrise":null,"sunset":null}},{"weather":[0.91,22.4],"tide":[null,null,null,null,null,null,null,null,null,null,null,null,null,null,null,null,null,null,null,null,null,null,null,null],"dailyEx":{"avg":null,"wave":null,"sunrise":null,"sunset":null}},{"weather":[2.26,21.48],"tide":[null,null,null,null,null,null,null,null,null,null,null,null,null,null,null,null,null,null,null,null,null,null,null,null],"dailyEx":{"avg":null,"wave":null,"sunrise":null,"sunset":null}}]}
宍塚大池,2026-10-05,{"hourly":[{"weather":[[1.81,17.21,0.17,0,6.14,null,null],[1.19,16.85,0,0,6.82,null,null],[1.06,16.93,0,0,7.15,null,null],[1.93,17.3,0.06,0,7.58,null,null],[1.31,18.68,0.23,3.34,7.52,null,null],[1.8,20.42,0.46,8.32,7.55,null,null],[2,21.84,0.69,14.08,7.92,null,null],[1.94,21.82,0.81,19.54,7.99,null,null],[2,21.53,0.52,15.97,6.88,null,null],[1.31,20.57,0.29,4.68,5.48,null,null],[1.06,20.01,0.35,2.67,5.37,null,null],[2,19.94,0.4,4.36,5.07,null,null]],"oneday":{"avg":null,"sunrise":null,"sunset":null},"tide":[null,null,null,null,null,null,null,null,null,null,null,null,null,null,null,null,null,null,null,null,null,null,null,null]},{"weather":[[1.88,19.9,0.46,7.54,5.74,null,null],[1.25,19.68,0.46,3.84,5.37,null,null],[1.99,19.5,0.4,1.15,5.33,null,null],[0.93,19.52,0.35,2.02,5.19,null,null],[1,21.77,0.35,3.46,6.24,null,null],[2.86,23.15,0.52,4.77,5.18,null,null],[2.94,23.78,0.52,5.16,6.69,null,null],[1,24.7,0.35,4.34,8.73,null,null],[1.07,24.41,0.35,2.84,7.93,null,null],[1.07,22.55,0.23,1.78,8.48,null,null],[1,21.23,0,0.82,9.12,null,null],[1.69,20.25,0.06,0.19,7.64,null,null]],"oneday":{"avg":null,"sunrise":null,"sunset":null},"tide":[null,null,null,null,null,null,null,null,null,null,null,null,null,null,null,null,null,null,null,null,null,null,null,null]},{"weather":[[0.99,19.42,0.12,0.37,6.9,null,null],[0.88,18.66,0,0.19,7.21,null,null],[0.19,17.98,0,0,6.7,null,null],[0.37,16.51,0,0.37,4.85,null,null],[0.19,18.93,0,0.37,6.31,null,null],[0.19,21.49,0,0.19,5.04,null,null],[0,23.58,0,0,4.84,null,null],[0,23.36,0,2.06,4.4,null,null],[35.12,20.97,0.07,3.44,5.11,null,null],[0.14,17.87,0.12,4.13,3.74,null,null],[0,16.37,0.35,4.61,8.12,null,null],[0.88,15.42,0.17,5.13,5.14,null,null]],"oneday":{"avg":null,"sunrise":null,"sunset":null},"tide":[null,null,null,null,null,null,null,null,null,null,null,null,null,null,null,null,null,null,null,null,null,null,null,null]}],"daily":[{"weather":[2.94,21.92],"tide":[null,null,null,null,null,null,null,null,null,null,null,null,null,null,null,null,null,null,null,null,null,null,null,null],"dailyEx":{"avg":null,"wave":null,"sunrise":null,"sunset":null}},{"weather":[0.86,22.2],"tide":[null,null,null,null,null,null,null,null,null,null,null,null,null,null,null,null,null,null,null,null,null,null,null,null],"dailyEx":{"avg":null,"wave":null,"sunrise":null,"sunset":null}},{"weather":[2.7,22.07],"tide":[null,null,null,null,null,null,null,null,null,null,null,null,null,null,null,null,null,null,null,null,null,null,null,null],"dailyEx":{"avg":null,"wave":null,"sunrise":null,"sunset":null}},{"weather":[0.93,22.36],"tide":[null,null,null,null,null,null,null,null,null,null,null,null,null,null,null,null,null,null,null,null,null,null,null,null],"dailyEx":{"avg":null,"wave":null,"sunrise":null,"sunset":null}},{"weather":[2.32,21.39],"tide":[null,null,null,null,null,null,null,null,null,null,null,null,null,null,null,null,null,null,null,null,null,null,null,null],"dailyEx":{"avg":null,"wave":null,"sunrise":null,"sunset":null}}]}
フィッシングエリアJ,2026-10-05,{"hourly":[{"weather":[[1.82,17.21,0.18,0,6.13,null,null],[1.18,16.85,0,0,6.81,null,null],[1.06,16.93,0,0,7.13,null,null],[1.93,17.31,0.06,0,7.56,null,null],[1.31,18.68,0.24,3.36,7.5,null,null],[1.81,20.4,0.48,8.29,7.51,null,null],[2,21.83,0.72,13.98,7.88,null,null],[1.94,21.81,0.84,19.4,7.97,null,null],[2,21.53,0.54,15.86,6.86,null,null],[1.31,20.57,0.3,4.67,5.47,null,null],[1.06,20,0.36,2.69,5.35,null,null],[2,19.94,0.42,4.37,5.05,null,null]],"oneday":{"avg":null,"sunrise":null,"sunset":null},"tide":[null,null,null,null,null,null,null,null,null,null,null,null,null,null,null,null,null,null,null,null,null,null,null,null]},{"weather":[[1.87,19.89,0.48,7.52,5.72,null,null],[1.24,19.68,0.48,3.83,5.34,null,null],[1.99,19.49,0.42,1.15,5.3,null,null],[0.93,19.52,0.36,2.02,5.16,null,null],[1,21.77,0.36,3.43,6.22,null,null],[2.86,23.15,0.54,4.73,5.14,null,null],[2.94,23.77,0.54,5.11,6.65,null,null],[1,24.7,0.36,4.32,8.68,null,null],[1.07,24.41,0.36,2.85,7.89,null,null],[1.07,22.55,0.24,1.8,8.46,null,null],[1,21.22,0,0.83,9.09,null,null],[1.69,20.25,0.06,0.18,7.61,null,null]],"oneday":{"avg":null,"sunrise":null,"sunset":null},"tide":[null,null,null,null,null,null,null,null,null,null,null,null,null,null,null,null,null,null,null,null,null,null,null,null]},{"weather":[[0.99,19.42,0.12,0.36,6.89,null,null],[0.87,18.66,0,0.18,7.2,null,null],[0.18,17.97,0,0,6.69,null,null],[0.36,16.51,0,0.36,4.82,null,null],[0.18,18.93,0,0.36,6.3,null,null],[0.18,21.49,0,0.18,5.03,null,null],[0,23.58,0,0,4.86,null,null],[0,23.36,0,2.08,4.4,null,null],[35.33,20.97,0.07,3.46,5.1,null,null],[0.14,17.88,0.12,4.16,3.73,null,null],[0,16.36,0.36,4.64,8.13,null,null],[0.87,15.41,0.18,5.16,5.12,null,null]],"oneday":{"avg":null,"sunrise":null,"sunset":null},"tide":[null,null,null,null,null,null,null,null,null,null,null,null,null,null,null,null,null,null,null,null,null,null,null,null]}],"daily":[{"weather":[2.94,21.91],"tide":[null,null,null,null,null,null,null,null,null,null,null,null,null,null,null,null,null,null,null,null,null,null,null,null],"dailyEx":{"avg":null,"wave":null,"sunrise":null,"sunset":null}},{"weather":[0.87,22.19],"tide":[null,null,null,null,null,null,null,null,null,null,null,null,null,null,null,null,null,null,null,null,null,null,null,null],"dailyEx":{"avg":null,"wave":null,"sunrise":null,"sunset":null}},{"weather":[2.7,22.06],"tide":[null,null,null,null,null,null,null,null,null,null,null,null,null,null,null,null,null,null,null,null,null,null,null,null],"dailyEx":{"avg":null,"wave":null,"sunrise":null,"sunset":null}},{"weather":[0.93,22.35],"tide":[null,null,null,null,null,null,null,null,null,null,null,null,null,null,null,null,null,null,null,null,null,null,null,null],"dailyEx":{"avg":null,"wave":null,"sunrise":null,"sunset":null}},{"weather":[2.33,21.38],"tide":[null,null,null,null,null,null,null,null,null,null,null,null,null,null,null,null,null,null,null,null,null,null,null,null],"dailyEx":{"avg":null,"wave":null,"sunrise":null,"sunset":null}}]}
水と緑の里公園,2026-10-05,{"hourly":[{"weather":[[1.79,17.21,0.15,0,6.16,null,null],[1.21,16.85,0,0,6.87,null,null],[1.05,16.92,0,0,7.23,null,null],[1.95,17.3,0.05,0,7.66,null,null],[1.32,18.68,0.2,3.27,7.56,null,null],[1.78,20.46,0.4,8.34,7.66,null,null],[2,21.88,0.6,14.36,8.05,null,null],[1.95,21.84,0.7,19.95,8.08,null,null],[2,21.54,0.45,16.26,6.98,null,null],[1.32,20.57,0.25,4.65,5.56,null,null],[1.05,20.01,0.3,2.53,5.43,null,null],[2,19.95,0.35,4.27,5.14,null,null]],"oneday":{"avg":null,"sunrise":null,"sunset":null},"tide":[null,null,null,null,null,null,null,null,null,null,null,null,null,null,null,null,null,null,null,null,null,null,null,null]},{"weather":[[1.9,19.91,0.4,7.6,5.82,null,null],[1.26,19.68,0.4,3.85,5.44,null,null],[2,19.51,0.35,1.11,5.44,null,null],[0.95,19.53,0.3,2.01,5.26,null,null],[1,21.79,0.3,3.54,6.33,null,null],[2.89,23.13,0.45,4.91,5.24,null,null],[2.95,23.75,0.45,5.28,6.79,null,null],[1,24.67,0.3,4.38,8.86,null,null],[1.05,24.36,0.3,2.8,8.1,null,null],[1.05,22.53,0.2,1.69,8.57,null,null],[1,21.23,0,0.79,9.25,null,null],[1.68,20.26,0.05,0.21,7.75,null,null]],"oneday":{"avg":null,"sunrise":null,"sunset":null},"tide":[null,null,null,null,null,null,null,null,null,null,null,null,null,null,null,null,null,null,null,null,null,null,null,null]},{"weather":[[1,19.43,0.1,0.42,6.9,null,null],[0.9,18.66,0,0.21,7.18,null,null],[0.21,17.97,0,0,6.68,null,null],[0.42,16.52,0,0.42,4.88,null,null],[0.21,18.91,0,0.42,6.27,null,null],[0.21,21.46,0,0.21,4.95,null,null],[0,23.56,0,0,4.7,null,null],[0,23.33,0,2.06,4.36,null,null],[35,20.95,0.07,3.43,5.08,null,null],[0.11,17.84,0.1,4.12,3.75,null,null],[0,16.34,0.3,4.49,8.16,null,null],[0.9,15.42,0.15,4.96,5.19,null,null]],"oneday":{"avg":null,"sunrise":null,"sunset":null},"tide":[null,null,null,null,null,null,null,null,null,null,null,null,null,null,null,null,null,null,null,null,null,null,null,null]}],"daily":[{"weather":[2.95,21.91],"tide":[null,null,null,null,null,null,null,null,null,null,null,null,null,null,null,null,null,null,null,null,null,null,null,null],"dailyEx":{"avg":null,"wave":null,"sunrise":null,"sunset":null}},{"weather":[0.83,22.23],"tide":[null,null,null,null,null,null,null,null,null,null,null,null,null,null,null,null,null,null,null,null,null,null,null,null],"dailyEx":{"avg":null,"wave":null,"sunrise":null,"sunset":null}},{"weather":[2.69,22.08],"tide":[null,null,null,null,null,null,null,null,null,null,null,null,null,null,null,null,null,null,null,null,null,null,null,null],"dailyEx":{"avg":null,"wave":null,"sunrise":null,"sunset":null}},{"weather":[0.95,22.35],"tide":[null,null,null,null,null,null,null,null,null,null,null,null,null,null,null,null,null,null,null,null,null,null,null,null],"dailyEx":{"avg":null,"wave":null,"sunrise":null,"sunset":null}},{"weather":[2.32,21.38],"tide":[null,null,null,null,null,null,null,null,null,null,null,null,null,null,null,null,null,null,null,null,null,null,null,null],"dailyEx":{"avg":null,"wave":null,"sunrise":null,"sunset":null}}]}
一杯館池,2026-10-05,{"hourly":[{"weather":[[1.77,17.06,0,0,6.22,null,null],[1.17,16.66,0,0,6.85,null,null],[1,16.67,0,0,7.16,null,null],[1.87,17.03,0,0,7.55,null,null],[1.36,18.46,0,3.88,7.6,null,null],[1.64,20.34,0,9.48,7.65,null,null],[1.94,21.89,0,15.53,7.79,null,null],[2,22.01,0,21.19,7.84,null,null],[2,21.7,0,17.53,6.69,null,null],[1.3,20.62,0,5.87,5.19,null,null],[1,19.98,0,3.83,5.15,null,null],[1.94,19.89,0,5.26,5.11,null,null]],"oneday":{"avg":null,"sunrise":null,"sunset":null},"tide":[null,null,null,null,null,null,null,null,null,null,null,null,null,null,null,null,null,null,null,null,null,null,null,null]},{"weather":[[1.81,19.85,0,8,5.77,null,null],[1.17,19.61,0,4.19,5.45,null,null],[1.81,19.32,0,1.58,5.3,null,null],[0.81,19.24,0,2.38,5.32,null,null],[1,21.59,0,3.69,6.19,null,null],[2.62,23.38,0,5.02,5.34,null,null],[3,24.15,0,5.64,6.69,null,null],[1,25.16,0,4.79,8.73,null,null],[1.13,24.73,0,3.29,8.39,null,null],[1.19,22.69,0,2.31,9.02,null,null],[1.12,21.28,0,1.08,9.57,null,null],[1.7,20.26,0,0.23,8.1,null,null]],"oneday":{"avg":null,"sunrise":null,"sunset":null},"tide":[null,null,null,null,null,null,null,null,null,null,null,null,null,null,null,null,null,null,null,null,null,null,null,null]},{"weather":[[0.93,19.44,0,0.33,7.5,null,null],[0.87,18.67,0,0.17,7.66,null,null],[0.17,17.98,0,0,6.99,null,null],[0.33,16.51,0,0.33,5.21,null,null],[0.17,18.99,0,0.33,6.73,null,null],[0.17,21.59,0,0.17,5.58,null,null],[0,23.76,0,0,5.29,null,null],[0,23.67,0,1.98,4.7,null,null],[32.8,21.27,0.06,3.39,5.64,null,null],[0.32,18.04,0,4.1,4.66,null,null],[0,16.59,0,5.25,8.49,null,null],[0.81,15.55,0,6.2,5.75,null,null]],"oneday":{"avg":null,"sunrise":null,"sunset":null},"tide":[null,null,null,null,null,null,null,null,null,null,null,null,null,null,null,null,null,null,null,null,null,null,null,null]}],"daily":[{"weather":[3,21.91],"tide":[null,null,null,null,null,null,null,null,null,null,null,null,null,null,null,null,null,null,null,null,null,null,null,null],"dailyEx":{"avg":null,"wave":null,"sunrise":null,"sunset":null}},{"weather":[0.64,22.39],"tide":[null,null,null,null,null,null,null,null,null,null,null,null,null,null,null,null,null,null,null,null,null,null,null,null],"dailyEx":{"avg":null,"wave":null,"sunrise":null,"sunset":null}},{"weather":[2.71,22.26],"tide":[null,null,null,null,null,null,null,null,null,null,null,null,null,null,null,null,null,null,null,null,null,null,null,null],"dailyEx":{"avg":null,"wave":null,"sunrise":null,"sunset":null}},{"weather":[0.81,22.56],"tide":[null,null,null,null,null,null,null,null,null,null,null,null,null,null,null,null,null,null,null,null,null,null,null,null],"dailyEx":{"avg":null,"wave":null,"sunrise":null,"sunset":null}},{"weather":[2.28,21.72],"tide":[null,null,null,null,null,null,null,null,null,null,null,null,null,null,null,null,null,null,null,null,null,null,null,null],"dailyEx":{"avg":null,"wave":null,"sunrise":null,"sunset":null}}]}
金田池,2026-10-05,{"hourly":[{"weather":[[1.78,17.05,0,0,6.21,null,null],[1.16,16.65,0,0,6.85,null,null],[1,16.66,0,0,7.14,null,null],[1.87,17.02,0,0,7.54,null,null],[1.35,18.46,0,3.89,7.59,null,null],[1.65,20.33,0,9.47,7.62,null,null],[1.94,21.88,0,15.47,7.77,null,null],[2,22,0,21.12,7.83,null,null],[2,21.69,0,17.47,6.68,null,null],[1.29,20.61,0,5.85,5.18,null,null],[1,19.98,0,3.84,5.15,null,null],[1.94,19.88,0,5.27,5.1,null,null]],"oneday":{"avg":null,"sunrise":null,"sunset":null},"tide":[null,null,null,null,null,null,null,null,null,null,null,null,null,null,null,null,null,null,null,null,null,null,null,null]},{"weather":[[1.81,19.85,0,8,5.76,null,null],[1.16,19.6,0,4.19,5.43,null,null],[1.81,19.31,0,1.57,5.29,null,null],[0.81,19.24,0,2.38,5.3,null,null],[1,21.59,0,3.68,6.18,null,null],[2.62,23.37,0,5,5.32,null,null],[3,24.15,0,5.61,6.66,null,null],[1,25.16,0,4.77,8.7,null,null],[1.13,24.73,0,3.28,8.38,null,null],[1.19,22.69,0,2.31,9.01,null,null],[1.12,21.28,0,1.09,9.57,null,null],[1.71,20.25,0,0.22,8.09,null,null]],"oneday":{"avg":null,"sunrise":null,"sunset":null},"tide":[null,null,null,null,null,null,null,null,null,null,null,null,null,null,null,null,null,null,null,null,null,null,null,null]},{"weather":[[0.93,19.44,0,0.32,7.5,null,null],[0.87,18.67,0,0.16,7.66,null,null],[0.16,17.98,0,0,6.98,null,null],[0.32,16.5,0,0.32,5.19,null,null],[0.16,18.98,0,0.32,6.71,null,null],[0.16,21.59,0,0.16,5.56,null,null],[0,23.76,0,0,5.29,null,null],[0,23.67,0,2,4.69,null,null],[33.07,21.27,0.06,3.42,5.62,null,null],[0.32,18.04,0,4.13,4.67,null,null],[0,16.58,0,5.28,8.51,null,null],[0.81,15.54,0,6.21,5.74,null,null]],"oneday":{"avg":null,"sunrise":null,"sunset":null},"tide":[null,null,null,null,null,null,null,null,null,null,null,null,null,null,null,null,null,null,null,null,null,null,null,null]}],"daily":[{"weather":[3,21.9],"tide":[null,null,null,null,null,null,null,null,null,null,null,null,null,null,null,null,null,null,null,null,null,null,null,null],"dailyEx":{"avg":null,"wave":null,"sunrise":null,"sunset":null}},{"weather":[0.65,22.39],"tide":[null,null,null,null,null,null,null,null,null,null,null,null,null,null,null,null,null,null,null,null,null,null,null,null],"dailyEx":{"avg":null,"wave":null,"sunrise":null,"sunset":null}},{"weather":[2.71,22.25],"tide":[null,null,null,null,null,null,null,null,null,null,null,null,null,null,null,null,null,null,null,null,null,null,null,null],"dailyEx":{"avg":null,"wave":null,"sunrise":null,"sunset":null}},{"weather":[0.81,22.56],"tide":[null,null,null,null,null,null,null,null,null,null,null,null,null,null,null,null,null,null,null,null,null,null,null,null],"dailyEx":{"avg":null,"wave":null,"sunrise":null,"sunset":null}},{"weather":[2.29,21.71],"tide":[null,null,null,null,null,null,null,null,null,null,null,null,null,null,null,null,null,null,null,null,null,null,null,null],"dailyEx":{"avg":null,"wave":null,"sunrise":null,"sunset":null}}]}
つりぼり62,2026-10-05,{"hourly":[{"weather":[[1.76,17.09,0,0,6.24,null,null],[1.18,16.69,0,0,6.87,null,null],[1,16.69,0,0,7.2,null,null],[1.85,17.03,0,0,7.58,null,null],[1.39,18.46,0,3.88,7.66,null,null],[1.61,20.37,0,9.61,7.74,null,null],[1.94,21.92,0,15.8,7.84,null,null],[2,22.07,0,21.51,7.84,null,null],[2,21.75,0,17.8,6.7,null,null],[1.33,20.66,0,6.03,5.19,null,null],[1,20.02,0,3.91,5.13,null,null],[1.94,19.92,0,5.28,5.14,null,null]],"oneday":{"avg":null,"sunrise":null,"sunset":null},"tide":[null,null,null,null,null,null,null,null,null,null,null,null,null,null,null,null,null,null,null,null,null,null,null,null]},{"weather":[[1.79,19.88,0,8,5.8,null,null],[1.18,19.62,0,4.21,5.49,null,null],[1.79,19.32,0,1.63,5.3,null,null],[0.79,19.25,0,2.42,5.4,null,null],[1,21.58,0,3.74,6.22,null,null],[2.58,23.4,0,5.1,5.47,null,null],[3,24.2,0,5.78,6.79,null,null],[1,25.2,0,4.86,8.81,null,null],[1.15,24.76,0,3.32,8.44,null,null],[1.21,22.72,0,2.36,9.06,null,null],[1.13,21.31,0,1.09,9.59,null,null],[1.67,20.28,0,0.24,8.17,null,null]],"oneday":{"avg":null,"sunrise":null,"sunset":null},"tide":[null,null,null,null,null,null,null,null,null,null,null,null,null,null,null,null,null,null,null,null,null,null,null,null]},{"weather":[[0.92,19.47,0,0.36,7.56,null,null],[0.85,18.69,0,0.18,7.73,null,null],[0.18,18.01,0,0,7.07,null,null],[0.36,16.58,0,0.36,5.32,null,null],[0.18,19.03,0,0.36,6.83,null,null],[0.18,21.63,0,0.18,5.71,null,null],[0,23.79,0,0,5.38,null,null],[0,23.69,0,1.9,4.78,null,null],[31.34,21.3,0.06,3.25,5.75,null,null],[0.36,18.07,0,3.93,4.68,null,null],[0,16.64,0,5.21,8.36,null,null],[0.79,15.59,0,6.24,5.79,null,null]],"oneday":{"avg":null,"sunrise":null,"sunset":null},"tide":[null,null,null,null,null,null,null,null,null,null,null,null,null,null,null,null,null,null,null,null,null,null,null,null]}],"daily":[{"weather":[3,21.95],"tide":[null,null,null,null,null,null,null,null,null,null,null,null,null,null,null,null,null,null,null,null,null,null,null,null],"dailyEx":{"avg":null,"wave":null,"sunrise":null,"sunset":null}},{"weather":[0.61,22.43],"tide":[null,null,null,null,null,null,null,null,null,null,null,null,null,null,null,null,null,null,null,null,null,null,null,null],"dailyEx":{"avg":null,"wave":null,"sunrise":null,"sunset":null}},{"weather":[2.7,22.31],"tide":[null,null,null,null,null,null,null,null,null,null,null,null,null,null,null,null,null,null,null,null,null,null,null,null],"dailyEx":{"avg":null,"wave":null,"sunrise":null,"sunset":null}},{"weather":[0.79,22.59],"tide":[null,null,null,null,null,null,null,null,null,null,null,null,null,null,null,null,null,null,null,null,null,null,null,null],"dailyEx":{"avg":null,"wave":null,"sunrise":null,"sunset":null}},{"weather":[2.23,21.78],"tide":[null,null,null,null,null,null,null,null,null,null,null,null,null,null,null,null,null,null,null,null,null,null,null,null],"dailyEx":{"avg":null,"wave":null,"sunrise":null,"sunset":null}}]}
梶ノ宮池,2026-10-05,{"hourly":[{"weather":[[1.89,17.09,0.19,0,6.05,null,null],[1.11,16.76,0,0,6.69,null,null],[1.06,16.86,0,0,6.91,null,null],[1.95,17.26,0.06,0,7.38,null,null],[1.23,18.64,0.26,3.51,7.29,null,null],[1.9,20.26,0.51,8.03,7.12,null,null],[2,21.68,0.77,13.01,7.55,null,null],[1.94,21.65,0.89,18.14,7.85,null,null],[2,21.4,0.57,14.88,6.69,null,null],[1.23,20.45,0.32,4.39,5.35,null,null],[1.06,19.88,0.38,2.79,5.3,null,null],[2,19.83,0.45,4.5,4.9,null,null]],"oneday":{"avg":null,"sunrise":null,"sunset":null},"tide":[null,null,null,null,null,null,null,null,null,null,null,null,null,null,null,null,null,null,null,null,null,null,null,null]},{"weather":[[1.88,19.82,0.51,7.49,5.54,null,null],[1.18,19.61,0.51,3.8,5.14,null,null],[2.01,19.43,0.45,1.09,5.14,null,null],[0.95,19.46,0.38,1.98,4.86,null,null],[1,21.76,0.38,3.2,6.02,null,null],[2.89,23.12,0.57,4.36,4.72,null,null],[2.94,23.73,0.57,4.63,6.22,null,null],[1,24.67,0.38,4.13,8.28,null,null],[1.05,24.43,0.38,2.85,7.55,null,null],[1.05,22.52,0.26,1.86,8.26,null,null],[1,21.13,0,0.88,8.87,null,null],[1.77,20.16,0.06,0.11,7.31,null,null]],"oneday":{"avg":null,"sunrise":null,"sunset":null},"tide":[null,null,null,null,null,null,null,null,null,null,null,null,null,null,null,null,null,null,null,null,null,null,null,null]},{"weather":[[1.01,19.35,0.13,0.23,6.79,null,null],[0.88,18.61,0,0.11,7.12,null,null],[0.11,17.91,0,0,6.54,null,null],[0.23,16.34,0,0.23,4.53,null,null],[0.11,18.84,0,0.23,6.13,null,null],[0.11,21.44,0,0.11,4.86,null,null],[0,23.53,0,0,4.88,null,null],[0,23.35,0,2.31,4.26,null,null],[39.3,20.94,0.08,3.85,4.88,null,null],[0.11,17.86,0.13,4.62,3.74,null,null],[0,16.27,0.38,4.99,8.44,null,null],[0.88,15.29,0.19,5.37,5,null,null]],"oneday":{"avg":null,"sunrise":null,"sunset":null},"tide":[null,null,null,null,null,null,null,null,null,null,null,null,null,null,null,null,null,null,null,null,null,null,null,null]}],"daily":[{"weather":[2.94,21.83],"tide":[null,null,null,null,null,null,null,null,null,null,null,null,null,null,null,null,null,null,null,null,null,null,null,null],"dailyEx":{"avg":null,"wave":null,"sunrise":null,"sunset":null}},{"weather":[0.96,22.06],"tide":[null,null,null,null,null,null,null,null,null,null,null,null,null,null,null,null,null,null,null,null,null,null,null,null],"dailyEx":{"avg":null,"wave":null,"sunrise":null,"sunset":null}},{"weather":[2.76,21.91],"tide":[null,null,null,null,null,null,null,null,null,null,null,null,null,null,null,null,null,null,null,null,null,null,null,null],"dailyEx":{"avg":null,"wave":null,"sunrise":null,"sunset":null}},{"weather":[0.95,22.3],"tide":[null,null,null,null,null,null,null,null,null,null,null,null,null,null,null,null,null,null,null,null,null,null,null,null],"dailyEx":{"avg":null,"wave":null,"sunrise":null,"sunset":null}},{"weather":[2.48,21.23],"tide":[null,null,null,null,null,null,null,null,null,null,null,null,null,null,null,null,null,null,null,null,null,null,null,null],"dailyEx":{"avg":null,"wave":null,"sunrise":null,"sunset":null}}]}
ミッドクリークフィッシングエリア,2026-10-05,{"hourly":[{"weather":[[1.96,16.82,0.11,0,5.95,null,null],[1.04,16.52,0,0,6.57,null,null],[1.04,16.62,0,0,6.65,null,null],[1.98,17.08,0.04,0,7.15,null,null],[1.1,18.52,0.14,3.77,7,null,null],[1.97,20.05,0.28,7.92,6.62,null,null],[2,21.51,0.43,12.23,7.15,null,null],[1.96,21.43,0.5,17.21,7.75,null,null],[2,21.22,0.32,14.15,6.51,null,null],[1.1,20.25,0.18,4.1,5.21,null,null],[1.04,19.67,0.21,2.89,5.24,null,null],[2,19.65,0.25,4.76,4.76,null,null]],"oneday":{"avg":null,"sunrise":null,"sunset":null},"tide":[null,null,null,null,null,null,null,null,null,null,null,null,null,null,null,null,null,null,null,null,null,null,null,null]},{"weather":[[1.94,19.69,0.28,7.72,5.42,null,null],[1.08,19.49,0.28,3.88,4.96,null,null],[2.02,19.3,0.25,1.02,5.08,null,null],[0.98,19.33,0.21,1.97,4.51,null,null],[1,21.73,0.21,3.04,5.81,null,null],[2.96,23.1,0.32,4.08,4.11,null,null],[2.96,23.69,0.32,4.18,5.61,null,null],[1,24.66,0.21,4,7.8,null,null],[1.02,24.46,0.21,2.91,7.25,null,null],[1.02,22.45,0.14,1.93,8.09,null,null],[1,21,0,0.94,8.74,null,null],[1.9,20.01,0.04,0.04,6.99,null,null]],"oneday":{"avg":null,"sunrise":null,"sunset":null},"tide":[null,null,null,null,null,null,null,null,null,null,null,null,null,null,null,null,null,null,null,null,null,null,null,null]},{"weather":[[1.02,19.21,0.07,0.08,6.66,null,null],[0.94,18.49,0,0.04,7.02,null,null],[0.04,17.79,0,0,6.36,null,null],[0.08,16.03,0,0.08,4.18,null,null],[0.04,18.65,0,0.08,5.95,null,null],[0.04,21.31,0,0.04,4.62,null,null],[0,23.45,0,0,4.87,null,null],[0,23.36,0,2.71,4.04,null,null],[46.07,20.91,0.09,4.52,4.62,null,null],[0.04,17.77,0.07,5.42,3.81,null,null],[0,16.11,0.21,5.56,9.14,null,null],[0.94,15.11,0.11,5.7,5.01,null,null]],"oneday":{"avg":null,"sunrise":null,"sunset":null},"tide":[null,null,null,null,null,null,null,null,null,null,null,null,null,null,null,null,null,null,null,null,null,null,null,null]}],"daily":[{"weather":[2.96,21.65],"tide":[null,null,null,null,null,null,null,null,null,null,null,null,null,null,null,null,null,null,null,null,null,null,null,null],"dailyEx":{"avg":null,"wave":null,"sunrise":null,"sunset":null}},{"weather":[1.01,21.94],"tide":[null,null,null,null,null,null,null,null,null,null,null,null,null,null,null,null,null,null,null,null,null,null,null,null],"dailyEx":{"avg":null,"wave":null,"sunrise":null,"sunset":null}},{"weather":[2.89,21.72],"tide":[null,null,null,null,null,null,null,null,null,null,null,null,null,null,null,null,null,null,null,null,null,null,null,null],"dailyEx":{"avg":null,"wave":null,"sunrise":null,"sunset":null}},{"weather":[0.98,22.23],"tide":[null,null,null,null,null,null,null,null,null,null,null,null,null,null,null,null,null,null,null,null,null,null,null,null],"dailyEx":{"avg":null,"wave":null,"sunrise":null,"sunset":null}},{"weather":[2.77,21.03],"tide":[null,null,null,null,null,null,null,null,null,null,null,null,null,null,null,null,null,null,null,null,null,null,null,null],"dailyEx":{"avg":null,"wave":null,"sunrise":null,"sunset":null}}]}
能場沼,2026-10-05,{"hourly":[{"weather":[[1.56,18.46,0,0,6.02,null,null],[1.62,18.05,0,0,7,null,null],[1.37,18.11,0,0,7.72,null,null],[5.95,18.32,0.55,0.04,8.1,null,null],[1.55,19.54,2.2,1.96,8.04,null,null],[6.77,21.39,2.93,7.43,8.83,null,null],[2,22.55,2.38,15.02,9.01,null,null],[2.07,22.41,1.1,20.84,8.4,null,null],[2,22.01,0.73,16.65,7.56,null,null],[1.44,21.17,0.73,4.14,6.2,null,null],[1,20.72,0.73,1.14,5.83,null,null],[1.82,20.61,1.28,2.78,5.91,null,null]],"oneday":{"avg":null,"sunrise":null,"sunset":null},"tide":[null,null,null,null,null,null,null,null,null,null,null,null,null,null,null,null,null,null,null,null,null,null,null,null]},{"weather":[[1.89,20.47,1.46,6.54,6.52,null,null],[1.62,20.22,1.46,3.27,6.3,null,null],[2,20.18,2.01,0.82,6.31,null,null],[1.37,20.19,2.38,1.63,6.43,null,null],[1.37,22.02,2.93,3.76,7.23,null,null],[6.77,22.98,4.03,5.5,6.9,null,null],[2.82,23.51,4.58,5.88,8.6,null,null],[1.18,24.17,4.03,4.14,10.65,null,null],[1.07,23.78,2.01,2.01,10.12,null,null],[1,22.48,0.73,0.76,9.91,null,null],[1,21.62,0.73,0.38,10.59,null,null],[1.49,20.75,0.55,0.44,9.23,null,null]],"oneday":{"avg":null,"sunrise":null,"sunset":null},"tide":[null,null,null,null,null,null,null,null,null,null,null,null,null,null,null,null,null,null,null,null,null,null,null,null]},{"weather":[[1,19.93,0.18,0.87,7.37,null,null],[0.82,19.11,0,0.44,7.15,null,null],[0.62,18.5,0.18,0,6.72,null,null],[1.05,17.52,0.18,0.87,5.76,null,null],[0.51,19.37,0,0.87,6.11,null,null],[0.44,21.48,0.18,0.44,4.56,null,null],[0,23.33,0.37,0,3.55,null,null],[0,22.97,0,1.14,4.15,null,null],[19.49,20.7,0.04,1.91,4.86,null,null],[0,17.91,0,2.29,3.3,null,null],[0,16.98,0,2.29,6.73,null,null],[0.82,16.36,0.18,2.73,5.5,null,null]],"oneday":{"avg":null,"sunrise":null,"sunset":null},"tide":[null,null,null,null,null,null,null,null,null,null,null,null,null,null,null,null,null,null,null,null,null,null,null,null]}],"daily":[{"weather":[2.71,22.16],"tide":[null,null,null,null,null,null,null,null,null,null,null,null,null,null,null,null,null,null,null,null,null,null,null,null],"dailyEx":{"avg":null,"wave":null,"sunrise":null,"sunset":null}},{"weather":[0.49,22.4],"tide":[null,null,null,null,null,null,null,null,null,null,null,null,null,null,null,null,null,null,null,null,null,null,null,null],"dailyEx":{"avg":null,"wave":null,"sunrise":null,"sunset":null}},{"weather":[2.01,22.43],"tide":[null,null,null,null,null,null,null,null,null,null,null,null,null,null,null,null,null,null,null,null,null,null,null,null],"dailyEx":{"avg":null,"wave":null,"sunrise":null,"sunset":null}},{"weather":[6.54,22.36],"tide":[null,null,null,null,null,null,null,null,null,null,null,null,null,null,null,null,null,null,null,null,null,null,null,null],"dailyEx":{"avg":null,"wave":null,"sunrise":null,"sunset":null}},{"weather":[1.76,21.56],"tide":[null,null,null,null,null,null,null,null,null,null,null,null,null,null,null,null,null,null,null,null,null,null,null,null],"dailyEx":{"avg":null,"wave":null,"sunrise":null,"sunset":null}}]}
丸堀池,2026-10-05,{"hourly":[{"weather":[[1.68,19.19,0,0,5.23,null,null],[1.69,18.84,0,0,6.38,null,null],[1.74,18.88,0,0,7.22,null,null],[2.37,19.06,1.1,0,7.77,null,null],[1.69,20.12,4.41,1.57,7.72,null,null],[19.7,21.41,5.88,5.77,8.37,null,null],[2,22.44,4.78,11.39,8.29,null,null],[2,22.3,2.21,15.82,7.61,null,null],[2,21.98,1.47,12.66,6.93,null,null],[1.32,21.31,1.47,3.16,5.81,null,null],[1,20.96,1.47,0.94,5.48,null,null],[1.63,20.87,2.57,2.21,5.5,null,null]],"oneday":{"avg":null,"sunrise":null,"sunset":null},"tide":[null,null,null,null,null,null,null,null,null,null,null,null,null,null,null,null,null,null,null,null,null,null,null,null]},{"weather":[[1.63,20.69,2.94,5.06,5.86,null,null],[1.69,20.46,2.94,2.53,5.63,null,null],[2,20.47,4.05,0.63,5.6,null,null],[1.74,20.58,4.78,1.26,5.85,null,null],[1.74,22.12,5.88,2.85,6.64,null,null],[3,22.88,8.09,4.12,6.49,null,null],[2.63,23.29,9.19,4.43,8,null,null],[1.37,23.79,8.09,3.16,9.86,null,null],[1,23.52,4.05,1.58,9.48,null,null],[1,22.43,1.47,0.63,9.37,null,null],[1,21.69,1.47,0.31,9.68,null,null],[1.68,20.87,1.1,0.32,8.61,null,null]],"oneday":{"avg":null,"sunrise":null,"sunset":null},"tide":[null,null,null,null,null,null,null,null,null,null,null,null,null,null,null,null,null,null,null,null,null,null,null,null]},{"weather":[[1,20.12,0.37,0.63,6.78,null,null],[0.63,19.28,0,0.32,6.4,null,null],[0.69,18.65,0.37,0,5.96,null,null],[1,17.86,0.37,0.63,5.06,null,null],[0.32,19.74,0,0.63,5.43,null,null],[0.32,21.7,0.37,0.32,4.13,null,null],[0,23.24,0.74,0,3.27,null,null],[0,22.9,0,0.94,3.73,null,null],[16.05,20.49,0.03,1.57,4.29,null,null],[0,18.11,0,1.89,2.69,null,null],[0,17.5,0,1.89,5.94,null,null],[0.63,16.88,0.37,2.2,5.02,null,null]],"oneday":{"avg":null,"sunrise":null,"sunset":null},"tide":[null,null,null,null,null,null,null,null,null,null,null,null,null,null,null,null,null,null,null,null,null,null,null,null]}],"daily":[{"weather":[2.26,22.36],"tide":[null,null,null,null,null,null,null,null,null,null,null,null,null,null,null,null,null,null,null,null,null,null,null,null],"dailyEx":{"avg":null,"wave":null,"sunrise":null,"sunset":null}},{"weather":[0.68,22],"tide":[null,null,null,null,null,null,null,null,null,null,null,null,null,null,null,null,null,null,null,null,null,null,null,null],"dailyEx":{"avg":null,"wave":null,"sunrise":null,"sunset":null}},{"weather":[1.58,22.25],"tide":[null,null,null,null,null,null,null,null,null,null,null,null,null,null,null,null,null,null,null,null,null,null,null,null],"dailyEx":{"avg":null,"wave":null,"sunrise":null,"sunset":null}},{"weather":[19.39,22.18],"tide":[null,null,null,null,null,null,null,null,null,null,null,null,null,null,null,null,null,null,null,null,null,null,null,null],"dailyEx":{"avg":null,"wave":null,"sunrise":null,"sunset":null}},{"weather":[1.63,21.38],"tide":[null,null,null,null,null,null,null,null,null,null,null,null,null,null,null,null,null,null,null,null,null,null,null,null],"dailyEx":{"avg":null,"wave":null,"sunrise":null,"sunset":null}}]}
福祉センター脇の池,2026-10-05,{"hourly":[{"weather":[[1.8,16.99,0,0,6.18,null,null],[1.13,16.6,0,0,6.8,null,null],[1,16.62,0,0,7.05,null,null],[1.88,16.99,0,0,7.46,null,null],[1.32,18.44,0,3.99,7.5,null,null],[1.68,20.27,0,9.41,7.46,null,null],[1.93,21.82,0,15.1,7.61,null,null],[2,21.94,0,20.62,7.77,null,null],[2,21.65,0,17.1,6.6,null,null],[1.26,20.56,0,5.79,5.12,null,null],[1,19.92,0,3.95,5.11,null,null],[1.93,19.83,0,5.38,5.04,null,null]],"oneday":{"avg":null,"sunrise":null,"sunset":null},"tide":[null,null,null,null,null,null,null,null,null,null,null,null,null,null,null,null,null,null,null,null,null,null,null,null]},{"weather":[[1.81,19.81,0,8,5.68,null,null],[1.13,19.57,0,4.19,5.34,null,null],[1.81,19.27,0,1.57,5.21,null,null],[0.81,19.2,0,2.38,5.18,null,null],[1,21.58,0,3.59,6.08,null,null],[2.62,23.37,0,4.85,5.14,null,null],[3,24.15,0,5.42,6.47,null,null],[1,25.17,0,4.7,8.52,null,null],[1.12,24.75,0,3.31,8.26,null,null],[1.19,22.68,0,2.37,8.97,null,null],[1.13,21.24,0,1.12,9.51,null,null],[1.74,20.22,0,0.2,7.99,null,null]],"oneday":{"avg":null,"sunrise":null,"sunset":null},"tide":[null,null,null,null,null,null,null,null,null,null,null,null,null,null,null,null,null,null,null,null,null,null,null,null]},{"weather":[[0.94,19.41,0,0.26,7.49,null,null],[0.88,18.65,0,0.13,7.64,null,null],[0.13,17.95,0,0,6.91,null,null],[0.26,16.43,0,0.26,5.07,null,null],[0.13,18.95,0,0.26,6.65,null,null],[0.13,21.58,0,0.13,5.5,null,null],[0,23.75,0,0,5.31,null,null],[0,23.68,0,2.1,4.65,null,null],[34.65,21.27,0.07,3.59,5.54,null,null],[0.32,18.04,0,4.34,4.74,null,null],[0,16.56,0,5.47,8.68,null,null],[0.81,15.49,0,6.35,5.72,null,null]],"oneday":{"avg":null,"sunrise":null,"sunset":null},"tide":[null,null,null,null,null,null,null,null,null,null,null,null,null,null,null,null,null,null,null,null,null,null,null,null]}],"daily":[{"weather":[3,21.87],"tide":[null,null,null,null,null,null,null,null,null,null,null,null,null,null,null,null,null,null,null,null,null,null,null,null],"dailyEx":{"avg":null,"wave":null,"sunrise":null,"sunset":null}},{"weather":[0.68,22.34],"tide":[null,null,null,null,null,null,null,null,null,null,null,null,null,null,null,null,null,null,null,null,null,null,null,null],"dailyEx":{"avg":null,"wave":null,"sunrise":null,"sunset":null}},{"weather":[2.73,22.2],"tide":[null,null,null,null,null,null,null,null,null,null,null,null,null,null,null,null,null,null,null,null,null,null,null,null],"dailyEx":{"avg":null,"wave":null,"sunrise":null,"sunset":null}},{"weather":[0.81,22.55],"tide":[null,null,null,null,null,null,null,null,null,null,null,null,null,null,null,null,null,null,null,null,null,null,null,null],"dailyEx":{"avg":null,"wave":null,"sunrise":null,"sunset":null}},{"weather":[2.36,21.66],"tide":[null,null,null,null,null,null,null,null,null,null,null,null,null,null,null,null,null,null,null,null,null,null,null,null],"dailyEx":{"avg":null,"wave":null,"sunrise":null,"sunset":null}}]}
友部 湯崎湖,2026-10-05,{"hourly":[{"weather":[[2,17.97,1.18,0,5.67,null,null],[1.09,17.86,0,0,6.29,null,null],[1.48,18.19,0,0,6.46,null,null],[2,18.56,0.39,0,7.28,null,null],[1.48,19.53,1.58,2.6,7.24,null,null],[2.3,20.63,3.15,4.85,6.81,null,null],[2,21.57,4.73,6.93,7.22,null,null],[1.61,21.53,5.52,10.13,7.37,null,null],[2,21.33,3.55,9,6.49,null,null],[1.39,20.71,1.97,3.8,5.53,null,null],[1.39,20.33,2.37,2.86,5.25,null,null],[1.91,20.15,2.76,3.55,4.22,null,null]],"oneday":{"avg":null,"sunrise":null,"sunset":null},"tide":[null,null,null,null,null,null,null,null,null,null,null,null,null,null,null,null,null,null,null,null,null,null,null,null]},{"weather":[[1.61,19.93,3.15,5.02,4.37,null,null],[1.39,19.79,3.15,2.68,4.16,null,null],[2.3,19.85,2.76,1.04,4.06,null,null],[0.91,20.28,2.37,1.73,4.7,null,null],[1,22.06,2.37,1.99,5.88,null,null],[3,22.69,3.55,2.42,5.3,null,null],[2.61,23.06,3.55,2.42,6.9,null,null],[1,23.61,2.37,2.6,8.3,null,null],[0.91,23.65,2.37,2.08,7.12,null,null],[0.91,22.25,1.58,1.38,8.09,null,null],[0.91,21.02,0,0.87,8.26,null,null],[1.52,20.29,0.39,0.26,7.32,null,null]],"oneday":{"avg":null,"sunrise":null,"sunset":null},"tide":[null,null,null,null,null,null,null,null,null,null,null,null,null,null,null,null,null,null,null,null,null,null,null,null]},{"weather":[[1.39,19.51,0.79,0,6.87,null,null],[0.52,18.82,0,0,6.8,null,null],[0,18.02,0,0,5.94,null,null],[0,16.91,0,0,4.11,null,null],[0,19.26,0,0,5.31,null,null],[0,21.83,0,0,4.37,null,null],[0,23.4,0,0,4.44,null,null],[0,22.62,0,1.56,4.74,null,null],[26.5,20.46,0.05,2.6,4.4,null,null],[0,17.99,0.79,3.12,3.97,null,null],[0,16.14,2.37,3.12,7.01,null,null],[0.52,15.02,1.18,3.2,4.14,null,null]],"oneday":{"avg":null,"sunrise":null,"sunset":null},"tide":[null,null,null,null,null,null,null,null,null,null,null,null,null,null,null,null,null,null,null,null,null,null,null,null]}],"daily":[{"weather":[2.61,22.36],"tide":[null,null,null,null,null,null,null,null,null,null,null,null,null,null,null,null,null,null,null,null,null,null,null,null],"dailyEx":{"avg":null,"wave":null,"sunrise":null,"sunset":null}},{"weather":[1.7,21.6],"tide":[null,null,null,null,null,null,null,null,null,null,null,null,null,null,null,null,null,null,null,null,null,null,null,null],"dailyEx":{"avg":null,"wave":null,"sunrise":null,"sunset":null}},{"weather":[2.04,21.76],"tide":[null,null,null,null,null,null,null,null,null,null,null,null,null,null,null,null,null,null,null,null,null,null,null,null],"dailyEx":{"avg":null,"wave":null,"sunrise":null,"sunset":null}},{"weather":[1,22.17],"tide":[null,null,null,null,null,null,null,null,null,null,null,null,null,null,null,null,null,null,null,null,null,null,null,null],"dailyEx":{"avg":null,"wave":null,"sunrise":null,"sunset":null}},{"weather":[1.82,21.28],"tide":[null,null,null,null,null,null,null,null,null,null,null,null,null,null,null,null,null,null,null,null,null,null,null,null],"dailyEx":{"avg":null,"wave":null,"sunrise":null,"sunset":null}}]}
菜洗池,2026-10-05,{"hourly":[{"weather":[[2,18.53,1.48,0,5.83,null,null],[1.03,18.49,0,0,6.4,null,null],[1.55,18.78,0,0,6.63,null,null],[2.03,19.11,0.57,0,7.55,null,null],[1.52,19.85,2.31,1.91,7.5,null,null],[3.88,20.7,4.39,3.84,7.09,null,null],[2,21.58,6.28,5.75,7.53,null,null],[1.51,21.52,7.07,8.14,7.55,null,null],[2,21.43,4.55,6.7,6.71,null,null],[1.49,20.94,2.58,1.91,5.83,null,null],[1.49,20.61,3.07,1.44,5.5,null,null],[1.97,20.51,3.65,2.4,4.28,null,null]],"oneday":{"avg":null,"sunrise":null,"sunset":null},"tide":[null,null,null,null,null,null,null,null,null,null,null,null,null,null,null,null,null,null,null,null,null,null,null,null]},{"weather":[[1.48,20.2,4.17,3.83,4.3,null,null],[1.52,20.05,4.17,1.91,3.95,null,null],[2.49,20.11,3.76,0.48,3.75,null,null],[1.06,20.56,3.33,0.96,4.41,null,null],[1.06,22.17,3.42,1.44,5.57,null,null],[3,22.64,5.06,1.91,5.19,null,null],[2.48,22.93,5.15,1.91,6.83,null,null],[1.03,23.55,3.59,1.91,8.02,null,null],[1,23.7,3.27,1.44,6.58,null,null],[1,22.5,2.09,0.96,7.69,null,null],[1,21.33,0.11,0.48,7.75,null,null],[1.51,20.64,0.57,0,6.85,null,null]],"oneday":{"avg":null,"sunrise":null,"sunset":null},"tide":[null,null,null,null,null,null,null,null,null,null,null,null,null,null,null,null,null,null,null,null,null,null,null,null]},{"weather":[[1.49,19.85,1.02,0,6.31,null,null],[0.48,19.14,0,0,6.11,null,null],[0.03,18.29,0.03,0,5.24,null,null],[0.03,17.24,0.03,0,3.42,null,null],[0,19.51,0,0,4.47,null,null],[0,22.01,0.03,0,3.59,null,null],[0,23.48,0.06,0,3.68,null,null],[0,22.54,0,1.44,4.09,null,null],[24.42,20.47,0.05,2.4,3.42,null,null],[0,18.32,0.99,2.87,2.68,null,null],[0,16.49,2.96,2.87,5.49,null,null],[0.48,15.3,1.5,2.87,2.74,null,null]],"oneday":{"avg":null,"sunrise":null,"sunset":null},"tide":[null,null,null,null,null,null,null,null,null,null,null,null,null,null,null,null,null,null,null,null,null,null,null,null]}],"daily":[{"weather":[2.45,22.58],"tide":[null,null,null,null,null,null,null,null,null,null,null,null,null,null,null,null,null,null,null,null,null,null,null,null],"dailyEx":{"avg":null,"wave":null,"sunrise":null,"sunset":null}},{"weather":[1.99,21.28],"tide":[null,null,null,null,null,null,null,null,null,null,null,null,null,null,null,null,null,null,null,null,null,null,null,null],"dailyEx":{"avg":null,"wave":null,"sunrise":null,"sunset":null}},{"weather":[1.93,21.71],"tide":[null,null,null,null,null,null,null,null,null,null,null,null,null,null,null,null,null,null,null,null,null,null,null,null],"dailyEx":{"avg":null,"wave":null,"sunrise":null,"sunset":null}},{"weather":[2.42,21.99],"tide":[null,null,null,null,null,null,null,null,null,null,null,null,null,null,null,null,null,null,null,null,null,null,null,null],"dailyEx":{"avg":null,"wave":null,"sunrise":null,"sunset":null}},{"weather":[1.47,21],"tide":[null,null,null,null,null,null,null,null,null,null,null,null,null,null,null,null,null,null,null,null,null,null,null,null],"dailyEx":{"avg":null,"wave":null,"sunrise":null,"sunset":null}}]}
湛沼,2026-10-05,{"hourly":[{"weather":[[2,18.11,1.29,0,5.68,null,null],[1.08,18.01,0,0,6.29,null,null],[1.51,18.36,0,0,6.48,null,null],[2,18.71,0.43,0,7.33,null,null],[1.51,19.63,1.72,2.44,7.3,null,null],[2.35,20.68,3.44,4.56,6.87,null,null],[2,21.58,5.17,6.51,7.28,null,null],[1.57,21.54,6.03,9.52,7.38,null,null],[2,21.35,3.88,8.46,6.52,null,null],[1.43,20.77,2.15,3.58,5.59,null,null],[1.43,20.41,2.59,2.69,5.28,null,null],[1.92,20.23,3.01,3.34,4.19,null,null]],"oneday":{"avg":null,"sunrise":null,"sunset":null},"tide":[null,null,null,null,null,null,null,null,null,null,null,null,null,null,null,null,null,null,null,null,null,null,null,null]},{"weather":[[1.57,19.97,3.44,4.72,4.3,null,null],[1.43,19.84,3.44,2.52,4.09,null,null],[2.35,19.91,3.01,0.98,3.96,null,null],[0.92,20.38,2.59,1.63,4.69,null,null],[1,22.09,2.59,1.87,5.86,null,null],[3,22.66,3.88,2.28,5.38,null,null],[2.57,23.01,3.88,2.28,6.99,null,null],[1,23.55,2.59,2.44,8.31,null,null],[0.92,23.61,2.59,1.96,7.05,null,null],[0.92,22.27,1.72,1.3,8.05,null,null],[0.92,21.06,0,0.82,8.18,null,null],[1.49,20.35,0.43,0.25,7.29,null,null]],"oneday":{"avg":null,"sunrise":null,"sunset":null},"tide":[null,null,null,null,null,null,null,null,null,null,null,null,null,null,null,null,null,null,null,null,null,null,null,null]},{"weather":[[1.43,19.56,0.86,0,6.83,null,null],[0.49,18.88,0,0,6.71,null,null],[0,18.07,0,0,5.84,null,null],[0,17.01,0,0,4.03,null,null],[0,19.33,0,0,5.18,null,null],[0,21.89,0,0,4.28,null,null],[0,23.41,0,0,4.33,null,null],[0,22.56,0,1.46,4.72,null,null],[24.87,20.44,0.05,2.44,4.29,null,null],[0,18.05,0.86,2.92,3.84,null,null],[0,16.18,2.59,2.92,6.68,null,null],[0.49,15.04,1.29,3,3.92,null,null]],"oneday":{"avg":null,"sunrise":null,"sunset":null},"tide":[null,null,null,null,null,null,null,null,null,null,null,null,null,null,null,null,null,null,null,null,null,null,null,null]}],"daily":[{"weather":[2.57,22.44],"tide":[null,null,null,null,null,null,null,null,null,null,null,null,null,null,null,null,null,null,null,null,null,null,null,null],"dailyEx":{"avg":null,"wave":null,"sunrise":null,"sunset":null}},{"weather":[1.78,21.55],"tide":[null,null,null,null,null,null,null,null,null,null,null,null,null,null,null,null,null,null,null,null,null,null,null,null],"dailyEx":{"avg":null,"wave":null,"sunrise":null,"sunset":null}},{"weather":[1.97,21.76],"tide":[null,null,null,null,null,null,null,null,null,null,null,null,null,null,null,null,null,null,null,null,null,null,null,null],"dailyEx":{"avg":null,"wave":null,"sunrise":null,"sunset":null}},{"weather":[1,22.15],"tide":[null,null,null,null,null,null,null,null,null,null,null,null,null,null,null,null,null,null,null,null,null,null,null,null],"dailyEx":{"avg":null,"wave":null,"sunrise":null,"sunset":null}},{"weather":[1.71,21.27],"tide":[null,null,null,null,null,null,null,null,null,null,null,null,null,null,null,null,null,null,null,null,null,null,null,null],"dailyEx":{"avg":null,"wave":null,"sunrise":null,"sunset":null}}]}
中沢池,2026-10-05,{"hourly":[{"weather":[[1.8,19.11,1.58,0,5.25,null,null],[1.28,19.18,0,0,5.88,null,null],[1.81,19.58,0,0,6.16,null,null],[2,19.88,0.53,0,7.18,null,null],[1.81,20.48,2.52,1.23,7.27,null,null],[2.45,21.16,6.05,2.15,6.91,null,null],[2,21.71,9.38,2.92,7.25,null,null],[1.27,21.7,11.45,4.42,6.93,null,null],[2,21.53,7.39,4.22,6.29,null,null],[1.73,21.21,4.47,2.3,5.64,null,null],[1.53,21.02,4.79,1.72,5.07,null,null],[1.92,20.82,5.52,1.8,3.54,null,null]],"oneday":{"avg":null,"sunrise":null,"sunset":null},"tide":[null,null,null,null,null,null,null,null,null,null,null,null,null,null,null,null,null,null,null,null,null,null,null,null]},{"weather":[[1.47,20.37,6.25,2.31,3.35,null,null],[1.73,20.27,6.25,1.31,3.16,null,null],[2.65,20.51,4.91,0.65,2.95,null,null],[0.92,21.09,3.98,1,4.23,null,null],[1,22.5,4.39,0.96,5.09,null,null],[3,22.5,5.77,1.08,5.66,null,null],[2.27,22.69,5.77,1.08,7.23,null,null],[1,23.08,4.39,1.23,7.53,null,null],[0.92,23.25,4.18,1.04,5.96,null,null],[0.92,22.3,2.72,0.69,7.27,null,null],[0.92,21.29,0.41,0.5,7.04,null,null],[1.19,20.74,0.93,0.23,6.78,null,null]],"oneday":{"avg":null,"sunrise":null,"sunset":null},"tide":[null,null,null,null,null,null,null,null,null,null,null,null,null,null,null,null,null,null,null,null,null,null,null,null]},{"weather":[[1.53,19.97,1.26,0,6.22,null,null],[0.19,19.29,0,0,5.91,null,null],[0,18.42,0,0,4.98,null,null],[0,17.87,0,0,3.55,null,null],[0,20.02,0,0,4.22,null,null],[0,22.49,0,0,3.65,null,null],[0,23.6,0,0,3.31,null,null],[0,22.12,0,0.59,4.56,null,null],[20.17,20.11,0.83,0.98,3.43,null,null],[0,18.15,2.27,1.15,3.14,null,null],[0,16.19,3.98,1.15,4.22,null,null],[0.19,15.09,1.79,1.23,2.49,null,null]],"oneday":{"avg":null,"sunrise":null,"sunset":null},"tide":[null,null,null,null,null,null,null,null,null,null,null,null,null,null,null,null,null,null,null,null,null,null,null,null]}],"daily":[{"weather":[12.22,23.21],"tide":[null,null,null,null,null,null,null,null,null,null,null,null,null,null,null,null,null,null,null,null,null,null,null,null],"dailyEx":{"avg":null,"wave":null,"sunrise":null,"sunset":null}},{"weather":[2.39,21.16],"tide":[null,null,null,null,null,null,null,null,null,null,null,null,null,null,null,null,null,null,null,null,null,null,null,null],"dailyEx":{"avg":null,"wave":null,"sunrise":null,"sunset":null}},{"weather":[1.18,21.77],"tide":[null,null,null,null,null,null,null,null,null,null,null,null,null,null,null,null,null,null,null,null,null,null,null,null],"dailyEx":{"avg":null,"wave":null,"sunrise":null,"sunset":null}},{"weather":[1,22.02],"tide":[null,null,null,null,null,null,null,null,null,null,null,null,null,null,null,null,null,null,null,null,null,null,null,null],"dailyEx":{"avg":null,"wave":null,"sunrise":null,"sunset":null}},{"weather":[0.81,21.31],"tide":[null,null,null,null,null,null,null,null,null,null,null,null,null,null,null,null,null,null,null,null,null,null,null,null],"dailyEx":{"avg":null,"wave":null,"sunrise":null,"sunset":null}}]}
TSURIBORI水戸南,2026-10-05,{"hourly":[{"weather":[[2,19.39,1.93,0,5.48,null,null],[1.16,19.42,0,0,6.13,null,null],[1.89,19.83,0,0,6.5,null,null],[2.09,20.08,0.92,0,7.57,null,null],[1.8,20.56,3.67,1.18,7.62,null,null],[7.04,21.16,6.62,2.13,7.28,null,null],[2,21.72,8.93,2.91,7.54,null,null],[1.36,21.71,9.58,4.36,7.19,null,null],[2,21.58,6.17,4.08,6.61,null,null],[1.64,21.3,3.59,2.09,5.94,null,null],[1.64,21.09,4.24,1.57,5.42,null,null],[1.84,20.88,5.15,1.71,4.05,null,null]],"oneday":{"avg":null,"sunrise":null,"sunset":null},"tide":[null,null,null,null,null,null,null,null,null,null,null,null,null,null,null,null,null,null,null,null,null,null,null,null]},{"weather":[[1.26,20.42,5.89,2.24,3.79,null,null],[1.74,20.31,5.89,1.25,3.64,null,null],[2.58,20.51,5.52,0.59,3.3,null,null],[1.12,21.19,5.06,0.92,4.73,null,null],[1.18,22.35,5.33,0.92,5.74,null,null],[3,22.43,7.81,1.05,6.15,null,null],[2.26,22.6,8.08,1.05,7.78,null,null],[1.09,22.92,5.88,1.18,8.55,null,null],[0.93,23.16,4.87,0.99,6.88,null,null],[0.93,22.35,2.95,0.66,7.93,null,null],[0.93,21.38,0.37,0.46,7.67,null,null],[1.29,20.83,0.92,0.19,7.3,null,null]],"oneday":{"avg":null,"sunrise":null,"sunset":null},"tide":[null,null,null,null,null,null,null,null,null,null,null,null,null,null,null,null,null,null,null,null,null,null,null,null]},{"weather":[[1.64,20.07,1.38,0,6.57,null,null],[0.2,19.37,0,0,6.08,null,null],[0.09,18.5,0.09,0,5.14,null,null],[0.09,17.91,0.09,0,3.67,null,null],[0,19.96,0,0,4.29,null,null],[0,22.32,0.09,0,3.65,null,null],[0,23.41,0.18,0,3.5,null,null],[0,22.13,0,0.6,4.57,null,null],[10.15,20.19,0.02,1,3.51,null,null],[0,18.44,1.29,1.19,2.87,null,null],[0,16.7,3.87,1.19,4.21,null,null],[0.2,15.51,2.03,1.26,2.62,null,null]],"oneday":{"avg":null,"sunrise":null,"sunset":null},"tide":[null,null,null,null,null,null,null,null,null,null,null,null,null,null,null,null,null,null,null,null,null,null,null,null]}],"daily":[{"weather":[2.17,23.01],"tide":[null,null,null,null,null,null,null,null,null,null,null,null,null,null,null,null,null,null,null,null,null,null,null,null],"dailyEx":{"avg":null,"wave":null,"sunrise":null,"sunset":null}},{"weather":[2.22,21.16],"tide":[null,null,null,null,null,null,null,null,null,null,null,null,null,null,null,null,null,null,null,null,null,null,null,null],"dailyEx":{"avg":null,"wave":null,"sunrise":null,"sunset":null}},{"weather":[1.31,21.81],"tide":[null,null,null,null,null,null,null,null,null,null,null,null,null,null,null,null,null,null,null,null,null,null,null,null],"dailyEx":{"avg":null,"wave":null,"sunrise":null,"sunset":null}},{"weather":[5.56,22],"tide":[null,null,null,null,null,null,null,null,null,null,null,null,null,null,null,null,null,null,null,null,null,null,null,null],"dailyEx":{"avg":null,"wave":null,"sunrise":null,"sunset":null}},{"weather":[0.88,21.26],"tide":[null,null,null,null,null,null,null,null,null,null,null,null,null,null,null,null,null,null,null,null,null,null,null,null],"dailyEx":{"avg":null,"wave":null,"sunrise":null,"sunset":null}}]}
レジャーパーク笠間,2026-10-05,{"hourly":[{"weather":[[1.93,16.83,0.36,0,5.21,null,null],[1.28,16.53,0,0,5.99,null,null],[1.31,16.79,0,0,6.09,null,null],[2,17.2,0.12,0,6.78,null,null],[1.38,18.71,0.48,3.68,6.84,null,null],[1.78,20.37,0.96,7,6.51,null,null],[1.85,21.59,1.45,10.49,6.39,null,null],[1.88,21.7,1.69,16.3,6.77,null,null],[2,21.3,1.09,16.2,5.85,null,null],[1.12,20.28,0.6,10.06,4.77,null,null],[1.12,19.71,0.73,7.98,4.7,null,null],[1.66,19.41,0.85,7.38,4.28,null,null]],"oneday":{"avg":null,"sunrise":null,"sunset":null},"tide":[null,null,null,null,null,null,null,null,null,null,null,null,null,null,null,null,null,null,null,null,null,null,null,null]},{"weather":[[1.73,19.33,0.96,7.93,4.61,null,null],[1.03,19.13,0.96,4.75,4.77,null,null],[1.69,19.07,0.85,2.71,4.81,null,null],[0.74,19.31,0.73,3.54,5.19,null,null],[1,21.61,0.73,3.42,6.18,null,null],[2.7,23.06,1.09,3.58,5.23,null,null],[2.71,23.65,1.09,3.3,7.17,null,null],[1,24.02,0.73,3.7,8.85,null,null],[0.81,23.59,0.73,3.19,8.72,null,null],[0.87,21.73,0.48,2.09,9.46,null,null],[0.94,20.47,0,1.49,9.67,null,null],[1.6,19.67,0.12,0.63,8.6,null,null]],"oneday":{"avg":null,"sunrise":null,"sunset":null},"tide":[null,null,null,null,null,null,null,null,null,null,null,null,null,null,null,null,null,null,null,null,null,null,null,null]},{"weather":[[1.1,18.92,0.24,0,8.25,null,null],[0.6,18.19,0,0,7.84,null,null],[0,17.45,0,0,6.93,null,null],[0,16.24,0,0,5.46,null,null],[0,18.81,0,0,6.43,null,null],[0,21.42,0,0,5.95,null,null],[0,23.21,0,0,6.1,null,null],[0,22.88,0,1.68,6.25,null,null],[27.65,20.6,0.05,2.89,6.31,null,null],[0.07,17.38,0.24,3.5,6.77,null,null],[0,15.57,0.73,3.76,9.66,null,null],[0.54,14.54,0.36,4.16,6.89,null,null]],"oneday":{"avg":null,"sunrise":null,"sunset":null},"tide":[null,null,null,null,null,null,null,null,null,null,null,null,null,null,null,null,null,null,null,null,null,null,null,null]}],"daily":[{"weather":[2.71,21.91],"tide":[null,null,null,null,null,null,null,null,null,null,null,null,null,null,null,null,null,null,null,null,null,null,null,null],"dailyEx":{"avg":null,"wave":null,"sunrise":null,"sunset":null}},{"weather":[0.99,22.19],"tide":[null,null,null,null,null,null,null,null,null,null,null,null,null,null,null,null,null,null,null,null,null,null,null,null],"dailyEx":{"avg":null,"wave":null,"sunrise":null,"sunset":null}},{"weather":[2.08,21.98],"tide":[null,null,null,null,null,null,null,null,null,null,null,null,null,null,null,null,null,null,null,null,null,null,null,null],"dailyEx":{"avg":null,"wave":null,"sunrise":null,"sunset":null}},{"weather":[0.85,22.63],"tide":[null,null,null,null,null,null,null,null,null,null,null,null,null,null,null,null,null,null,null,null,null,null,null,null],"dailyEx":{"avg":null,"wave":null,"sunrise":null,"sunset":null}},{"weather":[2.34,22.02],"tide":[null,null,null,null,null,null,null,null,null,null,null,null,null,null,null,null,null,null,null,null,null,null,null,null],"dailyEx":{"avg":null,"wave":null,"sunrise":null,"sunset":null}}]}
武具池,2026-10-05,{"hourly":[{"weather":[[1.81,17.68,0.45,0,5.04,null,null],[1.35,17.54,0,0,5.78,null,null],[1.5,17.86,0,0,5.91,null,null],[2,18.26,0.15,0,6.61,null,null],[1.5,19.49,0.99,2.94,6.63,null,null],[1.99,20.71,2.94,5.25,6.22,null,null],[2,21.64,4.7,7.26,6.58,null,null],[1.66,21.61,5.96,10.85,6.78,null,null],[2,21.29,3.86,10.13,5.86,null,null],[1.34,20.58,2.49,5.12,4.94,null,null],[1.15,20.2,2.45,3.84,4.65,null,null],[1.84,20,2.79,4.22,3.77,null,null]],"oneday":{"avg":null,"sunrise":null,"sunset":null},"tide":[null,null,null,null,null,null,null,null,null,null,null,null,null,null,null,null,null,null,null,null,null,null,null,null]},{"weather":[[1.85,19.85,3.13,5.57,4.06,null,null],[1.34,19.73,3.13,3.09,3.93,null,null],[2.18,19.83,2.21,1.44,4.02,null,null],[0.84,20.14,1.68,2.25,4.48,null,null],[1,22.15,2.06,2.28,5.47,null,null],[3,22.79,2.32,2.63,5,null,null],[2.66,23.22,2.32,2.63,6.44,null,null],[1,23.73,2.06,2.94,7.57,null,null],[0.84,23.59,1.87,2.44,6.88,null,null],[0.84,22.01,1.18,1.62,7.91,null,null],[0.84,20.8,0.39,1.13,8.09,null,null],[1.5,20.05,0.53,0.47,7.25,null,null]],"oneday":{"avg":null,"sunrise":null,"sunset":null},"tide":[null,null,null,null,null,null,null,null,null,null,null,null,null,null,null,null,null,null,null,null,null,null,null,null]},{"weather":[[1.15,19.3,0.49,0,6.91,null,null],[0.5,18.63,0,0,7,null,null],[0,17.89,0,0,6.2,null,null],[0,16.86,0,0,4.53,null,null],[0,19.28,0,0,5.78,null,null],[0,21.86,0,0,4.85,null,null],[0,23.45,0,0,4.65,null,null],[0,22.67,0,1.52,4.99,null,null],[35.36,20.31,0.82,2.52,4.89,null,null],[0,17.54,1.46,3,4.92,null,null],[0,15.73,1.68,3,7.85,null,null],[0.5,14.81,0.64,3.16,5.12,null,null]],"oneday":{"avg":null,"sunrise":null,"sunset":null},"tide":[null,null,null,null,null,null,null,null,null,null,null,null,null,null,null,null,null,null,null,null,null,null,null,null]}],"daily":[{"weather":[12.1,22.42],"tide":[null,null,null,null,null,null,null,null,null,null,null,null,null,null,null,null,null,null,null,null,null,null,null,null],"dailyEx":{"avg":null,"wave":null,"sunrise":null,"sunset":null}},{"weather":[1.53,21.78],"tide":[null,null,null,null,null,null,null,null,null,null,null,null,null,null,null,null,null,null,null,null,null,null,null,null],"dailyEx":{"avg":null,"wave":null,"sunrise":null,"sunset":null}},{"weather":[1.81,21.77],"tide":[null,null,null,null,null,null,null,null,null,null,null,null,null,null,null,null,null,null,null,null,null,null,null,null],"dailyEx":{"avg":null,"wave":null,"sunrise":null,"sunset":null}},{"weather":[1,22.3],"tide":[null,null,null,null,null,null,null,null,null,null,null,null,null,null,null,null,null,null,null,null,null,null,null,null],"dailyEx":{"avg":null,"wave":null,"sunrise":null,"sunset":null}},{"weather":[1.97,21.51],"tide":[null,null,null,null,null,null,null,null,null,null,null,null,null,null,null,null,null,null,null,null,null,null,null,null],"dailyEx":{"avg":null,"wave":null,"sunrise":null,"sunset":null}}]}
つり処 たぬき,2026-10-05,{"hourly":[{"weather":[[1.8,17.43,0,0,6.33,null,null],[1.11,16.98,0,0,6.65,null,null],[1.06,16.74,0,0,7.03,null,null],[1.33,16.82,0,0,7.01,null,null],[1.87,18.09,0,5.24,8.01,null,null],[1.07,20.2,0,12.7,7.85,null,null],[1.79,22.06,0,19.12,6.74,null,null],[1.94,23.06,0,25.2,6.18,null,null],[1.94,22.75,0,22.58,5.05,null,null],[1.72,21.44,0,12.23,3.59,null,null],[1,20.63,0,8.99,3.78,null,null],[1.79,20.29,0,8.02,4.79,null,null]],"oneday":{"avg":null,"sunrise":null,"sunset":null},"tide":[null,null,null,null,null,null,null,null,null,null,null,null,null,null,null,null,null,null,null,null,null,null,null,null]},{"weather":[[1.12,20.07,0,8.25,5.44,null,null],[0.98,19.75,0,5.01,5.65,null,null],[1.05,19,0,3.59,4.34,null,null],[0.18,18.78,0,3.64,6.05,null,null],[1,20.98,0,3.96,5.78,null,null],[1.17,24.47,0,5.06,7.25,null,null],[2.81,25.84,0,7.13,8.17,null,null],[1,26.93,0,6,9.32,null,null],[1.67,26.19,0,5.05,8.62,null,null],[1.76,23.66,0,5.13,9.9,null,null],[1.24,21.8,0,2.11,9.52,null,null],[1.16,20.6,0,0.26,9.26,null,null]],"oneday":{"avg":null,"sunrise":null,"sunset":null},"tide":[null,null,null,null,null,null,null,null,null,null,null,null,null,null,null,null,null,null,null,null,null,null,null,null]},{"weather":[[0.42,19.87,0,0.09,9.88,null,null],[0.27,19.06,0,0.05,10.22,null,null],[0.05,18.44,0,0,9.69,null,null],[0.09,17.62,0,0.09,7.73,null,null],[0.05,20.08,0,0.09,10.04,null,null],[0.05,22.75,0,0.05,10.44,null,null],[0,24.81,0,0,9.83,null,null],[0,24.93,0,0.36,8.03,null,null],[3.72,22.56,0.01,0.86,9.43,null,null],[1.49,19.17,0,1.28,6.27,null,null],[0,18.13,0,6.69,6.16,null,null],[0.24,16.56,0,10.38,6.72,null,null]],"oneday":{"avg":null,"sunrise":null,"sunset":null},"tide":[null,null,null,null,null,null,null,null,null,null,null,null,null,null,null,null,null,null,null,null,null,null,null,null]}],"daily":[{"weather":[2.94,22.66],"tide":[null,null,null,null,null,null,null,null,null,null,null,null,null,null,null,null,null,null,null,null,null,null,null,null],"dailyEx":{"avg":null,"wave":null,"sunrise":null,"sunset":null}},{"weather":[0.26,23.02],"tide":[null,null,null,null,null,null,null,null,null,null,null,null,null,null,null,null,null,null,null,null,null,null,null,null],"dailyEx":{"avg":null,"wave":null,"sunrise":null,"sunset":null}},{"weather":[2.46,23.34],"tide":[null,null,null,null,null,null,null,null,null,null,null,null,null,null,null,null,null,null,null,null,null,null,null,null],"dailyEx":{"avg":null,"wave":null,"sunrise":null,"sunset":null}},{"weather":[0.12,23.6],"tide":[null,null,null,null,null,null,null,null,null,null,null,null,null,null,null,null,null,null,null,null,null,null,null,null],"dailyEx":{"avg":null,"wave":null,"sunrise":null,"sunset":null}},{"weather":[1.08,23.64],"tide":[null,null,null,null,null,null,null,null,null,null,null,null,null,null,null,null,null,null,null,null,null,null,null,null],"dailyEx":{"avg":null,"wave":null,"sunrise":null,"sunset":null}}]}
森の里,2026-10-05,{"hourly":[{"weather":[[1.76,17.29,0,0,6.41,null,null],[1.06,16.85,0,0,6.76,null,null],[1,16.68,0,0,7.05,null,null],[1.48,16.86,0,0,7.25,null,null],[1.76,18.18,0,5.25,8.03,null,null],[1.24,20.21,0,12.35,7.94,null,null],[1.81,22,0,18.31,7.21,null,null],[2,22.81,0,23.53,6.86,null,null],[2,22.47,0,20.31,5.71,null,null],[1.57,21.19,0,9.76,4.11,null,null],[1,20.41,0,7.64,4.17,null,null],[1.81,20.15,0,7.52,4.91,null,null]],"oneday":{"avg":null,"sunrise":null,"sunset":null},"tide":[null,null,null,null,null,null,null,null,null,null,null,null,null,null,null,null,null,null,null,null,null,null,null,null]},{"weather":[[1.29,20,0,8,5.41,null,null],[1.06,19.69,0,4.71,5.39,null,null],[1.29,19.04,0,3.12,4.35,null,null],[0.29,18.83,0,3.41,5.77,null,null],[1,21.1,0,3.87,5.76,null,null],[1.59,24.12,0,4.98,6.59,null,null],[3,25.38,0,6.78,7.13,null,null],[1,26.57,0,5.85,8.55,null,null],[1.52,25.9,0,4.68,8.46,null,null],[1.71,23.45,0,4.33,9.71,null,null],[1.38,21.7,0,1.84,9.52,null,null],[1.43,20.53,0,0.24,8.84,null,null]],"oneday":{"avg":null,"sunrise":null,"sunset":null},"tide":[null,null,null,null,null,null,null,null,null,null,null,null,null,null,null,null,null,null,null,null,null,null,null,null]},{"weather":[[0.67,19.79,0,0.11,9.16,null,null],[0.48,18.99,0,0.06,9.25,null,null],[0.06,18.31,0,0,8.44,null,null],[0.11,17.25,0,0.11,6.66,null,null],[0.06,19.77,0,0.11,8.62,null,null],[0.06,22.44,0,0.06,8.42,null,null],[0,24.56,0,0,7.86,null,null],[0,24.62,0,0.9,6.39,null,null],[12.35,22.24,0.02,1.76,7.84,null,null],[1.22,18.91,0,2.19,6.36,null,null],[0,17.73,0,6.56,7.18,null,null],[0.29,16.25,0,9.58,6.68,null,null]],"oneday":{"avg":null,"sunrise":null,"sunset":null},"tide":[null,null,null,null,null,null,null,null,null,null,null,null,null,null,null,null,null,null,null,null,null,null,null,null]}],"daily":[{"weather":[3,22.41],"tide":[null,null,null,null,null,null,null,null,null,null,null,null,null,null,null,null,null,null,null,null,null,null,null,null],"dailyEx":{"avg":null,"wave":null,"sunrise":null,"sunset":null}},{"weather":[0.24,22.82],"tide":[null,null,null,null,null,null,null,null,null,null,null,null,null,null,null,null,null,null,null,null,null,null,null,null],"dailyEx":{"avg":null,"wave":null,"sunrise":null,"sunset":null}},{"weather":[2.57,23.03],"tide":[null,null,null,null,null,null,null,null,null,null,null,null,null,null,null,null,null,null,null,null,null,null,null,null],"dailyEx":{"avg":null,"wave":null,"sunrise":null,"sunset":null}},{"weather":[0.29,23.3],"tide":[null,null,null,null,null,null,null,null,null,null,null,null,null,null,null,null,null,null,null,null,null,null,null,null],"dailyEx":{"avg":null,"wave":null,"sunrise":null,"sunset":null}},{"weather":[1.48,23.07],"tide":[null,null,null,null,null,null,null,null,null,null,null,null,null,null,null,null,null,null,null,null,null,null,null,null],"dailyEx":{"avg":null,"wave":null,"sunrise":null,"sunset":null}}]}
兎谷津へら鮒センター,2026-10-05,{"hourly":[{"weather":[[1.78,17.32,0,0,6.41,null,null],[1.05,16.87,0,0,6.73,null,null],[1,16.69,0,0,7.03,null,null],[1.44,16.86,0,0,7.18,null,null],[1.79,18.16,0,5.32,8.02,null,null],[1.21,20.19,0,12.52,7.91,null,null],[1.83,22,0,18.5,7.14,null,null],[2,22.85,0,23.71,6.76,null,null],[2,22.52,0,20.5,5.61,null,null],[1.61,21.23,0,10,4.02,null,null],[1,20.45,0,7.8,4.07,null,null],[1.83,20.19,0,7.58,4.88,null,null]],"oneday":{"avg":null,"sunrise":null,"sunset":null},"tide":[null,null,null,null,null,null,null,null,null,null,null,null,null,null,null,null,null,null,null,null,null,null,null,null]},{"weather":[[1.26,20.03,0,8,5.4,null,null],[1.05,19.71,0,4.74,5.42,null,null],[1.26,19.04,0,3.21,4.28,null,null],[0.26,18.84,0,3.47,5.8,null,null],[1,21.08,0,3.89,5.72,null,null],[1.53,24.17,0,4.99,6.68,null,null],[3,25.45,0,6.9,7.15,null,null],[1,26.66,0,5.96,8.51,null,null],[1.56,26,0,4.81,8.22,null,null],[1.74,23.52,0,4.5,9.53,null,null],[1.35,21.73,0,1.86,9.27,null,null],[1.39,20.54,0,0.22,8.71,null,null]],"oneday":{"avg":null,"sunrise":null,"sunset":null},"tide":[null,null,null,null,null,null,null,null,null,null,null,null,null,null,null,null,null,null,null,null,null,null,null,null]},{"weather":[[0.61,19.81,0,0.1,9.14,null,null],[0.44,19,0,0.05,9.37,null,null],[0.05,18.34,0,0,8.67,null,null],[0.1,17.32,0,0.1,6.81,null,null],[0.05,19.83,0,0.1,8.89,null,null],[0.05,22.49,0,0.05,8.78,null,null],[0,24.61,0,0,8.22,null,null],[0,24.69,0,0.81,6.56,null,null],[11,22.29,0.02,1.58,8.08,null,null],[1.3,18.95,0,1.97,6.18,null,null],[0,17.81,0,6.61,6.91,null,null],[0.26,16.32,0,9.82,6.66,null,null]],"oneday":{"avg":null,"sunrise":null,"sunset":null},"tide":[null,null,null,null,null,null,null,null,null,null,null,null,null,null,null,null,null,null,null,null,null,null,null,null]}],"daily":[{"weather":[3,22.45],"tide":[null,null,null,null,null,null,null,null,null,null,null,null,null,null,null,null,null,null,null,null,null,null,null,null],"dailyEx":{"avg":null,"wave":null,"sunrise":null,"sunset":null}},{"weather":[0.21,22.84],"tide":[null,null,null,null,null,null,null,null,null,null,null,null,null,null,null,null,null,null,null,null,null,null,null,null],"dailyEx":{"avg":null,"wave":null,"sunrise":null,"sunset":null}},{"weather":[2.6,23.07],"tide":[null,null,null,null,null,null,null,null,null,null,null,null,null,null,null,null,null,null,null,null,null,null,null,null],"dailyEx":{"avg":null,"wave":null,"sunrise":null,"sunset":null}},{"weather":[0.26,23.34],"tide":[null,null,null,null,null,null,null,null,null,null,null,null,null,null,null,null,null,null,null,null,null,null,null,null],"dailyEx":{"avg":null,"wave":null,"sunrise":null,"sunset":null}},{"weather":[1.42,23.15],"tide":[null,null,null,null,null,null,null,null,null,null,null,null,null,null,null,null,null,null,null,null,null,null,null,null],"dailyEx":{"avg":null,"wave":null,"sunrise":null,"sunset":null}}]}
すっぽん釣り堀,2026-10-05,{"hourly":[{"weather":[[1.77,17.41,0,0,6.39,null,null],[1.12,16.94,0,0,6.78,null,null],[1,16.78,0,0,7.19,null,null],[1.45,16.93,0,0,7.26,null,null],[1.78,18.24,0,4.95,8.05,null,null],[1.22,20.29,0,12.19,8.06,null,null],[1.89,22.06,0,18.72,7.44,null,null],[2,22.82,0,24.21,6.94,null,null],[2,22.48,0,20.72,5.82,null,null],[1.67,21.24,0,9.51,4.26,null,null],[1,20.49,0,6.91,4.23,null,null],[1.89,20.26,0,6.94,5,null,null]],"oneday":{"avg":null,"sunrise":null,"sunset":null},"tide":[null,null,null,null,null,null,null,null,null,null,null,null,null,null,null,null,null,null,null,null,null,null,null,null]},{"weather":[[1.34,20.1,0,8,5.63,null,null],[1.12,19.8,0,4.66,5.64,null,null],[1.34,19.18,0,2.98,4.52,null,null],[0.34,19,0,3.32,5.94,null,null],[1,21.19,0,4.02,5.93,null,null],[1.68,24.07,0,5.27,6.81,null,null],[3,25.27,0,7.15,7.38,null,null],[1,26.43,0,6,8.77,null,null],[1.55,25.83,0,4.64,7.97,null,null],[1.66,23.47,0,4.18,9.09,null,null],[1.22,21.74,0,1.64,8.95,null,null],[1.33,20.55,0,0.23,8.44,null,null]],"oneday":{"avg":null,"sunrise":null,"sunset":null},"tide":[null,null,null,null,null,null,null,null,null,null,null,null,null,null,null,null,null,null,null,null,null,null,null,null]},{"weather":[[0.56,19.79,0,0.24,8.69,null,null],[0.45,18.98,0,0.12,9.19,null,null],[0.12,18.35,0,0,8.8,null,null],[0.24,17.39,0,0.24,6.9,null,null],[0.12,19.8,0,0.24,8.98,null,null],[0.12,22.4,0,0.12,8.76,null,null],[0,24.5,0,0,8.16,null,null],[0,24.55,0,0.77,6.49,null,null],[11.34,22.13,0.02,1.42,8.05,null,null],[1.21,18.78,0,1.75,5.31,null,null],[0,17.7,0,6.04,6.52,null,null],[0.34,16.33,0,9.13,6.41,null,null]],"oneday":{"avg":null,"sunrise":null,"sunset":null},"tide":[null,null,null,null,null,null,null,null,null,null,null,null,null,null,null,null,null,null,null,null,null,null,null,null]}],"daily":[{"weather":[3,22.45],"tide":[null,null,null,null,null,null,null,null,null,null,null,null,null,null,null,null,null,null,null,null,null,null,null,null],"dailyEx":{"avg":null,"wave":null,"sunrise":null,"sunset":null}},{"weather":[0.22,22.85],"tide":[null,null,null,null,null,null,null,null,null,null,null,null,null,null,null,null,null,null,null,null,null,null,null,null],"dailyEx":{"avg":null,"wave":null,"sunrise":null,"sunset":null}},{"weather":[2.66,23.04],"tide":[null,null,null,null,null,null,null,null,null,null,null,null,null,null,null,null,null,null,null,null,null,null,null,null],"dailyEx":{"avg":null,"wave":null,"sunrise":null,"sunset":null}},{"weather":[0.34,23.25],"tide":[null,null,null,null,null,null,null,null,null,null,null,null,null,null,null,null,null,null,null,null,null,null,null,null],"dailyEx":{"avg":null,"wave":null,"sunrise":null,"sunset":null}},{"weather":[1.44,23.01],"tide":[null,null,null,null,null,null,null,null,null,null,null,null,null,null,null,null,null,null,null,null,null,null,null,null],"dailyEx":{"avg":null,"wave":null,"sunrise":null,"sunset":null}}]}
皇帝池,2026-10-05,{"hourly":[{"weather":[[1.78,17.25,0,0,6.34,null,null],[1.09,16.81,0,0,6.76,null,null],[1,16.69,0,0,7.07,null,null],[1.57,16.92,0,0,7.28,null,null],[1.65,18.26,0,4.82,7.87,null,null],[1.35,20.24,0,11.5,7.81,null,null],[1.88,21.96,0,17.54,7.36,null,null],[2,22.57,0,22.91,7.11,null,null],[2,22.25,0,19.54,5.96,null,null],[1.52,21.03,0,8.6,4.41,null,null],[1,20.3,0,6.4,4.42,null,null],[1.88,20.1,0,6.75,4.96,null,null]],"oneday":{"avg":null,"sunrise":null,"sunset":null},"tide":[null,null,null,null,null,null,null,null,null,null,null,null,null,null,null,null,null,null,null,null,null,null,null,null]},{"weather":[[1.45,19.98,0,8,5.55,null,null],[1.09,19.69,0,4.55,5.45,null,null],[1.45,19.15,0,2.66,4.62,null,null],[0.45,18.99,0,3.1,5.65,null,null],[1,21.26,0,3.83,5.89,null,null],[1.9,23.9,0,5.02,6.25,null,null],[3,25.01,0,6.52,7,null,null],[1,26.15,0,5.59,8.58,null,null],[1.43,25.58,0,4.31,8.16,null,null],[1.55,23.25,0,3.77,9.24,null,null],[1.25,21.58,0,1.58,9.25,null,null],[1.48,20.45,0,0.22,8.42,null,null]],"oneday":{"avg":null,"sunrise":null,"sunset":null},"tide":[null,null,null,null,null,null,null,null,null,null,null,null,null,null,null,null,null,null,null,null,null,null,null,null]},{"weather":[[0.7,19.68,0,0.19,8.52,null,null],[0.57,18.89,0,0.09,8.8,null,null],[0.09,18.23,0,0,8.18,null,null],[0.19,17.07,0,0.19,6.31,null,null],[0.09,19.56,0,0.19,8.24,null,null],[0.09,22.19,0,0.09,7.79,null,null],[0,24.32,0,0,7.34,null,null],[0,24.35,0,1.19,5.97,null,null],[18.21,21.94,0.04,2.14,7.31,null,null],[0.98,18.63,0,2.62,5.51,null,null],[0,17.41,0,6.12,7.34,null,null],[0.45,16.07,0,8.6,6.31,null,null]],"oneday":{"avg":null,"sunrise":null,"sunset":null},"tide":[null,null,null,null,null,null,null,null,null,null,null,null,null,null,null,null,null,null,null,null,null,null,null,null]}],"daily":[{"weather":[3,22.27],"tide":[null,null,null,null,null,null,null,null,null,null,null,null,null,null,null,null,null,null,null,null,null,null,null,null],"dailyEx":{"avg":null,"wave":null,"sunrise":null,"sunset":null}},{"weather":[0.35,22.69],"tide":[null,null,null,null,null,null,null,null,null,null,null,null,null,null,null,null,null,null,null,null,null,null,null,null],"dailyEx":{"avg":null,"wave":null,"sunrise":null,"sunset":null}},{"weather":[2.66,22.8],"tide":[null,null,null,null,null,null,null,null,null,null,null,null,null,null,null,null,null,null,null,null,null,null,null,null],"dailyEx":{"avg":null,"wave":null,"sunrise":null,"sunset":null}},{"weather":[0.45,23.08],"tide":[null,null,null,null,null,null,null,null,null,null,null,null,null,null,null,null,null,null,null,null,null,null,null,null],"dailyEx":{"avg":null,"wave":null,"sunrise":null,"sunset":null}},{"weather":[1.71,22.67],"tide":[null,null,null,null,null,null,null,null,null,null,null,null,null,null,null,null,null,null,null,null,null,null,null,null],"dailyEx":{"avg":null,"wave":null,"sunrise":null,"sunset":null}}]}
吉野公園,2026-10-05,{"hourly":[{"weather":[[1.79,17.22,0,0,6.32,null,null],[1.1,16.79,0,0,6.76,null,null],[1,16.69,0,0,7.07,null,null],[1.6,16.93,0,0,7.29,null,null],[1.61,18.28,0,4.74,7.83,null,null],[1.39,20.24,0,11.29,7.77,null,null],[1.89,21.94,0,17.3,7.38,null,null],[2,22.51,0,22.69,7.17,null,null],[2,22.19,0,19.3,6.02,null,null],[1.5,20.99,0,8.32,4.48,null,null],[1,20.27,0,6.14,4.49,null,null],[1.89,20.07,0,6.59,4.97,null,null]],"oneday":{"avg":null,"sunrise":null,"sunset":null},"tide":[null,null,null,null,null,null,null,null,null,null,null,null,null,null,null,null,null,null,null,null,null,null,null,null]},{"weather":[[1.48,19.97,0,8,5.56,null,null],[1.1,19.68,0,4.52,5.45,null,null],[1.48,19.16,0,2.55,4.68,null,null],[0.48,19.02,0,3.03,5.6,null,null],[1,21.29,0,3.81,5.91,null,null],[1.97,23.85,0,5,6.14,null,null],[3,24.93,0,6.42,6.95,null,null],[1,26.05,0,5.51,8.57,null,null],[1.4,25.5,0,4.22,8.13,null,null],[1.52,23.2,0,3.64,9.17,null,null],[1.23,21.55,0,1.53,9.24,null,null],[1.5,20.42,0,0.21,8.34,null,null]],"oneday":{"avg":null,"sunrise":null,"sunset":null},"tide":[null,null,null,null,null,null,null,null,null,null,null,null,null,null,null,null,null,null,null,null,null,null,null,null]},{"weather":[[0.71,19.65,0,0.2,8.4,null,null],[0.6,18.86,0,0.1,8.69,null,null],[0.1,18.2,0,0,8.07,null,null],[0.2,17.01,0,0.2,6.2,null,null],[0.1,19.5,0,0.2,8.11,null,null],[0.1,22.13,0,0.1,7.59,null,null],[0,24.27,0,0,7.17,null,null],[0,24.28,0,1.27,5.84,null,null],[19.84,21.87,0.04,2.28,7.15,null,null],[0.92,18.57,0,2.78,5.38,null,null],[0,17.32,0,6.04,7.44,null,null],[0.48,16.02,0,8.38,6.24,null,null]],"oneday":{"avg":null,"sunrise":null,"sunset":null},"tide":[null,null,null,null,null,null,null,null,null,null,null,null,null,null,null,null,null,null,null,null,null,null,null,null]}],"daily":[{"weather":[3,22.23],"tide":[null,null,null,null,null,null,null,null,null,null,null,null,null,null,null,null,null,null,null,null,null,null,null,null],"dailyEx":{"avg":null,"wave":null,"sunrise":null,"sunset":null}},{"weather":[0.39,22.66],"tide":[null,null,null,null,null,null,null,null,null,null,null,null,null,null,null,null,null,null,null,null,null,null,null,null],"dailyEx":{"avg":null,"wave":null,"sunrise":null,"sunset":null}},{"weather":[2.67,22.74],"tide":[null,null,null,null,null,null,null,null,null,null,null,null,null,null,null,null,null,null,null,null,null,null,null,null],"dailyEx":{"avg":null,"wave":null,"sunrise":null,"sunset":null}},{"weather":[0.48,23.03],"tide":[null,null,null,null,null,null,null,null,null,null,null,null,null,null,null,null,null,null,null,null,null,null,null,null],"dailyEx":{"avg":null,"wave":null,"sunrise":null,"sunset":null}},{"weather":[1.77,22.56],"tide":[null,null,null,null,null,null,null,null,null,null,null,null,null,null,null,null,null,null,null,null,null,null,null,null],"dailyEx":{"avg":null,"wave":null,"sunrise":null,"sunset":null}}]}
四ツ谷池,2026-10-05,{"hourly":[{"weather":[[1.79,17.23,0,0,6.31,null,null],[1.1,16.79,0,0,6.76,null,null],[1,16.69,0,0,7.08,null,null],[1.6,16.93,0,0,7.3,null,null],[1.61,18.29,0,4.7,7.82,null,null],[1.39,20.24,0,11.23,7.77,null,null],[1.89,21.94,0,17.27,7.4,null,null],[2,22.49,0,22.68,7.19,null,null],[2,22.17,0,19.27,6.04,null,null],[1.5,20.98,0,8.24,4.5,null,null],[1,20.26,0,6.04,4.51,null,null],[1.89,20.07,0,6.53,4.97,null,null]],"oneday":{"avg":null,"sunrise":null,"sunset":null},"tide":[null,null,null,null,null,null,null,null,null,null,null,null,null,null,null,null,null,null,null,null,null,null,null,null]},{"weather":[[1.5,19.97,0,8,5.58,null,null],[1.1,19.69,0,4.5,5.46,null,null],[1.5,19.17,0,2.51,4.7,null,null],[0.5,19.03,0,3.01,5.6,null,null],[1,21.3,0,3.81,5.92,null,null],[1.99,23.84,0,5.02,6.13,null,null],[3,24.9,0,6.42,6.95,null,null],[1,26.02,0,5.5,8.58,null,null],[1.4,25.48,0,4.19,8.11,null,null],[1.5,23.19,0,3.6,9.13,null,null],[1.22,21.55,0,1.51,9.21,null,null],[1.5,20.42,0,0.21,8.31,null,null]],"oneday":{"avg":null,"sunrise":null,"sunset":null},"tide":[null,null,null,null,null,null,null,null,null,null,null,null,null,null,null,null,null,null,null,null,null,null,null,null]},{"weather":[[0.71,19.65,0,0.2,8.35,null,null],[0.6,18.86,0,0.1,8.66,null,null],[0.1,18.2,0,0,8.07,null,null],[0.2,17.01,0,0.2,6.18,null,null],[0.1,19.49,0,0.2,8.09,null,null],[0.1,22.12,0,0.1,7.56,null,null],[0,24.25,0,0,7.14,null,null],[0,24.26,0,1.29,5.82,null,null],[20.14,21.85,0.04,2.29,7.13,null,null],[0.9,18.55,0,2.79,5.3,null,null],[0,17.3,0,6,7.43,null,null],[0.5,16.01,0,8.3,6.21,null,null]],"oneday":{"avg":null,"sunrise":null,"sunset":null},"tide":[null,null,null,null,null,null,null,null,null,null,null,null,null,null,null,null,null,null,null,null,null,null,null,null]}],"daily":[{"weather":[3,22.23],"tide":[null,null,null,null,null,null,null,null,null,null,null,null,null,null,null,null,null,null,null,null,null,null,null,null],"dailyEx":{"avg":null,"wave":null,"sunrise":null,"sunset":null}},{"weather":[0.39,22.65],"tide":[null,null,null,null,null,null,null,null,null,null,null,null,null,null,null,null,null,null,null,null,null,null,null,null],"dailyEx":{"avg":null,"wave":null,"sunrise":null,"sunset":null}},{"weather":[2.68,22.73],"tide":[null,null,null,null,null,null,null,null,null,null,null,null,null,null,null,null,null,null,null,null,null,null,null,null],"dailyEx":{"avg":null,"wave":null,"sunrise":null,"sunset":null}},{"weather":[0.5,23.01],"tide":[null,null,null,null,null,null,null,null,null,null,null,null,null,null,null,null,null,null,null,null,null,null,null,null],"dailyEx":{"avg":null,"wave":null,"sunrise":null,"sunset":null}},{"weather":[1.79,22.54],"tide":[null,null,null,null,null,null,null,null,null,null,null,null,null,null,null,null,null,null,null,null,null,null,null,null],"dailyEx":{"avg":null,"wave":null,"sunrise":null,"sunset":null}}]}
谷和原大沼,2026-10-05,{"hourly":[{"weather":[[1.66,17.42,0,0,6.41,null,null],[1.27,16.95,0,0,7.02,null,null],[1,16.87,0,0,7.55,null,null],[1.68,17.1,0,0,7.76,null,null],[1.65,18.47,0,3.97,8.13,null,null],[1.35,20.58,0,10.84,8.48,null,null],[1.93,22.2,0,18.28,8.25,null,null],[2,22.58,0,24.35,7.72,null,null],[2,22.2,0,20.28,6.67,null,null],[1.58,21.06,0,7.61,5.07,null,null],[1,20.39,0,4.71,4.92,null,null],[1.93,20.21,0,5.56,5.33,null,null]],"oneday":{"avg":null,"sunrise":null,"sunset":null},"tide":[null,null,null,null,null,null,null,null,null,null,null,null,null,null,null,null,null,null,null,null,null,null,null,null]},{"weather":[[1.62,20.08,0,8,6.02,null,null],[1.27,19.8,0,4.38,5.87,null,null],[1.62,19.4,0,2.15,5.28,null,null],[0.62,19.27,0,2.77,6.06,null,null],[1,21.48,0,4.19,6.45,null,null],[2.23,23.67,0,5.72,6.63,null,null],[3,24.62,0,7,7.71,null,null],[1,25.65,0,5.55,9.45,null,null],[1.32,25.09,0,3.75,8.75,null,null],[1.38,23.04,0,2.86,9.3,null,null],[1.14,21.6,0,1.19,9.63,null,null],[1.42,20.51,0,0.34,8.67,null,null]],"oneday":{"avg":null,"sunrise":null,"sunset":null},"tide":[null,null,null,null,null,null,null,null,null,null,null,null,null,null,null,null,null,null,null,null,null,null,null,null]},{"weather":[[0.76,19.7,0,0.53,8.06,null,null],[0.68,18.88,0,0.27,8.35,null,null],[0.27,18.24,0,0,7.93,null,null],[0.53,17.15,0,0.53,6.34,null,null],[0.27,19.45,0,0.53,7.85,null,null],[0.27,21.98,0,0.27,7.05,null,null],[0,24.1,0,0,6.33,null,null],[0,23.99,0,1.11,5.59,null,null],[17.85,21.62,0.03,1.95,6.9,null,null],[0.7,18.34,0,2.37,4.77,null,null],[0,17.15,0,4.85,7.12,null,null],[0.62,16.05,0,6.83,6.13,null,null]],"oneday":{"avg":null,"sunrise":null,"sunset":null},"tide":[null,null,null,null,null,null,null,null,null,null,null,null,null,null,null,null,null,null,null,null,null,null,null,null]}],"daily":[{"weather":[3,22.27],"tide":[null,null,null,null,null,null,null,null,null,null,null,null,null,null,null,null,null,null,null,null,null,null,null,null],"dailyEx":{"avg":null,"wave":null,"sunrise":null,"sunset":null}},{"weather":[0.35,22.77],"tide":[null,null,null,null,null,null,null,null,null,null,null,null,null,null,null,null,null,null,null,null,null,null,null,null],"dailyEx":{"avg":null,"wave":null,"sunrise":null,"sunset":null}},{"weather":[2.59,22.79],"tide":[null,null,null,null,null,null,null,null,null,null,null,null,null,null,null,null,null,null,null,null,null,null,null,null],"dailyEx":{"avg":null,"wave":null,"sunrise":null,"sunset":null}},{"weather":[0.62,22.89],"tide":[null,null,null,null,null,null,null,null,null,null,null,null,null,null,null,null,null,null,null,null,null,null,null,null],"dailyEx":{"avg":null,"wave":null,"sunrise":null,"sunset":null}},{"weather":[1.7,22.43],"tide":[null,null,null,null,null,null,null,null,null,null,null,null,null,null,null,null,null,null,null,null,null,null,null,null],"dailyEx":{"avg":null,"wave":null,"sunrise":null,"sunset":null}}]}
つくば釣堀センター,2026-10-05,{"hourly":[{"weather":[[1.66,17.38,0,0,6.38,null,null],[1.29,16.91,0,0,7.04,null,null],[1,16.87,0,0,7.57,null,null],[1.76,17.13,0,0,7.82,null,null],[1.58,18.52,0,3.72,8.05,null,null],[1.42,20.61,0,10.3,8.43,null,null],[1.95,22.18,0,17.74,8.35,null,null],[2,22.43,0,23.89,7.91,null,null],[2,22.05,0,19.74,6.85,null,null],[1.53,20.95,0,6.88,5.27,null,null],[1,20.31,0,4.01,5.1,null,null],[1.95,20.16,0,5.15,5.37,null,null]],"oneday":{"avg":null,"sunrise":null,"sunset":null},"tide":[null,null,null,null,null,null,null,null,null,null,null,null,null,null,null,null,null,null,null,null,null,null,null,null]},{"weather":[[1.71,20.05,0,8,6.08,null,null],[1.29,19.78,0,4.29,5.88,null,null],[1.71,19.45,0,1.86,5.45,null,null],[0.71,19.35,0,2.58,5.98,null,null],[1,21.57,0,4.15,6.53,null,null],[2.42,23.53,0,5.72,6.39,null,null],[3,24.39,0,6.77,7.62,null,null],[1,25.39,0,5.34,9.48,null,null],[1.24,24.87,0,3.48,8.75,null,null],[1.29,22.89,0,2.48,9.19,null,null],[1.1,21.52,0,1.05,9.66,null,null],[1.47,20.46,0,0.34,8.55,null,null]],"oneday":{"avg":null,"sunrise":null,"sunset":null},"tide":[null,null,null,null,null,null,null,null,null,null,null,null,null,null,null,null,null,null,null,null,null,null,null,null]},{"weather":[[0.81,19.63,0,0.57,7.76,null,null],[0.76,18.82,0,0.29,8.05,null,null],[0.29,18.17,0,0,7.65,null,null],[0.57,17.01,0,0.57,6.05,null,null],[0.29,19.3,0,0.57,7.47,null,null],[0.29,21.82,0,0.29,6.5,null,null],[0,23.95,0,0,5.83,null,null],[0,23.81,0,1.32,5.26,null,null],[21.75,21.43,0.04,2.27,6.47,null,null],[0.53,18.17,0,2.75,4.48,null,null],[0,16.93,0,4.62,7.38,null,null],[0.71,15.91,0,6.2,5.96,null,null]],"oneday":{"avg":null,"sunrise":null,"sunset":null},"tide":[null,null,null,null,null,null,null,null,null,null,null,null,null,null,null,null,null,null,null,null,null,null,null,null]}],"daily":[{"weather":[3,22.17],"tide":[null,null,null,null,null,null,null,null,null,null,null,null,null,null,null,null,null,null,null,null,null,null,null,null],"dailyEx":{"avg":null,"wave":null,"sunrise":null,"sunset":null}},{"weather":[0.42,22.69],"tide":[null,null,null,null,null,null,null,null,null,null,null,null,null,null,null,null,null,null,null,null,null,null,null,null],"dailyEx":{"avg":null,"wave":null,"sunrise":null,"sunset":null}},{"weather":[2.62,22.65],"tide":[null,null,null,null,null,null,null,null,null,null,null,null,null,null,null,null,null,null,null,null,null,null,null,null],"dailyEx":{"avg":null,"wave":null,"sunrise":null,"sunset":null}},{"weather":[0.71,22.76],"tide":[null,null,null,null,null,null,null,null,null,null,null,null,null,null,null,null,null,null,null,null,null,null,null,null],"dailyEx":{"avg":null,"wave":null,"sunrise":null,"sunset":null}},{"weather":[1.85,22.17],"tide":[null,null,null,null,null,null,null,null,null,null,null,null,null,null,null,null,null,null,null,null,null,null,null,null],"dailyEx":{"avg":null,"wave":null,"sunrise":null,"sunset":null}}]}
三楽園,2026-10-05,{"hourly":[{"weather":[[1.67,17.72,0,0,6,null,null],[1.21,17.2,0,0,6.43,null,null],[1,17.06,0,0,6.95,null,null],[1.45,17.17,0.83,0,6.85,null,null],[1.88,18.44,2.14,4.01,7.58,null,null],[1.12,20.48,2.38,10.79,7.76,null,null],[1.88,22.21,2.26,17.5,7.26,null,null],[2,22.96,1.9,22.74,6.5,null,null],[1.88,22.58,1.07,19.26,5.51,null,null],[1.76,21.44,0.59,8.37,4.16,null,null],[1.12,20.78,0.47,5.34,4.02,null,null],[1.88,20.54,0.47,5.44,4.83,null,null]],"oneday":{"avg":null,"sunrise":null,"sunset":null},"tide":[null,null,null,null,null,null,null,null,null,null,null,null,null,null,null,null,null,null,null,null,null,null,null,null]},{"weather":[[1.33,20.35,0.47,7.05,5.54,null,null],[1.33,20.06,0.47,4.08,5.63,null,null],[1.33,19.49,0.24,2.54,4.52,null,null],[0.45,19.41,0.47,2.87,5.88,null,null],[0.88,21.49,0.95,3.82,5.84,null,null],[1.89,24.16,0.83,5.12,6.79,null,null],[2.76,25.34,0.59,6.99,7.26,null,null],[1,26.44,0.47,5.6,8.36,null,null],[1.55,25.77,0.36,4.1,6.83,null,null],[1.55,23.53,0.24,3.56,7.77,null,null],[1,21.84,0.24,1.23,7.67,null,null],[1.12,20.67,0.12,0.21,7.51,null,null]],"oneday":{"avg":null,"sunrise":null,"sunset":null},"tide":[null,null,null,null,null,null,null,null,null,null,null,null,null,null,null,null,null,null,null,null,null,null,null,null]},{"weather":[[0.45,19.9,0,0.42,7.66,null,null],[0.45,19.11,0,0.21,8.62,null,null],[0.33,18.59,0.71,0,8.82,null,null],[0.54,17.94,0.83,0.42,6.99,null,null],[0.33,20.14,0.47,0.42,8.94,null,null],[0.21,22.61,0.36,0.21,8.77,null,null],[0,24.53,0.12,0,8.04,null,null],[0,24.39,0,0.36,6.27,null,null],[6.1,21.87,0.01,0.6,7.72,null,null],[1.23,18.75,0.36,0.72,3.47,null,null],[0,17.92,1.19,4.59,4.75,null,null],[6.38,16.68,2.14,7.58,5.47,null,null]],"oneday":{"avg":null,"sunrise":null,"sunset":null},"tide":[null,null,null,null,null,null,null,null,null,null,null,null,null,null,null,null,null,null,null,null,null,null,null,null]}],"daily":[{"weather":[8.7,22.85],"tide":[null,null,null,null,null,null,null,null,null,null,null,null,null,null,null,null,null,null,null,null,null,null,null,null],"dailyEx":{"avg":null,"wave":null,"sunrise":null,"sunset":null}},{"weather":[6.18,22.97],"tide":[null,null,null,null,null,null,null,null,null,null,null,null,null,null,null,null,null,null,null,null,null,null,null,null],"dailyEx":{"avg":null,"wave":null,"sunrise":null,"sunset":null}},{"weather":[2.44,23.18],"tide":[null,null,null,null,null,null,null,null,null,null,null,null,null,null,null,null,null,null,null,null,null,null,null,null],"dailyEx":{"avg":null,"wave":null,"sunrise":null,"sunset":null}},{"weather":[0.68,23.25],"tide":[null,null,null,null,null,null,null,null,null,null,null,null,null,null,null,null,null,null,null,null,null,null,null,null],"dailyEx":{"avg":null,"wave":null,"sunrise":null,"sunset":null}},{"weather":[1.12,23.19],"tide":[null,null,null,null,null,null,null,null,null,null,null,null,null,null,null,null,null,null,null,null,null,null,null,null],"dailyEx":{"avg":null,"wave":null,"sunrise":null,"sunset":null}}]}
法師戸大池,2026-10-05,{"hourly":[{"weather":[[1.76,17.4,0,0,6.39,null,null],[1.14,16.93,0,0,6.81,null,null],[1,16.79,0,0,7.22,null,null],[1.49,16.96,0,0,7.32,null,null],[1.75,18.28,0,4.8,8.03,null,null],[1.25,20.32,0,11.93,8.09,null,null],[1.9,22.07,0,18.55,7.54,null,null],[2,22.76,0,24.11,7.06,null,null],[2,22.41,0,20.55,5.94,null,null],[1.65,21.19,0,9.15,4.38,null,null],[1,20.47,0,6.52,4.34,null,null],[1.9,20.24,0,6.69,5.04,null,null]],"oneday":{"avg":null,"sunrise":null,"sunset":null},"tide":[null,null,null,null,null,null,null,null,null,null,null,null,null,null,null,null,null,null,null,null,null,null,null,null]},{"weather":[[1.39,20.09,0,8,5.68,null,null],[1.14,19.8,0,4.61,5.66,null,null],[1.39,19.21,0,2.82,4.64,null,null],[0.39,19.05,0,3.22,5.93,null,null],[1,21.24,0,4.03,6,null,null],[1.78,23.99,0,5.31,6.73,null,null],[3,25.15,0,7.08,7.39,null,null],[1,26.29,0,5.91,8.84,null,null],[1.51,25.71,0,4.49,8.03,null,null],[1.61,23.39,0,3.96,9.06,null,null],[1.19,21.7,0,1.56,9,null,null],[1.35,20.53,0,0.24,8.41,null,null]],"oneday":{"avg":null,"sunrise":null,"sunset":null},"tide":[null,null,null,null,null,null,null,null,null,null,null,null,null,null,null,null,null,null,null,null,null,null,null,null]},{"weather":[[0.59,19.76,0,0.28,8.54,null,null],[0.49,18.95,0,0.14,9.04,null,null],[0.14,18.32,0,0,8.65,null,null],[0.28,17.33,0,0.28,6.78,null,null],[0.14,19.73,0,0.28,8.79,null,null],[0.14,22.32,0,0.14,8.48,null,null],[0,24.42,0,0,7.88,null,null],[0,24.45,0,0.85,6.33,null,null],[12.92,22.03,0.03,1.55,7.85,null,null],[1.12,18.69,0,1.9,5.16,null,null],[0,17.6,0,5.86,6.63,null,null],[0.39,16.27,0,8.75,6.34,null,null]],"oneday":{"avg":null,"sunrise":null,"sunset":null},"tide":[null,null,null,null,null,null,null,null,null,null,null,null,null,null,null,null,null,null,null,null,null,null,null,null]}],"daily":[{"weather":[3,22.41],"tide":[null,null,null,null,null,null,null,null,null,null,null,null,null,null,null,null,null,null,null,null,null,null,null,null],"dailyEx":{"avg":null,"wave":null,"sunrise":null,"sunset":null}},{"weather":[0.25,22.82],"tide":[null,null,null,null,null,null,null,null,null,null,null,null,null,null,null,null,null,null,null,null,null,null,null,null],"dailyEx":{"avg":null,"wave":null,"sunrise":null,"sunset":null}},{"weather":[2.67,22.98],"tide":[null,null,null,null,null,null,null,null,null,null,null,null,null,null,null,null,null,null,null,null,null,null,null,null],"dailyEx":{"avg":null,"wave":null,"sunrise":null,"sunset":null}},{"weather":[0.39,23.18],"tide":[null,null,null,null,null,null,null,null,null,null,null,null,null,null,null,null,null,null,null,null,null,null,null,null],"dailyEx":{"avg":null,"wave":null,"sunrise":null,"sunset":null}},{"weather":[1.5,22.89],"tide":[null,null,null,null,null,null,null,null,null,null,null,null,null,null,null,null,null,null,null,null,null,null,null,null],"dailyEx":{"avg":null,"wave":null,"sunrise":null,"sunset":null}}]}
さくら湖,2026-10-05,{"hourly":[{"weather":[[1.59,17.63,0,0,6.47,null,null],[1.41,17.11,0,0,7.2,null,null],[1,17.05,0,0,7.93,null,null],[1.7,17.24,0,0,8.04,null,null],[1.71,18.6,0,3.38,8.35,null,null],[1.29,20.83,0,10.61,9.02,null,null],[2,22.4,0,19.28,8.9,null,null],[2,22.68,0,25.9,8.07,null,null],[2,22.25,0,21.28,7.08,null,null],[1.71,21.16,0,7.21,5.47,null,null],[1,20.54,0,3.58,5.17,null,null],[2,20.37,0,4.68,5.61,null,null]],"oneday":{"avg":null,"sunrise":null,"sunset":null},"tide":[null,null,null,null,null,null,null,null,null,null,null,null,null,null,null,null,null,null,null,null,null,null,null,null]},{"weather":[[1.7,20.22,0,8,6.41,null,null],[1.41,19.94,0,4.3,6.28,null,null],[1.7,19.62,0,1.9,5.7,null,null],[0.7,19.52,0,2.6,6.48,null,null],[1,21.62,0,4.52,6.87,null,null],[2.4,23.55,0,6.33,7.13,null,null],[3,24.42,0,7.64,8.36,null,null],[1,25.39,0,5.71,10.13,null,null],[1.3,24.85,0,3.49,8.84,null,null],[1.3,22.98,0,2.38,9.04,null,null],[1,21.68,0,0.89,9.53,null,null],[1.29,20.6,0,0.41,8.68,null,null]],"oneday":{"avg":null,"sunrise":null,"sunset":null},"tide":[null,null,null,null,null,null,null,null,null,null,null,null,null,null,null,null,null,null,null,null,null,null,null,null]},{"weather":[[0.7,19.75,0,0.81,7.64,null,null],[0.7,18.89,0,0.41,8.18,null,null],[0.41,18.3,0,0,8.13,null,null],[0.81,17.35,0,0.81,6.64,null,null],[0.41,19.48,0,0.81,7.98,null,null],[0.41,21.9,0,0.41,7.05,null,null],[0,24,0,0,6.11,null,null],[0,23.81,0,0.88,5.57,null,null],[14.98,21.44,0.03,1.47,6.97,null,null],[0.6,18.15,0,1.76,3.85,null,null],[0,17.08,0,3.86,6.46,null,null],[0.7,16.14,0,5.76,5.95,null,null]],"oneday":{"avg":null,"sunrise":null,"sunset":null},"tide":[null,null,null,null,null,null,null,null,null,null,null,null,null,null,null,null,null,null,null,null,null,null,null,null]}],"daily":[{"weather":[3,22.34],"tide":[null,null,null,null,null,null,null,null,null,null,null,null,null,null,null,null,null,null,null,null,null,null,null,null],"dailyEx":{"avg":null,"wave":null,"sunrise":null,"sunset":null}},{"weather":[0.29,22.88],"tide":[null,null,null,null,null,null,null,null,null,null,null,null,null,null,null,null,null,null,null,null,null,null,null,null],"dailyEx":{"avg":null,"wave":null,"sunrise":null,"sunset":null}},{"weather":[2.59,22.87],"tide":[null,null,null,null,null,null,null,null,null,null,null,null,null,null,null,null,null,null,null,null,null,null,null,null],"dailyEx":{"avg":null,"wave":null,"sunrise":null,"sunset":null}},{"weather":[0.7,22.82],"tide":[null,null,null,null,null,null,null,null,null,null,null,null,null,null,null,null,null,null,null,null,null,null,null,null],"dailyEx":{"avg":null,"wave":null,"sunrise":null,"sunset":null}},{"weather":[1.59,22.38],"tide":[null,null,null,null,null,null,null,null,null,null,null,null,null,null,null,null,null,null,null,null,null,null,null,null],"dailyEx":{"avg":null,"wave":null,"sunrise":null,"sunset":null}}]}
筑波白水湖,2026-10-05,{"hourly":[{"weather":[[1.81,17.09,0,0,6.27,null,null],[1.06,16.68,0,0,6.71,null,null],[1,16.61,0,0,6.94,null,null],[1.67,16.89,0,0,7.25,null,null],[1.52,18.27,0,4.75,7.68,null,null],[1.48,20.16,0,10.89,7.52,null,null],[1.87,21.84,0,16.39,7.23,null,null],[2,22.33,0,21.63,7.22,null,null],[2,22.03,0,18.39,6.03,null,null],[1.39,20.84,0,7.81,4.51,null,null],[1,20.13,0,5.99,4.57,null,null],[1.87,19.95,0,6.61,4.89,null,null]],"oneday":{"avg":null,"sunrise":null,"sunset":null},"tide":[null,null,null,null,null,null,null,null,null,null,null,null,null,null,null,null,null,null,null,null,null,null,null,null]},{"weather":[[1.54,19.88,0,8,5.45,null,null],[1.06,19.6,0,4.46,5.28,null,null],[1.54,19.11,0,2.39,4.67,null,null],[0.54,18.97,0,2.92,5.35,null,null],[1,21.31,0,3.64,5.81,null,null],[2.08,23.77,0,4.75,5.71,null,null],[3,24.8,0,5.93,6.61,null,null],[1,25.92,0,5.24,8.33,null,null],[1.33,25.39,0,4.07,8.19,null,null],[1.46,23.08,0,3.47,9.26,null,null],[1.26,21.45,0,1.53,9.4,null,null],[1.61,20.34,0,0.19,8.3,null,null]],"oneday":{"avg":null,"sunrise":null,"sunset":null},"tide":[null,null,null,null,null,null,null,null,null,null,null,null,null,null,null,null,null,null,null,null,null,null,null,null]},{"weather":[[0.8,19.58,0,0.12,8.34,null,null],[0.67,18.8,0,0.06,8.48,null,null],[0.06,18.11,0,0,7.68,null,null],[0.12,16.79,0,0.12,5.8,null,null],[0.06,19.35,0,0.12,7.65,null,null],[0.06,22.02,0,0.06,7.02,null,null],[0,24.17,0,0,6.72,null,null],[0,24.19,0,1.57,5.53,null,null],[24.6,21.78,0.05,2.79,6.7,null,null],[0.79,18.5,0,3.4,5.6,null,null],[0,17.15,0,6.24,8.02,null,null],[0.54,15.84,0,8.22,6.18,null,null]],"oneday":{"avg":null,"sunrise":null,"sunset":null},"tide":[null,null,null,null,null,null,null,null,null,null,null,null,null,null,null,null,null,null,null,null,null,null,null,null]}],"daily":[{"weather":[3,22.11],"tide":[null,null,null,null,null,null,null,null,null,null,null,null,null,null,null,null,null,null,null,null,null,null,null,null],"dailyEx":{"avg":null,"wave":null,"sunrise":null,"sunset":null}},{"weather":[0.48,22.54],"tide":[null,null,null,null,null,null,null,null,null,null,null,null,null,null,null,null,null,null,null,null,null,null,null,null],"dailyEx":{"avg":null,"wave":null,"sunrise":null,"sunset":null}},{"weather":[2.68,22.58],"tide":[null,null,null,null,null,null,null,null,null,null,null,null,null,null,null,null,null,null,null,null,null,null,null,null],"dailyEx":{"avg":null,"wave":null,"sunrise":null,"sunset":null}},{"weather":[0.54,22.93],"tide":[null,null,null,null,null,null,null,null,null,null,null,null,null,null,null,null,null,null,null,null,null,null,null,null],"dailyEx":{"avg":null,"wave":null,"sunrise":null,"sunset":null}},{"weather":[1.96,22.35],"tide":[null,null,null,null,null,null,null,null,null,null,null,null,null,null,null,null,null,null,null,null,null,null,null,null],"dailyEx":{"avg":null,"wave":null,"sunrise":null,"sunset":null}}]}
筑波流源湖 釣り堀,2026-10-05,{"hourly":[{"weather":[[1.44,16.67,0,0,6.56,null,null],[1.1,16.31,0,0,7.09,null,null],[1.1,16.16,0,0.05,7.19,null,null],[1.78,16.42,0,0.19,7.83,null,null],[1.78,17.79,0,5.61,8.33,null,null],[1.17,20.1,0,12.98,8.66,null,null],[1.39,21.83,0,19.17,7.5,null,null],[1.95,22.61,0,24.7,7.25,null,null],[1.95,22.2,0,22.28,6.16,null,null],[1.27,20.75,0,12.72,4.32,null,null],[1.05,19.89,0,11.35,4.45,null,null],[1.44,19.55,0,10.28,4.97,null,null]],"oneday":{"avg":null,"sunrise":null,"sunset":null},"tide":[null,null,null,null,null,null,null,null,null,null,null,null,null,null,null,null,null,null,null,null,null,null,null,null]},{"weather":[[1.12,19.38,0,8.58,5.01,null,null],[0.95,19.03,0,4.97,4.88,null,null],[1.12,18.37,0,3.44,4.43,null,null],[0.17,18.06,0,3.76,5.85,null,null],[1,20.62,0,3.73,5.8,null,null],[1.34,23.92,0,5.22,6.48,null,null],[2.95,25.31,0,7.7,7.18,null,null],[1.05,26.41,0,8.22,8.61,null,null],[1.22,25.14,0,7.51,12.36,null,null],[1.78,22.6,0,6.37,13.67,null,null],[2.12,21.14,0,3.35,13.61,null,null],[1.73,20.17,0,0.85,12.22,null,null]],"oneday":{"avg":null,"sunrise":null,"sunset":null},"tide":[null,null,null,null,null,null,null,null,null,null,null,null,null,null,null,null,null,null,null,null,null,null,null,null]},{"weather":[[1.34,19.45,0,0.29,11.84,null,null],[0.73,18.63,0,0.1,9.8,null,null],[0,17.7,0,0,7.16,null,null],[0.05,16.46,0,0,6.61,null,null],[0,19.16,0,0,6.97,null,null],[0,21.99,0,0,6.25,null,null],[0,24.2,0,0.19,5.19,null,null],[0,24.12,0,2.33,5.65,null,null],[9.25,22.08,0.02,4.7,6.5,null,null],[1.05,18.91,0,5.73,10.96,null,null],[0,17.31,0,8.5,9.69,null,null],[0.17,15.56,0,10,7.92,null,null]],"oneday":{"avg":null,"sunrise":null,"sunset":null},"tide":[null,null,null,null,null,null,null,null,null,null,null,null,null,null,null,null,null,null,null,null,null,null,null,null]}],"daily":[{"weather":[5.32,21.94],"tide":[null,null,null,null,null,null,null,null,null,null,null,null,null,null,null,null,null,null,null,null,null,null,null,null],"dailyEx":{"avg":null,"wave":null,"sunrise":null,"sunset":null}},{"weather":[0.32,22.62],"tide":[null,null,null,null,null,null,null,null,null,null,null,null,null,null,null,null,null,null,null,null,null,null,null,null],"dailyEx":{"avg":null,"wave":null,"sunrise":null,"sunset":null}},{"weather":[1.88,22.81],"tide":[null,null,null,null,null,null,null,null,null,null,null,null,null,null,null,null,null,null,null,null,null,null,null,null],"dailyEx":{"avg":null,"wave":null,"sunrise":null,"sunset":null}},{"weather":[0.27,23.11],"tide":[null,null,null,null,null,null,null,null,null,null,null,null,null,null,null,null,null,null,null,null,null,null,null,null],"dailyEx":{"avg":null,"wave":null,"sunrise":null,"sunset":null}},{"weather":[1.44,23.02],"tide":[null,null,null,null,null,null,null,null,null,null,null,null,null,null,null,null,null,null,null,null,null,null,null,null],"dailyEx":{"avg":null,"wave":null,"sunrise":null,"sunset":null}}]}
三和新池,2026-10-05,{"hourly":[{"weather":[[1.46,16.91,0,0,6.64,null,null],[1.06,16.52,0,0,7.06,null,null],[1.06,16.32,0,0.03,7.21,null,null],[1.66,16.54,0,0.12,7.81,null,null],[1.88,17.87,0,5.79,8.48,null,null],[1.09,20.22,0,13.46,8.74,null,null],[1.42,21.99,0,19.63,7.43,null,null],[1.97,22.92,0,24.97,7.07,null,null],[1.97,22.5,0,22.34,5.98,null,null],[1.37,21.02,0,12.62,4.11,null,null],[1.03,20.14,0,11.19,4.26,null,null],[1.46,19.78,0,10.09,4.99,null,null]],"oneday":{"avg":null,"sunrise":null,"sunset":null},"tide":[null,null,null,null,null,null,null,null,null,null,null,null,null,null,null,null,null,null,null,null,null,null,null,null]},{"weather":[[1.06,19.57,0,8.37,5.02,null,null],[0.97,19.2,0,5,4.97,null,null],[1.06,18.48,0,3.7,4.27,null,null],[0.09,18.15,0,3.88,5.98,null,null],[1,20.65,0,3.85,5.75,null,null],[1.18,24.15,0,5.16,6.84,null,null],[2.97,25.62,0,7.51,7.39,null,null],[1.03,26.8,0,7.47,8.76,null,null],[1.34,25.57,0,6.66,12.01,null,null],[1.88,22.98,0,5.95,13.37,null,null],[2.1,21.43,0,3.08,13.15,null,null],[1.63,20.41,0,0.73,11.98,null,null]],"oneday":{"avg":null,"sunrise":null,"sunset":null},"tide":[null,null,null,null,null,null,null,null,null,null,null,null,null,null,null,null,null,null,null,null,null,null,null,null]},{"weather":[[1.22,19.7,0,0.19,11.77,null,null],[0.63,18.87,0,0.06,9.91,null,null],[0,17.96,0,0,7.42,null,null],[0.03,16.83,0,0,6.77,null,null],[0,19.51,0,0,7.42,null,null],[0,22.33,0,0,6.99,null,null],[0,24.54,0,0.12,5.91,null,null],[0,24.49,0,1.62,6.08,null,null],[5.11,22.41,0.01,3.49,7.13,null,null],[1.25,19.19,0,4.31,10.86,null,null],[0,17.71,0,8.17,9.15,null,null],[0.09,15.91,0,10.46,8.02,null,null]],"oneday":{"avg":null,"sunrise":null,"sunset":null},"tide":[null,null,null,null,null,null,null,null,null,null,null,null,null,null,null,null,null,null,null,null,null,null,null,null]}],"daily":[{"weather":[4.49,22.2],"tide":[null,null,null,null,null,null,null,null,null,null,null,null,null,null,null,null,null,null,null,null,null,null,null,null],"dailyEx":{"avg":null,"wave":null,"sunrise":null,"sunset":null}},{"weather":[0.18,22.84],"tide":[null,null,null,null,null,null,null,null,null,null,null,null,null,null,null,null,null,null,null,null,null,null,null,null],"dailyEx":{"avg":null,"wave":null,"sunrise":null,"sunset":null}},{"weather":[1.9,23.11],"tide":[null,null,null,null,null,null,null,null,null,null,null,null,null,null,null,null,null,null,null,null,null,null,null,null],"dailyEx":{"avg":null,"wave":null,"sunrise":null,"sunset":null}},{"weather":[0.15,23.37],"tide":[null,null,null,null,null,null,null,null,null,null,null,null,null,null,null,null,null,null,null,null,null,null,null,null],"dailyEx":{"avg":null,"wave":null,"sunrise":null,"sunset":null}},{"weather":[1.24,23.4],"tide":[null,null,null,null,null,null,null,null,null,null,null,null,null,null,null,null,null,null,null,null,null,null,null,null],"dailyEx":{"avg":null,"wave":null,"sunrise":null,"sunset":null}}]}
ネーブルパーク 釣り堀,2026-10-05,{"hourly":[{"weather":[[1.64,16.97,0,0,6.35,null,null],[1.15,16.58,0,0,6.81,null,null],[1.15,16.34,0,0.04,7.07,null,null],[1.47,16.45,0,0.17,7.21,null,null],[1.89,17.74,0,5.54,8.11,null,null],[1,20,0,13.24,8.21,null,null],[1.53,21.84,0,19.91,6.79,null,null],[1.89,22.87,0,26.34,6.25,null,null],[1.89,22.53,0,24.46,5.16,null,null],[1.57,21.11,0,14.98,3.62,null,null],[1.04,20.25,0,11.97,3.84,null,null],[1.57,19.85,0,10.12,4.76,null,null]],"oneday":{"avg":null,"sunrise":null,"sunset":null},"tide":[null,null,null,null,null,null,null,null,null,null,null,null,null,null,null,null,null,null,null,null,null,null,null,null]},{"weather":[[0.96,19.63,0,8.78,5.18,null,null],[0.89,19.29,0,5.26,5.36,null,null],[0.89,18.51,0,3.89,4.32,null,null],[0.07,18.22,0,3.95,6.13,null,null],[1,20.59,0,3.85,5.78,null,null],[0.93,24.34,0,5.27,7.23,null,null],[2.75,25.82,0,8.15,8.21,null,null],[1.04,26.81,0,8.26,9.25,null,null],[1.53,25.67,0,7.71,10.86,null,null],[1.82,23.06,0,7.15,12.27,null,null],[1.66,21.34,0,3.33,11.93,null,null],[1.29,20.25,0,0.68,11.35,null,null]],"oneday":{"avg":null,"sunrise":null,"sunset":null},"tide":[null,null,null,null,null,null,null,null,null,null,null,null,null,null,null,null,null,null,null,null,null,null,null,null]},{"weather":[[0.77,19.54,0,0.25,11.69,null,null],[0.36,18.72,0,0.08,10.85,null,null],[0,17.96,0,0,9.32,null,null],[0.04,17.09,0,0,8.04,null,null],[0,19.65,0,0,9.41,null,null],[0,22.42,0,0,9.56,null,null],[0,24.5,0,0.17,8.65,null,null],[0,24.57,0,1.45,7.81,null,null],[0.36,22.39,0,3.04,8.85,null,null],[1.46,19.1,0,3.86,8.91,null,null],[0,17.83,0,8.25,7.43,null,null],[0.14,16.08,0,10.98,7.44,null,null]],"oneday":{"avg":null,"sunrise":null,"sunset":null},"tide":[null,null,null,null,null,null,null,null,null,null,null,null,null,null,null,null,null,null,null,null,null,null,null,null]}],"daily":[{"weather":[4.94,22.31],"tide":[null,null,null,null,null,null,null,null,null,null,null,null,null,null,null,null,null,null,null,null,null,null,null,null],"dailyEx":{"avg":null,"wave":null,"sunrise":null,"sunset":null}},{"weather":[0.33,22.83],"tide":[null,null,null,null,null,null,null,null,null,null,null,null,null,null,null,null,null,null,null,null,null,null,null,null],"dailyEx":{"avg":null,"wave":null,"sunrise":null,"sunset":null}},{"weather":[2.06,23.14],"tide":[null,null,null,null,null,null,null,null,null,null,null,null,null,null,null,null,null,null,null,null,null,null,null,null],"dailyEx":{"avg":null,"wave":null,"sunrise":null,"sunset":null}},{"weather":[0.08,23.44],"tide":[null,null,null,null,null,null,null,null,null,null,null,null,null,null,null,null,null,null,null,null,null,null,null,null],"dailyEx":{"avg":null,"wave":null,"sunrise":null,"sunset":null}},{"weather":[1.01,23.61],"tide":[null,null,null,null,null,null,null,null,null,null,null,null,null,null,null,null,null,null,null,null,null,null,null,null],"dailyEx":{"avg":null,"wave":null,"sunrise":null,"sunset":null}}]}
小堤フィッシィングセンター,2026-10-05,{"hourly":[{"weather":[[1.47,16.91,0,0,6.63,null,null],[1.08,16.51,0,0,7.04,null,null],[1.08,16.29,0,0.04,7.22,null,null],[1.57,16.45,0,0.17,7.68,null,null],[1.96,17.76,0,5.96,8.51,null,null],[1,20.12,0,14,8.81,null,null],[1.43,21.94,0,20.46,7.38,null,null],[1.96,22.98,0,25.93,6.87,null,null],[1.96,22.56,0,23.43,5.79,null,null],[1.47,21.06,0,13.81,3.95,null,null],[1.04,20.17,0,12.08,4.07,null,null],[1.47,19.79,0,10.57,4.95,null,null]],"oneday":{"avg":null,"sunrise":null,"sunset":null},"tide":[null,null,null,null,null,null,null,null,null,null,null,null,null,null,null,null,null,null,null,null,null,null,null,null]},{"weather":[[0.96,19.56,0,8.51,5.03,null,null],[0.96,19.19,0,5.13,5.05,null,null],[0.96,18.41,0,3.96,4.14,null,null],[0,18.08,0,4.08,6.13,null,null],[1,20.52,0,3.92,5.73,null,null],[1,24.22,0,5.34,7.13,null,null],[2.96,25.77,0,8.24,7.52,null,null],[1.04,26.93,0,8.42,8.69,null,null],[1.43,25.66,0,7.67,11.79,null,null],[1.96,23.02,0,6.83,13.26,null,null],[2.07,21.4,0,3.37,12.91,null,null],[1.53,20.35,0,0.78,12,null,null]],"oneday":{"avg":null,"sunrise":null,"sunset":null},"tide":[null,null,null,null,null,null,null,null,null,null,null,null,null,null,null,null,null,null,null,null,null,null,null,null]},{"weather":[[1.11,19.65,0,0.25,12,null,null],[0.53,18.8,0,0.08,10.34,null,null],[0,17.93,0,0,8.04,null,null],[0.04,16.93,0,0,7.32,null,null],[0,19.57,0,0,8.07,null,null],[0,22.38,0,0,7.78,null,null],[0,24.54,0,0.17,6.62,null,null],[0,24.53,0,1.63,6.46,null,null],[0.53,22.44,0,3.5,7.64,null,null],[1.43,19.21,0,4.29,10.67,null,null],[0,17.82,0,8.5,8.56,null,null],[0,15.97,0,11.06,8.05,null,null]],"oneday":{"avg":null,"sunrise":null,"sunset":null},"tide":[null,null,null,null,null,null,null,null,null,null,null,null,null,null,null,null,null,null,null,null,null,null,null,null]}],"daily":[{"weather":[5.02,22.22],"tide":[null,null,null,null,null,null,null,null,null,null,null,null,null,null,null,null,null,null,null,null,null,null,null,null],"dailyEx":{"avg":null,"wave":null,"sunrise":null,"sunset":null}},{"weather":[0.13,22.85],"tide":[null,null,null,null,null,null,null,null,null,null,null,null,null,null,null,null,null,null,null,null,null,null,null,null],"dailyEx":{"avg":null,"wave":null,"sunrise":null,"sunset":null}},{"weather":[1.93,23.16],"tide":[null,null,null,null,null,null,null,null,null,null,null,null,null,null,null,null,null,null,null,null,null,null,null,null],"dailyEx":{"avg":null,"wave":null,"sunrise":null,"sunset":null}},{"weather":[0.08,23.41],"tide":[null,null,null,null,null,null,null,null,null,null,null,null,null,null,null,null,null,null,null,null,null,null,null,null],"dailyEx":{"avg":null,"wave":null,"sunrise":null,"sunset":null}},{"weather":[1.08,23.56],"tide":[null,null,null,null,null,null,null,null,null,null,null,null,null,null,null,null,null,null,null,null,null,null,null,null],"dailyEx":{"avg":null,"wave":null,"sunrise":null,"sunset":null}}]}
弥五郎沼,2026-10-05,{"hourly":[{"weather":[[1.77,17.41,0,0,6.35,null,null],[1.11,16.96,0,0,6.68,null,null],[1.07,16.73,0,0,7.05,null,null],[1.36,16.81,0,0,7.09,null,null],[1.87,18.09,0,5.24,8.05,null,null],[1.06,20.23,0,12.68,7.92,null,null],[1.75,22.08,0,19.11,6.74,null,null],[1.93,23.07,0,25.24,6.2,null,null],[1.93,22.77,0,22.69,5.08,null,null],[1.68,21.44,0,12.39,3.6,null,null],[1,20.62,0,9.19,3.82,null,null],[1.75,20.27,0,8.17,4.81,null,null]],"oneday":{"avg":null,"sunrise":null,"sunset":null},"tide":[null,null,null,null,null,null,null,null,null,null,null,null,null,null,null,null,null,null,null,null,null,null,null,null]},{"weather":[[1.11,20.04,0,8.28,5.41,null,null],[0.98,19.71,0,5.03,5.62,null,null],[1.04,18.97,0,3.61,4.37,null,null],[0.18,18.73,0,3.65,6.06,null,null],[1,20.96,0,3.95,5.8,null,null],[1.15,24.48,0,5.04,7.26,null,null],[2.79,25.86,0,7.04,8.26,null,null],[1,26.94,0,5.91,9.44,null,null],[1.64,26.15,0,4.98,9.07,null,null],[1.75,23.62,0,5.11,10.32,null,null],[1.31,21.79,0,2.17,9.96,null,null],[1.18,20.61,0,0.3,9.61,null,null]],"oneday":{"avg":null,"sunrise":null,"sunset":null},"tide":[null,null,null,null,null,null,null,null,null,null,null,null,null,null,null,null,null,null,null,null,null,null,null,null]},{"weather":[[0.48,19.89,0,0.09,10.14,null,null],[0.29,19.08,0,0.04,10.25,null,null],[0.04,18.42,0,0,9.52,null,null],[0.09,17.59,0,0.09,7.69,null,null],[0.04,20.07,0,0.09,9.86,null,null],[0.04,22.75,0,0.04,10.25,null,null],[0,24.82,0,0,9.59,null,null],[0,24.93,0,0.38,8.03,null,null],[3.48,22.59,0.01,0.95,9.35,null,null],[1.46,19.21,0,1.41,6.75,null,null],[0,18.13,0,6.75,6.43,null,null],[0.25,16.53,0,10.35,6.85,null,null]],"oneday":{"avg":null,"sunrise":null,"sunset":null},"tide":[null,null,null,null,null,null,null,null,null,null,null,null,null,null,null,null,null,null,null,null,null,null,null,null]}],"daily":[{"weather":[2.93,22.66],"tide":[null,null,null,null,null,null,null,null,null,null,null,null,null,null,null,null,null,null,null,null,null,null,null,null],"dailyEx":{"avg":null,"wave":null,"sunrise":null,"sunset":null}},{"weather":[0.27,23.03],"tide":[null,null,null,null,null,null,null,null,null,null,null,null,null,null,null,null,null,null,null,null,null,null,null,null],"dailyEx":{"avg":null,"wave":null,"sunrise":null,"sunset":null}},{"weather":[2.38,23.37],"tide":[null,null,null,null,null,null,null,null,null,null,null,null,null,null,null,null,null,null,null,null,null,null,null,null],"dailyEx":{"avg":null,"wave":null,"sunrise":null,"sunset":null}},{"weather":[0.11,23.62],"tide":[null,null,null,null,null,null,null,null,null,null,null,null,null,null,null,null,null,null,null,null,null,null,null,null],"dailyEx":{"avg":null,"wave":null,"sunrise":null,"sunset":null}},{"weather":[1.06,23.67],"tide":[null,null,null,null,null,null,null,null,null,null,null,null,null,null,null,null,null,null,null,null,null,null,null,null],"dailyEx":{"avg":null,"wave":null,"sunrise":null,"sunset":null}}]}
母子島遊水地,2026-10-05,{"hourly":[{"weather":[[1.52,16.88,0,0,6.41,null,null],[1.06,16.5,0,0,6.9,null,null],[1.06,16.46,0,0,6.95,null,null],[1.88,16.8,0,0,7.83,null,null],[1.65,18.25,0,5.3,8.09,null,null],[1.35,20.47,0,11.57,8.14,null,null],[1.52,22.06,0,16.53,7.3,null,null],[2,22.62,0,21.64,7.36,null,null],[2,22.21,0,19.09,6.26,null,null],[1.12,20.84,0,9.66,4.44,null,null],[1,20.03,0,8.68,4.64,null,null],[1.47,19.7,0,8.56,4.93,null,null]],"oneday":{"avg":null,"sunrise":null,"sunset":null},"tide":[null,null,null,null,null,null,null,null,null,null,null,null,null,null,null,null,null,null,null,null,null,null,null,null]},{"weather":[[1.41,19.56,0,8.11,4.96,null,null],[1,19.23,0,4.76,4.81,null,null],[1.35,18.75,0,3.07,4.65,null,null],[0.35,18.53,0,3.53,5.62,null,null],[1,21.08,0,3.71,5.94,null,null],[1.81,23.86,0,4.59,6.11,null,null],[3,25.05,0,5.42,7.11,null,null],[1,26.12,0,4.94,8.97,null,null],[1.06,25.13,0,4,11.88,null,null],[1.54,22.74,0,3.53,12.86,null,null],[1.9,21.33,0,2.24,12.97,null,null],[1.83,20.4,0,0.65,11.33,null,null]],"oneday":{"avg":null,"sunrise":null,"sunset":null},"tide":[null,null,null,null,null,null,null,null,null,null,null,null,null,null,null,null,null,null,null,null,null,null,null,null]},{"weather":[[1.36,19.67,0,0,10.75,null,null],[0.83,18.87,0,0,8.9,null,null],[0,17.97,0,0,6.36,null,null],[0,16.56,0,0,5.62,null,null],[0,19.3,0,0,6.31,null,null],[0,22.13,0,0,5.52,null,null],[0,24.35,0,0,4.76,null,null],[0,24.22,0,1.52,5.49,null,null],[18.29,22.08,0.04,3.18,6.26,null,null],[0.71,18.86,0,4.01,10.67,null,null],[0,17.18,0,6.73,10.66,null,null],[0.35,15.61,0,8.32,8.07,null,null]],"oneday":{"avg":null,"sunrise":null,"sunset":null},"tide":[null,null,null,null,null,null,null,null,null,null,null,null,null,null,null,null,null,null,null,null,null,null,null,null]}],"daily":[{"weather":[3,22.1],"tide":[null,null,null,null,null,null,null,null,null,null,null,null,null,null,null,null,null,null,null,null,null,null,null,null],"dailyEx":{"avg":null,"wave":null,"sunrise":null,"sunset":null}},{"weather":[0.35,22.81],"tide":[null,null,null,null,null,null,null,null,null,null,null,null,null,null,null,null,null,null,null,null,null,null,null,null],"dailyEx":{"avg":null,"wave":null,"sunrise":null,"sunset":null}},{"weather":[1.93,22.86],"tide":[null,null,null,null,null,null,null,null,null,null,null,null,null,null,null,null,null,null,null,null,null,null,null,null],"dailyEx":{"avg":null,"wave":null,"sunrise":null,"sunset":null}},{"weather":[0.41,23.22],"tide":[null,null,null,null,null,null,null,null,null,null,null,null,null,null,null,null,null,null,null,null,null,null,null,null],"dailyEx":{"avg":null,"wave":null,"sunrise":null,"sunset":null}},{"weather":[1.81,22.92],"tide":[null,null,null,null,null,null,null,null,null,null,null,null,null,null,null,null,null,null,null,null,null,null,null,null],"dailyEx":{"avg":null,"wave":null,"sunrise":null,"sunset":null}}]}
弁天沼,2026-10-05,{"hourly":[{"weather":[[1.55,16.82,0,0,6.27,null,null],[1.09,16.44,0,0,6.81,null,null],[1.09,16.45,0,0,6.85,null,null],[1.92,16.81,0,0,7.73,null,null],[1.63,18.3,0,5.26,7.94,null,null],[1.37,20.5,0,11.22,7.96,null,null],[1.55,22.04,0,15.92,7.2,null,null],[2,22.54,0,21.1,7.32,null,null],[2,22.1,0,18.84,6.23,null,null],[1.08,20.75,0,9.75,4.46,null,null],[1,19.97,0,8.68,4.64,null,null],[1.45,19.62,0,8.52,4.86,null,null]],"oneday":{"avg":null,"sunrise":null,"sunset":null},"tide":[null,null,null,null,null,null,null,null,null,null,null,null,null,null,null,null,null,null,null,null,null,null,null,null]},{"weather":[[1.46,19.5,0,8.18,4.91,null,null],[1,19.19,0,4.81,4.79,null,null],[1.37,18.76,0,3.07,4.72,null,null],[0.37,18.6,0,3.62,5.65,null,null],[1,21.14,0,3.72,6.06,null,null],[1.93,23.76,0,4.54,6.09,null,null],[3,24.89,0,5.23,7.16,null,null],[1,25.87,0,4.88,9.06,null,null],[0.99,24.92,0,3.97,11.89,null,null],[1.44,22.57,0,3.42,12.8,null,null],[1.82,21.19,0,2.27,12.95,null,null],[1.83,20.28,0,0.73,11.31,null,null]],"oneday":{"avg":null,"sunrise":null,"sunset":null},"tide":[null,null,null,null,null,null,null,null,null,null,null,null,null,null,null,null,null,null,null,null,null,null,null,null]},{"weather":[[1.37,19.55,0,0,10.7,null,null],[0.83,18.77,0,0,8.91,null,null],[0,17.88,0,0,6.42,null,null],[0,16.48,0,0,5.67,null,null],[0,19.21,0,0,6.35,null,null],[0,22.03,0,0,5.5,null,null],[0,24.22,0,0,4.77,null,null],[0,24.07,0,1.57,5.57,null,null],[19.45,21.92,0.04,3.22,6.32,null,null],[0.62,18.68,0,4.05,10.76,null,null],[0,16.98,0,6.44,10.99,null,null],[0.37,15.46,0,7.85,8.28,null,null]],"oneday":{"avg":null,"sunrise":null,"sunset":null},"tide":[null,null,null,null,null,null,null,null,null,null,null,null,null,null,null,null,null,null,null,null,null,null,null,null]}],"daily":[{"weather":[3,22.05],"tide":[null,null,null,null,null,null,null,null,null,null,null,null,null,null,null,null,null,null,null,null,null,null,null,null],"dailyEx":{"avg":null,"wave":null,"sunrise":null,"sunset":null}},{"weather":[0.37,22.81],"tide":[null,null,null,null,null,null,null,null,null,null,null,null,null,null,null,null,null,null,null,null,null,null,null,null],"dailyEx":{"avg":null,"wave":null,"sunrise":null,"sunset":null}},{"weather":[1.91,22.78],"tide":[null,null,null,null,null,null,null,null,null,null,null,null,null,null,null,null,null,null,null,null,null,null,null,null],"dailyEx":{"avg":null,"wave":null,"sunrise":null,"sunset":null}},{"weather":[0.46,23.19],"tide":[null,null,null,null,null,null,null,null,null,null,null,null,null,null,null,null,null,null,null,null,null,null,null,null],"dailyEx":{"avg":null,"wave":null,"sunrise":null,"sunset":null}},{"weather":[1.93,22.87],"tide":[null,null,null,null,null,null,null,null,null,null,null,null,null,null,null,null,null,null,null,null,null,null,null,null],"dailyEx":{"avg":null,"wave":null,"sunrise":null,"sunset":null}}]}
五行川,2026-10-05,{"hourly":[{"weather":[[1.4,16.9,0,0,6.56,null,null],[1.06,16.51,0,0,7.04,null,null],[1.06,16.45,0,0,7.08,null,null],[1.91,16.78,0,0,8.09,null,null],[1.74,18.23,0,5.48,8.37,null,null],[1.26,20.59,0,12.12,8.54,null,null],[1.4,22.19,0,17.27,7.45,null,null],[2,22.83,0,22.38,7.42,null,null],[2,22.39,0,19.82,6.36,null,null],[1.09,20.94,0,10.37,4.41,null,null],[1,20.09,0,9.57,4.65,null,null],[1.35,19.71,0,9.18,5.02,null,null]],"oneday":{"avg":null,"sunrise":null,"sunset":null},"tide":[null,null,null,null,null,null,null,null,null,null,null,null,null,null,null,null,null,null,null,null,null,null,null,null]},{"weather":[[1.31,19.54,0,8.11,4.88,null,null],[1,19.17,0,4.85,4.74,null,null],[1.26,18.64,0,3.34,4.62,null,null],[0.26,18.38,0,3.7,5.8,null,null],[1,20.97,0,3.8,5.97,null,null],[1.63,23.98,0,4.69,6.42,null,null],[3,25.26,0,5.55,7.4,null,null],[1,26.35,0,4.97,9.24,null,null],[1.03,25.2,0,4.03,13.06,null,null],[1.63,22.77,0,3.66,14.03,null,null],[2.14,21.41,0,2.45,14.08,null,null],[1.85,20.51,0,0.76,12.34,null,null]],"oneday":{"avg":null,"sunrise":null,"sunset":null},"tide":[null,null,null,null,null,null,null,null,null,null,null,null,null,null,null,null,null,null,null,null,null,null,null,null]},{"weather":[[1.51,19.79,0,0,11.58,null,null],[0.85,18.98,0,0,9.09,null,null],[0,18.01,0,0,6.04,null,null],[0,16.62,0,0,5.69,null,null],[0,19.39,0,0,6.01,null,null],[0,22.26,0,0,5.25,null,null],[0,24.51,0,0,4.26,null,null],[0,24.33,0,1.37,5.53,null,null],[13.79,22.3,0.03,3.08,6.25,null,null],[0.78,19.09,0,3.94,12.17,null,null],[0,17.37,0,6.95,11.1,null,null],[0.26,15.68,0,8.64,8.58,null,null]],"oneday":{"avg":null,"sunrise":null,"sunset":null},"tide":[null,null,null,null,null,null,null,null,null,null,null,null,null,null,null,null,null,null,null,null,null,null,null,null]}],"daily":[{"weather":[3,22.18],"tide":[null,null,null,null,null,null,null,null,null,null,null,null,null,null,null,null,null,null,null,null,null,null,null,null],"dailyEx":{"avg":null,"wave":null,"sunrise":null,"sunset":null}},{"weather":[0.26,22.94],"tide":[null,null,null,null,null,null,null,null,null,null,null,null,null,null,null,null,null,null,null,null,null,null,null,null],"dailyEx":{"avg":null,"wave":null,"sunrise":null,"sunset":null}},{"weather":[1.7,23.06],"tide":[null,null,null,null,null,null,null,null,null,null,null,null,null,null,null,null,null,null,null,null,null,null,null,null],"dailyEx":{"avg":null,"wave":null,"sunrise":null,"sunset":null}},{"weather":[0.31,23.37],"tide":[null,null,null,null,null,null,null,null,null,null,null,null,null,null,null,null,null,null,null,null,null,null,null,null],"dailyEx":{"avg":null,"wave":null,"sunrise":null,"sunset":null}},{"weather":[1.63,23.2],"tide":[null,null,null,null,null,null,null,null,null,null,null,null,null,null,null,null,null,null,null,null,null,null,null,null],"dailyEx":{"avg":null,"wave":null,"sunrise":null,"sunset":null}}]}
久慈川大子周辺,2026-10-05,{"hourly":[{"weather":[[1.89,15.91,0,0,3.22,null,null],[1.93,15.61,0,0,4.49,null,null],[1.93,16.22,0,0,4.83,null,null],[1.81,16.6,0,0,5.44,null,null],[1.73,18.58,0.22,4.02,5.55,null,null],[1.19,20.72,1,6.92,5.16,null,null],[2,21.44,1.67,10.51,4.82,null,null],[1.89,21.62,2.22,16.77,4.88,null,null],[1.81,20.6,1.44,20.62,4.4,null,null],[1.11,19.51,1,19.87,3.68,null,null],[1,19.1,0.89,15.14,3.2,null,null],[1.19,18.27,1,11.07,3.04,null,null]],"oneday":{"avg":null,"sunrise":null,"sunset":null},"tide":[null,null,null,null,null,null,null,null,null,null,null,null,null,null,null,null,null,null,null,null,null,null,null,null]},{"weather":[[1.81,18.16,1.11,9.51,3.48,null,null],[1.11,18.29,1.11,6.97,4.27,null,null],[1.3,18.67,0.67,5.93,5.01,null,null],[0.38,19.31,0.44,7.05,6.91,null,null],[0.81,21.3,0.67,4.49,7.58,null,null],[2.61,22.28,0.56,3.56,7.8,null,null],[2.89,22.73,0.56,3.56,9.1,null,null],[1,22.06,0.67,4.6,10.45,null,null],[0.19,21.35,0.56,4.33,10.71,null,null],[0.19,19.6,0.33,3.02,11.04,null,null],[0.19,18.52,0.22,2.94,10.91,null,null],[0.88,17.93,0.22,2.06,10.83,null,null]],"oneday":{"avg":null,"sunrise":null,"sunset":null},"tide":[null,null,null,null,null,null,null,null,null,null,null,null,null,null,null,null,null,null,null,null,null,null,null,null]},{"weather":[[0.81,17.34,0.11,0,10.45,null,null],[0.07,16.78,0,0,10.48,null,null],[0,16.23,0,0,9.84,null,null],[0,16.02,0,0,8.88,null,null],[0,18.34,0,0,9.72,null,null],[0,20.86,0,0,9.16,null,null],[0,22.14,0,0,8.56,null,null],[0,21.64,0,0.23,9.92,null,null],[9.49,19.13,0.45,0.39,10.96,null,null],[0,15.38,0.67,0.45,12.29,null,null],[0,13.81,0.44,0.45,13.36,null,null],[0.07,13.12,0.11,1.07,12.26,null,null]],"oneday":{"avg":null,"sunrise":null,"sunset":null},"tide":[null,null,null,null,null,null,null,null,null,null,null,null,null,null,null,null,null,null,null,null,null,null,null,null]}],"daily":[{"weather":[7.95,21.57],"tide":[null,null,null,null,null,null,null,null,null,null,null,null,null,null,null,null,null,null,null,null,null,null,null,null],"dailyEx":{"avg":null,"wave":null,"sunrise":null,"sunset":null}},{"weather":[0.41,22.78],"tide":[null,null,null,null,null,null,null,null,null,null,null,null,null,null,null,null,null,null,null,null,null,null,null,null],"dailyEx":{"avg":null,"wave":null,"sunrise":null,"sunset":null}},{"weather":[1.04,21.98],"tide":[null,null,null,null,null,null,null,null,null,null,null,null,null,null,null,null,null,null,null,null,null,null,null,null],"dailyEx":{"avg":null,"wave":null,"sunrise":null,"sunset":null}},{"weather":[1.39,22.64],"tide":[null,null,null,null,null,null,null,null,null,null,null,null,null,null,null,null,null,null,null,null,null,null,null,null],"dailyEx":{"avg":null,"wave":null,"sunrise":null,"sunset":null}},{"weather":[2.67,23.15],"tide":[null,null,null,null,null,null,null,null,null,null,null,null,null,null,null,null,null,null,null,null,null,null,null,null],"dailyEx":{"avg":null,"wave":null,"sunrise":null,"sunset":null}}]}
久慈川大宮周辺,2026-10-05,{"hourly":[{"weather":[[1.56,17.56,0,0,4,null,null],[1.79,17.41,0,0,4.97,null,null],[1.71,17.79,0,0,5.13,null,null],[2,18.15,0,0,5.86,null,null],[1.77,19.62,0.77,2.94,6.13,null,null],[1.54,21.07,3.44,4.91,5.88,null,null],[1.87,21.82,5.73,6.72,5.63,null,null],[1.62,21.99,7.64,11.37,5.57,null,null],[2,21.42,4.96,13.05,4.9,null,null],[1.38,20.59,3.44,10.82,4.16,null,null],[1,20.23,3.05,8.5,3.75,null,null],[1.54,19.81,3.44,6.69,3.08,null,null]],"oneday":{"avg":null,"sunrise":null,"sunset":null},"tide":[null,null,null,null,null,null,null,null,null,null,null,null,null,null,null,null,null,null,null,null,null,null,null,null]},{"weather":[[1.87,19.59,3.82,6.05,3.22,null,null],[1.31,19.47,3.82,4.05,3.61,null,null],[1.84,19.67,2.29,3.04,3.76,null,null],[0.61,20.02,1.53,3.77,4.81,null,null],[1,22.13,2.29,2.87,5.3,null,null],[2.73,22.91,1.91,2.53,5.67,null,null],[2.47,23.39,1.91,2.29,7.35,null,null],[1,23.43,2.29,2.96,7.72,null,null],[0.67,22.95,1.91,2.82,7.74,null,null],[0.73,21.35,1.14,1.86,8.76,null,null],[0.79,20.33,0.77,1.64,8.58,null,null],[1.21,19.7,0.77,1.04,8.41,null,null]],"oneday":{"avg":null,"sunrise":null,"sunset":null},"tide":[null,null,null,null,null,null,null,null,null,null,null,null,null,null,null,null,null,null,null,null,null,null,null,null]},{"weather":[[0.98,19.01,0.38,0,8.07,null,null],[0.21,18.32,0,0,7.64,null,null],[0,17.61,0,0,6.73,null,null],[0,17.12,0,0,5.85,null,null],[0,19.54,0,0,6.38,null,null],[0,22.07,0,0,6.23,null,null],[0,23.37,0,0,5.62,null,null],[0,22.37,0,0.56,6.83,null,null],[27.61,20,1.54,1,6.49,null,null],[0.06,16.91,2.29,1.17,7.73,null,null],[0,15.06,1.53,1.4,8.42,null,null],[0.16,14.29,0.38,1.92,7.11,null,null]],"oneday":{"avg":null,"sunrise":null,"sunset":null},"tide":[null,null,null,null,null,null,null,null,null,null,null,null,null,null,null,null,null,null,null,null,null,null,null,null]}],"daily":[{"weather":[21.18,22.77],"tide":[null,null,null,null,null,null,null,null,null,null,null,null,null,null,null,null,null,null,null,null,null,null,null,null],"dailyEx":{"avg":null,"wave":null,"sunrise":null,"sunset":null}},{"weather":[1.38,22.11],"tide":[null,null,null,null,null,null,null,null,null,null,null,null,null,null,null,null,null,null,null,null,null,null,null,null],"dailyEx":{"avg":null,"wave":null,"sunrise":null,"sunset":null}},{"weather":[0.93,22.06],"tide":[null,null,null,null,null,null,null,null,null,null,null,null,null,null,null,null,null,null,null,null,null,null,null,null],"dailyEx":{"avg":null,"wave":null,"sunrise":null,"sunset":null}},{"weather":[0.87,22.71],"tide":[null,null,null,null,null,null,null,null,null,null,null,null,null,null,null,null,null,null,null,null,null,null,null,null],"dailyEx":{"avg":null,"wave":null,"sunrise":null,"sunset":null}},{"weather":[1.59,22.51],"tide":[null,null,null,null,null,null,null,null,null,null,null,null,null,null,null,null,null,null,null,null,null,null,null,null],"dailyEx":{"avg":null,"wave":null,"sunrise":null,"sunset":null}}]}
花園川,2026-10-05,{"hourly":[{"weather":[[1.12,15.64,0,0,3.66,null,null],[2,15.76,0,0,4.43,null,null],[2,16.2,0,0,4,null,null],[2,16.42,0,0,4.3,null,null],[1.7,18.26,1.5,0.72,4.54,null,null],[1.45,19.65,6.74,4.37,5.61,null,null],[2.3,19.98,11.83,11.18,5.58,null,null],[2.27,19.68,15.28,15,5.06,null,null],[2,19.18,11.51,16.46,4.54,null,null],[1.88,18.71,8.81,14.76,3.24,null,null],[2.15,18.69,7.76,11.6,3.5,null,null],[2.01,18.57,5.56,8.14,2.18,null,null]],"oneday":{"avg":null,"sunrise":null,"sunset":null},"tide":[null,null,null,null,null,null,null,null,null,null,null,null,null,null,null,null,null,null,null,null,null,null,null,null]},{"weather":[[2.13,18.29,3.95,4.61,2.56,null,null],[1.16,18.4,3.36,3.4,3.92,null,null],[2.04,18.9,3.31,3.7,4.1,null,null],[0.88,19.53,2.41,4.37,5.9,null,null],[1,21.56,1.54,3.58,5.95,null,null],[3,21.23,1.68,2.61,6.33,null,null],[2.12,21.68,2.27,1.33,7.26,null,null],[1,21.58,3.31,2.85,7.83,null,null],[0.88,20.9,3.16,3.28,8.4,null,null],[0.88,19.38,2.54,2.19,8.63,null,null],[0.16,18.34,1.5,2.19,8.82,null,null],[0.7,17.59,1.2,1.64,9.7,null,null]],"oneday":{"avg":null,"sunrise":null,"sunset":null},"tide":[null,null,null,null,null,null,null,null,null,null,null,null,null,null,null,null,null,null,null,null,null,null,null,null]},{"weather":[[0.28,16.98,0.45,0.85,10.47,null,null],[0,16.4,0,0.85,11.45,null,null],[0,15.93,0,0.43,11.37,null,null],[0,16.08,0,0,10.67,null,null],[0,18.28,0,0,9.34,null,null],[0,20.48,0,0,8.35,null,null],[0,21.67,0,0,7.33,null,null],[0,20.73,0,0.01,9.39,null,null],[8.08,18.03,0.63,0.02,10.36,null,null],[0,15.3,0.95,0,11.07,null,null],[0,13.7,0.63,0,10.63,null,null],[0,13.21,0.16,0.12,10.05,null,null]],"oneday":{"avg":null,"sunrise":null,"sunset":null},"tide":[null,null,null,null,null,null,null,null,null,null,null,null,null,null,null,null,null,null,null,null,null,null,null,null]}],"daily":[{"weather":[9.72,21.53],"tide":[null,null,null,null,null,null,null,null,null,null,null,null,null,null,null,null,null,null,null,null,null,null,null,null],"dailyEx":{"avg":null,"wave":null,"sunrise":null,"sunset":null}},{"weather":[1.06,20.29],"tide":[null,null,null,null,null,null,null,null,null,null,null,null,null,null,null,null,null,null,null,null,null,null,null,null],"dailyEx":{"avg":null,"wave":null,"sunrise":null,"sunset":null}},{"weather":[0.97,20.27],"tide":[null,null,null,null,null,null,null,null,null,null,null,null,null,null,null,null,null,null,null,null,null,null,null,null],"dailyEx":{"avg":null,"wave":null,"sunrise":null,"sunset":null}},{"weather":[1.85,20.7],"tide":[null,null,null,null,null,null,null,null,null,null,null,null,null,null,null,null,null,null,null,null,null,null,null,null],"dailyEx":{"avg":null,"wave":null,"sunrise":null,"sunset":null}},{"weather":[2.23,20.42],"tide":[null,null,null,null,null,null,null,null,null,null,null,null,null,null,null,null,null,null,null,null,null,null,null,null],"dailyEx":{"avg":null,"wave":null,"sunrise":null,"sunset":null}}]}
大北川,2026-10-05,{"hourly":[{"weather":[[1.15,15.87,0,0,3.65,null,null],[2,15.98,0,0,4.46,null,null],[2,16.42,0,0,4.08,null,null],[2,16.66,0,0,4.43,null,null],[1.74,18.45,1.44,0.91,4.67,null,null],[1.46,19.82,6.49,4.32,5.61,null,null],[2.26,20.16,11.35,10.52,5.59,null,null],[2.19,19.89,14.69,14.29,5.09,null,null],[2,19.38,10.94,15.83,4.56,null,null],[1.85,18.9,8.32,14.28,3.33,null,null],[2.04,18.87,7.34,11.19,3.5,null,null],[1.98,18.71,5.45,7.87,2.21,null,null]],"oneday":{"avg":null,"sunrise":null,"sunset":null},"tide":[null,null,null,null,null,null,null,null,null,null,null,null,null,null,null,null,null,null,null,null,null,null,null,null]},{"weather":[[2.13,18.43,4.08,4.62,2.56,null,null],[1.2,18.53,3.56,3.39,3.84,null,null],[2.05,19.02,3.29,3.62,4.03,null,null],[0.85,19.64,2.36,4.32,5.81,null,null],[1,21.64,1.72,3.47,5.89,null,null],[3,21.35,1.78,2.55,6.34,null,null],[2.15,21.79,2.3,1.38,7.29,null,null],[1,21.68,3.29,2.85,7.79,null,null],[0.85,21.04,3.09,3.24,8.28,null,null],[0.85,19.53,2.42,2.16,8.59,null,null],[0.2,18.51,1.44,2.16,8.75,null,null],[0.74,17.78,1.18,1.62,9.58,null,null]],"oneday":{"avg":null,"sunrise":null,"sunset":null},"tide":[null,null,null,null,null,null,null,null,null,null,null,null,null,null,null,null,null,null,null,null,null,null,null,null]},{"weather":[[0.35,17.16,0.46,0.78,10.25,null,null],[0,16.59,0,0.78,11.14,null,null],[0,16.09,0,0.39,10.98,null,null],[0,16.21,0,0,10.27,null,null],[0,18.41,0,0,9.12,null,null],[0,20.65,0,0,8.17,null,null],[0,21.82,0,0,7.13,null,null],[0,20.84,0,0.02,9.18,null,null],[10.18,18.17,0.8,0.02,10.04,null,null],[0,15.42,1.2,0,10.79,null,null],[0,13.8,0.8,0,10.4,null,null],[0,13.3,0.2,0.15,9.82,null,null]],"oneday":{"avg":null,"sunrise":null,"sunset":null},"tide":[null,null,null,null,null,null,null,null,null,null,null,null,null,null,null,null,null,null,null,null,null,null,null,null]}],"daily":[{"weather":[11.8,21.67],"tide":[null,null,null,null,null,null,null,null,null,null,null,null,null,null,null,null,null,null,null,null,null,null,null,null],"dailyEx":{"avg":null,"wave":null,"sunrise":null,"sunset":null}},{"weather":[1.12,20.46],"tide":[null,null,null,null,null,null,null,null,null,null,null,null,null,null,null,null,null,null,null,null,null,null,null,null],"dailyEx":{"avg":null,"wave":null,"sunrise":null,"sunset":null}},{"weather":[0.93,20.43],"tide":[null,null,null,null,null,null,null,null,null,null,null,null,null,null,null,null,null,null,null,null,null,null,null,null],"dailyEx":{"avg":null,"wave":null,"sunrise":null,"sunset":null}},{"weather":[1.78,20.88],"tide":[null,null,null,null,null,null,null,null,null,null,null,null,null,null,null,null,null,null,null,null,null,null,null,null],"dailyEx":{"avg":null,"wave":null,"sunrise":null,"sunset":null}},{"weather":[2.14,20.62],"tide":[null,null,null,null,null,null,null,null,null,null,null,null,null,null,null,null,null,null,null,null,null,null,null,null],"dailyEx":{"avg":null,"wave":null,"sunrise":null,"sunset":null}}]}
